solid OpenSCAD_Model
  facet normal -0.956938 -0.290293 0
    outer loop
      vertex -7.01841 0.593074 0.2
      vertex -7.19141 1.16336 3.24
      vertex -7.19141 1.16336 0.2
    endloop
  endfacet
  facet normal -0.956938 -0.290293 0
    outer loop
      vertex -7.19141 1.16336 3.24
      vertex -7.01841 0.593074 0.2
      vertex -7.01841 0.593074 3.24
    endloop
  endfacet
  facet normal -0.290291 0.956938 0
    outer loop
      vertex -8.83664 -2.80859 0.2
      vertex -9.40693 -2.98159 3.24
      vertex -8.83664 -2.80859 3.24
    endloop
  endfacet
  facet normal -0.290291 0.956938 0
    outer loop
      vertex -9.40693 -2.98159 3.24
      vertex -8.83664 -2.80859 0.2
      vertex -9.40693 -2.98159 0.2
    endloop
  endfacet
  facet normal 0.956938 -0.290293 0
    outer loop
      vertex -12.9816 0.593074 3.24
      vertex -12.8086 1.16336 0.2
      vertex -12.8086 1.16336 3.24
    endloop
  endfacet
  facet normal 0.956938 -0.290293 0
    outer loop
      vertex -12.8086 1.16336 0.2
      vertex -12.9816 0.593074 3.24
      vertex -12.9816 0.593074 0.2
    endloop
  endfacet
  facet normal 0.881937 -0.471367 0
    outer loop
      vertex -12.8086 1.16336 3.24
      vertex -12.5277 1.68893 0.2
      vertex -12.5277 1.68893 3.24
    endloop
  endfacet
  facet normal 0.881937 -0.471367 0
    outer loop
      vertex -12.5277 1.68893 0.2
      vertex -12.8086 1.16336 3.24
      vertex -12.8086 1.16336 0.2
    endloop
  endfacet
  facet normal -0.995185 0.0980127 0
    outer loop
      vertex -7.01841 -0.593074 0.2
      vertex -6.96 0 3.24
      vertex -6.96 0 0.2
    endloop
  endfacet
  facet normal -0.995185 0.0980127 0
    outer loop
      vertex -6.96 0 3.24
      vertex -7.01841 -0.593074 0.2
      vertex -7.01841 -0.593074 3.24
    endloop
  endfacet
  facet normal 0.772979 -0.634431 0
    outer loop
      vertex -12.5277 1.68893 3.24
      vertex -12.1496 2.1496 0.2
      vertex -12.1496 2.1496 3.24
    endloop
  endfacet
  facet normal 0.772979 -0.634431 0
    outer loop
      vertex -12.1496 2.1496 0.2
      vertex -12.5277 1.68893 3.24
      vertex -12.5277 1.68893 0.2
    endloop
  endfacet
  facet normal -0.881923 0.471393 0
    outer loop
      vertex -7.47233 -1.68893 0.2
      vertex -7.19141 -1.16336 3.24
      vertex -7.19141 -1.16336 0.2
    endloop
  endfacet
  facet normal -0.881923 0.471393 0
    outer loop
      vertex -7.19141 -1.16336 3.24
      vertex -7.47233 -1.68893 0.2
      vertex -7.47233 -1.68893 3.24
    endloop
  endfacet
  facet normal -0.0980133 0.995185 0
    outer loop
      vertex -9.40693 -2.98159 0.2
      vertex -10 -3.04 3.24
      vertex -9.40693 -2.98159 3.24
    endloop
  endfacet
  facet normal -0.0980133 0.995185 0
    outer loop
      vertex -10 -3.04 3.24
      vertex -9.40693 -2.98159 0.2
      vertex -10 -3.04 0.2
    endloop
  endfacet
  facet normal -0.995185 -0.0980127 0
    outer loop
      vertex -6.96 0 0.2
      vertex -7.01841 0.593074 3.24
      vertex -7.01841 0.593074 0.2
    endloop
  endfacet
  facet normal -0.995185 -0.0980127 0
    outer loop
      vertex -7.01841 0.593074 3.24
      vertex -6.96 0 0.2
      vertex -6.96 0 3.24
    endloop
  endfacet
  facet normal 0 0 1
    outer loop
      vertex -7.01841 0.593074 0.2
      vertex -7.01841 -0.593074 0.2
      vertex -6.96 0 0.2
    endloop
  endfacet
  facet normal 0 0 1
    outer loop
      vertex -7.19141 1.16336 0.2
      vertex -7.01841 -0.593074 0.2
      vertex -7.01841 0.593074 0.2
    endloop
  endfacet
  facet normal 0 0 1
    outer loop
      vertex -7.19141 1.16336 0.2
      vertex -7.19141 -1.16336 0.2
      vertex -7.01841 -0.593074 0.2
    endloop
  endfacet
  facet normal 0 0 1
    outer loop
      vertex -7.47233 1.68893 0.2
      vertex -7.19141 -1.16336 0.2
      vertex -7.19141 1.16336 0.2
    endloop
  endfacet
  facet normal 0 0 1
    outer loop
      vertex -7.47233 1.68893 0.2
      vertex -7.47233 -1.68893 0.2
      vertex -7.19141 -1.16336 0.2
    endloop
  endfacet
  facet normal 0 0 1
    outer loop
      vertex -7.8504 2.1496 0.2
      vertex -7.47233 -1.68893 0.2
      vertex -7.47233 1.68893 0.2
    endloop
  endfacet
  facet normal 0 0 1
    outer loop
      vertex -7.8504 2.1496 0.2
      vertex -7.8504 -2.1496 0.2
      vertex -7.47233 -1.68893 0.2
    endloop
  endfacet
  facet normal 0 0 1
    outer loop
      vertex -8.31107 2.52767 0.2
      vertex -7.8504 -2.1496 0.2
      vertex -7.8504 2.1496 0.2
    endloop
  endfacet
  facet normal 0 0 1
    outer loop
      vertex -8.31107 2.52767 0.2
      vertex -8.31107 -2.52767 0.2
      vertex -7.8504 -2.1496 0.2
    endloop
  endfacet
  facet normal 0 0 1
    outer loop
      vertex -8.83664 2.80859 0.2
      vertex -8.31107 -2.52767 0.2
      vertex -8.31107 2.52767 0.2
    endloop
  endfacet
  facet normal 0 0 1
    outer loop
      vertex -8.83664 2.80859 0.2
      vertex -8.83664 -2.80859 0.2
      vertex -8.31107 -2.52767 0.2
    endloop
  endfacet
  facet normal 0 0 1
    outer loop
      vertex -9.40693 2.98159 0.2
      vertex -8.83664 -2.80859 0.2
      vertex -8.83664 2.80859 0.2
    endloop
  endfacet
  facet normal 0 0 1
    outer loop
      vertex -9.40693 2.98159 0.2
      vertex -9.40693 -2.98159 0.2
      vertex -8.83664 -2.80859 0.2
    endloop
  endfacet
  facet normal 0 0 1
    outer loop
      vertex -10 3.04 0.2
      vertex -9.40693 -2.98159 0.2
      vertex -9.40693 2.98159 0.2
    endloop
  endfacet
  facet normal 0 0 1
    outer loop
      vertex -10 3.04 0.2
      vertex -10 -3.04 0.2
      vertex -9.40693 -2.98159 0.2
    endloop
  endfacet
  facet normal -0 0 1
    outer loop
      vertex -10.5931 2.98159 0.2
      vertex -10 -3.04 0.2
      vertex -10 3.04 0.2
    endloop
  endfacet
  facet normal 0 0 1
    outer loop
      vertex -10.5931 2.98159 0.2
      vertex -10.5931 -2.98159 0.2
      vertex -10 -3.04 0.2
    endloop
  endfacet
  facet normal -0 0 1
    outer loop
      vertex -11.1634 2.80859 0.2
      vertex -10.5931 -2.98159 0.2
      vertex -10.5931 2.98159 0.2
    endloop
  endfacet
  facet normal 0 0 1
    outer loop
      vertex -11.1634 2.80859 0.2
      vertex -11.1634 -2.80859 0.2
      vertex -10.5931 -2.98159 0.2
    endloop
  endfacet
  facet normal -0 0 1
    outer loop
      vertex -11.6889 2.52767 0.2
      vertex -11.1634 -2.80859 0.2
      vertex -11.1634 2.80859 0.2
    endloop
  endfacet
  facet normal 0 0 1
    outer loop
      vertex -11.6889 2.52767 0.2
      vertex -11.6889 -2.52767 0.2
      vertex -11.1634 -2.80859 0.2
    endloop
  endfacet
  facet normal -0 0 1
    outer loop
      vertex -12.1496 2.1496 0.2
      vertex -11.6889 -2.52767 0.2
      vertex -11.6889 2.52767 0.2
    endloop
  endfacet
  facet normal 0 0 1
    outer loop
      vertex -12.1496 2.1496 0.2
      vertex -12.1496 -2.1496 0.2
      vertex -11.6889 -2.52767 0.2
    endloop
  endfacet
  facet normal -0 0 1
    outer loop
      vertex -12.5277 1.68893 0.2
      vertex -12.1496 -2.1496 0.2
      vertex -12.1496 2.1496 0.2
    endloop
  endfacet
  facet normal 0 0 1
    outer loop
      vertex -12.5277 1.68893 0.2
      vertex -12.5277 -1.68893 0.2
      vertex -12.1496 -2.1496 0.2
    endloop
  endfacet
  facet normal -0 0 1
    outer loop
      vertex -12.8086 1.16336 0.2
      vertex -12.5277 -1.68893 0.2
      vertex -12.5277 1.68893 0.2
    endloop
  endfacet
  facet normal 0 0 1
    outer loop
      vertex -12.8086 1.16336 0.2
      vertex -12.8086 -1.16336 0.2
      vertex -12.5277 -1.68893 0.2
    endloop
  endfacet
  facet normal -0 0 1
    outer loop
      vertex -12.9816 0.593074 0.2
      vertex -12.8086 -1.16336 0.2
      vertex -12.8086 1.16336 0.2
    endloop
  endfacet
  facet normal 0 0 1
    outer loop
      vertex -12.9816 0.593074 0.2
      vertex -12.9816 -0.593074 0.2
      vertex -12.8086 -1.16336 0.2
    endloop
  endfacet
  facet normal 0 -0 1
    outer loop
      vertex -12.9816 -0.593074 0.2
      vertex -12.9816 0.593074 0.2
      vertex -13.04 0 0.2
    endloop
  endfacet
  facet normal 0.290287 0.95694 -0
    outer loop
      vertex -10.5931 -2.98159 0.2
      vertex -11.1634 -2.80859 3.24
      vertex -10.5931 -2.98159 3.24
    endloop
  endfacet
  facet normal 0.290287 0.95694 0
    outer loop
      vertex -11.1634 -2.80859 3.24
      vertex -10.5931 -2.98159 0.2
      vertex -11.1634 -2.80859 0.2
    endloop
  endfacet
  facet normal 0.471442 -0.881897 0
    outer loop
      vertex -11.6889 2.52767 0.2
      vertex -11.1634 2.80859 3.24
      vertex -11.6889 2.52767 3.24
    endloop
  endfacet
  facet normal 0.471442 -0.881897 0
    outer loop
      vertex -11.1634 2.80859 3.24
      vertex -11.6889 2.52767 0.2
      vertex -11.1634 2.80859 0.2
    endloop
  endfacet
  facet normal -0.881923 -0.471393 0
    outer loop
      vertex -7.19141 1.16336 0.2
      vertex -7.47233 1.68893 3.24
      vertex -7.47233 1.68893 0.2
    endloop
  endfacet
  facet normal -0.881923 -0.471393 0
    outer loop
      vertex -7.47233 1.68893 3.24
      vertex -7.19141 1.16336 0.2
      vertex -7.19141 1.16336 3.24
    endloop
  endfacet
  facet normal 0.0980084 -0.995186 0
    outer loop
      vertex -10.5931 2.98159 0.2
      vertex -10 3.04 3.24
      vertex -10.5931 2.98159 3.24
    endloop
  endfacet
  facet normal 0.0980084 -0.995186 0
    outer loop
      vertex -10 3.04 3.24
      vertex -10.5931 2.98159 0.2
      vertex -10 3.04 0.2
    endloop
  endfacet
  facet normal -0.471393 -0.881923 0
    outer loop
      vertex -8.83664 2.80859 0.2
      vertex -8.31107 2.52767 3.24
      vertex -8.83664 2.80859 3.24
    endloop
  endfacet
  facet normal -0.471393 -0.881923 -0
    outer loop
      vertex -8.31107 2.52767 3.24
      vertex -8.83664 2.80859 0.2
      vertex -8.31107 2.52767 0.2
    endloop
  endfacet
  facet normal -0.471393 0.881923 0
    outer loop
      vertex -8.31107 -2.52767 0.2
      vertex -8.83664 -2.80859 3.24
      vertex -8.31107 -2.52767 3.24
    endloop
  endfacet
  facet normal -0.471393 0.881923 0
    outer loop
      vertex -8.83664 -2.80859 3.24
      vertex -8.31107 -2.52767 0.2
      vertex -8.83664 -2.80859 0.2
    endloop
  endfacet
  facet normal 0.995187 0.097996 0
    outer loop
      vertex -12.9816 -0.593074 3.24
      vertex -13.04 0 0.2
      vertex -13.04 0 3.24
    endloop
  endfacet
  facet normal 0.995187 0.097996 0
    outer loop
      vertex -13.04 0 0.2
      vertex -12.9816 -0.593074 3.24
      vertex -12.9816 -0.593074 0.2
    endloop
  endfacet
  facet normal 0.634377 -0.773024 0
    outer loop
      vertex -12.1496 2.1496 0.2
      vertex -11.6889 2.52767 3.24
      vertex -12.1496 2.1496 3.24
    endloop
  endfacet
  facet normal 0.634377 -0.773024 0
    outer loop
      vertex -11.6889 2.52767 3.24
      vertex -12.1496 2.1496 0.2
      vertex -11.6889 2.52767 0.2
    endloop
  endfacet
  facet normal -0.634401 -0.773004 0
    outer loop
      vertex -8.31107 2.52767 0.2
      vertex -7.8504 2.1496 3.24
      vertex -8.31107 2.52767 3.24
    endloop
  endfacet
  facet normal -0.634401 -0.773004 -0
    outer loop
      vertex -7.8504 2.1496 3.24
      vertex -8.31107 2.52767 0.2
      vertex -7.8504 2.1496 0.2
    endloop
  endfacet
  facet normal 0.290287 -0.95694 0
    outer loop
      vertex -11.1634 2.80859 0.2
      vertex -10.5931 2.98159 3.24
      vertex -11.1634 2.80859 3.24
    endloop
  endfacet
  facet normal 0.290287 -0.95694 0
    outer loop
      vertex -10.5931 2.98159 3.24
      vertex -11.1634 2.80859 0.2
      vertex -10.5931 2.98159 0.2
    endloop
  endfacet
  facet normal 0.995187 -0.097996 0
    outer loop
      vertex -13.04 0 3.24
      vertex -12.9816 0.593074 0.2
      vertex -12.9816 0.593074 3.24
    endloop
  endfacet
  facet normal 0.995187 -0.097996 0
    outer loop
      vertex -12.9816 0.593074 0.2
      vertex -13.04 0 3.24
      vertex -13.04 0 0.2
    endloop
  endfacet
  facet normal 0.471442 0.881897 -0
    outer loop
      vertex -11.1634 -2.80859 0.2
      vertex -11.6889 -2.52767 3.24
      vertex -11.1634 -2.80859 3.24
    endloop
  endfacet
  facet normal 0.471442 0.881897 0
    outer loop
      vertex -11.6889 -2.52767 3.24
      vertex -11.1634 -2.80859 0.2
      vertex -11.6889 -2.52767 0.2
    endloop
  endfacet
  facet normal -0.290291 -0.956938 0
    outer loop
      vertex -9.40693 2.98159 0.2
      vertex -8.83664 2.80859 3.24
      vertex -9.40693 2.98159 3.24
    endloop
  endfacet
  facet normal -0.290291 -0.956938 -0
    outer loop
      vertex -8.83664 2.80859 3.24
      vertex -9.40693 2.98159 0.2
      vertex -8.83664 2.80859 0.2
    endloop
  endfacet
  facet normal -0.773004 -0.634401 0
    outer loop
      vertex -7.47233 1.68893 0.2
      vertex -7.8504 2.1496 3.24
      vertex -7.8504 2.1496 0.2
    endloop
  endfacet
  facet normal -0.773004 -0.634401 0
    outer loop
      vertex -7.8504 2.1496 3.24
      vertex -7.47233 1.68893 0.2
      vertex -7.47233 1.68893 3.24
    endloop
  endfacet
  facet normal -0.956938 0.290293 0
    outer loop
      vertex -7.19141 -1.16336 0.2
      vertex -7.01841 -0.593074 3.24
      vertex -7.01841 -0.593074 0.2
    endloop
  endfacet
  facet normal -0.956938 0.290293 0
    outer loop
      vertex -7.01841 -0.593074 3.24
      vertex -7.19141 -1.16336 0.2
      vertex -7.19141 -1.16336 3.24
    endloop
  endfacet
  facet normal -0.0980133 -0.995185 0
    outer loop
      vertex -10 3.04 0.2
      vertex -9.40693 2.98159 3.24
      vertex -10 3.04 3.24
    endloop
  endfacet
  facet normal -0.0980133 -0.995185 -0
    outer loop
      vertex -9.40693 2.98159 3.24
      vertex -10 3.04 0.2
      vertex -9.40693 2.98159 0.2
    endloop
  endfacet
  facet normal 0.881937 0.471367 0
    outer loop
      vertex -12.5277 -1.68893 3.24
      vertex -12.8086 -1.16336 0.2
      vertex -12.8086 -1.16336 3.24
    endloop
  endfacet
  facet normal 0.881937 0.471367 0
    outer loop
      vertex -12.8086 -1.16336 0.2
      vertex -12.5277 -1.68893 3.24
      vertex -12.5277 -1.68893 0.2
    endloop
  endfacet
  facet normal 0.772979 0.634431 0
    outer loop
      vertex -12.1496 -2.1496 3.24
      vertex -12.5277 -1.68893 0.2
      vertex -12.5277 -1.68893 3.24
    endloop
  endfacet
  facet normal 0.772979 0.634431 0
    outer loop
      vertex -12.5277 -1.68893 0.2
      vertex -12.1496 -2.1496 3.24
      vertex -12.1496 -2.1496 0.2
    endloop
  endfacet
  facet normal 0.956938 0.290293 0
    outer loop
      vertex -12.8086 -1.16336 3.24
      vertex -12.9816 -0.593074 0.2
      vertex -12.9816 -0.593074 3.24
    endloop
  endfacet
  facet normal 0.956938 0.290293 0
    outer loop
      vertex -12.9816 -0.593074 0.2
      vertex -12.8086 -1.16336 3.24
      vertex -12.8086 -1.16336 0.2
    endloop
  endfacet
  facet normal 0.634377 0.773024 -0
    outer loop
      vertex -11.6889 -2.52767 0.2
      vertex -12.1496 -2.1496 3.24
      vertex -11.6889 -2.52767 3.24
    endloop
  endfacet
  facet normal 0.634377 0.773024 0
    outer loop
      vertex -12.1496 -2.1496 3.24
      vertex -11.6889 -2.52767 0.2
      vertex -12.1496 -2.1496 0.2
    endloop
  endfacet
  facet normal -0.634401 0.773004 0
    outer loop
      vertex -7.8504 -2.1496 0.2
      vertex -8.31107 -2.52767 3.24
      vertex -7.8504 -2.1496 3.24
    endloop
  endfacet
  facet normal -0.634401 0.773004 0
    outer loop
      vertex -8.31107 -2.52767 3.24
      vertex -7.8504 -2.1496 0.2
      vertex -8.31107 -2.52767 0.2
    endloop
  endfacet
  facet normal -0.773004 0.634401 0
    outer loop
      vertex -7.8504 -2.1496 0.2
      vertex -7.47233 -1.68893 3.24
      vertex -7.47233 -1.68893 0.2
    endloop
  endfacet
  facet normal -0.773004 0.634401 0
    outer loop
      vertex -7.47233 -1.68893 3.24
      vertex -7.8504 -2.1496 0.2
      vertex -7.8504 -2.1496 3.24
    endloop
  endfacet
  facet normal 0.0980084 0.995186 -0
    outer loop
      vertex -10 -3.04 0.2
      vertex -10.5931 -2.98159 3.24
      vertex -10 -3.04 3.24
    endloop
  endfacet
  facet normal 0.0980084 0.995186 0
    outer loop
      vertex -10.5931 -2.98159 3.24
      vertex -10 -3.04 0.2
      vertex -10.5931 -2.98159 0.2
    endloop
  endfacet
  facet normal 0 0 -1
    outer loop
      vertex -7.01841 -0.593074 3.24
      vertex -7.01841 0.593074 3.24
      vertex -6.96 0 3.24
    endloop
  endfacet
  facet normal 0 0 -1
    outer loop
      vertex -7.19141 -1.16336 3.24
      vertex -7.01841 0.593074 3.24
      vertex -7.01841 -0.593074 3.24
    endloop
  endfacet
  facet normal 0 0 -1
    outer loop
      vertex -7.19141 -1.16336 3.24
      vertex -7.19141 1.16336 3.24
      vertex -7.01841 0.593074 3.24
    endloop
  endfacet
  facet normal 0 0 -1
    outer loop
      vertex -7.47233 -1.68893 3.24
      vertex -7.19141 1.16336 3.24
      vertex -7.19141 -1.16336 3.24
    endloop
  endfacet
  facet normal 0 0 -1
    outer loop
      vertex -7.47233 -1.68893 3.24
      vertex -7.47233 1.68893 3.24
      vertex -7.19141 1.16336 3.24
    endloop
  endfacet
  facet normal 0 0 -1
    outer loop
      vertex -7.8504 -2.1496 3.24
      vertex -7.47233 1.68893 3.24
      vertex -7.47233 -1.68893 3.24
    endloop
  endfacet
  facet normal 0 0 -1
    outer loop
      vertex -7.8504 -2.1496 3.24
      vertex -7.8504 2.1496 3.24
      vertex -7.47233 1.68893 3.24
    endloop
  endfacet
  facet normal 0 0 -1
    outer loop
      vertex -8.31107 -2.52767 3.24
      vertex -7.8504 2.1496 3.24
      vertex -7.8504 -2.1496 3.24
    endloop
  endfacet
  facet normal 0 0 -1
    outer loop
      vertex -8.31107 -2.52767 3.24
      vertex -8.31107 2.52767 3.24
      vertex -7.8504 2.1496 3.24
    endloop
  endfacet
  facet normal 0 0 -1
    outer loop
      vertex -8.83664 -2.80859 3.24
      vertex -8.31107 2.52767 3.24
      vertex -8.31107 -2.52767 3.24
    endloop
  endfacet
  facet normal 0 0 -1
    outer loop
      vertex -8.83664 -2.80859 3.24
      vertex -8.83664 2.80859 3.24
      vertex -8.31107 2.52767 3.24
    endloop
  endfacet
  facet normal 0 0 -1
    outer loop
      vertex -9.40693 -2.98159 3.24
      vertex -8.83664 2.80859 3.24
      vertex -8.83664 -2.80859 3.24
    endloop
  endfacet
  facet normal 0 0 -1
    outer loop
      vertex -9.40693 -2.98159 3.24
      vertex -9.40693 2.98159 3.24
      vertex -8.83664 2.80859 3.24
    endloop
  endfacet
  facet normal 0 0 -1
    outer loop
      vertex -10 -3.04 3.24
      vertex -9.40693 2.98159 3.24
      vertex -9.40693 -2.98159 3.24
    endloop
  endfacet
  facet normal 0 0 -1
    outer loop
      vertex -10 -3.04 3.24
      vertex -10 3.04 3.24
      vertex -9.40693 2.98159 3.24
    endloop
  endfacet
  facet normal 0 0 -1
    outer loop
      vertex -10.5931 -2.98159 3.24
      vertex -10 3.04 3.24
      vertex -10 -3.04 3.24
    endloop
  endfacet
  facet normal 0 0 -1
    outer loop
      vertex -10.5931 -2.98159 3.24
      vertex -10.5931 2.98159 3.24
      vertex -10 3.04 3.24
    endloop
  endfacet
  facet normal 0 0 -1
    outer loop
      vertex -11.1634 -2.80859 3.24
      vertex -10.5931 2.98159 3.24
      vertex -10.5931 -2.98159 3.24
    endloop
  endfacet
  facet normal 0 0 -1
    outer loop
      vertex -11.1634 -2.80859 3.24
      vertex -11.1634 2.80859 3.24
      vertex -10.5931 2.98159 3.24
    endloop
  endfacet
  facet normal 0 0 -1
    outer loop
      vertex -11.6889 -2.52767 3.24
      vertex -11.1634 2.80859 3.24
      vertex -11.1634 -2.80859 3.24
    endloop
  endfacet
  facet normal 0 0 -1
    outer loop
      vertex -11.6889 -2.52767 3.24
      vertex -11.6889 2.52767 3.24
      vertex -11.1634 2.80859 3.24
    endloop
  endfacet
  facet normal 0 0 -1
    outer loop
      vertex -12.1496 -2.1496 3.24
      vertex -11.6889 2.52767 3.24
      vertex -11.6889 -2.52767 3.24
    endloop
  endfacet
  facet normal 0 0 -1
    outer loop
      vertex -12.1496 -2.1496 3.24
      vertex -12.1496 2.1496 3.24
      vertex -11.6889 2.52767 3.24
    endloop
  endfacet
  facet normal 0 0 -1
    outer loop
      vertex -12.5277 -1.68893 3.24
      vertex -12.1496 2.1496 3.24
      vertex -12.1496 -2.1496 3.24
    endloop
  endfacet
  facet normal 0 0 -1
    outer loop
      vertex -12.5277 -1.68893 3.24
      vertex -12.5277 1.68893 3.24
      vertex -12.1496 2.1496 3.24
    endloop
  endfacet
  facet normal 0 0 -1
    outer loop
      vertex -12.8086 -1.16336 3.24
      vertex -12.5277 1.68893 3.24
      vertex -12.5277 -1.68893 3.24
    endloop
  endfacet
  facet normal 0 0 -1
    outer loop
      vertex -12.8086 -1.16336 3.24
      vertex -12.8086 1.16336 3.24
      vertex -12.5277 1.68893 3.24
    endloop
  endfacet
  facet normal 0 0 -1
    outer loop
      vertex -12.9816 -0.593074 3.24
      vertex -12.8086 1.16336 3.24
      vertex -12.8086 -1.16336 3.24
    endloop
  endfacet
  facet normal 0 0 -1
    outer loop
      vertex -12.9816 -0.593074 3.24
      vertex -12.9816 0.593074 3.24
      vertex -12.8086 1.16336 3.24
    endloop
  endfacet
  facet normal 0 -0 -1
    outer loop
      vertex -12.9816 0.593074 3.24
      vertex -12.9816 -0.593074 3.24
      vertex -13.04 0 3.24
    endloop
  endfacet
  facet normal 0.881923 -0.471393 0
    outer loop
      vertex 7.19141 1.16336 3.24
      vertex 7.47233 1.68893 0.2
      vertex 7.47233 1.68893 3.24
    endloop
  endfacet
  facet normal 0.881923 -0.471393 0
    outer loop
      vertex 7.47233 1.68893 0.2
      vertex 7.19141 1.16336 3.24
      vertex 7.19141 1.16336 0.2
    endloop
  endfacet
  facet normal 0.995185 -0.0980127 0
    outer loop
      vertex 6.96 0 3.24
      vertex 7.01841 0.593074 0.2
      vertex 7.01841 0.593074 3.24
    endloop
  endfacet
  facet normal 0.995185 -0.0980127 0
    outer loop
      vertex 7.01841 0.593074 0.2
      vertex 6.96 0 3.24
      vertex 6.96 0 0.2
    endloop
  endfacet
  facet normal -0.956938 -0.290293 0
    outer loop
      vertex 12.9816 0.593074 0.2
      vertex 12.8086 1.16336 3.24
      vertex 12.8086 1.16336 0.2
    endloop
  endfacet
  facet normal -0.956938 -0.290293 0
    outer loop
      vertex 12.8086 1.16336 3.24
      vertex 12.9816 0.593074 0.2
      vertex 12.9816 0.593074 3.24
    endloop
  endfacet
  facet normal -0.290287 0.95694 0
    outer loop
      vertex 11.1634 -2.80859 0.2
      vertex 10.5931 -2.98159 3.24
      vertex 11.1634 -2.80859 3.24
    endloop
  endfacet
  facet normal -0.290287 0.95694 0
    outer loop
      vertex 10.5931 -2.98159 3.24
      vertex 11.1634 -2.80859 0.2
      vertex 10.5931 -2.98159 0.2
    endloop
  endfacet
  facet normal -0.0980084 -0.995186 0
    outer loop
      vertex 10 3.04 0.2
      vertex 10.5931 2.98159 3.24
      vertex 10 3.04 3.24
    endloop
  endfacet
  facet normal -0.0980084 -0.995186 -0
    outer loop
      vertex 10.5931 2.98159 3.24
      vertex 10 3.04 0.2
      vertex 10.5931 2.98159 0.2
    endloop
  endfacet
  facet normal -0.995187 0.097996 0
    outer loop
      vertex 12.9816 -0.593074 0.2
      vertex 13.04 0 3.24
      vertex 13.04 0 0.2
    endloop
  endfacet
  facet normal -0.995187 0.097996 0
    outer loop
      vertex 13.04 0 3.24
      vertex 12.9816 -0.593074 0.2
      vertex 12.9816 -0.593074 3.24
    endloop
  endfacet
  facet normal -0.881937 0.471367 0
    outer loop
      vertex 12.5277 -1.68893 0.2
      vertex 12.8086 -1.16336 3.24
      vertex 12.8086 -1.16336 0.2
    endloop
  endfacet
  facet normal -0.881937 0.471367 0
    outer loop
      vertex 12.8086 -1.16336 3.24
      vertex 12.5277 -1.68893 0.2
      vertex 12.5277 -1.68893 3.24
    endloop
  endfacet
  facet normal -0.0980084 0.995186 0
    outer loop
      vertex 10.5931 -2.98159 0.2
      vertex 10 -3.04 3.24
      vertex 10.5931 -2.98159 3.24
    endloop
  endfacet
  facet normal -0.0980084 0.995186 0
    outer loop
      vertex 10 -3.04 3.24
      vertex 10.5931 -2.98159 0.2
      vertex 10 -3.04 0.2
    endloop
  endfacet
  facet normal 0.290291 0.956938 -0
    outer loop
      vertex 9.40693 -2.98159 0.2
      vertex 8.83664 -2.80859 3.24
      vertex 9.40693 -2.98159 3.24
    endloop
  endfacet
  facet normal 0.290291 0.956938 0
    outer loop
      vertex 8.83664 -2.80859 3.24
      vertex 9.40693 -2.98159 0.2
      vertex 8.83664 -2.80859 0.2
    endloop
  endfacet
  facet normal -0.995187 -0.097996 0
    outer loop
      vertex 13.04 0 0.2
      vertex 12.9816 0.593074 3.24
      vertex 12.9816 0.593074 0.2
    endloop
  endfacet
  facet normal -0.995187 -0.097996 0
    outer loop
      vertex 12.9816 0.593074 3.24
      vertex 13.04 0 0.2
      vertex 13.04 0 3.24
    endloop
  endfacet
  facet normal 0.773004 0.634401 0
    outer loop
      vertex 7.8504 -2.1496 3.24
      vertex 7.47233 -1.68893 0.2
      vertex 7.47233 -1.68893 3.24
    endloop
  endfacet
  facet normal 0.773004 0.634401 0
    outer loop
      vertex 7.47233 -1.68893 0.2
      vertex 7.8504 -2.1496 3.24
      vertex 7.8504 -2.1496 0.2
    endloop
  endfacet
  facet normal -0.881937 -0.471367 0
    outer loop
      vertex 12.8086 1.16336 0.2
      vertex 12.5277 1.68893 3.24
      vertex 12.5277 1.68893 0.2
    endloop
  endfacet
  facet normal -0.881937 -0.471367 0
    outer loop
      vertex 12.5277 1.68893 3.24
      vertex 12.8086 1.16336 0.2
      vertex 12.8086 1.16336 3.24
    endloop
  endfacet
  facet normal 0.0980133 0.995185 -0
    outer loop
      vertex 10 -3.04 0.2
      vertex 9.40693 -2.98159 3.24
      vertex 10 -3.04 3.24
    endloop
  endfacet
  facet normal 0.0980133 0.995185 0
    outer loop
      vertex 9.40693 -2.98159 3.24
      vertex 10 -3.04 0.2
      vertex 9.40693 -2.98159 0.2
    endloop
  endfacet
  facet normal -0.471442 -0.881897 0
    outer loop
      vertex 11.1634 2.80859 0.2
      vertex 11.6889 2.52767 3.24
      vertex 11.1634 2.80859 3.24
    endloop
  endfacet
  facet normal -0.471442 -0.881897 -0
    outer loop
      vertex 11.6889 2.52767 3.24
      vertex 11.1634 2.80859 0.2
      vertex 11.6889 2.52767 0.2
    endloop
  endfacet
  facet normal -0.956938 0.290293 0
    outer loop
      vertex 12.8086 -1.16336 0.2
      vertex 12.9816 -0.593074 3.24
      vertex 12.9816 -0.593074 0.2
    endloop
  endfacet
  facet normal -0.956938 0.290293 0
    outer loop
      vertex 12.9816 -0.593074 3.24
      vertex 12.8086 -1.16336 0.2
      vertex 12.8086 -1.16336 3.24
    endloop
  endfacet
  facet normal 0.634401 0.773004 -0
    outer loop
      vertex 8.31107 -2.52767 0.2
      vertex 7.8504 -2.1496 3.24
      vertex 8.31107 -2.52767 3.24
    endloop
  endfacet
  facet normal 0.634401 0.773004 0
    outer loop
      vertex 7.8504 -2.1496 3.24
      vertex 8.31107 -2.52767 0.2
      vertex 7.8504 -2.1496 0.2
    endloop
  endfacet
  facet normal 0.290291 -0.956938 0
    outer loop
      vertex 8.83664 2.80859 0.2
      vertex 9.40693 2.98159 3.24
      vertex 8.83664 2.80859 3.24
    endloop
  endfacet
  facet normal 0.290291 -0.956938 0
    outer loop
      vertex 9.40693 2.98159 3.24
      vertex 8.83664 2.80859 0.2
      vertex 9.40693 2.98159 0.2
    endloop
  endfacet
  facet normal 0.0980133 -0.995185 0
    outer loop
      vertex 9.40693 2.98159 0.2
      vertex 10 3.04 3.24
      vertex 9.40693 2.98159 3.24
    endloop
  endfacet
  facet normal 0.0980133 -0.995185 0
    outer loop
      vertex 10 3.04 3.24
      vertex 9.40693 2.98159 0.2
      vertex 10 3.04 0.2
    endloop
  endfacet
  facet normal -0.634377 -0.773024 0
    outer loop
      vertex 11.6889 2.52767 0.2
      vertex 12.1496 2.1496 3.24
      vertex 11.6889 2.52767 3.24
    endloop
  endfacet
  facet normal -0.634377 -0.773024 -0
    outer loop
      vertex 12.1496 2.1496 3.24
      vertex 11.6889 2.52767 0.2
      vertex 12.1496 2.1496 0.2
    endloop
  endfacet
  facet normal 0.773004 -0.634401 0
    outer loop
      vertex 7.47233 1.68893 3.24
      vertex 7.8504 2.1496 0.2
      vertex 7.8504 2.1496 3.24
    endloop
  endfacet
  facet normal 0.773004 -0.634401 0
    outer loop
      vertex 7.8504 2.1496 0.2
      vertex 7.47233 1.68893 3.24
      vertex 7.47233 1.68893 0.2
    endloop
  endfacet
  facet normal 0.956938 0.290293 0
    outer loop
      vertex 7.19141 -1.16336 3.24
      vertex 7.01841 -0.593074 0.2
      vertex 7.01841 -0.593074 3.24
    endloop
  endfacet
  facet normal 0.956938 0.290293 0
    outer loop
      vertex 7.01841 -0.593074 0.2
      vertex 7.19141 -1.16336 3.24
      vertex 7.19141 -1.16336 0.2
    endloop
  endfacet
  facet normal 0.634401 -0.773004 0
    outer loop
      vertex 7.8504 2.1496 0.2
      vertex 8.31107 2.52767 3.24
      vertex 7.8504 2.1496 3.24
    endloop
  endfacet
  facet normal 0.634401 -0.773004 0
    outer loop
      vertex 8.31107 2.52767 3.24
      vertex 7.8504 2.1496 0.2
      vertex 8.31107 2.52767 0.2
    endloop
  endfacet
  facet normal -0.772979 -0.634431 0
    outer loop
      vertex 12.5277 1.68893 0.2
      vertex 12.1496 2.1496 3.24
      vertex 12.1496 2.1496 0.2
    endloop
  endfacet
  facet normal -0.772979 -0.634431 0
    outer loop
      vertex 12.1496 2.1496 3.24
      vertex 12.5277 1.68893 0.2
      vertex 12.5277 1.68893 3.24
    endloop
  endfacet
  facet normal 0.995185 0.0980127 0
    outer loop
      vertex 7.01841 -0.593074 3.24
      vertex 6.96 0 0.2
      vertex 6.96 0 3.24
    endloop
  endfacet
  facet normal 0.995185 0.0980127 0
    outer loop
      vertex 6.96 0 0.2
      vertex 7.01841 -0.593074 3.24
      vertex 7.01841 -0.593074 0.2
    endloop
  endfacet
  facet normal 0.471393 -0.881923 0
    outer loop
      vertex 8.31107 2.52767 0.2
      vertex 8.83664 2.80859 3.24
      vertex 8.31107 2.52767 3.24
    endloop
  endfacet
  facet normal 0.471393 -0.881923 0
    outer loop
      vertex 8.83664 2.80859 3.24
      vertex 8.31107 2.52767 0.2
      vertex 8.83664 2.80859 0.2
    endloop
  endfacet
  facet normal -0.471442 0.881897 0
    outer loop
      vertex 11.6889 -2.52767 0.2
      vertex 11.1634 -2.80859 3.24
      vertex 11.6889 -2.52767 3.24
    endloop
  endfacet
  facet normal -0.471442 0.881897 0
    outer loop
      vertex 11.1634 -2.80859 3.24
      vertex 11.6889 -2.52767 0.2
      vertex 11.1634 -2.80859 0.2
    endloop
  endfacet
  facet normal 0.881923 0.471393 0
    outer loop
      vertex 7.47233 -1.68893 3.24
      vertex 7.19141 -1.16336 0.2
      vertex 7.19141 -1.16336 3.24
    endloop
  endfacet
  facet normal 0.881923 0.471393 0
    outer loop
      vertex 7.19141 -1.16336 0.2
      vertex 7.47233 -1.68893 3.24
      vertex 7.47233 -1.68893 0.2
    endloop
  endfacet
  facet normal 0.471393 0.881923 -0
    outer loop
      vertex 8.83664 -2.80859 0.2
      vertex 8.31107 -2.52767 3.24
      vertex 8.83664 -2.80859 3.24
    endloop
  endfacet
  facet normal 0.471393 0.881923 0
    outer loop
      vertex 8.31107 -2.52767 3.24
      vertex 8.83664 -2.80859 0.2
      vertex 8.31107 -2.52767 0.2
    endloop
  endfacet
  facet normal 0 0 -1
    outer loop
      vertex 12.9816 -0.593074 3.24
      vertex 12.9816 0.593074 3.24
      vertex 13.04 0 3.24
    endloop
  endfacet
  facet normal 0 0 -1
    outer loop
      vertex 12.8086 -1.16336 3.24
      vertex 12.9816 0.593074 3.24
      vertex 12.9816 -0.593074 3.24
    endloop
  endfacet
  facet normal 0 0 -1
    outer loop
      vertex 12.8086 -1.16336 3.24
      vertex 12.8086 1.16336 3.24
      vertex 12.9816 0.593074 3.24
    endloop
  endfacet
  facet normal 0 0 -1
    outer loop
      vertex 12.5277 -1.68893 3.24
      vertex 12.8086 1.16336 3.24
      vertex 12.8086 -1.16336 3.24
    endloop
  endfacet
  facet normal 0 0 -1
    outer loop
      vertex 12.5277 -1.68893 3.24
      vertex 12.5277 1.68893 3.24
      vertex 12.8086 1.16336 3.24
    endloop
  endfacet
  facet normal 0 0 -1
    outer loop
      vertex 12.1496 -2.1496 3.24
      vertex 12.5277 1.68893 3.24
      vertex 12.5277 -1.68893 3.24
    endloop
  endfacet
  facet normal 0 0 -1
    outer loop
      vertex 12.1496 -2.1496 3.24
      vertex 12.1496 2.1496 3.24
      vertex 12.5277 1.68893 3.24
    endloop
  endfacet
  facet normal 0 0 -1
    outer loop
      vertex 11.6889 -2.52767 3.24
      vertex 12.1496 2.1496 3.24
      vertex 12.1496 -2.1496 3.24
    endloop
  endfacet
  facet normal 0 0 -1
    outer loop
      vertex 11.6889 -2.52767 3.24
      vertex 11.6889 2.52767 3.24
      vertex 12.1496 2.1496 3.24
    endloop
  endfacet
  facet normal 0 0 -1
    outer loop
      vertex 11.1634 -2.80859 3.24
      vertex 11.6889 2.52767 3.24
      vertex 11.6889 -2.52767 3.24
    endloop
  endfacet
  facet normal 0 0 -1
    outer loop
      vertex 11.1634 -2.80859 3.24
      vertex 11.1634 2.80859 3.24
      vertex 11.6889 2.52767 3.24
    endloop
  endfacet
  facet normal 0 0 -1
    outer loop
      vertex 10.5931 -2.98159 3.24
      vertex 11.1634 2.80859 3.24
      vertex 11.1634 -2.80859 3.24
    endloop
  endfacet
  facet normal 0 0 -1
    outer loop
      vertex 10.5931 -2.98159 3.24
      vertex 10.5931 2.98159 3.24
      vertex 11.1634 2.80859 3.24
    endloop
  endfacet
  facet normal 0 0 -1
    outer loop
      vertex 10 -3.04 3.24
      vertex 10.5931 2.98159 3.24
      vertex 10.5931 -2.98159 3.24
    endloop
  endfacet
  facet normal 0 0 -1
    outer loop
      vertex 10 -3.04 3.24
      vertex 10 3.04 3.24
      vertex 10.5931 2.98159 3.24
    endloop
  endfacet
  facet normal 0 0 -1
    outer loop
      vertex 9.40693 -2.98159 3.24
      vertex 10 3.04 3.24
      vertex 10 -3.04 3.24
    endloop
  endfacet
  facet normal 0 0 -1
    outer loop
      vertex 9.40693 -2.98159 3.24
      vertex 9.40693 2.98159 3.24
      vertex 10 3.04 3.24
    endloop
  endfacet
  facet normal 0 0 -1
    outer loop
      vertex 8.83664 -2.80859 3.24
      vertex 9.40693 2.98159 3.24
      vertex 9.40693 -2.98159 3.24
    endloop
  endfacet
  facet normal 0 0 -1
    outer loop
      vertex 8.83664 -2.80859 3.24
      vertex 8.83664 2.80859 3.24
      vertex 9.40693 2.98159 3.24
    endloop
  endfacet
  facet normal 0 0 -1
    outer loop
      vertex 8.31107 -2.52767 3.24
      vertex 8.83664 2.80859 3.24
      vertex 8.83664 -2.80859 3.24
    endloop
  endfacet
  facet normal 0 0 -1
    outer loop
      vertex 8.31107 -2.52767 3.24
      vertex 8.31107 2.52767 3.24
      vertex 8.83664 2.80859 3.24
    endloop
  endfacet
  facet normal 0 0 -1
    outer loop
      vertex 7.8504 -2.1496 3.24
      vertex 8.31107 2.52767 3.24
      vertex 8.31107 -2.52767 3.24
    endloop
  endfacet
  facet normal 0 0 -1
    outer loop
      vertex 7.8504 -2.1496 3.24
      vertex 7.8504 2.1496 3.24
      vertex 8.31107 2.52767 3.24
    endloop
  endfacet
  facet normal 0 0 -1
    outer loop
      vertex 7.47233 -1.68893 3.24
      vertex 7.8504 2.1496 3.24
      vertex 7.8504 -2.1496 3.24
    endloop
  endfacet
  facet normal 0 0 -1
    outer loop
      vertex 7.47233 -1.68893 3.24
      vertex 7.47233 1.68893 3.24
      vertex 7.8504 2.1496 3.24
    endloop
  endfacet
  facet normal 0 0 -1
    outer loop
      vertex 7.19141 -1.16336 3.24
      vertex 7.47233 1.68893 3.24
      vertex 7.47233 -1.68893 3.24
    endloop
  endfacet
  facet normal 0 0 -1
    outer loop
      vertex 7.19141 -1.16336 3.24
      vertex 7.19141 1.16336 3.24
      vertex 7.47233 1.68893 3.24
    endloop
  endfacet
  facet normal 0 0 -1
    outer loop
      vertex 7.01841 -0.593074 3.24
      vertex 7.19141 1.16336 3.24
      vertex 7.19141 -1.16336 3.24
    endloop
  endfacet
  facet normal 0 0 -1
    outer loop
      vertex 7.01841 -0.593074 3.24
      vertex 7.01841 0.593074 3.24
      vertex 7.19141 1.16336 3.24
    endloop
  endfacet
  facet normal 0 -0 -1
    outer loop
      vertex 7.01841 0.593074 3.24
      vertex 7.01841 -0.593074 3.24
      vertex 6.96 0 3.24
    endloop
  endfacet
  facet normal -0.290287 -0.95694 0
    outer loop
      vertex 10.5931 2.98159 0.2
      vertex 11.1634 2.80859 3.24
      vertex 10.5931 2.98159 3.24
    endloop
  endfacet
  facet normal -0.290287 -0.95694 -0
    outer loop
      vertex 11.1634 2.80859 3.24
      vertex 10.5931 2.98159 0.2
      vertex 11.1634 2.80859 0.2
    endloop
  endfacet
  facet normal 0.956938 -0.290293 0
    outer loop
      vertex 7.01841 0.593074 3.24
      vertex 7.19141 1.16336 0.2
      vertex 7.19141 1.16336 3.24
    endloop
  endfacet
  facet normal 0.956938 -0.290293 0
    outer loop
      vertex 7.19141 1.16336 0.2
      vertex 7.01841 0.593074 3.24
      vertex 7.01841 0.593074 0.2
    endloop
  endfacet
  facet normal 0 0 1
    outer loop
      vertex 12.9816 0.593074 0.2
      vertex 12.9816 -0.593074 0.2
      vertex 13.04 0 0.2
    endloop
  endfacet
  facet normal 0 0 1
    outer loop
      vertex 12.8086 1.16336 0.2
      vertex 12.9816 -0.593074 0.2
      vertex 12.9816 0.593074 0.2
    endloop
  endfacet
  facet normal 0 0 1
    outer loop
      vertex 12.8086 1.16336 0.2
      vertex 12.8086 -1.16336 0.2
      vertex 12.9816 -0.593074 0.2
    endloop
  endfacet
  facet normal 0 0 1
    outer loop
      vertex 12.5277 1.68893 0.2
      vertex 12.8086 -1.16336 0.2
      vertex 12.8086 1.16336 0.2
    endloop
  endfacet
  facet normal 0 0 1
    outer loop
      vertex 12.5277 1.68893 0.2
      vertex 12.5277 -1.68893 0.2
      vertex 12.8086 -1.16336 0.2
    endloop
  endfacet
  facet normal 0 0 1
    outer loop
      vertex 12.1496 2.1496 0.2
      vertex 12.5277 -1.68893 0.2
      vertex 12.5277 1.68893 0.2
    endloop
  endfacet
  facet normal 0 0 1
    outer loop
      vertex 12.1496 2.1496 0.2
      vertex 12.1496 -2.1496 0.2
      vertex 12.5277 -1.68893 0.2
    endloop
  endfacet
  facet normal 0 0 1
    outer loop
      vertex 11.6889 2.52767 0.2
      vertex 12.1496 -2.1496 0.2
      vertex 12.1496 2.1496 0.2
    endloop
  endfacet
  facet normal 0 0 1
    outer loop
      vertex 11.6889 2.52767 0.2
      vertex 11.6889 -2.52767 0.2
      vertex 12.1496 -2.1496 0.2
    endloop
  endfacet
  facet normal 0 0 1
    outer loop
      vertex 11.1634 2.80859 0.2
      vertex 11.6889 -2.52767 0.2
      vertex 11.6889 2.52767 0.2
    endloop
  endfacet
  facet normal 0 0 1
    outer loop
      vertex 11.1634 2.80859 0.2
      vertex 11.1634 -2.80859 0.2
      vertex 11.6889 -2.52767 0.2
    endloop
  endfacet
  facet normal 0 0 1
    outer loop
      vertex 10.5931 2.98159 0.2
      vertex 11.1634 -2.80859 0.2
      vertex 11.1634 2.80859 0.2
    endloop
  endfacet
  facet normal 0 0 1
    outer loop
      vertex 10.5931 2.98159 0.2
      vertex 10.5931 -2.98159 0.2
      vertex 11.1634 -2.80859 0.2
    endloop
  endfacet
  facet normal 0 0 1
    outer loop
      vertex 10 3.04 0.2
      vertex 10.5931 -2.98159 0.2
      vertex 10.5931 2.98159 0.2
    endloop
  endfacet
  facet normal 0 0 1
    outer loop
      vertex 10 3.04 0.2
      vertex 10 -3.04 0.2
      vertex 10.5931 -2.98159 0.2
    endloop
  endfacet
  facet normal -0 0 1
    outer loop
      vertex 9.40693 2.98159 0.2
      vertex 10 -3.04 0.2
      vertex 10 3.04 0.2
    endloop
  endfacet
  facet normal 0 0 1
    outer loop
      vertex 9.40693 2.98159 0.2
      vertex 9.40693 -2.98159 0.2
      vertex 10 -3.04 0.2
    endloop
  endfacet
  facet normal -0 0 1
    outer loop
      vertex 8.83664 2.80859 0.2
      vertex 9.40693 -2.98159 0.2
      vertex 9.40693 2.98159 0.2
    endloop
  endfacet
  facet normal 0 0 1
    outer loop
      vertex 8.83664 2.80859 0.2
      vertex 8.83664 -2.80859 0.2
      vertex 9.40693 -2.98159 0.2
    endloop
  endfacet
  facet normal -0 0 1
    outer loop
      vertex 8.31107 2.52767 0.2
      vertex 8.83664 -2.80859 0.2
      vertex 8.83664 2.80859 0.2
    endloop
  endfacet
  facet normal 0 0 1
    outer loop
      vertex 8.31107 2.52767 0.2
      vertex 8.31107 -2.52767 0.2
      vertex 8.83664 -2.80859 0.2
    endloop
  endfacet
  facet normal -0 0 1
    outer loop
      vertex 7.8504 2.1496 0.2
      vertex 8.31107 -2.52767 0.2
      vertex 8.31107 2.52767 0.2
    endloop
  endfacet
  facet normal 0 0 1
    outer loop
      vertex 7.8504 2.1496 0.2
      vertex 7.8504 -2.1496 0.2
      vertex 8.31107 -2.52767 0.2
    endloop
  endfacet
  facet normal -0 0 1
    outer loop
      vertex 7.47233 1.68893 0.2
      vertex 7.8504 -2.1496 0.2
      vertex 7.8504 2.1496 0.2
    endloop
  endfacet
  facet normal 0 0 1
    outer loop
      vertex 7.47233 1.68893 0.2
      vertex 7.47233 -1.68893 0.2
      vertex 7.8504 -2.1496 0.2
    endloop
  endfacet
  facet normal -0 0 1
    outer loop
      vertex 7.19141 1.16336 0.2
      vertex 7.47233 -1.68893 0.2
      vertex 7.47233 1.68893 0.2
    endloop
  endfacet
  facet normal 0 0 1
    outer loop
      vertex 7.19141 1.16336 0.2
      vertex 7.19141 -1.16336 0.2
      vertex 7.47233 -1.68893 0.2
    endloop
  endfacet
  facet normal -0 0 1
    outer loop
      vertex 7.01841 0.593074 0.2
      vertex 7.19141 -1.16336 0.2
      vertex 7.19141 1.16336 0.2
    endloop
  endfacet
  facet normal 0 0 1
    outer loop
      vertex 7.01841 0.593074 0.2
      vertex 7.01841 -0.593074 0.2
      vertex 7.19141 -1.16336 0.2
    endloop
  endfacet
  facet normal 0 -0 1
    outer loop
      vertex 7.01841 -0.593074 0.2
      vertex 7.01841 0.593074 0.2
      vertex 6.96 0 0.2
    endloop
  endfacet
  facet normal -0.634377 0.773024 0
    outer loop
      vertex 12.1496 -2.1496 0.2
      vertex 11.6889 -2.52767 3.24
      vertex 12.1496 -2.1496 3.24
    endloop
  endfacet
  facet normal -0.634377 0.773024 0
    outer loop
      vertex 11.6889 -2.52767 3.24
      vertex 12.1496 -2.1496 0.2
      vertex 11.6889 -2.52767 0.2
    endloop
  endfacet
  facet normal -0.772979 0.634431 0
    outer loop
      vertex 12.1496 -2.1496 0.2
      vertex 12.5277 -1.68893 3.24
      vertex 12.5277 -1.68893 0.2
    endloop
  endfacet
  facet normal -0.772979 0.634431 0
    outer loop
      vertex 12.5277 -1.68893 3.24
      vertex 12.1496 -2.1496 0.2
      vertex 12.1496 -2.1496 3.24
    endloop
  endfacet
  facet normal -0.0217778 0.0366725 -0.99909
    outer loop
      vertex -21.9047 7.42413 0.0187883
      vertex -24.8039 7.88352 0.0988464
      vertex -24.4643 8.08519 0.0988464
    endloop
  endfacet
  facet normal 0.0857476 0.921252 -0.379397
    outer loop
      vertex 10.5617 21.1409 3.2891
      vertex 8.6665 21.3173 3.2891
      vertex 10.6375 21.5008 4.18014
    endloop
  endfacet
  facet normal 0.0902964 0.172201 -0.980915
    outer loop
      vertex 21.9076 8.23722 0.176789
      vertex 10.3037 14.4516 0.199554
      vertex 11.3252 15.8964 0.547223
    endloop
  endfacet
  facet normal -0.231508 -0.103095 -0.967355
    outer loop
      vertex -25.8438 -3.13495 0.299241
      vertex -27.779 -3.68112 0.820582
      vertex -26.0349 -2.70582 0.299241
    endloop
  endfacet
  facet normal -0.628004 -0.279577 0.726256
    outer loop
      vertex -31.0016 -4.59069 11.3581
      vertex -32.7457 -3.61539 10.2254
      vertex -32.1653 -4.91912 10.2254
    endloop
  endfacet
  facet normal 0.0565261 0.101036 0.993276
    outer loop
      vertex 7.21991 -5.99369 12.6414
      vertex -22.1124 -1.61732 13.8655
      vertex -21.9407 -1.71338 13.8655
    endloop
  endfacet
  facet normal -0.326064 0.548998 0.7696
    outer loop
      vertex -26.3948 15.4029 2.96195
      vertex -29.0637 2.04783 11.3581
      vertex -25.2753 16.0678 2.96195
    endloop
  endfacet
  facet normal 0.193405 -0.140909 0.970947
    outer loop
      vertex 8.57921 -11.041 12.6414
      vertex 8.20254 -11.558 12.6414
      vertex 10.1505 -12.2235 12.1568
    endloop
  endfacet
  facet normal -0.488366 0.217412 0.845122
    outer loop
      vertex -29.5205 -0.346433 12.3215
      vertex -31.5103 -1.07114 11.3581
      vertex -29.938 -1.28425 12.3215
    endloop
  endfacet
  facet normal -0.513648 -0.0742585 -0.854782
    outer loop
      vertex -29.938 -3.23485 1.57745
      vertex -31.6821 -2.25955 2.54077
      vertex -30.079 -2.25955 1.57745
    endloop
  endfacet
  facet normal -0.922251 0.386592 0
    outer loop
      vertex -29.2712 11.3594 2.07057
      vertex -28.4994 13.2006 2.52059
      vertex -28.4994 13.2006 2.07057
    endloop
  endfacet
  facet normal -0.922251 0.386592 0
    outer loop
      vertex -28.4994 13.2006 2.52059
      vertex -29.2712 11.3594 2.07057
      vertex -29.2712 11.3594 2.52059
    endloop
  endfacet
  facet normal -0.337493 -0.0398059 -0.940486
    outer loop
      vertex -28.1939 -2.25955 0.820582
      vertex -28.839 2.76816 0.839279
      vertex -27.9912 3.09832 0.521072
    endloop
  endfacet
  facet normal -0.231168 0.38922 -0.891666
    outer loop
      vertex -25.1841 15.1695 1.21345
      vertex -26.3948 15.4029 1.62921
      vertex -25.2753 16.0678 1.62921
    endloop
  endfacet
  facet normal -0.324509 0.201976 -0.924067
    outer loop
      vertex -27.5197 11.2826 0.839279
      vertex -28 12.2228 1.21345
      vertex -27.1666 13.5618 1.21345
    endloop
  endfacet
  facet normal 0.000464382 0.00345147 -0.999994
    outer loop
      vertex 10.2623 9.12168 0.00937939
      vertex -9.19444 11.8912 0.00990295
      vertex 8.86063 13.0581 0.022315
    endloop
  endfacet
  facet normal -0.363824 0.347662 -0.864155
    outer loop
      vertex -26.2158 14.5568 1.21345
      vertex -27.1666 13.5618 1.21345
      vertex -26.3948 15.4029 1.62921
    endloop
  endfacet
  facet normal -0.212603 0.0580556 -0.975413
    outer loop
      vertex -26.827 6.8117 0.271059
      vertex -27.7661 7.57322 0.521072
      vertex -26.5553 7.80668 0.271059
    endloop
  endfacet
  facet normal -0.848985 0.528417 0
    outer loop
      vertex -28.4994 13.2006 2.07057
      vertex -27.559 14.7115 2.52059
      vertex -27.559 14.7115 2.07057
    endloop
  endfacet
  facet normal -0.848985 0.528417 0
    outer loop
      vertex -27.559 14.7115 2.52059
      vertex -28.4994 13.2006 2.07057
      vertex -28.4994 13.2006 2.52059
    endloop
  endfacet
  facet normal 0.770606 0.637311 0
    outer loop
      vertex 33.0749 1.81613 4.2472
      vertex 25.471 11.0104 3.70327
      vertex 25.471 11.0104 4.50813
    endloop
  endfacet
  facet normal 0.770606 0.637311 0
    outer loop
      vertex 25.471 11.0104 3.70327
      vertex 33.0749 1.81613 4.2472
      vertex 33.0749 1.81613 3.48893
    endloop
  endfacet
  facet normal -0.665555 0.0962124 0.740121
    outer loop
      vertex -32.7457 -0.903708 10.2254
      vertex -32.9417 -2.25955 10.2254
      vertex -31.5103 -1.07114 11.3581
    endloop
  endfacet
  facet normal 0.317287 -0.142254 0.9376
    outer loop
      vertex 26.7411 -7.29692 7.29844
      vertex 10.605 -11.2657 12.1568
      vertex 26.4601 -7.92367 7.29844
    endloop
  endfacet
  facet normal -0.111485 0.306091 0.945452
    outer loop
      vertex -24.8285 1.17243 13.0783
      vertex -25.771 0.829152 13.0783
      vertex -24.6074 -0.357535 13.5997
    endloop
  endfacet
  facet normal -0.394481 -0.345276 -0.851569
    outer loop
      vertex -24.4913 -10.0607 1.59872
      vertex -28.8425 -5.03696 1.57745
      vertex -23.558 -9.91117 1.10575
    endloop
  endfacet
  facet normal 0.341169 -0.369101 0.864504
    outer loop
      vertex 11.7641 -15.5696 10.5578
      vertex 9.7383 -15.3449 11.4532
      vertex 10.5418 -16.6994 10.5578
    endloop
  endfacet
  facet normal -0.513677 -0.0742593 0.854764
    outer loop
      vertex -29.938 -3.23485 12.3215
      vertex -31.6821 -2.25955 11.3581
      vertex -31.5103 -3.44795 11.3581
    endloop
  endfacet
  facet normal -0.124791 -0.880431 -0.457459
    outer loop
      vertex -5.72111 -19.5151 4.52892
      vertex -6.75964 -19.3679 4.52892
      vertex -5.72111 -18.9146 3.37319
    endloop
  endfacet
  facet normal -0.0190091 -0.47 -0.882461
    outer loop
      vertex 4.17245 -17.7299 1.65975
      vertex -5.72111 -16.9331 1.44849
      vertex -5.72111 -15.6282 0.753498
    endloop
  endfacet
  facet normal 0.194953 0.385953 -0.901684
    outer loop
      vertex 12.2445 17.1968 1.05196
      vertex 11.1311 17.7592 1.05196
      vertex 11.6696 18.988 1.69436
    endloop
  endfacet
  facet normal -0.850272 0.17626 -0.495954
    outer loop
      vertex -29.6243 9.08018 1.62921
      vertex -33.5966 -0.788376 4.93214
      vertex -29.8447 9.25886 2.07057
    endloop
  endfacet
  facet normal -0.684697 0.503876 0.526591
    outer loop
      vertex -27.559 14.7115 2.52059
      vertex -32.9668 0.62626 8.96678
      vertex -32.1653 0.400027 10.2254
    endloop
  endfacet
  facet normal -0.513677 0.0742586 0.854764
    outer loop
      vertex -31.5103 -1.07114 11.3581
      vertex -31.6821 -2.25955 11.3581
      vertex -29.938 -1.28425 12.3215
    endloop
  endfacet
  facet normal -0.722958 0.690892 0
    outer loop
      vertex -27.559 14.7115 2.07057
      vertex -26.486 15.8343 2.52059
      vertex -26.486 15.8343 2.07057
    endloop
  endfacet
  facet normal -0.722958 0.690892 0
    outer loop
      vertex -26.486 15.8343 2.52059
      vertex -27.559 14.7115 2.07057
      vertex -27.559 14.7115 2.52059
    endloop
  endfacet
  facet normal -0.0108731 0.0660246 -0.997759
    outer loop
      vertex -9.61322 11.8912 0.00990295
      vertex -10.6202 12.914 0.0885582
      vertex -10.0239 13.0122 0.0885582
    endloop
  endfacet
  facet normal -0.167256 -0.195578 -0.96632
    outer loop
      vertex -18.4859 -12.4199 0.457582
      vertex -19.8026 -10.0524 0.206315
      vertex -18.2911 -11.1501 0.166865
    endloop
  endfacet
  facet normal 0.070479 0.757209 -0.649359
    outer loop
      vertex 10.5617 21.1409 3.2891
      vertex 8.6665 20.5975 2.44975
      vertex 8.6665 21.3173 3.2891
    endloop
  endfacet
  facet normal 0.00748045 -0.104108 0.994538
    outer loop
      vertex 6.06082 -10.2976 12.8884
      vertex -22.5211 -3.01711 13.8655
      vertex -5.72111 -12.6392 12.7319
    endloop
  endfacet
  facet normal -0.0544552 0.584962 0.809231
    outer loop
      vertex 8.6665 20.5975 6.81903
      vertex 6.91984 20.4349 6.81903
      vertex 8.6665 19.5525 7.57442
    endloop
  endfacet
  facet normal -0.871476 -0.387943 0.300049
    outer loop
      vertex -32.9668 -5.14536 8.96678
      vertex -34.0304 -3.78952 7.63062
      vertex -33.3755 -5.26069 7.63062
    endloop
  endfacet
  facet normal -0.447034 0.538423 0.714326
    outer loop
      vertex -26.3948 15.4029 2.96195
      vertex -30.1755 1.12474 11.3581
      vertex -29.0637 2.04783 11.3581
    endloop
  endfacet
  facet normal -0.594918 -0.760387 -0.260546
    outer loop
      vertex -18.5246 -16.522 3.49539
      vertex -30.8806 -7.80493 6.26829
      vertex -30.5678 -7.59183 4.93214
    endloop
  endfacet
  facet normal -0.114032 -0.0507805 -0.992178
    outer loop
      vertex -25.8438 -3.13495 0.299241
      vertex -26.0349 -2.70582 0.299241
      vertex -23.7895 -2.55513 0.0334635
    endloop
  endfacet
  facet normal -0.436439 -0.532802 -0.725013
    outer loop
      vertex -18.4625 -15.679 2.04846
      vertex -18.9275 -15.2981 2.04846
      vertex -18.8104 -14.5345 1.41681
    endloop
  endfacet
  facet normal -0.341096 -0.827597 0.445799
    outer loop
      vertex -6.67823 -18.7789 9.38945
      vertex -19.9236 -15.0474 6.18226
      vertex -6.75964 -19.3679 8.23372
    endloop
  endfacet
  facet normal -0.98971 0.14309 0
    outer loop
      vertex -34.2516 -2.25955 6.26829
      vertex -34.0304 -0.72958 7.63062
      vertex -34.0304 -0.72958 6.26829
    endloop
  endfacet
  facet normal -0.98971 0.14309 0
    outer loop
      vertex -34.0304 -0.72958 7.63062
      vertex -34.2516 -2.25955 6.26829
      vertex -34.2516 -2.25955 7.63062
    endloop
  endfacet
  facet normal -0.372225 -0.0443121 -0.927084
    outer loop
      vertex -28.1939 -2.25955 0.820582
      vertex -30.079 -2.25955 1.57745
      vertex -28.839 2.76816 0.839279
    endloop
  endfacet
  facet normal -0.272237 -0.308634 -0.91139
    outer loop
      vertex -18.6613 -13.5627 0.879636
      vertex -23.558 -9.91117 1.10575
      vertex -22.3702 -9.7209 0.686514
    endloop
  endfacet
  facet normal -0.117122 -0.0284449 -0.99271
    outer loop
      vertex -23.854 -2.41024 0.0334635
      vertex -26.0349 -2.70582 0.299241
      vertex -25.7836 3.25309 0.0988464
    endloop
  endfacet
  facet normal -0.141173 -0.0273263 -0.989608
    outer loop
      vertex -26.0349 -2.70582 0.299241
      vertex -26.827 2.40692 0.271059
      vertex -25.7836 3.25309 0.0988464
    endloop
  endfacet
  facet normal -0.0363241 0.126065 -0.991357
    outer loop
      vertex -10.6202 12.914 0.0885582
      vertex -24.8829 12.2056 0.521072
      vertex -11.3792 13.9086 0.242846
    endloop
  endfacet
  facet normal -0.0444366 0.317803 -0.947115
    outer loop
      vertex -10.759 15.0183 0.466839
      vertex -24.1111 15.3764 1.21345
      vertex -11.0552 15.8265 0.751926
    endloop
  endfacet
  facet normal 0.150009 -0.270092 -0.951077
    outer loop
      vertex 26.0261 -10.1415 0.880307
      vertex 25.4557 -10.4583 0.880307
      vertex 25.7271 -8.82025 0.457931
    endloop
  endfacet
  facet normal 0.462176 0.531868 -0.709584
    outer loop
      vertex 24.5264 10.01 1.50107
      vertex 23.822 10.6221 1.50107
      vertex 24.1858 11.1988 2.17029
    endloop
  endfacet
  facet normal 0.0799183 0.0426752 -0.995887
    outer loop
      vertex 27.1748 0.10468 0.166557
      vertex 21.7297 6.87628 0.0197697
      vertex 27.0213 0.392141 0.166557
    endloop
  endfacet
  facet normal -0.0177111 0.0298089 -0.999399
    outer loop
      vertex -24.2304 5.78297 0.0110531
      vertex -24.345 5.71488 0.0110531
      vertex -21.9047 7.42413 0.0187883
    endloop
  endfacet
  facet normal -0.0566437 0.584596 -0.809345
    outer loop
      vertex 7.13554 19.41 1.69436
      vertex -24.1111 16.2922 1.62921
      vertex 6.91984 20.4349 2.44975
    endloop
  endfacet
  facet normal -0.189359 0.981908 0
    outer loop
      vertex -24.1111 16.7592 2.07057
      vertex -25.3219 16.5257 2.52059
      vertex -24.1111 16.7592 2.52059
    endloop
  endfacet
  facet normal -0.189359 0.981908 0
    outer loop
      vertex -25.3219 16.5257 2.52059
      vertex -24.1111 16.7592 2.07057
      vertex -25.3219 16.5257 2.07057
    endloop
  endfacet
  facet normal -0.817579 0.118189 -0.563556
    outer loop
      vertex -32.9417 -2.25955 3.67351
      vertex -33.5966 -0.788376 4.93214
      vertex -32.7457 -0.903708 3.67351
    endloop
  endfacet
  facet normal -0.027586 0.0763471 -0.9967
    outer loop
      vertex -24.4643 8.08519 0.0988464
      vertex -24.6846 10.2538 0.271059
      vertex -11.1698 12.7545 0.0885582
    endloop
  endfacet
  facet normal -0.0521619 0.270516 -0.961301
    outer loop
      vertex -25.0516 13.8654 0.839279
      vertex -25.1841 15.1695 1.21345
      vertex -24.1111 15.3764 1.21345
    endloop
  endfacet
  facet normal -0.916685 0.253663 -0.308777
    outer loop
      vertex -33.5966 -0.788376 4.93214
      vertex -34.0304 -0.72958 6.26829
      vertex -29.2712 11.3594 2.07057
    endloop
  endfacet
  facet normal -0.471242 0.293306 -0.831807
    outer loop
      vertex -28 12.2228 1.21345
      vertex -28.3308 12.8704 1.62921
      vertex -27.4265 14.3233 1.62921
    endloop
  endfacet
  facet normal -0.689097 0.428901 -0.584115
    outer loop
      vertex -28.3308 12.8704 1.62921
      vertex -28.4994 13.2006 2.07057
      vertex -27.4265 14.3233 1.62921
    endloop
  endfacet
  facet normal -0.108019 -0.761883 0.638644
    outer loop
      vertex -5.72111 -18.0427 10.4296
      vertex -6.67823 -18.7789 9.38945
      vertex -5.72111 -18.9146 9.38945
    endloop
  endfacet
  facet normal 0.0533701 -0.480982 0.875104
    outer loop
      vertex 6.06082 -16.6014 11.4532
      vertex 6.06082 -18.2305 10.5578
      vertex 7.63435 -18.0559 10.5578
    endloop
  endfacet
  facet normal 0.0897403 -0.808921 -0.581027
    outer loop
      vertex 6.06082 -20.3922 4.5846
      vertex 4.17245 -19.6229 3.2219
      vertex 8.00875 -20.1761 4.5846
    endloop
  endfacet
  facet normal 0.285672 -0.514358 -0.808596
    outer loop
      vertex 25.6871 -12.5883 2.05002
      vertex 25.5853 -11.6511 1.41789
      vertex 26.2803 -11.2651 1.41789
    endloop
  endfacet
  facet normal 0.0544462 0.584962 0.809231
    outer loop
      vertex 8.6665 20.5975 6.81903
      vertex 8.6665 19.5525 7.57442
      vertex 10.1975 19.41 7.57442
    endloop
  endfacet
  facet normal 0.0779671 0.0843436 0.993382
    outer loop
      vertex 7.74356 -6.30896 12.6414
      vertex 6.78399 -8.33105 12.8884
      vertex 8.20254 -6.73324 12.6414
    endloop
  endfacet
  facet normal 0.341178 -0.369067 0.864516
    outer loop
      vertex 10.7414 -14.4176 11.4532
      vertex 9.7383 -15.3449 11.4532
      vertex 11.7641 -15.5696 10.5578
    endloop
  endfacet
  facet normal 0.118224 -0.196392 0.973372
    outer loop
      vertex 8.79344 -13.7521 12.1568
      vertex 7.74356 -11.9823 12.6414
      vertex 7.94308 -14.264 12.1568
    endloop
  endfacet
  facet normal 0.0787147 0.130742 0.988287
    outer loop
      vertex 5.78593 0 11.9627
      vertex 7.21991 -5.99369 12.6414
      vertex 7.74356 -6.30896 12.6414
    endloop
  endfacet
  facet normal 0.0785514 0.130705 0.988305
    outer loop
      vertex 7.21991 -5.99369 12.6414
      vertex 5.78593 0 11.9627
      vertex 5.55317 0 11.9812
    endloop
  endfacet
  facet normal 0.0788695 0.130783 0.988269
    outer loop
      vertex 5.17943 1.95459 11.7524
      vertex 3.54391 7.22547 11.1854
      vertex 5.17943 1.34402 11.8332
    endloop
  endfacet
  facet normal 0.639084 0.495277 0.588449
    outer loop
      vertex 32.7464 1.73887 4.99091
      vertex 24.9894 10.5004 6.04111
      vertex 25.6489 9.64941 6.04111
    endloop
  endfacet
  facet normal -0.344084 -0.753538 0.560166
    outer loop
      vertex -7.59856 -18.3772 9.38945
      vertex -20.6412 -14.1607 7.05003
      vertex -19.8539 -14.5202 7.05003
    endloop
  endfacet
  facet normal 0.0320646 0.202021 0.978856
    outer loop
      vertex -6.51648 6.17995 11.8109
      vertex -22.0873 -0.0159712 13.5997
      vertex -6.41462 5.96997 11.8509
    endloop
  endfacet
  facet normal 0.0321657 0.202569 0.97874
    outer loop
      vertex 3.11212 9.7598 10.7566
      vertex 3.11212 9.60857 10.7879
      vertex 3.3918 9.71539 10.7566
    endloop
  endfacet
  facet normal 0.0320532 0.202015 0.978858
    outer loop
      vertex 1.04262 9.18786 10.9425
      vertex -2.43955 7.48819 11.4073
      vertex 1.04262 8.81815 11.0188
    endloop
  endfacet
  facet normal 0.0318452 0.20242 0.978781
    outer loop
      vertex 1.04262 9.18786 10.9425
      vertex -2.46269 7.4986 11.4059
      vertex -2.43955 7.48819 11.4073
    endloop
  endfacet
  facet normal 0.0320729 0.201971 0.978866
    outer loop
      vertex -2.46269 7.4986 11.4059
      vertex 1.04262 9.18786 10.9425
      vertex -2.8958 7.62069 11.3949
    endloop
  endfacet
  facet normal -0.355607 -0.158295 0.921133
    outer loop
      vertex -28.0892 -2.98426 13.0783
      vertex -29.938 -3.23485 12.3215
      vertex -27.779 -3.68112 13.0783
    endloop
  endfacet
  facet normal -0.371631 -0.664566 0.648262
    outer loop
      vertex -29.0637 -6.56693 11.3581
      vertex -29.9543 -7.17381 10.2254
      vertex -27.709 -7.32449 11.3581
    endloop
  endfacet
  facet normal -0.399549 -0.767156 0.501828
    outer loop
      vertex -20.6412 -14.1607 7.05003
      vertex -28.4087 -8.0381 10.2254
      vertex -20.7778 -14.6572 6.18226
    endloop
  endfacet
  facet normal 0.0586695 -0.282205 -0.957558
    outer loop
      vertex 4.7764 -16.1779 1.03047
      vertex 4.17245 -14.6258 0.536042
      vertex 4.62123 -14.5325 0.536042
    endloop
  endfacet
  facet normal -0.0704038 -0.885166 -0.459919
    outer loop
      vertex 4.17245 -19.6229 3.2219
      vertex -5.72111 -19.5151 4.52892
      vertex -5.72111 -18.9146 3.37319
    endloop
  endfacet
  facet normal -0.202316 -0.760569 -0.61693
    outer loop
      vertex -17.9788 -16.3769 2.75031
      vertex -18.5036 -16.2373 2.75031
      vertex -17.9788 -15.8076 2.04846
    endloop
  endfacet
  facet normal -0.563326 -0.662342 -0.49393
    outer loop
      vertex -19.0082 -15.8241 2.75031
      vertex -31.9441 -6.44909 4.93214
      vertex -25.1342 -10.1636 2.14648
    endloop
  endfacet
  facet normal -0.256904 -0.966354 -0.0126288
    outer loop
      vertex -6.80115 -19.6682 5.75584
      vertex -18.5246 -16.522 3.49539
      vertex -17.9788 -16.6671 3.49539
    endloop
  endfacet
  facet normal -0.240588 -0.904446 -0.352271
    outer loop
      vertex -17.9788 -16.6671 3.49539
      vertex -18.5036 -16.2373 2.75031
      vertex -17.9788 -16.3769 2.75031
    endloop
  endfacet
  facet normal 3.35555e-05 0.000804829 -1
    outer loop
      vertex -7.41704 8.24934 0.00702953
      vertex -9.40383 11.9024 0.00990295
      vertex -7.2892 8.24401 0.00702953
    endloop
  endfacet
  facet normal -0.00906671 -0.00732978 -0.999932
    outer loop
      vertex -19.2944 -8.90709 0.0230713
      vertex -19.365 -8.81976 0.0230713
      vertex -18.0843 -9.8021 0.0186596
    endloop
  endfacet
  facet normal -0.0521955 -0.312136 -0.948603
    outer loop
      vertex -6.2327 -15.5557 0.753498
      vertex -17.9788 -12.6922 0.457582
      vertex -6.03615 -14.1337 0.274777
    endloop
  endfacet
  facet normal -0.530668 -0.647835 -0.546536
    outer loop
      vertex -18.4625 -15.679 2.04846
      vertex -19.0082 -15.8241 2.75031
      vertex -18.9275 -15.2981 2.04846
    endloop
  endfacet
  facet normal -0.345406 -0.0173721 -0.938292
    outer loop
      vertex -28.839 2.76816 0.839279
      vertex -28.9316 4.60931 0.839279
      vertex -27.9912 3.09832 0.521072
    endloop
  endfacet
  facet normal -0.671113 -0.526449 -0.521976
    outer loop
      vertex -31.9441 -6.44909 4.93214
      vertex -32.9668 -5.14536 4.93214
      vertex -31.2228 -6.12066 3.67351
    endloop
  endfacet
  facet normal -0.515042 -0.0103136 -0.857103
    outer loop
      vertex -30.079 -2.25955 1.57745
      vertex -31.6821 -2.25955 2.54077
      vertex -29.6108 4.60931 1.21345
    endloop
  endfacet
  facet normal -0.187074 0.0784219 -0.97921
    outer loop
      vertex -26.5553 7.80668 0.271059
      vertex -27.4005 8.91224 0.521072
      vertex -26.9085 10.0859 0.521072
    endloop
  endfacet
  facet normal -0.273115 0.114486 -0.955145
    outer loop
      vertex -26.9085 10.0859 0.521072
      vertex -28.1192 9.85245 0.839279
      vertex -27.5197 11.2826 0.839279
    endloop
  endfacet
  facet normal -0.150722 -0.00756443 -0.988547
    outer loop
      vertex -25.8866 3.91791 0.0988464
      vertex -27.0508 4.60931 0.271059
      vertex -25.9213 4.60931 0.0988464
    endloop
  endfacet
  facet normal -0.0219153 0.03581 -0.999118
    outer loop
      vertex -24.345 5.71488 0.0110531
      vertex -24.8039 7.88352 0.0988464
      vertex -21.9047 7.42413 0.0187883
    endloop
  endfacet
  facet normal -0.169527 0.161985 -0.972122
    outer loop
      vertex -26.309 11.0491 0.521072
      vertex -26.7892 12.4562 0.839279
      vertex -25.9559 13.3283 0.839279
    endloop
  endfacet
  facet normal -0.014904 0.224241 -0.97442
    outer loop
      vertex -10.4108 14.0681 0.242846
      vertex -10.759 15.0183 0.466839
      vertex 8.6665 16.6587 0.547223
    endloop
  endfacet
  facet normal -0.105081 0.176931 -0.978598
    outer loop
      vertex -24.8829 12.2056 0.521072
      vertex -25.6251 11.7648 0.521072
      vertex -25.0516 13.8654 0.839279
    endloop
  endfacet
  facet normal -0.02654 -0.550729 -0.834262
    outer loop
      vertex 4.17245 -18.8508 2.3997
      vertex -5.72111 -16.9331 1.44849
      vertex 4.17245 -17.7299 1.65975
    endloop
  endfacet
  facet normal -0.044389 -0.313227 -0.94864
    outer loop
      vertex -5.72111 -15.6282 0.753498
      vertex -6.2327 -15.5557 0.753498
      vertex -6.03615 -14.1337 0.274777
    endloop
  endfacet
  facet normal 0.526424 0.0912547 0.845311
    outer loop
      vertex 32.7262 -0.194269 5.69146
      vertex 31.5758 0.601816 6.32194
      vertex 31.7138 -0.194269 6.32194
    endloop
  endfacet
  facet normal 0.325851 0.478535 -0.815368
    outer loop
      vertex 23.822 10.6221 1.50107
      vertex 13.0263 18.3026 1.69436
      vertex 13.6406 19.1714 2.44975
    endloop
  endfacet
  facet normal 0.215527 -0.708113 -0.672401
    outer loop
      vertex 25.7573 -13.2339 2.75241
      vertex 7.85604 -19.3113 3.41465
      vertex 25.6871 -12.5883 2.05002
    endloop
  endfacet
  facet normal -0.206366 -0.948785 -0.239206
    outer loop
      vertex -6.80115 -19.6682 5.75584
      vertex -17.9788 -16.6671 3.49539
      vertex -6.75964 -19.3679 4.52892
    endloop
  endfacet
  facet normal 7.56277e-06 -3.34421e-05 -1
    outer loop
      vertex 17.8017 1.29926 0.00743294
      vertex -7.16628 7.71582 0.00702953
      vertex -7.05299 7.74144 0.00702953
    endloop
  endfacet
  facet normal -0.0346492 0.0331046 -0.998851
    outer loop
      vertex -24.345 5.71488 0.0110531
      vertex -25.1168 7.55602 0.0988464
      vertex -24.8039 7.88352 0.0988464
    endloop
  endfacet
  facet normal 0.0958453 -0.172583 -0.980321
    outer loop
      vertex 25.3033 -9.05561 0.457931
      vertex 25.1339 -7.49708 0.166993
      vertex 25.7271 -8.82025 0.457931
    endloop
  endfacet
  facet normal 0.262929 0.520446 -0.812407
    outer loop
      vertex 13.6406 19.1714 2.44975
      vertex 11.6696 18.988 1.69436
      vertex 12.0927 19.9534 2.44975
    endloop
  endfacet
  facet normal -0.115184 0.917611 -0.380423
    outer loop
      vertex 6.77126 21.1409 3.2891
      vertex -24.1111 16.7592 2.07057
      vertex 6.69552 21.5008 4.18014
    endloop
  endfacet
  facet normal -0.0704887 0.757195 -0.649375
    outer loop
      vertex 6.91984 20.4349 2.44975
      vertex 6.77126 21.1409 3.2891
      vertex 8.6665 20.5975 2.44975
    endloop
  endfacet
  facet normal -0.370975 0.624616 0.687192
    outer loop
      vertex -25.3219 16.5257 2.52059
      vertex -26.3948 15.4029 2.96195
      vertex -25.2753 16.0678 2.96195
    endloop
  endfacet
  facet normal -0.153301 0.258109 -0.953875
    outer loop
      vertex -25.0516 13.8654 0.839279
      vertex -25.9559 13.3283 0.839279
      vertex -25.1841 15.1695 1.21345
    endloop
  endfacet
  facet normal -0.345408 -0.0173734 -0.938292
    outer loop
      vertex -27.9912 3.09832 0.521072
      vertex -28.9316 4.60931 0.839279
      vertex -28.0672 4.60931 0.521072
    endloop
  endfacet
  facet normal -0.814403 0.139268 -0.563341
    outer loop
      vertex -32.7457 -0.903708 3.67351
      vertex -33.5966 -0.788376 4.93214
      vertex -29.6243 9.08018 1.62921
    endloop
  endfacet
  facet normal -0.559904 0.439197 0.702577
    outer loop
      vertex -31.2228 1.60156 10.2254
      vertex -32.1653 0.400027 10.2254
      vertex -31.0016 0.0715895 11.3581
    endloop
  endfacet
  facet normal -0.817569 -0.118203 -0.563568
    outer loop
      vertex -33.5966 -3.73072 4.93214
      vertex -33.8093 -2.25955 4.93214
      vertex -32.9417 -2.25955 3.67351
    endloop
  endfacet
  facet normal -0.324485 0.201973 -0.924076
    outer loop
      vertex -26.7892 12.4562 0.839279
      vertex -27.5197 11.2826 0.839279
      vertex -27.1666 13.5618 1.21345
    endloop
  endfacet
  facet normal -0.245459 0.234555 -0.940603
    outer loop
      vertex -25.9559 13.3283 0.839279
      vertex -27.1666 13.5618 1.21345
      vertex -26.2158 14.5568 1.21345
    endloop
  endfacet
  facet normal -0.0794576 0.412073 -0.907679
    outer loop
      vertex -24.1111 15.3764 1.21345
      vertex -25.1841 15.1695 1.21345
      vertex -24.1111 16.2922 1.62921
    endloop
  endfacet
  facet normal -0.689097 0.428901 -0.584114
    outer loop
      vertex -27.4265 14.3233 1.62921
      vertex -28.4994 13.2006 2.07057
      vertex -27.559 14.7115 2.07057
    endloop
  endfacet
  facet normal -0.345326 -0.7895 0.507385
    outer loop
      vertex -19.8539 -14.5202 7.05003
      vertex -19.9236 -15.0474 6.18226
      vertex -7.59856 -18.3772 9.38945
    endloop
  endfacet
  facet normal 0.510848 -0.237418 0.826236
    outer loop
      vertex 32.5687 -1.10252 5.69146
      vertex 27.0126 -8.93492 6.87607
      vertex 27.4824 -9.79492 6.33848
    endloop
  endfacet
  facet normal 0.449328 -0.80913 0.378699
    outer loop
      vertex 26.6177 -12.7561 5.00396
      vertex 25.7573 -13.2339 5.00396
      vertex 26.6879 -13.0661 4.25832
    endloop
  endfacet
  facet normal 0.0533735 -0.48098 0.875106
    outer loop
      vertex 7.35218 -16.4581 11.4532
      vertex 6.06082 -16.6014 11.4532
      vertex 7.63435 -18.0559 10.5578
    endloop
  endfacet
  facet normal -0.206375 -0.21606 -0.95432
    outer loop
      vertex -18.4859 -12.4199 0.457582
      vertex -22.3702 -9.7209 0.686514
      vertex -19.8026 -10.0524 0.206315
    endloop
  endfacet
  facet normal -0.0220053 -0.10103 -0.99464
    outer loop
      vertex -5.82749 -12.6242 0.0307274
      vertex -17.9788 -11.3178 0.166865
      vertex -17.9788 -9.85872 0.0186596
    endloop
  endfacet
  facet normal -0.241418 -0.0348925 0.969794
    outer loop
      vertex -26.0994 -2.25955 13.5997
      vertex -28.1939 -2.25955 13.0783
      vertex -26.0349 -2.70582 13.5997
    endloop
  endfacet
  facet normal 0.0347634 0.00303951 0.999391
    outer loop
      vertex 7.06389 -8.92087 12.8884
      vertex -21.6086 -2.25955 13.8655
      vertex 7.08354 -9.14561 12.8884
    endloop
  endfacet
  facet normal 0.631614 -0.316918 0.70755
    outer loop
      vertex 32.5687 -1.10252 5.69146
      vertex 27.4824 -9.79492 6.33848
      vertex 27.8515 -10.4706 5.70635
    endloop
  endfacet
  facet normal 0.122194 -0.0106844 0.992449
    outer loop
      vertex 7.08354 -9.14561 12.8884
      vertex 7.06389 -9.37034 12.8884
      vertex 9.08966 -9.14561 12.6414
    endloop
  endfacet
  facet normal -0.202136 0.554979 0.806932
    outer loop
      vertex -25.2753 16.0678 2.96195
      vertex -26.8183 1.89714 12.3215
      vertex -25.5499 2.35912 12.3215
    endloop
  endfacet
  facet normal -0.496881 0.533884 0.684162
    outer loop
      vertex -26.3948 15.4029 2.96195
      vertex -31.2228 1.60156 10.2254
      vertex -30.1755 1.12474 11.3581
    endloop
  endfacet
  facet normal -0.00752124 0.294508 0.955619
    outer loop
      vertex 8.6665 16.6587 8.72156
      vertex -22.7422 0.0279827 13.5997
      vertex 2.66026 11.9219 10.1341
    endloop
  endfacet
  facet normal -0.871473 -0.387981 0.300008
    outer loop
      vertex -33.5966 -3.73072 8.96678
      vertex -34.0304 -3.78952 7.63062
      vertex -32.9668 -5.14536 8.96678
    endloop
  endfacet
  facet normal -0.212404 -0.166622 0.962872
    outer loop
      vertex -25.5336 -3.53043 13.5997
      vertex -27.779 -3.68112 13.0783
      vertex -27.2752 -4.32335 13.0783
    endloop
  endfacet
  facet normal -0.665556 -0.0962155 0.74012
    outer loop
      vertex -31.6821 -2.25955 11.3581
      vertex -32.9417 -2.25955 10.2254
      vertex -31.5103 -3.44795 11.3581
    endloop
  endfacet
  facet normal -0.468687 -0.842092 0.266859
    outer loop
      vertex -20.7778 -14.6572 6.18226
      vertex -20.8474 -14.9104 5.26103
      vertex -18.5246 -16.522 4.25507
    endloop
  endfacet
  facet normal -0.871476 -0.387943 -0.300051
    outer loop
      vertex -33.3755 -5.26069 6.26829
      vertex -34.0304 -3.78952 6.26829
      vertex -32.9668 -5.14536 4.93214
    endloop
  endfacet
  facet normal -0.045009 -0.76559 0.641752
    outer loop
      vertex -5.72111 -18.0427 10.4296
      vertex -5.72111 -18.9146 9.38945
      vertex 6.06082 -19.5105 9.50488
    endloop
  endfacet
  facet normal -0.519018 -0.81684 0.251779
    outer loop
      vertex -30.5678 -7.59183 8.96678
      vertex -30.8806 -7.80493 7.63062
      vertex -20.8474 -14.9104 5.26103
    endloop
  endfacet
  facet normal -0.124825 -0.880414 -0.457482
    outer loop
      vertex -5.72111 -18.9146 3.37319
      vertex -6.75964 -19.3679 4.52892
      vertex -6.67823 -18.7789 3.37319
    endloop
  endfacet
  facet normal 0.113693 -0.547351 -0.829145
    outer loop
      vertex 5.01206 -18.6764 2.3997
      vertex 4.17245 -18.8508 2.3997
      vertex 4.17245 -17.7299 1.65975
    endloop
  endfacet
  facet normal -0.580455 -0.708852 -0.40075
    outer loop
      vertex -18.5036 -16.2373 2.75031
      vertex -30.5678 -7.59183 4.93214
      vertex -19.0082 -15.8241 2.75031
    endloop
  endfacet
  facet normal -0.0947263 -0.604489 -0.790961
    outer loop
      vertex -6.4096 -16.8355 1.44849
      vertex -17.9788 -15.8076 2.04846
      vertex -17.9788 -14.9811 1.41681
    endloop
  endfacet
  facet normal -0.53058 -0.647945 -0.546491
    outer loop
      vertex -18.5036 -16.2373 2.75031
      vertex -19.0082 -15.8241 2.75031
      vertex -18.4625 -15.679 2.04846
    endloop
  endfacet
  facet normal -0.159377 -0.599459 -0.784378
    outer loop
      vertex -17.9788 -15.8076 2.04846
      vertex -18.4625 -15.679 2.04846
      vertex -18.4027 -14.8684 1.41681
    endloop
  endfacet
  facet normal 0.000406009 0.00435462 -0.99999
    outer loop
      vertex 8.86063 13.0581 0.022315
      vertex -9.19444 11.8912 0.00990295
      vertex 8.6665 13.0762 0.022315
    endloop
  endfacet
  facet normal -0.0164129 -0.00550292 -0.99985
    outer loop
      vertex -23.854 -2.41024 0.0334635
      vertex -24.6194 3.94448 0.0110531
      vertex -22.4635 -1.84507 0.00752735
    endloop
  endfacet
  facet normal -2.88036e-05 -8.49526e-06 -1
    outer loop
      vertex -22.4635 -1.84507 0.00752735
      vertex -22.5016 -1.71589 0.00752735
      vertex -8.05973 7.91792 0.00702953
    endloop
  endfacet
  facet normal -0.114033 -0.0507635 -0.992179
    outer loop
      vertex -23.7895 -2.55513 0.0334635
      vertex -26.0349 -2.70582 0.299241
      vertex -23.854 -2.41024 0.0334635
    endloop
  endfacet
  facet normal -0.0723498 -0.453574 -0.888277
    outer loop
      vertex -6.2327 -15.5557 0.753498
      vertex -17.9788 -14.9811 1.41681
      vertex -17.9788 -13.9291 0.879636
    endloop
  endfacet
  facet normal -0.0726334 -0.468189 -0.880638
    outer loop
      vertex -6.4096 -16.8355 1.44849
      vertex -17.9788 -14.9811 1.41681
      vertex -6.2327 -15.5557 0.753498
    endloop
  endfacet
  facet normal -0.426131 -0.372574 -0.824379
    outer loop
      vertex -24.4913 -10.0607 1.59872
      vertex -30.1755 -5.64384 2.54077
      vertex -28.8425 -5.03696 1.57745
    endloop
  endfacet
  facet normal -0.226313 -0.0404265 -0.973215
    outer loop
      vertex -26.0349 -2.70582 0.299241
      vertex -27.7661 1.6454 0.521072
      vertex -26.827 2.40692 0.271059
    endloop
  endfacet
  facet normal -0.563328 -0.661254 -0.495383
    outer loop
      vertex -25.1342 -10.1636 2.14648
      vertex -31.9441 -6.44909 4.93214
      vertex -31.2228 -6.12066 3.67351
    endloop
  endfacet
  facet normal -0.665569 -0.0962174 -0.740108
    outer loop
      vertex -31.5103 -3.44795 2.54077
      vertex -32.9417 -2.25955 3.67351
      vertex -31.6821 -2.25955 2.54077
    endloop
  endfacet
  facet normal -0.0692579 -0.012081 -0.997526
    outer loop
      vertex -23.854 -2.41024 0.0334635
      vertex -25.7836 3.25309 0.0988464
      vertex -24.6758 4.15137 0.0110531
    endloop
  endfacet
  facet normal -0.0718805 0.068676 -0.995046
    outer loop
      vertex -25.1168 7.55602 0.0988464
      vertex -25.2361 9.92634 0.271059
      vertex -24.8039 7.88352 0.0988464
    endloop
  endfacet
  facet normal -0.238842 -0.0120133 -0.970984
    outer loop
      vertex -27.9912 3.09832 0.521072
      vertex -28.0672 4.60931 0.521072
      vertex -27.0508 4.60931 0.271059
    endloop
  endfacet
  facet normal -0.482479 -0.0135241 -0.875803
    outer loop
      vertex -28.9316 4.60931 0.839279
      vertex -30.079 -2.25955 1.57745
      vertex -29.6108 4.60931 1.21345
    endloop
  endfacet
  facet normal -0.117479 0.0492351 -0.991854
    outer loop
      vertex -25.3911 7.11528 0.0988464
      vertex -26.5553 7.80668 0.271059
      vertex -26.1898 8.67879 0.271059
    endloop
  endfacet
  facet normal -3.90423e-05 7.49739e-06 -1
    outer loop
      vertex -8.07232 7.97202 0.00702953
      vertex -22.5299 -0.916113 0.00752735
      vertex -22.5016 -0.768742 0.00752735
    endloop
  endfacet
  facet normal -0.0250251 0.324381 -0.945596
    outer loop
      vertex -10.759 15.0183 0.466839
      vertex -11.0552 15.8265 0.751926
      vertex 8.6665 18.2226 1.05196
    endloop
  endfacet
  facet normal -0.0414941 0.445795 -0.894173
    outer loop
      vertex 8.6665 19.5525 1.69436
      vertex -11.0552 15.8265 0.751926
      vertex 7.13554 19.41 1.69436
    endloop
  endfacet
  facet normal 0.000153179 0.00043072 -1
    outer loop
      vertex 17.8543 1.90264 0.00743294
      vertex 10.2623 9.12168 0.00937939
      vertex 10.3182 9.1018 0.00937939
    endloop
  endfacet
  facet normal -0.0109955 0.196174 -0.980507
    outer loop
      vertex 8.6665 14.921 0.199554
      vertex -10.4108 14.0681 0.242846
      vertex 8.6665 16.6587 0.547223
    endloop
  endfacet
  facet normal 0.017847 -0.179703 -0.983559
    outer loop
      vertex 4.17245 -14.6258 0.536042
      vertex -5.72111 -14.1784 0.274777
      vertex 4.17245 -12.7618 0.195477
    endloop
  endfacet
  facet normal 0.0285903 0.307024 -0.951272
    outer loop
      vertex 9.60011 16.5718 0.547223
      vertex 8.6665 18.2226 1.05196
      vertex 9.92293 18.1056 1.05196
    endloop
  endfacet
  facet normal -0.10497 0.0823791 0.991057
    outer loop
      vertex -23.6847 -1.83042 13.8655
      vertex -25.5336 -0.988664 13.5997
      vertex -23.7895 -1.96396 13.8655
    endloop
  endfacet
  facet normal 0.185346 0.238942 0.953181
    outer loop
      vertex 12.2445 17.1968 8.21682
      vertex 11.3252 15.8964 8.72156
      vertex 13.2204 16.4398 8.21682
    endloop
  endfacet
  facet normal -0.000336262 -0.00122762 -0.999999
    outer loop
      vertex -17.4391 -9.14243 0.0145626
      vertex -22.3067 -2.07835 0.00752735
      vertex -22.2469 -2.09473 0.00752735
    endloop
  endfacet
  facet normal 0.410741 0.568271 -0.712994
    outer loop
      vertex 23.822 10.6221 1.50107
      vertex 13.6406 19.1714 2.44975
      vertex 24.1858 11.1988 2.17029
    endloop
  endfacet
  facet normal 0.809635 -0.42742 -0.402248
    outer loop
      vertex 33.6013 -1.21916 3.48893
      vertex 28.1057 -10.936 2.75241
      vertex 33.2526 -1.17978 2.74523
    endloop
  endfacet
  facet normal 0.891367 -0.154549 -0.426121
    outer loop
      vertex 33.6013 -1.21916 3.48893
      vertex 33.2526 -1.17978 2.74523
      vertex 33.779 -0.194269 3.48893
    endloop
  endfacet
  facet normal 0.692099 -0.460648 0.555699
    outer loop
      vertex 27.8515 -10.4706 5.70635
      vertex 27.4107 -11.9802 5.00396
      vertex 28.1057 -10.936 5.00396
    endloop
  endfacet
  facet normal 0.310918 -0.889253 -0.335498
    outer loop
      vertex 10.0345 -19.9513 5.8266
      vertex 9.88182 -19.5361 4.5846
      vertex 25.793 -13.563 3.49806
    endloop
  endfacet
  facet normal -0.0456 -0.622705 -0.781127
    outer loop
      vertex 4.17245 -18.8508 2.3997
      vertex -5.72111 -18.0427 2.33305
      vertex -5.72111 -16.9331 1.44849
    endloop
  endfacet
  facet normal 0.323345 -0.946281 0
    outer loop
      vertex 8.0866 -20.6169 5.8266
      vertex 10.0345 -19.9513 7.09293
      vertex 8.0866 -20.6169 7.09293
    endloop
  endfacet
  facet normal 0.323345 -0.946281 0
    outer loop
      vertex 10.0345 -19.9513 7.09293
      vertex 8.0866 -20.6169 5.8266
      vertex 10.0345 -19.9513 5.8266
    endloop
  endfacet
  facet normal -0.0192397 0.046457 -0.998735
    outer loop
      vertex -21.9047 7.42413 0.0187883
      vertex -24.4643 8.08519 0.0988464
      vertex -21.8064 7.46484 0.0187883
    endloop
  endfacet
  facet normal -0.0207979 0.0570167 -0.998157
    outer loop
      vertex -10.0001 11.8042 0.00990295
      vertex -24.4643 8.08519 0.0988464
      vertex -11.1698 12.7545 0.0885582
    endloop
  endfacet
  facet normal 0.16978 0.0294753 -0.985041
    outer loop
      vertex 27.2267 -0.194269 0.166557
      vertex 27.1748 0.10468 0.166557
      vertex 28.826 0.291199 0.456737
    endloop
  endfacet
  facet normal 0.74837 -0.395195 -0.532695
    outer loop
      vertex 28.1057 -10.936 2.75241
      vertex 27.8515 -10.4706 2.05002
      vertex 33.2526 -1.17978 2.74523
    endloop
  endfacet
  facet normal -0.152124 0.988361 0
    outer loop
      vertex 6.69552 21.5008 4.18014
      vertex -24.1111 16.7592 2.52059
      vertex 6.69552 21.5008 5.08864
    endloop
  endfacet
  facet normal -0.152124 0.988361 0
    outer loop
      vertex -24.1111 16.7592 2.52059
      vertex 6.69552 21.5008 4.18014
      vertex -24.1111 16.7592 2.07057
    endloop
  endfacet
  facet normal -0.123681 0.479035 0.869039
    outer loop
      vertex 7.13554 19.41 7.57442
      vertex -25.5499 2.35912 12.3215
      vertex -24.8285 1.17243 13.0783
    endloop
  endfacet
  facet normal -0.171602 0.908316 0.381464
    outer loop
      vertex 6.69552 21.5008 5.08864
      vertex -24.1111 16.7592 2.52059
      vertex 6.77126 21.1409 5.97968
    endloop
  endfacet
  facet normal -0.0815573 0.755572 -0.649969
    outer loop
      vertex 6.91984 20.4349 2.44975
      vertex -24.1111 16.7592 2.07057
      vertex 6.77126 21.1409 3.2891
    endloop
  endfacet
  facet normal -0.176028 0.557458 0.811329
    outer loop
      vertex -25.2753 16.0678 2.96195
      vertex -25.5499 2.35912 12.3215
      vertex -14.5328 11.8746 8.17379
    endloop
  endfacet
  facet normal -0.177329 0.67357 0.717535
    outer loop
      vertex 6.91984 20.4349 6.81903
      vertex -25.3219 16.5257 2.52059
      vertex -25.2753 16.0678 2.96195
    endloop
  endfacet
  facet normal -0.085746 0.921254 -0.379392
    outer loop
      vertex 6.77126 21.1409 3.2891
      vertex 6.69552 21.5008 4.18014
      vertex 8.6665 21.3173 3.2891
    endloop
  endfacet
  facet normal -0.660072 0.049283 -0.749584
    outer loop
      vertex -29.5051 6.70986 1.21345
      vertex -31.6821 -2.25955 2.54077
      vertex -29.9639 6.88854 1.62921
    endloop
  endfacet
  facet normal -0.388178 0.162719 -0.907106
    outer loop
      vertex -28.1192 9.85245 0.839279
      vertex -28.6839 10.5912 1.21345
      vertex -27.5197 11.2826 0.839279
    endloop
  endfacet
  facet normal -0.552653 0.231649 -0.800571
    outer loop
      vertex -28.6839 10.5912 1.21345
      vertex -29.0729 11.1 1.62921
      vertex -28 12.2228 1.21345
    endloop
  endfacet
  facet normal -0.646398 0.100161 -0.756397
    outer loop
      vertex -29.1921 8.72968 1.21345
      vertex -29.9639 6.88854 1.62921
      vertex -29.6243 9.08018 1.62921
    endloop
  endfacet
  facet normal -0.831503 0.227021 -0.507015
    outer loop
      vertex -29.0729 11.1 1.62921
      vertex -29.8447 9.25886 2.07057
      vertex -29.2712 11.3594 2.07057
    endloop
  endfacet
  facet normal -0.776231 0.325383 -0.539992
    outer loop
      vertex -29.0729 11.1 1.62921
      vertex -29.2712 11.3594 2.07057
      vertex -28.4994 13.2006 2.07057
    endloop
  endfacet
  facet normal -0.871473 0.387982 0.300007
    outer loop
      vertex -32.9668 0.62626 8.96678
      vertex -34.0304 -0.72958 7.63062
      vertex -33.5966 -0.788376 8.96678
    endloop
  endfacet
  facet normal -0.817567 -0.118203 0.563571
    outer loop
      vertex -32.9417 -2.25955 10.2254
      vertex -33.8093 -2.25955 8.96678
      vertex -33.5966 -3.73072 8.96678
    endloop
  endfacet
  facet normal -0.370984 0.62462 0.687183
    outer loop
      vertex -25.3219 16.5257 2.52059
      vertex -26.486 15.8343 2.52059
      vertex -26.3948 15.4029 2.96195
    endloop
  endfacet
  facet normal -0.510656 0.859785 0
    outer loop
      vertex -25.3219 16.5257 2.07057
      vertex -26.486 15.8343 2.52059
      vertex -25.3219 16.5257 2.52059
    endloop
  endfacet
  facet normal -0.510656 0.859785 0
    outer loop
      vertex -26.486 15.8343 2.52059
      vertex -25.3219 16.5257 2.07057
      vertex -26.486 15.8343 2.07057
    endloop
  endfacet
  facet normal -0.920827 0.385995 0.055555
    outer loop
      vertex -29.2712 11.3594 2.52059
      vertex -34.0304 -0.72958 7.63062
      vertex -28.4994 13.2006 2.52059
    endloop
  endfacet
  facet normal -0.841834 0.451049 0.29643
    outer loop
      vertex -28.4994 13.2006 2.52059
      vertex -33.3755 0.741591 7.63062
      vertex -32.9668 0.62626 8.96678
    endloop
  endfacet
  facet normal -0.15418 0.0959694 -0.983371
    outer loop
      vertex -26.1898 8.67879 0.271059
      vertex -26.309 11.0491 0.521072
      vertex -25.7443 9.39451 0.271059
    endloop
  endfacet
  facet normal -0.0965619 0.060105 -0.993511
    outer loop
      vertex -25.1168 7.55602 0.0988464
      vertex -26.1898 8.67879 0.271059
      vertex -25.7443 9.39451 0.271059
    endloop
  endfacet
  facet normal -0.11503 0.109919 -0.987262
    outer loop
      vertex -25.2361 9.92634 0.271059
      vertex -25.7443 9.39451 0.271059
      vertex -25.6251 11.7648 0.521072
    endloop
  endfacet
  facet normal -0.0445669 0.231192 -0.971887
    outer loop
      vertex -12.0622 14.8037 0.466839
      vertex -25.0516 13.8654 0.839279
      vertex -24.1111 14.0467 0.839279
    endloop
  endfacet
  facet normal -0.0443065 0.0746095 -0.996228
    outer loop
      vertex -24.8039 7.88352 0.0988464
      vertex -25.2361 9.92634 0.271059
      vertex -24.4643 8.08519 0.0988464
    endloop
  endfacet
  facet normal -0.0443016 0.0746116 -0.996228
    outer loop
      vertex -24.4643 8.08519 0.0988464
      vertex -25.2361 9.92634 0.271059
      vertex -24.6846 10.2538 0.271059
    endloop
  endfacet
  facet normal -0.471248 0.293307 -0.831803
    outer loop
      vertex -27.1666 13.5618 1.21345
      vertex -28 12.2228 1.21345
      vertex -27.4265 14.3233 1.62921
    endloop
  endfacet
  facet normal -0.363794 0.347653 -0.864171
    outer loop
      vertex -27.1666 13.5618 1.21345
      vertex -27.4265 14.3233 1.62921
      vertex -26.3948 15.4029 1.62921
    endloop
  endfacet
  facet normal -0.150916 -0.269864 0.950998
    outer loop
      vertex -25.1161 -3.87708 13.5997
      vertex -25.771 -5.34825 13.0783
      vertex -24.6074 -4.16156 13.5997
    endloop
  endfacet
  facet normal 0.0882686 -0.79549 0.599504
    outer loop
      vertex 6.06082 -19.5105 9.50488
      vertex 6.06082 -20.3922 8.33494
      vertex 7.85604 -19.3113 9.50488
    endloop
  endfacet
  facet normal 0.399484 -0.663549 0.632547
    outer loop
      vertex 11.1732 -17.7637 9.50488
      vertex 9.58228 -18.7215 9.50488
      vertex 26.6177 -12.7561 5.00396
    endloop
  endfacet
  facet normal 0.0882489 -0.795478 0.599523
    outer loop
      vertex 7.85604 -19.3113 9.50488
      vertex 6.06082 -20.3922 8.33494
      vertex 8.00875 -20.1761 8.33494
    endloop
  endfacet
  facet normal -0.0698497 -0.8852 0.459937
    outer loop
      vertex -5.72111 -18.9146 9.38945
      vertex -5.72111 -19.5151 8.23372
      vertex 6.06082 -20.3922 8.33494
    endloop
  endfacet
  facet normal -0.0682355 -0.938144 -0.339454
    outer loop
      vertex 6.06082 -20.8416 5.8266
      vertex -5.72111 -19.5151 4.52892
      vertex 6.06082 -20.3922 4.5846
    endloop
  endfacet
  facet normal 0.30461 -0.89145 0.335455
    outer loop
      vertex 9.88182 -19.5361 8.33494
      vertex 8.0866 -20.6169 7.09293
      vertex 10.0345 -19.9513 7.09293
    endloop
  endfacet
  facet normal 0.0155381 -0.0873926 -0.996053
    outer loop
      vertex 4.17245 -12.7618 0.195477
      vertex -5.61474 -12.6242 0.0307274
      vertex 4.17245 -10.783 0.0218592
    endloop
  endfacet
  facet normal 0.00146688 -7.95603e-05 -0.999999
    outer loop
      vertex 25.3232 -5.16685 0.0186739
      vertex 18.0276 1.60996 0.00743294
      vertex 25.3323 -4.99907 0.0186739
    endloop
  endfacet
  facet normal 0.0382312 -0.344524 0.937999
    outer loop
      vertex 7.02039 -14.5793 12.1568
      vertex 6.06082 -16.6014 11.4532
      vertex 7.35218 -16.4581 11.4532
    endloop
  endfacet
  facet normal 0.122193 -0.0106832 0.992449
    outer loop
      vertex 9.08966 -9.14561 12.6414
      vertex 7.06389 -9.37034 12.8884
      vertex 9.03147 -9.81118 12.6414
    endloop
  endfacet
  facet normal -0.0444508 -0.313284 0.948619
    outer loop
      vertex -5.72111 -14.1784 12.4879
      vertex -6.03615 -14.1337 12.4879
      vertex -5.72111 -15.6282 12.0091
    endloop
  endfacet
  facet normal -0.111469 -0.306105 0.945449
    outer loop
      vertex -24.6074 -4.16156 13.5997
      vertex -25.771 -5.34825 13.0783
      vertex -24.0269 -4.37295 13.5997
    endloop
  endfacet
  facet normal 0.207333 -0.606898 0.76726
    outer loop
      vertex 9.1474 -17.539 10.5578
      vertex 7.63435 -18.0559 10.5578
      vertex 7.85604 -19.3113 9.50488
    endloop
  endfacet
  facet normal 0.399274 -0.653001 0.64356
    outer loop
      vertex 26.4801 -12.148 5.70635
      vertex 11.1732 -17.7637 9.50488
      vertex 26.6177 -12.7561 5.00396
    endloop
  endfacet
  facet normal 0.0404511 0.434601 0.899714
    outer loop
      vertex 8.6665 19.5525 7.57442
      vertex 8.6665 18.2226 8.21682
      vertex 10.1975 19.41 7.57442
    endloop
  endfacet
  facet normal -0.166231 0.456402 0.874108
    outer loop
      vertex -24.8285 1.17243 13.0783
      vertex -26.8183 1.89714 12.3215
      vertex -25.771 0.829152 13.0783
    endloop
  endfacet
  facet normal 0.0559512 0.0969953 0.993711
    outer loop
      vertex 7.21991 -5.99369 12.6414
      vertex -21.9407 -1.71338 13.8655
      vertex 6.4522 -8.08134 12.8884
    endloop
  endfacet
  facet normal 0.0579514 0.0962548 0.993668
    outer loop
      vertex 7.21991 -5.99369 12.6414
      vertex 6.62901 -8.18779 12.8884
      vertex 7.74356 -6.30896 12.6414
    endloop
  endfacet
  facet normal 0.0622437 0.12636 0.99003
    outer loop
      vertex 5.55317 0 11.9812
      vertex 5.38616 0 11.9917
      vertex 7.21991 -5.99369 12.6414
    endloop
  endfacet
  facet normal 0.0617541 0.126223 0.990078
    outer loop
      vertex 3.11212 7.4328 11.1859
      vertex 5.17943 1.34402 11.8332
      vertex 3.54391 7.22547 11.1854
    endloop
  endfacet
  facet normal 0.0630208 0.128862 0.989658
    outer loop
      vertex 3.11212 7.4328 11.1859
      vertex 3.54391 7.22547 11.1854
      vertex 3.11212 7.43664 11.1854
    endloop
  endfacet
  facet normal 0.061753 0.126222 0.990078
    outer loop
      vertex 5.17943 1.34402 11.8332
      vertex 3.11212 7.4328 11.1859
      vertex 5.17943 0.675718 11.9184
    endloop
  endfacet
  facet normal 0.0704875 0.757198 0.649371
    outer loop
      vertex 10.5617 21.1409 5.97968
      vertex 8.6665 20.5975 6.81903
      vertex 10.4132 20.4349 6.81903
    endloop
  endfacet
  facet normal -0.280245 0.337522 0.898633
    outer loop
      vertex -27.9301 1.27543 12.3215
      vertex -28.8425 0.517864 12.3215
      vertex -27.2752 -0.195744 13.0783
    endloop
  endfacet
  facet normal -0.226642 0.405327 0.885632
    outer loop
      vertex -25.771 0.829152 13.0783
      vertex -26.8183 1.89714 12.3215
      vertex -26.5972 0.367176 13.0783
    endloop
  endfacet
  facet normal -0.91357 -0.406681 0
    outer loop
      vertex -33.3755 -5.26069 6.26829
      vertex -34.0304 -3.78952 7.63062
      vertex -34.0304 -3.78952 6.26829
    endloop
  endfacet
  facet normal -0.91357 -0.406681 0
    outer loop
      vertex -34.0304 -3.78952 7.63062
      vertex -33.3755 -5.26069 6.26829
      vertex -33.3755 -5.26069 7.63062
    endloop
  endfacet
  facet normal -0.871473 -0.387981 -0.30001
    outer loop
      vertex -32.9668 -5.14536 4.93214
      vertex -34.0304 -3.78952 6.26829
      vertex -33.5966 -3.73072 4.93214
    endloop
  endfacet
  facet normal -0.817577 -0.118189 0.563559
    outer loop
      vertex -32.9417 -2.25955 10.2254
      vertex -33.5966 -3.73072 8.96678
      vertex -32.7457 -3.61539 10.2254
    endloop
  endfacet
  facet normal -0.471385 -0.567774 0.674854
    outer loop
      vertex -30.1755 -5.64384 11.3581
      vertex -31.2228 -6.12066 10.2254
      vertex -29.9543 -7.17381 10.2254
    endloop
  endfacet
  facet normal -0.651843 0.511315 0.560051
    outer loop
      vertex -27.559 14.7115 2.52059
      vertex -32.1653 0.400027 10.2254
      vertex -31.2228 1.60156 10.2254
    endloop
  endfacet
  facet normal -0.557761 0.533014 0.636238
    outer loop
      vertex -26.486 15.8343 2.52059
      vertex -27.4265 14.3233 2.96195
      vertex -26.3948 15.4029 2.96195
    endloop
  endfacet
  facet normal -0.301343 -0.53889 0.786632
    outer loop
      vertex -27.9301 -5.79453 12.3215
      vertex -29.0637 -6.56693 11.3581
      vertex -26.8183 -6.41624 12.3215
    endloop
  endfacet
  facet normal -0.280236 0.337526 0.898634
    outer loop
      vertex -26.5972 0.367176 13.0783
      vertex -27.9301 1.27543 12.3215
      vertex -27.2752 -0.195744 13.0783
    endloop
  endfacet
  facet normal -0.124791 -0.880431 0.457459
    outer loop
      vertex -5.72111 -18.9146 9.38945
      vertex -6.75964 -19.3679 8.23372
      vertex -5.72111 -19.5151 8.23372
    endloop
  endfacet
  facet normal -0.187498 -0.91529 -0.356495
    outer loop
      vertex -6.75964 -19.3679 4.52892
      vertex -17.9788 -16.6671 3.49539
      vertex -17.9788 -16.3769 2.75031
    endloop
  endfacet
  facet normal -0.341322 -0.835375 0.43087
    outer loop
      vertex -6.75964 -19.3679 8.23372
      vertex -19.9236 -15.0474 6.18226
      vertex -18.5036 -16.2373 5.00015
    endloop
  endfacet
  facet normal -0.616371 -0.742348 0.26269
    outer loop
      vertex -30.5678 -7.59183 8.96678
      vertex -31.9441 -6.44909 8.96678
      vertex -30.8806 -7.80493 7.63062
    endloop
  endfacet
  facet normal -0.514232 -0.816266 0.263202
    outer loop
      vertex -20.7778 -14.6572 6.18226
      vertex -30.5678 -7.59183 8.96678
      vertex -20.8474 -14.9104 5.26103
    endloop
  endfacet
  facet normal -0.431635 -0.7719 0.466756
    outer loop
      vertex -28.4087 -8.0381 10.2254
      vertex -30.5678 -7.59183 8.96678
      vertex -28.8907 -8.52964 8.96678
    endloop
  endfacet
  facet normal -0.358369 -0.784824 0.505592
    outer loop
      vertex -19.8539 -14.5202 7.05003
      vertex -20.6412 -14.1607 7.05003
      vertex -19.9236 -15.0474 6.18226
    endloop
  endfacet
  facet normal -0.342748 -0.736973 0.582576
    outer loop
      vertex -7.59856 -18.3772 9.38945
      vertex -28.4087 -8.0381 10.2254
      vertex -20.6412 -14.1607 7.05003
    endloop
  endfacet
  facet normal -0.346522 -0.412518 -0.842467
    outer loop
      vertex -18.8104 -14.5345 1.41681
      vertex -23.558 -9.91117 1.10575
      vertex -18.6613 -13.5627 0.879636
    endloop
  endfacet
  facet normal -0.441224 -0.530853 -0.723544
    outer loop
      vertex -18.9275 -15.2981 2.04846
      vertex -24.4913 -10.0607 1.59872
      vertex -18.8104 -14.5345 1.41681
    endloop
  endfacet
  facet normal -0.0664916 -0.469045 -0.880668
    outer loop
      vertex -5.72111 -16.9331 1.44849
      vertex -6.4096 -16.8355 1.44849
      vertex -5.72111 -15.6282 0.753498
    endloop
  endfacet
  facet normal -0.0880233 -0.620934 -0.778905
    outer loop
      vertex -5.72111 -18.0427 2.33305
      vertex -6.4096 -16.8355 1.44849
      vertex -5.72111 -16.9331 1.44849
    endloop
  endfacet
  facet normal -0.436358 -0.532803 -0.725061
    outer loop
      vertex -18.4625 -15.679 2.04846
      vertex -18.8104 -14.5345 1.41681
      vertex -18.4027 -14.8684 1.41681
    endloop
  endfacet
  facet normal -0.160738 -0.874756 -0.457128
    outer loop
      vertex -6.75964 -19.3679 4.52892
      vertex -17.9788 -16.3769 2.75031
      vertex -6.67823 -18.7789 3.37319
    endloop
  endfacet
  facet normal -0.00280004 -0.000434076 -0.999996
    outer loop
      vertex -24.6758 4.15137 0.0110531
      vertex -24.7106 4.37585 0.0110531
      vertex -22.5299 -1.56852 0.00752735
    endloop
  endfacet
  facet normal -0.000314931 0.000471124 -1
    outer loop
      vertex -22.3067 -0.406281 0.00752735
      vertex -24.345 5.71488 0.0110531
      vertex -7.96189 8.12609 0.00702953
    endloop
  endfacet
  facet normal -0.079741 -0.099154 -0.991872
    outer loop
      vertex -18.138 -11.2755 0.166865
      vertex -19.2944 -8.90709 0.0230713
      vertex -19.2137 -8.97199 0.0230713
    endloop
  endfacet
  facet normal -0.00161724 -0.0114695 -0.999933
    outer loop
      vertex -5.82749 -12.6242 0.0307274
      vertex -17.9788 -9.85872 0.0186596
      vertex -5.72111 -12.6392 0.0307274
    endloop
  endfacet
  facet normal -0.107338 -0.0741644 -0.991453
    outer loop
      vertex -19.365 -8.81976 0.0230713
      vertex -25.8438 -3.13495 0.299241
      vertex -23.7895 -2.55513 0.0334635
    endloop
  endfacet
  facet normal -9.88216e-06 -3.60777e-05 -1
    outer loop
      vertex -22.2469 -2.09473 0.00752735
      vertex -22.3067 -2.07835 0.00752735
      vertex -7.7811 7.74144 0.00702953
    endloop
  endfacet
  facet normal -0.106337 -0.110911 -0.988125
    outer loop
      vertex -18.2911 -11.1501 0.166865
      vertex -19.8026 -10.0524 0.206315
      vertex -19.2944 -8.90709 0.0230713
    endloop
  endfacet
  facet normal -0.149833 -0.117523 -0.981702
    outer loop
      vertex -25.5336 -3.53043 0.299241
      vertex -25.8438 -3.13495 0.299241
      vertex -20.012 -9.79379 0.206315
    endloop
  endfacet
  facet normal -0.00786516 -0.0057632 -0.999952
    outer loop
      vertex -19.365 -8.81976 0.0230713
      vertex -22.3641 -2.02985 0.00752735
      vertex -18.0843 -9.8021 0.0186596
    endloop
  endfacet
  facet normal 5.38236e-06 -4.19264e-05 -1
    outer loop
      vertex 17.8017 1.29926 0.00743294
      vertex -7.2892 7.70004 0.00702953
      vertex -7.16628 7.71582 0.00702953
    endloop
  endfacet
  facet normal -0.339517 -0.414558 -0.844316
    outer loop
      vertex -18.4027 -14.8684 1.41681
      vertex -18.8104 -14.5345 1.41681
      vertex -18.3267 -13.8366 0.879636
    endloop
  endfacet
  facet normal -0.616368 -0.742349 -0.262694
    outer loop
      vertex -30.8806 -7.80493 6.26829
      vertex -32.3119 -6.61653 6.26829
      vertex -31.9441 -6.44909 4.93214
    endloop
  endfacet
  facet normal -0.372051 -0.0537878 -0.926652
    outer loop
      vertex -29.938 -3.23485 1.57745
      vertex -30.079 -2.25955 1.57745
      vertex -28.1939 -2.25955 0.820582
    endloop
  endfacet
  facet normal -0.288817 -0.239437 -0.92696
    outer loop
      vertex -23.558 -9.91117 1.10575
      vertex -27.2752 -4.32335 0.820582
      vertex -22.3702 -9.7209 0.686514
    endloop
  endfacet
  facet normal -0.129457 -0.0996106 -0.986569
    outer loop
      vertex -20.012 -9.79379 0.206315
      vertex -25.8438 -3.13495 0.299241
      vertex -19.365 -8.81976 0.0230713
    endloop
  endfacet
  facet normal -0.211557 -0.168338 -0.96276
    outer loop
      vertex -22.3702 -9.7209 0.686514
      vertex -27.2752 -4.32335 0.820582
      vertex -25.5336 -3.53043 0.299241
    endloop
  endfacet
  facet normal -0.671114 -0.526429 -0.521994
    outer loop
      vertex -31.2228 -6.12066 3.67351
      vertex -32.9668 -5.14536 4.93214
      vertex -32.1653 -4.91912 3.67351
    endloop
  endfacet
  facet normal -0.940521 0.135979 -0.311337
    outer loop
      vertex -33.8093 -2.25955 4.93214
      vertex -34.2516 -2.25955 6.26829
      vertex -34.0304 -0.72958 6.26829
    endloop
  endfacet
  facet normal -0.940521 -0.135979 -0.311337
    outer loop
      vertex -34.0304 -3.78952 6.26829
      vertex -34.2516 -2.25955 6.26829
      vertex -33.8093 -2.25955 4.93214
    endloop
  endfacet
  facet normal -0.665567 -0.0962143 -0.74011
    outer loop
      vertex -32.7457 -3.61539 3.67351
      vertex -32.9417 -2.25955 3.67351
      vertex -31.5103 -3.44795 2.54077
    endloop
  endfacet
  facet normal -0.786377 0.121851 -0.60561
    outer loop
      vertex -29.9639 6.88854 1.62921
      vertex -32.7457 -0.903708 3.67351
      vertex -29.6243 9.08018 1.62921
    endloop
  endfacet
  facet normal -0.817579 -0.118189 -0.563556
    outer loop
      vertex -32.7457 -3.61539 3.67351
      vertex -33.5966 -3.73072 4.93214
      vertex -32.9417 -2.25955 3.67351
    endloop
  endfacet
  facet normal -0.230016 -0.0356363 -0.972534
    outer loop
      vertex -27.7661 1.6454 0.521072
      vertex -27.9912 3.09832 0.521072
      vertex -26.827 2.40692 0.271059
    endloop
  endfacet
  facet normal -0.0702285 -0.0108804 -0.997472
    outer loop
      vertex -25.7836 3.25309 0.0988464
      vertex -25.8866 3.91791 0.0988464
      vertex -24.7106 4.37585 0.0110531
    endloop
  endfacet
  facet normal -0.00229863 -0.000250132 -0.999997
    outer loop
      vertex -22.5299 -1.56852 0.00752735
      vertex -24.7106 4.37585 0.0110531
      vertex -22.5473 -1.40862 0.00752735
    endloop
  endfacet
  facet normal -0.0702225 -0.0108862 -0.997472
    outer loop
      vertex -24.6758 4.15137 0.0110531
      vertex -25.7836 3.25309 0.0988464
      vertex -24.7106 4.37585 0.0110531
    endloop
  endfacet
  facet normal -0.230016 0.0356363 -0.972534
    outer loop
      vertex -26.827 6.8117 0.271059
      vertex -27.9912 6.1203 0.521072
      vertex -27.7661 7.57322 0.521072
    endloop
  endfacet
  facet normal -0.212601 0.0580477 -0.975413
    outer loop
      vertex -26.5553 7.80668 0.271059
      vertex -27.7661 7.57322 0.521072
      vertex -27.4005 8.91224 0.521072
    endloop
  endfacet
  facet normal -0.610093 0.166552 -0.774627
    outer loop
      vertex -29.1921 8.72968 1.21345
      vertex -29.6243 9.08018 1.62921
      vertex -29.0729 11.1 1.62921
    endloop
  endfacet
  facet normal -0.226178 0.140783 -0.963859
    outer loop
      vertex -26.309 11.0491 0.521072
      vertex -27.5197 11.2826 0.839279
      vertex -26.7892 12.4562 0.839279
    endloop
  endfacet
  facet normal -0.0435966 0.455506 -0.889165
    outer loop
      vertex -11.2878 16.4614 1.08715
      vertex -24.1111 16.2922 1.62921
      vertex 7.13554 19.41 1.69436
    endloop
  endfacet
  facet normal -0.0463893 0.412935 -0.909578
    outer loop
      vertex -11.0552 15.8265 0.751926
      vertex -24.1111 15.3764 1.21345
      vertex -24.1111 16.2922 1.62921
    endloop
  endfacet
  facet normal 0.213577 0.339834 -0.915914
    outer loop
      vertex 22.8144 9.02529 0.484796
      vertex 12.2445 17.1968 1.05196
      vertex 23.3589 9.88825 0.931951
    endloop
  endfacet
  facet normal 0.1376 0.27237 -0.952303
    outer loop
      vertex 11.3252 15.8964 0.547223
      vertex 10.4978 16.3144 0.547223
      vertex 11.1311 17.7592 1.05196
    endloop
  endfacet
  facet normal -0.018689 0.0488033 -0.998634
    outer loop
      vertex -21.8064 7.46484 0.0187883
      vertex -24.4643 8.08519 0.0988464
      vertex -10.0001 11.8042 0.00990295
    endloop
  endfacet
  facet normal -0.00668821 0.0161496 -0.999847
    outer loop
      vertex -10.0001 11.8042 0.00990295
      vertex -21.9047 7.42413 0.0187883
      vertex -21.8064 7.46484 0.0187883
    endloop
  endfacet
  facet normal 0.117511 -0.0316463 0.992567
    outer loop
      vertex 9.03147 -9.81118 12.6414
      vertex 7.06389 -9.37034 12.8884
      vertex 8.85911 -10.4512 12.6414
    endloop
  endfacet
  facet normal 0.0949718 -0.0691995 0.993072
    outer loop
      vertex 6.91118 -9.7856 12.8884
      vertex 6.78399 -9.96016 12.8884
      vertex 8.57921 -11.041 12.6414
    endloop
  endfacet
  facet normal 0.328127 0.243968 -0.912586
    outer loop
      vertex 29.9764 1.08728 0.878011
      vertex 23.5965 8.19714 0.484796
      vertex 24.4114 8.77376 0.931951
    endloop
  endfacet
  facet normal -0.00319778 0.0597843 -0.998206
    outer loop
      vertex -9.40383 11.9024 0.00990295
      vertex -9.61322 11.8912 0.00990295
      vertex 8.6665 13.0762 0.022315
    endloop
  endfacet
  facet normal 0.383341 -0.0664785 -0.921212
    outer loop
      vertex 31.7138 -0.194269 1.41419
      vertex 30.312 -0.8476 0.878011
      vertex 30.4253 -0.194269 0.878011
    endloop
  endfacet
  facet normal 0.438431 -0.291861 -0.850056
    outer loop
      vertex 27.4824 -9.79492 1.41789
      vertex 26.9209 -10.6384 1.41789
      vertex 27.0126 -8.93492 0.880307
    endloop
  endfacet
  facet normal 0.526424 0.0912547 -0.845311
    outer loop
      vertex 31.7138 -0.194269 1.41419
      vertex 31.5758 0.601816 1.41419
      vertex 32.7262 -0.194269 2.04467
    endloop
  endfacet
  facet normal 0.212303 -0.382255 -0.899338
    outer loop
      vertex 25.5853 -11.6511 1.41789
      vertex 25.4557 -10.4583 0.880307
      vertex 26.2803 -11.2651 1.41789
    endloop
  endfacet
  facet normal 0.703462 0.121988 -0.700186
    outer loop
      vertex 32.7262 -0.194269 2.04467
      vertex 32.5687 0.713978 2.04467
      vertex 33.2526 0.791236 2.74523
    endloop
  endfacet
  facet normal 0.592988 0.751658 -0.288749
    outer loop
      vertex 24.4365 11.5959 2.91388
      vertex 15.8103 18.8876 4.18014
      vertex 24.5642 11.7984 3.70327
    endloop
  endfacet
  facet normal 0.298605 -0.217571 0.929246
    outer loop
      vertex 11.5646 -13.2878 11.4532
      vertex 10.1505 -12.2235 12.1568
      vertex 10.7414 -14.4176 11.4532
    endloop
  endfacet
  facet normal 0.748988 -0.394417 0.532403
    outer loop
      vertex 33.2526 -1.17978 4.99091
      vertex 27.8515 -10.4706 5.70635
      vertex 28.1057 -10.936 5.00396
    endloop
  endfacet
  facet normal 0.449298 -0.809171 -0.378647
    outer loop
      vertex 25.793 -13.563 3.49806
      vertex 25.7573 -13.2339 2.75241
      vertex 26.6879 -13.0661 3.49806
    endloop
  endfacet
  facet normal 0.792626 -0.527557 -0.305658
    outer loop
      vertex 28.2353 -11.1733 3.49806
      vertex 27.4107 -11.9802 2.75241
      vertex 28.1057 -10.936 2.75241
    endloop
  endfacet
  facet normal 0.566016 -0.376793 -0.733248
    outer loop
      vertex 27.8515 -10.4706 2.05002
      vertex 26.9209 -10.6384 1.41789
      vertex 27.4824 -9.79492 1.41789
    endloop
  endfacet
  facet normal 0.49545 0.264652 -0.827338
    outer loop
      vertex 31.5758 0.601816 1.41419
      vertex 31.1669 1.36731 1.41419
      vertex 32.1022 1.58732 2.04467
    endloop
  endfacet
  facet normal -0.0857247 0.921274 0.379349
    outer loop
      vertex 8.6665 21.6842 5.08864
      vertex 6.69552 21.5008 5.08864
      vertex 8.6665 21.3173 5.97968
    endloop
  endfacet
  facet normal 0.562192 0.731161 -0.38645
    outer loop
      vertex 24.4365 11.5959 2.91388
      vertex 14.0637 19.7699 3.2891
      vertex 14.2794 20.075 4.18014
    endloop
  endfacet
  facet normal 0.722633 0.577918 0.379227
    outer loop
      vertex 33.0749 1.81613 4.2472
      vertex 25.3084 10.8382 5.29752
      vertex 32.7464 1.73887 4.99091
    endloop
  endfacet
  facet normal 0.565278 0.728806 0.386396
    outer loop
      vertex 15.8103 18.8876 5.08864
      vertex 14.2794 20.075 5.08864
      vertex 15.5358 18.6281 5.97968
    endloop
  endfacet
  facet normal 0.692008 -0.460667 0.555797
    outer loop
      vertex 27.8515 -10.4706 5.70635
      vertex 27.2109 -11.4329 5.70635
      vertex 27.4107 -11.9802 5.00396
    endloop
  endfacet
  facet normal 0.657089 -0.329793 0.677843
    outer loop
      vertex 32.5687 -1.10252 5.69146
      vertex 27.8515 -10.4706 5.70635
      vertex 33.2526 -1.17978 4.99091
    endloop
  endfacet
  facet normal -0.557748 0.53301 -0.636252
    outer loop
      vertex -27.4265 14.3233 1.62921
      vertex -27.559 14.7115 2.07057
      vertex -26.486 15.8343 2.07057
    endloop
  endfacet
  facet normal 0.119885 0.418204 -0.900407
    outer loop
      vertex 11.6696 18.988 1.69436
      vertex 9.92293 18.1056 1.05196
      vertex 10.1975 19.41 1.69436
    endloop
  endfacet
  facet normal 0.16147 0.56327 -0.810342
    outer loop
      vertex 11.6696 18.988 1.69436
      vertex 10.1975 19.41 1.69436
      vertex 10.4132 20.4349 2.44975
    endloop
  endfacet
  facet normal -0.555703 0.531048 0.639673
    outer loop
      vertex -27.4265 14.3233 2.96195
      vertex -31.2228 1.60156 10.2254
      vertex -26.3948 15.4029 2.96195
    endloop
  endfacet
  facet normal -0.559906 0.439195 0.702575
    outer loop
      vertex -30.1755 1.12474 11.3581
      vertex -31.2228 1.60156 10.2254
      vertex -31.0016 0.0715895 11.3581
    endloop
  endfacet
  facet normal -0.166231 0.456401 0.874108
    outer loop
      vertex -25.5499 2.35912 12.3215
      vertex -26.8183 1.89714 12.3215
      vertex -24.8285 1.17243 13.0783
    endloop
  endfacet
  facet normal -0.306818 0.548657 0.777714
    outer loop
      vertex -25.2753 16.0678 2.96195
      vertex -29.0637 2.04783 11.3581
      vertex -27.709 2.8054 11.3581
    endloop
  endfacet
  facet normal -0.0874975 0.425238 0.900842
    outer loop
      vertex 7.13554 19.41 7.57442
      vertex -23.8058 1.38382 13.0783
      vertex 7.41007 18.1056 8.21682
    endloop
  endfacet
  facet normal -0.0404689 0.434584 0.899722
    outer loop
      vertex 8.6665 18.2226 8.21682
      vertex 7.13554 19.41 7.57442
      vertex 7.41007 18.1056 8.21682
    endloop
  endfacet
  facet normal 0.567652 0.423765 0.705829
    outer loop
      vertex 25.6489 9.64941 6.04111
      vertex 25.1044 9.26413 6.71033
      vertex 32.1022 1.58732 5.69146
    endloop
  endfacet
  facet normal 0.119885 0.418204 0.900407
    outer loop
      vertex 10.1975 19.41 7.57442
      vertex 9.92293 18.1056 8.21682
      vertex 11.6696 18.988 7.57442
    endloop
  endfacet
  facet normal -0.913323 0.24936 -0.321962
    outer loop
      vertex -29.8447 9.25886 2.07057
      vertex -33.5966 -0.788376 4.93214
      vertex -29.2712 11.3594 2.07057
    endloop
  endfacet
  facet normal -0.831463 0.226985 -0.507097
    outer loop
      vertex -29.6243 9.08018 1.62921
      vertex -29.8447 9.25886 2.07057
      vertex -29.0729 11.1 1.62921
    endloop
  endfacet
  facet normal -0.776252 0.325382 -0.539962
    outer loop
      vertex -28.3308 12.8704 1.62921
      vertex -29.0729 11.1 1.62921
      vertex -28.4994 13.2006 2.07057
    endloop
  endfacet
  facet normal -0.55266 0.231659 -0.800563
    outer loop
      vertex -28 12.2228 1.21345
      vertex -29.0729 11.1 1.62921
      vertex -28.3308 12.8704 1.62921
    endloop
  endfacet
  facet normal -0.93049 0.366316 0
    outer loop
      vertex -34.0304 -0.72958 6.26829
      vertex -29.2712 11.3594 2.52059
      vertex -29.2712 11.3594 2.07057
    endloop
  endfacet
  facet normal -0.93049 0.366316 0
    outer loop
      vertex -29.2712 11.3594 2.52059
      vertex -34.0304 -0.72958 6.26829
      vertex -34.0304 -0.72958 7.63062
    endloop
  endfacet
  facet normal -0.94052 -0.135979 -0.311337
    outer loop
      vertex -33.5966 -3.73072 4.93214
      vertex -34.0304 -3.78952 6.26829
      vertex -33.8093 -2.25955 4.93214
    endloop
  endfacet
  facet normal -0.575547 -0.69318 -0.433875
    outer loop
      vertex -30.5678 -7.59183 4.93214
      vertex -31.9441 -6.44909 4.93214
      vertex -19.0082 -15.8241 2.75031
    endloop
  endfacet
  facet normal -0.628003 0.279576 0.726257
    outer loop
      vertex -32.1653 0.400027 10.2254
      vertex -32.7457 -0.903708 10.2254
      vertex -31.0016 0.0715895 11.3581
    endloop
  endfacet
  facet normal -0.764265 0.340238 0.547847
    outer loop
      vertex -32.1653 0.400027 10.2254
      vertex -32.9668 0.62626 8.96678
      vertex -32.7457 -0.903708 10.2254
    endloop
  endfacet
  facet normal -0.557761 0.533014 -0.636238
    outer loop
      vertex -26.3948 15.4029 1.62921
      vertex -27.4265 14.3233 1.62921
      vertex -26.486 15.8343 2.07057
    endloop
  endfacet
  facet normal -0.370984 0.62462 -0.687183
    outer loop
      vertex -26.3948 15.4029 1.62921
      vertex -26.486 15.8343 2.07057
      vertex -25.3219 16.5257 2.07057
    endloop
  endfacet
  facet normal -0.907084 0.403794 0.118949
    outer loop
      vertex -28.4994 13.2006 2.52059
      vertex -34.0304 -0.72958 7.63062
      vertex -33.3755 0.741591 7.63062
    endloop
  endfacet
  facet normal -0.871476 0.387943 0.30005
    outer loop
      vertex -33.3755 0.741591 7.63062
      vertex -34.0304 -0.72958 7.63062
      vertex -32.9668 0.62626 8.96678
    endloop
  endfacet
  facet normal -0.0794219 0.412045 -0.907695
    outer loop
      vertex -25.1841 15.1695 1.21345
      vertex -25.2753 16.0678 1.62921
      vertex -24.1111 16.2922 1.62921
    endloop
  endfacet
  facet normal -0.0357129 0.216874 -0.975546
    outer loop
      vertex -11.3792 13.9086 0.242846
      vertex -12.0622 14.8037 0.466839
      vertex -10.759 15.0183 0.466839
    endloop
  endfacet
  facet normal -0.15328 0.258101 -0.953881
    outer loop
      vertex -25.9559 13.3283 0.839279
      vertex -26.2158 14.5568 1.21345
      vertex -25.1841 15.1695 1.21345
    endloop
  endfacet
  facet normal -0.231161 0.389243 -0.891658
    outer loop
      vertex -26.2158 14.5568 1.21345
      vertex -26.3948 15.4029 1.62921
      vertex -25.1841 15.1695 1.21345
    endloop
  endfacet
  facet normal -0.0521455 0.270506 -0.961305
    outer loop
      vertex -24.1111 14.0467 0.839279
      vertex -25.0516 13.8654 0.839279
      vertex -24.1111 15.3764 1.21345
    endloop
  endfacet
  facet normal -0.00857263 0.141503 -0.989901
    outer loop
      vertex -10.0239 13.0122 0.0885582
      vertex -10.4108 14.0681 0.242846
      vertex 8.6665 14.921 0.199554
    endloop
  endfacet
  facet normal -0.0224787 0.136479 -0.990388
    outer loop
      vertex -10.0239 13.0122 0.0885582
      vertex -11.3792 13.9086 0.242846
      vertex -10.4108 14.0681 0.242846
    endloop
  endfacet
  facet normal -0.11503 0.109919 -0.987262
    outer loop
      vertex -25.7443 9.39451 0.271059
      vertex -26.309 11.0491 0.521072
      vertex -25.6251 11.7648 0.521072
    endloop
  endfacet
  facet normal -0.0357208 0.216878 -0.975545
    outer loop
      vertex -10.4108 14.0681 0.242846
      vertex -11.3792 13.9086 0.242846
      vertex -10.759 15.0183 0.466839
    endloop
  endfacet
  facet normal -0.0362752 0.124996 -0.991494
    outer loop
      vertex -11.1698 12.7545 0.0885582
      vertex -24.8829 12.2056 0.521072
      vertex -10.6202 12.914 0.0885582
    endloop
  endfacet
  facet normal -0.150734 -0.00758523 -0.988545
    outer loop
      vertex -26.9943 3.48654 0.271059
      vertex -27.0508 4.60931 0.271059
      vertex -25.8866 3.91791 0.0988464
    endloop
  endfacet
  facet normal -0.145033 0.0224746 -0.989172
    outer loop
      vertex -25.8866 5.30071 0.0988464
      vertex -26.9943 5.73208 0.271059
      vertex -26.827 6.8117 0.271059
    endloop
  endfacet
  facet normal -0.245463 0.234542 -0.940605
    outer loop
      vertex -26.7892 12.4562 0.839279
      vertex -27.1666 13.5618 1.21345
      vertex -25.9559 13.3283 0.839279
    endloop
  endfacet
  facet normal -0.22618 0.140775 -0.963859
    outer loop
      vertex -26.9085 10.0859 0.521072
      vertex -27.5197 11.2826 0.839279
      vertex -26.309 11.0491 0.521072
    endloop
  endfacet
  facet normal 0.401225 -0.70035 0.590362
    outer loop
      vertex 26.6177 -12.7561 5.00396
      vertex 9.58228 -18.7215 9.50488
      vertex 9.88182 -19.5361 8.33494
    endloop
  endfacet
  facet normal 0.381469 -0.171029 0.908422
    outer loop
      vertex 26.7411 -7.29692 7.29844
      vertex 26.4601 -7.92367 7.29844
      vertex 27.3907 -8.09145 6.87607
    endloop
  endfacet
  facet normal 0.038238 -0.344527 0.937998
    outer loop
      vertex 6.06082 -14.6858 12.1568
      vertex 6.06082 -16.6014 11.4532
      vertex 7.02039 -14.5793 12.1568
    endloop
  endfacet
  facet normal 0.113039 -0.330892 0.936874
    outer loop
      vertex 8.59391 -16.0339 11.4532
      vertex 7.02039 -14.5793 12.1568
      vertex 7.35218 -16.4581 11.4532
    endloop
  endfacet
  facet normal -0.0880197 -0.620908 0.778926
    outer loop
      vertex -5.72111 -16.9331 11.3141
      vertex -6.4096 -16.8355 11.3141
      vertex -5.72111 -18.0427 10.4296
    endloop
  endfacet
  facet normal -0.0462385 -0.797753 0.601209
    outer loop
      vertex 6.06082 -19.5105 9.50488
      vertex -5.72111 -18.9146 9.38945
      vertex 6.06082 -20.3922 8.33494
    endloop
  endfacet
  facet normal 0.10374 -0.935263 0.338409
    outer loop
      vertex 6.06082 -20.3922 8.33494
      vertex 6.06082 -20.8416 7.09293
      vertex 8.0866 -20.6169 7.09293
    endloop
  endfacet
  facet normal 0.259698 -0.760052 0.595716
    outer loop
      vertex 9.88182 -19.5361 8.33494
      vertex 7.85604 -19.3113 9.50488
      vertex 8.00875 -20.1761 8.33494
    endloop
  endfacet
  facet normal 0.157632 -0.461426 0.873062
    outer loop
      vertex 8.59391 -16.0339 11.4532
      vertex 7.35218 -16.4581 11.4532
      vertex 9.1474 -17.539 10.5578
    endloop
  endfacet
  facet normal -0.0185262 -0.635168 0.772152
    outer loop
      vertex 6.06082 -18.2305 10.5578
      vertex -5.72111 -18.0427 10.4296
      vertex 6.06082 -19.5105 9.50488
    endloop
  endfacet
  facet normal 0.304594 -0.891448 0.335475
    outer loop
      vertex 9.88182 -19.5361 8.33494
      vertex 8.00875 -20.1761 8.33494
      vertex 8.0866 -20.6169 7.09293
    endloop
  endfacet
  facet normal 0.103755 -0.935253 0.338433
    outer loop
      vertex 8.00875 -20.1761 8.33494
      vertex 6.06082 -20.3922 8.33494
      vertex 8.0866 -20.6169 7.09293
    endloop
  endfacet
  facet normal -0.0653875 -0.905021 -0.42031
    outer loop
      vertex 6.06082 -20.3922 4.5846
      vertex -5.72111 -19.5151 4.52892
      vertex 4.17245 -19.6229 3.2219
    endloop
  endfacet
  facet normal -0.0645542 -0.764766 -0.641067
    outer loop
      vertex 4.17245 -19.6229 3.2219
      vertex -5.72111 -18.9146 3.37319
      vertex -5.72111 -18.0427 2.33305
    endloop
  endfacet
  facet normal 0.0985558 -0.794051 -0.599808
    outer loop
      vertex 8.00875 -20.1761 4.5846
      vertex 4.17245 -19.6229 3.2219
      vertex 7.85604 -19.3113 3.41465
    endloop
  endfacet
  facet normal 0.657385 -0.671873 0.341222
    outer loop
      vertex 27.4107 -11.9802 5.00396
      vertex 26.6177 -12.7561 5.00396
      vertex 26.6879 -13.0661 4.25832
    endloop
  endfacet
  facet normal 0.113653 -0.547377 -0.829133
    outer loop
      vertex 5.01206 -18.6764 2.3997
      vertex 4.17245 -17.7299 1.65975
      vertex 4.90837 -17.5771 1.65975
    endloop
  endfacet
  facet normal 0.117405 -0.546889 -0.828932
    outer loop
      vertex 5.01206 -18.6764 2.3997
      vertex 4.90837 -17.5771 1.65975
      vertex 7.63435 -18.0559 2.36173
    endloop
  endfacet
  facet normal -0.0664721 -0.469054 -0.880664
    outer loop
      vertex -5.72111 -15.6282 0.753498
      vertex -6.4096 -16.8355 1.44849
      vertex -6.2327 -15.5557 0.753498
    endloop
  endfacet
  facet normal -0.0222153 -0.156571 -0.987417
    outer loop
      vertex -5.72111 -14.1784 0.274777
      vertex -6.03615 -14.1337 0.274777
      vertex -5.82749 -12.6242 0.0307274
    endloop
  endfacet
  facet normal 0.0835042 -0.402176 -0.911747
    outer loop
      vertex 4.90837 -17.5771 1.65975
      vertex 4.17245 -17.7299 1.65975
      vertex 4.17245 -16.3033 1.03047
    endloop
  endfacet
  facet normal 0.0051881 -0.313543 -0.94956
    outer loop
      vertex 4.17245 -16.3033 1.03047
      vertex -5.72111 -15.6282 0.753498
      vertex -5.72111 -14.1784 0.274777
    endloop
  endfacet
  facet normal 0.122194 0.0106839 0.992449
    outer loop
      vertex 9.08966 -9.14561 12.6414
      vertex 7.06389 -8.92087 12.8884
      vertex 7.08354 -9.14561 12.8884
    endloop
  endfacet
  facet normal 0.207571 0.104773 0.972593
    outer loop
      vertex 22.691 7.55644 8.03461
      vertex 8.57921 -7.25022 12.6414
      vertex 22.8523 7.23688 8.03461
    endloop
  endfacet
  facet normal 0.0343606 0.166242 0.985486
    outer loop
      vertex -22.0873 -0.0159712 13.5997
      vertex -22.5211 -1.50198 13.8655
      vertex -21.4575 -0.146145 13.5997
    endloop
  endfacet
  facet normal -0.0184411 -0.623222 0.781828
    outer loop
      vertex -5.72111 -16.9331 11.3141
      vertex -5.72111 -18.0427 10.4296
      vertex 6.06082 -18.2305 10.5578
    endloop
  endfacet
  facet normal -0.150901 -0.269871 0.950999
    outer loop
      vertex -25.1161 -3.87708 13.5997
      vertex -26.5972 -4.88627 13.0783
      vertex -25.771 -5.34825 13.0783
    endloop
  endfacet
  facet normal -0.114041 0.0507859 0.992177
    outer loop
      vertex -25.8438 -1.38415 13.5997
      vertex -26.0349 -1.81327 13.5997
      vertex -23.7895 -1.96396 13.8655
    endloop
  endfacet
  facet normal 0.157635 -0.461423 0.873064
    outer loop
      vertex 9.1474 -17.539 10.5578
      vertex 7.35218 -16.4581 11.4532
      vertex 7.63435 -18.0559 10.5578
    endloop
  endfacet
  facet normal 0.405235 -0.729728 0.55071
    outer loop
      vertex 26.6177 -12.7561 5.00396
      vertex 9.88182 -19.5361 8.33494
      vertex 25.7573 -13.2339 5.00396
    endloop
  endfacet
  facet normal -0.441018 0.345958 0.82814
    outer loop
      vertex -28.8425 0.517864 12.3215
      vertex -30.1755 1.12474 11.3581
      vertex -29.5205 -0.346433 12.3215
    endloop
  endfacet
  facet normal -0.37688 0.453927 0.80741
    outer loop
      vertex -29.0637 2.04783 11.3581
      vertex -30.1755 1.12474 11.3581
      vertex -28.8425 0.517864 12.3215
    endloop
  endfacet
  facet normal -0.35561 0.158311 0.921129
    outer loop
      vertex -29.5205 -0.346433 12.3215
      vertex -29.938 -1.28425 12.3215
      vertex -27.779 -0.837976 13.0783
    endloop
  endfacet
  facet normal -0.324186 0.254309 0.91117
    outer loop
      vertex -28.8425 0.517864 12.3215
      vertex -29.5205 -0.346433 12.3215
      vertex -27.2752 -0.195744 13.0783
    endloop
  endfacet
  facet normal 0.0503578 0.158691 0.986043
    outer loop
      vertex -3.01428 5.54671 11.7873
      vertex -2.95593 5.29332 11.8251
      vertex -2.99126 5.48224 11.7965
    endloop
  endfacet
  facet normal 0.048047 0.158189 0.986239
    outer loop
      vertex -3.01428 5.54671 11.7873
      vertex -4.78986 4.6452 12.0184
      vertex -2.95593 5.29332 11.8251
    endloop
  endfacet
  facet normal 0.0488334 0.156691 0.98644
    outer loop
      vertex -3.01428 5.54671 11.7873
      vertex -4.90463 4.63753 12.0253
      vertex -4.78986 4.6452 12.0184
    endloop
  endfacet
  facet normal 0.048129 0.158106 0.986249
    outer loop
      vertex -3.01428 5.54671 11.7873
      vertex -5.48073 4.55278 12.067
      vertex -4.90463 4.63753 12.0253
    endloop
  endfacet
  facet normal 0.0477756 0.158949 0.98613
    outer loop
      vertex -3.01428 5.54671 11.7873
      vertex -5.98907 4.42639 12.112
      vertex -5.48073 4.55278 12.067
    endloop
  endfacet
  facet normal 0.0481584 0.157973 0.986268
    outer loop
      vertex -21.4575 -0.146145 13.5997
      vertex -5.98907 4.42639 12.112
      vertex -3.01428 5.54671 11.7873
    endloop
  endfacet
  facet normal 0.0476278 0.159686 0.986018
    outer loop
      vertex -21.4575 -0.146145 13.5997
      vertex -6.42964 4.25832 12.1605
      vertex -5.98907 4.42639 12.112
    endloop
  endfacet
  facet normal 0.0484282 0.15708 0.986398
    outer loop
      vertex -21.4575 -0.146145 13.5997
      vertex -6.80244 4.0486 12.2122
      vertex -6.42964 4.25832 12.1605
    endloop
  endfacet
  facet normal 0.0480854 0.158223 0.986232
    outer loop
      vertex -21.4575 -0.146145 13.5997
      vertex -7.03862 3.85048 12.2555
      vertex -6.80244 4.0486 12.2122
    endloop
  endfacet
  facet normal 0.0481475 0.158009 0.986263
    outer loop
      vertex -7.03862 3.85048 12.2555
      vertex -21.4575 -0.146145 13.5997
      vertex -22.3084 -1.54594 13.8655
    endloop
  endfacet
  facet normal 0.04818 0.157774 0.986299
    outer loop
      vertex -1.06273 6.14909 11.5955
      vertex 1.04262 6.70643 11.4035
      vertex 1.04262 6.79895 11.3887
    endloop
  endfacet
  facet normal 0.0482993 0.157569 0.986326
    outer loop
      vertex 1.04262 6.70643 11.4035
      vertex -1.01575 6.03224 11.612
      vertex -1.00525 5.9827 11.6194
    endloop
  endfacet
  facet normal 0.0479666 0.158541 0.986187
    outer loop
      vertex 1.04262 6.70643 11.4035
      vertex -1.06273 6.14909 11.5955
      vertex -1.01575 6.03224 11.612
    endloop
  endfacet
  facet normal 0.0415523 0.0326096 0.998604
    outer loop
      vertex 6.78399 -8.33105 12.8884
      vertex -21.7997 -1.83042 13.8655
      vertex -21.6949 -1.96396 13.8655
    endloop
  endfacet
  facet normal 0.0536016 0.143149 0.988249
    outer loop
      vertex -22.3084 -1.54594 13.8655
      vertex -7.13271 3.76011 12.2738
      vertex -7.10744 3.79276 12.2677
    endloop
  endfacet
  facet normal 0.0524793 0.146227 0.987858
    outer loop
      vertex -22.3084 -1.54594 13.8655
      vertex -7.10744 3.79276 12.2677
      vertex -7.03862 3.85048 12.2555
    endloop
  endfacet
  facet normal 0.0528683 0.145169 0.987993
    outer loop
      vertex -7.13271 3.76011 12.2738
      vertex -22.3084 -1.54594 13.8655
      vertex -22.1124 -1.61732 13.8655
    endloop
  endfacet
  facet normal 0.0526764 0.145662 0.987931
    outer loop
      vertex -1.00525 5.9827 11.6194
      vertex 1.04262 6.6949 11.4052
      vertex 1.04262 6.70643 11.4035
    endloop
  endfacet
  facet normal 0.0527445 0.145473 0.987955
    outer loop
      vertex 1.04262 6.6949 11.4052
      vertex -1.00525 5.9827 11.6194
      vertex -1.00074 5.96137 11.6223
    endloop
  endfacet
  facet normal 0.0400224 0.143541 0.988835
    outer loop
      vertex -2.95593 5.29332 11.8251
      vertex -2.95259 5.2607 11.8297
      vertex -2.95375 5.28169 11.8267
    endloop
  endfacet
  facet normal 0.0530211 0.144761 0.988045
    outer loop
      vertex -2.95593 5.29332 11.8251
      vertex -4.63905 4.65529 12.0089
      vertex -2.95259 5.2607 11.8297
    endloop
  endfacet
  facet normal 0.052445 0.146227 0.98786
    outer loop
      vertex -4.63905 4.65529 12.0089
      vertex -2.95593 5.29332 11.8251
      vertex -4.78986 4.6452 12.0184
    endloop
  endfacet
  facet normal 0.0600297 0.125916 0.990223
    outer loop
      vertex -7.61577 2.72194 12.4349
      vertex -22.1124 -1.61732 13.8655
      vertex -7.64966 2.26389 12.4952
    endloop
  endfacet
  facet normal 0.0600938 0.12571 0.990245
    outer loop
      vertex -7.5141 3.12943 12.377
      vertex -22.1124 -1.61732 13.8655
      vertex -7.61577 2.72194 12.4349
    endloop
  endfacet
  facet normal 0.0600882 0.125726 0.990244
    outer loop
      vertex -7.34467 3.48637 12.3214
      vertex -22.1124 -1.61732 13.8655
      vertex -7.5141 3.12943 12.377
    endloop
  endfacet
  facet normal 0.0601181 0.125642 0.990252
    outer loop
      vertex -22.1124 -1.61732 13.8655
      vertex -7.34467 3.48637 12.3214
      vertex -7.13271 3.76011 12.2738
    endloop
  endfacet
  facet normal 0.0600652 0.125724 0.990245
    outer loop
      vertex 1.04262 6.6949 11.4052
      vertex -0.885757 5.05559 11.7303
      vertex 1.04262 0 12.2552
    endloop
  endfacet
  facet normal 0.0600506 0.125741 0.990244
    outer loop
      vertex 1.04262 6.6949 11.4052
      vertex -0.918259 5.57198 11.6667
      vertex -0.885757 5.05559 11.7303
    endloop
  endfacet
  facet normal 0.0601067 0.125645 0.990253
    outer loop
      vertex -0.918259 5.57198 11.6667
      vertex 1.04262 6.6949 11.4052
      vertex -1.00074 5.96137 11.6223
    endloop
  endfacet
  facet normal 0.0600706 0.125726 0.990245
    outer loop
      vertex 3.11212 0 12.1296
      vertex 5.17943 0.675718 11.9184
      vertex 3.11212 7.4328 11.1859
    endloop
  endfacet
  facet normal 0.0598767 0.125661 0.990265
    outer loop
      vertex 5.17943 0 12.0042
      vertex 7.21991 -5.99369 12.6414
      vertex 5.38616 0 11.9917
    endloop
  endfacet
  facet normal 0.0600667 0.125737 0.990243
    outer loop
      vertex 5.17943 0.675718 11.9184
      vertex 3.11212 0 12.1296
      vertex 5.17943 0 12.0042
    endloop
  endfacet
  facet normal 0.0600668 0.125724 0.990245
    outer loop
      vertex 3.11212 0 12.1296
      vertex 7.21991 -5.99369 12.6414
      vertex 5.17943 0 12.0042
    endloop
  endfacet
  facet normal 0.0600987 0.125745 0.990241
    outer loop
      vertex 1.04262 0 12.2552
      vertex 7.21991 -5.99369 12.6414
      vertex 3.11212 0 12.1296
    endloop
  endfacet
  facet normal 0.0600808 0.12573 0.990244
    outer loop
      vertex -0.885757 0 12.3722
      vertex 1.04262 0 12.2552
      vertex -0.885757 5.05559 11.7303
    endloop
  endfacet
  facet normal 0.0600809 0.125727 0.990244
    outer loop
      vertex -0.885757 0 12.3722
      vertex 7.21991 -5.99369 12.6414
      vertex 1.04262 0 12.2552
    endloop
  endfacet
  facet normal 0.060057 0.125695 0.990249
    outer loop
      vertex -2.33015 0 12.4598
      vertex 7.21991 -5.99369 12.6414
      vertex -0.885757 0 12.3722
    endloop
  endfacet
  facet normal 0.0605582 0.12502 0.990304
    outer loop
      vertex -2.98521 0.796692 12.3984
      vertex -2.73296 1.02779 12.3538
      vertex -2.78856 1.02779 12.3572
    endloop
  endfacet
  facet normal 0.0599837 0.125638 0.990261
    outer loop
      vertex -2.73296 1.02779 12.3538
      vertex -2.98521 0.796692 12.3984
      vertex -2.33015 0 12.4598
    endloop
  endfacet
  facet normal 0.06019 0.125805 0.990227
    outer loop
      vertex -3.18633 0.592239 12.4366
      vertex -2.33015 0 12.4598
      vertex -2.98521 0.796692 12.3984
    endloop
  endfacet
  facet normal 0.0600188 0.125559 0.990269
    outer loop
      vertex -3.39189 0.414459 12.4716
      vertex -2.33015 0 12.4598
      vertex -3.18633 0.592239 12.4366
    endloop
  endfacet
  facet normal 0.0602005 0.126027 0.990199
    outer loop
      vertex -3.6019 0.263351 12.5036
      vertex -2.33015 0 12.4598
      vertex -3.39189 0.414459 12.4716
    endloop
  endfacet
  facet normal 0.0601083 0.125571 0.990262
    outer loop
      vertex -3.81635 0.138885 12.5324
      vertex -2.33015 0 12.4598
      vertex -3.6019 0.263351 12.5036
    endloop
  endfacet
  facet normal 0.060102 0.125498 0.990272
    outer loop
      vertex -4.0491 0.0388794 12.5592
      vertex -2.33015 0 12.4598
      vertex -3.81635 0.138885 12.5324
    endloop
  endfacet
  facet normal 0.0600954 0.125064 0.990327
    outer loop
      vertex -4.31409 -0.0388794 12.5851
      vertex -2.33015 0 12.4598
      vertex -4.0491 0.0388794 12.5592
    endloop
  endfacet
  facet normal 0.0600696 0.126001 0.99021
    outer loop
      vertex -4.61128 -0.0944519 12.6102
      vertex -2.33015 0 12.4598
      vertex -4.31409 -0.0388794 12.5851
    endloop
  endfacet
  facet normal 0.0600827 0.125736 0.990243
    outer loop
      vertex -2.33015 0 12.4598
      vertex -4.61128 -0.0944519 12.6102
      vertex 7.21991 -5.99369 12.6414
    endloop
  endfacet
  facet normal 0.0602815 0.126134 0.99018
    outer loop
      vertex -4.9407 -0.127777 12.6345
      vertex 7.21991 -5.99369 12.6414
      vertex -4.61128 -0.0944519 12.6102
    endloop
  endfacet
  facet normal 0.0599482 0.125443 0.990288
    outer loop
      vertex -5.30235 -0.138885 12.6578
      vertex 7.21991 -5.99369 12.6414
      vertex -4.9407 -0.127777 12.6345
    endloop
  endfacet
  facet normal 0.0601739 0.125926 0.990213
    outer loop
      vertex -5.69403 -0.11528 12.6786
      vertex 7.21991 -5.99369 12.6414
      vertex -5.30235 -0.138885 12.6578
    endloop
  endfacet
  facet normal 0.0600966 0.125597 0.99026
    outer loop
      vertex -22.1124 -1.61732 13.8655
      vertex -5.69403 -0.11528 12.6786
      vertex -6.05792 -0.0444489 12.6917
    endloop
  endfacet
  facet normal 0.0600781 0.12577 0.990239
    outer loop
      vertex -22.1124 -1.61732 13.8655
      vertex -6.05792 -0.0444489 12.6917
      vertex -6.39404 0.0735931 12.6971
    endloop
  endfacet
  facet normal 0.0600835 0.125727 0.990244
    outer loop
      vertex -5.69403 -0.11528 12.6786
      vertex -22.1124 -1.61732 13.8655
      vertex 7.21991 -5.99369 12.6414
    endloop
  endfacet
  facet normal 0.0600709 0.125831 0.990231
    outer loop
      vertex -6.70238 0.238892 12.6948
      vertex -22.1124 -1.61732 13.8655
      vertex -6.39404 0.0735931 12.6971
    endloop
  endfacet
  facet normal 0.0600612 0.125906 0.990222
    outer loop
      vertex -6.98296 0.451385 12.6848
      vertex -22.1124 -1.61732 13.8655
      vertex -6.70238 0.238892 12.6948
    endloop
  endfacet
  facet normal 0.0600998 0.125642 0.990254
    outer loop
      vertex -7.22296 0.712784 12.6662
      vertex -22.1124 -1.61732 13.8655
      vertex -6.98296 0.451385 12.6848
    endloop
  endfacet
  facet normal 0.0600758 0.125787 0.990237
    outer loop
      vertex -7.40964 1.02473 12.6379
      vertex -22.1124 -1.61732 13.8655
      vertex -7.22296 0.712784 12.6662
    endloop
  endfacet
  facet normal 0.060104 0.125638 0.990254
    outer loop
      vertex -7.54298 1.38724 12.6
      vertex -22.1124 -1.61732 13.8655
      vertex -7.40964 1.02473 12.6379
    endloop
  endfacet
  facet normal 0.060079 0.125753 0.990241
    outer loop
      vertex -7.62299 1.80029 12.5524
      vertex -22.1124 -1.61732 13.8655
      vertex -7.54298 1.38724 12.6
    endloop
  endfacet
  facet normal 0.0601075 0.125638 0.990254
    outer loop
      vertex -22.1124 -1.61732 13.8655
      vertex -7.62299 1.80029 12.5524
      vertex -7.64966 2.26389 12.4952
    endloop
  endfacet
  facet normal 0.0601771 0.125475 0.99027
    outer loop
      vertex -4.26076 4.68059 11.9827
      vertex -2.94125 5.05559 11.855
      vertex -2.95259 5.2607 11.8297
    endloop
  endfacet
  facet normal 0.0600417 0.125935 0.99022
    outer loop
      vertex -2.94125 5.05559 11.855
      vertex -4.26076 4.68059 11.9827
      vertex -2.94125 4.7222 11.8974
    endloop
  endfacet
  facet normal 0.0601965 0.125433 0.990274
    outer loop
      vertex -4.26076 4.68059 11.9827
      vertex -2.95259 5.2607 11.8297
      vertex -4.63905 4.65529 12.0089
    endloop
  endfacet
  facet normal 0.0600759 0.125644 0.990255
    outer loop
      vertex -3.74686 3.4861 12.1032
      vertex -2.94125 2.88889 12.1301
      vertex -2.94125 3.51389 12.0508
    endloop
  endfacet
  facet normal 0.0603043 0.125949 0.990202
    outer loop
      vertex -2.94125 2.88889 12.1301
      vertex -3.74686 3.4861 12.1032
      vertex -2.95959 2.61307 12.1663
    endloop
  endfacet
  facet normal 0.0599032 0.125593 0.990272
    outer loop
      vertex -2.95959 2.61307 12.1663
      vertex -3.74686 3.4861 12.1032
      vertex -3.0146 2.36334 12.2013
    endloop
  endfacet
  facet normal 0.0599558 0.125626 0.990264
    outer loop
      vertex -4.12241 3.46275 12.1289
      vertex -3.0146 2.36334 12.2013
      vertex -3.74686 3.4861 12.1032
    endloop
  endfacet
  facet normal 0.0602044 0.125874 0.990218
    outer loop
      vertex -3.0146 2.36334 12.2013
      vertex -4.12241 3.46275 12.1289
      vertex -3.10628 2.13972 12.2353
    endloop
  endfacet
  facet normal 0.0598129 0.125578 0.990279
    outer loop
      vertex -3.10628 2.13972 12.2353
      vertex -4.12241 3.46275 12.1289
      vertex -3.23463 1.9422 12.2681
    endloop
  endfacet
  facet normal 0.0601717 0.125783 0.990231
    outer loop
      vertex -3.23463 1.9422 12.2681
      vertex -4.12241 3.46275 12.1289
      vertex -3.39966 1.7708 12.2999
    endloop
  endfacet
  facet normal 0.0599952 0.12571 0.990251
    outer loop
      vertex -3.39966 1.7708 12.2999
      vertex -4.12241 3.46275 12.1289
      vertex -3.59131 1.62831 12.3296
    endloop
  endfacet
  facet normal 0.0601229 0.125745 0.990239
    outer loop
      vertex -4.44908 3.41498 12.1548
      vertex -3.59131 1.62831 12.3296
      vertex -4.12241 3.46275 12.1289
    endloop
  endfacet
  facet normal 0.0600427 0.125708 0.990249
    outer loop
      vertex -3.59131 1.62831 12.3296
      vertex -4.44908 3.41498 12.1548
      vertex -3.79964 1.51749 12.3563
    endloop
  endfacet
  facet normal 0.0600703 0.125717 0.990246
    outer loop
      vertex -3.79964 1.51749 12.3563
      vertex -4.44908 3.41498 12.1548
      vertex -4.02464 1.43832 12.38
    endloop
  endfacet
  facet normal 0.0601072 0.125724 0.990243
    outer loop
      vertex -4.02464 1.43832 12.38
      vertex -4.44908 3.41498 12.1548
      vertex -4.26631 1.39082 12.4007
    endloop
  endfacet
  facet normal 0.0600039 0.125716 0.99025
    outer loop
      vertex -4.72685 3.34276 12.1808
      vertex -4.26631 1.39082 12.4007
      vertex -4.44908 3.41498 12.1548
    endloop
  endfacet
  facet normal 0.0601428 0.125747 0.990238
    outer loop
      vertex -4.26631 1.39082 12.4007
      vertex -4.72685 3.34276 12.1808
      vertex -4.52466 1.375 12.4184
    endloop
  endfacet
  facet normal 0.0602326 0.125756 0.990231
    outer loop
      vertex -4.95575 3.24609 12.207
      vertex -4.52466 1.375 12.4184
      vertex -4.72685 3.34276 12.1808
    endloop
  endfacet
  facet normal 0.0601026 0.125727 0.990243
    outer loop
      vertex -5.13576 3.125 12.2333
      vertex -4.52466 1.375 12.4184
      vertex -4.95575 3.24609 12.207
    endloop
  endfacet
  facet normal 0.0601894 0.125757 0.990234
    outer loop
      vertex -5.27576 2.98334 12.2598
      vertex -4.52466 1.375 12.4184
      vertex -5.13576 3.125 12.2333
    endloop
  endfacet
  facet normal 0.0600524 0.125694 0.99025
    outer loop
      vertex -5.38464 2.82501 12.2865
      vertex -4.52466 1.375 12.4184
      vertex -5.27576 2.98334 12.2598
    endloop
  endfacet
  facet normal 0.0598872 0.125598 0.990272
    outer loop
      vertex -5.46243 2.65001 12.3134
      vertex -4.52466 1.375 12.4184
      vertex -5.38464 2.82501 12.2865
    endloop
  endfacet
  facet normal 0.0603243 0.125914 0.990205
    outer loop
      vertex -4.52466 1.375 12.4184
      vertex -5.46243 2.65001 12.3134
      vertex -4.69574 1.38304 12.4278
    endloop
  endfacet
  facet normal 0.0602321 0.12586 0.990218
    outer loop
      vertex -5.50909 2.45834 12.3406
      vertex -4.69574 1.38304 12.4278
      vertex -5.46243 2.65001 12.3134
    endloop
  endfacet
  facet normal 0.0596556 0.125411 0.99031
    outer loop
      vertex -4.85352 1.40721 12.4343
      vertex -5.52466 2.25 12.368
      vertex -4.99796 1.44749 12.4379
    endloop
  endfacet
  facet normal 0.0598656 0.125546 0.99028
    outer loop
      vertex -5.51353 2.07195 12.3899
      vertex -4.99796 1.44749 12.4379
      vertex -5.52466 2.25 12.368
    endloop
  endfacet
  facet normal 0.0600752 0.125743 0.990242
    outer loop
      vertex -5.52466 2.25 12.368
      vertex -4.69574 1.38304 12.4278
      vertex -5.50909 2.45834 12.3406
    endloop
  endfacet
  facet normal 0.060147 0.125775 0.990234
    outer loop
      vertex -4.99796 1.44749 12.4379
      vertex -5.51353 2.07195 12.3899
      vertex -5.12907 1.50389 12.4387
    endloop
  endfacet
  facet normal 0.060054 0.125723 0.990246
    outer loop
      vertex -4.69574 1.38304 12.4278
      vertex -5.52466 2.25 12.368
      vertex -4.85352 1.40721 12.4343
    endloop
  endfacet
  facet normal 0.0609586 0.126314 0.990116
    outer loop
      vertex -5.48021 1.91556 12.4078
      vertex -5.12907 1.50389 12.4387
      vertex -5.51353 2.07195 12.3899
    endloop
  endfacet
  facet normal 0.0609091 0.126272 0.990124
    outer loop
      vertex -5.12907 1.50389 12.4387
      vertex -5.48021 1.91556 12.4078
      vertex -5.24686 1.57639 12.4367
    endloop
  endfacet
  facet normal 0.0592542 0.125154 0.990366
    outer loop
      vertex -5.42464 1.78084 12.4215
      vertex -5.24686 1.57639 12.4367
      vertex -5.48021 1.91556 12.4078
    endloop
  endfacet
  facet normal 0.0576918 0.123815 0.990627
    outer loop
      vertex -5.24686 1.57639 12.4367
      vertex -5.42464 1.78084 12.4215
      vertex -5.34686 1.66779 12.4311
    endloop
  endfacet
  facet normal 0.046917 0.0565217 0.997298
    outer loop
      vertex 6.62901 -8.18779 12.8884
      vertex -21.9407 -1.71338 13.8655
      vertex -21.7997 -1.83042 13.8655
    endloop
  endfacet
  facet normal 0.0949743 -0.0691953 0.993072
    outer loop
      vertex 8.57921 -11.041 12.6414
      vertex 6.78399 -9.96016 12.8884
      vertex 8.20254 -11.558 12.6414
    endloop
  endfacet
  facet normal 0.310803 -0.107612 0.944363
    outer loop
      vertex 30.312 -0.8476 6.85812
      vertex 10.605 -11.2657 12.1568
      vertex 26.7411 -7.29692 7.29844
    endloop
  endfacet
  facet normal 0.0379865 0.0169091 0.999135
    outer loop
      vertex 7.00569 -8.70477 12.8884
      vertex -21.6949 -1.96396 13.8655
      vertex -21.6304 -2.10886 13.8655
    endloop
  endfacet
  facet normal 0.0285771 0.307019 0.951274
    outer loop
      vertex 8.6665 18.2226 8.21682
      vertex 8.6665 16.6587 8.72156
      vertex 9.60011 16.5718 8.72156
    endloop
  endfacet
  facet normal -0.149018 0.519844 0.841164
    outer loop
      vertex 5.66341 18.988 7.57442
      vertex -25.5499 2.35912 12.3215
      vertex 7.13554 19.41 7.57442
    endloop
  endfacet
  facet normal 0.0995809 0.194211 0.975892
    outer loop
      vertex 10.4978 16.3144 8.72156
      vertex 5.17943 10.5556 10.4103
      vertex 5.18727 10.5556 10.4095
    endloop
  endfacet
  facet normal 0.0973169 0.195185 0.975926
    outer loop
      vertex 3.3918 9.71539 10.7566
      vertex 5.17943 10.5471 10.412
      vertex 5.17943 10.5556 10.4103
    endloop
  endfacet
  facet normal 0.0963841 0.197072 0.97564
    outer loop
      vertex 5.17943 10.5471 10.412
      vertex 3.3918 9.71539 10.7566
      vertex 4.09522 9.37136 10.7566
    endloop
  endfacet
  facet normal 0.0963527 0.197116 0.975634
    outer loop
      vertex 3.3918 9.71539 10.7566
      vertex 5.17943 10.5556 10.4103
      vertex 10.4978 16.3144 8.72156
    endloop
  endfacet
  facet normal 0.124225 0.144157 0.981726
    outer loop
      vertex 5.92581 0 11.945
      vertex 5.78593 0 11.9627
      vertex 7.74356 -6.30896 12.6414
    endloop
  endfacet
  facet normal 0.124252 0.144177 0.98172
    outer loop
      vertex 3.54391 7.22547 11.1854
      vertex 5.17943 2.5905 11.6591
      vertex 3.94311 6.88144 11.1854
    endloop
  endfacet
  facet normal 0.123863 0.144047 0.981788
    outer loop
      vertex 5.17943 2.5905 11.6591
      vertex 3.54391 7.22547 11.1854
      vertex 5.17943 1.95459 11.7524
    endloop
  endfacet
  facet normal -0.0343658 0.16624 0.985486
    outer loop
      vertex -23.3972 -0.0159712 13.5997
      vertex -24.0269 -0.146145 13.5997
      vertex -22.9634 -1.50198 13.8655
    endloop
  endfacet
  facet normal 0.0159096 0.240232 0.970585
    outer loop
      vertex -6.56144 6.27262 11.7887
      vertex -22.0873 -0.0159712 13.5997
      vertex -6.51648 6.17995 11.8109
    endloop
  endfacet
  facet normal 0.0160946 0.239805 0.970688
    outer loop
      vertex -22.0873 -0.0159712 13.5997
      vertex -6.56144 6.27262 11.7887
      vertex -22.7422 0.0279827 13.5997
    endloop
  endfacet
  facet normal 0.0158821 0.240267 0.970577
    outer loop
      vertex 1.04262 9.20725 10.9377
      vertex -2.8958 7.62069 11.3949
      vertex 1.04262 9.18786 10.9425
    endloop
  endfacet
  facet normal 0.0169758 0.237726 0.971184
    outer loop
      vertex 1.04262 9.20725 10.9377
      vertex -2.93076 7.63054 11.3931
      vertex -2.8958 7.62069 11.3949
    endloop
  endfacet
  facet normal 0.0157838 0.240536 0.970512
    outer loop
      vertex -2.93076 7.63054 11.3931
      vertex 1.04262 9.20725 10.9377
      vertex -3.01139 7.64269 11.3914
    endloop
  endfacet
  facet normal -0.231532 0.103108 0.967348
    outer loop
      vertex -25.8438 -1.38415 13.5997
      vertex -27.779 -0.837976 13.0783
      vertex -26.0349 -1.81327 13.5997
    endloop
  endfacet
  facet normal -0.0309754 0.332636 0.942547
    outer loop
      vertex 7.41007 18.1056 8.21682
      vertex -23.3972 -0.0159712 13.5997
      vertex 8.6665 18.2226 8.21682
    endloop
  endfacet
  facet normal -0.301343 0.53889 0.786632
    outer loop
      vertex -26.8183 1.89714 12.3215
      vertex -29.0637 2.04783 11.3581
      vertex -27.9301 1.27543 12.3215
    endloop
  endfacet
  facet normal -0.376893 0.453923 0.807407
    outer loop
      vertex -27.9301 1.27543 12.3215
      vertex -29.0637 2.04783 11.3581
      vertex -28.8425 0.517864 12.3215
    endloop
  endfacet
  facet normal -0.638803 -0.76937 0
    outer loop
      vertex -32.3119 -6.61653 6.26829
      vertex -30.8806 -7.80493 7.63062
      vertex -32.3119 -6.61653 7.63062
    endloop
  endfacet
  facet normal -0.638803 -0.76937 -0
    outer loop
      vertex -30.8806 -7.80493 7.63062
      vertex -32.3119 -6.61653 6.26829
      vertex -30.8806 -7.80493 6.26829
    endloop
  endfacet
  facet normal -0.616371 -0.742348 -0.262691
    outer loop
      vertex -30.8806 -7.80493 6.26829
      vertex -31.9441 -6.44909 4.93214
      vertex -30.5678 -7.59183 4.93214
    endloop
  endfacet
  facet normal -0.616368 -0.742349 0.262693
    outer loop
      vertex -31.9441 -6.44909 8.96678
      vertex -32.3119 -6.61653 7.63062
      vertex -30.8806 -7.80493 7.63062
    endloop
  endfacet
  facet normal -0.754866 -0.592161 0.281996
    outer loop
      vertex -31.9441 -6.44909 8.96678
      vertex -33.3755 -5.26069 7.63062
      vertex -32.3119 -6.61653 7.63062
    endloop
  endfacet
  facet normal -0.786798 -0.61721 0
    outer loop
      vertex -32.3119 -6.61653 6.26829
      vertex -33.3755 -5.26069 7.63062
      vertex -33.3755 -5.26069 6.26829
    endloop
  endfacet
  facet normal -0.786798 -0.61721 0
    outer loop
      vertex -33.3755 -5.26069 7.63062
      vertex -32.3119 -6.61653 6.26829
      vertex -32.3119 -6.61653 7.63062
    endloop
  endfacet
  facet normal -0.671111 -0.526448 0.521979
    outer loop
      vertex -31.2228 -6.12066 10.2254
      vertex -32.9668 -5.14536 8.96678
      vertex -31.9441 -6.44909 8.96678
    endloop
  endfacet
  facet normal -0.471401 -0.567771 0.674846
    outer loop
      vertex -29.0637 -6.56693 11.3581
      vertex -30.1755 -5.64384 11.3581
      vertex -29.9543 -7.17381 10.2254
    endloop
  endfacet
  facet normal -0.776403 0.483241 0.40457
    outer loop
      vertex -28.4994 13.2006 2.52059
      vertex -32.9668 0.62626 8.96678
      vertex -27.559 14.7115 2.52059
    endloop
  endfacet
  facet normal -0.628 -0.27956 0.726266
    outer loop
      vertex -31.5103 -3.44795 11.3581
      vertex -32.7457 -3.61539 10.2254
      vertex -31.0016 -4.59069 11.3581
    endloop
  endfacet
  facet normal -0.513679 -0.074263 0.854763
    outer loop
      vertex -30.079 -2.25955 12.3215
      vertex -31.6821 -2.25955 11.3581
      vertex -29.938 -3.23485 12.3215
    endloop
  endfacet
  facet normal -0.25667 -0.587961 0.767087
    outer loop
      vertex -6.4096 -16.8355 11.3141
      vertex -7.07162 -16.5465 11.3141
      vertex -6.56003 -17.9238 10.4296
    endloop
  endfacet
  facet normal 0.0545368 0.0905838 0.994394
    outer loop
      vertex 6.4522 -8.08134 12.8884
      vertex -21.9407 -1.71338 13.8655
      vertex 6.62901 -8.18779 12.8884
    endloop
  endfacet
  facet normal -0.32931 -0.878893 0.345112
    outer loop
      vertex -18.5036 -16.2373 5.00015
      vertex -18.5246 -16.522 4.25507
      vertex -6.75964 -19.3679 8.23372
    endloop
  endfacet
  facet normal -0.413904 -0.846406 0.335083
    outer loop
      vertex -18.5036 -16.2373 5.00015
      vertex -20.7778 -14.6572 6.18226
      vertex -18.5246 -16.522 4.25507
    endloop
  endfacet
  facet normal -0.159375 -0.599459 -0.784378
    outer loop
      vertex -17.9788 -15.8076 2.04846
      vertex -18.4027 -14.8684 1.41681
      vertex -17.9788 -14.9811 1.41681
    endloop
  endfacet
  facet normal -0.088004 -0.620928 -0.778912
    outer loop
      vertex -5.72111 -18.0427 2.33305
      vertex -6.56003 -17.9238 2.33305
      vertex -6.4096 -16.8355 1.44849
    endloop
  endfacet
  facet normal -0.140351 -0.990102 0
    outer loop
      vertex -6.80115 -19.6682 5.75584
      vertex -5.72111 -19.8213 7.0068
      vertex -6.80115 -19.6682 7.0068
    endloop
  endfacet
  facet normal -0.140351 -0.990102 -0
    outer loop
      vertex -5.72111 -19.8213 7.0068
      vertex -6.80115 -19.6682 5.75584
      vertex -5.72111 -19.8213 5.75584
    endloop
  endfacet
  facet normal -0.124825 -0.880414 0.457482
    outer loop
      vertex -6.67823 -18.7789 9.38945
      vertex -6.75964 -19.3679 8.23372
      vertex -5.72111 -18.9146 9.38945
    endloop
  endfacet
  facet normal -0.358512 -0.78483 0.505481
    outer loop
      vertex -20.6412 -14.1607 7.05003
      vertex -20.7778 -14.6572 6.18226
      vertex -19.9236 -15.0474 6.18226
    endloop
  endfacet
  facet normal -0.383569 -0.839683 0.384458
    outer loop
      vertex -19.9236 -15.0474 6.18226
      vertex -20.7778 -14.6572 6.18226
      vertex -18.5036 -16.2373 5.00015
    endloop
  endfacet
  facet normal -0.555718 -0.669299 0.49317
    outer loop
      vertex -29.9543 -7.17381 10.2254
      vertex -31.9441 -6.44909 8.96678
      vertex -30.5678 -7.59183 8.96678
    endloop
  endfacet
  facet normal -0.431638 -0.771894 0.466763
    outer loop
      vertex -29.9543 -7.17381 10.2254
      vertex -30.5678 -7.59183 8.96678
      vertex -28.4087 -8.0381 10.2254
    endloop
  endfacet
  facet normal -0.436766 -0.781075 0.44627
    outer loop
      vertex -28.8907 -8.52964 8.96678
      vertex -30.5678 -7.59183 8.96678
      vertex -20.7778 -14.6572 6.18226
    endloop
  endfacet
  facet normal -0.425849 -0.775577 0.465976
    outer loop
      vertex -28.4087 -8.0381 10.2254
      vertex -28.8907 -8.52964 8.96678
      vertex -20.7778 -14.6572 6.18226
    endloop
  endfacet
  facet normal -0.120039 -0.451475 -0.884173
    outer loop
      vertex -17.9788 -13.9291 0.879636
      vertex -18.4027 -14.8684 1.41681
      vertex -18.3267 -13.8366 0.879636
    endloop
  endfacet
  facet normal -0.120032 -0.451477 -0.884172
    outer loop
      vertex -17.9788 -14.9811 1.41681
      vertex -18.4027 -14.8684 1.41681
      vertex -17.9788 -13.9291 0.879636
    endloop
  endfacet
  facet normal -0.488331 -0.217398 -0.845146
    outer loop
      vertex -29.5205 -4.17266 1.57745
      vertex -31.0016 -4.59069 2.54077
      vertex -29.938 -3.23485 1.57745
    endloop
  endfacet
  facet normal -0.36628 -0.431589 -0.82436
    outer loop
      vertex -18.8104 -14.5345 1.41681
      vertex -24.4913 -10.0607 1.59872
      vertex -23.558 -9.91117 1.10575
    endloop
  endfacet
  facet normal -0.240445 -0.904445 -0.352371
    outer loop
      vertex -17.9788 -16.6671 3.49539
      vertex -18.5246 -16.522 3.49539
      vertex -18.5036 -16.2373 2.75031
    endloop
  endfacet
  facet normal -0.590747 -0.748016 -0.302472
    outer loop
      vertex -18.5246 -16.522 3.49539
      vertex -30.5678 -7.59183 4.93214
      vertex -18.5036 -16.2373 2.75031
    endloop
  endfacet
  facet normal -9.42697e-05 0.000734384 -1
    outer loop
      vertex -7.66781 8.22823 0.00702953
      vertex -9.61322 11.8912 0.00990295
      vertex -7.54488 8.24401 0.00702953
    endloop
  endfacet
  facet normal -1.99424e-06 -4.78317e-05 -1
    outer loop
      vertex -7.41704 7.69471 0.00702953
      vertex -22.2469 -2.09473 0.00752735
      vertex -7.54488 7.70004 0.00702953
    endloop
  endfacet
  facet normal 0.000116436 -0.00306011 -0.999995
    outer loop
      vertex 4.17245 -10.783 0.0218592
      vertex -16.934 -9.20168 0.0145626
      vertex -16.7566 -9.19493 0.0145626
    endloop
  endfacet
  facet normal -0.0149715 -0.00891525 -0.999848
    outer loop
      vertex -19.365 -8.81976 0.0230713
      vertex -23.7895 -2.55513 0.0334635
      vertex -22.4171 -1.95107 0.00752735
    endloop
  endfacet
  facet normal -0.0157998 -0.00703351 -0.99985
    outer loop
      vertex -23.7895 -2.55513 0.0334635
      vertex -23.854 -2.41024 0.0334635
      vertex -22.4171 -1.95107 0.00752735
    endloop
  endfacet
  facet normal -0.0549153 -0.206632 -0.976876
    outer loop
      vertex -17.9788 -12.6922 0.457582
      vertex -18.2373 -12.6235 0.457582
      vertex -17.9788 -11.3178 0.166865
    endloop
  endfacet
  facet normal -0.125957 -0.101989 -0.986779
    outer loop
      vertex -19.8026 -10.0524 0.206315
      vertex -20.012 -9.79379 0.206315
      vertex -19.2944 -8.90709 0.0230713
    endloop
  endfacet
  facet normal -0.212382 -0.166604 -0.962879
    outer loop
      vertex -27.2752 -4.32335 0.820582
      vertex -27.779 -3.68112 0.820582
      vertex -25.5336 -3.53043 0.299241
    endloop
  endfacet
  facet normal -0.212384 -0.166586 -0.962882
    outer loop
      vertex -25.5336 -3.53043 0.299241
      vertex -27.779 -3.68112 0.820582
      vertex -25.8438 -3.13495 0.299241
    endloop
  endfacet
  facet normal -0.199547 -0.161576 -0.966475
    outer loop
      vertex -19.8026 -10.0524 0.206315
      vertex -25.5336 -3.53043 0.299241
      vertex -20.012 -9.79379 0.206315
    endloop
  endfacet
  facet normal -0.201716 -0.163493 -0.965702
    outer loop
      vertex -22.3702 -9.7209 0.686514
      vertex -25.5336 -3.53043 0.299241
      vertex -19.8026 -10.0524 0.206315
    endloop
  endfacet
  facet normal -0.559916 -0.439203 -0.702563
    outer loop
      vertex -31.2228 -6.12066 3.67351
      vertex -32.1653 -4.91912 3.67351
      vertex -31.0016 -4.59069 2.54077
    endloop
  endfacet
  facet normal -0.509949 -0.50825 -0.693999
    outer loop
      vertex -25.1342 -10.1636 2.14648
      vertex -30.1755 -5.64384 2.54077
      vertex -24.4913 -10.0607 1.59872
    endloop
  endfacet
  facet normal -0.772303 0.111644 -0.625366
    outer loop
      vertex -29.9639 6.88854 1.62921
      vertex -32.9417 -2.25955 3.67351
      vertex -32.7457 -0.903708 3.67351
    endloop
  endfacet
  facet normal -0.667786 0.0514303 -0.742574
    outer loop
      vertex -31.6821 -2.25955 2.54077
      vertex -32.9417 -2.25955 3.67351
      vertex -29.9639 6.88854 1.62921
    endloop
  endfacet
  facet normal -0.230021 -0.0356445 -0.972533
    outer loop
      vertex -26.827 2.40692 0.271059
      vertex -27.9912 3.09832 0.521072
      vertex -26.9943 3.48654 0.271059
    endloop
  endfacet
  facet normal -0.238834 -0.0120186 -0.970986
    outer loop
      vertex -26.9943 3.48654 0.271059
      vertex -27.9912 3.09832 0.521072
      vertex -27.0508 4.60931 0.271059
    endloop
  endfacet
  facet normal -0.239861 -0.0459949 -0.969717
    outer loop
      vertex -26.0349 -2.70582 0.299241
      vertex -28.0892 -2.98426 0.820582
      vertex -27.7661 1.6454 0.521072
    endloop
  endfacet
  facet normal -0.276398 -0.0428222 -0.960089
    outer loop
      vertex -27.7661 1.6454 0.521072
      vertex -28.0892 -2.98426 0.820582
      vertex -27.9912 3.09832 0.521072
    endloop
  endfacet
  facet normal -2.66536e-05 -1.16672e-05 -1
    outer loop
      vertex -22.4171 -1.95107 0.00752735
      vertex -22.4635 -1.84507 0.00752735
      vertex -8.05973 7.91792 0.00702953
    endloop
  endfacet
  facet normal -0.0176628 0.0608618 -0.99799
    outer loop
      vertex -10.0001 11.8042 0.00990295
      vertex -11.1698 12.7545 0.0885582
      vertex -10.6202 12.914 0.0885582
    endloop
  endfacet
  facet normal -3.20675e-05 0.000769138 -1
    outer loop
      vertex -7.54488 8.24401 0.00702953
      vertex -9.40383 11.9024 0.00990295
      vertex -7.41704 8.24934 0.00702953
    endloop
  endfacet
  facet normal -0.44313 -0.0222871 -0.89618
    outer loop
      vertex -28.839 2.76816 0.839279
      vertex -30.079 -2.25955 1.57745
      vertex -28.9316 4.60931 0.839279
    endloop
  endfacet
  facet normal -0.609393 0.0306647 -0.792275
    outer loop
      vertex -29.6108 4.60931 1.21345
      vertex -31.6821 -2.25955 2.54077
      vertex -29.5051 6.70986 1.21345
    endloop
  endfacet
  facet normal -0.0014834 5.26281e-05 -0.999999
    outer loop
      vertex -22.5532 -1.24232 0.00752735
      vertex -24.7224 4.60931 0.0110531
      vertex -22.5473 -1.07602 0.00752735
    endloop
  endfacet
  facet normal -0.0730271 0.00366509 -0.997323
    outer loop
      vertex -24.7106 4.84276 0.0110531
      vertex -25.9213 4.60931 0.0988464
      vertex -25.8866 5.30071 0.0988464
    endloop
  endfacet
  facet normal -0.646414 0.100171 -0.756382
    outer loop
      vertex -29.5051 6.70986 1.21345
      vertex -29.9639 6.88854 1.62921
      vertex -29.1921 8.72968 1.21345
    endloop
  endfacet
  facet normal -0.388171 0.162706 -0.907111
    outer loop
      vertex -27.5197 11.2826 0.839279
      vertex -28.6839 10.5912 1.21345
      vertex -28 12.2228 1.21345
    endloop
  endfacet
  facet normal -0.187107 0.0784162 -0.979205
    outer loop
      vertex -26.5553 7.80668 0.271059
      vertex -26.9085 10.0859 0.521072
      vertex -26.1898 8.67879 0.271059
    endloop
  endfacet
  facet normal -0.15419 0.0959687 -0.983369
    outer loop
      vertex -26.1898 8.67879 0.271059
      vertex -26.9085 10.0859 0.521072
      vertex -26.309 11.0491 0.521072
    endloop
  endfacet
  facet normal 0.0405325 0.0857619 -0.995491
    outer loop
      vertex 21.4652 7.10615 0.0197697
      vertex 9.04729 13.0046 0.022315
      vertex 9.79424 14.7089 0.199554
    endloop
  endfacet
  facet normal -0.0219935 0.307068 -0.951433
    outer loop
      vertex 8.6665 16.6587 0.547223
      vertex -10.759 15.0183 0.466839
      vertex 8.6665 18.2226 1.05196
    endloop
  endfacet
  facet normal -0.131315 0.680926 -0.720483
    outer loop
      vertex -24.1111 16.2922 1.62921
      vertex -25.3219 16.5257 2.07057
      vertex -24.1111 16.7592 2.07057
    endloop
  endfacet
  facet normal -0.0722917 0.685077 -0.724875
    outer loop
      vertex 6.91984 20.4349 2.44975
      vertex -24.1111 16.2922 1.62921
      vertex -24.1111 16.7592 2.07057
    endloop
  endfacet
  facet normal 0.0846776 0.295338 -0.951633
    outer loop
      vertex 11.1311 17.7592 1.05196
      vertex 9.60011 16.5718 0.547223
      vertex 9.92293 18.1056 1.05196
    endloop
  endfacet
  facet normal 0.0878374 0.17392 -0.980835
    outer loop
      vertex 10.3037 14.4516 0.199554
      vertex 9.79424 14.7089 0.199554
      vertex 11.3252 15.8964 0.547223
    endloop
  endfacet
  facet normal -0.0544484 0.58497 -0.809225
    outer loop
      vertex 7.13554 19.41 1.69436
      vertex 6.91984 20.4349 2.44975
      vertex 8.6665 19.5525 1.69436
    endloop
  endfacet
  facet normal 0.119899 0.418182 -0.900416
    outer loop
      vertex 11.1311 17.7592 1.05196
      vertex 9.92293 18.1056 1.05196
      vertex 11.6696 18.988 1.69436
    endloop
  endfacet
  facet normal 0.000440632 0.000731626 -1
    outer loop
      vertex 17.8543 1.90264 0.00743294
      vertex 10.3182 9.1018 0.00937939
      vertex 17.9029 1.87337 0.00743294
    endloop
  endfacet
  facet normal -0.00518242 0.0120569 -0.999914
    outer loop
      vertex -10.0001 11.8042 0.00990295
      vertex -24.2304 5.78297 0.0110531
      vertex -21.9047 7.42413 0.0187883
    endloop
  endfacet
  facet normal -0.0224762 0.136482 -0.990388
    outer loop
      vertex -10.6202 12.914 0.0885582
      vertex -11.3792 13.9086 0.242846
      vertex -10.0239 13.0122 0.0885582
    endloop
  endfacet
  facet normal 0.0540839 0.188635 -0.980557
    outer loop
      vertex 9.79424 14.7089 0.199554
      vertex 9.24142 14.8674 0.199554
      vertex 9.60011 16.5718 0.547223
    endloop
  endfacet
  facet normal 1.98897e-05 1.4255e-05 -1
    outer loop
      vertex -6.77436 8.02612 0.00702953
      vertex -6.81165 8.07815 0.00702953
      vertex 17.9803 1.78596 0.00743294
    endloop
  endfacet
  facet normal -5.47021e-06 -4.26143e-05 -1
    outer loop
      vertex -7.54488 7.70004 0.00702953
      vertex -22.2469 -2.09473 0.00752735
      vertex -7.66781 7.71582 0.00702953
    endloop
  endfacet
  facet normal 0.667136 0.527612 0.525886
    outer loop
      vertex 25.3084 10.8382 5.29752
      vertex 24.9894 10.5004 6.04111
      vertex 32.7464 1.73887 4.99091
    endloop
  endfacet
  facet normal 0.122193 0.0106831 0.992449
    outer loop
      vertex 9.03147 -8.48003 12.6414
      vertex 7.06389 -8.92087 12.8884
      vertex 9.08966 -9.14561 12.6414
    endloop
  endfacet
  facet normal 0.0304815 -0.0144648 0.999431
    outer loop
      vertex 7.00569 -9.58644 12.8884
      vertex -21.6949 -2.55513 13.8655
      vertex 6.91118 -9.7856 12.8884
    endloop
  endfacet
  facet normal 0.3727 -0.143769 0.916747
    outer loop
      vertex 30.312 -0.8476 6.85812
      vertex 26.7411 -7.29692 7.29844
      vertex 31.5758 -0.990355 6.32194
    endloop
  endfacet
  facet normal 0.154795 -0.158241 -0.975191
    outer loop
      vertex 26.1177 -8.43804 0.457931
      vertex 25.3949 -7.35214 0.166993
      vertex 25.6355 -7.11678 0.166993
    endloop
  endfacet
  facet normal 0.211654 0.164048 -0.963479
    outer loop
      vertex 22.691 7.55644 0.176789
      vertex 22.4739 7.83654 0.176789
      vertex 23.5965 8.19714 0.484796
    endloop
  endfacet
  facet normal 0.169789 -0.0294483 -0.98504
    outer loop
      vertex 28.826 -0.679737 0.456737
      vertex 27.2267 -0.194269 0.166557
      vertex 28.9102 -0.194269 0.456737
    endloop
  endfacet
  facet normal -3.8791e-05 -0.00101891 -0.999999
    outer loop
      vertex -17.1113 -9.19493 0.0145626
      vertex -22.2469 -2.09473 0.00752735
      vertex -16.934 -9.20168 0.0145626
    endloop
  endfacet
  facet normal -0.0220758 -0.156562 -0.987421
    outer loop
      vertex -5.72111 -14.1784 0.274777
      vertex -5.82749 -12.6242 0.0307274
      vertex -5.72111 -12.6392 0.0307274
    endloop
  endfacet
  facet normal -0.00102285 -0.00494899 -0.999987
    outer loop
      vertex -17.2819 -9.17492 0.0145626
      vertex -17.9788 -9.85872 0.0186596
      vertex -17.4391 -9.14243 0.0145626
    endloop
  endfacet
  facet normal 0.0181505 -0.0873879 -0.996009
    outer loop
      vertex 4.44881 -12.7044 0.195477
      vertex 4.17245 -12.7618 0.195477
      vertex 4.26576 -10.7636 0.0218592
    endloop
  endfacet
  facet normal 0.509473 -0.238499 -0.826774
    outer loop
      vertex 27.4824 -9.79492 1.41789
      vertex 27.0126 -8.93492 0.880307
      vertex 32.5687 -1.10252 2.04467
    endloop
  endfacet
  facet normal 0.460153 -0.206271 -0.863546
    outer loop
      vertex 31.5758 -0.990355 1.41419
      vertex 27.0126 -8.93492 0.880307
      vertex 27.3907 -8.09145 0.880307
    endloop
  endfacet
  facet normal 0.383341 0.0664786 -0.921212
    outer loop
      vertex 30.4253 -0.194269 0.878011
      vertex 30.312 0.459061 0.878011
      vertex 31.7138 -0.194269 1.41419
    endloop
  endfacet
  facet normal 0.630578 -0.317925 -0.708022
    outer loop
      vertex 27.8515 -10.4706 2.05002
      vertex 27.4824 -9.79492 1.41789
      vertex 32.5687 -1.10252 2.04467
    endloop
  endfacet
  facet normal 0.294482 -0.861852 -0.412906
    outer loop
      vertex 9.88182 -19.5361 4.5846
      vertex 8.00875 -20.1761 4.5846
      vertex 25.7573 -13.2339 2.75241
    endloop
  endfacet
  facet normal 0.628326 0.723027 -0.287121
    outer loop
      vertex 25.3084 10.8382 2.91388
      vertex 24.4365 11.5959 2.91388
      vertex 24.5642 11.7984 3.70327
    endloop
  endfacet
  facet normal 0.807801 0.43148 0.401601
    outer loop
      vertex 33.6013 0.830623 4.2472
      vertex 33.0749 1.81613 4.2472
      vertex 33.2526 0.791236 4.99091
    endloop
  endfacet
  facet normal 0.362659 0.417346 -0.833247
    outer loop
      vertex 24.5264 10.01 1.50107
      vertex 23.3589 9.88825 0.931951
      vertex 23.822 10.6221 1.50107
    endloop
  endfacet
  facet normal 0.526441 0.0912906 -0.845296
    outer loop
      vertex 32.7262 -0.194269 2.04467
      vertex 31.5758 0.601816 1.41419
      vertex 32.5687 0.713978 2.04467
    endloop
  endfacet
  facet normal 0.807781 0.431494 0.401626
    outer loop
      vertex 33.0749 1.81613 4.2472
      vertex 32.7464 1.73887 4.99091
      vertex 33.2526 0.791236 4.99091
    endloop
  endfacet
  facet normal 0.651385 0.347941 -0.674266
    outer loop
      vertex 32.5687 0.713978 2.04467
      vertex 32.1022 1.58732 2.04467
      vertex 33.2526 0.791236 2.74523
    endloop
  endfacet
  facet normal 0.37811 -0.480834 0.791095
    outer loop
      vertex 26.2803 -11.2651 6.33848
      vertex 10.5418 -16.6994 10.5578
      vertex 26.4801 -12.148 5.70635
    endloop
  endfacet
  facet normal 0.36201 -0.391649 0.845908
    outer loop
      vertex 11.7641 -15.5696 10.5578
      vertex 10.5418 -16.6994 10.5578
      vertex 26.2803 -11.2651 6.33848
    endloop
  endfacet
  facet normal 0.9853 -0.170835 0
    outer loop
      vertex 33.6013 -1.21916 4.2472
      vertex 33.779 -0.194269 3.48893
      vertex 33.779 -0.194269 4.2472
    endloop
  endfacet
  facet normal 0.9853 -0.170835 0
    outer loop
      vertex 33.779 -0.194269 3.48893
      vertex 33.6013 -1.21916 4.2472
      vertex 33.6013 -1.21916 3.48893
    endloop
  endfacet
  facet normal 0.89137 -0.154549 0.426116
    outer loop
      vertex 33.779 -0.194269 4.2472
      vertex 33.2526 -1.17978 4.99091
      vertex 33.6013 -1.21916 4.2472
    endloop
  endfacet
  facet normal 0.103755 -0.935252 -0.338435
    outer loop
      vertex 8.0866 -20.6169 5.8266
      vertex 6.06082 -20.3922 4.5846
      vertex 8.00875 -20.1761 4.5846
    endloop
  endfacet
  facet normal 0.792625 -0.527557 0.305662
    outer loop
      vertex 28.1057 -10.936 5.00396
      vertex 27.4107 -11.9802 5.00396
      vertex 28.2353 -11.1733 4.25832
    endloop
  endfacet
  facet normal 0.298625 -0.867748 -0.397287
    outer loop
      vertex 25.793 -13.563 3.49806
      vertex 9.88182 -19.5361 4.5846
      vertex 25.7573 -13.2339 2.75241
    endloop
  endfacet
  facet normal 0.557934 -0.570183 -0.602993
    outer loop
      vertex 27.4107 -11.9802 2.75241
      vertex 26.4801 -12.148 2.05002
      vertex 27.2109 -11.4329 2.05002
    endloop
  endfacet
  facet normal 0.628308 0.723033 -0.287145
    outer loop
      vertex 25.3084 10.8382 2.91388
      vertex 24.5642 11.7984 3.70327
      vertex 25.471 11.0104 3.70327
    endloop
  endfacet
  facet normal 0.511903 0.674051 -0.532551
    outer loop
      vertex 24.1858 11.1988 2.17029
      vertex 14.0637 19.7699 3.2891
      vertex 24.4365 11.5959 2.91388
    endloop
  endfacet
  facet normal -0.0704775 0.757209 -0.649359
    outer loop
      vertex 8.6665 20.5975 2.44975
      vertex 6.77126 21.1409 3.2891
      vertex 8.6665 21.3173 3.2891
    endloop
  endfacet
  facet normal -0.0391165 0.434624 -0.899762
    outer loop
      vertex 8.6665 18.2226 1.05196
      vertex -11.0552 15.8265 0.751926
      vertex 8.6665 19.5525 1.69436
    endloop
  endfacet
  facet normal 0.416503 0.824462 0.383129
    outer loop
      vertex 14.2794 20.075 5.08864
      vertex 12.5327 20.9574 5.08864
      vertex 14.0637 19.7699 5.97968
    endloop
  endfacet
  facet normal 0.55644 0.640257 -0.529571
    outer loop
      vertex 24.9894 10.5004 2.17029
      vertex 24.1858 11.1988 2.17029
      vertex 25.3084 10.8382 2.91388
    endloop
  endfacet
  facet normal 0.0851736 0.174151 0.981029
    outer loop
      vertex 3.11212 7.44003 11.1848
      vertex 3.54391 7.22547 11.1854
      vertex 4.09522 9.37136 10.7566
    endloop
  endfacet
  facet normal 0.0849261 0.173653 0.981138
    outer loop
      vertex 3.54391 7.22547 11.1854
      vertex 3.11212 7.44003 11.1848
      vertex 3.11212 7.43664 11.1854
    endloop
  endfacet
  facet normal 0.211317 0.211922 0.954167
    outer loop
      vertex 13.2204 16.4398 8.21682
      vertex 12.0504 15.3339 8.72156
      vertex 23.244 8.652 7.7266
    endloop
  endfacet
  facet normal 0.56012 0.434056 0.705593
    outer loop
      vertex 24.9894 10.5004 6.04111
      vertex 24.5264 10.01 6.71033
      vertex 25.1044 9.26413 6.71033
    endloop
  endfacet
  facet normal 0.628326 0.723027 0.287121
    outer loop
      vertex 24.5642 11.7984 4.50813
      vertex 24.4365 11.5959 5.29752
      vertex 25.3084 10.8382 5.29752
    endloop
  endfacet
  facet normal 0.438435 -0.291864 0.850053
    outer loop
      vertex 27.0126 -8.93492 6.87607
      vertex 26.9209 -10.6384 6.33848
      vertex 27.4824 -9.79492 6.33848
    endloop
  endfacet
  facet normal 0.566016 -0.376793 0.733248
    outer loop
      vertex 27.4824 -9.79492 6.33848
      vertex 26.9209 -10.6384 6.33848
      vertex 27.8515 -10.4706 5.70635
    endloop
  endfacet
  facet normal -0.0544484 0.58497 0.809225
    outer loop
      vertex 8.6665 19.5525 7.57442
      vertex 6.91984 20.4349 6.81903
      vertex 7.13554 19.41 7.57442
    endloop
  endfacet
  facet normal -0.172889 0.896503 0.407911
    outer loop
      vertex -24.1111 16.7592 2.52059
      vertex -25.3219 16.5257 2.52059
      vertex 6.77126 21.1409 5.97968
    endloop
  endfacet
  facet normal -0.170561 0.55297 0.815557
    outer loop
      vertex -14.5328 11.8746 8.17379
      vertex -25.5499 2.35912 12.3215
      vertex 5.66341 18.988 7.57442
    endloop
  endfacet
  facet normal -0.173734 0.560953 0.809412
    outer loop
      vertex 5.2403 19.9534 6.81903
      vertex -25.2753 16.0678 2.96195
      vertex -14.5328 11.8746 8.17379
    endloop
  endfacet
  facet normal -0.161467 0.563271 0.810342
    outer loop
      vertex 6.91984 20.4349 6.81903
      vertex 5.66341 18.988 7.57442
      vertex 7.13554 19.41 7.57442
    endloop
  endfacet
  facet normal -0.175394 0.6118 0.771322
    outer loop
      vertex 6.91984 20.4349 6.81903
      vertex -25.2753 16.0678 2.96195
      vertex 5.2403 19.9534 6.81903
    endloop
  endfacet
  facet normal 0.254854 0.888892 0.380685
    outer loop
      vertex 12.5327 20.9574 5.08864
      vertex 10.5617 21.1409 5.97968
      vertex 12.3841 20.6184 5.97968
    endloop
  endfacet
  facet normal 0.092649 0.995699 -0
    outer loop
      vertex 10.6375 21.5008 4.18014
      vertex 8.6665 21.6842 5.08864
      vertex 10.6375 21.5008 5.08864
    endloop
  endfacet
  facet normal 0.092649 0.995699 0
    outer loop
      vertex 8.6665 21.6842 5.08864
      vertex 10.6375 21.5008 4.18014
      vertex 8.6665 21.6842 4.18014
    endloop
  endfacet
  facet normal -0.98971 -0.14309 0
    outer loop
      vertex -34.0304 -3.78952 6.26829
      vertex -34.2516 -2.25955 7.63062
      vertex -34.2516 -2.25955 6.26829
    endloop
  endfacet
  facet normal -0.98971 -0.14309 0
    outer loop
      vertex -34.2516 -2.25955 7.63062
      vertex -34.0304 -3.78952 6.26829
      vertex -34.0304 -3.78952 7.63062
    endloop
  endfacet
  facet normal -0.764253 0.340248 0.547858
    outer loop
      vertex -32.9668 0.62626 8.96678
      vertex -33.5966 -0.788376 8.96678
      vertex -32.7457 -0.903708 10.2254
    endloop
  endfacet
  facet normal -0.75487 -0.592151 0.282008
    outer loop
      vertex -32.9668 -5.14536 8.96678
      vertex -33.3755 -5.26069 7.63062
      vertex -31.9441 -6.44909 8.96678
    endloop
  endfacet
  facet normal -0.940521 0.135979 0.311335
    outer loop
      vertex -33.5966 -0.788376 8.96678
      vertex -34.0304 -0.72958 7.63062
      vertex -33.8093 -2.25955 8.96678
    endloop
  endfacet
  facet normal -0.665555 -0.0962125 0.740122
    outer loop
      vertex -31.5103 -3.44795 11.3581
      vertex -32.9417 -2.25955 10.2254
      vertex -32.7457 -3.61539 10.2254
    endloop
  endfacet
  facet normal -0.628001 0.279562 0.726264
    outer loop
      vertex -31.0016 0.0715895 11.3581
      vertex -32.7457 -0.903708 10.2254
      vertex -31.5103 -1.07114 11.3581
    endloop
  endfacet
  facet normal -0.665556 0.0962147 0.74012
    outer loop
      vertex -31.5103 -1.07114 11.3581
      vertex -32.9417 -2.25955 10.2254
      vertex -31.6821 -2.25955 11.3581
    endloop
  endfacet
  facet normal -0.0467224 0.270579 -0.961563
    outer loop
      vertex -12.0622 14.8037 0.466839
      vertex -24.1111 14.0467 0.839279
      vertex -24.1111 15.3764 1.21345
    endloop
  endfacet
  facet normal -0.0461088 0.280004 -0.958891
    outer loop
      vertex -12.0622 14.8037 0.466839
      vertex -24.1111 15.3764 1.21345
      vertex -10.759 15.0183 0.466839
    endloop
  endfacet
  facet normal -0.0718699 0.0686766 -0.995047
    outer loop
      vertex -25.1168 7.55602 0.0988464
      vertex -25.7443 9.39451 0.271059
      vertex -25.2361 9.92634 0.271059
    endloop
  endfacet
  facet normal -0.105087 0.176932 -0.978597
    outer loop
      vertex -25.6251 11.7648 0.521072
      vertex -25.9559 13.3283 0.839279
      vertex -25.0516 13.8654 0.839279
    endloop
  endfacet
  facet normal -0.0362159 0.123351 -0.991702
    outer loop
      vertex -24.6846 10.2538 0.271059
      vertex -24.8829 12.2056 0.521072
      vertex -11.1698 12.7545 0.0885582
    endloop
  endfacet
  facet normal -0.169515 0.161983 -0.972124
    outer loop
      vertex -25.6251 11.7648 0.521072
      vertex -26.309 11.0491 0.521072
      vertex -25.9559 13.3283 0.839279
    endloop
  endfacet
  facet normal 0.0306795 -0.0136574 0.999436
    outer loop
      vertex -21.6304 -2.41024 13.8655
      vertex -21.6949 -2.55513 13.8655
      vertex 7.00569 -9.58644 12.8884
    endloop
  endfacet
  facet normal 0.0779683 -0.084341 0.993382
    outer loop
      vertex 8.20254 -11.558 12.6414
      vertex 6.78399 -9.96016 12.8884
      vertex 7.74356 -11.9823 12.6414
    endloop
  endfacet
  facet normal 0.183191 -0.304269 0.934806
    outer loop
      vertex 8.79344 -13.7521 12.1568
      vertex 8.59391 -16.0339 11.4532
      vertex 9.7383 -15.3449 11.4532
    endloop
  endfacet
  facet normal 0.0131784 -0.313566 0.949475
    outer loop
      vertex -5.72111 -14.1784 12.4879
      vertex -5.72111 -15.6282 12.0091
      vertex 6.06082 -14.6858 12.1568
    endloop
  endfacet
  facet normal 0.405102 -0.850971 0.334276
    outer loop
      vertex 25.793 -13.563 4.25832
      vertex 9.88182 -19.5361 8.33494
      vertex 10.0345 -19.9513 7.09293
    endloop
  endfacet
  facet normal 0.334257 -0.555206 0.761589
    outer loop
      vertex 11.1732 -17.7637 9.50488
      vertex 9.1474 -17.539 10.5578
      vertex 9.58228 -18.7215 9.50488
    endloop
  endfacet
  facet normal 0.10374 -0.935262 -0.338411
    outer loop
      vertex 8.0866 -20.6169 5.8266
      vertex 6.06082 -20.8416 5.8266
      vertex 6.06082 -20.3922 4.5846
    endloop
  endfacet
  facet normal 0.0970246 -0.725528 -0.681319
    outer loop
      vertex 7.85604 -19.3113 3.41465
      vertex 4.17245 -19.6229 3.2219
      vertex 4.17245 -18.8508 2.3997
    endloop
  endfacet
  facet normal -0.0548473 -0.72787 -0.683518
    outer loop
      vertex 4.17245 -19.6229 3.2219
      vertex -5.72111 -18.0427 2.33305
      vertex 4.17245 -18.8508 2.3997
    endloop
  endfacet
  facet normal -0.202225 -0.760623 -0.616894
    outer loop
      vertex -17.9788 -15.8076 2.04846
      vertex -18.5036 -16.2373 2.75031
      vertex -18.4625 -15.679 2.04846
    endloop
  endfacet
  facet normal -0.124828 -0.759424 -0.638508
    outer loop
      vertex -6.67823 -18.7789 3.37319
      vertex -17.9788 -15.8076 2.04846
      vertex -6.56003 -17.9238 2.33305
    endloop
  endfacet
  facet normal -0.0548012 -0.322452 -0.944998
    outer loop
      vertex -6.2327 -15.5557 0.753498
      vertex -17.9788 -13.9291 0.879636
      vertex -17.9788 -12.6922 0.457582
    endloop
  endfacet
  facet normal -0.0444442 -0.313237 -0.948634
    outer loop
      vertex -5.72111 -15.6282 0.753498
      vertex -6.03615 -14.1337 0.274777
      vertex -5.72111 -14.1784 0.274777
    endloop
  endfacet
  facet normal 0.0145047 -0.156583 -0.987558
    outer loop
      vertex 4.17245 -12.7618 0.195477
      vertex -5.72111 -14.1784 0.274777
      vertex -5.72111 -12.6392 0.0307274
    endloop
  endfacet
  facet normal 0.000757407 -0.000817 -0.999999
    outer loop
      vertex 25.0423 -5.79361 0.0186739
      vertex 17.9029 1.34656 0.00743294
      vertex 17.9454 1.38596 0.00743294
    endloop
  endfacet
  facet normal -0.118673 0.0171682 0.992785
    outer loop
      vertex -23.854 -2.10886 13.8655
      vertex -26.0994 -2.25955 13.5997
      vertex -23.8758 -2.25955 13.8655
    endloop
  endfacet
  facet normal 0.0152456 -0.0737823 0.997158
    outer loop
      vertex -22.3084 -2.97316 13.8655
      vertex -22.5211 -3.01711 13.8655
      vertex 6.26035 -10.2754 12.8884
    endloop
  endfacet
  facet normal -0.0224245 -0.15651 0.987422
    outer loop
      vertex -5.82749 -12.6242 12.7319
      vertex -22.9634 -3.01711 13.8655
      vertex -6.03615 -14.1337 12.4879
    endloop
  endfacet
  facet normal -0.0115916 0.172781 0.984892
    outer loop
      vertex -22.7422 0.0279827 13.5997
      vertex -22.9634 -1.50198 13.8655
      vertex -22.7422 -1.48714 13.8655
    endloop
  endfacet
  facet normal -0.0558594 0.153382 0.986587
    outer loop
      vertex -23.176 -1.54594 13.8655
      vertex -24.0269 -0.146145 13.5997
      vertex -23.372 -1.61732 13.8655
    endloop
  endfacet
  facet normal -0.226643 -0.405325 0.885632
    outer loop
      vertex -26.5972 -4.88627 13.0783
      vertex -26.8183 -6.41624 12.3215
      vertex -25.771 -5.34825 13.0783
    endloop
  endfacet
  facet normal -0.0343671 -0.166239 0.985486
    outer loop
      vertex -23.176 -2.97316 13.8655
      vertex -24.0269 -4.37295 13.5997
      vertex -23.3972 -4.50313 13.5997
    endloop
  endfacet
  facet normal -0.0558555 -0.153385 0.986587
    outer loop
      vertex -23.176 -2.97316 13.8655
      vertex -24.6074 -4.16156 13.5997
      vertex -24.0269 -4.37295 13.5997
    endloop
  endfacet
  facet normal 0.00281417 -0.470088 0.882615
    outer loop
      vertex -5.72111 -15.6282 12.0091
      vertex -5.72111 -16.9331 11.3141
      vertex 6.06082 -16.6014 11.4532
    endloop
  endfacet
  facet normal 0.0246296 -0.221914 0.974755
    outer loop
      vertex 6.06082 -12.5572 12.6414
      vertex 6.06082 -14.6858 12.1568
      vertex 7.02039 -14.5793 12.1568
    endloop
  endfacet
  facet normal -0.301346 -0.53888 0.786638
    outer loop
      vertex -26.8183 -6.41624 12.3215
      vertex -29.0637 -6.56693 11.3581
      vertex -27.709 -7.32449 11.3581
    endloop
  endfacet
  facet normal -0.255127 -0.574643 0.777622
    outer loop
      vertex -26.8183 -6.41624 12.3215
      vertex -27.709 -7.32449 11.3581
      vertex -7.07162 -16.5465 11.3141
    endloop
  endfacet
  facet normal -0.0664726 -0.469058 0.880662
    outer loop
      vertex -6.2327 -15.5557 12.0091
      vertex -6.4096 -16.8355 11.3141
      vertex -5.72111 -15.6282 12.0091
    endloop
  endfacet
  facet normal -0.107984 -0.761903 0.638626
    outer loop
      vertex -6.56003 -17.9238 10.4296
      vertex -6.67823 -18.7789 9.38945
      vertex -5.72111 -18.0427 10.4296
    endloop
  endfacet
  facet normal 0.0703163 -0.633704 0.770373
    outer loop
      vertex 6.06082 -18.2305 10.5578
      vertex 6.06082 -19.5105 9.50488
      vertex 7.63435 -18.0559 10.5578
    endloop
  endfacet
  facet normal 0.0703167 -0.633704 0.770373
    outer loop
      vertex 7.63435 -18.0559 10.5578
      vertex 6.06082 -19.5105 9.50488
      vertex 7.85604 -19.3113 9.50488
    endloop
  endfacet
  facet normal 0.207361 -0.606909 0.767244
    outer loop
      vertex 9.1474 -17.539 10.5578
      vertex 7.85604 -19.3113 9.50488
      vertex 9.58228 -18.7215 9.50488
    endloop
  endfacet
  facet normal 0.25969 -0.760065 0.595703
    outer loop
      vertex 9.58228 -18.7215 9.50488
      vertex 7.85604 -19.3113 9.50488
      vertex 9.88182 -19.5361 8.33494
    endloop
  endfacet
  facet normal -0.37204 -0.0537491 0.926659
    outer loop
      vertex -28.1939 -2.25955 13.0783
      vertex -29.938 -3.23485 12.3215
      vertex -28.0892 -2.98426 13.0783
    endloop
  endfacet
  facet normal -0.513679 0.074263 0.854763
    outer loop
      vertex -29.938 -1.28425 12.3215
      vertex -31.6821 -2.25955 11.3581
      vertex -30.079 -2.25955 12.3215
    endloop
  endfacet
  facet normal 0.0851745 0.174152 0.981028
    outer loop
      vertex 3.11212 7.4485 11.1833
      vertex 4.09522 9.37136 10.7566
      vertex 3.3918 9.71539 10.7566
    endloop
  endfacet
  facet normal 0.0859885 0.173736 0.981031
    outer loop
      vertex 4.09522 9.37136 10.7566
      vertex 3.11212 7.4485 11.1833
      vertex 3.11212 7.44003 11.1848
    endloop
  endfacet
  facet normal 0.0398522 0.250979 0.967172
    outer loop
      vertex 3.11212 10.2704 10.6241
      vertex 3.3918 9.71539 10.7566
      vertex 9.60011 16.5718 8.72156
    endloop
  endfacet
  facet normal 0.0398527 0.25098 0.967172
    outer loop
      vertex 3.3918 9.71539 10.7566
      vertex 3.11212 10.2704 10.6241
      vertex 3.11212 9.7598 10.7566
    endloop
  endfacet
  facet normal 0.0579511 0.0962549 0.993668
    outer loop
      vertex 7.21991 -5.99369 12.6414
      vertex 6.4522 -8.08134 12.8884
      vertex 6.62901 -8.18779 12.8884
    endloop
  endfacet
  facet normal 0.0409338 0.0298257 0.998717
    outer loop
      vertex 6.78399 -8.33105 12.8884
      vertex -21.6949 -1.96396 13.8655
      vertex 6.91118 -8.50561 12.8884
    endloop
  endfacet
  facet normal -0.0298369 -0.167548 0.985412
    outer loop
      vertex -22.9634 -3.01711 13.8655
      vertex -23.3972 -4.50313 13.5997
      vertex -6.03615 -14.1337 12.4879
    endloop
  endfacet
  facet normal -0.0343659 -0.166239 0.985486
    outer loop
      vertex -23.176 -2.97316 13.8655
      vertex -23.3972 -4.50313 13.5997
      vertex -22.9634 -3.01711 13.8655
    endloop
  endfacet
  facet normal 0.0382806 0.0181658 0.999102
    outer loop
      vertex 6.91118 -8.50561 12.8884
      vertex -21.6949 -1.96396 13.8655
      vertex 7.00569 -8.70477 12.8884
    endloop
  endfacet
  facet normal 0.136255 0.147398 0.979647
    outer loop
      vertex 6.09601 0 11.9213
      vertex 7.74356 -6.30896 12.6414
      vertex 8.20254 -6.73324 12.6414
    endloop
  endfacet
  facet normal 0.13641 0.147436 0.97962
    outer loop
      vertex 7.74356 -6.30896 12.6414
      vertex 6.09601 0 11.9213
      vertex 5.92581 0 11.945
    endloop
  endfacet
  facet normal 0.136805 0.147554 0.979547
    outer loop
      vertex 5.17943 2.92973 11.608
      vertex 3.94311 6.88144 11.1854
      vertex 5.17943 2.5905 11.6591
    endloop
  endfacet
  facet normal 0.0985747 0.195121 0.975813
    outer loop
      vertex 10.4978 16.3144 8.72156
      vertex 5.40738 10.5556 10.3873
      vertex 11.3252 15.8964 8.72156
    endloop
  endfacet
  facet normal 0.098418 0.195256 0.975802
    outer loop
      vertex 5.40738 10.5556 10.3873
      vertex 10.4978 16.3144 8.72156
      vertex 5.18727 10.5556 10.4095
    endloop
  endfacet
  facet normal 0.0981845 0.195454 0.975786
    outer loop
      vertex 5.17943 10.5471 10.412
      vertex 4.09522 9.37136 10.7566
      vertex 5.17943 10.3499 10.4515
    endloop
  endfacet
  facet normal 0.137579 0.27237 0.952306
    outer loop
      vertex 12.2445 17.1968 8.21682
      vertex 11.1311 17.7592 8.21682
      vertex 11.3252 15.8964 8.72156
    endloop
  endfacet
  facet normal -0.0558552 0.153384 0.986587
    outer loop
      vertex -24.0269 -0.146145 13.5997
      vertex -24.6074 -0.357535 13.5997
      vertex -23.372 -1.61732 13.8655
    endloop
  endfacet
  facet normal -0.00284384 0.285422 0.958398
    outer loop
      vertex 2.66026 11.9219 10.1341
      vertex 1.04262 10.5556 10.5362
      vertex 2.66026 10.5556 10.541
    endloop
  endfacet
  facet normal -0.00287974 0.285386 0.958408
    outer loop
      vertex 1.04262 10.5556 10.5362
      vertex -3.01139 7.64269 11.3914
      vertex 1.04262 9.20725 10.9377
    endloop
  endfacet
  facet normal -0.00295144 0.285539 0.958363
    outer loop
      vertex -5.28741 7.62051 11.3912
      vertex 1.04262 10.5556 10.5362
      vertex 2.66026 11.9219 10.1341
    endloop
  endfacet
  facet normal -0.00289807 0.28541 0.958401
    outer loop
      vertex 1.04262 10.5556 10.5362
      vertex -3.45604 7.7097 11.3701
      vertex -3.01139 7.64269 11.3914
    endloop
  endfacet
  facet normal -0.00286231 0.285358 0.958417
    outer loop
      vertex 1.04262 10.5556 10.5362
      vertex -4.03856 7.7361 11.3605
      vertex -3.45604 7.7097 11.3701
    endloop
  endfacet
  facet normal -0.00285566 0.285347 0.95842
    outer loop
      vertex 1.04262 10.5556 10.5362
      vertex -4.35826 7.72887 11.3617
      vertex -4.03856 7.7361 11.3605
    endloop
  endfacet
  facet normal -0.00290481 0.285433 0.958394
    outer loop
      vertex 1.04262 10.5556 10.5362
      vertex -4.67297 7.7072 11.3672
      vertex -4.35826 7.72887 11.3617
    endloop
  endfacet
  facet normal -0.0029803 0.285573 0.958352
    outer loop
      vertex 1.04262 10.5556 10.5362
      vertex -4.98268 7.67108 11.377
      vertex -4.67297 7.7072 11.3672
    endloop
  endfacet
  facet normal -0.00260226 0.284846 0.95857
    outer loop
      vertex 1.04262 10.5556 10.5362
      vertex -5.28741 7.62051 11.3912
      vertex -4.98268 7.67108 11.377
    endloop
  endfacet
  facet normal -0.00319778 0.285957 0.958237
    outer loop
      vertex 2.66026 11.9219 10.1341
      vertex -5.58716 7.5555 11.4096
      vertex -5.28741 7.62051 11.3912
    endloop
  endfacet
  facet normal -0.00274273 0.285167 0.958474
    outer loop
      vertex 2.66026 11.9219 10.1341
      vertex -5.87907 7.47774 11.4319
      vertex -5.58716 7.5555 11.4096
    endloop
  endfacet
  facet normal -0.0030507 0.285711 0.958311
    outer loop
      vertex 2.66026 11.9219 10.1341
      vertex -6.16045 7.38887 11.4575
      vertex -5.87907 7.47774 11.4319
    endloop
  endfacet
  facet normal -0.00237259 0.284498 0.958674
    outer loop
      vertex 2.66026 11.9219 10.1341
      vertex -6.43127 7.28889 11.4865
      vertex -6.16045 7.38887 11.4575
    endloop
  endfacet
  facet normal -0.00289703 0.285444 0.958391
    outer loop
      vertex 2.66026 11.9219 10.1341
      vertex -6.69153 7.1778 11.5188
      vertex -6.43127 7.28889 11.4865
    endloop
  endfacet
  facet normal -0.00763955 0.294027 0.955767
    outer loop
      vertex 2.66026 11.9219 10.1341
      vertex -6.94125 7.05559 11.5544
      vertex -6.69153 7.1778 11.5188
    endloop
  endfacet
  facet normal -0.00287489 0.285396 0.958405
    outer loop
      vertex -6.94125 7.05559 11.5544
      vertex 2.66026 11.9219 10.1341
      vertex -22.7422 0.0279827 13.5997
    endloop
  endfacet
  facet normal -0.00287759 0.285402 0.958404
    outer loop
      vertex -6.56144 6.27262 11.7887
      vertex -6.94125 7.05559 11.5544
      vertex -22.7422 0.0279827 13.5997
    endloop
  endfacet
  facet normal 0.00028003 0.285444 0.958395
    outer loop
      vertex 2.66026 11.9219 10.1341
      vertex 3.11212 10.5556 10.5409
      vertex 8.6665 16.6587 8.72156
    endloop
  endfacet
  facet normal 0.000212101 0.285423 0.958402
    outer loop
      vertex 3.11212 10.5556 10.5409
      vertex 2.66026 11.9219 10.1341
      vertex 2.66026 10.5556 10.541
    endloop
  endfacet
  facet normal 0.000602882 0.285174 0.958476
    outer loop
      vertex 8.6665 16.6587 8.72156
      vertex 3.11212 10.5556 10.5409
      vertex 3.11212 10.3452 10.6035
    endloop
  endfacet
  facet normal -0.0212889 0.317247 0.948104
    outer loop
      vertex 8.6665 18.2226 8.21682
      vertex -23.3972 -0.0159712 13.5997
      vertex -22.7422 0.0279827 13.5997
    endloop
  endfacet
  facet normal -0.0355959 0.339693 0.939862
    outer loop
      vertex 7.41007 18.1056 8.21682
      vertex -23.8058 1.38382 13.0783
      vertex -23.3972 -0.0159712 13.5997
    endloop
  endfacet
  facet normal -0.185061 -0.222894 0.957116
    outer loop
      vertex -25.5336 -3.53043 13.5997
      vertex -27.2752 -4.32335 13.0783
      vertex -26.5972 -4.88627 13.0783
    endloop
  endfacet
  facet normal -0.0918861 -0.110666 0.989601
    outer loop
      vertex -23.5438 -2.80572 13.8655
      vertex -25.5336 -3.53043 13.5997
      vertex -25.1161 -3.87708 13.5997
    endloop
  endfacet
  facet normal -0.288101 0.549403 0.784318
    outer loop
      vertex -25.2753 16.0678 2.96195
      vertex -27.709 2.8054 11.3581
      vertex -26.8183 1.89714 12.3215
    endloop
  endfacet
  facet normal -0.301348 0.538875 0.78664
    outer loop
      vertex -27.709 2.8054 11.3581
      vertex -29.0637 2.04783 11.3581
      vertex -26.8183 1.89714 12.3215
    endloop
  endfacet
  facet normal -0.577943 -0.816077 0
    outer loop
      vertex -30.8806 -7.80493 6.26829
      vertex -20.8474 -14.9104 5.26103
      vertex -30.8806 -7.80493 7.63062
    endloop
  endfacet
  facet normal -0.577943 -0.816077 -0
    outer loop
      vertex -20.8474 -14.9104 5.26103
      vertex -30.8806 -7.80493 6.26829
      vertex -20.8474 -14.9104 4.32175
    endloop
  endfacet
  facet normal -0.585688 -0.807354 -0.0717656
    outer loop
      vertex -20.8474 -14.9104 4.32175
      vertex -30.8806 -7.80493 6.26829
      vertex -18.5246 -16.522 3.49539
    endloop
  endfacet
  facet normal -0.555707 -0.669338 0.493129
    outer loop
      vertex -31.2228 -6.12066 10.2254
      vertex -31.9441 -6.44909 8.96678
      vertex -29.9543 -7.17381 10.2254
    endloop
  endfacet
  facet normal -0.488369 -0.217401 0.845123
    outer loop
      vertex -29.938 -3.23485 12.3215
      vertex -31.5103 -3.44795 11.3581
      vertex -31.0016 -4.59069 11.3581
    endloop
  endfacet
  facet normal -0.557748 0.53301 0.636252
    outer loop
      vertex -26.486 15.8343 2.52059
      vertex -27.559 14.7115 2.52059
      vertex -27.4265 14.3233 2.96195
    endloop
  endfacet
  facet normal -0.561817 0.53021 0.635011
    outer loop
      vertex -27.559 14.7115 2.52059
      vertex -31.2228 1.60156 10.2254
      vertex -27.4265 14.3233 2.96195
    endloop
  endfacet
  facet normal -0.324186 -0.254308 0.91117
    outer loop
      vertex -27.779 -3.68112 13.0783
      vertex -29.5205 -4.17266 12.3215
      vertex -28.8425 -5.03696 12.3215
    endloop
  endfacet
  facet normal -0.441025 -0.345962 0.828135
    outer loop
      vertex -29.5205 -4.17266 12.3215
      vertex -31.0016 -4.59069 11.3581
      vertex -28.8425 -5.03696 12.3215
    endloop
  endfacet
  facet normal -0.371627 -0.664576 0.648253
    outer loop
      vertex -27.709 -7.32449 11.3581
      vertex -29.9543 -7.17381 10.2254
      vertex -28.4087 -8.0381 10.2254
    endloop
  endfacet
  facet normal -0.322542 -0.698207 0.639119
    outer loop
      vertex -27.709 -7.32449 11.3581
      vertex -28.4087 -8.0381 10.2254
      vertex -7.36671 -17.5717 10.4296
    endloop
  endfacet
  facet normal -0.095466 -0.619868 -0.778877
    outer loop
      vertex -6.56003 -17.9238 2.33305
      vertex -17.9788 -15.8076 2.04846
      vertex -6.4096 -16.8355 1.44849
    endloop
  endfacet
  facet normal -0.129261 -0.770114 -0.624672
    outer loop
      vertex -6.67823 -18.7789 3.37319
      vertex -17.9788 -16.3769 2.75031
      vertex -17.9788 -15.8076 2.04846
    endloop
  endfacet
  facet normal -0.0854778 -0.96669 0.241255
    outer loop
      vertex -5.72111 -19.5151 8.23372
      vertex -5.72111 -19.8213 7.0068
      vertex 6.06082 -20.8416 7.09293
    endloop
  endfacet
  facet normal -0.0727329 -0.937846 0.339344
    outer loop
      vertex 6.06082 -20.3922 8.33494
      vertex -5.72111 -19.5151 8.23372
      vertex 6.06082 -20.8416 7.09293
    endloop
  endfacet
  facet normal -0.136253 -0.961196 -0.239871
    outer loop
      vertex -5.72111 -19.8213 5.75584
      vertex -6.80115 -19.6682 5.75584
      vertex -6.75964 -19.3679 4.52892
    endloop
  endfacet
  facet normal -0.0862758 -0.996271 0
    outer loop
      vertex -5.72111 -19.8213 7.0068
      vertex 6.06082 -20.8416 5.8266
      vertex 6.06082 -20.8416 7.09293
    endloop
  endfacet
  facet normal -0.0862758 -0.996271 0
    outer loop
      vertex 6.06082 -20.8416 5.8266
      vertex -5.72111 -19.8213 7.0068
      vertex -5.72111 -19.8213 5.75584
    endloop
  endfacet
  facet normal -0.31254 -0.716046 0.624177
    outer loop
      vertex -7.36671 -17.5717 10.4296
      vertex -7.59856 -18.3772 9.38945
      vertex -6.56003 -17.9238 10.4296
    endloop
  endfacet
  facet normal -0.327812 -0.710183 0.62304
    outer loop
      vertex -7.36671 -17.5717 10.4296
      vertex -28.4087 -8.0381 10.2254
      vertex -7.59856 -18.3772 9.38945
    endloop
  endfacet
  facet normal -0.355634 -0.158307 -0.921121
    outer loop
      vertex -27.779 -3.68112 0.820582
      vertex -29.938 -3.23485 1.57745
      vertex -28.0892 -2.98426 0.820582
    endloop
  endfacet
  facet normal -0.231526 -0.103062 -0.967354
    outer loop
      vertex -27.779 -3.68112 0.820582
      vertex -28.0892 -2.98426 0.820582
      vertex -26.0349 -2.70582 0.299241
    endloop
  endfacet
  facet normal -0.4797 -0.56709 -0.66955
    outer loop
      vertex -18.9275 -15.2981 2.04846
      vertex -25.1342 -10.1636 2.14648
      vertex -24.4913 -10.0607 1.59872
    endloop
  endfacet
  facet normal -0.540085 -0.64249 -0.543613
    outer loop
      vertex -19.0082 -15.8241 2.75031
      vertex -25.1342 -10.1636 2.14648
      vertex -18.9275 -15.2981 2.04846
    endloop
  endfacet
  facet normal -0.512692 -0.511709 -0.689421
    outer loop
      vertex -25.1342 -10.1636 2.14648
      vertex -31.2228 -6.12066 3.67351
      vertex -30.1755 -5.64384 2.54077
    endloop
  endfacet
  facet normal -0.559916 -0.439203 -0.702563
    outer loop
      vertex -30.1755 -5.64384 2.54077
      vertex -31.2228 -6.12066 3.67351
      vertex -31.0016 -4.59069 2.54077
    endloop
  endfacet
  facet normal -0.00336589 -0.000646364 -0.999994
    outer loop
      vertex -22.5016 -1.71589 0.00752735
      vertex -24.6758 4.15137 0.0110531
      vertex -22.5299 -1.56852 0.00752735
    endloop
  endfacet
  facet normal -0.133819 0.0365421 -0.990332
    outer loop
      vertex -25.7836 5.96553 0.0988464
      vertex -26.827 6.8117 0.271059
      vertex -26.5553 7.80668 0.271059
    endloop
  endfacet
  facet normal -0.000118607 0.000721458 -1
    outer loop
      vertex -7.66781 8.22823 0.00702953
      vertex -9.81456 11.8581 0.00990295
      vertex -9.61322 11.8912 0.00990295
    endloop
  endfacet
  facet normal 9.63523e-05 0.000750546 -1
    outer loop
      vertex -7.16628 8.22823 0.00702953
      vertex -7.2892 8.24401 0.00702953
      vertex 10.2623 9.12168 0.00937939
    endloop
  endfacet
  facet normal -0.0268409 -0.101018 -0.994522
    outer loop
      vertex -17.9788 -11.3178 0.166865
      vertex -18.138 -11.2755 0.166865
      vertex -17.9788 -9.85872 0.0186596
    endloop
  endfacet
  facet normal -0.00164502 0.00369675 -0.999992
    outer loop
      vertex -10.1628 11.7318 0.00990295
      vertex -24.2304 5.78297 0.0110531
      vertex -10.0001 11.8042 0.00990295
    endloop
  endfacet
  facet normal -0.000157954 0.000698188 -1
    outer loop
      vertex -7.7811 8.2026 0.00702953
      vertex -9.81456 11.8581 0.00990295
      vertex -7.66781 8.22823 0.00702953
    endloop
  endfacet
  facet normal -0.0158327 -0.00693053 -0.999851
    outer loop
      vertex -22.4171 -1.95107 0.00752735
      vertex -23.854 -2.41024 0.0334635
      vertex -22.4635 -1.84507 0.00752735
    endloop
  endfacet
  facet normal -0.0231697 -0.00631625 -0.999712
    outer loop
      vertex -23.854 -2.41024 0.0334635
      vertex -24.6758 4.15137 0.0110531
      vertex -24.6194 3.94448 0.0110531
    endloop
  endfacet
  facet normal -4.09001e-05 0.00076465 -1
    outer loop
      vertex -7.54488 8.24401 0.00702953
      vertex -9.61322 11.8912 0.00990295
      vertex -9.40383 11.9024 0.00990295
    endloop
  endfacet
  facet normal -0.085548 -0.321753 -0.942951
    outer loop
      vertex -17.9788 -13.9291 0.879636
      vertex -18.3267 -13.8366 0.879636
      vertex -17.9788 -12.6922 0.457582
    endloop
  endfacet
  facet normal -0.261691 -0.298772 -0.917743
    outer loop
      vertex -18.6613 -13.5627 0.879636
      vertex -22.3702 -9.7209 0.686514
      vertex -18.4859 -12.4199 0.457582
    endloop
  endfacet
  facet normal -0.0399222 -0.206779 -0.977573
    outer loop
      vertex -6.03615 -14.1337 0.274777
      vertex -17.9788 -12.6922 0.457582
      vertex -17.9788 -11.3178 0.166865
    endloop
  endfacet
  facet normal -0.0278119 -0.155794 -0.987398
    outer loop
      vertex -6.03615 -14.1337 0.274777
      vertex -17.9788 -11.3178 0.166865
      vertex -5.82749 -12.6242 0.0307274
    endloop
  endfacet
  facet normal -0.628016 -0.279583 -0.726244
    outer loop
      vertex -32.1653 -4.91912 3.67351
      vertex -32.7457 -3.61539 3.67351
      vertex -31.0016 -4.59069 2.54077
    endloop
  endfacet
  facet normal -0.513646 -0.0742548 -0.854783
    outer loop
      vertex -31.5103 -3.44795 2.54077
      vertex -31.6821 -2.25955 2.54077
      vertex -29.938 -3.23485 1.57745
    endloop
  endfacet
  facet normal -0.292901 -0.0423158 -0.955206
    outer loop
      vertex -28.0892 -2.98426 0.820582
      vertex -28.1939 -2.25955 0.820582
      vertex -27.9912 3.09832 0.521072
    endloop
  endfacet
  facet normal -0.372068 -0.0537533 -0.926648
    outer loop
      vertex -28.0892 -2.98426 0.820582
      vertex -29.938 -3.23485 1.57745
      vertex -28.1939 -2.25955 0.820582
    endloop
  endfacet
  facet normal -0.764256 -0.340248 -0.547854
    outer loop
      vertex -32.9668 -5.14536 4.93214
      vertex -33.5966 -3.73072 4.93214
      vertex -32.7457 -3.61539 3.67351
    endloop
  endfacet
  facet normal -0.764266 -0.340239 -0.547846
    outer loop
      vertex -32.1653 -4.91912 3.67351
      vertex -32.9668 -5.14536 4.93214
      vertex -32.7457 -3.61539 3.67351
    endloop
  endfacet
  facet normal -3.36188e-05 -1.19273e-06 -1
    outer loop
      vertex -22.5473 -1.40862 0.00752735
      vertex -22.5532 -1.24232 0.00752735
      vertex -8.07232 7.97202 0.00702953
    endloop
  endfacet
  facet normal -0.0012559 0.000136659 -0.999999
    outer loop
      vertex -22.5473 -1.07602 0.00752735
      vertex -24.7106 4.84276 0.0110531
      vertex -22.5299 -0.916113 0.00752735
    endloop
  endfacet
  facet normal -4.69165e-05 2.05355e-05 -1
    outer loop
      vertex -8.05973 8.02612 0.00702953
      vertex -22.4635 -0.639569 0.00752735
      vertex -22.4171 -0.533561 0.00752735
    endloop
  endfacet
  facet normal -0.00114717 0.000177832 -0.999999
    outer loop
      vertex -22.5299 -0.916113 0.00752735
      vertex -24.7106 4.84276 0.0110531
      vertex -24.6758 5.06725 0.0110531
    endloop
  endfacet
  facet normal -0.333247 0.0516297 -0.941425
    outer loop
      vertex -27.9912 6.1203 0.521072
      vertex -28.5647 8.22085 0.839279
      vertex -27.7661 7.57322 0.521072
    endloop
  endfacet
  facet normal -0.482411 0.0242627 -0.875609
    outer loop
      vertex -28.9316 4.60931 0.839279
      vertex -29.5051 6.70986 1.21345
      vertex -28.839 6.45046 0.839279
    endloop
  endfacet
  facet normal -0.0730322 -0.00369134 -0.997323
    outer loop
      vertex -24.7106 4.37585 0.0110531
      vertex -25.9213 4.60931 0.0988464
      vertex -24.7224 4.60931 0.0110531
    endloop
  endfacet
  facet normal -0.238842 0.0120133 -0.970984
    outer loop
      vertex -27.0508 4.60931 0.271059
      vertex -28.0672 4.60931 0.521072
      vertex -27.9912 6.1203 0.521072
    endloop
  endfacet
  facet normal -0.238834 0.0120186 -0.970986
    outer loop
      vertex -27.0508 4.60931 0.271059
      vertex -27.9912 6.1203 0.521072
      vertex -26.9943 5.73208 0.271059
    endloop
  endfacet
  facet normal -0.230021 0.0356445 -0.972533
    outer loop
      vertex -26.9943 5.73208 0.271059
      vertex -27.9912 6.1203 0.521072
      vertex -26.827 6.8117 0.271059
    endloop
  endfacet
  facet normal -0.0647424 0.0176779 -0.997745
    outer loop
      vertex -24.6194 5.27414 0.0110531
      vertex -25.7836 5.96553 0.0988464
      vertex -25.6163 6.57824 0.0988464
    endloop
  endfacet
  facet normal -0.133823 0.0365403 -0.990331
    outer loop
      vertex -25.7836 5.96553 0.0988464
      vertex -26.5553 7.80668 0.271059
      vertex -25.6163 6.57824 0.0988464
    endloop
  endfacet
  facet normal -0.273116 0.114491 -0.955144
    outer loop
      vertex -27.4005 8.91224 0.521072
      vertex -28.1192 9.85245 0.839279
      vertex -26.9085 10.0859 0.521072
    endloop
  endfacet
  facet normal -0.309036 0.0843779 -0.9473
    outer loop
      vertex -27.7661 7.57322 0.521072
      vertex -28.1192 9.85245 0.839279
      vertex -27.4005 8.91224 0.521072
    endloop
  endfacet
  facet normal -0.0433316 0.45401 -0.889942
    outer loop
      vertex -11.0552 15.8265 0.751926
      vertex -11.2878 16.4614 1.08715
      vertex 7.13554 19.41 1.69436
    endloop
  endfacet
  facet normal -0.0436099 0.453924 -0.889972
    outer loop
      vertex -11.0552 15.8265 0.751926
      vertex -24.1111 16.2922 1.62921
      vertex -11.2878 16.4614 1.08715
    endloop
  endfacet
  facet normal -0.370975 0.624616 -0.687192
    outer loop
      vertex -25.2753 16.0678 1.62921
      vertex -26.3948 15.4029 1.62921
      vertex -25.3219 16.5257 2.07057
    endloop
  endfacet
  facet normal -0.131267 0.681021 -0.720402
    outer loop
      vertex -25.2753 16.0678 1.62921
      vertex -25.3219 16.5257 2.07057
      vertex -24.1111 16.2922 1.62921
    endloop
  endfacet
  facet normal 0.0182579 0.196153 -0.980403
    outer loop
      vertex 9.60011 16.5718 0.547223
      vertex 8.6665 14.921 0.199554
      vertex 8.6665 16.6587 0.547223
    endloop
  endfacet
  facet normal 0.028577 0.307017 -0.951275
    outer loop
      vertex 9.60011 16.5718 0.547223
      vertex 8.6665 16.6587 0.547223
      vertex 8.6665 18.2226 1.05196
    endloop
  endfacet
  facet normal 0.112702 0.069536 -0.991193
    outer loop
      vertex 27.0213 0.392141 0.166557
      vertex 21.7297 6.87628 0.0197697
      vertex 22.691 7.55644 0.176789
    endloop
  endfacet
  facet normal 0.00130302 0.00207821 -0.999997
    outer loop
      vertex 10.3697 9.06951 0.00937939
      vertex 10.3182 9.1018 0.00937939
      vertex 21.5671 7.04848 0.0197697
    endloop
  endfacet
  facet normal 0.0858346 0.0987656 -0.991402
    outer loop
      vertex 22.4739 7.83654 0.176789
      vertex 21.6564 6.97086 0.0197697
      vertex 22.2094 8.06641 0.176789
    endloop
  endfacet
  facet normal 0.151827 0.262528 -0.952905
    outer loop
      vertex 22.8144 9.02529 0.484796
      vertex 11.3252 15.8964 0.547223
      vertex 12.2445 17.1968 1.05196
    endloop
  endfacet
  facet normal 0.416502 0.824462 -0.383131
    outer loop
      vertex 14.0637 19.7699 3.2891
      vertex 12.3841 20.6184 3.2891
      vertex 12.5327 20.9574 4.18014
    endloop
  endfacet
  facet normal 0.44311 0.609148 -0.657717
    outer loop
      vertex 24.1858 11.1988 2.17029
      vertex 13.6406 19.1714 2.44975
      vertex 14.0637 19.7699 3.2891
    endloop
  endfacet
  facet normal -0.000196583 0.000676699 -1
    outer loop
      vertex -7.7811 8.2026 0.00702953
      vertex -10.0001 11.8042 0.00990295
      vertex -9.81456 11.8581 0.00990295
    endloop
  endfacet
  facet normal -0.000326459 0.000549452 -1
    outer loop
      vertex -7.96189 8.12609 0.00702953
      vertex -24.345 5.71488 0.0110531
      vertex -24.2304 5.78297 0.0110531
    endloop
  endfacet
  facet normal -3.69017e-05 4.01539e-06 -1
    outer loop
      vertex -8.07232 7.97202 0.00702953
      vertex -22.5473 -1.07602 0.00752735
      vertex -22.5299 -0.916113 0.00752735
    endloop
  endfacet
  facet normal 9.34301e-05 0.000808985 -1
    outer loop
      vertex 10.2623 9.12168 0.00937939
      vertex -7.2892 8.24401 0.00702953
      vertex 10.2042 9.12839 0.00937939
    endloop
  endfacet
  facet normal 4.33521e-05 0.000810491 -1
    outer loop
      vertex -7.2892 8.24401 0.00702953
      vertex -9.40383 11.9024 0.00990295
      vertex -9.19444 11.8912 0.00990295
    endloop
  endfacet
  facet normal 0.0263665 0.0919615 -0.995413
    outer loop
      vertex 9.79424 14.7089 0.199554
      vertex 8.86063 13.0581 0.022315
      vertex 9.24142 14.8674 0.199554
    endloop
  endfacet
  facet normal 0.018286 0.196138 -0.980406
    outer loop
      vertex 9.24142 14.8674 0.199554
      vertex 8.6665 14.921 0.199554
      vertex 9.60011 16.5718 0.547223
    endloop
  endfacet
  facet normal 9.29451e-06 -2.67598e-05 -1
    outer loop
      vertex 17.8543 1.31729 0.00743294
      vertex -7.05299 7.74144 0.00702953
      vertex -6.95369 7.77593 0.00702953
    endloop
  endfacet
  facet normal -2.37093e-05 -1.59507e-05 -1
    outer loop
      vertex -22.3641 -2.02985 0.00752735
      vertex -22.4171 -1.95107 0.00752735
      vertex -8.05973 7.91792 0.00702953
    endloop
  endfacet
  facet normal -0.00990699 -0.00666502 -0.999929
    outer loop
      vertex -19.365 -8.81976 0.0230713
      vertex -22.4171 -1.95107 0.00752735
      vertex -22.3641 -2.02985 0.00752735
    endloop
  endfacet
  facet normal 0.00010992 0.000485872 -1
    outer loop
      vertex -7.05299 8.2026 0.00702953
      vertex -7.16628 8.22823 0.00702953
      vertex 10.2623 9.12168 0.00937939
    endloop
  endfacet
  facet normal 0.472979 -0.212021 0.855183
    outer loop
      vertex 27.3907 -8.09145 6.87607
      vertex 27.0126 -8.93492 6.87607
      vertex 31.5758 -0.990355 6.32194
    endloop
  endfacet
  facet normal 0.318604 -0.151185 0.935754
    outer loop
      vertex 10.605 -11.2657 12.1568
      vertex 10.1505 -12.2235 12.1568
      vertex 26.4601 -7.92367 7.29844
    endloop
  endfacet
  facet normal 0.193827 0.181134 0.964169
    outer loop
      vertex 23.244 8.652 7.7266
      vertex 12.0504 15.3339 8.72156
      vertex 22.4739 7.83654 8.03461
    endloop
  endfacet
  facet normal 0.248341 -0.021714 0.968429
    outer loop
      vertex 10.9794 -9.14561 12.1568
      vertex 9.08966 -9.14561 12.6414
      vertex 10.8849 -10.2264 12.1568
    endloop
  endfacet
  facet normal 0.104563 0.0810448 -0.991211
    outer loop
      vertex 22.691 7.55644 0.176789
      vertex 21.6564 6.97086 0.0197697
      vertex 22.4739 7.83654 0.176789
    endloop
  endfacet
  facet normal 0.32338 0.250607 -0.912481
    outer loop
      vertex 23.5965 8.19714 0.484796
      vertex 23.244 8.652 0.484796
      vertex 23.937 9.38589 0.931951
    endloop
  endfacet
  facet normal 0.00120428 0.00153118 -0.999998
    outer loop
      vertex 17.9029 1.87337 0.00743294
      vertex 10.3697 9.06951 0.00937939
      vertex 21.5671 7.04848 0.0197697
    endloop
  endfacet
  facet normal 0.0013334 0.00143832 -0.999998
    outer loop
      vertex 17.9454 1.83397 0.00743294
      vertex 17.9029 1.87337 0.00743294
      vertex 21.6564 6.97086 0.0197697
    endloop
  endfacet
  facet normal 0.0467305 -0.0841497 -0.995357
    outer loop
      vertex 25.1339 -7.49708 0.166993
      vertex 24.9541 -5.84255 0.0186739
      vertex 25.3949 -7.35214 0.166993
    endloop
  endfacet
  facet normal 0.000119081 -0.00107154 -0.999999
    outer loop
      vertex 17.8017 1.29926 0.00743294
      vertex -16.7566 -9.19493 0.0145626
      vertex 17.7469 1.29317 0.00743294
    endloop
  endfacet
  facet normal -0.00193231 -0.00228689 -0.999996
    outer loop
      vertex -17.7739 -8.98465 0.0145626
      vertex -22.3641 -2.02985 0.00752735
      vertex -22.3067 -2.07835 0.00752735
    endloop
  endfacet
  facet normal -0.0268503 -0.101017 -0.994522
    outer loop
      vertex -17.9788 -9.85872 0.0186596
      vertex -18.138 -11.2755 0.166865
      vertex -18.0326 -9.84442 0.0186596
    endloop
  endfacet
  facet normal -8.74652e-06 -0.00473094 -0.999989
    outer loop
      vertex -5.72111 -12.6392 0.0307274
      vertex -16.934 -9.20168 0.0145626
      vertex 4.17245 -10.783 0.0218592
    endloop
  endfacet
  facet normal 0.00106856 -0.00513954 -0.999986
    outer loop
      vertex 4.26576 -10.7636 0.0218592
      vertex 4.17245 -10.783 0.0218592
      vertex 24.9541 -5.84255 0.0186739
    endloop
  endfacet
  facet normal 0.132939 -0.498804 -0.856459
    outer loop
      vertex 7.63435 -18.0559 2.36173
      vertex 4.90837 -17.5771 1.65975
      vertex 25.5853 -11.6511 1.41789
    endloop
  endfacet
  facet normal 0.0835049 -0.402175 -0.911747
    outer loop
      vertex 4.90837 -17.5771 1.65975
      vertex 4.17245 -16.3033 1.03047
      vertex 4.7764 -16.1779 1.03047
    endloop
  endfacet
  facet normal 0.154824 -0.158222 -0.97519
    outer loop
      vertex 25.7271 -8.82025 0.457931
      vertex 25.3949 -7.35214 0.166993
      vertex 26.1177 -8.43804 0.457931
    endloop
  endfacet
  facet normal 0.103818 -0.39927 -0.910937
    outer loop
      vertex 25.5853 -11.6511 1.41789
      vertex 4.7764 -16.1779 1.03047
      vertex 25.4557 -10.4583 0.880307
    endloop
  endfacet
  facet normal 0.247324 -0.0722317 -0.966237
    outer loop
      vertex 28.826 -0.679737 0.456737
      vertex 26.0193 -6.41408 0.166993
      vertex 26.1479 -5.97375 0.166993
    endloop
  endfacet
  facet normal 0.0373042 -0.179606 -0.983031
    outer loop
      vertex 4.44881 -12.7044 0.195477
      vertex 4.17245 -14.6258 0.536042
      vertex 4.17245 -12.7618 0.195477
    endloop
  endfacet
  facet normal 0.390776 -0.162185 -0.906085
    outer loop
      vertex 27.3907 -8.09145 0.880307
      vertex 26.7411 -7.29692 0.457931
      vertex 31.5758 -0.990355 1.41419
    endloop
  endfacet
  facet normal 0.267599 -0.0464126 -0.962412
    outer loop
      vertex 30.4253 -0.194269 0.878011
      vertex 28.826 -0.679737 0.456737
      vertex 28.9102 -0.194269 0.456737
    endloop
  endfacet
  facet normal 0.703462 -0.121987 -0.700186
    outer loop
      vertex 33.2526 -1.17978 2.74523
      vertex 32.5687 -1.10252 2.04467
      vertex 32.7262 -0.194269 2.04467
    endloop
  endfacet
  facet normal 0.240479 -0.245758 -0.939028
    outer loop
      vertex 26.5518 -9.62714 0.880307
      vertex 25.7271 -8.82025 0.457931
      vertex 26.1177 -8.43804 0.457931
    endloop
  endfacet
  facet normal 0.699394 -0.714736 0
    outer loop
      vertex 26.6879 -13.0661 3.49806
      vertex 27.5125 -12.2592 4.25832
      vertex 26.6879 -13.0661 4.25832
    endloop
  endfacet
  facet normal 0.699394 -0.714736 0
    outer loop
      vertex 27.5125 -12.2592 4.25832
      vertex 26.6879 -13.0661 3.49806
      vertex 27.5125 -12.2592 3.49806
    endloop
  endfacet
  facet normal 0.656703 -0.331063 -0.677597
    outer loop
      vertex 33.2526 -1.17978 2.74523
      vertex 27.8515 -10.4706 2.05002
      vertex 32.5687 -1.10252 2.04467
    endloop
  endfacet
  facet normal 0.364374 0.194636 -0.910686
    outer loop
      vertex 31.5758 0.601816 1.41419
      vertex 29.9764 1.08728 0.878011
      vertex 31.1669 1.36731 1.41419
    endloop
  endfacet
  facet normal 0.265849 0.305951 -0.914176
    outer loop
      vertex 23.244 8.652 0.484796
      vertex 22.8144 9.02529 0.484796
      vertex 23.3589 9.88825 0.931951
    endloop
  endfacet
  facet normal 0.298185 -0.080306 0.951124
    outer loop
      vertex 10.8849 -10.2264 12.1568
      vertex 10.605 -11.2657 12.1568
      vertex 30.312 -0.8476 6.85812
    endloop
  endfacet
  facet normal 0.807779 0.431493 -0.40163
    outer loop
      vertex 33.2526 0.791236 2.74523
      vertex 32.7464 1.73887 2.74523
      vertex 33.0749 1.81613 3.48893
    endloop
  endfacet
  facet normal 0.284948 -0.0494154 0.957268
    outer loop
      vertex 30.4253 -0.194269 6.85812
      vertex 10.8849 -10.2264 12.1568
      vertex 30.312 -0.8476 6.85812
    endloop
  endfacet
  facet normal 0.651384 0.347952 0.674261
    outer loop
      vertex 32.7464 1.73887 4.99091
      vertex 32.1022 1.58732 5.69146
      vertex 33.2526 0.791236 4.99091
    endloop
  endfacet
  facet normal 0.557934 -0.570183 0.602993
    outer loop
      vertex 27.2109 -11.4329 5.70635
      vertex 26.4801 -12.148 5.70635
      vertex 27.4107 -11.9802 5.00396
    endloop
  endfacet
  facet normal 0.438441 -0.291863 0.85005
    outer loop
      vertex 27.0126 -8.93492 6.87607
      vertex 26.5518 -9.62714 6.87607
      vertex 26.9209 -10.6384 6.33848
    endloop
  endfacet
  facet normal 0.334275 -0.555161 0.761614
    outer loop
      vertex 10.5418 -16.6994 10.5578
      vertex 9.1474 -17.539 10.5578
      vertex 11.1732 -17.7637 9.50488
    endloop
  endfacet
  facet normal 0.381553 -0.525767 0.760254
    outer loop
      vertex 26.4801 -12.148 5.70635
      vertex 10.5418 -16.6994 10.5578
      vertex 11.1732 -17.7637 9.50488
    endloop
  endfacet
  facet normal 0.79262 -0.527586 0.305624
    outer loop
      vertex 28.2353 -11.1733 4.25832
      vertex 27.4107 -11.9802 5.00396
      vertex 27.5125 -12.2592 4.25832
    endloop
  endfacet
  facet normal 0.80994 -0.426746 0.402349
    outer loop
      vertex 33.2526 -1.17978 4.99091
      vertex 28.1057 -10.936 5.00396
      vertex 33.6013 -1.21916 4.2472
    endloop
  endfacet
  facet normal 0.657437 -0.671858 0.341151
    outer loop
      vertex 27.4107 -11.9802 5.00396
      vertex 26.6879 -13.0661 4.25832
      vertex 27.5125 -12.2592 4.25832
    endloop
  endfacet
  facet normal 0.409175 -0.827366 0.384762
    outer loop
      vertex 25.7573 -13.2339 5.00396
      vertex 9.88182 -19.5361 8.33494
      vertex 25.793 -13.563 4.25832
    endloop
  endfacet
  facet normal 0.375691 -0.926745 0
    outer loop
      vertex 10.0345 -19.9513 5.8266
      vertex 25.793 -13.563 4.25832
      vertex 10.0345 -19.9513 7.09293
    endloop
  endfacet
  facet normal 0.375691 -0.926745 0
    outer loop
      vertex 25.793 -13.563 4.25832
      vertex 10.0345 -19.9513 5.8266
      vertex 25.793 -13.563 3.49806
    endloop
  endfacet
  facet normal 0.55643 0.640295 -0.529536
    outer loop
      vertex 25.3084 10.8382 2.91388
      vertex 24.1858 11.1988 2.17029
      vertex 24.4365 11.5959 2.91388
    endloop
  endfacet
  facet normal 0.460898 0.362269 -0.810145
    outer loop
      vertex 31.1669 1.36731 1.41419
      vertex 24.5264 10.01 1.50107
      vertex 32.1022 1.58732 2.04467
    endloop
  endfacet
  facet normal 0.628308 0.723033 0.287145
    outer loop
      vertex 25.471 11.0104 4.50813
      vertex 24.5642 11.7984 4.50813
      vertex 25.3084 10.8382 5.29752
    endloop
  endfacet
  facet normal 0.74257 0.606032 0.285158
    outer loop
      vertex 25.471 11.0104 4.50813
      vertex 25.3084 10.8382 5.29752
      vertex 33.0749 1.81613 4.2472
    endloop
  endfacet
  facet normal -0.0544552 0.584962 -0.809231
    outer loop
      vertex 8.6665 19.5525 1.69436
      vertex 6.91984 20.4349 2.44975
      vertex 8.6665 20.5975 2.44975
    endloop
  endfacet
  facet normal 0.262929 0.520448 -0.812405
    outer loop
      vertex 13.0263 18.3026 1.69436
      vertex 11.6696 18.988 1.69436
      vertex 13.6406 19.1714 2.44975
    endloop
  endfacet
  facet normal 0.254863 0.888879 0.380708
    outer loop
      vertex 10.6375 21.5008 5.08864
      vertex 10.5617 21.1409 5.97968
      vertex 12.5327 20.9574 5.08864
    endloop
  endfacet
  facet normal 0.450909 0.89257 -0
    outer loop
      vertex 14.2794 20.075 4.18014
      vertex 12.5327 20.9574 5.08864
      vertex 14.2794 20.075 5.08864
    endloop
  endfacet
  facet normal 0.450909 0.89257 0
    outer loop
      vertex 12.5327 20.9574 5.08864
      vertex 14.2794 20.075 4.18014
      vertex 12.5327 20.9574 4.18014
    endloop
  endfacet
  facet normal 0.589504 0.708507 0.387947
    outer loop
      vertex 15.8103 18.8876 5.08864
      vertex 15.5358 18.6281 5.97968
      vertex 24.4365 11.5959 5.29752
    endloop
  endfacet
  facet normal 0.614162 0.73481 0.287852
    outer loop
      vertex 24.5642 11.7984 4.50813
      vertex 15.8103 18.8876 5.08864
      vertex 24.4365 11.5959 5.29752
    endloop
  endfacet
  facet normal 0.735243 0.614722 -0.285544
    outer loop
      vertex 33.0749 1.81613 3.48893
      vertex 25.3084 10.8382 2.91388
      vertex 25.471 11.0104 3.70327
    endloop
  endfacet
  facet normal 0.416502 0.824462 0.383131
    outer loop
      vertex 12.5327 20.9574 5.08864
      vertex 12.3841 20.6184 5.97968
      vertex 14.0637 19.7699 5.97968
    endloop
  endfacet
  facet normal 0.46184 0.595437 0.657388
    outer loop
      vertex 15.5358 18.6281 5.97968
      vertex 13.6406 19.1714 6.81903
      vertex 14.9973 18.1191 6.81903
    endloop
  endfacet
  facet normal -0.0404522 0.434601 0.899714
    outer loop
      vertex 8.6665 19.5525 7.57442
      vertex 7.13554 19.41 7.57442
      vertex 8.6665 18.2226 8.21682
    endloop
  endfacet
  facet normal 0.0285905 0.307025 0.951272
    outer loop
      vertex 9.92293 18.1056 8.21682
      vertex 8.6665 18.2226 8.21682
      vertex 9.60011 16.5718 8.72156
    endloop
  endfacet
  facet normal 0.358211 -0.366156 0.858845
    outer loop
      vertex 26.9209 -10.6384 6.33848
      vertex 11.7641 -15.5696 10.5578
      vertex 26.2803 -11.2651 6.33848
    endloop
  endfacet
  facet normal 0.566016 -0.376795 0.733248
    outer loop
      vertex 27.8515 -10.4706 5.70635
      vertex 26.9209 -10.6384 6.33848
      vertex 27.2109 -11.4329 5.70635
    endloop
  endfacet
  facet normal 0.381475 -0.171003 0.908425
    outer loop
      vertex 27.3907 -8.09145 6.87607
      vertex 26.4601 -7.92367 7.29844
      vertex 27.0126 -8.93492 6.87607
    endloop
  endfacet
  facet normal 0.334048 -0.22237 0.915949
    outer loop
      vertex 27.0126 -8.93492 6.87607
      vertex 11.5646 -13.2878 11.4532
      vertex 26.5518 -9.62714 6.87607
    endloop
  endfacet
  facet normal 0.070479 0.757209 0.649359
    outer loop
      vertex 8.6665 21.3173 5.97968
      vertex 8.6665 20.5975 6.81903
      vertex 10.5617 21.1409 5.97968
    endloop
  endfacet
  facet normal -0.176327 0.737692 0.651705
    outer loop
      vertex 6.77126 21.1409 5.97968
      vertex -25.3219 16.5257 2.52059
      vertex 6.91984 20.4349 6.81903
    endloop
  endfacet
  facet normal -0.0683465 0.330659 0.941272
    outer loop
      vertex -23.8058 1.38382 13.0783
      vertex -24.8285 1.17243 13.0783
      vertex -23.3972 -0.0159712 13.5997
    endloop
  endfacet
  facet normal -0.0880704 0.426082 0.900387
    outer loop
      vertex 7.13554 19.41 7.57442
      vertex -24.8285 1.17243 13.0783
      vertex -23.8058 1.38382 13.0783
    endloop
  endfacet
  facet normal -0.085746 0.921254 0.379392
    outer loop
      vertex 8.6665 21.3173 5.97968
      vertex 6.69552 21.5008 5.08864
      vertex 6.77126 21.1409 5.97968
    endloop
  endfacet
  facet normal 0.0544547 0.584969 0.809225
    outer loop
      vertex 10.4132 20.4349 6.81903
      vertex 8.6665 20.5975 6.81903
      vertex 10.1975 19.41 7.57442
    endloop
  endfacet
  facet normal 0.0404688 0.434583 0.899722
    outer loop
      vertex 10.1975 19.41 7.57442
      vertex 8.6665 18.2226 8.21682
      vertex 9.92293 18.1056 8.21682
    endloop
  endfacet
  facet normal -0.940521 0.135979 -0.311337
    outer loop
      vertex -33.8093 -2.25955 4.93214
      vertex -34.0304 -0.72958 6.26829
      vertex -33.5966 -0.788376 4.93214
    endloop
  endfacet
  facet normal -0.817569 0.118203 -0.563568
    outer loop
      vertex -32.9417 -2.25955 3.67351
      vertex -33.8093 -2.25955 4.93214
      vertex -33.5966 -0.788376 4.93214
    endloop
  endfacet
  facet normal -0.764264 -0.340238 0.547849
    outer loop
      vertex -32.7457 -3.61539 10.2254
      vertex -32.9668 -5.14536 8.96678
      vertex -32.1653 -4.91912 10.2254
    endloop
  endfacet
  facet normal -0.764254 -0.340247 0.547857
    outer loop
      vertex -32.7457 -3.61539 10.2254
      vertex -33.5966 -3.73072 8.96678
      vertex -32.9668 -5.14536 8.96678
    endloop
  endfacet
  facet normal -0.940521 0.135979 0.311334
    outer loop
      vertex -34.0304 -0.72958 7.63062
      vertex -34.2516 -2.25955 7.63062
      vertex -33.8093 -2.25955 8.96678
    endloop
  endfacet
  facet normal -0.940521 -0.135979 0.311335
    outer loop
      vertex -33.8093 -2.25955 8.96678
      vertex -34.0304 -3.78952 7.63062
      vertex -33.5966 -3.73072 8.96678
    endloop
  endfacet
  facet normal -0.0710489 0.119629 -0.990273
    outer loop
      vertex -24.6846 10.2538 0.271059
      vertex -25.6251 11.7648 0.521072
      vertex -24.8829 12.2056 0.521072
    endloop
  endfacet
  facet normal -0.0710361 0.119637 -0.990273
    outer loop
      vertex -25.2361 9.92634 0.271059
      vertex -25.6251 11.7648 0.521072
      vertex -24.6846 10.2538 0.271059
    endloop
  endfacet
  facet normal -0.0434186 0.183849 -0.981995
    outer loop
      vertex -24.8829 12.2056 0.521072
      vertex -25.0516 13.8654 0.839279
      vertex -11.3792 13.9086 0.242846
    endloop
  endfacet
  facet normal -0.0432638 0.211339 -0.976455
    outer loop
      vertex -11.3792 13.9086 0.242846
      vertex -25.0516 13.8654 0.839279
      vertex -12.0622 14.8037 0.466839
    endloop
  endfacet
  facet normal 0.113064 -0.330868 0.936879
    outer loop
      vertex 7.94308 -14.264 12.1568
      vertex 7.02039 -14.5793 12.1568
      vertex 8.59391 -16.0339 11.4532
    endloop
  endfacet
  facet normal 0.193405 -0.140912 0.970947
    outer loop
      vertex 10.1505 -12.2235 12.1568
      vertex 8.20254 -11.558 12.6414
      vertex 9.53878 -13.0631 12.1568
    endloop
  endfacet
  facet normal 0.183164 -0.304268 0.934811
    outer loop
      vertex 8.79344 -13.7521 12.1568
      vertex 7.94308 -14.264 12.1568
      vertex 8.59391 -16.0339 11.4532
    endloop
  endfacet
  facet normal 0.0357034 -0.104461 0.993888
    outer loop
      vertex 7.21991 -12.2975 12.6414
      vertex 6.26035 -10.2754 12.8884
      vertex 6.65172 -12.4917 12.6414
    endloop
  endfacet
  facet normal 0.304594 -0.891447 -0.335477
    outer loop
      vertex 8.0866 -20.6169 5.8266
      vertex 8.00875 -20.1761 4.5846
      vertex 9.88182 -19.5361 4.5846
    endloop
  endfacet
  facet normal 0.304609 -0.891449 -0.335457
    outer loop
      vertex 10.0345 -19.9513 5.8266
      vertex 8.0866 -20.6169 5.8266
      vertex 9.88182 -19.5361 4.5846
    endloop
  endfacet
  facet normal 0.136118 -0.622412 -0.770763
    outer loop
      vertex 7.85604 -19.3113 3.41465
      vertex 5.01206 -18.6764 2.3997
      vertex 7.63435 -18.0559 2.36173
    endloop
  endfacet
  facet normal 0.131334 -0.632278 -0.763529
    outer loop
      vertex 7.85604 -19.3113 3.41465
      vertex 4.17245 -18.8508 2.3997
      vertex 5.01206 -18.6764 2.3997
    endloop
  endfacet
  facet normal -0.107984 -0.7619 -0.63863
    outer loop
      vertex -5.72111 -18.0427 2.33305
      vertex -6.67823 -18.7789 3.37319
      vertex -6.56003 -17.9238 2.33305
    endloop
  endfacet
  facet normal -0.108019 -0.76188 -0.638648
    outer loop
      vertex -5.72111 -18.9146 3.37319
      vertex -6.67823 -18.7789 3.37319
      vertex -5.72111 -18.0427 2.33305
    endloop
  endfacet
  facet normal 0.220391 -0.104581 0.969789
    outer loop
      vertex 10.605 -11.2657 12.1568
      vertex 8.85911 -10.4512 12.6414
      vertex 10.1505 -12.2235 12.1568
    endloop
  endfacet
  facet normal 0.248342 -0.0217123 0.968429
    outer loop
      vertex 9.08966 -9.14561 12.6414
      vertex 9.03147 -9.81118 12.6414
      vertex 10.8849 -10.2264 12.1568
    endloop
  endfacet
  facet normal 0.0261313 -0.0314781 0.999163
    outer loop
      vertex -21.7997 -2.68867 13.8655
      vertex -21.9407 -2.80572 13.8655
      vertex 6.62901 -10.1034 12.8884
    endloop
  endfacet
  facet normal 0.0239901 -0.0398281 0.998919
    outer loop
      vertex 6.62901 -10.1034 12.8884
      vertex -21.9407 -2.80572 13.8655
      vertex 6.4522 -10.2099 12.8884
    endloop
  endfacet
  facet normal 0.012088 -0.108645 0.994007
    outer loop
      vertex 6.26035 -10.2754 12.8884
      vertex 6.06082 -10.2976 12.8884
      vertex 6.65172 -12.4917 12.6414
    endloop
  endfacet
  facet normal 0.00839176 -0.10866 0.994044
    outer loop
      vertex 6.06082 -10.2976 12.8884
      vertex -5.72111 -12.6392 12.7319
      vertex 6.06082 -12.5572 12.6414
    endloop
  endfacet
  facet normal 0.0103471 -0.0929982 0.995613
    outer loop
      vertex 6.26035 -10.2754 12.8884
      vertex -22.5211 -3.01711 13.8655
      vertex 6.06082 -10.2976 12.8884
    endloop
  endfacet
  facet normal 0.0195231 -0.0571832 0.998173
    outer loop
      vertex 6.4522 -10.2099 12.8884
      vertex -22.3084 -2.97316 13.8655
      vertex 6.26035 -10.2754 12.8884
    endloop
  endfacet
  facet normal 0.0115963 0.172781 0.984892
    outer loop
      vertex -22.0873 -0.0159712 13.5997
      vertex -22.7422 0.0279827 13.5997
      vertex -22.5211 -1.50198 13.8655
    endloop
  endfacet
  facet normal 0.0352408 0.00509821 0.999366
    outer loop
      vertex 7.06389 -8.92087 12.8884
      vertex -21.6304 -2.10886 13.8655
      vertex -21.6086 -2.25955 13.8655
    endloop
  endfacet
  facet normal -0.0752818 -0.134639 0.988031
    outer loop
      vertex -23.5438 -2.80572 13.8655
      vertex -24.6074 -4.16156 13.5997
      vertex -23.372 -2.90178 13.8655
    endloop
  endfacet
  facet normal -0.324186 -0.254309 0.91117
    outer loop
      vertex -27.779 -3.68112 13.0783
      vertex -28.8425 -5.03696 12.3215
      vertex -27.2752 -4.32335 13.0783
    endloop
  endfacet
  facet normal -0.28024 -0.33753 0.898632
    outer loop
      vertex -27.2752 -4.32335 13.0783
      vertex -28.8425 -5.03696 12.3215
      vertex -26.5972 -4.88627 13.0783
    endloop
  endfacet
  facet normal -0.376885 -0.453933 0.807405
    outer loop
      vertex -27.9301 -5.79453 12.3215
      vertex -30.1755 -5.64384 11.3581
      vertex -29.0637 -6.56693 11.3581
    endloop
  endfacet
  facet normal -0.0373903 -0.180863 0.982797
    outer loop
      vertex -23.3972 -4.50313 13.5997
      vertex -24.0269 -4.37295 13.5997
      vertex -6.03615 -14.1337 12.4879
    endloop
  endfacet
  facet normal 0.0158083 -0.344736 0.938567
    outer loop
      vertex 6.06082 -14.6858 12.1568
      vertex -5.72111 -15.6282 12.0091
      vertex 6.06082 -16.6014 11.4532
    endloop
  endfacet
  facet normal -0.106453 -0.304045 0.946691
    outer loop
      vertex -6.03615 -14.1337 12.4879
      vertex -24.0269 -4.37295 13.5997
      vertex -6.2327 -15.5557 12.0091
    endloop
  endfacet
  facet normal -0.0880004 -0.620902 0.778933
    outer loop
      vertex -6.4096 -16.8355 11.3141
      vertex -6.56003 -17.9238 10.4296
      vertex -5.72111 -18.0427 10.4296
    endloop
  endfacet
  facet normal -0.376887 -0.453915 0.807414
    outer loop
      vertex -28.8425 -5.03696 12.3215
      vertex -30.1755 -5.64384 11.3581
      vertex -27.9301 -5.79453 12.3215
    endloop
  endfacet
  facet normal 0.00321413 -0.481666 0.876349
    outer loop
      vertex 6.06082 -16.6014 11.4532
      vertex -5.72111 -16.9331 11.3141
      vertex 6.06082 -18.2305 10.5578
    endloop
  endfacet
  facet normal -0.0664922 -0.469049 0.880665
    outer loop
      vertex -5.72111 -15.6282 12.0091
      vertex -6.4096 -16.8355 11.3141
      vertex -5.72111 -16.9331 11.3141
    endloop
  endfacet
  facet normal -0.48836 -0.217411 0.845126
    outer loop
      vertex -29.938 -3.23485 12.3215
      vertex -31.0016 -4.59069 11.3581
      vertex -29.5205 -4.17266 12.3215
    endloop
  endfacet
  facet normal -0.355609 -0.158312 0.921129
    outer loop
      vertex -27.779 -3.68112 13.0783
      vertex -29.938 -3.23485 12.3215
      vertex -29.5205 -4.17266 12.3215
    endloop
  endfacet
  facet normal -0.372022 0.0537836 0.926664
    outer loop
      vertex -29.938 -1.28425 12.3215
      vertex -30.079 -2.25955 12.3215
      vertex -28.1939 -2.25955 13.0783
    endloop
  endfacet
  facet normal -0.372022 -0.0537836 0.926664
    outer loop
      vertex -28.1939 -2.25955 13.0783
      vertex -30.079 -2.25955 12.3215
      vertex -29.938 -3.23485 12.3215
    endloop
  endfacet
  facet normal -0.055859 -0.153381 0.986587
    outer loop
      vertex -23.372 -2.90178 13.8655
      vertex -24.6074 -4.16156 13.5997
      vertex -23.176 -2.97316 13.8655
    endloop
  endfacet
  facet normal 0.248341 0.0217132 0.968429
    outer loop
      vertex 10.8849 -8.06478 12.1568
      vertex 9.08966 -9.14561 12.6414
      vertex 10.9794 -9.14561 12.1568
    endloop
  endfacet
  facet normal 0.495454 0.264649 0.827337
    outer loop
      vertex 32.1022 1.58732 5.69146
      vertex 31.5758 0.601816 6.32194
      vertex 32.5687 0.713978 5.69146
    endloop
  endfacet
  facet normal 0.0779659 0.0843442 0.993382
    outer loop
      vertex 7.74356 -6.30896 12.6414
      vertex 6.62901 -8.18779 12.8884
      vertex 6.78399 -8.33105 12.8884
    endloop
  endfacet
  facet normal 0.0452376 0.0489385 0.997777
    outer loop
      vertex 6.62901 -8.18779 12.8884
      vertex -21.7997 -1.83042 13.8655
      vertex 6.78399 -8.33105 12.8884
    endloop
  endfacet
  facet normal 0.0200573 -0.0550746 0.998281
    outer loop
      vertex -22.1124 -2.90178 13.8655
      vertex -22.3084 -2.97316 13.8655
      vertex 6.4522 -10.2099 12.8884
    endloop
  endfacet
  facet normal -0.00890406 -0.132721 0.991113
    outer loop
      vertex -22.7422 -3.03195 13.8655
      vertex -22.9634 -3.01711 13.8655
      vertex -5.72111 -12.6392 12.7319
    endloop
  endfacet
  facet normal 0.0385339 0.185954 0.981803
    outer loop
      vertex -6.41462 5.96997 11.8509
      vertex -21.4575 -0.146145 13.5997
      vertex -6.35511 5.84729 11.8718
    endloop
  endfacet
  facet normal 0.0384672 0.18611 0.981776
    outer loop
      vertex -21.4575 -0.146145 13.5997
      vertex -6.41462 5.96997 11.8509
      vertex -22.0873 -0.0159712 13.5997
    endloop
  endfacet
  facet normal 0.0470877 0.165366 0.985108
    outer loop
      vertex 3.11212 9.60857 10.7879
      vertex 3.11212 9.6044 10.7886
      vertex 3.3918 9.71539 10.7566
    endloop
  endfacet
  facet normal 0.0389853 0.18491 0.981982
    outer loop
      vertex 1.04262 8.81815 11.0188
      vertex -2.33677 7.44198 11.4121
      vertex 1.04262 8.7831 11.0254
    endloop
  endfacet
  facet normal 0.0381596 0.186842 0.981649
    outer loop
      vertex -2.33677 7.44198 11.4121
      vertex 1.04262 8.81815 11.0188
      vertex -2.43955 7.48819 11.4073
    endloop
  endfacet
  facet normal 0.0418171 0.180356 0.982712
    outer loop
      vertex -3.14125 5.80663 11.745
      vertex -3.01428 5.54671 11.7873
      vertex -3.05376 5.65721 11.7687
    endloop
  endfacet
  facet normal 0.0426927 0.180766 0.982599
    outer loop
      vertex -3.25375 5.9305 11.7271
      vertex -3.01428 5.54671 11.7873
      vertex -3.14125 5.80663 11.745
    endloop
  endfacet
  facet normal 0.0405768 0.179496 0.982922
    outer loop
      vertex -3.38847 6.0305 11.7144
      vertex -3.01428 5.54671 11.7873
      vertex -3.25375 5.9305 11.7271
    endloop
  endfacet
  facet normal 0.041 0.179812 0.982846
    outer loop
      vertex -3.54265 6.10829 11.7066
      vertex -3.01428 5.54671 11.7873
      vertex -3.38847 6.0305 11.7144
    endloop
  endfacet
  facet normal 0.0411805 0.179976 0.982809
    outer loop
      vertex -3.71626 6.16385 11.7037
      vertex -3.01428 5.54671 11.7873
      vertex -3.54265 6.10829 11.7066
    endloop
  endfacet
  facet normal 0.0406282 0.179366 0.982943
    outer loop
      vertex -3.90933 6.19717 11.7056
      vertex -3.01428 5.54671 11.7873
      vertex -3.71626 6.16385 11.7037
    endloop
  endfacet
  facet normal 0.0413494 0.180333 0.982736
    outer loop
      vertex -4.12186 6.2083 11.7125
      vertex -3.01428 5.54671 11.7873
      vertex -3.90933 6.19717 11.7056
    endloop
  endfacet
  facet normal 0.0410295 0.17981 0.982845
    outer loop
      vertex -4.34294 6.2019 11.7229
      vertex -3.01428 5.54671 11.7873
      vertex -4.12186 6.2083 11.7125
    endloop
  endfacet
  facet normal 0.0408714 0.179495 0.982909
    outer loop
      vertex -4.56181 6.18274 11.7355
      vertex -3.01428 5.54671 11.7873
      vertex -4.34294 6.2019 11.7229
    endloop
  endfacet
  facet normal 0.0410615 0.17995 0.982818
    outer loop
      vertex -4.77847 6.1508 11.7504
      vertex -3.01428 5.54671 11.7873
      vertex -4.56181 6.18274 11.7355
    endloop
  endfacet
  facet normal 0.0409289 0.179568 0.982894
    outer loop
      vertex -4.99292 6.10608 11.7675
      vertex -3.01428 5.54671 11.7873
      vertex -4.77847 6.1508 11.7504
    endloop
  endfacet
  facet normal 0.0410698 0.180063 0.982797
    outer loop
      vertex -5.20515 6.0486 11.7869
      vertex -3.01428 5.54671 11.7873
      vertex -4.99292 6.10608 11.7675
    endloop
  endfacet
  facet normal 0.0410939 0.180168 0.982777
    outer loop
      vertex -5.41628 5.98166 11.808
      vertex -3.01428 5.54671 11.7873
      vertex -5.20515 6.0486 11.7869
    endloop
  endfacet
  facet normal 0.0410665 0.180015 0.982806
    outer loop
      vertex -5.6274 5.90862 11.8302
      vertex -3.01428 5.54671 11.7873
      vertex -5.41628 5.98166 11.808
    endloop
  endfacet
  facet normal 0.0410395 0.179816 0.982844
    outer loop
      vertex -5.83852 5.82945 11.8535
      vertex -3.01428 5.54671 11.7873
      vertex -5.6274 5.90862 11.8302
    endloop
  endfacet
  facet normal 0.0410242 0.179656 0.982874
    outer loop
      vertex -6.04964 5.74417 11.8779
      vertex -3.01428 5.54671 11.7873
      vertex -5.83852 5.82945 11.8535
    endloop
  endfacet
  facet normal 0.04107 0.180425 0.982731
    outer loop
      vertex -6.26076 5.65279 11.9035
      vertex -3.01428 5.54671 11.7873
      vertex -6.04964 5.74417 11.8779
    endloop
  endfacet
  facet normal 0.041056 0.179888 0.98283
    outer loop
      vertex -6.26076 5.65279 11.9035
      vertex -21.4575 -0.146145 13.5997
      vertex -3.01428 5.54671 11.7873
    endloop
  endfacet
  facet normal 0.0409867 0.180061 0.982801
    outer loop
      vertex -21.4575 -0.146145 13.5997
      vertex -6.26076 5.65279 11.9035
      vertex -6.35511 5.84729 11.8718
    endloop
  endfacet
  facet normal 0.0410448 0.179934 0.982822
    outer loop
      vertex 3.11212 9.6044 10.7886
      vertex 3.11212 7.4485 11.1833
      vertex 3.3918 9.71539 10.7566
    endloop
  endfacet
  facet normal 0.0410429 0.179955 0.982818
    outer loop
      vertex -1.40575 6.78445 11.4936
      vertex 1.04262 6.79895 11.3887
      vertex 1.04262 8.7831 11.0254
    endloop
  endfacet
  facet normal 0.0410766 0.179694 0.982865
    outer loop
      vertex 1.04262 6.79895 11.3887
      vertex -1.17825 6.4364 11.5478
      vertex -1.06273 6.14909 11.5955
    endloop
  endfacet
  facet normal 0.041044 0.179879 0.982832
    outer loop
      vertex 1.04262 6.79895 11.3887
      vertex -1.40575 6.78445 11.4936
      vertex -1.17825 6.4364 11.5478
    endloop
  endfacet
  facet normal 0.0409503 0.180065 0.982802
    outer loop
      vertex 1.04262 8.7831 11.0254
      vertex -1.69826 7.07639 11.4523
      vertex -1.40575 6.78445 11.4936
    endloop
  endfacet
  facet normal 0.0410588 0.179897 0.982828
    outer loop
      vertex 1.04262 8.7831 11.0254
      vertex -2.05186 7.31389 11.4236
      vertex -1.69826 7.07639 11.4523
    endloop
  endfacet
  facet normal 0.0411363 0.179741 0.982854
    outer loop
      vertex -2.05186 7.31389 11.4236
      vertex 1.04262 8.7831 11.0254
      vertex -2.33677 7.44198 11.4121
    endloop
  endfacet
  facet normal -0.0683534 0.330651 0.941274
    outer loop
      vertex -23.3972 -0.0159712 13.5997
      vertex -24.8285 1.17243 13.0783
      vertex -24.0269 -0.146145 13.5997
    endloop
  endfacet
  facet normal -0.441032 0.345949 0.828137
    outer loop
      vertex -30.1755 1.12474 11.3581
      vertex -31.0016 0.0715895 11.3581
      vertex -29.5205 -0.346433 12.3215
    endloop
  endfacet
  facet normal -0.488364 0.217401 0.845126
    outer loop
      vertex -31.0016 0.0715895 11.3581
      vertex -31.5103 -1.07114 11.3581
      vertex -29.5205 -0.346433 12.3215
    endloop
  endfacet
  facet normal -0.324186 0.254308 0.91117
    outer loop
      vertex -27.2752 -0.195744 13.0783
      vertex -29.5205 -0.346433 12.3215
      vertex -27.779 -0.837976 13.0783
    endloop
  endfacet
  facet normal -0.226654 0.405324 0.88563
    outer loop
      vertex -26.8183 1.89714 12.3215
      vertex -27.9301 1.27543 12.3215
      vertex -26.5972 0.367176 13.0783
    endloop
  endfacet
  facet normal -0.559906 -0.439196 0.702576
    outer loop
      vertex -31.0016 -4.59069 11.3581
      vertex -32.1653 -4.91912 10.2254
      vertex -31.2228 -6.12066 10.2254
    endloop
  endfacet
  facet normal -0.671113 -0.526428 0.521997
    outer loop
      vertex -32.1653 -4.91912 10.2254
      vertex -32.9668 -5.14536 8.96678
      vertex -31.2228 -6.12066 10.2254
    endloop
  endfacet
  facet normal -0.260497 -0.58661 0.766831
    outer loop
      vertex -7.07162 -16.5465 11.3141
      vertex -27.709 -7.32449 11.3581
      vertex -7.36671 -17.5717 10.4296
    endloop
  endfacet
  facet normal -0.256632 -0.587957 0.767103
    outer loop
      vertex -7.07162 -16.5465 11.3141
      vertex -7.36671 -17.5717 10.4296
      vertex -6.56003 -17.9238 10.4296
    endloop
  endfacet
  facet normal -0.570048 -0.821611 0
    outer loop
      vertex -20.8474 -14.9104 4.32175
      vertex -18.5246 -16.522 4.25507
      vertex -20.8474 -14.9104 5.26103
    endloop
  endfacet
  facet normal -0.570048 -0.821611 -0
    outer loop
      vertex -18.5246 -16.522 4.25507
      vertex -20.8474 -14.9104 4.32175
      vertex -18.5246 -16.522 3.49539
    endloop
  endfacet
  facet normal -0.136239 -0.961195 0.239883
    outer loop
      vertex -5.72111 -19.5151 8.23372
      vertex -6.75964 -19.3679 8.23372
      vertex -5.72111 -19.8213 7.0068
    endloop
  endfacet
  facet normal -0.136239 -0.961195 -0.239883
    outer loop
      vertex -5.72111 -19.8213 5.75584
      vertex -6.75964 -19.3679 4.52892
      vertex -5.72111 -19.5151 4.52892
    endloop
  endfacet
  facet normal -0.0822874 -0.966951 -0.24132
    outer loop
      vertex 6.06082 -20.8416 5.8266
      vertex -5.72111 -19.8213 5.75584
      vertex -5.72111 -19.5151 4.52892
    endloop
  endfacet
  facet normal -0.345173 -0.790823 0.505425
    outer loop
      vertex -7.59856 -18.3772 9.38945
      vertex -19.9236 -15.0474 6.18226
      vertex -6.67823 -18.7789 9.38945
    endloop
  endfacet
  facet normal -0.312537 -0.716049 0.624175
    outer loop
      vertex -6.56003 -17.9238 10.4296
      vertex -7.59856 -18.3772 9.38945
      vertex -6.67823 -18.7789 9.38945
    endloop
  endfacet
  facet normal -0.441 -0.345924 -0.828164
    outer loop
      vertex -30.1755 -5.64384 2.54077
      vertex -31.0016 -4.59069 2.54077
      vertex -28.8425 -5.03696 1.57745
    endloop
  endfacet
  facet normal -0.355637 -0.158324 -0.921117
    outer loop
      vertex -29.5205 -4.17266 1.57745
      vertex -29.938 -3.23485 1.57745
      vertex -27.779 -3.68112 0.820582
    endloop
  endfacet
  facet normal -0.628012 -0.279565 -0.726254
    outer loop
      vertex -31.0016 -4.59069 2.54077
      vertex -32.7457 -3.61539 3.67351
      vertex -31.5103 -3.44795 2.54077
    endloop
  endfacet
  facet normal -0.48834 -0.217389 -0.845143
    outer loop
      vertex -31.0016 -4.59069 2.54077
      vertex -31.5103 -3.44795 2.54077
      vertex -29.938 -3.23485 1.57745
    endloop
  endfacet
  facet normal -0.441 -0.345942 -0.828156
    outer loop
      vertex -28.8425 -5.03696 1.57745
      vertex -31.0016 -4.59069 2.54077
      vertex -29.5205 -4.17266 1.57745
    endloop
  endfacet
  facet normal -0.324211 -0.254327 -0.911156
    outer loop
      vertex -28.8425 -5.03696 1.57745
      vertex -29.5205 -4.17266 1.57745
      vertex -27.779 -3.68112 0.820582
    endloop
  endfacet
  facet normal -0.00179739 -6.37678e-05 -0.999998
    outer loop
      vertex -22.5473 -1.40862 0.00752735
      vertex -24.7224 4.60931 0.0110531
      vertex -22.5532 -1.24232 0.00752735
    endloop
  endfacet
  facet normal -0.00143179 7.23716e-05 -0.999999
    outer loop
      vertex -22.5473 -1.07602 0.00752735
      vertex -24.7224 4.60931 0.0110531
      vertex -24.7106 4.84276 0.0110531
    endloop
  endfacet
  facet normal 0.000493512 0.000787113 -1
    outer loop
      vertex 17.9029 1.87337 0.00743294
      vertex 10.3182 9.1018 0.00937939
      vertex 10.3697 9.06951 0.00937939
    endloop
  endfacet
  facet normal -1.16327e-05 -3.34883e-05 -1
    outer loop
      vertex -7.7811 7.74144 0.00702953
      vertex -22.3067 -2.07835 0.00752735
      vertex -7.88039 7.77593 0.00702953
    endloop
  endfacet
  facet normal -0.00613445 -0.0016723 -0.99998
    outer loop
      vertex -24.6194 3.94448 0.0110531
      vertex -24.6758 4.15137 0.0110531
      vertex -22.5016 -1.71589 0.00752735
    endloop
  endfacet
  facet normal -0.00786364 -0.00231928 -0.999966
    outer loop
      vertex -22.4635 -1.84507 0.00752735
      vertex -24.6194 3.94448 0.0110531
      vertex -22.5016 -1.71589 0.00752735
    endloop
  endfacet
  facet normal -0.161103 -0.19671 -0.967135
    outer loop
      vertex -18.2373 -12.6235 0.457582
      vertex -18.4859 -12.4199 0.457582
      vertex -18.138 -11.2755 0.166865
    endloop
  endfacet
  facet normal -0.0549034 -0.206634 -0.976877
    outer loop
      vertex -17.9788 -11.3178 0.166865
      vertex -18.2373 -12.6235 0.457582
      vertex -18.138 -11.2755 0.166865
    endloop
  endfacet
  facet normal -0.339414 -0.414633 -0.844321
    outer loop
      vertex -18.3267 -13.8366 0.879636
      vertex -18.8104 -14.5345 1.41681
      vertex -18.6613 -13.5627 0.879636
    endloop
  endfacet
  facet normal -0.247266 -0.302064 -0.920661
    outer loop
      vertex -18.3267 -13.8366 0.879636
      vertex -18.6613 -13.5627 0.879636
      vertex -18.4859 -12.4199 0.457582
    endloop
  endfacet
  facet normal -0.754866 -0.592161 -0.281998
    outer loop
      vertex -32.3119 -6.61653 6.26829
      vertex -33.3755 -5.26069 6.26829
      vertex -31.9441 -6.44909 4.93214
    endloop
  endfacet
  facet normal -0.754869 -0.592151 -0.28201
    outer loop
      vertex -31.9441 -6.44909 4.93214
      vertex -33.3755 -5.26069 6.26829
      vertex -32.9668 -5.14536 4.93214
    endloop
  endfacet
  facet normal -0.0567391 0.0238121 -0.998105
    outer loop
      vertex -24.6194 5.27414 0.0110531
      vertex -25.3911 7.11528 0.0988464
      vertex -24.5433 5.45547 0.0110531
    endloop
  endfacet
  facet normal -0.0965673 0.0600998 -0.99351
    outer loop
      vertex -25.3911 7.11528 0.0988464
      vertex -26.1898 8.67879 0.271059
      vertex -25.1168 7.55602 0.0988464
    endloop
  endfacet
  facet normal -0.00188449 -9.52495e-05 -0.999998
    outer loop
      vertex -24.7106 4.37585 0.0110531
      vertex -24.7224 4.60931 0.0110531
      vertex -22.5473 -1.40862 0.00752735
    endloop
  endfacet
  facet normal -4.01625e-05 9.3465e-06 -1
    outer loop
      vertex -8.07232 7.97202 0.00702953
      vertex -22.5016 -0.768742 0.00752735
      vertex -8.05973 8.02612 0.00702953
    endloop
  endfacet
  facet normal -0.0346401 0.0331084 -0.998851
    outer loop
      vertex -24.4507 5.60429 0.0110531
      vertex -25.1168 7.55602 0.0988464
      vertex -24.345 5.71488 0.0110531
    endloop
  endfacet
  facet normal -0.000572054 0.000384894 -1
    outer loop
      vertex -22.4171 -0.533561 0.00752735
      vertex -24.4507 5.60429 0.0110531
      vertex -22.3641 -0.454789 0.00752735
    endloop
  endfacet
  facet normal -0.345408 0.0173734 -0.938292
    outer loop
      vertex -28.0672 4.60931 0.521072
      vertex -28.9316 4.60931 0.839279
      vertex -27.9912 6.1203 0.521072
    endloop
  endfacet
  facet normal -0.482381 0.0242735 -0.875625
    outer loop
      vertex -28.9316 4.60931 0.839279
      vertex -29.6108 4.60931 1.21345
      vertex -29.5051 6.70986 1.21345
    endloop
  endfacet
  facet normal -0.466935 0.0723459 -0.881327
    outer loop
      vertex -28.839 6.45046 0.839279
      vertex -29.1921 8.72968 1.21345
      vertex -28.5647 8.22085 0.839279
    endloop
  endfacet
  facet normal -0.610079 0.166553 -0.774637
    outer loop
      vertex -28.6839 10.5912 1.21345
      vertex -29.1921 8.72968 1.21345
      vertex -29.0729 11.1 1.62921
    endloop
  endfacet
  facet normal -0.0466152 0.0290053 -0.998492
    outer loop
      vertex -24.5433 5.45547 0.0110531
      vertex -25.1168 7.55602 0.0988464
      vertex -24.4507 5.60429 0.0110531
    endloop
  endfacet
  facet normal -0.0466082 0.0290072 -0.998492
    outer loop
      vertex -24.5433 5.45547 0.0110531
      vertex -25.3911 7.11528 0.0988464
      vertex -25.1168 7.55602 0.0988464
    endloop
  endfacet
  facet normal 0.137579 0.272369 -0.952306
    outer loop
      vertex 11.3252 15.8964 0.547223
      vertex 11.1311 17.7592 1.05196
      vertex 12.2445 17.1968 1.05196
    endloop
  endfacet
  facet normal 0.0846823 0.295332 -0.951634
    outer loop
      vertex 10.4978 16.3144 0.547223
      vertex 9.60011 16.5718 0.547223
      vertex 11.1311 17.7592 1.05196
    endloop
  endfacet
  facet normal 0.0637878 0.112705 -0.991579
    outer loop
      vertex 22.2094 8.06641 0.176789
      vertex 21.4652 7.10615 0.0197697
      vertex 21.9076 8.23722 0.176789
    endloop
  endfacet
  facet normal 0.0593484 0.114452 -0.991654
    outer loop
      vertex 21.4652 7.10615 0.0197697
      vertex 10.3037 14.4516 0.199554
      vertex 21.9076 8.23722 0.176789
    endloop
  endfacet
  facet normal 0.362661 0.417339 -0.83325
    outer loop
      vertex 23.937 9.38589 0.931951
      vertex 23.3589 9.88825 0.931951
      vertex 24.5264 10.01 1.50107
    endloop
  endfacet
  facet normal 0.437403 0.344423 -0.830693
    outer loop
      vertex 31.1669 1.36731 1.41419
      vertex 23.937 9.38589 0.931951
      vertex 24.5264 10.01 1.50107
    endloop
  endfacet
  facet normal 0.308028 0.454004 -0.836062
    outer loop
      vertex 23.3589 9.88825 0.931951
      vertex 13.0263 18.3026 1.69436
      vertex 23.822 10.6221 1.50107
    endloop
  endfacet
  facet normal 0.228892 0.362917 -0.903272
    outer loop
      vertex 23.3589 9.88825 0.931951
      vertex 12.2445 17.1968 1.05196
      vertex 13.0263 18.3026 1.69436
    endloop
  endfacet
  facet normal -0.0176781 0.0608533 -0.99799
    outer loop
      vertex -10.0001 11.8042 0.00990295
      vertex -10.6202 12.914 0.0885582
      vertex -9.81456 11.8581 0.00990295
    endloop
  endfacet
  facet normal -0.010857 0.0660404 -0.997758
    outer loop
      vertex -9.81456 11.8581 0.00990295
      vertex -10.6202 12.914 0.0885582
      vertex -9.61322 11.8912 0.00990295
    endloop
  endfacet
  facet normal -0.00377765 0.0707676 -0.997486
    outer loop
      vertex 8.6665 13.0762 0.022315
      vertex -10.0239 13.0122 0.0885582
      vertex -9.40383 13.0453 0.0885582
    endloop
  endfacet
  facet normal -0.00377082 0.0686179 -0.997636
    outer loop
      vertex -9.61322 11.8912 0.00990295
      vertex -10.0239 13.0122 0.0885582
      vertex 8.6665 13.0762 0.022315
    endloop
  endfacet
  facet normal -8.58892e-06 -3.79797e-05 -1
    outer loop
      vertex -7.66781 7.71582 0.00702953
      vertex -22.2469 -2.09473 0.00752735
      vertex -7.7811 7.74144 0.00702953
    endloop
  endfacet
  facet normal 0.000310179 0.00579895 -0.999983
    outer loop
      vertex -9.19444 11.8912 0.00990295
      vertex -9.40383 11.9024 0.00990295
      vertex 8.6665 13.0762 0.022315
    endloop
  endfacet
  facet normal 0.00891628 0.0956308 -0.995377
    outer loop
      vertex 8.86063 13.0581 0.022315
      vertex 8.6665 13.0762 0.022315
      vertex 8.6665 14.921 0.199554
    endloop
  endfacet
  facet normal -0.000903999 0.000266638 -1
    outer loop
      vertex -22.5016 -0.768742 0.00752735
      vertex -24.6194 5.27414 0.0110531
      vertex -22.4635 -0.639569 0.00752735
    endloop
  endfacet
  facet normal 2.25741e-06 -5.4144e-05 -1
    outer loop
      vertex 17.7469 1.29317 0.00743294
      vertex -7.41704 7.69471 0.00702953
      vertex -7.2892 7.70004 0.00702953
    endloop
  endfacet
  facet normal 1.37202e-05 -9.83519e-06 -1
    outer loop
      vertex 17.9803 1.43396 0.00743294
      vertex -6.81165 7.8659 0.00702953
      vertex -6.77436 7.91792 0.00702953
    endloop
  endfacet
  facet normal -0.000332838 0.000593745 -1
    outer loop
      vertex -7.96189 8.12609 0.00702953
      vertex -24.2304 5.78297 0.0110531
      vertex -10.1628 11.7318 0.00990295
    endloop
  endfacet
  facet normal 0.00106609 -0.000504141 -0.999999
    outer loop
      vertex 25.1947 -5.60718 0.0186739
      vertex 17.9803 1.43396 0.00743294
      vertex 18.0062 1.48873 0.00743294
    endloop
  endfacet
  facet normal 0.00157777 0.000273529 -0.999999
    outer loop
      vertex 25.4395 -0.194269 0.0186253
      vertex 18.0222 1.67177 0.00743294
      vertex 25.422 -0.0933256 0.0186253
    endloop
  endfacet
  facet normal 1.73005e-05 4.02613e-06 -1
    outer loop
      vertex -6.76177 7.97202 0.00702953
      vertex -6.77436 8.02612 0.00702953
      vertex 18.0222 1.67177 0.00743294
    endloop
  endfacet
  facet normal 0.12388 -0.0555142 -0.990743
    outer loop
      vertex 26.0193 -6.41408 0.166993
      vertex 25.1947 -5.60718 0.0186739
      vertex 25.2531 -5.47686 0.0186739
    endloop
  endfacet
  facet normal 0.0792925 0.0421705 -0.995959
    outer loop
      vertex 25.422 -0.0933256 0.0186253
      vertex 21.7297 6.87628 0.0197697
      vertex 27.1748 0.10468 0.166557
    endloop
  endfacet
  facet normal 0.00136341 0.00240908 -0.999996
    outer loop
      vertex 21.5671 7.04848 0.0197697
      vertex 10.3182 9.1018 0.00937939
      vertex 21.4652 7.10615 0.0197697
    endloop
  endfacet
  facet normal 1.13572e-05 -1.88575e-05 -1
    outer loop
      vertex 17.8543 1.31729 0.00743294
      vertex -6.8722 7.81796 0.00702953
      vertex 17.9029 1.34656 0.00743294
    endloop
  endfacet
  facet normal -3.51717e-05 1.24783e-06 -1
    outer loop
      vertex -8.07232 7.97202 0.00702953
      vertex -22.5532 -1.24232 0.00752735
      vertex -22.5473 -1.07602 0.00752735
    endloop
  endfacet
  facet normal 2.23381e-06 -5.42367e-05 -1
    outer loop
      vertex 17.7469 1.29317 0.00743294
      vertex -22.2469 -2.09473 0.00752735
      vertex -7.41704 7.69471 0.00702953
    endloop
  endfacet
  facet normal 9.24217e-06 -2.69627e-05 -1
    outer loop
      vertex 17.8017 1.29926 0.00743294
      vertex -7.05299 7.74144 0.00702953
      vertex 17.8543 1.31729 0.00743294
    endloop
  endfacet
  facet normal -0.000240177 -0.00116208 -0.999999
    outer loop
      vertex -17.4391 -9.14243 0.0145626
      vertex -22.2469 -2.09473 0.00752735
      vertex -17.2819 -9.17492 0.0145626
    endloop
  endfacet
  facet normal -0.0755138 -0.0972127 -0.992395
    outer loop
      vertex -18.138 -11.2755 0.166865
      vertex -19.2137 -8.97199 0.0230713
      vertex -18.0326 -9.84442 0.0186596
    endloop
  endfacet
  facet normal -0.126057 -0.101908 -0.986775
    outer loop
      vertex -19.2944 -8.90709 0.0230713
      vertex -20.012 -9.79379 0.206315
      vertex -19.365 -8.81976 0.0230713
    endloop
  endfacet
  facet normal -0.0377315 -0.0460945 -0.998224
    outer loop
      vertex -18.0326 -9.84442 0.0186596
      vertex -19.2944 -8.90709 0.0230713
      vertex -18.0843 -9.8021 0.0186596
    endloop
  endfacet
  facet normal -2.32243e-05 -1.66481e-05 -1
    outer loop
      vertex -8.02244 7.8659 0.00702953
      vertex -22.3641 -2.02985 0.00752735
      vertex -8.05973 7.91792 0.00702953
    endloop
  endfacet
  facet normal -1.91077e-05 -2.26141e-05 -1
    outer loop
      vertex -22.3067 -2.07835 0.00752735
      vertex -22.3641 -2.02985 0.00752735
      vertex -8.02244 7.8659 0.00702953
    endloop
  endfacet
  facet normal 3.6624e-05 -0.000962532 -1
    outer loop
      vertex -16.934 -9.20168 0.0145626
      vertex -22.2469 -2.09473 0.00752735
      vertex -16.7566 -9.19493 0.0145626
    endloop
  endfacet
  facet normal 0.00040164 -0.00117173 -0.999999
    outer loop
      vertex 24.9541 -5.84255 0.0186739
      vertex 17.8017 1.29926 0.00743294
      vertex 17.8543 1.31729 0.00743294
    endloop
  endfacet
  facet normal 0.0152159 -0.107901 -0.994045
    outer loop
      vertex 4.17245 -12.7618 0.195477
      vertex -5.72111 -12.6392 0.0307274
      vertex -5.61474 -12.6242 0.0307274
    endloop
  endfacet
  facet normal 0.002712 -0.0192317 -0.999811
    outer loop
      vertex -5.61474 -12.6242 0.0307274
      vertex -5.72111 -12.6392 0.0307274
      vertex 4.17245 -10.783 0.0218592
    endloop
  endfacet
  facet normal -0.0019252 -0.403585 -0.91494
    outer loop
      vertex 4.17245 -17.7299 1.65975
      vertex -5.72111 -15.6282 0.753498
      vertex 4.17245 -16.3033 1.03047
    endloop
  endfacet
  facet normal 0.103924 -0.399779 -0.910701
    outer loop
      vertex 4.90837 -17.5771 1.65975
      vertex 4.7764 -16.1779 1.03047
      vertex 25.5853 -11.6511 1.41789
    endloop
  endfacet
  facet normal 0.0125444 -0.282694 -0.959128
    outer loop
      vertex 4.17245 -16.3033 1.03047
      vertex -5.72111 -14.1784 0.274777
      vertex 4.17245 -14.6258 0.536042
    endloop
  endfacet
  facet normal 0.0586004 -0.282231 -0.957555
    outer loop
      vertex 4.7764 -16.1779 1.03047
      vertex 4.17245 -16.3033 1.03047
      vertex 4.17245 -14.6258 0.536042
    endloop
  endfacet
  facet normal 0.070681 -0.28056 -0.95723
    outer loop
      vertex 25.4557 -10.4583 0.880307
      vertex 4.62123 -14.5325 0.536042
      vertex 25.3033 -9.05561 0.457931
    endloop
  endfacet
  facet normal 0.0707518 -0.280933 -0.957116
    outer loop
      vertex 4.7764 -16.1779 1.03047
      vertex 4.62123 -14.5325 0.536042
      vertex 25.4557 -10.4583 0.880307
    endloop
  endfacet
  facet normal 0.336083 -0.343537 -0.876944
    outer loop
      vertex 26.2803 -11.2651 1.41789
      vertex 26.0261 -10.1415 0.880307
      vertex 26.9209 -10.6384 1.41789
    endloop
  endfacet
  facet normal 0.095841 -0.172585 -0.980321
    outer loop
      vertex 25.7271 -8.82025 0.457931
      vertex 25.1339 -7.49708 0.166993
      vertex 25.3949 -7.35214 0.166993
    endloop
  endfacet
  facet normal 0.364377 0.194654 -0.910681
    outer loop
      vertex 30.312 0.459061 0.878011
      vertex 29.9764 1.08728 0.878011
      vertex 31.5758 0.601816 1.41419
    endloop
  endfacet
  facet normal 0.38333 0.0664495 -0.921218
    outer loop
      vertex 31.7138 -0.194269 1.41419
      vertex 30.312 0.459061 0.878011
      vertex 31.5758 0.601816 1.41419
    endloop
  endfacet
  facet normal 0.526424 -0.0912546 -0.845311
    outer loop
      vertex 32.7262 -0.194269 2.04467
      vertex 31.5758 -0.990355 1.41419
      vertex 31.7138 -0.194269 1.41419
    endloop
  endfacet
  facet normal 0.372289 -0.146435 -0.916492
    outer loop
      vertex 31.5758 -0.990355 1.41419
      vertex 26.7411 -7.29692 0.457931
      vertex 30.312 -0.8476 0.878011
    endloop
  endfacet
  facet normal 0.32337 0.250611 -0.912483
    outer loop
      vertex 24.4114 8.77376 0.931951
      vertex 23.5965 8.19714 0.484796
      vertex 23.937 9.38589 0.931951
    endloop
  endfacet
  facet normal 0.255876 0.136691 -0.956997
    outer loop
      vertex 30.312 0.459061 0.878011
      vertex 28.5767 0.758011 0.456737
      vertex 29.9764 1.08728 0.878011
    endloop
  endfacet
  facet normal 0.891377 -0.154576 -0.426092
    outer loop
      vertex 33.779 -0.194269 3.48893
      vertex 33.2526 -1.17978 2.74523
      vertex 33.4235 -0.194269 2.74523
    endloop
  endfacet
  facet normal 0.703461 -0.121989 -0.700187
    outer loop
      vertex 33.2526 -1.17978 2.74523
      vertex 32.7262 -0.194269 2.04467
      vertex 33.4235 -0.194269 2.74523
    endloop
  endfacet
  facet normal 0.502474 -0.232653 -0.832702
    outer loop
      vertex 32.5687 -1.10252 2.04467
      vertex 27.0126 -8.93492 0.880307
      vertex 31.5758 -0.990355 1.41419
    endloop
  endfacet
  facet normal 0.526441 -0.0912902 -0.845297
    outer loop
      vertex 32.5687 -1.10252 2.04467
      vertex 31.5758 -0.990355 1.41419
      vertex 32.7262 -0.194269 2.04467
    endloop
  endfacet
  facet normal 0.657438 -0.671859 -0.341146
    outer loop
      vertex 27.5125 -12.2592 3.49806
      vertex 26.6879 -13.0661 3.49806
      vertex 27.4107 -11.9802 2.75241
    endloop
  endfacet
  facet normal 0.369482 -0.665454 -0.648578
    outer loop
      vertex 25.7573 -13.2339 2.75241
      vertex 25.6871 -12.5883 2.05002
      vertex 26.4801 -12.148 2.05002
    endloop
  endfacet
  facet normal 0.566016 -0.376795 -0.733248
    outer loop
      vertex 27.2109 -11.4329 2.05002
      vertex 26.9209 -10.6384 1.41789
      vertex 27.8515 -10.4706 2.05002
    endloop
  endfacet
  facet normal 0.449329 -0.809131 -0.378695
    outer loop
      vertex 26.6879 -13.0661 3.49806
      vertex 25.7573 -13.2339 2.75241
      vertex 26.6177 -12.7561 2.75241
    endloop
  endfacet
  facet normal 0.369549 -0.665466 -0.648528
    outer loop
      vertex 26.6177 -12.7561 2.75241
      vertex 25.7573 -13.2339 2.75241
      vertex 26.4801 -12.148 2.05002
    endloop
  endfacet
  facet normal 0.792621 -0.527587 -0.30562
    outer loop
      vertex 27.5125 -12.2592 3.49806
      vertex 27.4107 -11.9802 2.75241
      vertex 28.2353 -11.1733 3.49806
    endloop
  endfacet
  facet normal 0.703457 -0.121987 0.700191
    outer loop
      vertex 32.7262 -0.194269 5.69146
      vertex 32.5687 -1.10252 5.69146
      vertex 33.2526 -1.17978 4.99091
    endloop
  endfacet
  facet normal 0.842144 -0.454072 0.290882
    outer loop
      vertex 33.0749 -2.20467 4.2472
      vertex 28.1057 -10.936 5.00396
      vertex 28.2353 -11.1733 4.25832
    endloop
  endfacet
  facet normal 0.9853 0.170835 0
    outer loop
      vertex 33.779 -0.194269 4.2472
      vertex 33.6013 0.830623 3.48893
      vertex 33.6013 0.830623 4.2472
    endloop
  endfacet
  facet normal 0.9853 0.170835 0
    outer loop
      vertex 33.6013 0.830623 3.48893
      vertex 33.779 -0.194269 4.2472
      vertex 33.779 -0.194269 3.48893
    endloop
  endfacet
  facet normal 0.495454 0.264649 -0.827337
    outer loop
      vertex 32.5687 0.713978 2.04467
      vertex 31.5758 0.601816 1.41419
      vertex 32.1022 1.58732 2.04467
    endloop
  endfacet
  facet normal 0.891379 -0.154576 0.426087
    outer loop
      vertex 33.4235 -0.194269 4.99091
      vertex 33.2526 -1.17978 4.99091
      vertex 33.779 -0.194269 4.2472
    endloop
  endfacet
  facet normal 0.891369 0.154549 0.426117
    outer loop
      vertex 33.6013 0.830623 4.2472
      vertex 33.2526 0.791236 4.99091
      vertex 33.779 -0.194269 4.2472
    endloop
  endfacet
  facet normal 0.560095 0.434062 0.705609
    outer loop
      vertex 25.6489 9.64941 6.04111
      vertex 24.9894 10.5004 6.04111
      vertex 25.1044 9.26413 6.71033
    endloop
  endfacet
  facet normal 0.392421 -0.160605 0.905656
    outer loop
      vertex 31.5758 -0.990355 6.32194
      vertex 26.7411 -7.29692 7.29844
      vertex 27.3907 -8.09145 6.87607
    endloop
  endfacet
  facet normal 0.248342 0.0217119 0.968429
    outer loop
      vertex 10.8849 -8.06478 12.1568
      vertex 9.03147 -8.48003 12.6414
      vertex 9.08966 -9.14561 12.6414
    endloop
  endfacet
  facet normal 0.47505 0.324473 0.817951
    outer loop
      vertex 32.1022 1.58732 5.69146
      vertex 25.1044 9.26413 6.71033
      vertex 31.1669 1.36731 6.32194
    endloop
  endfacet
  facet normal 0.557923 -0.570219 0.60297
    outer loop
      vertex 27.4107 -11.9802 5.00396
      vertex 26.4801 -12.148 5.70635
      vertex 26.6177 -12.7561 5.00396
    endloop
  endfacet
  facet normal 0.443475 -0.453311 0.773201
    outer loop
      vertex 26.9209 -10.6384 6.33848
      vertex 26.2803 -11.2651 6.33848
      vertex 27.2109 -11.4329 5.70635
    endloop
  endfacet
  facet normal 0.443504 -0.453241 0.773225
    outer loop
      vertex 27.2109 -11.4329 5.70635
      vertex 26.2803 -11.2651 6.33848
      vertex 26.4801 -12.148 5.70635
    endloop
  endfacet
  facet normal 0.356207 -0.355448 0.86416
    outer loop
      vertex 26.9209 -10.6384 6.33848
      vertex 10.7414 -14.4176 11.4532
      vertex 11.7641 -15.5696 10.5578
    endloop
  endfacet
  facet normal 0.24583 -0.265925 0.932122
    outer loop
      vertex 10.7414 -14.4176 11.4532
      vertex 8.79344 -13.7521 12.1568
      vertex 9.7383 -15.3449 11.4532
    endloop
  endfacet
  facet normal 0.254929 -0.423422 0.869324
    outer loop
      vertex 9.7383 -15.3449 11.4532
      vertex 8.59391 -16.0339 11.4532
      vertex 9.1474 -17.539 10.5578
    endloop
  endfacet
  facet normal 0.254954 -0.423425 0.869316
    outer loop
      vertex 9.7383 -15.3449 11.4532
      vertex 9.1474 -17.539 10.5578
      vertex 10.5418 -16.6994 10.5578
    endloop
  endfacet
  facet normal 0.882057 -0.471142 0
    outer loop
      vertex 33.0749 -2.20467 4.2472
      vertex 33.6013 -1.21916 3.48893
      vertex 33.6013 -1.21916 4.2472
    endloop
  endfacet
  facet normal 0.882057 -0.471142 0
    outer loop
      vertex 33.6013 -1.21916 3.48893
      vertex 33.0749 -2.20467 4.2472
      vertex 33.0749 -2.20467 3.48893
    endloop
  endfacet
  facet normal 0.828373 -0.442467 -0.343543
    outer loop
      vertex 33.0749 -2.20467 3.48893
      vertex 28.1057 -10.936 2.75241
      vertex 33.6013 -1.21916 3.48893
    endloop
  endfacet
  facet normal 0.237945 -0.765958 -0.597236
    outer loop
      vertex 8.00875 -20.1761 4.5846
      vertex 7.85604 -19.3113 3.41465
      vertex 25.7573 -13.2339 2.75241
    endloop
  endfacet
  facet normal 0.285577 -0.514338 -0.808642
    outer loop
      vertex 26.4801 -12.148 2.05002
      vertex 25.6871 -12.5883 2.05002
      vertex 26.2803 -11.2651 1.41789
    endloop
  endfacet
  facet normal 0.713799 0.590456 -0.376633
    outer loop
      vertex 32.7464 1.73887 2.74523
      vertex 25.3084 10.8382 2.91388
      vertex 33.0749 1.81613 3.48893
    endloop
  endfacet
  facet normal 0.591118 0.48085 -0.647583
    outer loop
      vertex 32.1022 1.58732 2.04467
      vertex 24.9894 10.5004 2.17029
      vertex 32.7464 1.73887 2.74523
    endloop
  endfacet
  facet normal 0.209226 0.729793 -0.650866
    outer loop
      vertex 12.0927 19.9534 2.44975
      vertex 10.4132 20.4349 2.44975
      vertex 10.5617 21.1409 3.2891
    endloop
  endfacet
  facet normal 0.0704875 0.757198 -0.649371
    outer loop
      vertex 10.4132 20.4349 2.44975
      vertex 8.6665 20.5975 2.44975
      vertex 10.5617 21.1409 3.2891
    endloop
  endfacet
  facet normal 0.0857476 0.921252 0.379397
    outer loop
      vertex 10.6375 21.5008 5.08864
      vertex 8.6665 21.3173 5.97968
      vertex 10.5617 21.1409 5.97968
    endloop
  endfacet
  facet normal -0.0926499 0.995699 0
    outer loop
      vertex 8.6665 21.6842 4.18014
      vertex 6.69552 21.5008 5.08864
      vertex 8.6665 21.6842 5.08864
    endloop
  endfacet
  facet normal -0.0926499 0.995699 0
    outer loop
      vertex 6.69552 21.5008 5.08864
      vertex 8.6665 21.6842 4.18014
      vertex 6.69552 21.5008 4.18014
    endloop
  endfacet
  facet normal 0.416503 0.824462 -0.383129
    outer loop
      vertex 14.0637 19.7699 3.2891
      vertex 12.5327 20.9574 4.18014
      vertex 14.2794 20.075 4.18014
    endloop
  endfacet
  facet normal 0.254863 0.888879 -0.380708
    outer loop
      vertex 12.5327 20.9574 4.18014
      vertex 10.5617 21.1409 3.2891
      vertex 10.6375 21.5008 4.18014
    endloop
  endfacet
  facet normal 0.161488 0.56328 0.810331
    outer loop
      vertex 12.0927 19.9534 6.81903
      vertex 10.4132 20.4349 6.81903
      vertex 11.6696 18.988 7.57442
    endloop
  endfacet
  facet normal 0.565282 0.728806 0.386391
    outer loop
      vertex 14.2794 20.075 5.08864
      vertex 14.0637 19.7699 5.97968
      vertex 15.5358 18.6281 5.97968
    endloop
  endfacet
  facet normal 0.629344 0.777127 0
    outer loop
      vertex 24.5642 11.7984 4.50813
      vertex 15.8103 18.8876 4.18014
      vertex 15.8103 18.8876 5.08864
    endloop
  endfacet
  facet normal 0.629344 0.777127 0
    outer loop
      vertex 15.8103 18.8876 4.18014
      vertex 24.5642 11.7984 4.50813
      vertex 24.5642 11.7984 3.70327
    endloop
  endfacet
  facet normal 0.573846 0.739852 -0.351169
    outer loop
      vertex 24.4365 11.5959 2.91388
      vertex 14.2794 20.075 4.18014
      vertex 15.8103 18.8876 4.18014
    endloop
  endfacet
  facet normal 0.612879 0.790177 -0
    outer loop
      vertex 15.8103 18.8876 4.18014
      vertex 14.2794 20.075 5.08864
      vertex 15.8103 18.8876 5.08864
    endloop
  endfacet
  facet normal 0.612879 0.790177 0
    outer loop
      vertex 14.2794 20.075 5.08864
      vertex 15.8103 18.8876 4.18014
      vertex 14.2794 20.075 4.18014
    endloop
  endfacet
  facet normal -0.0148248 0.30711 0.951558
    outer loop
      vertex 8.6665 18.2226 8.21682
      vertex -22.7422 0.0279827 13.5997
      vertex 8.6665 16.6587 8.72156
    endloop
  endfacet
  facet normal 0.0247165 0.265541 0.963783
    outer loop
      vertex 3.11212 10.3452 10.6035
      vertex 9.60011 16.5718 8.72156
      vertex 8.6665 16.6587 8.72156
    endloop
  endfacet
  facet normal 0.0248273 0.265434 0.963809
    outer loop
      vertex 9.60011 16.5718 8.72156
      vertex 3.11212 10.3452 10.6035
      vertex 3.11212 10.2704 10.6241
    endloop
  endfacet
  facet normal 0.234743 0.0632201 0.97
    outer loop
      vertex 28.826 0.291199 7.2794
      vertex 8.85911 -7.84004 12.6414
      vertex 9.03147 -8.48003 12.6414
    endloop
  endfacet
  facet normal 0.0846828 0.295334 0.951634
    outer loop
      vertex 11.1311 17.7592 8.21682
      vertex 9.60011 16.5718 8.72156
      vertex 10.4978 16.3144 8.72156
    endloop
  endfacet
  facet normal 0.330562 -0.204247 0.921419
    outer loop
      vertex 26.4601 -7.92367 7.29844
      vertex 11.5646 -13.2878 11.4532
      vertex 27.0126 -8.93492 6.87607
    endloop
  endfacet
  facet normal 0.324549 -0.182357 0.928124
    outer loop
      vertex 26.4601 -7.92367 7.29844
      vertex 10.1505 -12.2235 12.1568
      vertex 11.5646 -13.2878 11.4532
    endloop
  endfacet
  facet normal 0.337565 -0.245958 0.9086
    outer loop
      vertex 11.5646 -13.2878 11.4532
      vertex 10.7414 -14.4176 11.4532
      vertex 26.5518 -9.62714 6.87607
    endloop
  endfacet
  facet normal 0.35424 -0.334871 0.873141
    outer loop
      vertex 26.5518 -9.62714 6.87607
      vertex 10.7414 -14.4176 11.4532
      vertex 26.9209 -10.6384 6.33848
    endloop
  endfacet
  facet normal -0.172779 0.558888 0.811044
    outer loop
      vertex 5.2403 19.9534 6.81903
      vertex -14.5328 11.8746 8.17379
      vertex 5.66341 18.988 7.57442
    endloop
  endfacet
  facet normal -0.161484 0.56328 0.810332
    outer loop
      vertex 6.91984 20.4349 6.81903
      vertex 5.2403 19.9534 6.81903
      vertex 5.66341 18.988 7.57442
    endloop
  endfacet
  facet normal -0.185063 0.222891 0.957116
    outer loop
      vertex -25.1161 -0.642019 13.5997
      vertex -27.2752 -0.195744 13.0783
      vertex -25.5336 -0.988664 13.5997
    endloop
  endfacet
  facet normal -0.118672 0.0171515 0.992785
    outer loop
      vertex -26.0349 -1.81327 13.5997
      vertex -26.0994 -2.25955 13.5997
      vertex -23.854 -2.10886 13.8655
    endloop
  endfacet
  facet normal -0.0704775 0.757209 0.649359
    outer loop
      vertex 8.6665 21.3173 5.97968
      vertex 6.77126 21.1409 5.97968
      vertex 8.6665 20.5975 6.81903
    endloop
  endfacet
  facet normal -0.0704887 0.757195 0.649375
    outer loop
      vertex 8.6665 20.5975 6.81903
      vertex 6.77126 21.1409 5.97968
      vertex 6.91984 20.4349 6.81903
    endloop
  endfacet
  facet normal 0.16147 0.56327 0.810342
    outer loop
      vertex 10.4132 20.4349 6.81903
      vertex 10.1975 19.41 7.57442
      vertex 11.6696 18.988 7.57442
    endloop
  endfacet
  facet normal 0.46184 0.595441 0.657384
    outer loop
      vertex 14.0637 19.7699 5.97968
      vertex 13.6406 19.1714 6.81903
      vertex 15.5358 18.6281 5.97968
    endloop
  endfacet
  facet normal -0.817577 0.118189 0.563559
    outer loop
      vertex -32.7457 -0.903708 10.2254
      vertex -33.5966 -0.788376 8.96678
      vertex -32.9417 -2.25955 10.2254
    endloop
  endfacet
  facet normal -0.817567 0.118203 0.563571
    outer loop
      vertex -33.5966 -0.788376 8.96678
      vertex -33.8093 -2.25955 8.96678
      vertex -32.9417 -2.25955 10.2254
    endloop
  endfacet
  facet normal -0.940521 -0.135979 0.311334
    outer loop
      vertex -33.8093 -2.25955 8.96678
      vertex -34.2516 -2.25955 7.63062
      vertex -34.0304 -3.78952 7.63062
    endloop
  endfacet
  facet normal 0.0579745 -0.0962485 0.993668
    outer loop
      vertex 6.62901 -10.1034 12.8884
      vertex 6.4522 -10.2099 12.8884
      vertex 7.21991 -12.2975 12.6414
    endloop
  endfacet
  facet normal 0.118215 -0.196393 0.973373
    outer loop
      vertex 7.74356 -11.9823 12.6414
      vertex 7.21991 -12.2975 12.6414
      vertex 7.94308 -14.264 12.1568
    endloop
  endfacet
  facet normal 0.245828 -0.26593 0.932121
    outer loop
      vertex 9.53878 -13.0631 12.1568
      vertex 8.79344 -13.7521 12.1568
      vertex 10.7414 -14.4176 11.4532
    endloop
  endfacet
  facet normal 0.298616 -0.217567 0.929243
    outer loop
      vertex 10.1505 -12.2235 12.1568
      vertex 9.53878 -13.0631 12.1568
      vertex 10.7414 -14.4176 11.4532
    endloop
  endfacet
  facet normal 0.110244 -0.993905 0
    outer loop
      vertex 6.06082 -20.8416 5.8266
      vertex 8.0866 -20.6169 7.09293
      vertex 6.06082 -20.8416 7.09293
    endloop
  endfacet
  facet normal 0.110244 -0.993905 0
    outer loop
      vertex 8.0866 -20.6169 7.09293
      vertex 6.06082 -20.8416 5.8266
      vertex 8.0866 -20.6169 5.8266
    endloop
  endfacet
  facet normal 0.033336 -0.00291484 0.99944
    outer loop
      vertex 7.08354 -9.14561 12.8884
      vertex -21.6086 -2.25955 13.8655
      vertex 7.06389 -9.37034 12.8884
    endloop
  endfacet
  facet normal 0.00703877 -0.10487 0.994461
    outer loop
      vertex -22.5211 -3.01711 13.8655
      vertex -22.7422 -3.03195 13.8655
      vertex -5.72111 -12.6392 12.7319
    endloop
  endfacet
  facet normal 0.108323 -0.0514038 0.992786
    outer loop
      vertex 7.00569 -9.58644 12.8884
      vertex 6.91118 -9.7856 12.8884
      vertex 8.57921 -11.041 12.6414
    endloop
  endfacet
  facet normal 0.220383 -0.104587 0.96979
    outer loop
      vertex 8.85911 -10.4512 12.6414
      vertex 8.57921 -11.041 12.6414
      vertex 10.1505 -12.2235 12.1568
    endloop
  endfacet
  facet normal 0.0284763 -0.0223477 0.999345
    outer loop
      vertex -21.6949 -2.55513 13.8655
      vertex -21.7997 -2.68867 13.8655
      vertex 6.78399 -9.96016 12.8884
    endloop
  endfacet
  facet normal 0.0319465 -0.00860382 0.999453
    outer loop
      vertex 7.06389 -9.37034 12.8884
      vertex -21.6304 -2.41024 13.8655
      vertex 7.00569 -9.58644 12.8884
    endloop
  endfacet
  facet normal 0.0267849 -0.0289802 0.999221
    outer loop
      vertex 6.78399 -9.96016 12.8884
      vertex -21.7997 -2.68867 13.8655
      vertex 6.62901 -10.1034 12.8884
    endloop
  endfacet
  facet normal 0.0579403 -0.0962578 0.993669
    outer loop
      vertex 7.74356 -11.9823 12.6414
      vertex 6.62901 -10.1034 12.8884
      vertex 7.21991 -12.2975 12.6414
    endloop
  endfacet
  facet normal 0.0356698 -0.104477 0.993887
    outer loop
      vertex 6.4522 -10.2099 12.8884
      vertex 6.26035 -10.2754 12.8884
      vertex 7.21991 -12.2975 12.6414
    endloop
  endfacet
  facet normal 0.077957 -0.0843464 0.993382
    outer loop
      vertex 6.78399 -9.96016 12.8884
      vertex 6.62901 -10.1034 12.8884
      vertex 7.74356 -11.9823 12.6414
    endloop
  endfacet
  facet normal 0.0178385 -0.221946 0.974896
    outer loop
      vertex 6.06082 -12.5572 12.6414
      vertex -5.72111 -14.1784 12.4879
      vertex 6.06082 -14.6858 12.1568
    endloop
  endfacet
  facet normal -0.0219521 -0.155684 0.987563
    outer loop
      vertex -5.72111 -12.6392 12.7319
      vertex -22.9634 -3.01711 13.8655
      vertex -5.82749 -12.6242 12.7319
    endloop
  endfacet
  facet normal -0.0752903 -0.134632 0.988031
    outer loop
      vertex -23.5438 -2.80572 13.8655
      vertex -25.1161 -3.87708 13.5997
      vertex -24.6074 -4.16156 13.5997
    endloop
  endfacet
  facet normal -0.114043 0.0507643 0.992178
    outer loop
      vertex -23.7895 -1.96396 13.8655
      vertex -26.0349 -1.81327 13.5997
      vertex -23.854 -2.10886 13.8655
    endloop
  endfacet
  facet normal -0.185066 -0.222891 0.957116
    outer loop
      vertex -25.5336 -3.53043 13.5997
      vertex -26.5972 -4.88627 13.0783
      vertex -25.1161 -3.87708 13.5997
    endloop
  endfacet
  facet normal 0.00867588 -0.156563 0.98763
    outer loop
      vertex -5.72111 -12.6392 12.7319
      vertex -5.72111 -14.1784 12.4879
      vertex 6.06082 -12.5572 12.6414
    endloop
  endfacet
  facet normal -0.0443956 -0.313274 0.948625
    outer loop
      vertex -6.03615 -14.1337 12.4879
      vertex -6.2327 -15.5557 12.0091
      vertex -5.72111 -15.6282 12.0091
    endloop
  endfacet
  facet normal -0.241415 -0.0348777 0.969795
    outer loop
      vertex -26.0349 -2.70582 13.5997
      vertex -28.1939 -2.25955 13.0783
      vertex -28.0892 -2.98426 13.0783
    endloop
  endfacet
  facet normal -0.231551 -0.103073 0.967347
    outer loop
      vertex -26.0349 -2.70582 13.5997
      vertex -28.0892 -2.98426 13.0783
      vertex -27.779 -3.68112 13.0783
    endloop
  endfacet
  facet normal 0.0363522 0.00979035 0.999291
    outer loop
      vertex 7.00569 -8.70477 12.8884
      vertex -21.6304 -2.10886 13.8655
      vertex 7.06389 -8.92087 12.8884
    endloop
  endfacet
  facet normal 0.211767 0.100494 0.97214
    outer loop
      vertex 22.8523 7.23688 8.03461
      vertex 8.57921 -7.25022 12.6414
      vertex 8.85911 -7.84004 12.6414
    endloop
  endfacet
  facet normal -0.118672 -0.0171519 0.992785
    outer loop
      vertex -23.854 -2.41024 13.8655
      vertex -26.0994 -2.25955 13.5997
      vertex -26.0349 -2.70582 13.5997
    endloop
  endfacet
  facet normal -0.212405 0.166621 0.962872
    outer loop
      vertex -27.2752 -0.195744 13.0783
      vertex -27.779 -0.837976 13.0783
      vertex -25.5336 -0.988664 13.5997
    endloop
  endfacet
  facet normal -0.441025 -0.345944 0.828142
    outer loop
      vertex -28.8425 -5.03696 12.3215
      vertex -31.0016 -4.59069 11.3581
      vertex -30.1755 -5.64384 11.3581
    endloop
  endfacet
  facet normal -0.559906 -0.439195 0.702575
    outer loop
      vertex -31.0016 -4.59069 11.3581
      vertex -31.2228 -6.12066 10.2254
      vertex -30.1755 -5.64384 11.3581
    endloop
  endfacet
  facet normal -0.235462 -0.539378 0.808473
    outer loop
      vertex -6.4096 -16.8355 11.3141
      vertex -26.8183 -6.41624 12.3215
      vertex -7.07162 -16.5465 11.3141
    endloop
  endfacet
  facet normal -0.186041 -0.448911 0.873995
    outer loop
      vertex -6.2327 -15.5557 12.0091
      vertex -26.8183 -6.41624 12.3215
      vertex -6.4096 -16.8355 11.3141
    endloop
  endfacet
  facet normal -0.303198 -0.923186 0.236216
    outer loop
      vertex -6.75964 -19.3679 8.23372
      vertex -18.5246 -16.522 4.25507
      vertex -6.80115 -19.6682 7.0068
    endloop
  endfacet
  facet normal -0.259197 -0.965825 0
    outer loop
      vertex -18.5246 -16.522 4.25507
      vertex -6.80115 -19.6682 5.75584
      vertex -6.80115 -19.6682 7.0068
    endloop
  endfacet
  facet normal -0.259197 -0.965825 0
    outer loop
      vertex -6.80115 -19.6682 5.75584
      vertex -18.5246 -16.522 4.25507
      vertex -18.5246 -16.522 3.49539
    endloop
  endfacet
  facet normal -0.321254 -0.260178 -0.910551
    outer loop
      vertex -23.558 -9.91117 1.10575
      vertex -28.8425 -5.03696 1.57745
      vertex -27.2752 -4.32335 0.820582
    endloop
  endfacet
  facet normal -0.32421 -0.254328 -0.911156
    outer loop
      vertex -27.2752 -4.32335 0.820582
      vertex -28.8425 -5.03696 1.57745
      vertex -27.779 -3.68112 0.820582
    endloop
  endfacet
  facet normal -0.000117285 0.000138784 -1
    outer loop
      vertex -8.02244 8.07815 0.00702953
      vertex -22.3641 -0.454789 0.00752735
      vertex -22.3067 -0.406281 0.00752735
    endloop
  endfacet
  facet normal -1.85448e-05 -2.34227e-05 -1
    outer loop
      vertex -7.96189 7.81796 0.00702953
      vertex -22.3067 -2.07835 0.00752735
      vertex -8.02244 7.8659 0.00702953
    endloop
  endfacet
  facet normal 0.00123181 -0.000331632 -0.999999
    outer loop
      vertex 25.2965 -5.32818 0.0186739
      vertex 18.0062 1.48873 0.00743294
      vertex 18.0222 1.54816 0.00743294
    endloop
  endfacet
  facet normal -0.000228279 0.000657171 -1
    outer loop
      vertex -7.88039 8.16811 0.00702953
      vertex -10.0001 11.8042 0.00990295
      vertex -7.7811 8.2026 0.00702953
    endloop
  endfacet
  facet normal -0.000312519 0.000606148 -1
    outer loop
      vertex -7.96189 8.12609 0.00702953
      vertex -10.1628 11.7318 0.00990295
      vertex -7.88039 8.16811 0.00702953
    endloop
  endfacet
  facet normal -0.0821701 -0.100321 -0.991556
    outer loop
      vertex -18.2911 -11.1501 0.166865
      vertex -19.2944 -8.90709 0.0230713
      vertex -18.138 -11.2755 0.166865
    endloop
  endfacet
  facet normal -0.161116 -0.196706 -0.967134
    outer loop
      vertex -18.138 -11.2755 0.166865
      vertex -18.4859 -12.4199 0.457582
      vertex -18.2911 -11.1501 0.166865
    endloop
  endfacet
  facet normal -0.0855131 -0.321763 -0.942951
    outer loop
      vertex -17.9788 -12.6922 0.457582
      vertex -18.3267 -13.8366 0.879636
      vertex -18.2373 -12.6235 0.457582
    endloop
  endfacet
  facet normal -0.247389 -0.302067 -0.920627
    outer loop
      vertex -18.3267 -13.8366 0.879636
      vertex -18.4859 -12.4199 0.457582
      vertex -18.2373 -12.6235 0.457582
    endloop
  endfacet
  facet normal -3.21262e-05 -3.49591e-06 -1
    outer loop
      vertex -22.5299 -1.56852 0.00752735
      vertex -22.5473 -1.40862 0.00752735
      vertex -8.07232 7.97202 0.00702953
    endloop
  endfacet
  facet normal -4.20179e-05 1.23933e-05 -1
    outer loop
      vertex -8.05973 8.02612 0.00702953
      vertex -22.5016 -0.768742 0.00752735
      vertex -22.4635 -0.639569 0.00752735
    endloop
  endfacet
  facet normal -0.0702228 0.0108858 -0.997472
    outer loop
      vertex -24.7106 4.84276 0.0110531
      vertex -25.7836 5.96553 0.0988464
      vertex -24.6758 5.06725 0.0110531
    endloop
  endfacet
  facet normal -0.0647569 0.0176533 -0.997745
    outer loop
      vertex -24.6758 5.06725 0.0110531
      vertex -25.7836 5.96553 0.0988464
      vertex -24.6194 5.27414 0.0110531
    endloop
  endfacet
  facet normal -0.0730322 0.00369149 -0.997323
    outer loop
      vertex -24.7224 4.60931 0.0110531
      vertex -25.9213 4.60931 0.0988464
      vertex -24.7106 4.84276 0.0110531
    endloop
  endfacet
  facet normal -0.145039 0.0224708 -0.989171
    outer loop
      vertex -25.8866 5.30071 0.0988464
      vertex -26.827 6.8117 0.271059
      vertex -25.7836 5.96553 0.0988464
    endloop
  endfacet
  facet normal -0.000742636 0.000325054 -1
    outer loop
      vertex -22.4635 -0.639569 0.00752735
      vertex -24.5433 5.45547 0.0110531
      vertex -22.4171 -0.533561 0.00752735
    endloop
  endfacet
  facet normal -0.000760229 0.00031905 -1
    outer loop
      vertex -22.4635 -0.639569 0.00752735
      vertex -24.6194 5.27414 0.0110531
      vertex -24.5433 5.45547 0.0110531
    endloop
  endfacet
  facet normal -0.435619 0.118925 -0.89224
    outer loop
      vertex -28.1192 9.85245 0.839279
      vertex -29.1921 8.72968 1.21345
      vertex -28.6839 10.5912 1.21345
    endloop
  endfacet
  facet normal -0.466904 0.0723534 -0.881343
    outer loop
      vertex -28.839 6.45046 0.839279
      vertex -29.5051 6.70986 1.21345
      vertex -29.1921 8.72968 1.21345
    endloop
  endfacet
  facet normal -0.117465 0.0492574 -0.991855
    outer loop
      vertex -25.6163 6.57824 0.0988464
      vertex -26.5553 7.80668 0.271059
      vertex -25.3911 7.11528 0.0988464
    endloop
  endfacet
  facet normal -0.0567621 0.0238024 -0.998104
    outer loop
      vertex -24.6194 5.27414 0.0110531
      vertex -25.6163 6.57824 0.0988464
      vertex -25.3911 7.11528 0.0988464
    endloop
  endfacet
  facet normal 0.0878537 0.1739 -0.980837
    outer loop
      vertex 11.3252 15.8964 0.547223
      vertex 9.79424 14.7089 0.199554
      vertex 10.4978 16.3144 0.547223
    endloop
  endfacet
  facet normal 0.0540886 0.188636 -0.980556
    outer loop
      vertex 9.79424 14.7089 0.199554
      vertex 9.60011 16.5718 0.547223
      vertex 10.4978 16.3144 0.547223
    endloop
  endfacet
  facet normal 0.121663 0.214963 -0.969015
    outer loop
      vertex 21.9076 8.23722 0.176789
      vertex 11.3252 15.8964 0.547223
      vertex 22.2094 8.06641 0.176789
    endloop
  endfacet
  facet normal 0.130781 0.227447 -0.964968
    outer loop
      vertex 22.2094 8.06641 0.176789
      vertex 11.3252 15.8964 0.547223
      vertex 22.8144 9.02529 0.484796
    endloop
  endfacet
  facet normal 0.00891568 0.0956307 -0.995377
    outer loop
      vertex 8.86063 13.0581 0.022315
      vertex 8.6665 14.921 0.199554
      vertex 9.24142 14.8674 0.199554
    endloop
  endfacet
  facet normal 0.0527832 0.104512 -0.993122
    outer loop
      vertex 21.4652 7.10615 0.0197697
      vertex 9.79424 14.7089 0.199554
      vertex 10.3037 14.4516 0.199554
    endloop
  endfacet
  facet normal 0.346007 0.256841 -0.902393
    outer loop
      vertex 29.9764 1.08728 0.878011
      vertex 24.4114 8.77376 0.931951
      vertex 31.1669 1.36731 1.41419
    endloop
  endfacet
  facet normal 0.265865 0.305949 -0.914173
    outer loop
      vertex 23.937 9.38589 0.931951
      vertex 23.244 8.652 0.484796
      vertex 23.3589 9.88825 0.931951
    endloop
  endfacet
  facet normal 0.0544462 0.584962 -0.809231
    outer loop
      vertex 10.1975 19.41 1.69436
      vertex 8.6665 19.5525 1.69436
      vertex 8.6665 20.5975 2.44975
    endloop
  endfacet
  facet normal 0.194986 0.38596 -0.901673
    outer loop
      vertex 12.2445 17.1968 1.05196
      vertex 11.6696 18.988 1.69436
      vertex 13.0263 18.3026 1.69436
    endloop
  endfacet
  facet normal -0.00645544 0.120931 -0.99264
    outer loop
      vertex -9.40383 13.0453 0.0885582
      vertex -10.0239 13.0122 0.0885582
      vertex 8.6665 14.921 0.199554
    endloop
  endfacet
  facet normal -0.00381256 0.0956339 -0.995409
    outer loop
      vertex 8.6665 13.0762 0.022315
      vertex -9.40383 13.0453 0.0885582
      vertex 8.6665 14.921 0.199554
    endloop
  endfacet
  facet normal -1.48449e-05 -2.87857e-05 -1
    outer loop
      vertex -7.88039 7.77593 0.00702953
      vertex -22.3067 -2.07835 0.00752735
      vertex -7.96189 7.81796 0.00702953
    endloop
  endfacet
  facet normal -3.05604e-05 -5.86863e-06 -1
    outer loop
      vertex -22.5016 -1.71589 0.00752735
      vertex -22.5299 -1.56852 0.00752735
      vertex -8.07232 7.97202 0.00702953
    endloop
  endfacet
  facet normal -2.98385e-05 -6.94393e-06 -1
    outer loop
      vertex -8.05973 7.91792 0.00702953
      vertex -22.5016 -1.71589 0.00752735
      vertex -8.07232 7.97202 0.00702953
    endloop
  endfacet
  facet normal 9.20674e-05 0.000835939 -1
    outer loop
      vertex -7.2892 8.24401 0.00702953
      vertex -9.19444 11.8912 0.00990295
      vertex 10.2042 9.12839 0.00937939
    endloop
  endfacet
  facet normal 0.000115736 0.00100212 -0.999999
    outer loop
      vertex 10.2042 9.12839 0.00937939
      vertex -9.19444 11.8912 0.00990295
      vertex 10.2623 9.12168 0.00937939
    endloop
  endfacet
  facet normal 0.00128267 0.00147568 -0.999998
    outer loop
      vertex 21.6564 6.97086 0.0197697
      vertex 17.9029 1.87337 0.00743294
      vertex 21.5671 7.04848 0.0197697
    endloop
  endfacet
  facet normal 0.00160382 0.00124297 -0.999998
    outer loop
      vertex 21.7297 6.87628 0.0197697
      vertex 17.9454 1.83397 0.00743294
      vertex 21.6564 6.97086 0.0197697
    endloop
  endfacet
  facet normal 0.104566 0.0810393 -0.991211
    outer loop
      vertex 21.7297 6.87628 0.0197697
      vertex 21.6564 6.97086 0.0197697
      vertex 22.691 7.55644 0.176789
    endloop
  endfacet
  facet normal 0.0824835 0.0143198 -0.99649
    outer loop
      vertex 27.2267 -0.194269 0.166557
      vertex 25.422 -0.0933256 0.0186253
      vertex 27.1748 0.10468 0.166557
    endloop
  endfacet
  facet normal 0.0824906 -0.00185053 -0.99659
    outer loop
      vertex 27.2267 -0.194269 0.166557
      vertex 25.3323 -4.99907 0.0186739
      vertex 25.4395 -0.194269 0.0186253
    endloop
  endfacet
  facet normal 0.00161993 0.00384193 -0.999991
    outer loop
      vertex 10.3182 9.1018 0.00937939
      vertex 9.04729 13.0046 0.022315
      vertex 21.4652 7.10615 0.0197697
    endloop
  endfacet
  facet normal 0.00133311 0.00374853 -0.999992
    outer loop
      vertex 10.2623 9.12168 0.00937939
      vertex 9.04729 13.0046 0.022315
      vertex 10.3182 9.1018 0.00937939
    endloop
  endfacet
  facet normal 0.0757738 -0.0774608 -0.994112
    outer loop
      vertex 25.3949 -7.35214 0.166993
      vertex 25.1235 -5.71414 0.0186739
      vertex 25.6355 -7.11678 0.166993
    endloop
  endfacet
  facet normal 1.22436e-05 -1.54641e-05 -1
    outer loop
      vertex 17.9029 1.34656 0.00743294
      vertex -6.8722 7.81796 0.00702953
      vertex -6.81165 7.8659 0.00702953
    endloop
  endfacet
  facet normal 1.36895e-05 -9.95343e-06 -1
    outer loop
      vertex 17.9454 1.38596 0.00743294
      vertex -6.81165 7.8659 0.00702953
      vertex 17.9803 1.43396 0.00743294
    endloop
  endfacet
  facet normal 1.08065e-05 -2.09522e-05 -1
    outer loop
      vertex 17.8543 1.31729 0.00743294
      vertex -6.95369 7.77593 0.00702953
      vertex -6.8722 7.81796 0.00702953
    endloop
  endfacet
  facet normal 5.95958e-05 0.000171582 -1
    outer loop
      vertex -6.95369 8.16811 0.00702953
      vertex -7.05299 8.2026 0.00702953
      vertex 17.8543 1.90264 0.00743294
    endloop
  endfacet
  facet normal 0.000144518 0.000421612 -1
    outer loop
      vertex 17.8017 1.92067 0.00743294
      vertex 10.2623 9.12168 0.00937939
      vertex 17.8543 1.90264 0.00743294
    endloop
  endfacet
  facet normal 2.80281e-05 4.65379e-05 -1
    outer loop
      vertex 17.9029 1.87337 0.00743294
      vertex -6.8722 8.12609 0.00702953
      vertex 17.8543 1.90264 0.00743294
    endloop
  endfacet
  facet normal -0.00027922 0.000627474 -1
    outer loop
      vertex -7.88039 8.16811 0.00702953
      vertex -10.1628 11.7318 0.00990295
      vertex -10.0001 11.8042 0.00990295
    endloop
  endfacet
  facet normal 4.87874e-06 -4.39006e-05 -1
    outer loop
      vertex 17.7469 1.29317 0.00743294
      vertex -7.2892 7.70004 0.00702953
      vertex 17.8017 1.29926 0.00743294
    endloop
  endfacet
  facet normal 7.65601e-05 -0.000931651 -1
    outer loop
      vertex -16.7566 -9.19493 0.0145626
      vertex -22.2469 -2.09473 0.00752735
      vertex 17.7469 1.29317 0.00743294
    endloop
  endfacet
  facet normal -0.000404758 -0.00127482 -0.999999
    outer loop
      vertex -17.5768 -9.09871 0.0145626
      vertex -22.3067 -2.07835 0.00752735
      vertex -17.4391 -9.14243 0.0145626
    endloop
  endfacet
  facet normal -0.00283148 -0.0039132 -0.999988
    outer loop
      vertex -17.6899 -9.04543 0.0145626
      vertex -18.0326 -9.84442 0.0186596
      vertex -17.7739 -8.98465 0.0145626
    endloop
  endfacet
  facet normal -0.00384748 -0.00355091 -0.999986
    outer loop
      vertex -18.0843 -9.8021 0.0186596
      vertex -22.3641 -2.02985 0.00752735
      vertex -17.7739 -8.98465 0.0145626
    endloop
  endfacet
  facet normal -0.0457016 -0.0568278 -0.997337
    outer loop
      vertex -19.2137 -8.97199 0.0230713
      vertex -19.2944 -8.90709 0.0230713
      vertex -18.0326 -9.84442 0.0186596
    endloop
  endfacet
  facet normal 0.0373406 -0.179611 -0.983029
    outer loop
      vertex 4.62123 -14.5325 0.536042
      vertex 4.17245 -14.6258 0.536042
      vertex 4.44881 -12.7044 0.195477
    endloop
  endfacet
  facet normal 0.0205532 -0.0870514 -0.995992
    outer loop
      vertex 25.1339 -7.49708 0.166993
      vertex 4.26576 -10.7636 0.0218592
      vertex 24.9541 -5.84255 0.0186739
    endloop
  endfacet
  facet normal 0.000227374 -0.00160231 -0.999999
    outer loop
      vertex 4.17245 -10.783 0.0218592
      vertex -16.5861 -9.17492 0.0145626
      vertex 24.8625 -5.85907 0.0186739
    endloop
  endfacet
  facet normal 0.000208373 -0.0013648 -0.999999
    outer loop
      vertex 24.8625 -5.85907 0.0186739
      vertex -16.5861 -9.17492 0.0145626
      vertex 17.8017 1.29926 0.00743294
    endloop
  endfacet
  facet normal 0.212304 -0.382254 -0.899338
    outer loop
      vertex 26.2803 -11.2651 1.41789
      vertex 25.4557 -10.4583 0.880307
      vertex 26.0261 -10.1415 0.880307
    endloop
  endfacet
  facet normal 0.149997 -0.270091 -0.951079
    outer loop
      vertex 25.4557 -10.4583 0.880307
      vertex 25.3033 -9.05561 0.457931
      vertex 25.7271 -8.82025 0.457931
    endloop
  endfacet
  facet normal 0.381473 -0.171031 -0.90842
    outer loop
      vertex 27.3907 -8.09145 0.880307
      vertex 26.4601 -7.92367 0.457931
      vertex 26.7411 -7.29692 0.457931
    endloop
  endfacet
  facet normal 0.141074 -0.0412012 -0.989141
    outer loop
      vertex 26.0193 -6.41408 0.166993
      vertex 25.2965 -5.32818 0.0186739
      vertex 26.1479 -5.97375 0.166993
    endloop
  endfacet
  facet normal 0.150679 -0.0283117 -0.988177
    outer loop
      vertex 26.1479 -5.97375 0.166993
      vertex 25.2965 -5.32818 0.0186739
      vertex 27.1748 -0.493218 0.166557
    endloop
  endfacet
  facet normal 0.38333 -0.0664494 -0.921218
    outer loop
      vertex 31.5758 -0.990355 1.41419
      vertex 30.312 -0.8476 0.878011
      vertex 31.7138 -0.194269 1.41419
    endloop
  endfacet
  facet normal 0.267597 0.0464065 -0.962413
    outer loop
      vertex 30.4253 -0.194269 0.878011
      vertex 28.826 0.291199 0.456737
      vertex 30.312 0.459061 0.878011
    endloop
  endfacet
  facet normal 0.26345 -0.0803735 -0.961319
    outer loop
      vertex 30.312 -0.8476 0.878011
      vertex 26.0193 -6.41408 0.166993
      vertex 28.826 -0.679737 0.456737
    endloop
  endfacet
  facet normal 0.162891 0.0869815 -0.982802
    outer loop
      vertex 27.1748 0.10468 0.166557
      vertex 27.0213 0.392141 0.166557
      vertex 28.826 0.291199 0.456737
    endloop
  endfacet
  facet normal 0.25587 0.136647 -0.957005
    outer loop
      vertex 28.826 0.291199 0.456737
      vertex 28.5767 0.758011 0.456737
      vertex 30.312 0.459061 0.878011
    endloop
  endfacet
  facet normal 0.882057 0.471143 0
    outer loop
      vertex 33.6013 0.830623 4.2472
      vertex 33.0749 1.81613 3.48893
      vertex 33.0749 1.81613 4.2472
    endloop
  endfacet
  facet normal 0.882057 0.471143 0
    outer loop
      vertex 33.0749 1.81613 3.48893
      vertex 33.6013 0.830623 4.2472
      vertex 33.6013 0.830623 3.48893
    endloop
  endfacet
  facet normal 0.443504 -0.453241 -0.773225
    outer loop
      vertex 26.4801 -12.148 2.05002
      vertex 26.2803 -11.2651 1.41789
      vertex 27.2109 -11.4329 2.05002
    endloop
  endfacet
  facet normal 0.443475 -0.453311 -0.773201
    outer loop
      vertex 27.2109 -11.4329 2.05002
      vertex 26.2803 -11.2651 1.41789
      vertex 26.9209 -10.6384 1.41789
    endloop
  endfacet
  facet normal 0.692008 -0.460667 -0.555797
    outer loop
      vertex 27.4107 -11.9802 2.75241
      vertex 27.2109 -11.4329 2.05002
      vertex 27.8515 -10.4706 2.05002
    endloop
  endfacet
  facet normal 0.692099 -0.460648 -0.555699
    outer loop
      vertex 28.1057 -10.936 2.75241
      vertex 27.4107 -11.9802 2.75241
      vertex 27.8515 -10.4706 2.05002
    endloop
  endfacet
  facet normal 0.832451 -0.554099 0
    outer loop
      vertex 27.5125 -12.2592 4.25832
      vertex 28.2353 -11.1733 3.49806
      vertex 28.2353 -11.1733 4.25832
    endloop
  endfacet
  facet normal 0.832451 -0.554099 0
    outer loop
      vertex 28.2353 -11.1733 3.49806
      vertex 27.5125 -12.2592 4.25832
      vertex 27.5125 -12.2592 3.49806
    endloop
  endfacet
  facet normal 0.651388 0.347954 -0.674256
    outer loop
      vertex 33.2526 0.791236 2.74523
      vertex 32.1022 1.58732 2.04467
      vertex 32.7464 1.73887 2.74523
    endloop
  endfacet
  facet normal 0.891367 0.154549 -0.426122
    outer loop
      vertex 33.779 -0.194269 3.48893
      vertex 33.2526 0.791236 2.74523
      vertex 33.6013 0.830623 3.48893
    endloop
  endfacet
  facet normal 0.262885 0.338924 0.903339
    outer loop
      vertex 13.0263 18.3026 7.57442
      vertex 12.2445 17.1968 8.21682
      vertex 14.2155 17.3802 7.57442
    endloop
  endfacet
  facet normal 0.604154 0.455229 0.654037
    outer loop
      vertex 32.7464 1.73887 4.99091
      vertex 25.6489 9.64941 6.04111
      vertex 32.1022 1.58732 5.69146
    endloop
  endfacet
  facet normal 0.891379 0.154577 0.426087
    outer loop
      vertex 33.779 -0.194269 4.2472
      vertex 33.2526 0.791236 4.99091
      vertex 33.4235 -0.194269 4.99091
    endloop
  endfacet
  facet normal 0.526424 -0.0912546 0.845311
    outer loop
      vertex 31.7138 -0.194269 6.32194
      vertex 31.5758 -0.990355 6.32194
      vertex 32.7262 -0.194269 5.69146
    endloop
  endfacet
  facet normal 0.55644 0.640257 0.529571
    outer loop
      vertex 25.3084 10.8382 5.29752
      vertex 24.1858 11.1988 6.04111
      vertex 24.9894 10.5004 6.04111
    endloop
  endfacet
  facet normal 0.55643 0.640295 0.529536
    outer loop
      vertex 24.4365 11.5959 5.29752
      vertex 24.1858 11.1988 6.04111
      vertex 25.3084 10.8382 5.29752
    endloop
  endfacet
  facet normal 0.323367 0.250609 0.912485
    outer loop
      vertex 23.937 9.38589 7.27945
      vertex 23.5965 8.19714 7.7266
      vertex 24.4114 8.77376 7.27945
    endloop
  endfacet
  facet normal 0.364374 0.194636 0.910686
    outer loop
      vertex 31.1669 1.36731 6.32194
      vertex 29.9764 1.08728 6.85812
      vertex 31.5758 0.601816 6.32194
    endloop
  endfacet
  facet normal 0.243732 0.0422731 0.968921
    outer loop
      vertex 28.826 0.291199 7.2794
      vertex 9.03147 -8.48003 12.6414
      vertex 28.9102 -0.194269 7.2794
    endloop
  endfacet
  facet normal 0.244007 0.0415875 0.968881
    outer loop
      vertex 28.9102 -0.194269 7.2794
      vertex 9.03147 -8.48003 12.6414
      vertex 10.8849 -8.06478 12.1568
    endloop
  endfacet
  facet normal 0.830965 -0.443851 0.335401
    outer loop
      vertex 33.6013 -1.21916 4.2472
      vertex 28.1057 -10.936 5.00396
      vertex 33.0749 -2.20467 4.2472
    endloop
  endfacet
  facet normal 0.880047 -0.474886 0
    outer loop
      vertex 28.2353 -11.1733 4.25832
      vertex 33.0749 -2.20467 3.48893
      vertex 33.0749 -2.20467 4.2472
    endloop
  endfacet
  facet normal 0.880047 -0.474886 0
    outer loop
      vertex 33.0749 -2.20467 3.48893
      vertex 28.2353 -11.1733 4.25832
      vertex 28.2353 -11.1733 3.49806
    endloop
  endfacet
  facet normal 0.841842 -0.454566 -0.290983
    outer loop
      vertex 28.2353 -11.1733 3.49806
      vertex 28.1057 -10.936 2.75241
      vertex 33.0749 -2.20467 3.48893
    endloop
  endfacet
  facet normal 0.172925 -0.614827 -0.76947
    outer loop
      vertex 7.85604 -19.3113 3.41465
      vertex 7.63435 -18.0559 2.36173
      vertex 25.6871 -12.5883 2.05002
    endloop
  endfacet
  facet normal 0.149764 -0.541642 -0.827161
    outer loop
      vertex 25.6871 -12.5883 2.05002
      vertex 7.63435 -18.0559 2.36173
      vertex 25.5853 -11.6511 1.41789
    endloop
  endfacet
  facet normal 0.655931 0.754821 -0
    outer loop
      vertex 25.471 11.0104 3.70327
      vertex 24.5642 11.7984 4.50813
      vertex 25.471 11.0104 4.50813
    endloop
  endfacet
  facet normal 0.655931 0.754821 0
    outer loop
      vertex 24.5642 11.7984 4.50813
      vertex 25.471 11.0104 3.70327
      vertex 24.5642 11.7984 3.70327
    endloop
  endfacet
  facet normal 0.807799 0.431479 -0.401606
    outer loop
      vertex 33.2526 0.791236 2.74523
      vertex 33.0749 1.81613 3.48893
      vertex 33.6013 0.830623 3.48893
    endloop
  endfacet
  facet normal 0.653116 0.543643 -0.527154
    outer loop
      vertex 32.7464 1.73887 2.74523
      vertex 24.9894 10.5004 2.17029
      vertex 25.3084 10.8382 2.91388
    endloop
  endfacet
  facet normal 0.0544547 0.584969 -0.809225
    outer loop
      vertex 10.1975 19.41 1.69436
      vertex 8.6665 20.5975 2.44975
      vertex 10.4132 20.4349 2.44975
    endloop
  endfacet
  facet normal 0.161488 0.56328 -0.810331
    outer loop
      vertex 11.6696 18.988 1.69436
      vertex 10.4132 20.4349 2.44975
      vertex 12.0927 19.9534 2.44975
    endloop
  endfacet
  facet normal 0.209241 0.729802 -0.650851
    outer loop
      vertex 12.0927 19.9534 2.44975
      vertex 10.5617 21.1409 3.2891
      vertex 12.3841 20.6184 3.2891
    endloop
  endfacet
  facet normal 0.254854 0.888892 -0.380685
    outer loop
      vertex 12.3841 20.6184 3.2891
      vertex 10.5617 21.1409 3.2891
      vertex 12.5327 20.9574 4.18014
    endloop
  endfacet
  facet normal 0.0857238 0.921274 0.379349
    outer loop
      vertex 8.6665 21.6842 5.08864
      vertex 8.6665 21.3173 5.97968
      vertex 10.6375 21.5008 5.08864
    endloop
  endfacet
  facet normal 0.341257 0.675488 0.653651
    outer loop
      vertex 12.3841 20.6184 5.97968
      vertex 12.0927 19.9534 6.81903
      vertex 13.6406 19.1714 6.81903
    endloop
  endfacet
  facet normal 0.262929 0.520446 0.812407
    outer loop
      vertex 12.0927 19.9534 6.81903
      vertex 11.6696 18.988 7.57442
      vertex 13.6406 19.1714 6.81903
    endloop
  endfacet
  facet normal 0.0656211 0.228856 0.971246
    outer loop
      vertex 9.60011 16.5718 8.72156
      vertex 3.3918 9.71539 10.7566
      vertex 10.4978 16.3144 8.72156
    endloop
  endfacet
  facet normal 0.137601 0.272371 0.952302
    outer loop
      vertex 11.1311 17.7592 8.21682
      vertex 10.4978 16.3144 8.72156
      vertex 11.3252 15.8964 8.72156
    endloop
  endfacet
  facet normal 0.275446 0.296971 0.914296
    outer loop
      vertex 23.937 9.38589 7.27945
      vertex 13.2204 16.4398 8.21682
      vertex 23.244 8.652 7.7266
    endloop
  endfacet
  facet normal 0.355015 0.457711 0.815147
    outer loop
      vertex 14.9973 18.1191 6.81903
      vertex 13.6406 19.1714 6.81903
      vertex 14.2155 17.3802 7.57442
    endloop
  endfacet
  facet normal 0.0846781 0.295339 0.951632
    outer loop
      vertex 9.92293 18.1056 8.21682
      vertex 9.60011 16.5718 8.72156
      vertex 11.1311 17.7592 8.21682
    endloop
  endfacet
  facet normal 0.34124 0.675482 0.653666
    outer loop
      vertex 14.0637 19.7699 5.97968
      vertex 12.3841 20.6184 5.97968
      vertex 13.6406 19.1714 6.81903
    endloop
  endfacet
  facet normal 0.15893 -0.171925 0.972205
    outer loop
      vertex 9.53878 -13.0631 12.1568
      vertex 7.74356 -11.9823 12.6414
      vertex 8.79344 -13.7521 12.1568
    endloop
  endfacet
  facet normal 0.158932 -0.171922 0.972205
    outer loop
      vertex 8.20254 -11.558 12.6414
      vertex 7.74356 -11.9823 12.6414
      vertex 9.53878 -13.0631 12.1568
    endloop
  endfacet
  facet normal 0.0246002 -0.221928 0.974753
    outer loop
      vertex 6.65172 -12.4917 12.6414
      vertex 6.06082 -12.5572 12.6414
      vertex 7.02039 -14.5793 12.1568
    endloop
  endfacet
  facet normal 0.0120443 -0.108656 0.994006
    outer loop
      vertex 6.06082 -10.2976 12.8884
      vertex 6.06082 -12.5572 12.6414
      vertex 6.65172 -12.4917 12.6414
    endloop
  endfacet
  facet normal 0.0288264 -0.0210038 0.999364
    outer loop
      vertex 6.91118 -9.7856 12.8884
      vertex -21.6949 -2.55513 13.8655
      vertex 6.78399 -9.96016 12.8884
    endloop
  endfacet
  facet normal 0.0328795 -0.00475661 0.999448
    outer loop
      vertex -21.6086 -2.25955 13.8655
      vertex -21.6304 -2.41024 13.8655
      vertex 7.06389 -9.37034 12.8884
    endloop
  endfacet
  facet normal 0.238918 -0.0643417 0.968906
    outer loop
      vertex 9.03147 -9.81118 12.6414
      vertex 8.85911 -10.4512 12.6414
      vertex 10.605 -11.2657 12.1568
    endloop
  endfacet
  facet normal 0.238916 -0.064344 0.968906
    outer loop
      vertex 10.8849 -10.2264 12.1568
      vertex 9.03147 -9.81118 12.6414
      vertex 10.605 -11.2657 12.1568
    endloop
  endfacet
  facet normal 0 0 1
    outer loop
      vertex -21.6304 -2.10886 13.8655
      vertex -21.6304 -2.41024 13.8655
      vertex -21.6086 -2.25955 13.8655
    endloop
  endfacet
  facet normal 0 0 1
    outer loop
      vertex -21.6949 -1.96396 13.8655
      vertex -21.6304 -2.41024 13.8655
      vertex -21.6304 -2.10886 13.8655
    endloop
  endfacet
  facet normal 0 0 1
    outer loop
      vertex -21.6949 -1.96396 13.8655
      vertex -21.6949 -2.55513 13.8655
      vertex -21.6304 -2.41024 13.8655
    endloop
  endfacet
  facet normal 0 0 1
    outer loop
      vertex -21.7997 -1.83042 13.8655
      vertex -21.6949 -2.55513 13.8655
      vertex -21.6949 -1.96396 13.8655
    endloop
  endfacet
  facet normal 0 0 1
    outer loop
      vertex -21.7997 -1.83042 13.8655
      vertex -21.7997 -2.68867 13.8655
      vertex -21.6949 -2.55513 13.8655
    endloop
  endfacet
  facet normal 0 0 1
    outer loop
      vertex -21.9407 -1.71338 13.8655
      vertex -21.7997 -2.68867 13.8655
      vertex -21.7997 -1.83042 13.8655
    endloop
  endfacet
  facet normal 0 0 1
    outer loop
      vertex -21.9407 -1.71338 13.8655
      vertex -21.9407 -2.80572 13.8655
      vertex -21.7997 -2.68867 13.8655
    endloop
  endfacet
  facet normal 0 0 1
    outer loop
      vertex -22.1124 -1.61732 13.8655
      vertex -21.9407 -2.80572 13.8655
      vertex -21.9407 -1.71338 13.8655
    endloop
  endfacet
  facet normal 0 0 1
    outer loop
      vertex -22.1124 -1.61732 13.8655
      vertex -22.1124 -2.90178 13.8655
      vertex -21.9407 -2.80572 13.8655
    endloop
  endfacet
  facet normal 0 0 1
    outer loop
      vertex -22.3084 -1.54594 13.8655
      vertex -22.1124 -2.90178 13.8655
      vertex -22.1124 -1.61732 13.8655
    endloop
  endfacet
  facet normal 0 0 1
    outer loop
      vertex -22.3084 -1.54594 13.8655
      vertex -22.3084 -2.97316 13.8655
      vertex -22.1124 -2.90178 13.8655
    endloop
  endfacet
  facet normal 0 0 1
    outer loop
      vertex -22.5211 -1.50198 13.8655
      vertex -22.3084 -2.97316 13.8655
      vertex -22.3084 -1.54594 13.8655
    endloop
  endfacet
  facet normal 0 0 1
    outer loop
      vertex -22.5211 -1.50198 13.8655
      vertex -22.5211 -3.01711 13.8655
      vertex -22.3084 -2.97316 13.8655
    endloop
  endfacet
  facet normal 0 0 1
    outer loop
      vertex -22.7422 -1.48714 13.8655
      vertex -22.5211 -3.01711 13.8655
      vertex -22.5211 -1.50198 13.8655
    endloop
  endfacet
  facet normal 0 0 1
    outer loop
      vertex -22.7422 -1.48714 13.8655
      vertex -22.7422 -3.03195 13.8655
      vertex -22.5211 -3.01711 13.8655
    endloop
  endfacet
  facet normal -0 0 1
    outer loop
      vertex -22.9634 -1.50198 13.8655
      vertex -22.7422 -3.03195 13.8655
      vertex -22.7422 -1.48714 13.8655
    endloop
  endfacet
  facet normal 0 0 1
    outer loop
      vertex -22.9634 -1.50198 13.8655
      vertex -22.9634 -3.01711 13.8655
      vertex -22.7422 -3.03195 13.8655
    endloop
  endfacet
  facet normal -0 0 1
    outer loop
      vertex -23.176 -1.54594 13.8655
      vertex -22.9634 -3.01711 13.8655
      vertex -22.9634 -1.50198 13.8655
    endloop
  endfacet
  facet normal 0 0 1
    outer loop
      vertex -23.176 -1.54594 13.8655
      vertex -23.176 -2.97316 13.8655
      vertex -22.9634 -3.01711 13.8655
    endloop
  endfacet
  facet normal -0 0 1
    outer loop
      vertex -23.372 -1.61732 13.8655
      vertex -23.176 -2.97316 13.8655
      vertex -23.176 -1.54594 13.8655
    endloop
  endfacet
  facet normal 0 0 1
    outer loop
      vertex -23.372 -1.61732 13.8655
      vertex -23.372 -2.90178 13.8655
      vertex -23.176 -2.97316 13.8655
    endloop
  endfacet
  facet normal -0 0 1
    outer loop
      vertex -23.5438 -1.71338 13.8655
      vertex -23.372 -2.90178 13.8655
      vertex -23.372 -1.61732 13.8655
    endloop
  endfacet
  facet normal 0 0 1
    outer loop
      vertex -23.5438 -1.71338 13.8655
      vertex -23.5438 -2.80572 13.8655
      vertex -23.372 -2.90178 13.8655
    endloop
  endfacet
  facet normal -0 0 1
    outer loop
      vertex -23.6847 -1.83042 13.8655
      vertex -23.5438 -2.80572 13.8655
      vertex -23.5438 -1.71338 13.8655
    endloop
  endfacet
  facet normal 0 0 1
    outer loop
      vertex -23.6847 -1.83042 13.8655
      vertex -23.6847 -2.68867 13.8655
      vertex -23.5438 -2.80572 13.8655
    endloop
  endfacet
  facet normal -0 0 1
    outer loop
      vertex -23.7895 -1.96396 13.8655
      vertex -23.6847 -2.68867 13.8655
      vertex -23.6847 -1.83042 13.8655
    endloop
  endfacet
  facet normal 0 0 1
    outer loop
      vertex -23.7895 -1.96396 13.8655
      vertex -23.7895 -2.55513 13.8655
      vertex -23.6847 -2.68867 13.8655
    endloop
  endfacet
  facet normal -0 0 1
    outer loop
      vertex -23.854 -2.10886 13.8655
      vertex -23.7895 -2.55513 13.8655
      vertex -23.7895 -1.96396 13.8655
    endloop
  endfacet
  facet normal 0 0 1
    outer loop
      vertex -23.854 -2.10886 13.8655
      vertex -23.854 -2.41024 13.8655
      vertex -23.7895 -2.55513 13.8655
    endloop
  endfacet
  facet normal 0 -0 1
    outer loop
      vertex -23.854 -2.41024 13.8655
      vertex -23.854 -2.10886 13.8655
      vertex -23.8758 -2.25955 13.8655
    endloop
  endfacet
  facet normal -0.0918855 0.110667 0.989601
    outer loop
      vertex -25.1161 -0.642019 13.5997
      vertex -25.5336 -0.988664 13.5997
      vertex -23.5438 -1.71338 13.8655
    endloop
  endfacet
  facet normal 0.108321 -0.0514057 0.992786
    outer loop
      vertex 8.85911 -10.4512 12.6414
      vertex 7.00569 -9.58644 12.8884
      vertex 8.57921 -11.041 12.6414
    endloop
  endfacet
  facet normal 0.11751 -0.0316479 0.992567
    outer loop
      vertex 7.06389 -9.37034 12.8884
      vertex 7.00569 -9.58644 12.8884
      vertex 8.85911 -10.4512 12.6414
    endloop
  endfacet
  facet normal 0.0234455 -0.041907 0.998846
    outer loop
      vertex -21.9407 -2.80572 13.8655
      vertex -22.1124 -2.90178 13.8655
      vertex 6.4522 -10.2099 12.8884
    endloop
  endfacet
  facet normal -0.0115945 0.172781 0.984892
    outer loop
      vertex -22.7422 0.0279827 13.5997
      vertex -23.3972 -0.0159712 13.5997
      vertex -22.9634 -1.50198 13.8655
    endloop
  endfacet
  facet normal -0.091901 -0.110627 0.989604
    outer loop
      vertex -23.6847 -2.68867 13.8655
      vertex -25.5336 -3.53043 13.5997
      vertex -23.5438 -2.80572 13.8655
    endloop
  endfacet
  facet normal -0.212406 -0.166604 0.962874
    outer loop
      vertex -25.8438 -3.13495 13.5997
      vertex -27.779 -3.68112 13.0783
      vertex -25.5336 -3.53043 13.5997
    endloop
  endfacet
  facet normal 0.0343585 0.166243 0.985486
    outer loop
      vertex -21.4575 -0.146145 13.5997
      vertex -22.5211 -1.50198 13.8655
      vertex -22.3084 -1.54594 13.8655
    endloop
  endfacet
  facet normal -0.355607 0.158294 0.921133
    outer loop
      vertex -27.779 -0.837976 13.0783
      vertex -29.938 -1.28425 12.3215
      vertex -28.0892 -1.53484 13.0783
    endloop
  endfacet
  facet normal -0.37204 0.0537491 0.926659
    outer loop
      vertex -28.0892 -1.53484 13.0783
      vertex -29.938 -1.28425 12.3215
      vertex -28.1939 -2.25955 13.0783
    endloop
  endfacet
  facet normal -0.183133 -0.442494 0.877873
    outer loop
      vertex -25.771 -5.34825 13.0783
      vertex -26.8183 -6.41624 12.3215
      vertex -6.2327 -15.5557 12.0091
    endloop
  endfacet
  facet normal -0.111483 -0.306084 0.945455
    outer loop
      vertex -24.0269 -4.37295 13.5997
      vertex -25.771 -5.34825 13.0783
      vertex -24.8285 -5.69153 13.0783
    endloop
  endfacet
  facet normal -0.226654 -0.405323 0.885631
    outer loop
      vertex -26.5972 -4.88627 13.0783
      vertex -27.9301 -5.79453 12.3215
      vertex -26.8183 -6.41624 12.3215
    endloop
  endfacet
  facet normal -0.280242 -0.337517 0.898636
    outer loop
      vertex -26.5972 -4.88627 13.0783
      vertex -28.8425 -5.03696 12.3215
      vertex -27.9301 -5.79453 12.3215
    endloop
  endfacet
  facet normal -0.136253 -0.961196 0.239871
    outer loop
      vertex -6.75964 -19.3679 8.23372
      vertex -6.80115 -19.6682 7.0068
      vertex -5.72111 -19.8213 7.0068
    endloop
  endfacet
  facet normal -6.05172e-05 4.33728e-05 -1
    outer loop
      vertex -8.05973 8.02612 0.00702953
      vertex -22.3641 -0.454789 0.00752735
      vertex -8.02244 8.07815 0.00702953
    endloop
  endfacet
  facet normal -0.000139519 0.000176218 -1
    outer loop
      vertex -8.02244 8.07815 0.00702953
      vertex -22.3067 -0.406281 0.00752735
      vertex -7.96189 8.12609 0.00702953
    endloop
  endfacet
  facet normal -0.00107006 0.000205487 -0.999999
    outer loop
      vertex -22.5299 -0.916113 0.00752735
      vertex -24.6758 5.06725 0.0110531
      vertex -22.5016 -0.768742 0.00752735
    endloop
  endfacet
  facet normal -0.000936418 0.000255276 -1
    outer loop
      vertex -22.5016 -0.768742 0.00752735
      vertex -24.6758 5.06725 0.0110531
      vertex -24.6194 5.27414 0.0110531
    endloop
  endfacet
  facet normal -0.00060241 0.000374836 -1
    outer loop
      vertex -22.4171 -0.533561 0.00752735
      vertex -24.5433 5.45547 0.0110531
      vertex -24.4507 5.60429 0.0110531
    endloop
  endfacet
  facet normal -5.78983e-05 3.89556e-05 -1
    outer loop
      vertex -8.05973 8.02612 0.00702953
      vertex -22.4171 -0.533561 0.00752735
      vertex -22.3641 -0.454789 0.00752735
    endloop
  endfacet
  facet normal 1.99531e-05 1.45045e-05 -1
    outer loop
      vertex 17.9803 1.78596 0.00743294
      vertex -6.81165 8.07815 0.00702953
      vertex 17.9454 1.83397 0.00743294
    endloop
  endfacet
  facet normal -0.0730271 -0.00366509 -0.997323
    outer loop
      vertex -25.8866 3.91791 0.0988464
      vertex -25.9213 4.60931 0.0988464
      vertex -24.7106 4.37585 0.0110531
    endloop
  endfacet
  facet normal -0.0702284 0.0108804 -0.997472
    outer loop
      vertex -24.7106 4.84276 0.0110531
      vertex -25.8866 5.30071 0.0988464
      vertex -25.7836 5.96553 0.0988464
    endloop
  endfacet
  facet normal -0.43564 0.118949 -0.892227
    outer loop
      vertex -28.5647 8.22085 0.839279
      vertex -29.1921 8.72968 1.21345
      vertex -28.1192 9.85245 0.839279
    endloop
  endfacet
  facet normal -0.30903 0.0843791 -0.947302
    outer loop
      vertex -27.7661 7.57322 0.521072
      vertex -28.5647 8.22085 0.839279
      vertex -28.1192 9.85245 0.839279
    endloop
  endfacet
  facet normal 0.0637859 0.112707 -0.991579
    outer loop
      vertex 21.5671 7.04848 0.0197697
      vertex 21.4652 7.10615 0.0197697
      vertex 22.2094 8.06641 0.176789
    endloop
  endfacet
  facet normal 0.0858436 0.0987611 -0.991402
    outer loop
      vertex 21.6564 6.97086 0.0197697
      vertex 21.5671 7.04848 0.0197697
      vertex 22.2094 8.06641 0.176789
    endloop
  endfacet
  facet normal 0.173842 0.200032 -0.964244
    outer loop
      vertex 22.4739 7.83654 0.176789
      vertex 22.2094 8.06641 0.176789
      vertex 23.244 8.652 0.484796
    endloop
  endfacet
  facet normal 0.17383 0.200052 -0.964242
    outer loop
      vertex 23.244 8.652 0.484796
      vertex 22.2094 8.06641 0.176789
      vertex 22.8144 9.02529 0.484796
    endloop
  endfacet
  facet normal 0.21166 0.164029 -0.96348
    outer loop
      vertex 23.5965 8.19714 0.484796
      vertex 22.4739 7.83654 0.176789
      vertex 23.244 8.652 0.484796
    endloop
  endfacet
  facet normal 0.407059 0.31547 -0.857194
    outer loop
      vertex 24.4114 8.77376 0.931951
      vertex 23.937 9.38589 0.931951
      vertex 31.1669 1.36731 1.41419
    endloop
  endfacet
  facet normal 0.001656 0.0012038 -0.999998
    outer loop
      vertex 17.9803 1.78596 0.00743294
      vertex 17.9454 1.83397 0.00743294
      vertex 21.7297 6.87628 0.0197697
    endloop
  endfacet
  facet normal 0.00154286 0.000134791 -0.999999
    outer loop
      vertex 18.0276 1.60996 0.00743294
      vertex 18.0222 1.67177 0.00743294
      vertex 25.4395 -0.194269 0.0186253
    endloop
  endfacet
  facet normal 0.0332671 0.017788 -0.999288
    outer loop
      vertex 25.3701 0.00373745 0.0186253
      vertex 21.7297 6.87628 0.0197697
      vertex 25.422 -0.0933256 0.0186253
    endloop
  endfacet
  facet normal 0.026359 0.0919657 -0.995413
    outer loop
      vertex 9.04729 13.0046 0.022315
      vertex 8.86063 13.0581 0.022315
      vertex 9.79424 14.7089 0.199554
    endloop
  endfacet
  facet normal 0.00104891 0.0036596 -0.999993
    outer loop
      vertex 10.2623 9.12168 0.00937939
      vertex 8.86063 13.0581 0.022315
      vertex 9.04729 13.0046 0.022315
    endloop
  endfacet
  facet normal 0.000591786 -0.000982603 -0.999999
    outer loop
      vertex 25.0423 -5.79361 0.0186739
      vertex 17.8543 1.31729 0.00743294
      vertex 17.9029 1.34656 0.00743294
    endloop
  endfacet
  facet normal 0.0758052 -0.0774554 -0.99411
    outer loop
      vertex 25.3949 -7.35214 0.166993
      vertex 25.0423 -5.79361 0.0186739
      vertex 25.1235 -5.71414 0.0186739
    endloop
  endfacet
  facet normal 3.18718e-05 6.18094e-05 -1
    outer loop
      vertex -6.8722 8.12609 0.00702953
      vertex -6.95369 8.16811 0.00702953
      vertex 17.8543 1.90264 0.00743294
    endloop
  endfacet
  facet normal 0.0824823 0.0142995 -0.99649
    outer loop
      vertex 25.4395 -0.194269 0.0186253
      vertex 25.422 -0.0933256 0.0186253
      vertex 27.2267 -0.194269 0.166557
    endloop
  endfacet
  facet normal 1.59166e-05 -1.39077e-06 -1
    outer loop
      vertex 18.0222 1.54816 0.00743294
      vertex -6.76177 7.97202 0.00702953
      vertex 18.0276 1.60996 0.00743294
    endloop
  endfacet
  facet normal 0.000944501 -0.000628725 -0.999999
    outer loop
      vertex 25.1235 -5.71414 0.0186739
      vertex 17.9803 1.43396 0.00743294
      vertex 25.1947 -5.60718 0.0186739
    endloop
  endfacet
  facet normal 1.45003e-05 -6.85699e-06 -1
    outer loop
      vertex 17.9803 1.43396 0.00743294
      vertex -6.77436 7.91792 0.00702953
      vertex 18.0062 1.48873 0.00743294
    endloop
  endfacet
  facet normal 2.23848e-05 2.41461e-05 -1
    outer loop
      vertex 17.9454 1.83397 0.00743294
      vertex -6.81165 8.07815 0.00702953
      vertex 17.9029 1.87337 0.00743294
    endloop
  endfacet
  facet normal 6.17965e-05 0.000180283 -1
    outer loop
      vertex 17.8543 1.90264 0.00743294
      vertex -7.05299 8.2026 0.00702953
      vertex 17.8017 1.92067 0.00743294
    endloop
  endfacet
  facet normal 0.000114973 0.000390678 -1
    outer loop
      vertex 17.8017 1.92067 0.00743294
      vertex -7.05299 8.2026 0.00702953
      vertex 10.2623 9.12168 0.00937939
    endloop
  endfacet
  facet normal 2.3902e-05 3.01891e-05 -1
    outer loop
      vertex -6.81165 8.07815 0.00702953
      vertex -6.8722 8.12609 0.00702953
      vertex 17.9029 1.87337 0.00743294
    endloop
  endfacet
  facet normal 0 0 -1
    outer loop
      vertex -6.77436 7.91792 0.00702953
      vertex -6.77436 8.02612 0.00702953
      vertex -6.76177 7.97202 0.00702953
    endloop
  endfacet
  facet normal 0 0 -1
    outer loop
      vertex -6.81165 7.8659 0.00702953
      vertex -6.77436 8.02612 0.00702953
      vertex -6.77436 7.91792 0.00702953
    endloop
  endfacet
  facet normal 0 0 -1
    outer loop
      vertex -6.81165 7.8659 0.00702953
      vertex -6.81165 8.07815 0.00702953
      vertex -6.77436 8.02612 0.00702953
    endloop
  endfacet
  facet normal 0 0 -1
    outer loop
      vertex -6.8722 7.81796 0.00702953
      vertex -6.81165 8.07815 0.00702953
      vertex -6.81165 7.8659 0.00702953
    endloop
  endfacet
  facet normal 0 0 -1
    outer loop
      vertex -6.8722 7.81796 0.00702953
      vertex -6.8722 8.12609 0.00702953
      vertex -6.81165 8.07815 0.00702953
    endloop
  endfacet
  facet normal 0 0 -1
    outer loop
      vertex -6.95369 7.77593 0.00702953
      vertex -6.8722 8.12609 0.00702953
      vertex -6.8722 7.81796 0.00702953
    endloop
  endfacet
  facet normal 0 0 -1
    outer loop
      vertex -6.95369 7.77593 0.00702953
      vertex -6.95369 8.16811 0.00702953
      vertex -6.8722 8.12609 0.00702953
    endloop
  endfacet
  facet normal 0 0 -1
    outer loop
      vertex -7.05299 7.74144 0.00702953
      vertex -6.95369 8.16811 0.00702953
      vertex -6.95369 7.77593 0.00702953
    endloop
  endfacet
  facet normal 0 0 -1
    outer loop
      vertex -7.05299 7.74144 0.00702953
      vertex -7.05299 8.2026 0.00702953
      vertex -6.95369 8.16811 0.00702953
    endloop
  endfacet
  facet normal 0 0 -1
    outer loop
      vertex -7.16628 7.71582 0.00702953
      vertex -7.05299 8.2026 0.00702953
      vertex -7.05299 7.74144 0.00702953
    endloop
  endfacet
  facet normal 0 0 -1
    outer loop
      vertex -7.16628 7.71582 0.00702953
      vertex -7.16628 8.22823 0.00702953
      vertex -7.05299 8.2026 0.00702953
    endloop
  endfacet
  facet normal 0 0 -1
    outer loop
      vertex -7.2892 7.70004 0.00702953
      vertex -7.16628 8.22823 0.00702953
      vertex -7.16628 7.71582 0.00702953
    endloop
  endfacet
  facet normal 0 0 -1
    outer loop
      vertex -7.2892 7.70004 0.00702953
      vertex -7.2892 8.24401 0.00702953
      vertex -7.16628 8.22823 0.00702953
    endloop
  endfacet
  facet normal 0 0 -1
    outer loop
      vertex -7.41704 7.69471 0.00702953
      vertex -7.2892 8.24401 0.00702953
      vertex -7.2892 7.70004 0.00702953
    endloop
  endfacet
  facet normal 0 0 -1
    outer loop
      vertex -7.41704 7.69471 0.00702953
      vertex -7.41704 8.24934 0.00702953
      vertex -7.2892 8.24401 0.00702953
    endloop
  endfacet
  facet normal 0 0 -1
    outer loop
      vertex -7.54488 7.70004 0.00702953
      vertex -7.41704 8.24934 0.00702953
      vertex -7.41704 7.69471 0.00702953
    endloop
  endfacet
  facet normal 0 0 -1
    outer loop
      vertex -7.54488 7.70004 0.00702953
      vertex -7.54488 8.24401 0.00702953
      vertex -7.41704 8.24934 0.00702953
    endloop
  endfacet
  facet normal 0 0 -1
    outer loop
      vertex -7.66781 7.71582 0.00702953
      vertex -7.54488 8.24401 0.00702953
      vertex -7.54488 7.70004 0.00702953
    endloop
  endfacet
  facet normal 0 0 -1
    outer loop
      vertex -7.66781 7.71582 0.00702953
      vertex -7.66781 8.22823 0.00702953
      vertex -7.54488 8.24401 0.00702953
    endloop
  endfacet
  facet normal 0 0 -1
    outer loop
      vertex -7.7811 7.74144 0.00702953
      vertex -7.66781 8.22823 0.00702953
      vertex -7.66781 7.71582 0.00702953
    endloop
  endfacet
  facet normal 0 0 -1
    outer loop
      vertex -7.7811 7.74144 0.00702953
      vertex -7.7811 8.2026 0.00702953
      vertex -7.66781 8.22823 0.00702953
    endloop
  endfacet
  facet normal 0 0 -1
    outer loop
      vertex -7.88039 7.77593 0.00702953
      vertex -7.7811 8.2026 0.00702953
      vertex -7.7811 7.74144 0.00702953
    endloop
  endfacet
  facet normal 0 0 -1
    outer loop
      vertex -7.88039 7.77593 0.00702953
      vertex -7.88039 8.16811 0.00702953
      vertex -7.7811 8.2026 0.00702953
    endloop
  endfacet
  facet normal 0 0 -1
    outer loop
      vertex -7.96189 7.81796 0.00702953
      vertex -7.88039 8.16811 0.00702953
      vertex -7.88039 7.77593 0.00702953
    endloop
  endfacet
  facet normal 0 0 -1
    outer loop
      vertex -7.96189 7.81796 0.00702953
      vertex -7.96189 8.12609 0.00702953
      vertex -7.88039 8.16811 0.00702953
    endloop
  endfacet
  facet normal 0 0 -1
    outer loop
      vertex -8.02244 7.8659 0.00702953
      vertex -7.96189 8.12609 0.00702953
      vertex -7.96189 7.81796 0.00702953
    endloop
  endfacet
  facet normal 0 0 -1
    outer loop
      vertex -8.02244 7.8659 0.00702953
      vertex -8.02244 8.07815 0.00702953
      vertex -7.96189 8.12609 0.00702953
    endloop
  endfacet
  facet normal 0 0 -1
    outer loop
      vertex -8.05973 7.91792 0.00702953
      vertex -8.02244 8.07815 0.00702953
      vertex -8.02244 7.8659 0.00702953
    endloop
  endfacet
  facet normal 0 0 -1
    outer loop
      vertex -8.05973 7.91792 0.00702953
      vertex -8.05973 8.02612 0.00702953
      vertex -8.02244 8.07815 0.00702953
    endloop
  endfacet
  facet normal 0 -0 -1
    outer loop
      vertex -8.05973 8.02612 0.00702953
      vertex -8.05973 7.91792 0.00702953
      vertex -8.07232 7.97202 0.00702953
    endloop
  endfacet
  facet normal -0.000627711 -0.0053517 -0.999985
    outer loop
      vertex -17.1113 -9.19493 0.0145626
      vertex -17.9788 -9.85872 0.0186596
      vertex -17.2819 -9.17492 0.0145626
    endloop
  endfacet
  facet normal -0.000126993 -0.00108271 -0.999999
    outer loop
      vertex -17.2819 -9.17492 0.0145626
      vertex -22.2469 -2.09473 0.00752735
      vertex -17.1113 -9.19493 0.0145626
    endloop
  endfacet
  facet normal -0.00312975 -0.00382344 -0.999988
    outer loop
      vertex -18.0326 -9.84442 0.0186596
      vertex -18.0843 -9.8021 0.0186596
      vertex -17.7739 -8.98465 0.0145626
    endloop
  endfacet
  facet normal -0.00140369 -0.00193995 -0.999997
    outer loop
      vertex -17.7739 -8.98465 0.0145626
      vertex -22.3067 -2.07835 0.00752735
      vertex -17.6899 -9.04543 0.0145626
    endloop
  endfacet
  facet normal -0.00146086 -0.00460111 -0.999988
    outer loop
      vertex -17.4391 -9.14243 0.0145626
      vertex -18.0326 -9.84442 0.0186596
      vertex -17.5768 -9.09871 0.0145626
    endloop
  endfacet
  facet normal -0.00126662 -0.00476533 -0.999988
    outer loop
      vertex -17.9788 -9.85872 0.0186596
      vertex -18.0326 -9.84442 0.0186596
      vertex -17.4391 -9.14243 0.0145626
    endloop
  endfacet
  facet normal 0.0436856 -0.178985 -0.982881
    outer loop
      vertex 4.62123 -14.5325 0.536042
      vertex 4.44881 -12.7044 0.195477
      vertex 25.3033 -9.05561 0.457931
    endloop
  endfacet
  facet normal 0.0181689 -0.0873887 -0.996009
    outer loop
      vertex 4.26576 -10.7636 0.0218592
      vertex 4.17245 -12.7618 0.195477
      vertex 4.17245 -10.783 0.0218592
    endloop
  endfacet
  facet normal 0.000129961 -0.00110736 -0.999999
    outer loop
      vertex -16.5861 -9.17492 0.0145626
      vertex -16.7566 -9.19493 0.0145626
      vertex 17.8017 1.29926 0.00743294
    endloop
  endfacet
  facet normal 0.000211737 -0.00180416 -0.999998
    outer loop
      vertex 4.17245 -10.783 0.0218592
      vertex -16.7566 -9.19493 0.0145626
      vertex -16.5861 -9.17492 0.0145626
    endloop
  endfacet
  facet normal 0.000240436 -0.00133317 -0.999999
    outer loop
      vertex 24.8625 -5.85907 0.0186739
      vertex 17.8017 1.29926 0.00743294
      vertex 24.9541 -5.84255 0.0186739
    endloop
  endfacet
  facet normal 0.000481734 -0.00267112 -0.999996
    outer loop
      vertex 24.9541 -5.84255 0.0186739
      vertex 4.17245 -10.783 0.0218592
      vertex 24.8625 -5.85907 0.0186739
    endloop
  endfacet
  facet normal 0.381479 -0.171005 -0.908422
    outer loop
      vertex 27.0126 -8.93492 0.880307
      vertex 26.4601 -7.92367 0.457931
      vertex 27.3907 -8.09145 0.880307
    endloop
  endfacet
  facet normal 0.438437 -0.291861 -0.850053
    outer loop
      vertex 26.9209 -10.6384 1.41789
      vertex 26.5518 -9.62714 0.880307
      vertex 27.0126 -8.93492 0.880307
    endloop
  endfacet
  facet normal 0.169509 -0.0318396 -0.985014
    outer loop
      vertex 28.826 -0.679737 0.456737
      vertex 26.1479 -5.97375 0.166993
      vertex 27.1748 -0.493218 0.166557
    endloop
  endfacet
  facet normal 0.267597 -0.0464064 -0.962413
    outer loop
      vertex 30.312 -0.8476 0.878011
      vertex 28.826 -0.679737 0.456737
      vertex 30.4253 -0.194269 0.878011
    endloop
  endfacet
  facet normal 0.318402 -0.211955 -0.923956
    outer loop
      vertex 26.5518 -9.62714 0.880307
      vertex 26.4601 -7.92367 0.457931
      vertex 27.0126 -8.93492 0.880307
    endloop
  endfacet
  facet normal 0.318408 -0.211954 -0.923954
    outer loop
      vertex 26.5518 -9.62714 0.880307
      vertex 26.1177 -8.43804 0.457931
      vertex 26.4601 -7.92367 0.457931
    endloop
  endfacet
  facet normal 0.101823 -0.0677806 -0.992491
    outer loop
      vertex 25.6355 -7.11678 0.166993
      vertex 25.1235 -5.71414 0.0186739
      vertex 25.1947 -5.60718 0.0186739
    endloop
  endfacet
  facet normal 0.123871 -0.0555243 -0.990744
    outer loop
      vertex 25.8463 -6.80003 0.166993
      vertex 25.1947 -5.60718 0.0186739
      vertex 26.0193 -6.41408 0.166993
    endloop
  endfacet
  facet normal 0.16978 -0.0294753 -0.985041
    outer loop
      vertex 28.826 -0.679737 0.456737
      vertex 27.1748 -0.493218 0.166557
      vertex 27.2267 -0.194269 0.166557
    endloop
  endfacet
  facet normal 0.140882 -0.0244582 -0.989724
    outer loop
      vertex 27.1748 -0.493218 0.166557
      vertex 25.2965 -5.32818 0.0186739
      vertex 27.2267 -0.194269 0.166557
    endloop
  endfacet
  facet normal 0.169789 0.0294483 -0.98504
    outer loop
      vertex 28.9102 -0.194269 0.456737
      vertex 27.2267 -0.194269 0.166557
      vertex 28.826 0.291199 0.456737
    endloop
  endfacet
  facet normal 0.267599 0.0464126 -0.962412
    outer loop
      vertex 28.9102 -0.194269 0.456737
      vertex 28.826 0.291199 0.456737
      vertex 30.4253 -0.194269 0.878011
    endloop
  endfacet
  facet normal 0.891376 0.154577 -0.426092
    outer loop
      vertex 33.4235 -0.194269 2.74523
      vertex 33.2526 0.791236 2.74523
      vertex 33.779 -0.194269 3.48893
    endloop
  endfacet
  facet normal 0.703461 0.12199 -0.700187
    outer loop
      vertex 33.4235 -0.194269 2.74523
      vertex 32.7262 -0.194269 2.04467
      vertex 33.2526 0.791236 2.74523
    endloop
  endfacet
  facet normal 0.557923 -0.570219 -0.60297
    outer loop
      vertex 26.6177 -12.7561 2.75241
      vertex 26.4801 -12.148 2.05002
      vertex 27.4107 -11.9802 2.75241
    endloop
  endfacet
  facet normal 0.657386 -0.671874 -0.341218
    outer loop
      vertex 26.6879 -13.0661 3.49806
      vertex 26.6177 -12.7561 2.75241
      vertex 27.4107 -11.9802 2.75241
    endloop
  endfacet
  facet normal 0.449297 -0.809169 0.378651
    outer loop
      vertex 26.6879 -13.0661 4.25832
      vertex 25.7573 -13.2339 5.00396
      vertex 25.793 -13.563 4.25832
    endloop
  endfacet
  facet normal 0.485444 -0.874268 0
    outer loop
      vertex 25.793 -13.563 3.49806
      vertex 26.6879 -13.0661 4.25832
      vertex 25.793 -13.563 4.25832
    endloop
  endfacet
  facet normal 0.485444 -0.874268 0
    outer loop
      vertex 26.6879 -13.0661 4.25832
      vertex 25.793 -13.563 3.49806
      vertex 26.6879 -13.0661 3.49806
    endloop
  endfacet
  facet normal 0.167901 0.143899 0.975245
    outer loop
      vertex 12.6455 14.6486 8.72156
      vertex 8.20254 -6.73324 12.6414
      vertex 22.4739 7.83654 8.03461
    endloop
  endfacet
  facet normal 0.359809 0.210679 0.908929
    outer loop
      vertex 31.1669 1.36731 6.32194
      vertex 24.4114 8.77376 7.27945
      vertex 29.9764 1.08728 6.85812
    endloop
  endfacet
  facet normal 0.55032 0.645126 0.530057
    outer loop
      vertex 24.4365 11.5959 5.29752
      vertex 15.5358 18.6281 5.97968
      vertex 24.1858 11.1988 6.04111
    endloop
  endfacet
  facet normal 0.487007 0.572481 0.659613
    outer loop
      vertex 15.5358 18.6281 5.97968
      vertex 14.9973 18.1191 6.81903
      vertex 24.1858 11.1988 6.04111
    endloop
  endfacet
  facet normal 0.502874 -0.23074 0.832992
    outer loop
      vertex 31.5758 -0.990355 6.32194
      vertex 27.0126 -8.93492 6.87607
      vertex 32.5687 -1.10252 5.69146
    endloop
  endfacet
  facet normal 0.258764 0.115959 0.958955
    outer loop
      vertex 30.312 0.459061 6.85812
      vertex 23.8584 7.6782 7.7266
      vertex 28.826 0.291199 7.2794
    endloop
  endfacet
  facet normal 0.252149 0.0220461 0.967437
    outer loop
      vertex 28.9102 -0.194269 7.2794
      vertex 10.8849 -8.06478 12.1568
      vertex 10.9794 -9.14561 12.1568
    endloop
  endfacet
  facet normal 0.267602 0.0464132 0.962411
    outer loop
      vertex 30.4253 -0.194269 6.85812
      vertex 28.826 0.291199 7.2794
      vertex 28.9102 -0.194269 7.2794
    endloop
  endfacet
  facet normal 0.547983 0.447263 -0.706874
    outer loop
      vertex 32.1022 1.58732 2.04467
      vertex 24.5264 10.01 1.50107
      vertex 24.9894 10.5004 2.17029
    endloop
  endfacet
  facet normal 0.462238 0.531865 -0.709546
    outer loop
      vertex 24.5264 10.01 1.50107
      vertex 24.1858 11.1988 2.17029
      vertex 24.9894 10.5004 2.17029
    endloop
  endfacet
  facet normal 0.0404688 0.434583 -0.899722
    outer loop
      vertex 9.92293 18.1056 1.05196
      vertex 8.6665 18.2226 1.05196
      vertex 10.1975 19.41 1.69436
    endloop
  endfacet
  facet normal 0.0404511 0.434601 -0.899714
    outer loop
      vertex 10.1975 19.41 1.69436
      vertex 8.6665 18.2226 1.05196
      vertex 8.6665 19.5525 1.69436
    endloop
  endfacet
  facet normal -0.0857247 0.921274 -0.379349
    outer loop
      vertex 8.6665 21.3173 3.2891
      vertex 6.69552 21.5008 4.18014
      vertex 8.6665 21.6842 4.18014
    endloop
  endfacet
  facet normal 0.0857238 0.921274 -0.379349
    outer loop
      vertex 10.6375 21.5008 4.18014
      vertex 8.6665 21.3173 3.2891
      vertex 8.6665 21.6842 4.18014
    endloop
  endfacet
  facet normal 0.34124 0.675482 -0.653666
    outer loop
      vertex 13.6406 19.1714 2.44975
      vertex 12.3841 20.6184 3.2891
      vertex 14.0637 19.7699 3.2891
    endloop
  endfacet
  facet normal 0.341257 0.675488 -0.653651
    outer loop
      vertex 13.6406 19.1714 2.44975
      vertex 12.0927 19.9534 2.44975
      vertex 12.3841 20.6184 3.2891
    endloop
  endfacet
  facet normal 0.275619 0.961267 -0
    outer loop
      vertex 12.5327 20.9574 4.18014
      vertex 10.6375 21.5008 5.08864
      vertex 12.5327 20.9574 5.08864
    endloop
  endfacet
  facet normal 0.275619 0.961267 0
    outer loop
      vertex 10.6375 21.5008 5.08864
      vertex 12.5327 20.9574 4.18014
      vertex 10.6375 21.5008 4.18014
    endloop
  endfacet
  facet normal 0.108322 0.0514046 0.992786
    outer loop
      vertex 8.57921 -7.25022 12.6414
      vertex 7.00569 -8.70477 12.8884
      vertex 8.85911 -7.84004 12.6414
    endloop
  endfacet
  facet normal 0.211662 0.164031 0.96348
    outer loop
      vertex 23.244 8.652 7.7266
      vertex 22.4739 7.83654 8.03461
      vertex 23.5965 8.19714 7.7266
    endloop
  endfacet
  facet normal 0.128453 0.162455 0.978319
    outer loop
      vertex 4.09522 9.37136 10.7566
      vertex 5.17943 8.78447 10.7117
      vertex 5.17943 10.184 10.4793
    endloop
  endfacet
  facet normal 0.128469 0.162485 0.978312
    outer loop
      vertex 5.17943 8.78447 10.7117
      vertex 4.09522 9.37136 10.7566
      vertex 3.54391 7.22547 11.1854
    endloop
  endfacet
  facet normal 0.128547 0.162413 0.978314
    outer loop
      vertex 12.0504 15.3339 8.72156
      vertex 5.67519 10.5556 10.3525
      vertex 7.03748 10.5556 10.1735
    endloop
  endfacet
  facet normal 0.355023 0.457712 0.815143
    outer loop
      vertex 13.6406 19.1714 6.81903
      vertex 13.0263 18.3026 7.57442
      vertex 14.2155 17.3802 7.57442
    endloop
  endfacet
  facet normal 0.194953 0.385953 0.901684
    outer loop
      vertex 11.6696 18.988 7.57442
      vertex 11.1311 17.7592 8.21682
      vertex 12.2445 17.1968 8.21682
    endloop
  endfacet
  facet normal 0.119899 0.418182 0.900416
    outer loop
      vertex 11.6696 18.988 7.57442
      vertex 9.92293 18.1056 8.21682
      vertex 11.1311 17.7592 8.21682
    endloop
  endfacet
  facet normal 0.0728981 -0.213285 0.974267
    outer loop
      vertex 7.21991 -12.2975 12.6414
      vertex 6.65172 -12.4917 12.6414
      vertex 7.02039 -14.5793 12.1568
    endloop
  endfacet
  facet normal 0.0728831 -0.213284 0.974268
    outer loop
      vertex 7.21991 -12.2975 12.6414
      vertex 7.02039 -14.5793 12.1568
      vertex 7.94308 -14.264 12.1568
    endloop
  endfacet
  facet normal -0.0220714 -0.156531 0.987426
    outer loop
      vertex -5.72111 -12.6392 12.7319
      vertex -5.82749 -12.6242 12.7319
      vertex -5.72111 -14.1784 12.4879
    endloop
  endfacet
  facet normal -0.0222109 -0.15654 0.987422
    outer loop
      vertex -5.82749 -12.6242 12.7319
      vertex -6.03615 -14.1337 12.4879
      vertex -5.72111 -14.1784 12.4879
    endloop
  endfacet
  facet normal -0.0752909 0.134631 0.988031
    outer loop
      vertex -24.6074 -0.357535 13.5997
      vertex -25.1161 -0.642019 13.5997
      vertex -23.5438 -1.71338 13.8655
    endloop
  endfacet
  facet normal -0.150903 0.269876 0.950997
    outer loop
      vertex -25.771 0.829152 13.0783
      vertex -26.5972 0.367176 13.0783
      vertex -24.6074 -0.357535 13.5997
    endloop
  endfacet
  facet normal -0.118225 -0.324595 0.938435
    outer loop
      vertex -24.8285 -5.69153 13.0783
      vertex -25.771 -5.34825 13.0783
      vertex -6.2327 -15.5557 12.0091
    endloop
  endfacet
  facet normal -0.108829 -0.307622 0.945265
    outer loop
      vertex -24.0269 -4.37295 13.5997
      vertex -24.8285 -5.69153 13.0783
      vertex -6.2327 -15.5557 12.0091
    endloop
  endfacet
  facet normal -0.000447557 0.000427767 -1
    outer loop
      vertex -22.3641 -0.454789 0.00752735
      vertex -24.4507 5.60429 0.0110531
      vertex -24.345 5.71488 0.0110531
    endloop
  endfacet
  facet normal -0.000379867 0.000449501 -1
    outer loop
      vertex -22.3641 -0.454789 0.00752735
      vertex -24.345 5.71488 0.0110531
      vertex -22.3067 -0.406281 0.00752735
    endloop
  endfacet
  facet normal -0.150722 0.00756443 -0.988547
    outer loop
      vertex -25.9213 4.60931 0.0988464
      vertex -27.0508 4.60931 0.271059
      vertex -25.8866 5.30071 0.0988464
    endloop
  endfacet
  facet normal -0.150734 0.00758523 -0.988545
    outer loop
      vertex -25.8866 5.30071 0.0988464
      vertex -27.0508 4.60931 0.271059
      vertex -26.9943 5.73208 0.271059
    endloop
  endfacet
  facet normal -0.145039 -0.0224708 -0.989171
    outer loop
      vertex -25.7836 3.25309 0.0988464
      vertex -26.827 2.40692 0.271059
      vertex -25.8866 3.91791 0.0988464
    endloop
  endfacet
  facet normal -0.145033 -0.0224746 -0.989172
    outer loop
      vertex -26.827 2.40692 0.271059
      vertex -26.9943 3.48654 0.271059
      vertex -25.8866 3.91791 0.0988464
    endloop
  endfacet
  facet normal -0.333241 0.0516316 -0.941427
    outer loop
      vertex -27.9912 6.1203 0.521072
      vertex -28.839 6.45046 0.839279
      vertex -28.5647 8.22085 0.839279
    endloop
  endfacet
  facet normal -0.345406 0.0173721 -0.938292
    outer loop
      vertex -27.9912 6.1203 0.521072
      vertex -28.9316 4.60931 0.839279
      vertex -28.839 6.45046 0.839279
    endloop
  endfacet
  facet normal 0.162892 0.0869919 -0.982801
    outer loop
      vertex 28.826 0.291199 0.456737
      vertex 27.0213 0.392141 0.166557
      vertex 28.5767 0.758011 0.456737
    endloop
  endfacet
  facet normal 0.160143 0.0981976 -0.982197
    outer loop
      vertex 27.0213 0.392141 0.166557
      vertex 22.691 7.55644 0.176789
      vertex 28.5767 0.758011 0.456737
    endloop
  endfacet
  facet normal 0.247343 0.169185 -0.954043
    outer loop
      vertex 28.5767 0.758011 0.456737
      vertex 23.5965 8.19714 0.484796
      vertex 29.9764 1.08728 0.878011
    endloop
  endfacet
  facet normal 0.220655 0.151354 -0.963537
    outer loop
      vertex 28.5767 0.758011 0.456737
      vertex 22.691 7.55644 0.176789
      vertex 23.5965 8.19714 0.484796
    endloop
  endfacet
  facet normal 0.00178243 0.00111067 -0.999998
    outer loop
      vertex 25.3701 0.00373745 0.0186253
      vertex 17.9803 1.78596 0.00743294
      vertex 21.7297 6.87628 0.0197697
    endloop
  endfacet
  facet normal 0.00173879 0.00092974 -0.999998
    outer loop
      vertex 25.422 -0.0933256 0.0186253
      vertex 17.9803 1.78596 0.00743294
      vertex 25.3701 0.00373745 0.0186253
    endloop
  endfacet
  facet normal 0.000910902 -0.000662302 -0.999999
    outer loop
      vertex 25.1235 -5.71414 0.0186739
      vertex 17.9454 1.38596 0.00743294
      vertex 17.9803 1.43396 0.00743294
    endloop
  endfacet
  facet normal 1.27071e-05 -1.37069e-05 -1
    outer loop
      vertex 17.9029 1.34656 0.00743294
      vertex -6.81165 7.8659 0.00702953
      vertex 17.9454 1.38596 0.00743294
    endloop
  endfacet
  facet normal 1.52164e-05 -4.09664e-06 -1
    outer loop
      vertex 18.0062 1.48873 0.00743294
      vertex -6.77436 7.91792 0.00702953
      vertex 18.0222 1.54816 0.00743294
    endloop
  endfacet
  facet normal 1.53511e-05 -3.57246e-06 -1
    outer loop
      vertex 18.0222 1.54816 0.00743294
      vertex -6.77436 7.91792 0.00702953
      vertex -6.76177 7.97202 0.00702953
    endloop
  endfacet
  facet normal 0.00149945 -4.3569e-05 -0.999999
    outer loop
      vertex 25.3323 -4.99907 0.0186739
      vertex 18.0276 1.60996 0.00743294
      vertex 25.4395 -0.194269 0.0186253
    endloop
  endfacet
  facet normal 1.66468e-05 1.45434e-06 -1
    outer loop
      vertex 18.0276 1.60996 0.00743294
      vertex -6.76177 7.97202 0.00702953
      vertex 18.0222 1.67177 0.00743294
    endloop
  endfacet
  facet normal 0.0901453 -0.00488927 -0.995917
    outer loop
      vertex 27.2267 -0.194269 0.166557
      vertex 25.3232 -5.16685 0.0186739
      vertex 25.3323 -4.99907 0.0186739
    endloop
  endfacet
  facet normal 0.135562 -0.0224354 -0.990515
    outer loop
      vertex 27.2267 -0.194269 0.166557
      vertex 25.2965 -5.32818 0.0186739
      vertex 25.3232 -5.16685 0.0186739
    endloop
  endfacet
  facet normal 0.250332 -0.112235 -0.961632
    outer loop
      vertex 26.4601 -7.92367 0.457931
      vertex 26.0193 -6.41408 0.166993
      vertex 26.7411 -7.29692 0.457931
    endloop
  endfacet
  facet normal 0.00077885 -0.000795805 -0.999999
    outer loop
      vertex 25.0423 -5.79361 0.0186739
      vertex 17.9454 1.38596 0.00743294
      vertex 25.1235 -5.71414 0.0186739
    endloop
  endfacet
  facet normal -0.00020441 -0.00536916 -0.999986
    outer loop
      vertex -5.72111 -12.6392 0.0307274
      vertex -17.1113 -9.19493 0.0145626
      vertex -16.934 -9.20168 0.0145626
    endloop
  endfacet
  facet normal -0.000320525 -0.00575314 -0.999983
    outer loop
      vertex -5.72111 -12.6392 0.0307274
      vertex -17.9788 -9.85872 0.0186596
      vertex -17.1113 -9.19493 0.0145626
    endloop
  endfacet
  facet normal -0.00200954 -0.00426574 -0.999989
    outer loop
      vertex -17.5768 -9.09871 0.0145626
      vertex -18.0326 -9.84442 0.0186596
      vertex -17.6899 -9.04543 0.0145626
    endloop
  endfacet
  facet normal -0.00069159 -0.00146807 -0.999999
    outer loop
      vertex -17.6899 -9.04543 0.0145626
      vertex -22.3067 -2.07835 0.00752735
      vertex -17.5768 -9.09871 0.0145626
    endloop
  endfacet
  facet normal 0.0205697 -0.0871573 -0.995982
    outer loop
      vertex 4.44881 -12.7044 0.195477
      vertex 4.26576 -10.7636 0.0218592
      vertex 25.1339 -7.49708 0.166993
    endloop
  endfacet
  facet normal 0.0436439 -0.178744 -0.982927
    outer loop
      vertex 25.3033 -9.05561 0.457931
      vertex 4.44881 -12.7044 0.195477
      vertex 25.1339 -7.49708 0.166993
    endloop
  endfacet
  facet normal 0.240468 -0.245769 -0.939027
    outer loop
      vertex 26.0261 -10.1415 0.880307
      vertex 25.7271 -8.82025 0.457931
      vertex 26.5518 -9.62714 0.880307
    endloop
  endfacet
  facet normal 0.3361 -0.34351 -0.876948
    outer loop
      vertex 26.9209 -10.6384 1.41789
      vertex 26.0261 -10.1415 0.880307
      vertex 26.5518 -9.62714 0.880307
    endloop
  endfacet
  facet normal 0.275466 -0.0901826 -0.957071
    outer loop
      vertex 26.7411 -7.29692 0.457931
      vertex 26.0193 -6.41408 0.166993
      vertex 30.312 -0.8476 0.878011
    endloop
  endfacet
  facet normal 0.206947 -0.137758 -0.968605
    outer loop
      vertex 26.1177 -8.43804 0.457931
      vertex 25.6355 -7.11678 0.166993
      vertex 26.4601 -7.92367 0.457931
    endloop
  endfacet
  facet normal 0.250364 -0.112224 -0.961625
    outer loop
      vertex 26.4601 -7.92367 0.457931
      vertex 25.8463 -6.80003 0.166993
      vertex 26.0193 -6.41408 0.166993
    endloop
  endfacet
  facet normal 0.141096 -0.0411862 -0.989139
    outer loop
      vertex 26.0193 -6.41408 0.166993
      vertex 25.2531 -5.47686 0.0186739
      vertex 25.2965 -5.32818 0.0186739
    endloop
  endfacet
  facet normal 0.440421 0.341297 0.830389
    outer loop
      vertex 24.5264 10.01 6.71033
      vertex 23.937 9.38589 7.27945
      vertex 25.1044 9.26413 6.71033
    endloop
  endfacet
  facet normal 0.38333 0.0664496 0.921218
    outer loop
      vertex 31.5758 0.601816 6.32194
      vertex 30.312 0.459061 6.85812
      vertex 31.7138 -0.194269 6.32194
    endloop
  endfacet
  facet normal 0.462238 0.531865 0.709546
    outer loop
      vertex 24.9894 10.5004 6.04111
      vertex 24.1858 11.1988 6.04111
      vertex 24.5264 10.01 6.71033
    endloop
  endfacet
  facet normal 0.461202 0.53259 0.709677
    outer loop
      vertex 24.1858 11.1988 6.04111
      vertex 14.9973 18.1191 6.81903
      vertex 23.822 10.6221 6.71033
    endloop
  endfacet
  facet normal 0.378973 0.434383 0.817123
    outer loop
      vertex 14.9973 18.1191 6.81903
      vertex 14.2155 17.3802 7.57442
      vertex 24.5264 10.01 6.71033
    endloop
  endfacet
  facet normal 0.365968 0.414288 0.833326
    outer loop
      vertex 24.5264 10.01 6.71033
      vertex 14.2155 17.3802 7.57442
      vertex 23.937 9.38589 7.27945
    endloop
  endfacet
  facet normal 0.134555 0.156163 0.978523
    outer loop
      vertex 3.54391 7.22547 11.1854
      vertex 5.17943 8.1704 10.8097
      vertex 5.17943 8.78447 10.7117
    endloop
  endfacet
  facet normal 0.134566 0.156145 0.978525
    outer loop
      vertex 5.17943 8.1704 10.8097
      vertex 3.54391 7.22547 11.1854
      vertex 3.94311 6.88144 11.1854
    endloop
  endfacet
  facet normal 0.134201 0.156541 0.978512
    outer loop
      vertex 12.0504 15.3339 8.72156
      vertex 7.03748 10.5556 10.1735
      vertex 7.24893 10.5556 10.1445
    endloop
  endfacet
  facet normal 0.134678 0.156065 0.978522
    outer loop
      vertex 12.0504 15.3339 8.72156
      vertex 7.24893 10.5556 10.1445
      vertex 7.24893 10.328 10.1808
    endloop
  endfacet
  facet normal 0.38333 -0.0664496 0.921218
    outer loop
      vertex 31.7138 -0.194269 6.32194
      vertex 30.312 -0.8476 6.85812
      vertex 31.5758 -0.990355 6.32194
    endloop
  endfacet
  facet normal 0.526441 -0.0912902 0.845297
    outer loop
      vertex 32.7262 -0.194269 5.69146
      vertex 31.5758 -0.990355 6.32194
      vertex 32.5687 -1.10252 5.69146
    endloop
  endfacet
  facet normal 0.703456 -0.121988 0.700192
    outer loop
      vertex 33.4235 -0.194269 4.99091
      vertex 32.7262 -0.194269 5.69146
      vertex 33.2526 -1.17978 4.99091
    endloop
  endfacet
  facet normal 0.209241 0.729802 0.650851
    outer loop
      vertex 12.3841 20.6184 5.97968
      vertex 10.5617 21.1409 5.97968
      vertex 12.0927 19.9534 6.81903
    endloop
  endfacet
  facet normal 0.209226 0.729793 0.650866
    outer loop
      vertex 10.5617 21.1409 5.97968
      vertex 10.4132 20.4349 6.81903
      vertex 12.0927 19.9534 6.81903
    endloop
  endfacet
  facet normal -0.104977 -0.0823844 0.991056
    outer loop
      vertex -23.7895 -2.55513 13.8655
      vertex -25.8438 -3.13495 13.5997
      vertex -23.6847 -2.68867 13.8655
    endloop
  endfacet
  facet normal -0.114041 -0.0507847 0.992177
    outer loop
      vertex -23.7895 -2.55513 13.8655
      vertex -26.0349 -2.70582 13.5997
      vertex -25.8438 -3.13495 13.5997
    endloop
  endfacet
  facet normal -0.104985 -0.0823466 0.991059
    outer loop
      vertex -23.6847 -2.68867 13.8655
      vertex -25.8438 -3.13495 13.5997
      vertex -25.5336 -3.53043 13.5997
    endloop
  endfacet
  facet normal 0.0115969 0.172781 0.984892
    outer loop
      vertex -22.7422 0.0279827 13.5997
      vertex -22.7422 -1.48714 13.8655
      vertex -22.5211 -1.50198 13.8655
    endloop
  endfacet
  facet normal -0.111465 0.306095 0.945453
    outer loop
      vertex -24.0269 -0.146145 13.5997
      vertex -24.8285 1.17243 13.0783
      vertex -24.6074 -0.357535 13.5997
    endloop
  endfacet
  facet normal -0.231552 0.103072 0.967347
    outer loop
      vertex -27.779 -0.837976 13.0783
      vertex -28.0892 -1.53484 13.0783
      vertex -26.0349 -1.81327 13.5997
    endloop
  endfacet
  facet normal -0.241416 0.0348777 0.969795
    outer loop
      vertex -28.0892 -1.53484 13.0783
      vertex -28.1939 -2.25955 13.0783
      vertex -26.0349 -1.81327 13.5997
    endloop
  endfacet
  facet normal 1.85018e-05 8.74927e-06 -1
    outer loop
      vertex 18.0062 1.73119 0.00743294
      vertex -6.77436 8.02612 0.00702953
      vertex 17.9803 1.78596 0.00743294
    endloop
  endfacet
  facet normal 0.00170797 0.000807676 -0.999998
    outer loop
      vertex 18.0062 1.73119 0.00743294
      vertex 17.9803 1.78596 0.00743294
      vertex 25.422 -0.0933256 0.0186253
    endloop
  endfacet
  facet normal 0.00142511 -0.000124525 -0.999999
    outer loop
      vertex 25.3232 -5.16685 0.0186739
      vertex 18.0222 1.54816 0.00743294
      vertex 18.0276 1.60996 0.00743294
    endloop
  endfacet
  facet normal 0.00133625 -0.000221148 -0.999999
    outer loop
      vertex 25.2965 -5.32818 0.0186739
      vertex 18.0222 1.54816 0.00743294
      vertex 25.3232 -5.16685 0.0186739
    endloop
  endfacet
  facet normal 0.0466979 -0.0841593 -0.995357
    outer loop
      vertex 25.3949 -7.35214 0.166993
      vertex 24.9541 -5.84255 0.0186739
      vertex 25.0423 -5.79361 0.0186739
    endloop
  endfacet
  facet normal 0.000561955 -0.00101276 -0.999999
    outer loop
      vertex 24.9541 -5.84255 0.0186739
      vertex 17.8543 1.31729 0.00743294
      vertex 25.0423 -5.79361 0.0186739
    endloop
  endfacet
  facet normal 0.206966 -0.137738 -0.968604
    outer loop
      vertex 26.4601 -7.92367 0.457931
      vertex 25.6355 -7.11678 0.166993
      vertex 25.8463 -6.80003 0.166993
    endloop
  endfacet
  facet normal 0.10184 -0.0677756 -0.992489
    outer loop
      vertex 25.6355 -7.11678 0.166993
      vertex 25.1947 -5.60718 0.0186739
      vertex 25.8463 -6.80003 0.166993
    endloop
  endfacet
  facet normal 0.00108416 -0.000485841 -0.999999
    outer loop
      vertex 25.1947 -5.60718 0.0186739
      vertex 18.0062 1.48873 0.00743294
      vertex 25.2531 -5.47686 0.0186739
    endloop
  endfacet
  facet normal 0.00121129 -0.000353577 -0.999999
    outer loop
      vertex 25.2531 -5.47686 0.0186739
      vertex 18.0062 1.48873 0.00743294
      vertex 25.2965 -5.32818 0.0186739
    endloop
  endfacet
  facet normal 0.262929 0.520448 0.812405
    outer loop
      vertex 13.6406 19.1714 6.81903
      vertex 11.6696 18.988 7.57442
      vertex 13.0263 18.3026 7.57442
    endloop
  endfacet
  facet normal 0.194986 0.38596 0.901673
    outer loop
      vertex 13.0263 18.3026 7.57442
      vertex 11.6696 18.988 7.57442
      vertex 12.2445 17.1968 8.21682
    endloop
  endfacet
  facet normal 0.462176 0.531868 0.709584
    outer loop
      vertex 24.1858 11.1988 6.04111
      vertex 23.822 10.6221 6.71033
      vertex 24.5264 10.01 6.71033
    endloop
  endfacet
  facet normal 0.42198 0.485612 0.765581
    outer loop
      vertex 23.822 10.6221 6.71033
      vertex 14.9973 18.1191 6.81903
      vertex 24.5264 10.01 6.71033
    endloop
  endfacet
  facet normal 0.286468 0.314974 0.904835
    outer loop
      vertex 14.2155 17.3802 7.57442
      vertex 13.2204 16.4398 8.21682
      vertex 23.937 9.38589 7.27945
    endloop
  endfacet
  facet normal 0.262888 0.338907 0.903345
    outer loop
      vertex 14.2155 17.3802 7.57442
      vertex 12.2445 17.1968 8.21682
      vertex 13.2204 16.4398 8.21682
    endloop
  endfacet
  facet normal 0.141988 0.14907 0.978579
    outer loop
      vertex 7.24893 0 11.7541
      vertex 12.0504 15.3339 8.72156
      vertex 7.24893 10.328 10.1808
    endloop
  endfacet
  facet normal 0.141998 0.149067 0.978578
    outer loop
      vertex 12.0504 15.3339 8.72156
      vertex 7.24893 0 11.7541
      vertex 8.20254 -6.73324 12.6414
    endloop
  endfacet
  facet normal 0.141918 0.149057 0.978591
    outer loop
      vertex 8.20254 -6.73324 12.6414
      vertex 7.24893 0 11.7541
      vertex 6.09601 0 11.9213
    endloop
  endfacet
  facet normal 0.141965 0.149065 0.978583
    outer loop
      vertex 5.17943 8.1704 10.8097
      vertex 3.94311 6.88144 11.1854
      vertex 5.17943 2.92973 11.608
    endloop
  endfacet
  facet normal 0.094972 0.0691997 0.993072
    outer loop
      vertex 8.57921 -7.25022 12.6414
      vertex 6.78399 -8.33105 12.8884
      vertex 6.91118 -8.50561 12.8884
    endloop
  endfacet
  facet normal 0.267601 0.0464071 0.962412
    outer loop
      vertex 30.312 0.459061 6.85812
      vertex 28.826 0.291199 7.2794
      vertex 30.4253 -0.194269 6.85812
    endloop
  endfacet
  facet normal 0.49545 0.264652 0.827338
    outer loop
      vertex 32.1022 1.58732 5.69146
      vertex 31.1669 1.36731 6.32194
      vertex 31.5758 0.601816 6.32194
    endloop
  endfacet
  facet normal 0.267873 -0.0116595 0.963384
    outer loop
      vertex 28.9102 -0.194269 7.2794
      vertex 10.9794 -9.14561 12.1568
      vertex 30.4253 -0.194269 6.85812
    endloop
  endfacet
  facet normal 0.273038 -0.0238734 0.961707
    outer loop
      vertex 10.9794 -9.14561 12.1568
      vertex 10.8849 -10.2264 12.1568
      vertex 30.4253 -0.194269 6.85812
    endloop
  endfacet
  facet normal 0.703456 0.121989 0.700192
    outer loop
      vertex 33.2526 0.791236 4.99091
      vertex 32.7262 -0.194269 5.69146
      vertex 33.4235 -0.194269 4.99091
    endloop
  endfacet
  facet normal 0.526441 0.0912906 0.845296
    outer loop
      vertex 32.5687 0.713978 5.69146
      vertex 31.5758 0.601816 6.32194
      vertex 32.7262 -0.194269 5.69146
    endloop
  endfacet
  facet normal -0.231533 -0.103106 0.967348
    outer loop
      vertex -26.0349 -2.70582 13.5997
      vertex -27.779 -3.68112 13.0783
      vertex -25.8438 -3.13495 13.5997
    endloop
  endfacet
  facet normal -0.0343729 0.166235 0.985487
    outer loop
      vertex -22.9634 -1.50198 13.8655
      vertex -24.0269 -0.146145 13.5997
      vertex -23.176 -1.54594 13.8655
    endloop
  endfacet
  facet normal -0.0752816 0.134639 0.988031
    outer loop
      vertex -23.372 -1.61732 13.8655
      vertex -24.6074 -0.357535 13.5997
      vertex -23.5438 -1.71338 13.8655
    endloop
  endfacet
  facet normal -0.150913 0.269854 0.951002
    outer loop
      vertex -24.6074 -0.357535 13.5997
      vertex -26.5972 0.367176 13.0783
      vertex -25.1161 -0.642019 13.5997
    endloop
  endfacet
  facet normal -0.185062 0.222895 0.957115
    outer loop
      vertex -26.5972 0.367176 13.0783
      vertex -27.2752 -0.195744 13.0783
      vertex -25.1161 -0.642019 13.5997
    endloop
  endfacet
  facet normal -0.241418 0.0348917 0.969794
    outer loop
      vertex -26.0349 -1.81327 13.5997
      vertex -28.1939 -2.25955 13.0783
      vertex -26.0994 -2.25955 13.5997
    endloop
  endfacet
  facet normal -0.104988 0.0823476 0.991058
    outer loop
      vertex -25.5336 -0.988664 13.5997
      vertex -25.8438 -1.38415 13.5997
      vertex -23.7895 -1.96396 13.8655
    endloop
  endfacet
  facet normal -0.212407 0.166601 0.962875
    outer loop
      vertex -25.5336 -0.988664 13.5997
      vertex -27.779 -0.837976 13.0783
      vertex -25.8438 -1.38415 13.5997
    endloop
  endfacet
  facet normal 1.74746e-05 4.70537e-06 -1
    outer loop
      vertex 18.0222 1.67177 0.00743294
      vertex -6.77436 8.02612 0.00702953
      vertex 18.0062 1.73119 0.00743294
    endloop
  endfacet
  facet normal 0.00161634 0.00043523 -0.999999
    outer loop
      vertex 18.0222 1.67177 0.00743294
      vertex 18.0062 1.73119 0.00743294
      vertex 25.422 -0.0933256 0.0186253
    endloop
  endfacet
  facet normal 0.185343 0.238952 0.953179
    outer loop
      vertex 13.2204 16.4398 8.21682
      vertex 11.3252 15.8964 8.72156
      vertex 12.0504 15.3339 8.72156
    endloop
  endfacet
  facet normal 0.127329 0.163921 0.978221
    outer loop
      vertex 5.17943 10.3499 10.4515
      vertex 4.09522 9.37136 10.7566
      vertex 5.17943 10.184 10.4793
    endloop
  endfacet
  facet normal 0.127269 0.16408 0.978203
    outer loop
      vertex 11.3252 15.8964 8.72156
      vertex 5.67519 10.5556 10.3525
      vertex 12.0504 15.3339 8.72156
    endloop
  endfacet
  facet normal 0.12711 0.164247 0.978195
    outer loop
      vertex 5.67519 10.5556 10.3525
      vertex 11.3252 15.8964 8.72156
      vertex 5.40738 10.5556 10.3873
    endloop
  endfacet
  facet normal 0.108323 0.051404 0.992786
    outer loop
      vertex 8.57921 -7.25022 12.6414
      vertex 6.91118 -8.50561 12.8884
      vertex 7.00569 -8.70477 12.8884
    endloop
  endfacet
  facet normal 0.224828 0.0878499 0.97043
    outer loop
      vertex 22.8523 7.23688 8.03461
      vertex 8.85911 -7.84004 12.6414
      vertex 28.826 0.291199 7.2794
    endloop
  endfacet
  facet normal 0.460725 0.312855 0.830575
    outer loop
      vertex 25.1044 9.26413 6.71033
      vertex 24.4114 8.77376 7.27945
      vertex 31.1669 1.36731 6.32194
    endloop
  endfacet
  facet normal 0.440419 0.341324 0.830379
    outer loop
      vertex 25.1044 9.26413 6.71033
      vertex 23.937 9.38589 7.27945
      vertex 24.4114 8.77376 7.27945
    endloop
  endfacet
  facet normal 0.354312 0.206528 0.912036
    outer loop
      vertex 24.4114 8.77376 7.27945
      vertex 23.5965 8.19714 7.7266
      vertex 29.9764 1.08728 6.85812
    endloop
  endfacet
  facet normal 0.323377 0.250605 0.912483
    outer loop
      vertex 23.937 9.38589 7.27945
      vertex 23.244 8.652 7.7266
      vertex 23.5965 8.19714 7.7266
    endloop
  endfacet
  facet normal 0.383341 0.0664787 0.921211
    outer loop
      vertex 31.7138 -0.194269 6.32194
      vertex 30.312 0.459061 6.85812
      vertex 30.4253 -0.194269 6.85812
    endloop
  endfacet
  facet normal 0.383341 -0.0664786 0.921211
    outer loop
      vertex 30.4253 -0.194269 6.85812
      vertex 30.312 -0.8476 6.85812
      vertex 31.7138 -0.194269 6.32194
    endloop
  endfacet
  facet normal 0.703457 0.121987 0.700191
    outer loop
      vertex 33.2526 0.791236 4.99091
      vertex 32.5687 0.713978 5.69146
      vertex 32.7262 -0.194269 5.69146
    endloop
  endfacet
  facet normal 0.651381 0.347938 0.674271
    outer loop
      vertex 33.2526 0.791236 4.99091
      vertex 32.1022 1.58732 5.69146
      vertex 32.5687 0.713978 5.69146
    endloop
  endfacet
  facet normal -0.114042 -0.0507677 0.992178
    outer loop
      vertex -23.854 -2.41024 13.8655
      vertex -26.0349 -2.70582 13.5997
      vertex -23.7895 -2.55513 13.8655
    endloop
  endfacet
  facet normal 0.170997 0.14849 0.974018
    outer loop
      vertex 22.4739 7.83654 8.03461
      vertex 12.0504 15.3339 8.72156
      vertex 12.6455 14.6486 8.72156
    endloop
  endfacet
  facet normal 0.166173 0.144301 0.975481
    outer loop
      vertex 12.0504 15.3339 8.72156
      vertex 8.20254 -6.73324 12.6414
      vertex 12.6455 14.6486 8.72156
    endloop
  endfacet
  facet normal 0.117511 0.031648 0.992567
    outer loop
      vertex 8.85911 -7.84004 12.6414
      vertex 7.00569 -8.70477 12.8884
      vertex 7.06389 -8.92087 12.8884
    endloop
  endfacet
  facet normal 0.117511 0.0316477 0.992567
    outer loop
      vertex 8.85911 -7.84004 12.6414
      vertex 7.06389 -8.92087 12.8884
      vertex 9.03147 -8.48003 12.6414
    endloop
  endfacet
  facet normal 0.211655 0.16405 0.963478
    outer loop
      vertex 23.5965 8.19714 7.7266
      vertex 22.4739 7.83654 8.03461
      vertex 22.691 7.55644 8.03461
    endloop
  endfacet
  facet normal 0.175697 0.136179 0.97498
    outer loop
      vertex 22.4739 7.83654 8.03461
      vertex 8.20254 -6.73324 12.6414
      vertex 22.691 7.55644 8.03461
    endloop
  endfacet
  facet normal 0.241309 0.121802 0.962774
    outer loop
      vertex 23.5965 8.19714 7.7266
      vertex 22.691 7.55644 8.03461
      vertex 22.8523 7.23688 8.03461
    endloop
  endfacet
  facet normal 0.29204 0.147387 0.944981
    outer loop
      vertex 30.312 0.459061 6.85812
      vertex 23.5965 8.19714 7.7266
      vertex 23.8584 7.6782 7.7266
    endloop
  endfacet
  facet normal 0.314309 0.167907 0.934354
    outer loop
      vertex 29.9764 1.08728 6.85812
      vertex 23.5965 8.19714 7.7266
      vertex 30.312 0.459061 6.85812
    endloop
  endfacet
  facet normal 0.364378 0.194654 0.91068
    outer loop
      vertex 31.5758 0.601816 6.32194
      vertex 29.9764 1.08728 6.85812
      vertex 30.312 0.459061 6.85812
    endloop
  endfacet
  facet normal -0.118673 -0.0171682 0.992785
    outer loop
      vertex -23.8758 -2.25955 13.8655
      vertex -26.0994 -2.25955 13.5997
      vertex -23.854 -2.41024 13.8655
    endloop
  endfacet
  facet normal -0.0918983 0.110633 0.989603
    outer loop
      vertex -23.5438 -1.71338 13.8655
      vertex -25.5336 -0.988664 13.5997
      vertex -23.6847 -1.83042 13.8655
    endloop
  endfacet
  facet normal 0.180348 0.131401 0.974786
    outer loop
      vertex 22.691 7.55644 8.03461
      vertex 8.20254 -6.73324 12.6414
      vertex 8.57921 -7.25022 12.6414
    endloop
  endfacet
  facet normal 0.0949734 0.0691973 0.993072
    outer loop
      vertex 8.20254 -6.73324 12.6414
      vertex 6.78399 -8.33105 12.8884
      vertex 8.57921 -7.25022 12.6414
    endloop
  endfacet
  facet normal 0.241322 0.121791 0.962772
    outer loop
      vertex 23.5965 8.19714 7.7266
      vertex 22.8523 7.23688 8.03461
      vertex 23.8584 7.6782 7.7266
    endloop
  endfacet
  facet normal 0.247375 0.108063 0.962875
    outer loop
      vertex 23.8584 7.6782 7.7266
      vertex 22.8523 7.23688 8.03461
      vertex 28.826 0.291199 7.2794
    endloop
  endfacet
  facet normal -0 0 1
    outer loop
      vertex 1.04262 10.5556 5.6
      vertex 3.11212 0 5.6
      vertex 3.11212 10.5556 5.6
    endloop
  endfacet
  facet normal 0 0 1
    outer loop
      vertex 3.11212 0 5.6
      vertex 1.04262 10.5556 5.6
      vertex 1.04262 0 5.6
    endloop
  endfacet
  facet normal -0 0 1
    outer loop
      vertex 5.17943 10.5556 5.6
      vertex 7.24893 0 5.6
      vertex 7.24893 10.5556 5.6
    endloop
  endfacet
  facet normal 0 0 1
    outer loop
      vertex 7.24893 0 5.6
      vertex 5.17943 10.5556 5.6
      vertex 5.17943 0 5.6
    endloop
  endfacet
  facet normal 0 0 1
    outer loop
      vertex -2.94125 4.7222 5.6
      vertex -3.74686 3.4861 5.6
      vertex -2.94125 3.51389 5.6
    endloop
  endfacet
  facet normal -0 0 1
    outer loop
      vertex -4.26076 4.68059 5.6
      vertex -3.74686 3.4861 5.6
      vertex -2.94125 4.7222 5.6
    endloop
  endfacet
  facet normal 0 0 1
    outer loop
      vertex -3.74686 3.4861 5.6
      vertex -4.26076 4.68059 5.6
      vertex -4.12241 3.46275 5.6
    endloop
  endfacet
  facet normal 0 0 1
    outer loop
      vertex -4.26076 4.68059 5.6
      vertex -4.44908 3.41498 5.6
      vertex -4.12241 3.46275 5.6
    endloop
  endfacet
  facet normal -0 0 1
    outer loop
      vertex -4.90463 4.63753 5.6
      vertex -4.44908 3.41498 5.6
      vertex -4.26076 4.68059 5.6
    endloop
  endfacet
  facet normal 0 0 1
    outer loop
      vertex -4.44908 3.41498 5.6
      vertex -4.90463 4.63753 5.6
      vertex -4.72685 3.34276 5.6
    endloop
  endfacet
  facet normal -0 0 1
    outer loop
      vertex -5.48073 4.55278 5.6
      vertex -4.72685 3.34276 5.6
      vertex -4.90463 4.63753 5.6
    endloop
  endfacet
  facet normal 0 0 1
    outer loop
      vertex -4.72685 3.34276 5.6
      vertex -5.48073 4.55278 5.6
      vertex -4.95575 3.24609 5.6
    endloop
  endfacet
  facet normal 0 0 1
    outer loop
      vertex -4.95575 3.24609 5.6
      vertex -5.48073 4.55278 5.6
      vertex -5.13576 3.125 5.6
    endloop
  endfacet
  facet normal -0 0 1
    outer loop
      vertex -5.98907 4.42639 5.6
      vertex -5.13576 3.125 5.6
      vertex -5.48073 4.55278 5.6
    endloop
  endfacet
  facet normal 0 0 1
    outer loop
      vertex -5.13576 3.125 5.6
      vertex -5.98907 4.42639 5.6
      vertex -5.27576 2.98334 5.6
    endloop
  endfacet
  facet normal -0 0 1
    outer loop
      vertex -6.42964 4.25832 5.6
      vertex -5.27576 2.98334 5.6
      vertex -5.98907 4.42639 5.6
    endloop
  endfacet
  facet normal 0 0 1
    outer loop
      vertex -5.27576 2.98334 5.6
      vertex -6.42964 4.25832 5.6
      vertex -5.38464 2.82501 5.6
    endloop
  endfacet
  facet normal -0 0 1
    outer loop
      vertex -6.80244 4.0486 5.6
      vertex -5.38464 2.82501 5.6
      vertex -6.42964 4.25832 5.6
    endloop
  endfacet
  facet normal -0 0 1
    outer loop
      vertex -7.10744 3.79276 5.6
      vertex -5.38464 2.82501 5.6
      vertex -6.80244 4.0486 5.6
    endloop
  endfacet
  facet normal 0 0 1
    outer loop
      vertex -5.38464 2.82501 5.6
      vertex -7.10744 3.79276 5.6
      vertex -5.46243 2.65001 5.6
    endloop
  endfacet
  facet normal 0 -0 1
    outer loop
      vertex -7.62299 1.80029 5.6
      vertex -5.52466 2.25 5.6
      vertex -7.64966 2.26389 5.6
    endloop
  endfacet
  facet normal 0 0 1
    outer loop
      vertex -5.52466 2.25 5.6
      vertex -6.05792 -0.0444489 5.6
      vertex -5.69403 -0.11528 5.6
    endloop
  endfacet
  facet normal -0 0 1
    outer loop
      vertex -7.34467 3.48637 5.6
      vertex -5.46243 2.65001 5.6
      vertex -7.10744 3.79276 5.6
    endloop
  endfacet
  facet normal 0 0 1
    outer loop
      vertex -5.52466 2.25 5.6
      vertex -6.39404 0.0735931 5.6
      vertex -6.05792 -0.0444489 5.6
    endloop
  endfacet
  facet normal -0 0 1
    outer loop
      vertex -7.5141 3.12943 5.6
      vertex -5.46243 2.65001 5.6
      vertex -7.34467 3.48637 5.6
    endloop
  endfacet
  facet normal 0 -0 1
    outer loop
      vertex -7.40964 1.02473 5.6
      vertex -5.52466 2.25 5.6
      vertex -7.54298 1.38724 5.6
    endloop
  endfacet
  facet normal 0 0 1
    outer loop
      vertex -5.46243 2.65001 5.6
      vertex -7.5141 3.12943 5.6
      vertex -5.50909 2.45834 5.6
    endloop
  endfacet
  facet normal 0 0 1
    outer loop
      vertex -5.52466 2.25 5.6
      vertex -6.70238 0.238892 5.6
      vertex -6.39404 0.0735931 5.6
    endloop
  endfacet
  facet normal -0 0 1
    outer loop
      vertex -7.61577 2.72194 5.6
      vertex -5.50909 2.45834 5.6
      vertex -7.5141 3.12943 5.6
    endloop
  endfacet
  facet normal 0 0 1
    outer loop
      vertex -5.52466 2.25 5.6
      vertex -6.98296 0.451385 5.6
      vertex -6.70238 0.238892 5.6
    endloop
  endfacet
  facet normal 0 0 1
    outer loop
      vertex -5.50909 2.45834 5.6
      vertex -7.61577 2.72194 5.6
      vertex -5.52466 2.25 5.6
    endloop
  endfacet
  facet normal 0 -0 1
    outer loop
      vertex -7.22296 0.712784 5.6
      vertex -5.52466 2.25 5.6
      vertex -7.40964 1.02473 5.6
    endloop
  endfacet
  facet normal 0 0 1
    outer loop
      vertex -5.52466 2.25 5.6
      vertex -7.61577 2.72194 5.6
      vertex -7.64966 2.26389 5.6
    endloop
  endfacet
  facet normal 0 0 1
    outer loop
      vertex -5.52466 2.25 5.6
      vertex -7.22296 0.712784 5.6
      vertex -6.98296 0.451385 5.6
    endloop
  endfacet
  facet normal 0 -0 1
    outer loop
      vertex -7.54298 1.38724 5.6
      vertex -5.52466 2.25 5.6
      vertex -7.62299 1.80029 5.6
    endloop
  endfacet
  facet normal 0 0 1
    outer loop
      vertex -0.885757 5.05559 5.6
      vertex -2.95375 5.28169 5.6
      vertex -2.94125 5.05559 5.6
    endloop
  endfacet
  facet normal 0 0 1
    outer loop
      vertex -2.46269 7.4986 5.6
      vertex -2.99126 5.48224 5.6
      vertex -2.95375 5.28169 5.6
    endloop
  endfacet
  facet normal 0 0 1
    outer loop
      vertex -2.46269 7.4986 5.6
      vertex -3.05376 5.65721 5.6
      vertex -2.99126 5.48224 5.6
    endloop
  endfacet
  facet normal 0 0 1
    outer loop
      vertex -2.46269 7.4986 5.6
      vertex -3.14125 5.80663 5.6
      vertex -3.05376 5.65721 5.6
    endloop
  endfacet
  facet normal 0 0 1
    outer loop
      vertex -2.46269 7.4986 5.6
      vertex -3.25375 5.9305 5.6
      vertex -3.14125 5.80663 5.6
    endloop
  endfacet
  facet normal 0 0 1
    outer loop
      vertex -2.46269 7.4986 5.6
      vertex -3.38847 6.0305 5.6
      vertex -3.25375 5.9305 5.6
    endloop
  endfacet
  facet normal 0 0 1
    outer loop
      vertex -3.54265 6.10829 5.6
      vertex -2.93076 7.63054 5.6
      vertex -3.45604 7.7097 5.6
    endloop
  endfacet
  facet normal 0 0 1
    outer loop
      vertex -2.93076 7.63054 5.6
      vertex -3.54265 6.10829 5.6
      vertex -3.38847 6.0305 5.6
    endloop
  endfacet
  facet normal 0 0 1
    outer loop
      vertex -3.45604 7.7097 5.6
      vertex -3.71626 6.16385 5.6
      vertex -3.54265 6.10829 5.6
    endloop
  endfacet
  facet normal 0 0 1
    outer loop
      vertex -3.45604 7.7097 5.6
      vertex -3.90933 6.19717 5.6
      vertex -3.71626 6.16385 5.6
    endloop
  endfacet
  facet normal 0 0 1
    outer loop
      vertex -4.03856 7.7361 5.6
      vertex -3.90933 6.19717 5.6
      vertex -3.45604 7.7097 5.6
    endloop
  endfacet
  facet normal 0 0 1
    outer loop
      vertex -4.03856 7.7361 5.6
      vertex -4.12186 6.2083 5.6
      vertex -3.90933 6.19717 5.6
    endloop
  endfacet
  facet normal -0 0 1
    outer loop
      vertex -4.35826 7.72887 5.6
      vertex -4.12186 6.2083 5.6
      vertex -4.03856 7.7361 5.6
    endloop
  endfacet
  facet normal 0 0 1
    outer loop
      vertex -4.12186 6.2083 5.6
      vertex -4.35826 7.72887 5.6
      vertex -4.34294 6.2019 5.6
    endloop
  endfacet
  facet normal -0 0 1
    outer loop
      vertex -4.67297 7.7072 5.6
      vertex -4.34294 6.2019 5.6
      vertex -4.35826 7.72887 5.6
    endloop
  endfacet
  facet normal 0 0 1
    outer loop
      vertex -4.34294 6.2019 5.6
      vertex -4.67297 7.7072 5.6
      vertex -4.56181 6.18274 5.6
    endloop
  endfacet
  facet normal -0 0 1
    outer loop
      vertex -4.98268 7.67108 5.6
      vertex -4.56181 6.18274 5.6
      vertex -4.67297 7.7072 5.6
    endloop
  endfacet
  facet normal 0 0 1
    outer loop
      vertex -4.56181 6.18274 5.6
      vertex -4.98268 7.67108 5.6
      vertex -4.77847 6.1508 5.6
    endloop
  endfacet
  facet normal -0 0 1
    outer loop
      vertex -5.28741 7.62051 5.6
      vertex -4.77847 6.1508 5.6
      vertex -4.98268 7.67108 5.6
    endloop
  endfacet
  facet normal 0 0 1
    outer loop
      vertex -4.77847 6.1508 5.6
      vertex -5.28741 7.62051 5.6
      vertex -4.99292 6.10608 5.6
    endloop
  endfacet
  facet normal -0 0 1
    outer loop
      vertex -5.58716 7.5555 5.6
      vertex -4.99292 6.10608 5.6
      vertex -5.28741 7.62051 5.6
    endloop
  endfacet
  facet normal 0 0 1
    outer loop
      vertex -4.99292 6.10608 5.6
      vertex -5.58716 7.5555 5.6
      vertex -5.20515 6.0486 5.6
    endloop
  endfacet
  facet normal -0 0 1
    outer loop
      vertex -5.87907 7.47774 5.6
      vertex -5.20515 6.0486 5.6
      vertex -5.58716 7.5555 5.6
    endloop
  endfacet
  facet normal 0 0 1
    outer loop
      vertex -5.20515 6.0486 5.6
      vertex -5.87907 7.47774 5.6
      vertex -5.41628 5.98166 5.6
    endloop
  endfacet
  facet normal 0 0 1
    outer loop
      vertex -5.41628 5.98166 5.6
      vertex -5.87907 7.47774 5.6
      vertex -5.6274 5.90862 5.6
    endloop
  endfacet
  facet normal -0 0 1
    outer loop
      vertex -6.16045 7.38887 5.6
      vertex -5.6274 5.90862 5.6
      vertex -5.87907 7.47774 5.6
    endloop
  endfacet
  facet normal 0 0 1
    outer loop
      vertex -5.6274 5.90862 5.6
      vertex -6.16045 7.38887 5.6
      vertex -5.83852 5.82945 5.6
    endloop
  endfacet
  facet normal -0 0 1
    outer loop
      vertex -6.43127 7.28889 5.6
      vertex -5.83852 5.82945 5.6
      vertex -6.16045 7.38887 5.6
    endloop
  endfacet
  facet normal 0 0 1
    outer loop
      vertex -5.83852 5.82945 5.6
      vertex -6.43127 7.28889 5.6
      vertex -6.04964 5.74417 5.6
    endloop
  endfacet
  facet normal -0 0 1
    outer loop
      vertex -6.69153 7.1778 5.6
      vertex -6.04964 5.74417 5.6
      vertex -6.43127 7.28889 5.6
    endloop
  endfacet
  facet normal 0 0 1
    outer loop
      vertex -6.04964 5.74417 5.6
      vertex -6.69153 7.1778 5.6
      vertex -6.26076 5.65279 5.6
    endloop
  endfacet
  facet normal 0 0 1
    outer loop
      vertex -6.26076 5.65279 5.6
      vertex -6.69153 7.1778 5.6
      vertex -6.94125 7.05559 5.6
    endloop
  endfacet
  facet normal -0 0 1
    outer loop
      vertex -2.95375 5.28169 5.6
      vertex -0.885757 5.05559 5.6
      vertex -0.918259 5.57198 5.6
    endloop
  endfacet
  facet normal 0 0 1
    outer loop
      vertex -2.95375 5.28169 5.6
      vertex -0.918259 5.57198 5.6
      vertex -1.01575 6.03224 5.6
    endloop
  endfacet
  facet normal 0 0 1
    outer loop
      vertex -2.95375 5.28169 5.6
      vertex -1.01575 6.03224 5.6
      vertex -1.17825 6.4364 5.6
    endloop
  endfacet
  facet normal 0 0 1
    outer loop
      vertex -2.95375 5.28169 5.6
      vertex -1.17825 6.4364 5.6
      vertex -1.40575 6.78445 5.6
    endloop
  endfacet
  facet normal 0 0 1
    outer loop
      vertex -2.95375 5.28169 5.6
      vertex -1.40575 6.78445 5.6
      vertex -1.69826 7.07639 5.6
    endloop
  endfacet
  facet normal 0 0 1
    outer loop
      vertex -2.95375 5.28169 5.6
      vertex -1.69826 7.07639 5.6
      vertex -2.05186 7.31389 5.6
    endloop
  endfacet
  facet normal 0 0 1
    outer loop
      vertex -0.885757 5.05559 5.6
      vertex -2.94125 4.7222 5.6
      vertex -2.94125 3.51389 5.6
    endloop
  endfacet
  facet normal 0 0 1
    outer loop
      vertex -2.95375 5.28169 5.6
      vertex -2.05186 7.31389 5.6
      vertex -2.46269 7.4986 5.6
    endloop
  endfacet
  facet normal 0 0 1
    outer loop
      vertex -2.95959 2.61307 5.6
      vertex -0.885757 5.05559 5.6
      vertex -2.94125 2.88889 5.6
    endloop
  endfacet
  facet normal 0 0 1
    outer loop
      vertex -0.885757 5.05559 5.6
      vertex -2.95959 2.61307 5.6
      vertex -0.885757 0 5.6
    endloop
  endfacet
  facet normal 0 0 1
    outer loop
      vertex -3.38847 6.0305 5.6
      vertex -2.46269 7.4986 5.6
      vertex -2.93076 7.63054 5.6
    endloop
  endfacet
  facet normal 0 0 1
    outer loop
      vertex -0.885757 5.05559 5.6
      vertex -2.94125 5.05559 5.6
      vertex -2.94125 4.7222 5.6
    endloop
  endfacet
  facet normal 0 0 1
    outer loop
      vertex -0.885757 5.05559 5.6
      vertex -2.94125 3.51389 5.6
      vertex -2.94125 2.88889 5.6
    endloop
  endfacet
  facet normal 0 0 1
    outer loop
      vertex -0.885757 0 5.6
      vertex -2.73296 1.02779 5.6
      vertex -2.33015 0 5.6
    endloop
  endfacet
  facet normal 0 0 1
    outer loop
      vertex -0.885757 0 5.6
      vertex -2.95959 2.61307 5.6
      vertex -2.73296 1.02779 5.6
    endloop
  endfacet
  facet normal -0 0 1
    outer loop
      vertex -3.0146 2.36334 5.6
      vertex -2.73296 1.02779 5.6
      vertex -2.95959 2.61307 5.6
    endloop
  endfacet
  facet normal -0 0 1
    outer loop
      vertex -3.10628 2.13972 5.6
      vertex -2.73296 1.02779 5.6
      vertex -3.0146 2.36334 5.6
    endloop
  endfacet
  facet normal -0 0 1
    outer loop
      vertex -3.23463 1.9422 5.6
      vertex -2.73296 1.02779 5.6
      vertex -3.10628 2.13972 5.6
    endloop
  endfacet
  facet normal 0 0 1
    outer loop
      vertex -2.73296 1.02779 5.6
      vertex -3.23463 1.9422 5.6
      vertex -2.78856 1.02779 5.6
    endloop
  endfacet
  facet normal -0 0 1
    outer loop
      vertex -3.39966 1.7708 5.6
      vertex -2.78856 1.02779 5.6
      vertex -3.23463 1.9422 5.6
    endloop
  endfacet
  facet normal -0 0 1
    outer loop
      vertex -3.59131 1.62831 5.6
      vertex -2.78856 1.02779 5.6
      vertex -3.39966 1.7708 5.6
    endloop
  endfacet
  facet normal 0 0 1
    outer loop
      vertex -2.78856 1.02779 5.6
      vertex -3.59131 1.62831 5.6
      vertex -2.98521 0.796692 5.6
    endloop
  endfacet
  facet normal -0 0 1
    outer loop
      vertex -3.79964 1.51749 5.6
      vertex -2.98521 0.796692 5.6
      vertex -3.59131 1.62831 5.6
    endloop
  endfacet
  facet normal 0 0 1
    outer loop
      vertex -2.98521 0.796692 5.6
      vertex -3.79964 1.51749 5.6
      vertex -3.18633 0.592239 5.6
    endloop
  endfacet
  facet normal 0 0 1
    outer loop
      vertex -3.18633 0.592239 5.6
      vertex -3.79964 1.51749 5.6
      vertex -3.39189 0.414459 5.6
    endloop
  endfacet
  facet normal -0 0 1
    outer loop
      vertex -4.02464 1.43832 5.6
      vertex -3.39189 0.414459 5.6
      vertex -3.79964 1.51749 5.6
    endloop
  endfacet
  facet normal 0 0 1
    outer loop
      vertex -3.39189 0.414459 5.6
      vertex -4.02464 1.43832 5.6
      vertex -3.6019 0.263351 5.6
    endloop
  endfacet
  facet normal -0 0 1
    outer loop
      vertex -4.26631 1.39082 5.6
      vertex -3.6019 0.263351 5.6
      vertex -4.02464 1.43832 5.6
    endloop
  endfacet
  facet normal 0 0 1
    outer loop
      vertex -3.6019 0.263351 5.6
      vertex -4.26631 1.39082 5.6
      vertex -3.81635 0.138885 5.6
    endloop
  endfacet
  facet normal 0 0 1
    outer loop
      vertex -3.81635 0.138885 5.6
      vertex -4.26631 1.39082 5.6
      vertex -4.0491 0.0388794 5.6
    endloop
  endfacet
  facet normal -0 0 1
    outer loop
      vertex -4.52466 1.375 5.6
      vertex -4.0491 0.0388794 5.6
      vertex -4.26631 1.39082 5.6
    endloop
  endfacet
  facet normal 0 0 1
    outer loop
      vertex -4.0491 0.0388794 5.6
      vertex -4.52466 1.375 5.6
      vertex -4.31409 -0.0388794 5.6
    endloop
  endfacet
  facet normal 0 0 1
    outer loop
      vertex -4.52466 1.375 5.6
      vertex -4.61128 -0.0944519 5.6
      vertex -4.31409 -0.0388794 5.6
    endloop
  endfacet
  facet normal 0 0 1
    outer loop
      vertex -4.69574 1.38304 5.6
      vertex -4.61128 -0.0944519 5.6
      vertex -4.52466 1.375 5.6
    endloop
  endfacet
  facet normal 0 0 1
    outer loop
      vertex -4.9407 -0.127777 5.6
      vertex -4.69574 1.38304 5.6
      vertex -4.85352 1.40721 5.6
    endloop
  endfacet
  facet normal 0 0 1
    outer loop
      vertex -4.69574 1.38304 5.6
      vertex -4.9407 -0.127777 5.6
      vertex -4.61128 -0.0944519 5.6
    endloop
  endfacet
  facet normal 0 0 1
    outer loop
      vertex -4.99796 1.44749 5.6
      vertex -4.9407 -0.127777 5.6
      vertex -4.85352 1.40721 5.6
    endloop
  endfacet
  facet normal 0 0 1
    outer loop
      vertex -5.30235 -0.138885 5.6
      vertex -4.99796 1.44749 5.6
      vertex -5.12907 1.50389 5.6
    endloop
  endfacet
  facet normal 0 0 1
    outer loop
      vertex -5.69403 -0.11528 5.6
      vertex -5.12907 1.50389 5.6
      vertex -5.24686 1.57639 5.6
    endloop
  endfacet
  facet normal 0 0 1
    outer loop
      vertex -4.99796 1.44749 5.6
      vertex -5.30235 -0.138885 5.6
      vertex -4.9407 -0.127777 5.6
    endloop
  endfacet
  facet normal 0 0 1
    outer loop
      vertex -5.69403 -0.11528 5.6
      vertex -5.24686 1.57639 5.6
      vertex -5.34686 1.66779 5.6
    endloop
  endfacet
  facet normal 0 0 1
    outer loop
      vertex -5.69403 -0.11528 5.6
      vertex -5.34686 1.66779 5.6
      vertex -5.42464 1.78084 5.6
    endloop
  endfacet
  facet normal 0 0 1
    outer loop
      vertex -5.69403 -0.11528 5.6
      vertex -5.42464 1.78084 5.6
      vertex -5.48021 1.91556 5.6
    endloop
  endfacet
  facet normal 0 0 1
    outer loop
      vertex -5.69403 -0.11528 5.6
      vertex -5.48021 1.91556 5.6
      vertex -5.51353 2.07195 5.6
    endloop
  endfacet
  facet normal 0 0 1
    outer loop
      vertex -5.12907 1.50389 5.6
      vertex -5.69403 -0.11528 5.6
      vertex -5.30235 -0.138885 5.6
    endloop
  endfacet
  facet normal 0 0 1
    outer loop
      vertex -5.69403 -0.11528 5.6
      vertex -5.51353 2.07195 5.6
      vertex -5.52466 2.25 5.6
    endloop
  endfacet
  facet normal 0 -1 0
    outer loop
      vertex 1.04262 10.5556 5.6
      vertex 2.66026 10.5556 10.541
      vertex 1.04262 10.5556 10.5362
    endloop
  endfacet
  facet normal 0 -1 0
    outer loop
      vertex 3.11212 10.5556 5.6
      vertex 2.66026 10.5556 10.541
      vertex 1.04262 10.5556 5.6
    endloop
  endfacet
  facet normal 0 -1 0
    outer loop
      vertex 2.66026 10.5556 10.541
      vertex 3.11212 10.5556 5.6
      vertex 3.11212 10.5556 10.5409
    endloop
  endfacet
  facet normal 1 0 0
    outer loop
      vertex 1.04262 9.20725 10.9377
      vertex 1.04262 10.5556 5.6
      vertex 1.04262 10.5556 10.5362
    endloop
  endfacet
  facet normal 1 0 0
    outer loop
      vertex 1.04262 9.18786 10.9425
      vertex 1.04262 10.5556 5.6
      vertex 1.04262 9.20725 10.9377
    endloop
  endfacet
  facet normal 1 0 0
    outer loop
      vertex 1.04262 8.81815 11.0188
      vertex 1.04262 10.5556 5.6
      vertex 1.04262 9.18786 10.9425
    endloop
  endfacet
  facet normal 1 0 0
    outer loop
      vertex 1.04262 8.7831 11.0254
      vertex 1.04262 10.5556 5.6
      vertex 1.04262 8.81815 11.0188
    endloop
  endfacet
  facet normal 1 0 0
    outer loop
      vertex 1.04262 6.79895 11.3887
      vertex 1.04262 10.5556 5.6
      vertex 1.04262 8.7831 11.0254
    endloop
  endfacet
  facet normal 1 0 0
    outer loop
      vertex 1.04262 6.70643 11.4035
      vertex 1.04262 10.5556 5.6
      vertex 1.04262 6.79895 11.3887
    endloop
  endfacet
  facet normal 1 0 0
    outer loop
      vertex 1.04262 6.6949 11.4052
      vertex 1.04262 10.5556 5.6
      vertex 1.04262 6.70643 11.4035
    endloop
  endfacet
  facet normal 1 0 0
    outer loop
      vertex 1.04262 0 5.6
      vertex 1.04262 6.6949 11.4052
      vertex 1.04262 0 12.2552
    endloop
  endfacet
  facet normal 1 0 0
    outer loop
      vertex 1.04262 6.6949 11.4052
      vertex 1.04262 0 5.6
      vertex 1.04262 10.5556 5.6
    endloop
  endfacet
  facet normal 0 1 0
    outer loop
      vertex 1.04262 0 5.6
      vertex 3.11212 0 12.1296
      vertex 3.11212 0 5.6
    endloop
  endfacet
  facet normal 0 1 0
    outer loop
      vertex 3.11212 0 12.1296
      vertex 1.04262 0 5.6
      vertex 1.04262 0 12.2552
    endloop
  endfacet
  facet normal -1 0 0
    outer loop
      vertex 3.11212 10.5556 5.6
      vertex 3.11212 10.3452 10.6035
      vertex 3.11212 10.5556 10.5409
    endloop
  endfacet
  facet normal -1 0 0
    outer loop
      vertex 3.11212 10.5556 5.6
      vertex 3.11212 10.2704 10.6241
      vertex 3.11212 10.3452 10.6035
    endloop
  endfacet
  facet normal -1 0 0
    outer loop
      vertex 3.11212 10.5556 5.6
      vertex 3.11212 9.7598 10.7566
      vertex 3.11212 10.2704 10.6241
    endloop
  endfacet
  facet normal -1 0 0
    outer loop
      vertex 3.11212 10.5556 5.6
      vertex 3.11212 9.60857 10.7879
      vertex 3.11212 9.7598 10.7566
    endloop
  endfacet
  facet normal -1 0 0
    outer loop
      vertex 3.11212 10.5556 5.6
      vertex 3.11212 9.6044 10.7886
      vertex 3.11212 9.60857 10.7879
    endloop
  endfacet
  facet normal -1 0 0
    outer loop
      vertex 3.11212 10.5556 5.6
      vertex 3.11212 7.4485 11.1833
      vertex 3.11212 9.6044 10.7886
    endloop
  endfacet
  facet normal -1 0 0
    outer loop
      vertex 3.11212 7.4328 11.1859
      vertex 3.11212 7.4485 11.1833
      vertex 3.11212 10.5556 5.6
    endloop
  endfacet
  facet normal -1 0 0
    outer loop
      vertex 3.11212 7.4485 11.1833
      vertex 3.11212 7.4328 11.1859
      vertex 3.11212 7.44003 11.1848
    endloop
  endfacet
  facet normal -1 0 0
    outer loop
      vertex 3.11212 7.44003 11.1848
      vertex 3.11212 7.4328 11.1859
      vertex 3.11212 7.43664 11.1854
    endloop
  endfacet
  facet normal -1 0 0
    outer loop
      vertex 3.11212 0 5.6
      vertex 3.11212 7.4328 11.1859
      vertex 3.11212 10.5556 5.6
    endloop
  endfacet
  facet normal -1 -0 0
    outer loop
      vertex 3.11212 7.4328 11.1859
      vertex 3.11212 0 5.6
      vertex 3.11212 0 12.1296
    endloop
  endfacet
  facet normal 0 -1 0
    outer loop
      vertex 5.17943 10.5556 5.6
      vertex 5.18727 10.5556 10.4095
      vertex 5.17943 10.5556 10.4103
    endloop
  endfacet
  facet normal 0 -1 -0
    outer loop
      vertex 5.18727 10.5556 10.4095
      vertex 5.17943 10.5556 5.6
      vertex 5.40738 10.5556 10.3873
    endloop
  endfacet
  facet normal 0 -1 -0
    outer loop
      vertex 5.40738 10.5556 10.3873
      vertex 5.17943 10.5556 5.6
      vertex 5.67519 10.5556 10.3525
    endloop
  endfacet
  facet normal 0 -1 -0
    outer loop
      vertex 5.67519 10.5556 10.3525
      vertex 5.17943 10.5556 5.6
      vertex 7.03748 10.5556 10.1735
    endloop
  endfacet
  facet normal 0 -1 0
    outer loop
      vertex 7.24893 10.5556 5.6
      vertex 7.03748 10.5556 10.1735
      vertex 5.17943 10.5556 5.6
    endloop
  endfacet
  facet normal 0 -1 0
    outer loop
      vertex 7.03748 10.5556 10.1735
      vertex 7.24893 10.5556 5.6
      vertex 7.24893 10.5556 10.1445
    endloop
  endfacet
  facet normal 1 0 0
    outer loop
      vertex 5.17943 10.5471 10.412
      vertex 5.17943 10.5556 5.6
      vertex 5.17943 10.5556 10.4103
    endloop
  endfacet
  facet normal 1 0 0
    outer loop
      vertex 5.17943 10.3499 10.4515
      vertex 5.17943 10.5556 5.6
      vertex 5.17943 10.5471 10.412
    endloop
  endfacet
  facet normal 1 0 0
    outer loop
      vertex 5.17943 10.184 10.4793
      vertex 5.17943 10.5556 5.6
      vertex 5.17943 10.3499 10.4515
    endloop
  endfacet
  facet normal 1 0 0
    outer loop
      vertex 5.17943 8.78447 10.7117
      vertex 5.17943 10.5556 5.6
      vertex 5.17943 10.184 10.4793
    endloop
  endfacet
  facet normal 1 0 0
    outer loop
      vertex 5.17943 8.1704 10.8097
      vertex 5.17943 10.5556 5.6
      vertex 5.17943 8.78447 10.7117
    endloop
  endfacet
  facet normal 1 0 0
    outer loop
      vertex 5.17943 0 5.6
      vertex 5.17943 8.1704 10.8097
      vertex 5.17943 2.92973 11.608
    endloop
  endfacet
  facet normal 1 0 0
    outer loop
      vertex 5.17943 0 5.6
      vertex 5.17943 2.92973 11.608
      vertex 5.17943 2.5905 11.6591
    endloop
  endfacet
  facet normal 1 0 0
    outer loop
      vertex 5.17943 0 5.6
      vertex 5.17943 2.5905 11.6591
      vertex 5.17943 1.95459 11.7524
    endloop
  endfacet
  facet normal 1 0 0
    outer loop
      vertex 5.17943 0 5.6
      vertex 5.17943 1.95459 11.7524
      vertex 5.17943 1.34402 11.8332
    endloop
  endfacet
  facet normal 1 0 0
    outer loop
      vertex 5.17943 0 5.6
      vertex 5.17943 1.34402 11.8332
      vertex 5.17943 0.675718 11.9184
    endloop
  endfacet
  facet normal 1 0 0
    outer loop
      vertex 5.17943 0 5.6
      vertex 5.17943 0.675718 11.9184
      vertex 5.17943 0 12.0042
    endloop
  endfacet
  facet normal 1 0 0
    outer loop
      vertex 5.17943 8.1704 10.8097
      vertex 5.17943 0 5.6
      vertex 5.17943 10.5556 5.6
    endloop
  endfacet
  facet normal 0 1 0
    outer loop
      vertex 5.17943 0 5.6
      vertex 5.38616 0 11.9917
      vertex 5.55317 0 11.9812
    endloop
  endfacet
  facet normal 0 1 0
    outer loop
      vertex 5.17943 0 5.6
      vertex 5.55317 0 11.9812
      vertex 5.78593 0 11.9627
    endloop
  endfacet
  facet normal 0 1 0
    outer loop
      vertex 5.17943 0 5.6
      vertex 5.78593 0 11.9627
      vertex 5.92581 0 11.945
    endloop
  endfacet
  facet normal 0 1 0
    outer loop
      vertex 5.17943 0 5.6
      vertex 5.92581 0 11.945
      vertex 6.09601 0 11.9213
    endloop
  endfacet
  facet normal 0 1 0
    outer loop
      vertex 5.17943 0 5.6
      vertex 6.09601 0 11.9213
      vertex 7.24893 0 11.7541
    endloop
  endfacet
  facet normal 0 1 0
    outer loop
      vertex 5.17943 0 5.6
      vertex 7.24893 0 11.7541
      vertex 7.24893 0 5.6
    endloop
  endfacet
  facet normal 0 1 0
    outer loop
      vertex 5.38616 0 11.9917
      vertex 5.17943 0 5.6
      vertex 5.17943 0 12.0042
    endloop
  endfacet
  facet normal -1 0 0
    outer loop
      vertex 7.24893 10.5556 5.6
      vertex 7.24893 10.328 10.1808
      vertex 7.24893 10.5556 10.1445
    endloop
  endfacet
  facet normal -1 0 0
    outer loop
      vertex 7.24893 0 5.6
      vertex 7.24893 10.328 10.1808
      vertex 7.24893 10.5556 5.6
    endloop
  endfacet
  facet normal -1 -0 0
    outer loop
      vertex 7.24893 10.328 10.1808
      vertex 7.24893 0 5.6
      vertex 7.24893 0 11.7541
    endloop
  endfacet
  facet normal -0.100649 0.994922 0
    outer loop
      vertex -4.9407 -0.127777 5.6
      vertex -4.61128 -0.0944519 12.6102
      vertex -4.61128 -0.0944519 5.6
    endloop
  endfacet
  facet normal -0.100649 0.994922 0
    outer loop
      vertex -4.61128 -0.0944519 12.6102
      vertex -4.9407 -0.127777 5.6
      vertex -4.9407 -0.127777 12.6345
    endloop
  endfacet
  facet normal -0.183807 0.982962 0
    outer loop
      vertex -4.61128 -0.0944519 5.6
      vertex -4.31409 -0.0388794 12.5851
      vertex -4.31409 -0.0388794 5.6
    endloop
  endfacet
  facet normal -0.183807 0.982962 0
    outer loop
      vertex -4.31409 -0.0388794 12.5851
      vertex -4.61128 -0.0944519 5.6
      vertex -4.61128 -0.0944519 12.6102
    endloop
  endfacet
  facet normal -0.281568 0.959541 0
    outer loop
      vertex -4.31409 -0.0388794 5.6
      vertex -4.0491 0.0388794 12.5592
      vertex -4.0491 0.0388794 5.6
    endloop
  endfacet
  facet normal -0.281568 0.959541 0
    outer loop
      vertex -4.0491 0.0388794 12.5592
      vertex -4.31409 -0.0388794 5.6
      vertex -4.31409 -0.0388794 12.5851
    endloop
  endfacet
  facet normal -0.394772 0.918779 0
    outer loop
      vertex -4.0491 0.0388794 5.6
      vertex -3.81635 0.138885 12.5324
      vertex -3.81635 0.138885 5.6
    endloop
  endfacet
  facet normal -0.394772 0.918779 0
    outer loop
      vertex -3.81635 0.138885 12.5324
      vertex -4.0491 0.0388794 5.6
      vertex -4.0491 0.0388794 12.5592
    endloop
  endfacet
  facet normal -0.501975 0.864882 0
    outer loop
      vertex -3.81635 0.138885 5.6
      vertex -3.6019 0.263351 12.5036
      vertex -3.6019 0.263351 5.6
    endloop
  endfacet
  facet normal -0.501975 0.864882 0
    outer loop
      vertex -3.6019 0.263351 12.5036
      vertex -3.81635 0.138885 5.6
      vertex -3.81635 0.138885 12.5324
    endloop
  endfacet
  facet normal -0.584052 0.811716 0
    outer loop
      vertex -3.6019 0.263351 5.6
      vertex -3.39189 0.414459 12.4716
      vertex -3.39189 0.414459 5.6
    endloop
  endfacet
  facet normal -0.584052 0.811716 0
    outer loop
      vertex -3.39189 0.414459 12.4716
      vertex -3.6019 0.263351 5.6
      vertex -3.6019 0.263351 12.5036
    endloop
  endfacet
  facet normal -0.654149 0.756366 0
    outer loop
      vertex -3.39189 0.414459 5.6
      vertex -3.18633 0.592239 12.4366
      vertex -3.18633 0.592239 5.6
    endloop
  endfacet
  facet normal -0.654149 0.756366 0
    outer loop
      vertex -3.18633 0.592239 12.4366
      vertex -3.39189 0.414459 5.6
      vertex -3.39189 0.414459 12.4716
    endloop
  endfacet
  facet normal -0.712894 0.701272 0
    outer loop
      vertex -3.18633 0.592239 5.6
      vertex -2.98521 0.796692 12.3984
      vertex -2.98521 0.796692 5.6
    endloop
  endfacet
  facet normal -0.712894 0.701272 0
    outer loop
      vertex -2.98521 0.796692 12.3984
      vertex -3.18633 0.592239 5.6
      vertex -3.18633 0.592239 12.4366
    endloop
  endfacet
  facet normal -0.761587 0.648063 0
    outer loop
      vertex -2.98521 0.796692 5.6
      vertex -2.78856 1.02779 12.3572
      vertex -2.78856 1.02779 5.6
    endloop
  endfacet
  facet normal -0.761587 0.648063 0
    outer loop
      vertex -2.78856 1.02779 12.3572
      vertex -2.98521 0.796692 5.6
      vertex -2.98521 0.796692 12.3984
    endloop
  endfacet
  facet normal 0 1 0
    outer loop
      vertex -2.78856 1.02779 5.6
      vertex -2.73296 1.02779 12.3538
      vertex -2.73296 1.02779 5.6
    endloop
  endfacet
  facet normal 0 1 0
    outer loop
      vertex -2.73296 1.02779 12.3538
      vertex -2.78856 1.02779 5.6
      vertex -2.78856 1.02779 12.3572
    endloop
  endfacet
  facet normal 0.931049 0.364895 -0
    outer loop
      vertex -2.33015 0 5.6
      vertex -2.73296 1.02779 12.3538
      vertex -2.33015 0 12.4598
    endloop
  endfacet
  facet normal 0.931049 0.364895 0
    outer loop
      vertex -2.73296 1.02779 12.3538
      vertex -2.33015 0 5.6
      vertex -2.73296 1.02779 5.6
    endloop
  endfacet
  facet normal 0 1 0
    outer loop
      vertex -2.33015 0 5.6
      vertex -0.885757 0 12.3722
      vertex -0.885757 0 5.6
    endloop
  endfacet
  facet normal 0 1 0
    outer loop
      vertex -0.885757 0 12.3722
      vertex -2.33015 0 5.6
      vertex -2.33015 0 12.4598
    endloop
  endfacet
  facet normal -1 0 0
    outer loop
      vertex -0.885757 0 5.6
      vertex -0.885757 5.05559 11.7303
      vertex -0.885757 5.05559 5.6
    endloop
  endfacet
  facet normal -1 -0 0
    outer loop
      vertex -0.885757 5.05559 11.7303
      vertex -0.885757 0 5.6
      vertex -0.885757 0 12.3722
    endloop
  endfacet
  facet normal -0.998025 -0.0628165 0
    outer loop
      vertex -0.885757 5.05559 5.6
      vertex -0.918259 5.57198 11.6667
      vertex -0.918259 5.57198 5.6
    endloop
  endfacet
  facet normal -0.998025 -0.0628165 0
    outer loop
      vertex -0.918259 5.57198 11.6667
      vertex -0.885757 5.05559 5.6
      vertex -0.885757 5.05559 11.7303
    endloop
  endfacet
  facet normal -0.978294 -0.20722 0
    outer loop
      vertex -0.918259 5.57198 5.6
      vertex -1.01575 6.03224 11.612
      vertex -1.01575 6.03224 5.6
    endloop
  endfacet
  facet normal -0.978268 -0.207342 9.82638e-06
    outer loop
      vertex -1.01575 6.03224 11.612
      vertex -0.918259 5.57198 5.6
      vertex -1.00525 5.9827 11.6194
    endloop
  endfacet
  facet normal -0.978369 -0.206869 -2.39398e-05
    outer loop
      vertex -1.00525 5.9827 11.6194
      vertex -0.918259 5.57198 5.6
      vertex -1.00074 5.96137 11.6223
    endloop
  endfacet
  facet normal -0.978294 -0.207223 0
    outer loop
      vertex -1.00074 5.96137 11.6223
      vertex -0.918259 5.57198 5.6
      vertex -0.918259 5.57198 11.6667
    endloop
  endfacet
  facet normal -0.927813 -0.373045 0
    outer loop
      vertex -1.01575 6.03224 5.6
      vertex -1.17825 6.4364 11.5478
      vertex -1.17825 6.4364 5.6
    endloop
  endfacet
  facet normal -0.927812 -0.373049 3.69484e-07
    outer loop
      vertex -1.17825 6.4364 11.5478
      vertex -1.01575 6.03224 5.6
      vertex -1.06273 6.14909 11.5955
    endloop
  endfacet
  facet normal -0.927818 -0.373033 0
    outer loop
      vertex -1.06273 6.14909 11.5955
      vertex -1.01575 6.03224 5.6
      vertex -1.01575 6.03224 11.612
    endloop
  endfacet
  facet normal -0.837048 -0.547129 0
    outer loop
      vertex -1.17825 6.4364 5.6
      vertex -1.40575 6.78445 11.4936
      vertex -1.40575 6.78445 5.6
    endloop
  endfacet
  facet normal -0.837048 -0.547129 0
    outer loop
      vertex -1.40575 6.78445 11.4936
      vertex -1.17825 6.4364 5.6
      vertex -1.17825 6.4364 11.5478
    endloop
  endfacet
  facet normal -0.706417 -0.707796 0
    outer loop
      vertex -1.40575 6.78445 5.6
      vertex -1.69826 7.07639 11.4523
      vertex -1.69826 7.07639 5.6
    endloop
  endfacet
  facet normal -0.706417 -0.707796 0
    outer loop
      vertex -1.69826 7.07639 11.4523
      vertex -1.40575 6.78445 5.6
      vertex -1.40575 6.78445 11.4936
    endloop
  endfacet
  facet normal -0.557568 -0.830131 0
    outer loop
      vertex -1.69826 7.07639 5.6
      vertex -2.05186 7.31389 11.4236
      vertex -2.05186 7.31389 5.6
    endloop
  endfacet
  facet normal -0.557568 -0.830131 0
    outer loop
      vertex -2.05186 7.31389 11.4236
      vertex -1.69826 7.07639 5.6
      vertex -1.69826 7.07639 11.4523
    endloop
  endfacet
  facet normal -0.410062 -0.912058 -9.15355e-07
    outer loop
      vertex -2.05186 7.31389 5.6
      vertex -2.33677 7.44198 11.4121
      vertex -2.43955 7.48819 11.4073
    endloop
  endfacet
  facet normal -0.410265 -0.911966 -1.72419e-05
    outer loop
      vertex -2.05186 7.31389 5.6
      vertex -2.43955 7.48819 11.4073
      vertex -2.46269 7.4986 11.4059
    endloop
  endfacet
  facet normal -0.410063 -0.912057 0
    outer loop
      vertex -2.05186 7.31389 5.6
      vertex -2.46269 7.4986 11.4059
      vertex -2.46269 7.4986 5.6
    endloop
  endfacet
  facet normal -0.410047 -0.912065 0
    outer loop
      vertex -2.33677 7.44198 11.4121
      vertex -2.05186 7.31389 5.6
      vertex -2.05186 7.31389 11.4236
    endloop
  endfacet
  facet normal -0.271192 -0.962525 0
    outer loop
      vertex -2.93076 7.63054 5.6
      vertex -2.8958 7.62069 11.3949
      vertex -2.93076 7.63054 11.3931
    endloop
  endfacet
  facet normal -0.271308 -0.962493 7.56852e-07
    outer loop
      vertex -2.8958 7.62069 11.3949
      vertex -2.93076 7.63054 5.6
      vertex -2.46269 7.4986 5.6
    endloop
  endfacet
  facet normal -0.271318 -0.96249 0
    outer loop
      vertex -2.8958 7.62069 11.3949
      vertex -2.46269 7.4986 5.6
      vertex -2.46269 7.4986 11.4059
    endloop
  endfacet
  facet normal -0.14902 -0.988834 -1.99082e-07
    outer loop
      vertex -2.93076 7.63054 5.6
      vertex -3.01139 7.64269 11.3914
      vertex -3.45604 7.7097 11.3701
    endloop
  endfacet
  facet normal -0.149018 -0.988834 0
    outer loop
      vertex -2.93076 7.63054 5.6
      vertex -3.45604 7.7097 11.3701
      vertex -3.45604 7.7097 5.6
    endloop
  endfacet
  facet normal -0.149006 -0.988836 0
    outer loop
      vertex -3.01139 7.64269 11.3914
      vertex -2.93076 7.63054 5.6
      vertex -2.93076 7.63054 11.3931
    endloop
  endfacet
  facet normal -0.0452739 -0.998975 0
    outer loop
      vertex -3.45604 7.7097 5.6
      vertex -4.03856 7.7361 11.3605
      vertex -4.03856 7.7361 5.6
    endloop
  endfacet
  facet normal -0.0452739 -0.998975 0
    outer loop
      vertex -4.03856 7.7361 11.3605
      vertex -3.45604 7.7097 5.6
      vertex -3.45604 7.7097 11.3701
    endloop
  endfacet
  facet normal 0.0226092 -0.999744 0
    outer loop
      vertex -4.35826 7.72887 5.6
      vertex -4.03856 7.7361 11.3605
      vertex -4.35826 7.72887 11.3617
    endloop
  endfacet
  facet normal 0.0226092 -0.999744 0
    outer loop
      vertex -4.03856 7.7361 11.3605
      vertex -4.35826 7.72887 5.6
      vertex -4.03856 7.7361 5.6
    endloop
  endfacet
  facet normal 0.0686944 -0.997638 0
    outer loop
      vertex -4.67297 7.7072 5.6
      vertex -4.35826 7.72887 11.3617
      vertex -4.67297 7.7072 11.3672
    endloop
  endfacet
  facet normal 0.0686944 -0.997638 0
    outer loop
      vertex -4.35826 7.72887 11.3617
      vertex -4.67297 7.7072 5.6
      vertex -4.35826 7.72887 5.6
    endloop
  endfacet
  facet normal 0.11584 -0.993268 0
    outer loop
      vertex -4.98268 7.67108 5.6
      vertex -4.67297 7.7072 11.3672
      vertex -4.98268 7.67108 11.377
    endloop
  endfacet
  facet normal 0.11584 -0.993268 0
    outer loop
      vertex -4.67297 7.7072 11.3672
      vertex -4.98268 7.67108 5.6
      vertex -4.67297 7.7072 5.6
    endloop
  endfacet
  facet normal 0.163711 -0.986508 0
    outer loop
      vertex -5.28741 7.62051 5.6
      vertex -4.98268 7.67108 11.377
      vertex -5.28741 7.62051 11.3912
    endloop
  endfacet
  facet normal 0.163711 -0.986508 0
    outer loop
      vertex -4.98268 7.67108 11.377
      vertex -5.28741 7.62051 5.6
      vertex -4.98268 7.67108 5.6
    endloop
  endfacet
  facet normal 0.211953 -0.97728 0
    outer loop
      vertex -5.58716 7.5555 5.6
      vertex -5.28741 7.62051 11.3912
      vertex -5.58716 7.5555 11.4096
    endloop
  endfacet
  facet normal 0.211953 -0.97728 0
    outer loop
      vertex -5.28741 7.62051 11.3912
      vertex -5.58716 7.5555 5.6
      vertex -5.28741 7.62051 5.6
    endloop
  endfacet
  facet normal 0.257407 -0.966303 0
    outer loop
      vertex -5.87907 7.47774 5.6
      vertex -5.58716 7.5555 11.4096
      vertex -5.87907 7.47774 11.4319
    endloop
  endfacet
  facet normal 0.257407 -0.966303 0
    outer loop
      vertex -5.58716 7.5555 11.4096
      vertex -5.87907 7.47774 5.6
      vertex -5.58716 7.5555 5.6
    endloop
  endfacet
  facet normal 0.301172 -0.95357 0
    outer loop
      vertex -6.16045 7.38887 5.6
      vertex -5.87907 7.47774 11.4319
      vertex -6.16045 7.38887 11.4575
    endloop
  endfacet
  facet normal 0.301172 -0.95357 0
    outer loop
      vertex -5.87907 7.47774 11.4319
      vertex -6.16045 7.38887 5.6
      vertex -5.87907 7.47774 5.6
    endloop
  endfacet
  facet normal 0.346328 -0.938113 0
    outer loop
      vertex -6.43127 7.28889 5.6
      vertex -6.16045 7.38887 11.4575
      vertex -6.43127 7.28889 11.4865
    endloop
  endfacet
  facet normal 0.346328 -0.938113 0
    outer loop
      vertex -6.16045 7.38887 11.4575
      vertex -6.43127 7.28889 5.6
      vertex -6.16045 7.38887 5.6
    endloop
  endfacet
  facet normal 0.392575 -0.91972 0
    outer loop
      vertex -6.69153 7.1778 5.6
      vertex -6.43127 7.28889 11.4865
      vertex -6.69153 7.1778 11.5188
    endloop
  endfacet
  facet normal 0.392575 -0.91972 0
    outer loop
      vertex -6.43127 7.28889 11.4865
      vertex -6.69153 7.1778 5.6
      vertex -6.43127 7.28889 5.6
    endloop
  endfacet
  facet normal 0.439572 -0.898207 0
    outer loop
      vertex -6.94125 7.05559 5.6
      vertex -6.69153 7.1778 11.5188
      vertex -6.94125 7.05559 11.5544
    endloop
  endfacet
  facet normal 0.439572 -0.898207 0
    outer loop
      vertex -6.69153 7.1778 11.5188
      vertex -6.94125 7.05559 5.6
      vertex -6.69153 7.1778 5.6
    endloop
  endfacet
  facet normal 0.899729 0.436449 1.04332e-06
    outer loop
      vertex -6.26076 5.65279 5.6
      vertex -6.94125 7.05559 11.5544
      vertex -6.56144 6.27262 11.7887
    endloop
  endfacet
  facet normal 0.899704 0.436501 -5.42518e-06
    outer loop
      vertex -6.26076 5.65279 5.6
      vertex -6.56144 6.27262 11.7887
      vertex -6.51648 6.17995 11.8109
    endloop
  endfacet
  facet normal 0.899727 0.436452 -2.9329e-07
    outer loop
      vertex -6.26076 5.65279 5.6
      vertex -6.51648 6.17995 11.8109
      vertex -6.41462 5.96997 11.8509
    endloop
  endfacet
  facet normal 0.899731 0.436444 1.89603e-07
    outer loop
      vertex -6.26076 5.65279 5.6
      vertex -6.41462 5.96997 11.8509
      vertex -6.35511 5.84729 11.8718
    endloop
  endfacet
  facet normal 0.899729 0.436449 -0
    outer loop
      vertex -6.26076 5.65279 5.6
      vertex -6.35511 5.84729 11.8718
      vertex -6.26076 5.65279 11.9035
    endloop
  endfacet
  facet normal 0.899727 0.436452 0
    outer loop
      vertex -6.94125 7.05559 11.5544
      vertex -6.26076 5.65279 5.6
      vertex -6.94125 7.05559 5.6
    endloop
  endfacet
  facet normal -0.397222 0.917723 0
    outer loop
      vertex -6.26076 5.65279 5.6
      vertex -6.04964 5.74417 11.8779
      vertex -6.04964 5.74417 5.6
    endloop
  endfacet
  facet normal -0.397222 0.917723 0
    outer loop
      vertex -6.04964 5.74417 11.8779
      vertex -6.26076 5.65279 5.6
      vertex -6.26076 5.65279 11.9035
    endloop
  endfacet
  facet normal -0.374539 0.927211 0
    outer loop
      vertex -6.04964 5.74417 5.6
      vertex -5.83852 5.82945 11.8535
      vertex -5.83852 5.82945 5.6
    endloop
  endfacet
  facet normal -0.374539 0.927211 0
    outer loop
      vertex -5.83852 5.82945 11.8535
      vertex -6.04964 5.74417 5.6
      vertex -6.04964 5.74417 11.8779
    endloop
  endfacet
  facet normal -0.351123 0.936329 0
    outer loop
      vertex -5.83852 5.82945 5.6
      vertex -5.6274 5.90862 11.8302
      vertex -5.6274 5.90862 5.6
    endloop
  endfacet
  facet normal -0.351123 0.936329 0
    outer loop
      vertex -5.6274 5.90862 11.8302
      vertex -5.83852 5.82945 5.6
      vertex -5.83852 5.82945 11.8535
    endloop
  endfacet
  facet normal -0.326951 0.945041 0
    outer loop
      vertex -5.6274 5.90862 5.6
      vertex -5.41628 5.98166 11.808
      vertex -5.41628 5.98166 5.6
    endloop
  endfacet
  facet normal -0.326951 0.945041 0
    outer loop
      vertex -5.41628 5.98166 11.808
      vertex -5.6274 5.90862 5.6
      vertex -5.6274 5.90862 11.8302
    endloop
  endfacet
  facet normal -0.302229 0.953235 0
    outer loop
      vertex -5.41628 5.98166 5.6
      vertex -5.20515 6.0486 11.7869
      vertex -5.20515 6.0486 5.6
    endloop
  endfacet
  facet normal -0.302229 0.953235 0
    outer loop
      vertex -5.20515 6.0486 11.7869
      vertex -5.41628 5.98166 5.6
      vertex -5.41628 5.98166 11.808
    endloop
  endfacet
  facet normal -0.26142 0.965225 0
    outer loop
      vertex -5.20515 6.0486 5.6
      vertex -4.99292 6.10608 11.7675
      vertex -4.99292 6.10608 5.6
    endloop
  endfacet
  facet normal -0.26142 0.965225 0
    outer loop
      vertex -4.99292 6.10608 11.7675
      vertex -5.20515 6.0486 5.6
      vertex -5.20515 6.0486 11.7869
    endloop
  endfacet
  facet normal -0.204142 0.978941 0
    outer loop
      vertex -4.99292 6.10608 5.6
      vertex -4.77847 6.1508 11.7504
      vertex -4.77847 6.1508 5.6
    endloop
  endfacet
  facet normal -0.204142 0.978941 0
    outer loop
      vertex -4.77847 6.1508 11.7504
      vertex -4.99292 6.10608 5.6
      vertex -4.99292 6.10608 11.7675
    endloop
  endfacet
  facet normal -0.145844 0.989308 0
    outer loop
      vertex -4.77847 6.1508 5.6
      vertex -4.56181 6.18274 11.7355
      vertex -4.56181 6.18274 5.6
    endloop
  endfacet
  facet normal -0.145844 0.989308 0
    outer loop
      vertex -4.56181 6.18274 11.7355
      vertex -4.77847 6.1508 5.6
      vertex -4.77847 6.1508 11.7504
    endloop
  endfacet
  facet normal -0.087207 0.99619 0
    outer loop
      vertex -4.56181 6.18274 5.6
      vertex -4.34294 6.2019 11.7229
      vertex -4.34294 6.2019 5.6
    endloop
  endfacet
  facet normal -0.087207 0.99619 0
    outer loop
      vertex -4.34294 6.2019 11.7229
      vertex -4.56181 6.18274 5.6
      vertex -4.56181 6.18274 11.7355
    endloop
  endfacet
  facet normal -0.0289367 0.999581 0
    outer loop
      vertex -4.34294 6.2019 5.6
      vertex -4.12186 6.2083 11.7125
      vertex -4.12186 6.2083 5.6
    endloop
  endfacet
  facet normal -0.0289367 0.999581 0
    outer loop
      vertex -4.12186 6.2083 11.7125
      vertex -4.34294 6.2019 5.6
      vertex -4.34294 6.2019 11.7229
    endloop
  endfacet
  facet normal 0.0522974 0.998632 0
    outer loop
      vertex -4.12186 6.2083 5.6
      vertex -3.90933 6.19717 11.7056
      vertex -3.90933 6.19717 5.6
    endloop
  endfacet
  facet normal 0.0522974 0.998632 0
    outer loop
      vertex -3.90933 6.19717 11.7056
      vertex -4.12186 6.2083 5.6
      vertex -4.12186 6.2083 11.7125
    endloop
  endfacet
  facet normal 0.170066 0.985433 0
    outer loop
      vertex -3.90933 6.19717 5.6
      vertex -3.71626 6.16385 11.7037
      vertex -3.71626 6.16385 5.6
    endloop
  endfacet
  facet normal 0.170066 0.985433 0
    outer loop
      vertex -3.71626 6.16385 11.7037
      vertex -3.90933 6.19717 5.6
      vertex -3.90933 6.19717 11.7056
    endloop
  endfacet
  facet normal 0.3048 0.952417 -0
    outer loop
      vertex -3.54265 6.10829 5.6
      vertex -3.71626 6.16385 11.7037
      vertex -3.54265 6.10829 11.7066
    endloop
  endfacet
  facet normal 0.3048 0.952417 0
    outer loop
      vertex -3.71626 6.16385 11.7037
      vertex -3.54265 6.10829 5.6
      vertex -3.71626 6.16385 5.6
    endloop
  endfacet
  facet normal 0.450453 0.8928 -0
    outer loop
      vertex -3.38847 6.0305 5.6
      vertex -3.54265 6.10829 11.7066
      vertex -3.38847 6.0305 11.7144
    endloop
  endfacet
  facet normal 0.450453 0.8928 0
    outer loop
      vertex -3.54265 6.10829 11.7066
      vertex -3.38847 6.0305 5.6
      vertex -3.54265 6.10829 5.6
    endloop
  endfacet
  facet normal 0.596025 0.802966 -0
    outer loop
      vertex -3.25375 5.9305 5.6
      vertex -3.38847 6.0305 11.7144
      vertex -3.25375 5.9305 11.7271
    endloop
  endfacet
  facet normal 0.596025 0.802966 0
    outer loop
      vertex -3.38847 6.0305 11.7144
      vertex -3.25375 5.9305 5.6
      vertex -3.38847 6.0305 5.6
    endloop
  endfacet
  facet normal 0.740264 0.672316 -0
    outer loop
      vertex -3.14125 5.80663 5.6
      vertex -3.25375 5.9305 11.7271
      vertex -3.14125 5.80663 11.745
    endloop
  endfacet
  facet normal 0.740264 0.672316 0
    outer loop
      vertex -3.25375 5.9305 11.7271
      vertex -3.14125 5.80663 5.6
      vertex -3.25375 5.9305 5.6
    endloop
  endfacet
  facet normal 0.862952 0.505285 -0
    outer loop
      vertex -3.05376 5.65721 5.6
      vertex -3.14125 5.80663 11.745
      vertex -3.05376 5.65721 11.7687
    endloop
  endfacet
  facet normal 0.862952 0.505285 0
    outer loop
      vertex -3.14125 5.80663 11.745
      vertex -3.05376 5.65721 5.6
      vertex -3.14125 5.80663 5.6
    endloop
  endfacet
  facet normal 0.9417 0.336455 -2.15263e-06
    outer loop
      vertex -2.99126 5.48224 5.6
      vertex -3.05376 5.65721 11.7687
      vertex -3.01428 5.54671 11.7873
    endloop
  endfacet
  facet normal 0.941765 0.336272 -0
    outer loop
      vertex -2.99126 5.48224 5.6
      vertex -3.01428 5.54671 11.7873
      vertex -2.99126 5.48224 11.7965
    endloop
  endfacet
  facet normal 0.941724 0.336388 0
    outer loop
      vertex -3.05376 5.65721 11.7687
      vertex -2.99126 5.48224 5.6
      vertex -3.05376 5.65721 5.6
    endloop
  endfacet
  facet normal 0.982959 0.183824 8.00236e-07
    outer loop
      vertex -2.95375 5.28169 5.6
      vertex -2.99126 5.48224 11.7965
      vertex -2.95593 5.29332 11.8251
    endloop
  endfacet
  facet normal 0.982882 0.184238 -0
    outer loop
      vertex -2.95375 5.28169 5.6
      vertex -2.95593 5.29332 11.8251
      vertex -2.95375 5.28169 11.8267
    endloop
  endfacet
  facet normal 0.982955 0.183848 0
    outer loop
      vertex -2.99126 5.48224 11.7965
      vertex -2.95375 5.28169 5.6
      vertex -2.99126 5.48224 5.6
    endloop
  endfacet
  facet normal 0.998476 0.0551803 7.5241e-07
    outer loop
      vertex -2.94125 5.05559 5.6
      vertex -2.95375 5.28169 11.8267
      vertex -2.95259 5.2607 11.8297
    endloop
  endfacet
  facet normal 0.998475 0.0552031 -0
    outer loop
      vertex -2.94125 5.05559 5.6
      vertex -2.95259 5.2607 11.8297
      vertex -2.94125 5.05559 11.855
    endloop
  endfacet
  facet normal 0.998475 0.055201 0
    outer loop
      vertex -2.95375 5.28169 11.8267
      vertex -2.94125 5.05559 5.6
      vertex -2.95375 5.28169 5.6
    endloop
  endfacet
  facet normal 1 0 0
    outer loop
      vertex -2.94125 4.7222 5.6
      vertex -2.94125 5.05559 11.855
      vertex -2.94125 4.7222 11.8974
    endloop
  endfacet
  facet normal 1 0 0
    outer loop
      vertex -2.94125 5.05559 11.855
      vertex -2.94125 4.7222 5.6
      vertex -2.94125 5.05559 5.6
    endloop
  endfacet
  facet normal 0.0315188 -0.999503 0
    outer loop
      vertex -4.26076 4.68059 5.6
      vertex -2.94125 4.7222 11.8974
      vertex -4.26076 4.68059 11.9827
    endloop
  endfacet
  facet normal 0.0315188 -0.999503 0
    outer loop
      vertex -2.94125 4.7222 11.8974
      vertex -4.26076 4.68059 5.6
      vertex -2.94125 4.7222 5.6
    endloop
  endfacet
  facet normal 0.0666806 -0.997774 0
    outer loop
      vertex -4.90463 4.63753 5.6
      vertex -4.78986 4.6452 12.0184
      vertex -4.90463 4.63753 12.0253
    endloop
  endfacet
  facet normal 0.066756 -0.997769 -1.35562e-06
    outer loop
      vertex -4.78986 4.6452 12.0184
      vertex -4.90463 4.63753 5.6
      vertex -4.63905 4.65529 12.0089
    endloop
  endfacet
  facet normal 0.0667308 -0.997771 -3.05153e-07
    outer loop
      vertex -4.63905 4.65529 12.0089
      vertex -4.90463 4.63753 5.6
      vertex -4.26076 4.68059 11.9827
    endloop
  endfacet
  facet normal 0.0667278 -0.997771 0
    outer loop
      vertex -4.26076 4.68059 11.9827
      vertex -4.90463 4.63753 5.6
      vertex -4.26076 4.68059 5.6
    endloop
  endfacet
  facet normal 0.145543 -0.989352 0
    outer loop
      vertex -5.48073 4.55278 5.6
      vertex -4.90463 4.63753 12.0253
      vertex -5.48073 4.55278 12.067
    endloop
  endfacet
  facet normal 0.145543 -0.989352 0
    outer loop
      vertex -4.90463 4.63753 12.0253
      vertex -5.48073 4.55278 5.6
      vertex -4.90463 4.63753 5.6
    endloop
  endfacet
  facet normal 0.241287 -0.970454 0
    outer loop
      vertex -5.98907 4.42639 5.6
      vertex -5.48073 4.55278 12.067
      vertex -5.98907 4.42639 12.112
    endloop
  endfacet
  facet normal 0.241287 -0.970454 0
    outer loop
      vertex -5.48073 4.55278 12.067
      vertex -5.98907 4.42639 5.6
      vertex -5.48073 4.55278 5.6
    endloop
  endfacet
  facet normal 0.356428 -0.934323 0
    outer loop
      vertex -6.42964 4.25832 5.6
      vertex -5.98907 4.42639 12.112
      vertex -6.42964 4.25832 12.1605
    endloop
  endfacet
  facet normal 0.356428 -0.934323 0
    outer loop
      vertex -5.98907 4.42639 12.112
      vertex -6.42964 4.25832 5.6
      vertex -5.98907 4.42639 5.6
    endloop
  endfacet
  facet normal 0.490297 -0.871556 0
    outer loop
      vertex -6.80244 4.0486 5.6
      vertex -6.42964 4.25832 12.1605
      vertex -6.80244 4.0486 12.2122
    endloop
  endfacet
  facet normal 0.490297 -0.871556 0
    outer loop
      vertex -6.42964 4.25832 12.1605
      vertex -6.80244 4.0486 5.6
      vertex -6.42964 4.25832 5.6
    endloop
  endfacet
  facet normal 0.642612 -0.766192 0
    outer loop
      vertex -7.10744 3.79276 5.6
      vertex -7.03862 3.85048 12.2555
      vertex -7.10744 3.79276 12.2677
    endloop
  endfacet
  facet normal 0.642676 -0.766138 -1.12317e-06
    outer loop
      vertex -7.03862 3.85048 12.2555
      vertex -7.10744 3.79276 5.6
      vertex -6.80244 4.0486 12.2122
    endloop
  endfacet
  facet normal 0.642662 -0.76615 0
    outer loop
      vertex -6.80244 4.0486 12.2122
      vertex -7.10744 3.79276 5.6
      vertex -6.80244 4.0486 5.6
    endloop
  endfacet
  facet normal 0.79081 -0.612062 -1.11082e-05
    outer loop
      vertex -7.34467 3.48637 5.6
      vertex -7.10744 3.79276 12.2677
      vertex -7.13271 3.76011 12.2738
    endloop
  endfacet
  facet normal 0.790679 -0.612231 0
    outer loop
      vertex -7.34467 3.48637 5.6
      vertex -7.13271 3.76011 12.2738
      vertex -7.34467 3.48637 12.3214
    endloop
  endfacet
  facet normal 0.790693 -0.612213 0
    outer loop
      vertex -7.10744 3.79276 12.2677
      vertex -7.34467 3.48637 5.6
      vertex -7.10744 3.79276 5.6
    endloop
  endfacet
  facet normal 0.903392 -0.428816 0
    outer loop
      vertex -7.5141 3.12943 5.6
      vertex -7.34467 3.48637 12.3214
      vertex -7.5141 3.12943 12.377
    endloop
  endfacet
  facet normal 0.903392 -0.428816 0
    outer loop
      vertex -7.34467 3.48637 12.3214
      vertex -7.5141 3.12943 5.6
      vertex -7.34467 3.48637 5.6
    endloop
  endfacet
  facet normal 0.970256 -0.242082 0
    outer loop
      vertex -7.61577 2.72194 5.6
      vertex -7.5141 3.12943 12.377
      vertex -7.61577 2.72194 12.4349
    endloop
  endfacet
  facet normal 0.970256 -0.242082 0
    outer loop
      vertex -7.5141 3.12943 12.377
      vertex -7.61577 2.72194 5.6
      vertex -7.5141 3.12943 5.6
    endloop
  endfacet
  facet normal 0.997274 -0.0737859 0
    outer loop
      vertex -7.64966 2.26389 5.6
      vertex -7.61577 2.72194 12.4349
      vertex -7.64966 2.26389 12.4952
    endloop
  endfacet
  facet normal 0.997274 -0.0737859 0
    outer loop
      vertex -7.61577 2.72194 12.4349
      vertex -7.64966 2.26389 5.6
      vertex -7.61577 2.72194 5.6
    endloop
  endfacet
  facet normal 0.998349 0.0574331 -0
    outer loop
      vertex -7.62299 1.80029 5.6
      vertex -7.64966 2.26389 12.4952
      vertex -7.62299 1.80029 12.5524
    endloop
  endfacet
  facet normal 0.998349 0.0574331 0
    outer loop
      vertex -7.64966 2.26389 12.4952
      vertex -7.62299 1.80029 5.6
      vertex -7.64966 2.26389 5.6
    endloop
  endfacet
  facet normal 0.981751 0.19017 -0
    outer loop
      vertex -7.54298 1.38724 5.6
      vertex -7.62299 1.80029 12.5524
      vertex -7.54298 1.38724 12.6
    endloop
  endfacet
  facet normal 0.981751 0.19017 0
    outer loop
      vertex -7.62299 1.80029 12.5524
      vertex -7.54298 1.38724 5.6
      vertex -7.62299 1.80029 5.6
    endloop
  endfacet
  facet normal 0.938525 0.345212 -0
    outer loop
      vertex -7.40964 1.02473 5.6
      vertex -7.54298 1.38724 12.6
      vertex -7.40964 1.02473 12.6379
    endloop
  endfacet
  facet normal 0.938525 0.345212 0
    outer loop
      vertex -7.54298 1.38724 12.6
      vertex -7.40964 1.02473 5.6
      vertex -7.54298 1.38724 5.6
    endloop
  endfacet
  facet normal 0.858084 0.513509 -0
    outer loop
      vertex -7.22296 0.712784 5.6
      vertex -7.40964 1.02473 12.6379
      vertex -7.22296 0.712784 12.6662
    endloop
  endfacet
  facet normal 0.858084 0.513509 0
    outer loop
      vertex -7.40964 1.02473 12.6379
      vertex -7.22296 0.712784 5.6
      vertex -7.40964 1.02473 5.6
    endloop
  endfacet
  facet normal 0.736615 0.676313 -0
    outer loop
      vertex -6.98296 0.451385 5.6
      vertex -7.22296 0.712784 12.6662
      vertex -6.98296 0.451385 12.6848
    endloop
  endfacet
  facet normal 0.736615 0.676313 0
    outer loop
      vertex -7.22296 0.712784 12.6662
      vertex -6.98296 0.451385 5.6
      vertex -7.22296 0.712784 5.6
    endloop
  endfacet
  facet normal 0.603736 0.797185 -0
    outer loop
      vertex -6.70238 0.238892 5.6
      vertex -6.98296 0.451385 12.6848
      vertex -6.70238 0.238892 12.6948
    endloop
  endfacet
  facet normal 0.603736 0.797185 0
    outer loop
      vertex -6.98296 0.451385 12.6848
      vertex -6.70238 0.238892 5.6
      vertex -6.98296 0.451385 5.6
    endloop
  endfacet
  facet normal 0.472481 0.881341 -0
    outer loop
      vertex -6.39404 0.0735931 5.6
      vertex -6.70238 0.238892 12.6948
      vertex -6.39404 0.0735931 12.6971
    endloop
  endfacet
  facet normal 0.472481 0.881341 0
    outer loop
      vertex -6.70238 0.238892 12.6948
      vertex -6.39404 0.0735931 5.6
      vertex -6.70238 0.238892 5.6
    endloop
  endfacet
  facet normal 0.331351 0.943508 0
    outer loop
      vertex -6.39404 0.0735931 5.6
      vertex -6.05792 -0.0444489 12.6917
      vertex -6.05792 -0.0444489 5.6
    endloop
  endfacet
  facet normal 0.331351 0.943508 0
    outer loop
      vertex -6.05792 -0.0444489 12.6917
      vertex -6.39404 0.0735931 5.6
      vertex -6.39404 0.0735931 12.6971
    endloop
  endfacet
  facet normal 0.191064 0.981578 0
    outer loop
      vertex -6.05792 -0.0444489 5.6
      vertex -5.69403 -0.11528 12.6786
      vertex -5.69403 -0.11528 5.6
    endloop
  endfacet
  facet normal 0.191064 0.981578 0
    outer loop
      vertex -5.69403 -0.11528 12.6786
      vertex -6.05792 -0.0444489 5.6
      vertex -6.05792 -0.0444489 12.6917
    endloop
  endfacet
  facet normal 0.0601569 0.998189 0
    outer loop
      vertex -5.69403 -0.11528 5.6
      vertex -5.30235 -0.138885 12.6578
      vertex -5.30235 -0.138885 5.6
    endloop
  endfacet
  facet normal 0.0601569 0.998189 0
    outer loop
      vertex -5.30235 -0.138885 12.6578
      vertex -5.69403 -0.11528 5.6
      vertex -5.69403 -0.11528 12.6786
    endloop
  endfacet
  facet normal -0.0307003 0.999529 0
    outer loop
      vertex -5.30235 -0.138885 5.6
      vertex -4.9407 -0.127777 12.6345
      vertex -4.9407 -0.127777 5.6
    endloop
  endfacet
  facet normal -0.0307003 0.999529 0
    outer loop
      vertex -4.9407 -0.127777 12.6345
      vertex -5.30235 -0.138885 5.6
      vertex -5.30235 -0.138885 12.6578
    endloop
  endfacet
  facet normal -0.151422 -0.988469 0
    outer loop
      vertex -4.85352 1.40721 5.6
      vertex -4.69574 1.38304 12.4278
      vertex -4.85352 1.40721 12.4343
    endloop
  endfacet
  facet normal -0.151422 -0.988469 -0
    outer loop
      vertex -4.69574 1.38304 12.4278
      vertex -4.85352 1.40721 5.6
      vertex -4.69574 1.38304 5.6
    endloop
  endfacet
  facet normal -0.268621 -0.963246 0
    outer loop
      vertex -4.99796 1.44749 5.6
      vertex -4.85352 1.40721 12.4343
      vertex -4.99796 1.44749 12.4379
    endloop
  endfacet
  facet normal -0.268621 -0.963246 -0
    outer loop
      vertex -4.85352 1.40721 12.4343
      vertex -4.99796 1.44749 5.6
      vertex -4.85352 1.40721 5.6
    endloop
  endfacet
  facet normal -0.395162 -0.918611 0
    outer loop
      vertex -5.12907 1.50389 5.6
      vertex -4.99796 1.44749 12.4379
      vertex -5.12907 1.50389 12.4387
    endloop
  endfacet
  facet normal -0.395162 -0.918611 -0
    outer loop
      vertex -4.99796 1.44749 12.4379
      vertex -5.12907 1.50389 5.6
      vertex -4.99796 1.44749 5.6
    endloop
  endfacet
  facet normal -0.52417 -0.851614 0
    outer loop
      vertex -5.12907 1.50389 5.6
      vertex -5.24686 1.57639 12.4367
      vertex -5.24686 1.57639 5.6
    endloop
  endfacet
  facet normal -0.52417 -0.851614 0
    outer loop
      vertex -5.24686 1.57639 12.4367
      vertex -5.12907 1.50389 5.6
      vertex -5.12907 1.50389 12.4387
    endloop
  endfacet
  facet normal -0.674654 -0.738134 0
    outer loop
      vertex -5.24686 1.57639 5.6
      vertex -5.34686 1.66779 12.4311
      vertex -5.34686 1.66779 5.6
    endloop
  endfacet
  facet normal -0.674654 -0.738134 0
    outer loop
      vertex -5.34686 1.66779 12.4311
      vertex -5.24686 1.57639 5.6
      vertex -5.24686 1.57639 12.4367
    endloop
  endfacet
  facet normal -0.823844 -0.566816 0
    outer loop
      vertex -5.34686 1.66779 5.6
      vertex -5.42464 1.78084 12.4215
      vertex -5.42464 1.78084 5.6
    endloop
  endfacet
  facet normal -0.823844 -0.566816 0
    outer loop
      vertex -5.42464 1.78084 12.4215
      vertex -5.34686 1.66779 5.6
      vertex -5.34686 1.66779 12.4311
    endloop
  endfacet
  facet normal -0.924443 -0.381319 0
    outer loop
      vertex -5.42464 1.78084 5.6
      vertex -5.48021 1.91556 12.4078
      vertex -5.48021 1.91556 5.6
    endloop
  endfacet
  facet normal -0.924443 -0.381319 0
    outer loop
      vertex -5.48021 1.91556 12.4078
      vertex -5.42464 1.78084 5.6
      vertex -5.42464 1.78084 12.4215
    endloop
  endfacet
  facet normal -0.978048 -0.20838 0
    outer loop
      vertex -5.48021 1.91556 5.6
      vertex -5.51353 2.07195 12.3899
      vertex -5.51353 2.07195 5.6
    endloop
  endfacet
  facet normal -0.978048 -0.20838 0
    outer loop
      vertex -5.51353 2.07195 12.3899
      vertex -5.48021 1.91556 5.6
      vertex -5.48021 1.91556 12.4078
    endloop
  endfacet
  facet normal -0.998052 -0.0623888 0
    outer loop
      vertex -5.51353 2.07195 5.6
      vertex -5.52466 2.25 12.368
      vertex -5.52466 2.25 5.6
    endloop
  endfacet
  facet normal -0.998052 -0.0623888 0
    outer loop
      vertex -5.52466 2.25 12.368
      vertex -5.51353 2.07195 5.6
      vertex -5.51353 2.07195 12.3899
    endloop
  endfacet
  facet normal -0.997219 0.0745258 0
    outer loop
      vertex -5.52466 2.25 5.6
      vertex -5.50909 2.45834 12.3406
      vertex -5.50909 2.45834 5.6
    endloop
  endfacet
  facet normal -0.997219 0.0745258 0
    outer loop
      vertex -5.50909 2.45834 12.3406
      vertex -5.52466 2.25 5.6
      vertex -5.52466 2.25 12.368
    endloop
  endfacet
  facet normal -0.971624 0.236531 0
    outer loop
      vertex -5.50909 2.45834 5.6
      vertex -5.46243 2.65001 12.3134
      vertex -5.46243 2.65001 5.6
    endloop
  endfacet
  facet normal -0.971624 0.236531 0
    outer loop
      vertex -5.46243 2.65001 12.3134
      vertex -5.50909 2.45834 5.6
      vertex -5.50909 2.45834 12.3406
    endloop
  endfacet
  facet normal -0.913788 0.406192 0
    outer loop
      vertex -5.46243 2.65001 5.6
      vertex -5.38464 2.82501 12.2865
      vertex -5.38464 2.82501 5.6
    endloop
  endfacet
  facet normal -0.913788 0.406192 0
    outer loop
      vertex -5.38464 2.82501 12.2865
      vertex -5.46243 2.65001 5.6
      vertex -5.46243 2.65001 12.3134
    endloop
  endfacet
  facet normal -0.823974 0.566628 0
    outer loop
      vertex -5.38464 2.82501 5.6
      vertex -5.27576 2.98334 12.2598
      vertex -5.27576 2.98334 5.6
    endloop
  endfacet
  facet normal -0.823974 0.566628 0
    outer loop
      vertex -5.27576 2.98334 12.2598
      vertex -5.38464 2.82501 5.6
      vertex -5.38464 2.82501 12.2865
    endloop
  endfacet
  facet normal -0.711262 0.702927 0
    outer loop
      vertex -5.27576 2.98334 5.6
      vertex -5.13576 3.125 12.2333
      vertex -5.13576 3.125 5.6
    endloop
  endfacet
  facet normal -0.711262 0.702927 0
    outer loop
      vertex -5.13576 3.125 12.2333
      vertex -5.27576 2.98334 5.6
      vertex -5.27576 2.98334 12.2598
    endloop
  endfacet
  facet normal -0.558152 0.829738 0
    outer loop
      vertex -5.13576 3.125 5.6
      vertex -4.95575 3.24609 12.207
      vertex -4.95575 3.24609 5.6
    endloop
  endfacet
  facet normal -0.558152 0.829738 0
    outer loop
      vertex -4.95575 3.24609 12.207
      vertex -5.13576 3.125 5.6
      vertex -5.13576 3.125 12.2333
    endloop
  endfacet
  facet normal -0.389052 0.921216 0
    outer loop
      vertex -4.95575 3.24609 5.6
      vertex -4.72685 3.34276 12.1808
      vertex -4.72685 3.34276 5.6
    endloop
  endfacet
  facet normal -0.389052 0.921216 0
    outer loop
      vertex -4.72685 3.34276 12.1808
      vertex -4.95575 3.24609 5.6
      vertex -4.95575 3.24609 12.207
    endloop
  endfacet
  facet normal -0.251633 0.967823 0
    outer loop
      vertex -4.72685 3.34276 5.6
      vertex -4.44908 3.41498 12.1548
      vertex -4.44908 3.41498 5.6
    endloop
  endfacet
  facet normal -0.251633 0.967823 0
    outer loop
      vertex -4.44908 3.41498 12.1548
      vertex -4.72685 3.34276 5.6
      vertex -4.72685 3.34276 12.1808
    endloop
  endfacet
  facet normal -0.144694 0.989476 0
    outer loop
      vertex -4.44908 3.41498 5.6
      vertex -4.12241 3.46275 12.1289
      vertex -4.12241 3.46275 5.6
    endloop
  endfacet
  facet normal -0.144694 0.989476 0
    outer loop
      vertex -4.12241 3.46275 12.1289
      vertex -4.44908 3.41498 5.6
      vertex -4.44908 3.41498 12.1548
    endloop
  endfacet
  facet normal -0.0620556 0.998073 0
    outer loop
      vertex -4.12241 3.46275 5.6
      vertex -3.74686 3.4861 12.1032
      vertex -3.74686 3.4861 5.6
    endloop
  endfacet
  facet normal -0.0620556 0.998073 0
    outer loop
      vertex -3.74686 3.4861 12.1032
      vertex -4.12241 3.46275 5.6
      vertex -4.12241 3.46275 12.1289
    endloop
  endfacet
  facet normal -0.0344751 0.999406 0
    outer loop
      vertex -3.74686 3.4861 5.6
      vertex -2.94125 3.51389 12.0508
      vertex -2.94125 3.51389 5.6
    endloop
  endfacet
  facet normal -0.0344751 0.999406 0
    outer loop
      vertex -2.94125 3.51389 12.0508
      vertex -3.74686 3.4861 5.6
      vertex -3.74686 3.4861 12.1032
    endloop
  endfacet
  facet normal 1 0 0
    outer loop
      vertex -2.94125 2.88889 5.6
      vertex -2.94125 3.51389 12.0508
      vertex -2.94125 2.88889 12.1301
    endloop
  endfacet
  facet normal 1 0 0
    outer loop
      vertex -2.94125 3.51389 12.0508
      vertex -2.94125 2.88889 5.6
      vertex -2.94125 3.51389 5.6
    endloop
  endfacet
  facet normal 0.997797 -0.0663461 0
    outer loop
      vertex -2.95959 2.61307 5.6
      vertex -2.94125 2.88889 12.1301
      vertex -2.95959 2.61307 12.1663
    endloop
  endfacet
  facet normal 0.997797 -0.0663461 0
    outer loop
      vertex -2.94125 2.88889 12.1301
      vertex -2.95959 2.61307 5.6
      vertex -2.94125 2.88889 5.6
    endloop
  endfacet
  facet normal 0.976587 -0.215121 0
    outer loop
      vertex -3.0146 2.36334 5.6
      vertex -2.95959 2.61307 12.1663
      vertex -3.0146 2.36334 12.2013
    endloop
  endfacet
  facet normal 0.976587 -0.215121 0
    outer loop
      vertex -2.95959 2.61307 12.1663
      vertex -3.0146 2.36334 5.6
      vertex -2.95959 2.61307 5.6
    endloop
  endfacet
  facet normal 0.925258 -0.379338 0
    outer loop
      vertex -3.10628 2.13972 5.6
      vertex -3.0146 2.36334 12.2013
      vertex -3.10628 2.13972 12.2353
    endloop
  endfacet
  facet normal 0.925258 -0.379338 0
    outer loop
      vertex -3.0146 2.36334 12.2013
      vertex -3.10628 2.13972 5.6
      vertex -3.0146 2.36334 5.6
    endloop
  endfacet
  facet normal 0.838517 -0.544875 0
    outer loop
      vertex -3.23463 1.9422 5.6
      vertex -3.10628 2.13972 12.2353
      vertex -3.23463 1.9422 12.2681
    endloop
  endfacet
  facet normal 0.838517 -0.544875 0
    outer loop
      vertex -3.10628 2.13972 12.2353
      vertex -3.23463 1.9422 5.6
      vertex -3.10628 2.13972 5.6
    endloop
  endfacet
  facet normal 0.720366 -0.693594 0
    outer loop
      vertex -3.39966 1.7708 5.6
      vertex -3.23463 1.9422 12.2681
      vertex -3.39966 1.7708 12.2999
    endloop
  endfacet
  facet normal 0.720366 -0.693594 0
    outer loop
      vertex -3.23463 1.9422 12.2681
      vertex -3.39966 1.7708 5.6
      vertex -3.23463 1.9422 5.6
    endloop
  endfacet
  facet normal 0.596652 -0.8025 0
    outer loop
      vertex -3.59131 1.62831 5.6
      vertex -3.39966 1.7708 12.2999
      vertex -3.59131 1.62831 12.3296
    endloop
  endfacet
  facet normal 0.596652 -0.8025 0
    outer loop
      vertex -3.39966 1.7708 12.2999
      vertex -3.59131 1.62831 5.6
      vertex -3.39966 1.7708 5.6
    endloop
  endfacet
  facet normal 0.469633 -0.882862 0
    outer loop
      vertex -3.79964 1.51749 5.6
      vertex -3.59131 1.62831 12.3296
      vertex -3.79964 1.51749 12.3563
    endloop
  endfacet
  facet normal 0.469633 -0.882862 0
    outer loop
      vertex -3.59131 1.62831 12.3296
      vertex -3.79964 1.51749 5.6
      vertex -3.59131 1.62831 5.6
    endloop
  endfacet
  facet normal 0.331919 -0.943308 0
    outer loop
      vertex -4.02464 1.43832 5.6
      vertex -3.79964 1.51749 12.3563
      vertex -4.02464 1.43832 12.38
    endloop
  endfacet
  facet normal 0.331919 -0.943308 0
    outer loop
      vertex -3.79964 1.51749 12.3563
      vertex -4.02464 1.43832 5.6
      vertex -3.79964 1.51749 5.6
    endloop
  endfacet
  facet normal 0.192859 -0.981226 0
    outer loop
      vertex -4.26631 1.39082 5.6
      vertex -4.02464 1.43832 12.38
      vertex -4.26631 1.39082 12.4007
    endloop
  endfacet
  facet normal 0.192859 -0.981226 0
    outer loop
      vertex -4.02464 1.43832 12.38
      vertex -4.26631 1.39082 5.6
      vertex -4.02464 1.43832 5.6
    endloop
  endfacet
  facet normal 0.0611203 -0.99813 0
    outer loop
      vertex -4.52466 1.375 5.6
      vertex -4.26631 1.39082 12.4007
      vertex -4.52466 1.375 12.4184
    endloop
  endfacet
  facet normal 0.0611203 -0.99813 0
    outer loop
      vertex -4.26631 1.39082 12.4007
      vertex -4.52466 1.375 5.6
      vertex -4.26631 1.39082 5.6
    endloop
  endfacet
  facet normal -0.0469437 -0.998898 0
    outer loop
      vertex -4.69574 1.38304 5.6
      vertex -4.52466 1.375 12.4184
      vertex -4.69574 1.38304 12.4278
    endloop
  endfacet
  facet normal -0.0469437 -0.998898 -0
    outer loop
      vertex -4.52466 1.375 12.4184
      vertex -4.69574 1.38304 5.6
      vertex -4.52466 1.375 5.6
    endloop
  endfacet
endsolid OpenSCAD_Model
