solid OpenSCAD_Model
  facet normal 0.956938 -0.290293 0
    outer loop
      vertex -12.9816 0.593074 3.24
      vertex -12.8086 1.16336 0.2
      vertex -12.8086 1.16336 3.24
    endloop
  endfacet
  facet normal 0.956938 -0.290293 0
    outer loop
      vertex -12.8086 1.16336 0.2
      vertex -12.9816 0.593074 3.24
      vertex -12.9816 0.593074 0.2
    endloop
  endfacet
  facet normal -0.0980133 0.995185 0
    outer loop
      vertex -9.40693 -2.98159 0.2
      vertex -10 -3.04 3.24
      vertex -9.40693 -2.98159 3.24
    endloop
  endfacet
  facet normal -0.0980133 0.995185 0
    outer loop
      vertex -10 -3.04 3.24
      vertex -9.40693 -2.98159 0.2
      vertex -10 -3.04 0.2
    endloop
  endfacet
  facet normal -0.956938 -0.290293 0
    outer loop
      vertex -7.01841 0.593074 0.2
      vertex -7.19141 1.16336 3.24
      vertex -7.19141 1.16336 0.2
    endloop
  endfacet
  facet normal -0.956938 -0.290293 0
    outer loop
      vertex -7.19141 1.16336 3.24
      vertex -7.01841 0.593074 0.2
      vertex -7.01841 0.593074 3.24
    endloop
  endfacet
  facet normal -0.995185 -0.0980127 0
    outer loop
      vertex -6.96 0 0.2
      vertex -7.01841 0.593074 3.24
      vertex -7.01841 0.593074 0.2
    endloop
  endfacet
  facet normal -0.995185 -0.0980127 0
    outer loop
      vertex -7.01841 0.593074 3.24
      vertex -6.96 0 0.2
      vertex -6.96 0 3.24
    endloop
  endfacet
  facet normal -0.881923 -0.471393 0
    outer loop
      vertex -7.19141 1.16336 0.2
      vertex -7.47233 1.68893 3.24
      vertex -7.47233 1.68893 0.2
    endloop
  endfacet
  facet normal -0.881923 -0.471393 0
    outer loop
      vertex -7.47233 1.68893 3.24
      vertex -7.19141 1.16336 0.2
      vertex -7.19141 1.16336 3.24
    endloop
  endfacet
  facet normal 0.634377 -0.773024 0
    outer loop
      vertex -12.1496 2.1496 0.2
      vertex -11.6889 2.52767 3.24
      vertex -12.1496 2.1496 3.24
    endloop
  endfacet
  facet normal 0.634377 -0.773024 0
    outer loop
      vertex -11.6889 2.52767 3.24
      vertex -12.1496 2.1496 0.2
      vertex -11.6889 2.52767 0.2
    endloop
  endfacet
  facet normal 0.772979 -0.634431 0
    outer loop
      vertex -12.5277 1.68893 3.24
      vertex -12.1496 2.1496 0.2
      vertex -12.1496 2.1496 3.24
    endloop
  endfacet
  facet normal 0.772979 -0.634431 0
    outer loop
      vertex -12.1496 2.1496 0.2
      vertex -12.5277 1.68893 3.24
      vertex -12.5277 1.68893 0.2
    endloop
  endfacet
  facet normal -0.0980133 -0.995185 0
    outer loop
      vertex -10 3.04 0.2
      vertex -9.40693 2.98159 3.24
      vertex -10 3.04 3.24
    endloop
  endfacet
  facet normal -0.0980133 -0.995185 -0
    outer loop
      vertex -9.40693 2.98159 3.24
      vertex -10 3.04 0.2
      vertex -9.40693 2.98159 0.2
    endloop
  endfacet
  facet normal 0.881937 0.471367 0
    outer loop
      vertex -12.5277 -1.68893 3.24
      vertex -12.8086 -1.16336 0.2
      vertex -12.8086 -1.16336 3.24
    endloop
  endfacet
  facet normal 0.881937 0.471367 0
    outer loop
      vertex -12.8086 -1.16336 0.2
      vertex -12.5277 -1.68893 3.24
      vertex -12.5277 -1.68893 0.2
    endloop
  endfacet
  facet normal -0.773004 -0.634401 0
    outer loop
      vertex -7.47233 1.68893 0.2
      vertex -7.8504 2.1496 3.24
      vertex -7.8504 2.1496 0.2
    endloop
  endfacet
  facet normal -0.773004 -0.634401 0
    outer loop
      vertex -7.8504 2.1496 3.24
      vertex -7.47233 1.68893 0.2
      vertex -7.47233 1.68893 3.24
    endloop
  endfacet
  facet normal -0.881923 0.471393 0
    outer loop
      vertex -7.47233 -1.68893 0.2
      vertex -7.19141 -1.16336 3.24
      vertex -7.19141 -1.16336 0.2
    endloop
  endfacet
  facet normal -0.881923 0.471393 0
    outer loop
      vertex -7.19141 -1.16336 3.24
      vertex -7.47233 -1.68893 0.2
      vertex -7.47233 -1.68893 3.24
    endloop
  endfacet
  facet normal -0.290291 0.956938 0
    outer loop
      vertex -8.83664 -2.80859 0.2
      vertex -9.40693 -2.98159 3.24
      vertex -8.83664 -2.80859 3.24
    endloop
  endfacet
  facet normal -0.290291 0.956938 0
    outer loop
      vertex -9.40693 -2.98159 3.24
      vertex -8.83664 -2.80859 0.2
      vertex -9.40693 -2.98159 0.2
    endloop
  endfacet
  facet normal 0.471442 -0.881897 0
    outer loop
      vertex -11.6889 2.52767 0.2
      vertex -11.1634 2.80859 3.24
      vertex -11.6889 2.52767 3.24
    endloop
  endfacet
  facet normal 0.471442 -0.881897 0
    outer loop
      vertex -11.1634 2.80859 3.24
      vertex -11.6889 2.52767 0.2
      vertex -11.1634 2.80859 0.2
    endloop
  endfacet
  facet normal -0.471393 -0.881923 0
    outer loop
      vertex -8.83664 2.80859 0.2
      vertex -8.31107 2.52767 3.24
      vertex -8.83664 2.80859 3.24
    endloop
  endfacet
  facet normal -0.471393 -0.881923 -0
    outer loop
      vertex -8.31107 2.52767 3.24
      vertex -8.83664 2.80859 0.2
      vertex -8.31107 2.52767 0.2
    endloop
  endfacet
  facet normal -0.956938 0.290293 0
    outer loop
      vertex -7.19141 -1.16336 0.2
      vertex -7.01841 -0.593074 3.24
      vertex -7.01841 -0.593074 0.2
    endloop
  endfacet
  facet normal -0.956938 0.290293 0
    outer loop
      vertex -7.01841 -0.593074 3.24
      vertex -7.19141 -1.16336 0.2
      vertex -7.19141 -1.16336 3.24
    endloop
  endfacet
  facet normal -0.471393 0.881923 0
    outer loop
      vertex -8.31107 -2.52767 0.2
      vertex -8.83664 -2.80859 3.24
      vertex -8.31107 -2.52767 3.24
    endloop
  endfacet
  facet normal -0.471393 0.881923 0
    outer loop
      vertex -8.83664 -2.80859 3.24
      vertex -8.31107 -2.52767 0.2
      vertex -8.83664 -2.80859 0.2
    endloop
  endfacet
  facet normal 0.634377 0.773024 -0
    outer loop
      vertex -11.6889 -2.52767 0.2
      vertex -12.1496 -2.1496 3.24
      vertex -11.6889 -2.52767 3.24
    endloop
  endfacet
  facet normal 0.634377 0.773024 0
    outer loop
      vertex -12.1496 -2.1496 3.24
      vertex -11.6889 -2.52767 0.2
      vertex -12.1496 -2.1496 0.2
    endloop
  endfacet
  facet normal -0.290291 -0.956938 0
    outer loop
      vertex -9.40693 2.98159 0.2
      vertex -8.83664 2.80859 3.24
      vertex -9.40693 2.98159 3.24
    endloop
  endfacet
  facet normal -0.290291 -0.956938 -0
    outer loop
      vertex -8.83664 2.80859 3.24
      vertex -9.40693 2.98159 0.2
      vertex -8.83664 2.80859 0.2
    endloop
  endfacet
  facet normal 0.290287 0.95694 -0
    outer loop
      vertex -10.5931 -2.98159 0.2
      vertex -11.1634 -2.80859 3.24
      vertex -10.5931 -2.98159 3.24
    endloop
  endfacet
  facet normal 0.290287 0.95694 0
    outer loop
      vertex -11.1634 -2.80859 3.24
      vertex -10.5931 -2.98159 0.2
      vertex -11.1634 -2.80859 0.2
    endloop
  endfacet
  facet normal -0.995185 0.0980127 0
    outer loop
      vertex -7.01841 -0.593074 0.2
      vertex -6.96 0 3.24
      vertex -6.96 0 0.2
    endloop
  endfacet
  facet normal -0.995185 0.0980127 0
    outer loop
      vertex -6.96 0 3.24
      vertex -7.01841 -0.593074 0.2
      vertex -7.01841 -0.593074 3.24
    endloop
  endfacet
  facet normal 0.995187 -0.097996 0
    outer loop
      vertex -13.04 0 3.24
      vertex -12.9816 0.593074 0.2
      vertex -12.9816 0.593074 3.24
    endloop
  endfacet
  facet normal 0.995187 -0.097996 0
    outer loop
      vertex -12.9816 0.593074 0.2
      vertex -13.04 0 3.24
      vertex -13.04 0 0.2
    endloop
  endfacet
  facet normal -0.634401 0.773004 0
    outer loop
      vertex -7.8504 -2.1496 0.2
      vertex -8.31107 -2.52767 3.24
      vertex -7.8504 -2.1496 3.24
    endloop
  endfacet
  facet normal -0.634401 0.773004 0
    outer loop
      vertex -8.31107 -2.52767 3.24
      vertex -7.8504 -2.1496 0.2
      vertex -8.31107 -2.52767 0.2
    endloop
  endfacet
  facet normal 0.290287 -0.95694 0
    outer loop
      vertex -11.1634 2.80859 0.2
      vertex -10.5931 2.98159 3.24
      vertex -11.1634 2.80859 3.24
    endloop
  endfacet
  facet normal 0.290287 -0.95694 0
    outer loop
      vertex -10.5931 2.98159 3.24
      vertex -11.1634 2.80859 0.2
      vertex -10.5931 2.98159 0.2
    endloop
  endfacet
  facet normal -0.634401 -0.773004 0
    outer loop
      vertex -8.31107 2.52767 0.2
      vertex -7.8504 2.1496 3.24
      vertex -8.31107 2.52767 3.24
    endloop
  endfacet
  facet normal -0.634401 -0.773004 -0
    outer loop
      vertex -7.8504 2.1496 3.24
      vertex -8.31107 2.52767 0.2
      vertex -7.8504 2.1496 0.2
    endloop
  endfacet
  facet normal 0.0980084 0.995186 -0
    outer loop
      vertex -10 -3.04 0.2
      vertex -10.5931 -2.98159 3.24
      vertex -10 -3.04 3.24
    endloop
  endfacet
  facet normal 0.0980084 0.995186 0
    outer loop
      vertex -10.5931 -2.98159 3.24
      vertex -10 -3.04 0.2
      vertex -10.5931 -2.98159 0.2
    endloop
  endfacet
  facet normal 0 0 -1
    outer loop
      vertex -7.01841 -0.593074 3.24
      vertex -7.01841 0.593074 3.24
      vertex -6.96 0 3.24
    endloop
  endfacet
  facet normal 0 0 -1
    outer loop
      vertex -7.19141 -1.16336 3.24
      vertex -7.01841 0.593074 3.24
      vertex -7.01841 -0.593074 3.24
    endloop
  endfacet
  facet normal 0 0 -1
    outer loop
      vertex -7.19141 -1.16336 3.24
      vertex -7.19141 1.16336 3.24
      vertex -7.01841 0.593074 3.24
    endloop
  endfacet
  facet normal 0 0 -1
    outer loop
      vertex -7.47233 -1.68893 3.24
      vertex -7.19141 1.16336 3.24
      vertex -7.19141 -1.16336 3.24
    endloop
  endfacet
  facet normal 0 0 -1
    outer loop
      vertex -7.47233 -1.68893 3.24
      vertex -7.47233 1.68893 3.24
      vertex -7.19141 1.16336 3.24
    endloop
  endfacet
  facet normal 0 0 -1
    outer loop
      vertex -7.8504 -2.1496 3.24
      vertex -7.47233 1.68893 3.24
      vertex -7.47233 -1.68893 3.24
    endloop
  endfacet
  facet normal 0 0 -1
    outer loop
      vertex -7.8504 -2.1496 3.24
      vertex -7.8504 2.1496 3.24
      vertex -7.47233 1.68893 3.24
    endloop
  endfacet
  facet normal 0 0 -1
    outer loop
      vertex -8.31107 -2.52767 3.24
      vertex -7.8504 2.1496 3.24
      vertex -7.8504 -2.1496 3.24
    endloop
  endfacet
  facet normal 0 0 -1
    outer loop
      vertex -8.31107 -2.52767 3.24
      vertex -8.31107 2.52767 3.24
      vertex -7.8504 2.1496 3.24
    endloop
  endfacet
  facet normal 0 0 -1
    outer loop
      vertex -8.83664 -2.80859 3.24
      vertex -8.31107 2.52767 3.24
      vertex -8.31107 -2.52767 3.24
    endloop
  endfacet
  facet normal 0 0 -1
    outer loop
      vertex -8.83664 -2.80859 3.24
      vertex -8.83664 2.80859 3.24
      vertex -8.31107 2.52767 3.24
    endloop
  endfacet
  facet normal 0 0 -1
    outer loop
      vertex -9.40693 -2.98159 3.24
      vertex -8.83664 2.80859 3.24
      vertex -8.83664 -2.80859 3.24
    endloop
  endfacet
  facet normal 0 0 -1
    outer loop
      vertex -9.40693 -2.98159 3.24
      vertex -9.40693 2.98159 3.24
      vertex -8.83664 2.80859 3.24
    endloop
  endfacet
  facet normal 0 0 -1
    outer loop
      vertex -10 -3.04 3.24
      vertex -9.40693 2.98159 3.24
      vertex -9.40693 -2.98159 3.24
    endloop
  endfacet
  facet normal 0 0 -1
    outer loop
      vertex -10 -3.04 3.24
      vertex -10 3.04 3.24
      vertex -9.40693 2.98159 3.24
    endloop
  endfacet
  facet normal 0 0 -1
    outer loop
      vertex -10.5931 -2.98159 3.24
      vertex -10 3.04 3.24
      vertex -10 -3.04 3.24
    endloop
  endfacet
  facet normal 0 0 -1
    outer loop
      vertex -10.5931 -2.98159 3.24
      vertex -10.5931 2.98159 3.24
      vertex -10 3.04 3.24
    endloop
  endfacet
  facet normal 0 0 -1
    outer loop
      vertex -11.1634 -2.80859 3.24
      vertex -10.5931 2.98159 3.24
      vertex -10.5931 -2.98159 3.24
    endloop
  endfacet
  facet normal 0 0 -1
    outer loop
      vertex -11.1634 -2.80859 3.24
      vertex -11.1634 2.80859 3.24
      vertex -10.5931 2.98159 3.24
    endloop
  endfacet
  facet normal 0 0 -1
    outer loop
      vertex -11.6889 -2.52767 3.24
      vertex -11.1634 2.80859 3.24
      vertex -11.1634 -2.80859 3.24
    endloop
  endfacet
  facet normal 0 0 -1
    outer loop
      vertex -11.6889 -2.52767 3.24
      vertex -11.6889 2.52767 3.24
      vertex -11.1634 2.80859 3.24
    endloop
  endfacet
  facet normal 0 0 -1
    outer loop
      vertex -12.1496 -2.1496 3.24
      vertex -11.6889 2.52767 3.24
      vertex -11.6889 -2.52767 3.24
    endloop
  endfacet
  facet normal 0 0 -1
    outer loop
      vertex -12.1496 -2.1496 3.24
      vertex -12.1496 2.1496 3.24
      vertex -11.6889 2.52767 3.24
    endloop
  endfacet
  facet normal 0 0 -1
    outer loop
      vertex -12.5277 -1.68893 3.24
      vertex -12.1496 2.1496 3.24
      vertex -12.1496 -2.1496 3.24
    endloop
  endfacet
  facet normal 0 0 -1
    outer loop
      vertex -12.5277 -1.68893 3.24
      vertex -12.5277 1.68893 3.24
      vertex -12.1496 2.1496 3.24
    endloop
  endfacet
  facet normal 0 0 -1
    outer loop
      vertex -12.8086 -1.16336 3.24
      vertex -12.5277 1.68893 3.24
      vertex -12.5277 -1.68893 3.24
    endloop
  endfacet
  facet normal 0 0 -1
    outer loop
      vertex -12.8086 -1.16336 3.24
      vertex -12.8086 1.16336 3.24
      vertex -12.5277 1.68893 3.24
    endloop
  endfacet
  facet normal 0 0 -1
    outer loop
      vertex -12.9816 -0.593074 3.24
      vertex -12.8086 1.16336 3.24
      vertex -12.8086 -1.16336 3.24
    endloop
  endfacet
  facet normal 0 0 -1
    outer loop
      vertex -12.9816 -0.593074 3.24
      vertex -12.9816 0.593074 3.24
      vertex -12.8086 1.16336 3.24
    endloop
  endfacet
  facet normal 0 -0 -1
    outer loop
      vertex -12.9816 0.593074 3.24
      vertex -12.9816 -0.593074 3.24
      vertex -13.04 0 3.24
    endloop
  endfacet
  facet normal 0 0 1
    outer loop
      vertex -7.01841 0.593074 0.2
      vertex -7.01841 -0.593074 0.2
      vertex -6.96 0 0.2
    endloop
  endfacet
  facet normal 0 0 1
    outer loop
      vertex -7.19141 1.16336 0.2
      vertex -7.01841 -0.593074 0.2
      vertex -7.01841 0.593074 0.2
    endloop
  endfacet
  facet normal 0 0 1
    outer loop
      vertex -7.19141 1.16336 0.2
      vertex -7.19141 -1.16336 0.2
      vertex -7.01841 -0.593074 0.2
    endloop
  endfacet
  facet normal 0 0 1
    outer loop
      vertex -7.47233 1.68893 0.2
      vertex -7.19141 -1.16336 0.2
      vertex -7.19141 1.16336 0.2
    endloop
  endfacet
  facet normal 0 0 1
    outer loop
      vertex -7.47233 1.68893 0.2
      vertex -7.47233 -1.68893 0.2
      vertex -7.19141 -1.16336 0.2
    endloop
  endfacet
  facet normal 0 0 1
    outer loop
      vertex -7.8504 2.1496 0.2
      vertex -7.47233 -1.68893 0.2
      vertex -7.47233 1.68893 0.2
    endloop
  endfacet
  facet normal 0 0 1
    outer loop
      vertex -7.8504 2.1496 0.2
      vertex -7.8504 -2.1496 0.2
      vertex -7.47233 -1.68893 0.2
    endloop
  endfacet
  facet normal 0 0 1
    outer loop
      vertex -8.31107 2.52767 0.2
      vertex -7.8504 -2.1496 0.2
      vertex -7.8504 2.1496 0.2
    endloop
  endfacet
  facet normal 0 0 1
    outer loop
      vertex -8.31107 2.52767 0.2
      vertex -8.31107 -2.52767 0.2
      vertex -7.8504 -2.1496 0.2
    endloop
  endfacet
  facet normal 0 0 1
    outer loop
      vertex -8.83664 2.80859 0.2
      vertex -8.31107 -2.52767 0.2
      vertex -8.31107 2.52767 0.2
    endloop
  endfacet
  facet normal 0 0 1
    outer loop
      vertex -8.83664 2.80859 0.2
      vertex -8.83664 -2.80859 0.2
      vertex -8.31107 -2.52767 0.2
    endloop
  endfacet
  facet normal 0 0 1
    outer loop
      vertex -9.40693 2.98159 0.2
      vertex -8.83664 -2.80859 0.2
      vertex -8.83664 2.80859 0.2
    endloop
  endfacet
  facet normal 0 0 1
    outer loop
      vertex -9.40693 2.98159 0.2
      vertex -9.40693 -2.98159 0.2
      vertex -8.83664 -2.80859 0.2
    endloop
  endfacet
  facet normal 0 0 1
    outer loop
      vertex -10 3.04 0.2
      vertex -9.40693 -2.98159 0.2
      vertex -9.40693 2.98159 0.2
    endloop
  endfacet
  facet normal 0 0 1
    outer loop
      vertex -10 3.04 0.2
      vertex -10 -3.04 0.2
      vertex -9.40693 -2.98159 0.2
    endloop
  endfacet
  facet normal -0 0 1
    outer loop
      vertex -10.5931 2.98159 0.2
      vertex -10 -3.04 0.2
      vertex -10 3.04 0.2
    endloop
  endfacet
  facet normal 0 0 1
    outer loop
      vertex -10.5931 2.98159 0.2
      vertex -10.5931 -2.98159 0.2
      vertex -10 -3.04 0.2
    endloop
  endfacet
  facet normal -0 0 1
    outer loop
      vertex -11.1634 2.80859 0.2
      vertex -10.5931 -2.98159 0.2
      vertex -10.5931 2.98159 0.2
    endloop
  endfacet
  facet normal 0 0 1
    outer loop
      vertex -11.1634 2.80859 0.2
      vertex -11.1634 -2.80859 0.2
      vertex -10.5931 -2.98159 0.2
    endloop
  endfacet
  facet normal -0 0 1
    outer loop
      vertex -11.6889 2.52767 0.2
      vertex -11.1634 -2.80859 0.2
      vertex -11.1634 2.80859 0.2
    endloop
  endfacet
  facet normal 0 0 1
    outer loop
      vertex -11.6889 2.52767 0.2
      vertex -11.6889 -2.52767 0.2
      vertex -11.1634 -2.80859 0.2
    endloop
  endfacet
  facet normal -0 0 1
    outer loop
      vertex -12.1496 2.1496 0.2
      vertex -11.6889 -2.52767 0.2
      vertex -11.6889 2.52767 0.2
    endloop
  endfacet
  facet normal 0 0 1
    outer loop
      vertex -12.1496 2.1496 0.2
      vertex -12.1496 -2.1496 0.2
      vertex -11.6889 -2.52767 0.2
    endloop
  endfacet
  facet normal -0 0 1
    outer loop
      vertex -12.5277 1.68893 0.2
      vertex -12.1496 -2.1496 0.2
      vertex -12.1496 2.1496 0.2
    endloop
  endfacet
  facet normal 0 0 1
    outer loop
      vertex -12.5277 1.68893 0.2
      vertex -12.5277 -1.68893 0.2
      vertex -12.1496 -2.1496 0.2
    endloop
  endfacet
  facet normal -0 0 1
    outer loop
      vertex -12.8086 1.16336 0.2
      vertex -12.5277 -1.68893 0.2
      vertex -12.5277 1.68893 0.2
    endloop
  endfacet
  facet normal 0 0 1
    outer loop
      vertex -12.8086 1.16336 0.2
      vertex -12.8086 -1.16336 0.2
      vertex -12.5277 -1.68893 0.2
    endloop
  endfacet
  facet normal -0 0 1
    outer loop
      vertex -12.9816 0.593074 0.2
      vertex -12.8086 -1.16336 0.2
      vertex -12.8086 1.16336 0.2
    endloop
  endfacet
  facet normal 0 0 1
    outer loop
      vertex -12.9816 0.593074 0.2
      vertex -12.9816 -0.593074 0.2
      vertex -12.8086 -1.16336 0.2
    endloop
  endfacet
  facet normal 0 -0 1
    outer loop
      vertex -12.9816 -0.593074 0.2
      vertex -12.9816 0.593074 0.2
      vertex -13.04 0 0.2
    endloop
  endfacet
  facet normal 0.0980084 -0.995186 0
    outer loop
      vertex -10.5931 2.98159 0.2
      vertex -10 3.04 3.24
      vertex -10.5931 2.98159 3.24
    endloop
  endfacet
  facet normal 0.0980084 -0.995186 0
    outer loop
      vertex -10 3.04 3.24
      vertex -10.5931 2.98159 0.2
      vertex -10 3.04 0.2
    endloop
  endfacet
  facet normal 0.881937 -0.471367 0
    outer loop
      vertex -12.8086 1.16336 3.24
      vertex -12.5277 1.68893 0.2
      vertex -12.5277 1.68893 3.24
    endloop
  endfacet
  facet normal 0.881937 -0.471367 0
    outer loop
      vertex -12.5277 1.68893 0.2
      vertex -12.8086 1.16336 3.24
      vertex -12.8086 1.16336 0.2
    endloop
  endfacet
  facet normal 0.956938 0.290293 0
    outer loop
      vertex -12.8086 -1.16336 3.24
      vertex -12.9816 -0.593074 0.2
      vertex -12.9816 -0.593074 3.24
    endloop
  endfacet
  facet normal 0.956938 0.290293 0
    outer loop
      vertex -12.9816 -0.593074 0.2
      vertex -12.8086 -1.16336 3.24
      vertex -12.8086 -1.16336 0.2
    endloop
  endfacet
  facet normal 0.995187 0.097996 0
    outer loop
      vertex -12.9816 -0.593074 3.24
      vertex -13.04 0 0.2
      vertex -13.04 0 3.24
    endloop
  endfacet
  facet normal 0.995187 0.097996 0
    outer loop
      vertex -13.04 0 0.2
      vertex -12.9816 -0.593074 3.24
      vertex -12.9816 -0.593074 0.2
    endloop
  endfacet
  facet normal 0.772979 0.634431 0
    outer loop
      vertex -12.1496 -2.1496 3.24
      vertex -12.5277 -1.68893 0.2
      vertex -12.5277 -1.68893 3.24
    endloop
  endfacet
  facet normal 0.772979 0.634431 0
    outer loop
      vertex -12.5277 -1.68893 0.2
      vertex -12.1496 -2.1496 3.24
      vertex -12.1496 -2.1496 0.2
    endloop
  endfacet
  facet normal 0.471442 0.881897 -0
    outer loop
      vertex -11.1634 -2.80859 0.2
      vertex -11.6889 -2.52767 3.24
      vertex -11.1634 -2.80859 3.24
    endloop
  endfacet
  facet normal 0.471442 0.881897 0
    outer loop
      vertex -11.6889 -2.52767 3.24
      vertex -11.1634 -2.80859 0.2
      vertex -11.6889 -2.52767 0.2
    endloop
  endfacet
  facet normal -0.773004 0.634401 0
    outer loop
      vertex -7.8504 -2.1496 0.2
      vertex -7.47233 -1.68893 3.24
      vertex -7.47233 -1.68893 0.2
    endloop
  endfacet
  facet normal -0.773004 0.634401 0
    outer loop
      vertex -7.47233 -1.68893 3.24
      vertex -7.8504 -2.1496 0.2
      vertex -7.8504 -2.1496 3.24
    endloop
  endfacet
  facet normal 0.956938 -0.290293 0
    outer loop
      vertex 7.01841 0.593074 3.24
      vertex 7.19141 1.16336 0.2
      vertex 7.19141 1.16336 3.24
    endloop
  endfacet
  facet normal 0.956938 -0.290293 0
    outer loop
      vertex 7.19141 1.16336 0.2
      vertex 7.01841 0.593074 3.24
      vertex 7.01841 0.593074 0.2
    endloop
  endfacet
  facet normal -0.0980084 0.995186 0
    outer loop
      vertex 10.5931 -2.98159 0.2
      vertex 10 -3.04 3.24
      vertex 10.5931 -2.98159 3.24
    endloop
  endfacet
  facet normal -0.0980084 0.995186 0
    outer loop
      vertex 10 -3.04 3.24
      vertex 10.5931 -2.98159 0.2
      vertex 10 -3.04 0.2
    endloop
  endfacet
  facet normal -0.956938 -0.290293 0
    outer loop
      vertex 12.9816 0.593074 0.2
      vertex 12.8086 1.16336 3.24
      vertex 12.8086 1.16336 0.2
    endloop
  endfacet
  facet normal -0.956938 -0.290293 0
    outer loop
      vertex 12.8086 1.16336 3.24
      vertex 12.9816 0.593074 0.2
      vertex 12.9816 0.593074 3.24
    endloop
  endfacet
  facet normal -0.995187 -0.097996 0
    outer loop
      vertex 13.04 0 0.2
      vertex 12.9816 0.593074 3.24
      vertex 12.9816 0.593074 0.2
    endloop
  endfacet
  facet normal -0.995187 -0.097996 0
    outer loop
      vertex 12.9816 0.593074 3.24
      vertex 13.04 0 0.2
      vertex 13.04 0 3.24
    endloop
  endfacet
  facet normal -0.881937 -0.471367 0
    outer loop
      vertex 12.8086 1.16336 0.2
      vertex 12.5277 1.68893 3.24
      vertex 12.5277 1.68893 0.2
    endloop
  endfacet
  facet normal -0.881937 -0.471367 0
    outer loop
      vertex 12.5277 1.68893 3.24
      vertex 12.8086 1.16336 0.2
      vertex 12.8086 1.16336 3.24
    endloop
  endfacet
  facet normal 0.634401 -0.773004 0
    outer loop
      vertex 7.8504 2.1496 0.2
      vertex 8.31107 2.52767 3.24
      vertex 7.8504 2.1496 3.24
    endloop
  endfacet
  facet normal 0.634401 -0.773004 0
    outer loop
      vertex 8.31107 2.52767 3.24
      vertex 7.8504 2.1496 0.2
      vertex 8.31107 2.52767 0.2
    endloop
  endfacet
  facet normal 0.773004 -0.634401 0
    outer loop
      vertex 7.47233 1.68893 3.24
      vertex 7.8504 2.1496 0.2
      vertex 7.8504 2.1496 3.24
    endloop
  endfacet
  facet normal 0.773004 -0.634401 0
    outer loop
      vertex 7.8504 2.1496 0.2
      vertex 7.47233 1.68893 3.24
      vertex 7.47233 1.68893 0.2
    endloop
  endfacet
  facet normal -0.0980084 -0.995186 0
    outer loop
      vertex 10 3.04 0.2
      vertex 10.5931 2.98159 3.24
      vertex 10 3.04 3.24
    endloop
  endfacet
  facet normal -0.0980084 -0.995186 -0
    outer loop
      vertex 10.5931 2.98159 3.24
      vertex 10 3.04 0.2
      vertex 10.5931 2.98159 0.2
    endloop
  endfacet
  facet normal 0.881923 0.471393 0
    outer loop
      vertex 7.47233 -1.68893 3.24
      vertex 7.19141 -1.16336 0.2
      vertex 7.19141 -1.16336 3.24
    endloop
  endfacet
  facet normal 0.881923 0.471393 0
    outer loop
      vertex 7.19141 -1.16336 0.2
      vertex 7.47233 -1.68893 3.24
      vertex 7.47233 -1.68893 0.2
    endloop
  endfacet
  facet normal -0.772979 -0.634431 0
    outer loop
      vertex 12.5277 1.68893 0.2
      vertex 12.1496 2.1496 3.24
      vertex 12.1496 2.1496 0.2
    endloop
  endfacet
  facet normal -0.772979 -0.634431 0
    outer loop
      vertex 12.1496 2.1496 3.24
      vertex 12.5277 1.68893 0.2
      vertex 12.5277 1.68893 3.24
    endloop
  endfacet
  facet normal -0.881937 0.471367 0
    outer loop
      vertex 12.5277 -1.68893 0.2
      vertex 12.8086 -1.16336 3.24
      vertex 12.8086 -1.16336 0.2
    endloop
  endfacet
  facet normal -0.881937 0.471367 0
    outer loop
      vertex 12.8086 -1.16336 3.24
      vertex 12.5277 -1.68893 0.2
      vertex 12.5277 -1.68893 3.24
    endloop
  endfacet
  facet normal -0.290287 0.95694 0
    outer loop
      vertex 11.1634 -2.80859 0.2
      vertex 10.5931 -2.98159 3.24
      vertex 11.1634 -2.80859 3.24
    endloop
  endfacet
  facet normal -0.290287 0.95694 0
    outer loop
      vertex 10.5931 -2.98159 3.24
      vertex 11.1634 -2.80859 0.2
      vertex 10.5931 -2.98159 0.2
    endloop
  endfacet
  facet normal 0.471393 -0.881923 0
    outer loop
      vertex 8.31107 2.52767 0.2
      vertex 8.83664 2.80859 3.24
      vertex 8.31107 2.52767 3.24
    endloop
  endfacet
  facet normal 0.471393 -0.881923 0
    outer loop
      vertex 8.83664 2.80859 3.24
      vertex 8.31107 2.52767 0.2
      vertex 8.83664 2.80859 0.2
    endloop
  endfacet
  facet normal -0.471442 -0.881897 0
    outer loop
      vertex 11.1634 2.80859 0.2
      vertex 11.6889 2.52767 3.24
      vertex 11.1634 2.80859 3.24
    endloop
  endfacet
  facet normal -0.471442 -0.881897 -0
    outer loop
      vertex 11.6889 2.52767 3.24
      vertex 11.1634 2.80859 0.2
      vertex 11.6889 2.52767 0.2
    endloop
  endfacet
  facet normal -0.956938 0.290293 0
    outer loop
      vertex 12.8086 -1.16336 0.2
      vertex 12.9816 -0.593074 3.24
      vertex 12.9816 -0.593074 0.2
    endloop
  endfacet
  facet normal -0.956938 0.290293 0
    outer loop
      vertex 12.9816 -0.593074 3.24
      vertex 12.8086 -1.16336 0.2
      vertex 12.8086 -1.16336 3.24
    endloop
  endfacet
  facet normal -0.471442 0.881897 0
    outer loop
      vertex 11.6889 -2.52767 0.2
      vertex 11.1634 -2.80859 3.24
      vertex 11.6889 -2.52767 3.24
    endloop
  endfacet
  facet normal -0.471442 0.881897 0
    outer loop
      vertex 11.1634 -2.80859 3.24
      vertex 11.6889 -2.52767 0.2
      vertex 11.1634 -2.80859 0.2
    endloop
  endfacet
  facet normal 0.634401 0.773004 -0
    outer loop
      vertex 8.31107 -2.52767 0.2
      vertex 7.8504 -2.1496 3.24
      vertex 8.31107 -2.52767 3.24
    endloop
  endfacet
  facet normal 0.634401 0.773004 0
    outer loop
      vertex 7.8504 -2.1496 3.24
      vertex 8.31107 -2.52767 0.2
      vertex 7.8504 -2.1496 0.2
    endloop
  endfacet
  facet normal -0.290287 -0.95694 0
    outer loop
      vertex 10.5931 2.98159 0.2
      vertex 11.1634 2.80859 3.24
      vertex 10.5931 2.98159 3.24
    endloop
  endfacet
  facet normal -0.290287 -0.95694 -0
    outer loop
      vertex 11.1634 2.80859 3.24
      vertex 10.5931 2.98159 0.2
      vertex 11.1634 2.80859 0.2
    endloop
  endfacet
  facet normal 0.290291 0.956938 -0
    outer loop
      vertex 9.40693 -2.98159 0.2
      vertex 8.83664 -2.80859 3.24
      vertex 9.40693 -2.98159 3.24
    endloop
  endfacet
  facet normal 0.290291 0.956938 0
    outer loop
      vertex 8.83664 -2.80859 3.24
      vertex 9.40693 -2.98159 0.2
      vertex 8.83664 -2.80859 0.2
    endloop
  endfacet
  facet normal -0.995187 0.097996 0
    outer loop
      vertex 12.9816 -0.593074 0.2
      vertex 13.04 0 3.24
      vertex 13.04 0 0.2
    endloop
  endfacet
  facet normal -0.995187 0.097996 0
    outer loop
      vertex 13.04 0 3.24
      vertex 12.9816 -0.593074 0.2
      vertex 12.9816 -0.593074 3.24
    endloop
  endfacet
  facet normal 0.995185 -0.0980127 0
    outer loop
      vertex 6.96 0 3.24
      vertex 7.01841 0.593074 0.2
      vertex 7.01841 0.593074 3.24
    endloop
  endfacet
  facet normal 0.995185 -0.0980127 0
    outer loop
      vertex 7.01841 0.593074 0.2
      vertex 6.96 0 3.24
      vertex 6.96 0 0.2
    endloop
  endfacet
  facet normal -0.634377 0.773024 0
    outer loop
      vertex 12.1496 -2.1496 0.2
      vertex 11.6889 -2.52767 3.24
      vertex 12.1496 -2.1496 3.24
    endloop
  endfacet
  facet normal -0.634377 0.773024 0
    outer loop
      vertex 11.6889 -2.52767 3.24
      vertex 12.1496 -2.1496 0.2
      vertex 11.6889 -2.52767 0.2
    endloop
  endfacet
  facet normal 0.290291 -0.956938 0
    outer loop
      vertex 8.83664 2.80859 0.2
      vertex 9.40693 2.98159 3.24
      vertex 8.83664 2.80859 3.24
    endloop
  endfacet
  facet normal 0.290291 -0.956938 0
    outer loop
      vertex 9.40693 2.98159 3.24
      vertex 8.83664 2.80859 0.2
      vertex 9.40693 2.98159 0.2
    endloop
  endfacet
  facet normal -0.634377 -0.773024 0
    outer loop
      vertex 11.6889 2.52767 0.2
      vertex 12.1496 2.1496 3.24
      vertex 11.6889 2.52767 3.24
    endloop
  endfacet
  facet normal -0.634377 -0.773024 -0
    outer loop
      vertex 12.1496 2.1496 3.24
      vertex 11.6889 2.52767 0.2
      vertex 12.1496 2.1496 0.2
    endloop
  endfacet
  facet normal 0.0980133 0.995185 -0
    outer loop
      vertex 10 -3.04 0.2
      vertex 9.40693 -2.98159 3.24
      vertex 10 -3.04 3.24
    endloop
  endfacet
  facet normal 0.0980133 0.995185 0
    outer loop
      vertex 9.40693 -2.98159 3.24
      vertex 10 -3.04 0.2
      vertex 9.40693 -2.98159 0.2
    endloop
  endfacet
  facet normal 0 0 -1
    outer loop
      vertex 12.9816 -0.593074 3.24
      vertex 12.9816 0.593074 3.24
      vertex 13.04 0 3.24
    endloop
  endfacet
  facet normal 0 0 -1
    outer loop
      vertex 12.8086 -1.16336 3.24
      vertex 12.9816 0.593074 3.24
      vertex 12.9816 -0.593074 3.24
    endloop
  endfacet
  facet normal 0 0 -1
    outer loop
      vertex 12.8086 -1.16336 3.24
      vertex 12.8086 1.16336 3.24
      vertex 12.9816 0.593074 3.24
    endloop
  endfacet
  facet normal 0 0 -1
    outer loop
      vertex 12.5277 -1.68893 3.24
      vertex 12.8086 1.16336 3.24
      vertex 12.8086 -1.16336 3.24
    endloop
  endfacet
  facet normal 0 0 -1
    outer loop
      vertex 12.5277 -1.68893 3.24
      vertex 12.5277 1.68893 3.24
      vertex 12.8086 1.16336 3.24
    endloop
  endfacet
  facet normal 0 0 -1
    outer loop
      vertex 12.1496 -2.1496 3.24
      vertex 12.5277 1.68893 3.24
      vertex 12.5277 -1.68893 3.24
    endloop
  endfacet
  facet normal 0 0 -1
    outer loop
      vertex 12.1496 -2.1496 3.24
      vertex 12.1496 2.1496 3.24
      vertex 12.5277 1.68893 3.24
    endloop
  endfacet
  facet normal 0 0 -1
    outer loop
      vertex 11.6889 -2.52767 3.24
      vertex 12.1496 2.1496 3.24
      vertex 12.1496 -2.1496 3.24
    endloop
  endfacet
  facet normal 0 0 -1
    outer loop
      vertex 11.6889 -2.52767 3.24
      vertex 11.6889 2.52767 3.24
      vertex 12.1496 2.1496 3.24
    endloop
  endfacet
  facet normal 0 0 -1
    outer loop
      vertex 11.1634 -2.80859 3.24
      vertex 11.6889 2.52767 3.24
      vertex 11.6889 -2.52767 3.24
    endloop
  endfacet
  facet normal 0 0 -1
    outer loop
      vertex 11.1634 -2.80859 3.24
      vertex 11.1634 2.80859 3.24
      vertex 11.6889 2.52767 3.24
    endloop
  endfacet
  facet normal 0 0 -1
    outer loop
      vertex 10.5931 -2.98159 3.24
      vertex 11.1634 2.80859 3.24
      vertex 11.1634 -2.80859 3.24
    endloop
  endfacet
  facet normal 0 0 -1
    outer loop
      vertex 10.5931 -2.98159 3.24
      vertex 10.5931 2.98159 3.24
      vertex 11.1634 2.80859 3.24
    endloop
  endfacet
  facet normal 0 0 -1
    outer loop
      vertex 10 -3.04 3.24
      vertex 10.5931 2.98159 3.24
      vertex 10.5931 -2.98159 3.24
    endloop
  endfacet
  facet normal 0 0 -1
    outer loop
      vertex 10 -3.04 3.24
      vertex 10 3.04 3.24
      vertex 10.5931 2.98159 3.24
    endloop
  endfacet
  facet normal 0 0 -1
    outer loop
      vertex 9.40693 -2.98159 3.24
      vertex 10 3.04 3.24
      vertex 10 -3.04 3.24
    endloop
  endfacet
  facet normal 0 0 -1
    outer loop
      vertex 9.40693 -2.98159 3.24
      vertex 9.40693 2.98159 3.24
      vertex 10 3.04 3.24
    endloop
  endfacet
  facet normal 0 0 -1
    outer loop
      vertex 8.83664 -2.80859 3.24
      vertex 9.40693 2.98159 3.24
      vertex 9.40693 -2.98159 3.24
    endloop
  endfacet
  facet normal 0 0 -1
    outer loop
      vertex 8.83664 -2.80859 3.24
      vertex 8.83664 2.80859 3.24
      vertex 9.40693 2.98159 3.24
    endloop
  endfacet
  facet normal 0 0 -1
    outer loop
      vertex 8.31107 -2.52767 3.24
      vertex 8.83664 2.80859 3.24
      vertex 8.83664 -2.80859 3.24
    endloop
  endfacet
  facet normal 0 0 -1
    outer loop
      vertex 8.31107 -2.52767 3.24
      vertex 8.31107 2.52767 3.24
      vertex 8.83664 2.80859 3.24
    endloop
  endfacet
  facet normal 0 0 -1
    outer loop
      vertex 7.8504 -2.1496 3.24
      vertex 8.31107 2.52767 3.24
      vertex 8.31107 -2.52767 3.24
    endloop
  endfacet
  facet normal 0 0 -1
    outer loop
      vertex 7.8504 -2.1496 3.24
      vertex 7.8504 2.1496 3.24
      vertex 8.31107 2.52767 3.24
    endloop
  endfacet
  facet normal 0 0 -1
    outer loop
      vertex 7.47233 -1.68893 3.24
      vertex 7.8504 2.1496 3.24
      vertex 7.8504 -2.1496 3.24
    endloop
  endfacet
  facet normal 0 0 -1
    outer loop
      vertex 7.47233 -1.68893 3.24
      vertex 7.47233 1.68893 3.24
      vertex 7.8504 2.1496 3.24
    endloop
  endfacet
  facet normal 0 0 -1
    outer loop
      vertex 7.19141 -1.16336 3.24
      vertex 7.47233 1.68893 3.24
      vertex 7.47233 -1.68893 3.24
    endloop
  endfacet
  facet normal 0 0 -1
    outer loop
      vertex 7.19141 -1.16336 3.24
      vertex 7.19141 1.16336 3.24
      vertex 7.47233 1.68893 3.24
    endloop
  endfacet
  facet normal 0 0 -1
    outer loop
      vertex 7.01841 -0.593074 3.24
      vertex 7.19141 1.16336 3.24
      vertex 7.19141 -1.16336 3.24
    endloop
  endfacet
  facet normal 0 0 -1
    outer loop
      vertex 7.01841 -0.593074 3.24
      vertex 7.01841 0.593074 3.24
      vertex 7.19141 1.16336 3.24
    endloop
  endfacet
  facet normal 0 -0 -1
    outer loop
      vertex 7.01841 0.593074 3.24
      vertex 7.01841 -0.593074 3.24
      vertex 6.96 0 3.24
    endloop
  endfacet
  facet normal 0 0 1
    outer loop
      vertex 12.9816 0.593074 0.2
      vertex 12.9816 -0.593074 0.2
      vertex 13.04 0 0.2
    endloop
  endfacet
  facet normal 0 0 1
    outer loop
      vertex 12.8086 1.16336 0.2
      vertex 12.9816 -0.593074 0.2
      vertex 12.9816 0.593074 0.2
    endloop
  endfacet
  facet normal 0 0 1
    outer loop
      vertex 12.8086 1.16336 0.2
      vertex 12.8086 -1.16336 0.2
      vertex 12.9816 -0.593074 0.2
    endloop
  endfacet
  facet normal 0 0 1
    outer loop
      vertex 12.5277 1.68893 0.2
      vertex 12.8086 -1.16336 0.2
      vertex 12.8086 1.16336 0.2
    endloop
  endfacet
  facet normal 0 0 1
    outer loop
      vertex 12.5277 1.68893 0.2
      vertex 12.5277 -1.68893 0.2
      vertex 12.8086 -1.16336 0.2
    endloop
  endfacet
  facet normal 0 0 1
    outer loop
      vertex 12.1496 2.1496 0.2
      vertex 12.5277 -1.68893 0.2
      vertex 12.5277 1.68893 0.2
    endloop
  endfacet
  facet normal 0 0 1
    outer loop
      vertex 12.1496 2.1496 0.2
      vertex 12.1496 -2.1496 0.2
      vertex 12.5277 -1.68893 0.2
    endloop
  endfacet
  facet normal 0 0 1
    outer loop
      vertex 11.6889 2.52767 0.2
      vertex 12.1496 -2.1496 0.2
      vertex 12.1496 2.1496 0.2
    endloop
  endfacet
  facet normal 0 0 1
    outer loop
      vertex 11.6889 2.52767 0.2
      vertex 11.6889 -2.52767 0.2
      vertex 12.1496 -2.1496 0.2
    endloop
  endfacet
  facet normal 0 0 1
    outer loop
      vertex 11.1634 2.80859 0.2
      vertex 11.6889 -2.52767 0.2
      vertex 11.6889 2.52767 0.2
    endloop
  endfacet
  facet normal 0 0 1
    outer loop
      vertex 11.1634 2.80859 0.2
      vertex 11.1634 -2.80859 0.2
      vertex 11.6889 -2.52767 0.2
    endloop
  endfacet
  facet normal 0 0 1
    outer loop
      vertex 10.5931 2.98159 0.2
      vertex 11.1634 -2.80859 0.2
      vertex 11.1634 2.80859 0.2
    endloop
  endfacet
  facet normal 0 0 1
    outer loop
      vertex 10.5931 2.98159 0.2
      vertex 10.5931 -2.98159 0.2
      vertex 11.1634 -2.80859 0.2
    endloop
  endfacet
  facet normal 0 0 1
    outer loop
      vertex 10 3.04 0.2
      vertex 10.5931 -2.98159 0.2
      vertex 10.5931 2.98159 0.2
    endloop
  endfacet
  facet normal 0 0 1
    outer loop
      vertex 10 3.04 0.2
      vertex 10 -3.04 0.2
      vertex 10.5931 -2.98159 0.2
    endloop
  endfacet
  facet normal -0 0 1
    outer loop
      vertex 9.40693 2.98159 0.2
      vertex 10 -3.04 0.2
      vertex 10 3.04 0.2
    endloop
  endfacet
  facet normal 0 0 1
    outer loop
      vertex 9.40693 2.98159 0.2
      vertex 9.40693 -2.98159 0.2
      vertex 10 -3.04 0.2
    endloop
  endfacet
  facet normal -0 0 1
    outer loop
      vertex 8.83664 2.80859 0.2
      vertex 9.40693 -2.98159 0.2
      vertex 9.40693 2.98159 0.2
    endloop
  endfacet
  facet normal 0 0 1
    outer loop
      vertex 8.83664 2.80859 0.2
      vertex 8.83664 -2.80859 0.2
      vertex 9.40693 -2.98159 0.2
    endloop
  endfacet
  facet normal -0 0 1
    outer loop
      vertex 8.31107 2.52767 0.2
      vertex 8.83664 -2.80859 0.2
      vertex 8.83664 2.80859 0.2
    endloop
  endfacet
  facet normal 0 0 1
    outer loop
      vertex 8.31107 2.52767 0.2
      vertex 8.31107 -2.52767 0.2
      vertex 8.83664 -2.80859 0.2
    endloop
  endfacet
  facet normal -0 0 1
    outer loop
      vertex 7.8504 2.1496 0.2
      vertex 8.31107 -2.52767 0.2
      vertex 8.31107 2.52767 0.2
    endloop
  endfacet
  facet normal 0 0 1
    outer loop
      vertex 7.8504 2.1496 0.2
      vertex 7.8504 -2.1496 0.2
      vertex 8.31107 -2.52767 0.2
    endloop
  endfacet
  facet normal -0 0 1
    outer loop
      vertex 7.47233 1.68893 0.2
      vertex 7.8504 -2.1496 0.2
      vertex 7.8504 2.1496 0.2
    endloop
  endfacet
  facet normal 0 0 1
    outer loop
      vertex 7.47233 1.68893 0.2
      vertex 7.47233 -1.68893 0.2
      vertex 7.8504 -2.1496 0.2
    endloop
  endfacet
  facet normal -0 0 1
    outer loop
      vertex 7.19141 1.16336 0.2
      vertex 7.47233 -1.68893 0.2
      vertex 7.47233 1.68893 0.2
    endloop
  endfacet
  facet normal 0 0 1
    outer loop
      vertex 7.19141 1.16336 0.2
      vertex 7.19141 -1.16336 0.2
      vertex 7.47233 -1.68893 0.2
    endloop
  endfacet
  facet normal -0 0 1
    outer loop
      vertex 7.01841 0.593074 0.2
      vertex 7.19141 -1.16336 0.2
      vertex 7.19141 1.16336 0.2
    endloop
  endfacet
  facet normal 0 0 1
    outer loop
      vertex 7.01841 0.593074 0.2
      vertex 7.01841 -0.593074 0.2
      vertex 7.19141 -1.16336 0.2
    endloop
  endfacet
  facet normal 0 -0 1
    outer loop
      vertex 7.01841 -0.593074 0.2
      vertex 7.01841 0.593074 0.2
      vertex 6.96 0 0.2
    endloop
  endfacet
  facet normal 0.0980133 -0.995185 0
    outer loop
      vertex 9.40693 2.98159 0.2
      vertex 10 3.04 3.24
      vertex 9.40693 2.98159 3.24
    endloop
  endfacet
  facet normal 0.0980133 -0.995185 0
    outer loop
      vertex 10 3.04 3.24
      vertex 9.40693 2.98159 0.2
      vertex 10 3.04 0.2
    endloop
  endfacet
  facet normal 0.881923 -0.471393 0
    outer loop
      vertex 7.19141 1.16336 3.24
      vertex 7.47233 1.68893 0.2
      vertex 7.47233 1.68893 3.24
    endloop
  endfacet
  facet normal 0.881923 -0.471393 0
    outer loop
      vertex 7.47233 1.68893 0.2
      vertex 7.19141 1.16336 3.24
      vertex 7.19141 1.16336 0.2
    endloop
  endfacet
  facet normal 0.956938 0.290293 0
    outer loop
      vertex 7.19141 -1.16336 3.24
      vertex 7.01841 -0.593074 0.2
      vertex 7.01841 -0.593074 3.24
    endloop
  endfacet
  facet normal 0.956938 0.290293 0
    outer loop
      vertex 7.01841 -0.593074 0.2
      vertex 7.19141 -1.16336 3.24
      vertex 7.19141 -1.16336 0.2
    endloop
  endfacet
  facet normal 0.995185 0.0980127 0
    outer loop
      vertex 7.01841 -0.593074 3.24
      vertex 6.96 0 0.2
      vertex 6.96 0 3.24
    endloop
  endfacet
  facet normal 0.995185 0.0980127 0
    outer loop
      vertex 6.96 0 0.2
      vertex 7.01841 -0.593074 3.24
      vertex 7.01841 -0.593074 0.2
    endloop
  endfacet
  facet normal 0.773004 0.634401 0
    outer loop
      vertex 7.8504 -2.1496 3.24
      vertex 7.47233 -1.68893 0.2
      vertex 7.47233 -1.68893 3.24
    endloop
  endfacet
  facet normal 0.773004 0.634401 0
    outer loop
      vertex 7.47233 -1.68893 0.2
      vertex 7.8504 -2.1496 3.24
      vertex 7.8504 -2.1496 0.2
    endloop
  endfacet
  facet normal 0.471393 0.881923 -0
    outer loop
      vertex 8.83664 -2.80859 0.2
      vertex 8.31107 -2.52767 3.24
      vertex 8.83664 -2.80859 3.24
    endloop
  endfacet
  facet normal 0.471393 0.881923 0
    outer loop
      vertex 8.31107 -2.52767 3.24
      vertex 8.83664 -2.80859 0.2
      vertex 8.31107 -2.52767 0.2
    endloop
  endfacet
  facet normal -0.772979 0.634431 0
    outer loop
      vertex 12.1496 -2.1496 0.2
      vertex 12.5277 -1.68893 3.24
      vertex 12.5277 -1.68893 0.2
    endloop
  endfacet
  facet normal -0.772979 0.634431 0
    outer loop
      vertex 12.5277 -1.68893 3.24
      vertex 12.1496 -2.1496 0.2
      vertex 12.1496 -2.1496 3.24
    endloop
  endfacet
  facet normal -0.0965893 -0.0334639 -0.994762
    outer loop
      vertex -28.7085 -2.25718 0.416804
      vertex -29.1472 -0.990928 0.416804
      vertex -27.2048 -0.652583 0.216819
    endloop
  endfacet
  facet normal -0.0148589 -0.252117 -0.967583
    outer loop
      vertex -16.4333 -14.1765 0.163577
      vertex -17.3619 -15.2155 0.448563
      vertex -17.0051 -14.1428 0.163577
    endloop
  endfacet
  facet normal -0.149415 -0.0168039 -0.988632
    outer loop
      vertex -29.1472 -0.990928 0.416804
      vertex -30.799 -1.27867 0.671337
      vertex -29.2953 0.325933 0.416804
    endloop
  endfacet
  facet normal -0.0965961 -0.0334574 -0.994761
    outer loop
      vertex -26.8789 -1.5935 0.216819
      vertex -28.7085 -2.25718 0.416804
      vertex -27.2048 -0.652583 0.216819
    endloop
  endfacet
  facet normal 0.0388257 0.471351 -0.88109
    outer loop
      vertex 11.2606 14.7535 1.33604
      vertex -3.61286 15.8085 1.24502
      vertex -3.61286 16.6059 1.6716
    endloop
  endfacet
  facet normal -0.126761 -0.0902084 -0.987823
    outer loop
      vertex -19.1411 -13.0944 0.163577
      vertex -29.3966 -4.24358 0.671337
      vertex -27.9962 -3.42417 0.416804
    endloop
  endfacet
  facet normal 0.396433 -0.571414 -0.718559
    outer loop
      vertex 23.0467 -18.0216 2.81533
      vertex 22.5515 -17.2735 1.94722
      vertex 32.326 -9.95321 1.51862
    endloop
  endfacet
  facet normal 0.390899 0.920434 0
    outer loop
      vertex 33.6936 9.45619 4.24491
      vertex 14.7103 17.5182 5.30901
      vertex 14.7103 17.5182 6.46285
    endloop
  endfacet
  facet normal 0.390899 0.920434 0
    outer loop
      vertex 14.7103 17.5182 5.30901
      vertex 33.6936 9.45619 4.24491
      vertex 33.6936 9.45619 3.48705
    endloop
  endfacet
  facet normal 0.0610635 -0.00833698 -0.998099
    outer loop
      vertex 29.6779 -4.1739 0.198802
      vertex 27.5499 -4.639 0.0724964
      vertex 27.6134 -4.1739 0.0724964
    endloop
  endfacet
  facet normal 0.255265 0.290459 0.922211
    outer loop
      vertex 14.4532 13.7164 10.4358
      vertex 14.2799 11.8332 11.0769
      vertex 15.3239 12.9512 10.4358
    endloop
  endfacet
  facet normal -0.0772149 0.132001 -0.988238
    outer loop
      vertex -24.9701 10.4549 0.0299263
      vertex -25.3097 12.0357 0.267611
      vertex -25.0584 12.1827 0.267611
    endloop
  endfacet
  facet normal -0.143635 -0.0497631 -0.988379
    outer loop
      vertex -28.7085 -2.25718 0.416804
      vertex -30.799 -1.27867 0.671337
      vertex -29.1472 -0.990928 0.416804
    endloop
  endfacet
  facet normal -0.0038498 0.0583038 0.998291
    outer loop
      vertex -15.4301 5.46891 12.7311
      vertex -24.7969 10.5213 12.3999
      vertex -15.4301 5.43809 12.7329
    endloop
  endfacet
  facet normal -0.00373758 0.0585115 0.99828
    outer loop
      vertex 4.63207 -5.35233 13.4405
      vertex -9.59167 2.26972 12.9405
      vertex 4.47239 -5.36253 13.4405
    endloop
  endfacet
  facet normal -0.0030303 0.0598264 0.998204
    outer loop
      vertex -9.59167 2.26972 12.9405
      vertex 4.63207 -5.35233 13.4405
      vertex -9.6539 2.35333 12.9353
    endloop
  endfacet
  facet normal -0.00356262 0.0592483 0.998237
    outer loop
      vertex -13.4492 4.36311 12.8033
      vertex -13.3026 4.32138 12.8063
      vertex -13.4459 4.39869 12.8012
    endloop
  endfacet
  facet normal -0.00393313 0.057952 0.998312
    outer loop
      vertex -13.3026 4.32138 12.8063
      vertex -13.4492 4.36311 12.8033
      vertex -13.3222 4.29421 12.8078
    endloop
  endfacet
  facet normal -0.149412 0.0168072 -0.988632
    outer loop
      vertex -29.2953 0.325933 0.416804
      vertex -30.9795 0.325933 0.671337
      vertex -30.799 1.93053 0.671337
    endloop
  endfacet
  facet normal 0.0230234 0.00602771 0.999717
    outer loop
      vertex 12.2314 -7.11056 13.292
      vertex 5.43484 -5.77971 13.4405
      vertex 12.2906 -7.33668 13.292
    endloop
  endfacet
  facet normal 0.117172 0.360788 0.925258
    outer loop
      vertex 12.3817 14.6352 10.4358
      vertex 12.0937 13.0846 11.0769
      vertex 13.4597 14.2851 10.4358
    endloop
  endfacet
  facet normal -0.154857 0.264731 -0.951807
    outer loop
      vertex -25.3097 12.0357 0.267611
      vertex -25.6297 13.5248 0.733846
      vertex -25.0584 12.1827 0.267611
    endloop
  endfacet
  facet normal -0.111815 -0.32715 0.938334
    outer loop
      vertex 10.2938 -13.2573 12.5374
      vertex -20.1677 -15.2045 8.22863
      vertex 9.95624 -15.2231 11.8118
    endloop
  endfacet
  facet normal -0.000384851 -0.000928338 -0.999999
    outer loop
      vertex -16.9831 -12.9157 0.0182924
      vertex -22.0431 -0.637592 0.00884151
      vertex -17.9569 -0.59236 0.00722694
    endloop
  endfacet
  facet normal 0.208177 0.539364 -0.815934
    outer loop
      vertex 30.1628 8.70888 0.877537
      vertex 29.2342 9.06729 0.877537
      vertex 30.3878 9.43272 1.41343
    endloop
  endfacet
  facet normal 0.105417 0.405519 -0.907987
    outer loop
      vertex 27.0368 8.85616 0.45649
      vertex 12.3817 14.6352 1.33604
      vertex 27.8776 8.63759 0.45649
    endloop
  endfacet
  facet normal -0.179657 0.9461 -0.269479
    outer loop
      vertex -25.6587 18.0014 4.4108
      vertex -25.6932 18.3352 5.60572
      vertex -24.7969 18.5054 5.60572
    endloop
  endfacet
  facet normal -0.937459 0.307161 0.163778
    outer loop
      vertex -28.6166 14.5694 6.82405
      vertex -33.4466 2.39172 2.01621
      vertex -28.4698 14.3803 8.01898
    endloop
  endfacet
  facet normal -0.0890028 -0.0543264 -0.994549
    outer loop
      vertex -26.3496 -2.46065 0.216819
      vertex -28.7085 -2.25718 0.416804
      vertex -26.8789 -1.5935 0.216819
    endloop
  endfacet
  facet normal -0.25869 -0.0132248 0.96587
    outer loop
      vertex -25.2494 9.649 12.3999
      vertex -26.1369 9.649 12.1622
      vertex -25.2407 9.47882 12.3999
    endloop
  endfacet
  facet normal 0.105029 0.119519 0.987261
    outer loop
      vertex 13.1199 10.5911 11.5184
      vertex 12.7215 10.9412 11.5184
      vertex 25.8466 -3.22689 11.8373
    endloop
  endfacet
  facet normal 0.310862 0.805402 -0.504671
    outer loop
      vertex 32.5852 9.22159 2.04357
      vertex 31.2943 9.71984 2.04357
      vertex 31.9186 9.91761 2.74374
    endloop
  endfacet
  facet normal 0.330832 -0.613306 -0.717221
    outer loop
      vertex 21.7987 -18.6948 2.81533
      vertex 21.4576 -17.8636 1.94722
      vertex 23.0467 -18.0216 2.81533
    endloop
  endfacet
  facet normal 0.831155 -0.349976 0.432085
    outer loop
      vertex 35.4307 -5.76841 1.84867
      vertex 32.5364 -5.28859 7.80476
      vertex 34.7851 -7.30164 1.84867
    endloop
  endfacet
  facet normal 0.89316 -0.0926319 0.440097
    outer loop
      vertex 35.6677 7.39487 4.24491
      vertex 32.7129 -4.18245 7.80476
      vertex 35.6486 -4.1739 1.84867
    endloop
  endfacet
  facet normal 0.451213 -0.384363 0.805402
    outer loop
      vertex 29.1545 -5.62088 10.7247
      vertex 23.5103 -16.4794 8.70475
      vertex 30.3834 -5.93519 9.88623
    endloop
  endfacet
  facet normal 0.305066 0.347126 0.886814
    outer loop
      vertex 32.3601 8.49775 6.31853
      vertex 14.4532 13.7164 10.4358
      vertex 15.3239 12.9512 10.4358
    endloop
  endfacet
  facet normal -9.56392e-06 -1.20796e-05 -1
    outer loop
      vertex -7.96189 7.81796 0.00702953
      vertex -18.0565 -0.532153 0.00722694
      vertex -8.02244 7.8659 0.00702953
    endloop
  endfacet
  facet normal 0.101403 0.262722 -0.959528
    outer loop
      vertex 28.5676 8.37127 0.45649
      vertex 26.3703 8.16013 0.166468
      vertex 27.8776 8.63759 0.45649
    endloop
  endfacet
  facet normal 0.0818217 -0.0988035 -0.991737
    outer loop
      vertex 20.3563 -13.9579 0.229335
      vertex 19.482 -12.6374 0.0256453
      vertex 19.6036 -12.5367 0.0256453
    endloop
  endfacet
  facet normal -0.0040513 -0.00247159 -0.999989
    outer loop
      vertex -17.3476 -12.65 0.0182924
      vertex -22.6876 -0.0731716 0.00884151
      vertex -22.5776 -0.253478 0.00884151
    endloop
  endfacet
  facet normal -0.0321274 0.00504567 -0.999471
    outer loop
      vertex -25.215 9.98281 0.0299263
      vertex -25.2929 5.0023 0.00728703
      vertex -25.2407 9.81917 0.0299263
    endloop
  endfacet
  facet normal -0.000788005 -0.00109604 -0.999999
    outer loop
      vertex -17.1331 -12.8421 0.0182924
      vertex -22.4294 -0.411517 0.00884151
      vertex -22.249 -0.541217 0.00884151
    endloop
  endfacet
  facet normal -0.132308 -0.080757 -0.987913
    outer loop
      vertex -27.9962 -3.42417 0.416804
      vertex -29.3966 -4.24358 0.671337
      vertex -28.7085 -2.25718 0.416804
    endloop
  endfacet
  facet normal 0.0190533 0.572457 0.819713
    outer loop
      vertex -24.7969 16.5282 10.1576
      vertex -24.7969 15.2946 11.0191
      vertex 11.2606 16.098 9.61992
    endloop
  endfacet
  facet normal 0.26165 0.457104 0.850056
    outer loop
      vertex 15.1507 14.8344 9.61992
      vertex 13.9402 15.5273 9.61992
      vertex 14.4532 13.7164 10.4358
    endloop
  endfacet
  facet normal -0.132985 0.0166476 -0.990978
    outer loop
      vertex -26.0894 5.13724 0.0651655
      vertex -29.1472 1.64279 0.416804
      vertex -25.2407 9.81917 0.0299263
    endloop
  endfacet
  facet normal -0.0738993 -0.0451074 -0.996245
    outer loop
      vertex -26.3496 -2.46065 0.216819
      vertex -26.8789 -1.5935 0.216819
      vertex -19.1411 -13.0944 0.163577
    endloop
  endfacet
  facet normal -0.0483422 -0.937651 0.344201
    outer loop
      vertex 11.2701 -19.3395 8.5959
      vertex 4.29099 -20.9444 3.24373
      vertex 11.2701 -19.8097 7.31501
    endloop
  endfacet
  facet normal 0.00447365 -0.00540215 -0.999975
    outer loop
      vertex 19.6036 -12.5367 0.0256453
      vertex 19.482 -12.6374 0.0256453
      vertex 25.0945 -4.74312 0.00810719
    endloop
  endfacet
  facet normal -0.699828 -0.177598 0.691881
    outer loop
      vertex -27.5025 7.48851 11.0191
      vertex -27.689 -11.3755 5.98827
      vertex -26.8936 -11.2352 6.82882
    endloop
  endfacet
  facet normal -0.211939 -0.0734196 -0.974521
    outer loop
      vertex -30.2645 -2.8216 0.671337
      vertex -32.0969 -1.50474 0.970636
      vertex -30.799 -1.27867 0.671337
    endloop
  endfacet
  facet normal 0.104894 0.994483 -0
    outer loop
      vertex 13.0193 18.0675 5.30901
      vertex 11.2606 18.253 6.46285
      vertex 13.0193 18.0675 6.46285
    endloop
  endfacet
  facet normal 0.104894 0.994483 0
    outer loop
      vertex 11.2606 18.253 6.46285
      vertex 13.0193 18.0675 5.30901
      vertex 11.2606 18.253 5.30901
    endloop
  endfacet
  facet normal 0.241803 0.118788 0.963027
    outer loop
      vertex 27.7096 -3.11359 11.3835
      vertex 26.2625 -3.8469 11.8373
      vertex 27.967 -3.63755 11.3835
    endloop
  endfacet
  facet normal 0.353652 0.894523 -0.273421
    outer loop
      vertex 33.3193 9.37697 2.74374
      vertex 14.7103 17.5182 5.30901
      vertex 33.6936 9.45619 3.48705
    endloop
  endfacet
  facet normal 0.181896 0.584926 -0.790427
    outer loop
      vertex 29.2342 9.06729 0.877537
      vertex 12.6267 15.9539 2.15194
      vertex 30.3878 9.43272 1.41343
    endloop
  endfacet
  facet normal 0.261656 0.457105 0.850054
    outer loop
      vertex 13.9402 15.5273 9.61992
      vertex 13.4597 14.2851 10.4358
      vertex 14.4532 13.7164 10.4358
    endloop
  endfacet
  facet normal 0.294393 0.281956 0.913145
    outer loop
      vertex 32.3601 8.49775 6.31853
      vertex 15.3239 12.9512 10.4358
      vertex 32.8779 7.95711 6.31853
    endloop
  endfacet
  facet normal 0.0321913 0.0990731 0.994559
    outer loop
      vertex 10.6916 7.5833 11.9617
      vertex 11.6004 9.47844 11.7435
      vertex 11.4339 9.53254 11.7435
    endloop
  endfacet
  facet normal 0.0313947 0.0994537 0.994547
    outer loop
      vertex 11.6004 9.47844 11.7435
      vertex 10.6916 7.5833 11.9617
      vertex 10.7158 7.50166 11.9691
    endloop
  endfacet
  facet normal 0.0321741 0.0990796 0.994559
    outer loop
      vertex 10.6916 7.5833 11.9617
      vertex 11.4339 9.53254 11.7435
      vertex 10.5865 7.5833 11.9651
    endloop
  endfacet
  facet normal 0.0322819 0.0990426 0.994559
    outer loop
      vertex 9.01103 3.95945 12.3772
      vertex 4.9453 -5.39274 13.4405
      vertex 9.01103 3.69234 12.4038
    endloop
  endfacet
  facet normal 0.0760827 0.234213 0.969204
    outer loop
      vertex 12.0937 13.0846 11.0769
      vertex 11.7736 11.3616 11.5184
      vertex 12.8947 12.8244 11.0769
    endloop
  endfacet
  facet normal 0.0981999 -0.0134177 -0.995076
    outer loop
      vertex 31.536 -4.1739 0.38217
      vertex 29.5747 -4.92919 0.198802
      vertex 29.6779 -4.1739 0.198802
    endloop
  endfacet
  facet normal -0.00826041 0.860067 -0.510115
    outer loop
      vertex -3.61286 17.0125 2.12445
      vertex -24.7969 17.4975 3.28521
      vertex -24.7969 18.1651 4.4108
    endloop
  endfacet
  facet normal 0.335496 0.0458478 -0.940925
    outer loop
      vertex 34.3575 -4.1739 0.88998
      vertex 34.1644 -2.76087 0.88998
      vertex 35.2127 -4.1739 1.19491
    endloop
  endfacet
  facet normal 0.806664 -0.396264 0.438483
    outer loop
      vertex 32.5364 -5.28859 7.80476
      vertex 32.0139 -6.35223 7.80476
      vertex 34.7851 -7.30164 1.84867
    endloop
  endfacet
  facet normal 0.999999 -0.00165099 0
    outer loop
      vertex 35.6486 -4.1739 1.84867
      vertex 35.6677 7.39487 3.48705
      vertex 35.6677 7.39487 4.24491
    endloop
  endfacet
  facet normal 0.999999 -0.00165099 0
    outer loop
      vertex 35.6677 7.39487 3.48705
      vertex 35.6486 -4.1739 1.84867
      vertex 35.6486 -4.1739 1.51862
    endloop
  endfacet
  facet normal -0.00257194 0.00440237 -0.999987
    outer loop
      vertex -24.8852 10.5045 0.0299263
      vertex -25.1169 5.22669 0.00728703
      vertex -24.9701 10.4549 0.0299263
    endloop
  endfacet
  facet normal 0.0126506 -0.127192 -0.991797
    outer loop
      vertex 19.4998 -14.316 0.229335
      vertex 19.0363 -14.3621 0.229335
      vertex 19.0363 -12.7738 0.0256453
    endloop
  endfacet
  facet normal 0.214021 0.0566151 -0.975187
    outer loop
      vertex 34.1644 -2.76087 0.88998
      vertex 29.5027 7.39487 0.45649
      vertex 31.4212 7.39487 0.877537
    endloop
  endfacet
  facet normal 0.0293648 -0.00402001 -0.999561
    outer loop
      vertex 27.5499 -4.639 0.0724964
      vertex 25.4003 -4.33095 0.00810719
      vertex 25.4218 -4.1739 0.00810719
    endloop
  endfacet
  facet normal 0.101403 0.262721 -0.959529
    outer loop
      vertex 26.7952 7.99613 0.166468
      vertex 26.3703 8.16013 0.166468
      vertex 28.5676 8.37127 0.45649
    endloop
  endfacet
  facet normal -0.191345 0.322199 -0.927133
    outer loop
      vertex -25.6297 13.5248 0.733846
      vertex -26.2158 14.5568 1.21345
      vertex -25.1841 15.1695 1.21345
    endloop
  endfacet
  facet normal -0.000473638 -0.000965294 -0.999999
    outer loop
      vertex -17.1331 -12.8421 0.0182924
      vertex -22.249 -0.541217 0.00884151
      vertex -16.9831 -12.9157 0.0182924
    endloop
  endfacet
  facet normal -0.149412 -0.0168072 -0.988632
    outer loop
      vertex -30.799 -1.27867 0.671337
      vertex -30.9795 0.325933 0.671337
      vertex -29.2953 0.325933 0.416804
    endloop
  endfacet
  facet normal 0.0707401 0.670611 -0.738428
    outer loop
      vertex 12.8191 16.99 3.11132
      vertex 11.2606 16.098 2.15194
      vertex 11.2606 17.1544 3.11132
    endloop
  endfacet
  facet normal -0.00743845 0.744061 -0.66807
    outer loop
      vertex -3.61286 16.6059 1.6716
      vertex -24.1111 16.7592 2.07057
      vertex -3.61286 17.0125 2.12445
    endloop
  endfacet
  facet normal -0.886488 0.103989 0.450916
    outer loop
      vertex -28.7898 11.1802 9.14457
      vertex -33.4466 2.39172 2.01621
      vertex -28.2967 10.9911 10.1576
    endloop
  endfacet
  facet normal -0.689097 0.428901 -0.584115
    outer loop
      vertex -28.3308 12.8704 1.62921
      vertex -28.4994 13.2006 2.07057
      vertex -27.4265 14.3233 1.62921
    endloop
  endfacet
  facet normal -0.220552 -0.0248096 -0.97506
    outer loop
      vertex -30.799 -1.27867 0.671337
      vertex -32.3027 0.325933 0.970636
      vertex -30.9795 0.325933 0.671337
    endloop
  endfacet
  facet normal -0.65042 0.631244 -0.422474
    outer loop
      vertex -26.3549 16.9 3.28521
      vertex -27.2511 16.7299 4.4108
      vertex -26.4874 17.5168 4.4108
    endloop
  endfacet
  facet normal -0.931415 0.258238 0.256475
    outer loop
      vertex -28.4698 14.3803 8.01898
      vertex -33.4466 2.39172 2.01621
      vertex -28.878 12.908 8.01898
    endloop
  endfacet
  facet normal 0.00947553 0.961716 0.273884
    outer loop
      vertex -24.7969 18.5054 6.82405
      vertex -24.7969 18.1651 8.01898
      vertex 11.2606 18.253 6.46285
    endloop
  endfacet
  facet normal 0.00544158 0.950251 -0.311438
    outer loop
      vertex 11.2606 17.8821 4.17733
      vertex -24.7969 18.1651 4.4108
      vertex 11.2606 18.253 5.30901
    endloop
  endfacet
  facet normal -0.0400427 -0.0203099 -0.998992
    outer loop
      vertex -17.3476 -12.65 0.0182924
      vertex -24.8458 -0.856045 0.0790672
      vertex -17.4039 -12.539 0.0182924
    endloop
  endfacet
  facet normal -0.0600668 -0.0208167 -0.997977
    outer loop
      vertex -24.8458 -0.856045 0.0790672
      vertex -26.8789 -1.5935 0.216819
      vertex -25.0466 -0.276634 0.0790672
    endloop
  endfacet
  facet normal 0.255391 -0.290904 -0.922036
    outer loop
      vertex 33.3743 -8.54017 1.19491
      vertex 31.4131 -9.29546 0.88998
      vertex 32.6633 -8.19788 0.88998
    endloop
  endfacet
  facet normal 0.0211512 0.103845 0.994369
    outer loop
      vertex -0.492996 3.27779 12.6478
      vertex -1.17738 1.88414 12.8079
      vertex -0.923492 2 12.7904
    endloop
  endfacet
  facet normal 0.0206889 0.10407 0.994355
    outer loop
      vertex -0.492996 3.27779 12.6478
      vertex -1.42796 1.78108 12.8239
      vertex -1.17738 1.88414 12.8079
    endloop
  endfacet
  facet normal 0.0207257 0.104047 0.994356
    outer loop
      vertex -0.492996 3.27779 12.6478
      vertex -1.6752 1.6908 12.8385
      vertex -1.42796 1.78108 12.8239
    endloop
  endfacet
  facet normal 0.020767 0.104017 0.994359
    outer loop
      vertex -0.492996 3.27779 12.6478
      vertex -1.91911 1.61331 12.8517
      vertex -1.6752 1.6908 12.8385
    endloop
  endfacet
  facet normal 0.0213383 0.103532 0.994397
    outer loop
      vertex -0.492996 3.27779 12.6478
      vertex -2.1597 1.5486 12.8636
      vertex -1.91911 1.61331 12.8517
    endloop
  endfacet
  facet normal 0.0207725 0.104072 0.994353
    outer loop
      vertex -0.492996 3.27779 12.6478
      vertex -2.40413 1.49611 12.8742
      vertex -2.1597 1.5486 12.8636
    endloop
  endfacet
  facet normal 0.0207163 0.104131 0.994348
    outer loop
      vertex -0.492996 3.27779 12.6478
      vertex -2.65968 1.45528 12.8838
      vertex -2.40413 1.49611 12.8742
    endloop
  endfacet
  facet normal 0.0208476 0.103977 0.994361
    outer loop
      vertex -5.3819 3.27779 12.7503
      vertex -2.65968 1.45528 12.8838
      vertex -0.492996 3.27779 12.6478
    endloop
  endfacet
  facet normal 0.0207208 0.103789 0.994383
    outer loop
      vertex -2.65968 1.45528 12.8838
      vertex -5.3819 3.27779 12.7503
      vertex -2.92633 1.42612 12.8924
    endloop
  endfacet
  facet normal 0.0210038 0.104161 0.994339
    outer loop
      vertex -2.92633 1.42612 12.8924
      vertex -5.3819 3.27779 12.7503
      vertex -3.20412 1.40863 12.9001
    endloop
  endfacet
  facet normal 0.0209572 0.104107 0.994345
    outer loop
      vertex -3.20412 1.40863 12.9001
      vertex -5.3819 3.27779 12.7503
      vertex -3.493 1.40279 12.9068
    endloop
  endfacet
  facet normal 0.0208036 0.103954 0.994364
    outer loop
      vertex -5.35217 2.94279 12.7847
      vertex -3.493 1.40279 12.9068
      vertex -5.3819 3.27779 12.7503
    endloop
  endfacet
  facet normal 0.020766 0.103909 0.99437
    outer loop
      vertex -3.493 1.40279 12.9068
      vertex -5.35217 2.94279 12.7847
      vertex -3.82771 1.42279 12.9117
    endloop
  endfacet
  facet normal 0.0208757 0.104018 0.994356
    outer loop
      vertex -5.28522 2.63779 12.8152
      vertex -3.82771 1.42279 12.9117
      vertex -5.35217 2.94279 12.7847
    endloop
  endfacet
  facet normal 0.0208342 0.103969 0.994362
    outer loop
      vertex -3.82771 1.42279 12.9117
      vertex -5.28522 2.63779 12.8152
      vertex -4.1319 1.48279 12.9118
    endloop
  endfacet
  facet normal 0.020967 0.1041 0.994346
    outer loop
      vertex -4.1319 1.48279 12.9118
      vertex -5.28522 2.63779 12.8152
      vertex -4.4055 1.58279 12.9071
    endloop
  endfacet
  facet normal 0.0204285 0.103656 0.994403
    outer loop
      vertex -4.4055 1.58279 12.9071
      vertex -5.28522 2.63779 12.8152
      vertex -4.64857 1.72279 12.8975
    endloop
  endfacet
  facet normal 0.0199186 0.103495 0.99443
    outer loop
      vertex -4.8611 1.90279 12.8832
      vertex -5.28522 2.63779 12.8152
      vertex -5.03969 2.1178 12.8644
    endloop
  endfacet
  facet normal 0.0224574 0.104677 0.994253
    outer loop
      vertex -5.03969 2.1178 12.8644
      vertex -5.28522 2.63779 12.8152
      vertex -5.18106 2.36279 12.8418
    endloop
  endfacet
  facet normal 0.0215311 0.104414 0.994301
    outer loop
      vertex -4.64857 1.72279 12.8975
      vertex -5.28522 2.63779 12.8152
      vertex -4.8611 1.90279 12.8832
    endloop
  endfacet
  facet normal 0.0211509 0.103845 0.994369
    outer loop
      vertex 7.5229 3.27779 12.4797
      vertex 6.83852 1.88414 12.6398
      vertex 7.09241 2 12.6223
    endloop
  endfacet
  facet normal 0.0206899 0.104069 0.994355
    outer loop
      vertex 7.5229 3.27779 12.4797
      vertex 6.58795 1.78108 12.6558
      vertex 6.83852 1.88414 12.6398
    endloop
  endfacet
  facet normal 0.0207246 0.104048 0.994356
    outer loop
      vertex 7.5229 3.27779 12.4797
      vertex 6.3407 1.6908 12.6704
      vertex 6.58795 1.78108 12.6558
    endloop
  endfacet
  facet normal 0.020767 0.104017 0.994359
    outer loop
      vertex 7.5229 3.27779 12.4797
      vertex 6.09679 1.61331 12.6836
      vertex 6.3407 1.6908 12.6704
    endloop
  endfacet
  facet normal 0.0213383 0.103532 0.994397
    outer loop
      vertex 7.5229 3.27779 12.4797
      vertex 5.8562 1.5486 12.6955
      vertex 6.09679 1.61331 12.6836
    endloop
  endfacet
  facet normal 0.0207725 0.104072 0.994353
    outer loop
      vertex 7.5229 3.27779 12.4797
      vertex 5.61177 1.49611 12.7061
      vertex 5.8562 1.5486 12.6955
    endloop
  endfacet
  facet normal 0.0207173 0.10413 0.994348
    outer loop
      vertex 7.5229 3.27779 12.4797
      vertex 5.35623 1.45528 12.7157
      vertex 5.61177 1.49611 12.7061
    endloop
  endfacet
  facet normal 0.0208476 0.103977 0.994361
    outer loop
      vertex 2.634 3.27779 12.5822
      vertex 5.35623 1.45528 12.7157
      vertex 7.5229 3.27779 12.4797
    endloop
  endfacet
  facet normal 0.0207201 0.103788 0.994384
    outer loop
      vertex 5.35623 1.45528 12.7157
      vertex 2.634 3.27779 12.5822
      vertex 5.08957 1.42612 12.7243
    endloop
  endfacet
  facet normal 0.0210051 0.104163 0.994338
    outer loop
      vertex 5.08957 1.42612 12.7243
      vertex 2.634 3.27779 12.5822
      vertex 4.8118 1.40863 12.732
    endloop
  endfacet
  facet normal 0.0209558 0.104106 0.994345
    outer loop
      vertex 4.8118 1.40863 12.732
      vertex 2.634 3.27779 12.5822
      vertex 4.5229 1.40279 12.7387
    endloop
  endfacet
  facet normal 0.0208043 0.103955 0.994364
    outer loop
      vertex 2.66374 2.94279 12.6166
      vertex 4.5229 1.40279 12.7387
      vertex 2.634 3.27779 12.5822
    endloop
  endfacet
  facet normal 0.020766 0.103909 0.99437
    outer loop
      vertex 4.5229 1.40279 12.7387
      vertex 2.66374 2.94279 12.6166
      vertex 4.18819 1.42279 12.7436
    endloop
  endfacet
  facet normal 0.020875 0.104017 0.994356
    outer loop
      vertex 2.73068 2.63779 12.6471
      vertex 4.18819 1.42279 12.7436
      vertex 2.66374 2.94279 12.6166
    endloop
  endfacet
  facet normal 0.020836 0.103971 0.994362
    outer loop
      vertex 4.18819 1.42279 12.7436
      vertex 2.73068 2.63779 12.6471
      vertex 3.88402 1.48279 12.7437
    endloop
  endfacet
  facet normal 0.0209648 0.104098 0.994346
    outer loop
      vertex 3.88402 1.48279 12.7437
      vertex 2.73068 2.63779 12.6471
      vertex 3.6104 1.58279 12.739
    endloop
  endfacet
  facet normal 0.0204269 0.103655 0.994404
    outer loop
      vertex 3.6104 1.58279 12.739
      vertex 2.73068 2.63779 12.6471
      vertex 3.36732 1.72279 12.7294
    endloop
  endfacet
  facet normal 0.0199134 0.103493 0.994431
    outer loop
      vertex 3.15482 1.90279 12.7151
      vertex 2.73068 2.63779 12.6471
      vertex 2.97621 2.1178 12.6963
    endloop
  endfacet
  facet normal 0.0224574 0.104677 0.994253
    outer loop
      vertex 2.97621 2.1178 12.6963
      vertex 2.73068 2.63779 12.6471
      vertex 2.83484 2.36279 12.6737
    endloop
  endfacet
  facet normal 0.021538 0.104418 0.9943
    outer loop
      vertex 3.36732 1.72279 12.7294
      vertex 2.73068 2.63779 12.6471
      vertex 3.15482 1.90279 12.7151
    endloop
  endfacet
  facet normal 0.0208911 0.103962 0.994362
    outer loop
      vertex 11.4339 9.53254 11.7435
      vertex 9.01103 7.5833 11.9982
      vertex 10.5865 7.5833 11.9651
    endloop
  endfacet
  facet normal 0.0208098 0.103995 0.99436
    outer loop
      vertex 7.37624 5.47891 12.2525
      vertex 9.01103 3.95945 12.3772
      vertex 9.01103 7.5833 11.9982
    endloop
  endfacet
  facet normal 0.0208407 0.103983 0.994361
    outer loop
      vertex 9.01103 3.95945 12.3772
      vertex 7.48624 4.90863 12.3099
      vertex 7.5229 4.27779 12.3751
    endloop
  endfacet
  facet normal 0.0209267 0.10412 0.994345
    outer loop
      vertex 9.01103 3.95945 12.3772
      vertex 7.37624 5.47891 12.2525
      vertex 7.48624 4.90863 12.3099
    endloop
  endfacet
  facet normal 0.0209337 0.1039 0.994367
    outer loop
      vertex 9.01103 7.5833 11.9982
      vertex 7.1929 5.98863 12.2031
      vertex 7.37624 5.47891 12.2525
    endloop
  endfacet
  facet normal 0.0208407 0.104005 0.994358
    outer loop
      vertex 9.01103 7.5833 11.9982
      vertex 6.93622 6.43779 12.1615
      vertex 7.1929 5.98863 12.2031
    endloop
  endfacet
  facet normal 0.0208549 0.104007 0.994358
    outer loop
      vertex 5.27124 7.57886 12.0771
      vertex 9.01103 7.5833 11.9982
      vertex 11.4339 9.53254 11.7435
    endloop
  endfacet
  facet normal 0.0208683 0.103955 0.994363
    outer loop
      vertex 9.01103 7.5833 11.9982
      vertex 6.6062 6.82639 12.1278
      vertex 6.93622 6.43779 12.1615
    endloop
  endfacet
  facet normal 0.0208487 0.104016 0.994357
    outer loop
      vertex 9.01103 7.5833 11.9982
      vertex 6.21346 7.14888 12.1023
      vertex 6.6062 6.82639 12.1278
    endloop
  endfacet
  facet normal 0.0208522 0.103995 0.994359
    outer loop
      vertex 9.01103 7.5833 11.9982
      vertex 5.76846 7.3997 12.0854
      vertex 6.21346 7.14888 12.1023
    endloop
  endfacet
  facet normal 0.0208551 0.103945 0.994364
    outer loop
      vertex 9.01103 7.5833 11.9982
      vertex 5.27124 7.57886 12.0771
      vertex 5.76846 7.3997 12.0854
    endloop
  endfacet
  facet normal 0.0208779 0.103935 0.994365
    outer loop
      vertex 11.4339 9.53254 11.7435
      vertex 4.72179 7.68636 12.0774
      vertex 5.27124 7.57886 12.0771
    endloop
  endfacet
  facet normal 0.0207588 0.104361 0.994323
    outer loop
      vertex 11.4339 9.53254 11.7435
      vertex 4.1201 7.7222 12.0862
      vertex 4.72179 7.68636 12.0774
    endloop
  endfacet
  facet normal 0.020825 0.104098 0.994349
    outer loop
      vertex 11.4339 9.53254 11.7435
      vertex 3.7029 7.70441 12.0968
      vertex 4.1201 7.7222 12.0862
    endloop
  endfacet
  facet normal 0.0208641 0.103936 0.994365
    outer loop
      vertex -3.29411 7.68636 12.2455
      vertex 3.7029 7.70441 12.0968
      vertex 11.4339 9.53254 11.7435
    endloop
  endfacet
  facet normal 0.0208396 0.103867 0.994373
    outer loop
      vertex 0.554871 4.25136 12.524
      vertex -0.492996 4.27779 12.5432
      vertex 0.536804 3.7361 12.5782
    endloop
  endfacet
  facet normal 0.0208451 0.104103 0.994348
    outer loop
      vertex 0.609039 4.73051 12.4727
      vertex -0.492996 4.27779 12.5432
      vertex 0.554871 4.25136 12.524
    endloop
  endfacet
  facet normal 0.0208846 0.103926 0.994366
    outer loop
      vertex -0.529663 4.90863 12.478
      vertex 0.609039 4.73051 12.4727
      vertex 0.69931 5.17355 12.4245
    endloop
  endfacet
  facet normal 0.0208876 0.103964 0.994362
    outer loop
      vertex -0.639664 5.47891 12.4207
      vertex 0.69931 5.17355 12.4245
      vertex 0.825699 5.58047 12.3793
    endloop
  endfacet
  facet normal 0.0208652 0.104016 0.994357
    outer loop
      vertex -0.823013 5.98863 12.3712
      vertex 0.825699 5.58047 12.3793
      vertex 0.988205 5.95129 12.3371
    endloop
  endfacet
  facet normal 0.020862 0.10384 0.994375
    outer loop
      vertex -0.823013 5.98863 12.3712
      vertex 0.988205 5.95129 12.3371
      vertex 1.18294 6.28659 12.298
    endloop
  endfacet
  facet normal 0.0208409 0.104058 0.994353
    outer loop
      vertex -1.07968 6.43779 12.3296
      vertex 1.18294 6.28659 12.298
      vertex 1.40599 6.58688 12.2619
    endloop
  endfacet
  facet normal 0.020894 0.103986 0.994359
    outer loop
      vertex 0.609039 4.73051 12.4727
      vertex -0.529663 4.90863 12.478
      vertex -0.492996 4.27779 12.5432
    endloop
  endfacet
  facet normal 0.0208486 0.10394 0.994365
    outer loop
      vertex -1.4097 6.82639 12.2959
      vertex 1.40599 6.58688 12.2619
      vertex 1.65736 6.85216 12.2289
    endloop
  endfacet
  facet normal 0.0208817 0.103939 0.994364
    outer loop
      vertex 0.69931 5.17355 12.4245
      vertex -0.639664 5.47891 12.4207
      vertex -0.529663 4.90863 12.478
    endloop
  endfacet
  facet normal 0.0208456 0.104223 0.994336
    outer loop
      vertex -1.4097 6.82639 12.2959
      vertex 1.65736 6.85216 12.2289
      vertex 1.93707 7.08243 12.1989
    endloop
  endfacet
  facet normal 0.0208615 0.104077 0.99435
    outer loop
      vertex -1.80244 7.14888 12.2704
      vertex 1.93707 7.08243 12.1989
      vertex 2.2451 7.27769 12.172
    endloop
  endfacet
  facet normal 0.0208797 0.104074 0.99435
    outer loop
      vertex 0.825699 5.58047 12.3793
      vertex -0.823013 5.98863 12.3712
      vertex -0.639664 5.47891 12.4207
    endloop
  endfacet
  facet normal 0.0208605 0.103888 0.99437
    outer loop
      vertex -2.24744 7.3997 12.2535
      vertex 2.2451 7.27769 12.172
      vertex 2.5779 7.43771 12.1483
    endloop
  endfacet
  facet normal 0.0208373 0.104002 0.994359
    outer loop
      vertex 1.18294 6.28659 12.298
      vertex -1.07968 6.43779 12.3296
      vertex -0.823013 5.98863 12.3712
    endloop
  endfacet
  facet normal 0.0208531 0.103687 0.994391
    outer loop
      vertex -2.74466 7.57886 12.2452
      vertex 2.5779 7.43771 12.1483
      vertex 2.93179 7.56218 12.1279
    endloop
  endfacet
  facet normal 0.0208484 0.103939 0.994365
    outer loop
      vertex 1.40599 6.58688 12.2619
      vertex -1.4097 6.82639 12.2959
      vertex -1.07968 6.43779 12.3296
    endloop
  endfacet
  facet normal 0.0208537 0.104411 0.994316
    outer loop
      vertex -2.74466 7.57886 12.2452
      vertex 2.93179 7.56218 12.1279
      vertex 3.30679 7.65108 12.1107
    endloop
  endfacet
  facet normal 0.0208628 0.104207 0.994337
    outer loop
      vertex 3.7029 7.70441 12.0968
      vertex -3.29411 7.68636 12.2455
      vertex 3.30679 7.65108 12.1107
    endloop
  endfacet
  facet normal 0.0208608 0.104031 0.994355
    outer loop
      vertex 1.93707 7.08243 12.1989
      vertex -1.80244 7.14888 12.2704
      vertex -1.4097 6.82639 12.2959
    endloop
  endfacet
  facet normal 0.0208637 0.104015 0.994357
    outer loop
      vertex 2.2451 7.27769 12.172
      vertex -2.24744 7.3997 12.2535
      vertex -1.80244 7.14888 12.2704
    endloop
  endfacet
  facet normal 0.0208598 0.103958 0.994363
    outer loop
      vertex 2.5779 7.43771 12.1483
      vertex -2.74466 7.57886 12.2452
      vertex -2.24744 7.3997 12.2535
    endloop
  endfacet
  facet normal 0.0208616 0.103852 0.994374
    outer loop
      vertex 3.30679 7.65108 12.1107
      vertex -3.29411 7.68636 12.2455
      vertex -2.74466 7.57886 12.2452
    endloop
  endfacet
  facet normal 0.0208556 0.104002 0.994358
    outer loop
      vertex -13.3606 10.1993 12.1938
      vertex -3.29411 7.68636 12.2455
      vertex 11.4339 9.53254 11.7435
    endloop
  endfacet
  facet normal 0.0207024 0.10339 0.994425
    outer loop
      vertex -3.29411 7.68636 12.2455
      vertex -13.3606 10.1993 12.1938
      vertex -3.8958 7.7222 12.2543
    endloop
  endfacet
  facet normal 0.0208467 0.104103 0.994348
    outer loop
      vertex -7.40688 4.73051 12.6408
      vertex -11.0967 4.29169 12.7641
      vertex -7.46104 4.25136 12.6921
    endloop
  endfacet
  facet normal 0.0208681 0.103928 0.994366
    outer loop
      vertex -7.31659 5.17355 12.5926
      vertex -11.0967 4.29169 12.7641
      vertex -7.40688 4.73051 12.6408
    endloop
  endfacet
  facet normal 0.0208573 0.103973 0.994361
    outer loop
      vertex -11.0967 4.29169 12.7641
      vertex -7.31659 5.17355 12.5926
      vertex -8.08276 7.5833 12.3567
    endloop
  endfacet
  facet normal 0.0208577 0.103974 0.994361
    outer loop
      vertex -7.1902 5.58047 12.5474
      vertex -8.08276 7.5833 12.3567
      vertex -7.31659 5.17355 12.5926
    endloop
  endfacet
  facet normal 0.0209094 0.103996 0.994358
    outer loop
      vertex -7.02769 5.95129 12.5052
      vertex -8.08276 7.5833 12.3567
      vertex -7.1902 5.58047 12.5474
    endloop
  endfacet
  facet normal 0.0207594 0.103901 0.994371
    outer loop
      vertex -6.83298 6.28659 12.4661
      vertex -8.08276 7.5833 12.3567
      vertex -7.02769 5.95129 12.5052
    endloop
  endfacet
  facet normal 0.0208877 0.104023 0.994356
    outer loop
      vertex -6.60992 6.58688 12.43
      vertex -8.08276 7.5833 12.3567
      vertex -6.83298 6.28659 12.4661
    endloop
  endfacet
  facet normal 0.0208378 0.10395 0.994364
    outer loop
      vertex -6.35854 6.85216 12.397
      vertex -8.08276 7.5833 12.3567
      vertex -6.60992 6.58688 12.43
    endloop
  endfacet
  facet normal 0.0209174 0.104136 0.994343
    outer loop
      vertex -6.07883 7.08243 12.367
      vertex -8.08276 7.5833 12.3567
      vertex -6.35854 6.85216 12.397
    endloop
  endfacet
  facet normal 0.020891 0.104031 0.994355
    outer loop
      vertex -5.7708 7.27769 12.3401
      vertex -8.08276 7.5833 12.3567
      vertex -6.07883 7.08243 12.367
    endloop
  endfacet
  facet normal 0.0208698 0.103869 0.994372
    outer loop
      vertex -5.438 7.43771 12.3164
      vertex -8.08276 7.5833 12.3567
      vertex -5.7708 7.27769 12.3401
    endloop
  endfacet
  facet normal 0.0208591 0.10367 0.994393
    outer loop
      vertex -5.08411 7.56218 12.296
      vertex -8.08276 7.5833 12.3567
      vertex -5.438 7.43771 12.3164
    endloop
  endfacet
  facet normal 0.0208626 0.104374 0.994319
    outer loop
      vertex -4.70911 7.65108 12.2788
      vertex -8.08276 7.5833 12.3567
      vertex -5.08411 7.56218 12.296
    endloop
  endfacet
  facet normal 0.0208822 0.104066 0.994351
    outer loop
      vertex -13.3606 10.1993 12.1938
      vertex -4.70911 7.65108 12.2788
      vertex -4.313 7.70441 12.2649
    endloop
  endfacet
  facet normal 0.0208343 0.103892 0.99437
    outer loop
      vertex -3.8958 7.7222 12.2543
      vertex -13.3606 10.1993 12.1938
      vertex -4.313 7.70441 12.2649
    endloop
  endfacet
  facet normal 0.0208704 0.104026 0.994356
    outer loop
      vertex -4.70911 7.65108 12.2788
      vertex -13.3606 10.1993 12.1938
      vertex -8.08276 7.5833 12.3567
    endloop
  endfacet
  facet normal 0.0208661 0.103989 0.99436
    outer loop
      vertex -13.3606 5.8333 12.6504
      vertex -12.5412 5.27779 12.6913
      vertex -10.4162 7.5833 12.4056
    endloop
  endfacet
  facet normal 0.0208381 0.103961 0.994363
    outer loop
      vertex -8.08276 7.5833 12.3567
      vertex -13.3606 10.1993 12.1938
      vertex -10.4162 7.5833 12.4056
    endloop
  endfacet
  facet normal 0.020865 0.103991 0.994359
    outer loop
      vertex -13.3606 5.8333 12.6504
      vertex -10.4162 7.5833 12.4056
      vertex -13.3606 10.1993 12.1938
    endloop
  endfacet
  facet normal 0.0208246 0.103928 0.994367
    outer loop
      vertex -13.362 5.66136 12.6684
      vertex -12.5412 5.27779 12.6913
      vertex -13.3606 5.8333 12.6504
    endloop
  endfacet
  facet normal 0.0208327 0.103946 0.994365
    outer loop
      vertex -13.3661 5.48999 12.6864
      vertex -12.5412 5.27779 12.6913
      vertex -13.362 5.66136 12.6684
    endloop
  endfacet
  facet normal 0.0207331 0.103559 0.994407
    outer loop
      vertex -12.5412 5.27779 12.6913
      vertex -13.3661 5.48999 12.6864
      vertex -12.6401 5.17084 12.7045
    endloop
  endfacet
  facet normal 0.0208971 0.10393 0.994365
    outer loop
      vertex -13.3731 5.31918 12.7044
      vertex -12.6401 5.17084 12.7045
      vertex -13.3661 5.48999 12.6864
    endloop
  endfacet
  facet normal 0.0209019 0.103954 0.994362
    outer loop
      vertex -12.6401 5.17084 12.7045
      vertex -13.3731 5.31918 12.7044
      vertex -12.7367 5.06113 12.718
    endloop
  endfacet
  facet normal 0.0210385 0.104289 0.994325
    outer loop
      vertex -12.7367 5.06113 12.718
      vertex -13.3731 5.31918 12.7044
      vertex -12.8312 4.94862 12.7318
    endloop
  endfacet
  facet normal 0.020794 0.103934 0.994367
    outer loop
      vertex -13.3828 5.14891 12.7224
      vertex -12.8312 4.94862 12.7318
      vertex -13.3731 5.31918 12.7044
    endloop
  endfacet
  facet normal 0.0208483 0.104083 0.99435
    outer loop
      vertex -12.8312 4.94862 12.7318
      vertex -13.3828 5.14891 12.7224
      vertex -12.9234 4.83334 12.7458
    endloop
  endfacet
  facet normal 0.0207356 0.10392 0.994369
    outer loop
      vertex -13.3954 4.97919 12.7404
      vertex -12.9234 4.83334 12.7458
      vertex -13.3828 5.14891 12.7224
    endloop
  endfacet
  facet normal 0.0207062 0.103826 0.99438
    outer loop
      vertex -12.9234 4.83334 12.7458
      vertex -13.3954 4.97919 12.7404
      vertex -13.0134 4.71529 12.76
    endloop
  endfacet
  facet normal 0.0210363 0.104299 0.994323
    outer loop
      vertex -13.4095 4.80948 12.7585
      vertex -13.0134 4.71529 12.76
      vertex -13.3954 4.97919 12.7404
    endloop
  endfacet
  facet normal 0.0209237 0.103827 0.994375
    outer loop
      vertex -13.0134 4.71529 12.76
      vertex -13.4095 4.80948 12.7585
      vertex -13.1017 4.59613 12.7743
    endloop
  endfacet
  facet normal 0.0209618 0.103881 0.994369
    outer loop
      vertex -13.4242 4.63919 12.7766
      vertex -13.1017 4.59613 12.7743
      vertex -13.4095 4.80948 12.7585
    endloop
  endfacet
  facet normal 0.0210326 0.104415 0.994311
    outer loop
      vertex -13.1017 4.59613 12.7743
      vertex -13.4242 4.63919 12.7766
      vertex -13.1889 4.47752 12.7886
    endloop
  endfacet
  facet normal 0.0207928 0.104069 0.994353
    outer loop
      vertex -13.4395 4.46835 12.7948
      vertex -13.1889 4.47752 12.7886
      vertex -13.4242 4.63919 12.7766
    endloop
  endfacet
  facet normal 0.0207987 0.103917 0.994368
    outer loop
      vertex -13.1889 4.47752 12.7886
      vertex -13.4395 4.46835 12.7948
      vertex -13.2669 4.37065 12.8014
    endloop
  endfacet
  facet normal 0.0182522 0.0994524 0.994875
    outer loop
      vertex -13.2669 4.37065 12.8014
      vertex -13.4395 4.46835 12.7948
      vertex -13.44 4.46344 12.7953
    endloop
  endfacet
  facet normal 0.0208465 0.10401 0.994358
    outer loop
      vertex 7.5229 3.27779 12.4797
      vertex 9.01103 3.95945 12.3772
      vertex 7.5229 4.27779 12.3751
    endloop
  endfacet
  facet normal 0.0208812 0.103935 0.994365
    outer loop
      vertex 7.09241 2 12.6223
      vertex 9.01103 3.95945 12.3772
      vertex 7.5229 3.27779 12.4797
    endloop
  endfacet
  facet normal 0.020784 0.104029 0.994357
    outer loop
      vertex 7.09241 0.402786 12.7894
      vertex 9.01103 3.95945 12.3772
      vertex 7.09241 2 12.6223
    endloop
  endfacet
  facet normal 0.0208906 0.103972 0.994361
    outer loop
      vertex 7.09241 0.402786 12.7894
      vertex 4.9453 -5.39274 13.4405
      vertex 9.01103 3.95945 12.3772
    endloop
  endfacet
  facet normal 0.0207374 0.104029 0.994358
    outer loop
      vertex 6.86768 0.297516 12.8051
      vertex 4.9453 -5.39274 13.4405
      vertex 7.09241 0.402786 12.7894
    endloop
  endfacet
  facet normal 0.0208109 0.104004 0.994359
    outer loop
      vertex 6.63792 0.203903 12.8197
      vertex 4.9453 -5.39274 13.4405
      vertex 6.86768 0.297516 12.8051
    endloop
  endfacet
  facet normal 0.0208905 0.10398 0.99436
    outer loop
      vertex 6.40318 0.121964 12.8332
      vertex 4.9453 -5.39274 13.4405
      vertex 6.63792 0.203903 12.8197
    endloop
  endfacet
  facet normal 0.0209539 0.103963 0.99436
    outer loop
      vertex 6.16345 0.0516815 12.8456
      vertex 4.9453 -5.39274 13.4405
      vertex 6.40318 0.121964 12.8332
    endloop
  endfacet
  facet normal 0.0206014 0.104042 0.99436
    outer loop
      vertex 5.9187 -0.00689697 12.8568
      vertex 4.9453 -5.39274 13.4405
      vertex 6.16345 0.0516815 12.8456
    endloop
  endfacet
  facet normal 0.020976 0.103974 0.994359
    outer loop
      vertex 5.66122 -0.0544128 12.8672
      vertex 4.9453 -5.39274 13.4405
      vertex 5.9187 -0.00689697 12.8568
    endloop
  endfacet
  facet normal 0.020869 0.103989 0.99436
    outer loop
      vertex 5.38319 -0.0913696 12.8769
      vertex 4.9453 -5.39274 13.4405
      vertex 5.66122 -0.0544128 12.8672
    endloop
  endfacet
  facet normal 0.020777 0.103996 0.994361
    outer loop
      vertex 5.08459 -0.117767 12.8859
      vertex 4.9453 -5.39274 13.4405
      vertex 5.38319 -0.0913696 12.8769
    endloop
  endfacet
  facet normal 0.0210098 0.10399 0.994356
    outer loop
      vertex 4.76543 -0.133606 12.8943
      vertex 4.9453 -5.39274 13.4405
      vertex 5.08459 -0.117767 12.8859
    endloop
  endfacet
  facet normal 0.020629 0.103978 0.994366
    outer loop
      vertex 4.4257 -0.138885 12.9019
      vertex 4.9453 -5.39274 13.4405
      vertex 4.76543 -0.133606 12.8943
    endloop
  endfacet
  facet normal 0.0209409 0.104008 0.994356
    outer loop
      vertex 3.9807 -0.121948 12.9095
      vertex 4.9453 -5.39274 13.4405
      vertex 4.4257 -0.138885 12.9019
    endloop
  endfacet
  facet normal 0.0209154 0.104003 0.994357
    outer loop
      vertex 3.55681 -0.0711212 12.9131
      vertex 4.9453 -5.39274 13.4405
      vertex 3.9807 -0.121948 12.9095
    endloop
  endfacet
  facet normal 0.0208865 0.103996 0.994358
    outer loop
      vertex 3.15404 0.0135956 12.9127
      vertex 4.9453 -5.39274 13.4405
      vertex 3.55681 -0.0711212 12.9131
    endloop
  endfacet
  facet normal 0.0208504 0.103984 0.99436
    outer loop
      vertex 2.77237 0.132202 12.9083
      vertex 4.9453 -5.39274 13.4405
      vertex 3.15404 0.0135956 12.9127
    endloop
  endfacet
  facet normal 0.0208055 0.103967 0.994363
    outer loop
      vertex 2.4118 0.284698 12.8999
      vertex 4.9453 -5.39274 13.4405
      vertex 2.77237 0.132202 12.9083
    endloop
  endfacet
  facet normal 0.0208686 0.104416 0.994315
    outer loop
      vertex -0.923492 0.402786 12.9575
      vertex 2.4118 0.284698 12.8999
      vertex 2.07681 0.471634 12.8873
    endloop
  endfacet
  facet normal 0.02088 0.103965 0.994362
    outer loop
      vertex -0.923492 0.402786 12.9575
      vertex 2.07681 0.471634 12.8873
      vertex 1.7718 0.693573 12.8705
    endloop
  endfacet
  facet normal 0.0208763 0.103999 0.994358
    outer loop
      vertex -0.923492 0.402786 12.9575
      vertex 1.7718 0.693573 12.8705
      vertex 1.49681 0.950516 12.8494
    endloop
  endfacet
  facet normal 0.0208694 0.104028 0.994355
    outer loop
      vertex -0.923492 0.402786 12.9575
      vertex 1.49681 0.950516 12.8494
      vertex 1.25182 1.24245 12.824
    endloop
  endfacet
  facet normal 0.0208622 0.104047 0.994354
    outer loop
      vertex -0.923492 0.402786 12.9575
      vertex 1.25182 1.24245 12.824
      vertex 1.0368 1.5694 12.7943
    endloop
  endfacet
  facet normal 0.0209153 0.10401 0.994356
    outer loop
      vertex -0.492996 3.27779 12.6478
      vertex 0.536804 3.7361 12.5782
      vertex -0.492996 4.27779 12.5432
    endloop
  endfacet
  facet normal 0.0208665 0.104118 0.994346
    outer loop
      vertex 0.536804 3.7361 12.5782
      vertex -0.492996 3.27779 12.6478
      vertex 0.556808 3.23166 12.6306
    endloop
  endfacet
  facet normal 0.0208632 0.104041 0.994354
    outer loop
      vertex 0.556808 3.23166 12.6306
      vertex -0.492996 3.27779 12.6478
      vertex 0.616806 2.76279 12.6784
    endloop
  endfacet
  facet normal 0.0208227 0.103955 0.994364
    outer loop
      vertex -0.923492 2 12.7904
      vertex 0.616806 2.76279 12.6784
      vertex -0.492996 3.27779 12.6478
    endloop
  endfacet
  facet normal 0.0208328 0.103935 0.994366
    outer loop
      vertex 0.616806 2.76279 12.6784
      vertex -0.923492 2 12.7904
      vertex 0.716812 2.32944 12.7216
    endloop
  endfacet
  facet normal 0.0208548 0.103828 0.994377
    outer loop
      vertex 0.716812 2.32944 12.7216
      vertex -0.923492 2 12.7904
      vertex 0.856812 1.93164 12.7602
    endloop
  endfacet
  facet normal 0.02086 0.103971 0.994362
    outer loop
      vertex 0.856812 1.93164 12.7602
      vertex -0.923492 2 12.7904
      vertex 1.0368 1.5694 12.7943
    endloop
  endfacet
  facet normal 0.0208729 0.104029 0.994355
    outer loop
      vertex 1.0368 1.5694 12.7943
      vertex -0.923492 2 12.7904
      vertex -0.923492 0.402786 12.9575
    endloop
  endfacet
  facet normal 0.0208477 0.103793 0.99438
    outer loop
      vertex 2.4118 0.284698 12.8999
      vertex -0.923492 0.402786 12.9575
      vertex -1.14824 0.297516 12.9732
    endloop
  endfacet
  facet normal 0.0208479 0.103985 0.99436
    outer loop
      vertex 2.4118 0.284698 12.8999
      vertex -1.14824 0.297516 12.9732
      vertex 4.9453 -5.39274 13.4405
    endloop
  endfacet
  facet normal 0.0208289 0.103965 0.994363
    outer loop
      vertex -1.37798 0.203903 12.9878
      vertex 4.9453 -5.39274 13.4405
      vertex -1.14824 0.297516 12.9732
    endloop
  endfacet
  facet normal 0.0208768 0.104019 0.994356
    outer loop
      vertex -1.61272 0.121964 13.0013
      vertex 4.9453 -5.39274 13.4405
      vertex -1.37798 0.203903 12.9878
    endloop
  endfacet
  facet normal 0.0209216 0.104071 0.99435
    outer loop
      vertex -1.85245 0.0516815 13.0137
      vertex 4.9453 -5.39274 13.4405
      vertex -1.61272 0.121964 13.0013
    endloop
  endfacet
  facet normal 0.0206701 0.10376 0.994388
    outer loop
      vertex -2.0972 -0.00689697 13.0249
      vertex 4.9453 -5.39274 13.4405
      vertex -1.85245 0.0516815 13.0137
    endloop
  endfacet
  facet normal 0.0209484 0.104121 0.994344
    outer loop
      vertex -2.35468 -0.0544128 13.0353
      vertex 4.9453 -5.39274 13.4405
      vertex -2.0972 -0.00689697 13.0249
    endloop
  endfacet
  facet normal 0.0208655 0.104009 0.994358
    outer loop
      vertex -2.63272 -0.0913696 13.045
      vertex 4.9453 -5.39274 13.4405
      vertex -2.35468 -0.0544128 13.0353
    endloop
  endfacet
  facet normal 0.0207862 0.103896 0.994371
    outer loop
      vertex -2.93132 -0.117767 13.054
      vertex 4.9453 -5.39274 13.4405
      vertex -2.63272 -0.0913696 13.045
    endloop
  endfacet
  facet normal 0.0209989 0.104211 0.994333
    outer loop
      vertex -3.25047 -0.133606 13.0624
      vertex 4.9453 -5.39274 13.4405
      vertex -2.93132 -0.117767 13.054
    endloop
  endfacet
  facet normal 0.0206354 0.103649 0.9944
    outer loop
      vertex -3.59019 -0.138885 13.07
      vertex 4.9453 -5.39274 13.4405
      vertex -3.25047 -0.133606 13.0624
    endloop
  endfacet
  facet normal 0.0209455 0.104149 0.994341
    outer loop
      vertex -4.0352 -0.121948 13.0776
      vertex 4.9453 -5.39274 13.4405
      vertex -3.59019 -0.138885 13.07
    endloop
  endfacet
  facet normal 0.0209296 0.104122 0.994344
    outer loop
      vertex -4.45909 -0.0711212 13.0812
      vertex 4.9453 -5.39274 13.4405
      vertex -4.0352 -0.121948 13.0776
    endloop
  endfacet
  facet normal 0.0209017 0.104073 0.99435
    outer loop
      vertex -4.86188 0.0135956 13.0808
      vertex 4.9453 -5.39274 13.4405
      vertex -4.45909 -0.0711212 13.0812
    endloop
  endfacet
  facet normal 0.0208482 0.103977 0.994361
    outer loop
      vertex -5.24355 0.132202 13.0764
      vertex 4.9453 -5.39274 13.4405
      vertex -4.86188 0.0135956 13.0808
    endloop
  endfacet
  facet normal 0.02068 0.103669 0.994397
    outer loop
      vertex -5.6041 0.284698 13.068
      vertex 4.9453 -5.39274 13.4405
      vertex -5.24355 0.132202 13.0764
    endloop
  endfacet
  facet normal 0.0208459 0.104013 0.994357
    outer loop
      vertex -9.75353 2.48718 12.9247
      vertex -7.46104 4.25136 12.6921
      vertex -11.0967 4.29169 12.7641
    endloop
  endfacet
  facet normal 0.0208103 0.104059 0.994353
    outer loop
      vertex -7.46104 4.25136 12.6921
      vertex -9.75353 2.48718 12.9247
      vertex -7.4791 3.7361 12.7464
    endloop
  endfacet
  facet normal 0.0210623 0.104374 0.994315
    outer loop
      vertex -5.6041 0.284698 13.068
      vertex -9.75353 2.48718 12.9247
      vertex 4.9453 -5.39274 13.4405
    endloop
  endfacet
  facet normal 0.019518 0.101486 0.994645
    outer loop
      vertex -5.93909 0.471634 13.0555
      vertex -9.75353 2.48718 12.9247
      vertex -5.6041 0.284698 13.068
    endloop
  endfacet
  facet normal 0.0215843 0.105368 0.994199
    outer loop
      vertex -6.24409 0.693573 13.0386
      vertex -9.75353 2.48718 12.9247
      vertex -5.93909 0.471634 13.0555
    endloop
  endfacet
  facet normal 0.0208843 0.104008 0.994357
    outer loop
      vertex -6.51909 0.950516 13.0175
      vertex -9.75353 2.48718 12.9247
      vertex -6.24409 0.693573 13.0386
    endloop
  endfacet
  facet normal 0.0209114 0.104065 0.994351
    outer loop
      vertex -6.7641 1.24245 12.9921
      vertex -9.75353 2.48718 12.9247
      vertex -6.51909 0.950516 13.0175
    endloop
  endfacet
  facet normal 0.0207454 0.103668 0.994396
    outer loop
      vertex -6.9791 1.5694 12.9625
      vertex -9.75353 2.48718 12.9247
      vertex -6.7641 1.24245 12.9921
    endloop
  endfacet
  facet normal 0.0208431 0.103962 0.994363
    outer loop
      vertex -7.15909 1.93164 12.9284
      vertex -9.75353 2.48718 12.9247
      vertex -6.9791 1.5694 12.9625
    endloop
  endfacet
  facet normal 0.0208682 0.10408 0.99435
    outer loop
      vertex -7.29909 2.32944 12.8897
      vertex -9.75353 2.48718 12.9247
      vertex -7.15909 1.93164 12.9284
    endloop
  endfacet
  facet normal 0.0208595 0.10394 0.994365
    outer loop
      vertex -7.39909 2.76279 12.8465
      vertex -9.75353 2.48718 12.9247
      vertex -7.29909 2.32944 12.8897
    endloop
  endfacet
  facet normal 0.0208857 0.103924 0.994366
    outer loop
      vertex -7.4791 3.7361 12.7464
      vertex -9.75353 2.48718 12.9247
      vertex -7.45909 3.23166 12.7987
    endloop
  endfacet
  facet normal 0.0208475 0.10404 0.994355
    outer loop
      vertex -7.45909 3.23166 12.7987
      vertex -9.75353 2.48718 12.9247
      vertex -7.39909 2.76279 12.8465
    endloop
  endfacet
  facet normal 0.0208539 0.103989 0.99436
    outer loop
      vertex -15.4301 10.255 12.2314
      vertex -24.7087 10.5045 12.3999
      vertex -15.4301 5.53033 12.7255
    endloop
  endfacet
  facet normal 0.0208332 0.103822 0.994378
    outer loop
      vertex -5.23245 5.23943 12.542
      vertex -2.45628 4.92084 12.5171
      vertex -2.50186 5.16943 12.4921
    endloop
  endfacet
  facet normal 0.0210415 0.104261 0.994327
    outer loop
      vertex -3.8819 6.25 12.408
      vertex -2.50186 5.16943 12.4921
      vertex -2.5741 5.39859 12.4696
    endloop
  endfacet
  facet normal 0.0204489 0.103528 0.994416
    outer loop
      vertex -3.60301 6.23193 12.404
      vertex -2.5741 5.39859 12.4696
      vertex -2.673 5.60831 12.4498
    endloop
  endfacet
  facet normal 0.0210009 0.10426 0.994328
    outer loop
      vertex -3.35524 6.17776 12.4045
      vertex -2.673 5.60831 12.4498
      vertex -2.7986 5.7986 12.4325
    endloop
  endfacet
  facet normal 0.021282 0.104669 0.994279
    outer loop
      vertex -3.35524 6.17776 12.4045
      vertex -2.7986 5.7986 12.4325
      vertex -2.95303 5.96109 12.4187
    endloop
  endfacet
  facet normal 0.0205829 0.103381 0.994429
    outer loop
      vertex -3.35524 6.17776 12.4045
      vertex -2.95303 5.96109 12.4187
      vertex -3.13858 6.08749 12.4094
    endloop
  endfacet
  facet normal 0.020713 0.103918 0.99437
    outer loop
      vertex -2.673 5.60831 12.4498
      vertex -3.35524 6.17776 12.4045
      vertex -3.60301 6.23193 12.404
    endloop
  endfacet
  facet normal 0.0210139 0.104219 0.994332
    outer loop
      vertex -2.5741 5.39859 12.4696
      vertex -3.60301 6.23193 12.404
      vertex -3.8819 6.25 12.408
    endloop
  endfacet
  facet normal 0.0208375 0.104003 0.994359
    outer loop
      vertex -2.50186 5.16943 12.4921
      vertex -3.8819 6.25 12.408
      vertex -5.23245 5.23943 12.542
    endloop
  endfacet
  facet normal 0.0210062 0.10378 0.994378
    outer loop
      vertex -5.23245 5.23943 12.542
      vertex -3.8819 6.25 12.408
      vertex -4.11272 6.23444 12.4145
    endloop
  endfacet
  facet normal 0.0209672 0.103815 0.994376
    outer loop
      vertex -5.1394 5.48109 12.5148
      vertex -4.11272 6.23444 12.4145
      vertex -4.32744 6.18777 12.4239
    endloop
  endfacet
  facet normal 0.0208898 0.103903 0.994368
    outer loop
      vertex -5.1394 5.48109 12.5148
      vertex -4.32744 6.18777 12.4239
      vertex -4.52606 6.10999 12.4362
    endloop
  endfacet
  facet normal 0.0207238 0.104064 0.994355
    outer loop
      vertex -5.1394 5.48109 12.5148
      vertex -4.52606 6.10999 12.4362
      vertex -4.70859 6.0011 12.4514
    endloop
  endfacet
  facet normal 0.0203322 0.104385 0.994329
    outer loop
      vertex -5.1394 5.48109 12.5148
      vertex -4.70859 6.0011 12.4514
      vertex -4.875 5.8611 12.4695
    endloop
  endfacet
  facet normal 0.0199418 0.104654 0.994309
    outer loop
      vertex -5.1394 5.48109 12.5148
      vertex -4.875 5.8611 12.4695
      vertex -5.02026 5.68831 12.4906
    endloop
  endfacet
  facet normal 0.0209332 0.103861 0.994371
    outer loop
      vertex -4.11272 6.23444 12.4145
      vertex -5.1394 5.48109 12.5148
      vertex -5.23245 5.23943 12.542
    endloop
  endfacet
  facet normal 0.020861 0.104066 0.994352
    outer loop
      vertex -2.45628 4.92084 12.5171
      vertex -5.23245 5.23943 12.542
      vertex -5.29938 4.96333 12.5723
    endloop
  endfacet
  facet normal 0.0208631 0.104224 0.994335
    outer loop
      vertex -2.45628 4.92084 12.5171
      vertex -5.29938 4.96333 12.5723
      vertex -2.43739 4.65279 12.5448
    endloop
  endfacet
  facet normal 0.0208274 0.103892 0.994371
    outer loop
      vertex -2.43739 4.65279 12.5448
      vertex -5.29938 4.96333 12.5723
      vertex -5.34019 4.65279 12.6056
    endloop
  endfacet
  facet normal 0.0208332 0.103822 0.994378
    outer loop
      vertex 2.78345 5.23943 12.3739
      vertex 5.55962 4.92084 12.349
      vertex 5.51404 5.16943 12.324
    endloop
  endfacet
  facet normal 0.0210415 0.104261 0.994327
    outer loop
      vertex 4.134 6.25 12.2399
      vertex 5.51404 5.16943 12.324
      vertex 5.4418 5.39859 12.3015
    endloop
  endfacet
  facet normal 0.0204489 0.103528 0.994416
    outer loop
      vertex 4.41289 6.23193 12.2359
      vertex 5.4418 5.39859 12.3015
      vertex 5.3429 5.60831 12.2817
    endloop
  endfacet
  facet normal 0.0209968 0.104255 0.994329
    outer loop
      vertex 4.66066 6.17776 12.2364
      vertex 5.3429 5.60831 12.2817
      vertex 5.21732 5.7986 12.2644
    endloop
  endfacet
  facet normal 0.0212848 0.104674 0.994279
    outer loop
      vertex 4.66066 6.17776 12.2364
      vertex 5.21732 5.7986 12.2644
      vertex 5.06287 5.96109 12.2506
    endloop
  endfacet
  facet normal 0.0205829 0.103381 0.994429
    outer loop
      vertex 4.66066 6.17776 12.2364
      vertex 5.06287 5.96109 12.2506
      vertex 4.87732 6.08749 12.2413
    endloop
  endfacet
  facet normal 0.020713 0.103918 0.99437
    outer loop
      vertex 5.3429 5.60831 12.2817
      vertex 4.66066 6.17776 12.2364
      vertex 4.41289 6.23193 12.2359
    endloop
  endfacet
  facet normal 0.0210139 0.104219 0.994332
    outer loop
      vertex 5.4418 5.39859 12.3015
      vertex 4.41289 6.23193 12.2359
      vertex 4.134 6.25 12.2399
    endloop
  endfacet
  facet normal 0.0208375 0.104003 0.994359
    outer loop
      vertex 5.51404 5.16943 12.324
      vertex 4.134 6.25 12.2399
      vertex 2.78345 5.23943 12.3739
    endloop
  endfacet
  facet normal 0.0210062 0.10378 0.994378
    outer loop
      vertex 2.78345 5.23943 12.3739
      vertex 4.134 6.25 12.2399
      vertex 3.90318 6.23444 12.2464
    endloop
  endfacet
  facet normal 0.0203075 0.104704 0.994296
    outer loop
      vertex 2.8765 5.48109 12.3467
      vertex 3.90318 6.23444 12.2464
      vertex 3.68846 6.18777 12.2557
    endloop
  endfacet
  facet normal 0.0217012 0.10312 0.994432
    outer loop
      vertex 2.8765 5.48109 12.3467
      vertex 3.68846 6.18777 12.2557
      vertex 3.48984 6.10999 12.2681
    endloop
  endfacet
  facet normal 0.0207292 0.104058 0.994355
    outer loop
      vertex 2.8765 5.48109 12.3467
      vertex 3.48984 6.10999 12.2681
      vertex 3.30733 6.0011 12.2833
    endloop
  endfacet
  facet normal 0.0203304 0.104386 0.994329
    outer loop
      vertex 2.8765 5.48109 12.3467
      vertex 3.30733 6.0011 12.2833
      vertex 3.14091 5.8611 12.3014
    endloop
  endfacet
  facet normal 0.0199454 0.104651 0.994309
    outer loop
      vertex 2.8765 5.48109 12.3467
      vertex 3.14091 5.8611 12.3014
      vertex 2.99565 5.68831 12.3225
    endloop
  endfacet
  facet normal 0.0209332 0.103861 0.994371
    outer loop
      vertex 3.90318 6.23444 12.2464
      vertex 2.8765 5.48109 12.3467
      vertex 2.78345 5.23943 12.3739
    endloop
  endfacet
  facet normal 0.020861 0.104066 0.994352
    outer loop
      vertex 5.55962 4.92084 12.349
      vertex 2.78345 5.23943 12.3739
      vertex 2.71652 4.96333 12.4042
    endloop
  endfacet
  facet normal 0.0208583 0.103856 0.994374
    outer loop
      vertex 5.55962 4.92084 12.349
      vertex 2.71652 4.96333 12.4042
      vertex 5.57851 4.65279 12.3766
    endloop
  endfacet
  facet normal 0.0208616 0.103887 0.99437
    outer loop
      vertex 5.57851 4.65279 12.3766
      vertex 2.71652 4.96333 12.4042
      vertex 2.6757 4.65279 12.4375
    endloop
  endfacet
  facet normal 0.00236453 0.0224287 -0.999746
    outer loop
      vertex 24.3959 7.73248 0.0186157
      vertex 11.2606 9.55081 0.0283422
      vertex 11.4339 9.53254 0.0283422
    endloop
  endfacet
  facet normal -0.476557 -0.404464 -0.780578
    outer loop
      vertex -24.6598 -14.4616 2.00808
      vertex -31.6411 -5.55693 1.65625
      vertex -31.2547 -5.33085 1.3032
    endloop
  endfacet
  facet normal -0.0885712 -0.0550618 -0.994547
    outer loop
      vertex -19.1411 -13.0944 0.163577
      vertex -27.9962 -3.42417 0.416804
      vertex -26.3496 -2.46065 0.216819
    endloop
  endfacet
  facet normal -0.0890026 -0.0543249 -0.994549
    outer loop
      vertex -27.9962 -3.42417 0.416804
      vertex -28.7085 -2.25718 0.416804
      vertex -26.3496 -2.46065 0.216819
    endloop
  endfacet
  facet normal 0.246719 -0.805794 -0.538354
    outer loop
      vertex 22.0337 -19.2673 3.77993
      vertex 20.4446 -19.1094 2.81533
      vertex 21.7987 -18.6948 2.81533
    endloop
  endfacet
  facet normal 0.330838 -0.613292 0.71723
    outer loop
      vertex 22.5515 -17.2735 8.70475
      vertex 21.4576 -17.8636 8.70475
      vertex 23.0467 -18.0216 7.83664
    endloop
  endfacet
  facet normal 0.252457 -0.040328 0.966767
    outer loop
      vertex 26.3161 -4.18245 11.8373
      vertex 26.2625 -4.51799 11.8373
      vertex 28.0539 -4.18245 11.3835
    endloop
  endfacet
  facet normal 0.39551 0.378801 0.836709
    outer loop
      vertex 34.1351 8.03633 5.68839
      vertex 32.3601 8.49775 6.31853
      vertex 32.8779 7.95711 6.31853
    endloop
  endfacet
  facet normal 0.294323 0.281601 0.913277
    outer loop
      vertex 32.8779 7.95711 6.31853
      vertex 15.3239 12.9512 10.4358
      vertex 27.2916 -2.63071 11.3835
    endloop
  endfacet
  facet normal 0.657416 0.629628 0.413973
    outer loop
      vertex 34.776 8.81473 4.24491
      vertex 34.3602 8.76017 4.98821
      vertex 35.4426 8.11871 4.24491
    endloop
  endfacet
  facet normal 0.618122 0.102071 0.779428
    outer loop
      vertex 34.3346 7.39487 5.68839
      vertex 30.8055 -3.28891 9.88623
      vertex 35.2175 7.39487 4.98821
    endloop
  endfacet
  facet normal 0.402496 0.866572 0.295041
    outer loop
      vertex 33.6936 9.45619 4.24491
      vertex 14.7103 17.5182 6.46285
      vertex 33.3193 9.37697 4.98821
    endloop
  endfacet
  facet normal 0.00699976 0.999976 0
    outer loop
      vertex 11.2606 18.253 6.46285
      vertex -24.7969 18.5054 5.60572
      vertex -24.7969 18.5054 6.82405
    endloop
  endfacet
  facet normal 0.00699976 0.999976 0
    outer loop
      vertex -24.7969 18.5054 5.60572
      vertex 11.2606 18.253 6.46285
      vertex 11.2606 18.253 5.30901
    endloop
  endfacet
  facet normal 0.0782758 0.0981585 0.992088
    outer loop
      vertex 24.3127 -3.8598 12.0686
      vertex 16.0628 4.5403 11.8884
      vertex 16.0944 3.80559 11.9586
    endloop
  endfacet
  facet normal 0.078495 0.098373 0.992049
    outer loop
      vertex 24.3127 -3.8598 12.0686
      vertex 15.9678 5.2 11.8305
      vertex 16.0628 4.5403 11.8884
    endloop
  endfacet
  facet normal 0.0781179 0.0980274 0.992113
    outer loop
      vertex 24.3127 -3.8598 12.0686
      vertex 15.8094 5.7847 11.7852
      vertex 15.9678 5.2 11.8305
    endloop
  endfacet
  facet normal 0.0785294 0.0983881 0.992045
    outer loop
      vertex 24.3127 -3.8598 12.0686
      vertex 15.5877 6.29439 11.7522
      vertex 15.8094 5.7847 11.7852
    endloop
  endfacet
  facet normal 0.0779437 0.0978879 0.99214
    outer loop
      vertex 24.3127 -3.8598 12.0686
      vertex 15.3027 6.7291 11.7317
      vertex 15.5877 6.29439 11.7522
    endloop
  endfacet
  facet normal 0.0781643 0.0982365 0.992089
    outer loop
      vertex 12.9178 7.70886 11.823
      vertex 12.7215 10.9412 11.5184
      vertex 12.776 7.68939 11.8361
    endloop
  endfacet
  facet normal 0.0782315 0.0982401 0.992083
    outer loop
      vertex 13.2333 7.7222 11.7968
      vertex 12.7215 10.9412 11.5184
      vertex 12.9178 7.70886 11.823
    endloop
  endfacet
  facet normal 0.0783569 0.098259 0.992071
    outer loop
      vertex 13.725 7.68246 11.7619
      vertex 12.7215 10.9412 11.5184
      vertex 13.2333 7.7222 11.7968
    endloop
  endfacet
  facet normal 0.0784691 0.0982926 0.992059
    outer loop
      vertex 14.1777 7.56329 11.7379
      vertex 12.7215 10.9412 11.5184
      vertex 13.725 7.68246 11.7619
    endloop
  endfacet
  facet normal 0.0782919 0.0982177 0.99208
    outer loop
      vertex 14.5916 7.36467 11.7249
      vertex 12.7215 10.9412 11.5184
      vertex 14.1777 7.56329 11.7379
    endloop
  endfacet
  facet normal 0.0784398 0.0982938 0.992061
    outer loop
      vertex 14.9666 7.08661 11.7228
      vertex 12.7215 10.9412 11.5184
      vertex 14.5916 7.36467 11.7249
    endloop
  endfacet
  facet normal 0.078038 0.0980627 0.992116
    outer loop
      vertex 15.3027 6.7291 11.7317
      vertex 12.7215 10.9412 11.5184
      vertex 14.9666 7.08661 11.7228
    endloop
  endfacet
  facet normal 0.0784343 0.0983028 0.992061
    outer loop
      vertex 12.7215 10.9412 11.5184
      vertex 15.3027 6.7291 11.7317
      vertex 24.3127 -3.8598 12.0686
    endloop
  endfacet
  facet normal 0.078349 0.0982368 0.992074
    outer loop
      vertex 16.0616 3.0703 12.034
      vertex 24.3127 -3.8598 12.0686
      vertex 16.0944 3.80559 11.9586
    endloop
  endfacet
  facet normal 0.0783962 0.098293 0.992065
    outer loop
      vertex 15.9633 2.40889 12.1073
      vertex 24.3127 -3.8598 12.0686
      vertex 16.0616 3.0703 12.034
    endloop
  endfacet
  facet normal 0.0783313 0.0982065 0.992078
    outer loop
      vertex 15.7994 1.82137 12.1784
      vertex 24.3127 -3.8598 12.0686
      vertex 15.9633 2.40889 12.1073
    endloop
  endfacet
  facet normal 0.0783653 0.0982576 0.992071
    outer loop
      vertex 15.5699 1.30774 12.2474
      vertex 24.3127 -3.8598 12.0686
      vertex 15.7994 1.82137 12.1784
    endloop
  endfacet
  facet normal 0.0783128 0.0981683 0.992084
    outer loop
      vertex 15.2749 0.867996 12.3142
      vertex 24.3127 -3.8598 12.0686
      vertex 15.5699 1.30774 12.2474
    endloop
  endfacet
  facet normal 0.0784165 0.0983679 0.992056
    outer loop
      vertex 14.9288 0.505508 12.3775
      vertex 24.3127 -3.8598 12.0686
      vertex 15.2749 0.867996 12.3142
    endloop
  endfacet
  facet normal 0.0781935 0.0983031 0.99208
    outer loop
      vertex 12.9821 -4.60375 13.0372
      vertex 14.9288 0.505508 12.3775
      vertex 14.5461 0.223572 12.4356
    endloop
  endfacet
  facet normal 0.0784239 0.0982271 0.992069
    outer loop
      vertex 12.9821 -4.60375 13.0372
      vertex 14.5461 0.223572 12.4356
      vertex 14.1266 0.0222015 12.4887
    endloop
  endfacet
  facet normal 0.0783829 0.0982375 0.992071
    outer loop
      vertex 12.9821 -4.60375 13.0372
      vertex 14.1266 0.0222015 12.4887
      vertex 13.6705 -0.0986176 12.5367
    endloop
  endfacet
  facet normal 0.0783359 0.098245 0.992074
    outer loop
      vertex 12.9821 -4.60375 13.0372
      vertex 13.6705 -0.0986176 12.5367
      vertex 13.1777 -0.138885 12.5796
    endloop
  endfacet
  facet normal 0.0783574 0.0982398 0.992073
    outer loop
      vertex 14.9288 0.505508 12.3775
      vertex 12.9821 -4.60375 13.0372
      vertex 24.3127 -3.8598 12.0686
    endloop
  endfacet
  facet normal 0.078126 0.0982558 0.99209
    outer loop
      vertex 12.9821 -4.60375 13.0372
      vertex 13.1777 -0.138885 12.5796
      vertex 12.907 -0.128613 12.5999
    endloop
  endfacet
  facet normal 0.0784901 0.0981811 0.992068
    outer loop
      vertex 12.8786 1.56991 12.434
      vertex 13.9697 3.40968 12.1656
      vertex 13.9833 3.8333 12.1226
    endloop
  endfacet
  facet normal 0.0782898 0.0981825 0.992084
    outer loop
      vertex 12.8038 6.02779 11.9985
      vertex 13.9833 3.8333 12.1226
      vertex 13.9267 4.63829 12.0474
    endloop
  endfacet
  facet normal 0.0783849 0.0982329 0.992072
    outer loop
      vertex 12.8786 1.56991 12.434
      vertex 13.9833 3.8333 12.1226
      vertex 12.8038 6.02779 11.9985
    endloop
  endfacet
  facet normal 0.0781996 0.0983419 0.992075
    outer loop
      vertex 13.9289 3.02774 12.2067
      vertex 12.8786 1.56991 12.434
      vertex 13.8608 2.68745 12.2458
    endloop
  endfacet
  facet normal 0.0784442 0.0983064 0.99206
    outer loop
      vertex 12.8038 6.02779 11.9985
      vertex 13.9267 4.63829 12.0474
      vertex 13.7567 5.26439 11.9988
    endloop
  endfacet
  facet normal 0.0781012 0.0984128 0.992076
    outer loop
      vertex 13.9697 3.40968 12.1656
      vertex 12.8786 1.56991 12.434
      vertex 13.9289 3.02774 12.2067
    endloop
  endfacet
  facet normal 0.0783887 0.0981527 0.992079
    outer loop
      vertex 13.7655 2.38884 12.2829
      vertex 12.8786 1.56991 12.434
      vertex 13.643 2.1319 12.318
    endloop
  endfacet
  facet normal 0.0784177 0.0982734 0.992065
    outer loop
      vertex 12.8038 6.02779 11.9985
      vertex 13.7567 5.26439 11.9988
      vertex 13.4733 5.71161 11.9769
    endloop
  endfacet
  facet normal 0.0782731 0.0982773 0.992076
    outer loop
      vertex 13.8608 2.68745 12.2458
      vertex 12.8786 1.56991 12.434
      vertex 13.7655 2.38884 12.2829
    endloop
  endfacet
  facet normal 0.0785085 0.0980488 0.99208
    outer loop
      vertex 13.4922 1.91942 12.3509
      vertex 12.8786 1.56991 12.434
      vertex 13.3119 1.75417 12.3815
    endloop
  endfacet
  facet normal 0.0782794 0.0979777 0.992105
    outer loop
      vertex 12.8038 6.02779 11.9985
      vertex 13.4733 5.71161 11.9769
      vertex 13.0766 5.97995 11.9817
    endloop
  endfacet
  facet normal 0.0786583 0.097789 0.992094
    outer loop
      vertex 13.643 2.1319 12.318
      vertex 12.8786 1.56991 12.434
      vertex 13.4922 1.91942 12.3509
    endloop
  endfacet
  facet normal 0.0779426 0.0993553 0.991995
    outer loop
      vertex 13.3119 1.75417 12.3815
      vertex 12.8786 1.56991 12.434
      vertex 13.1022 1.63612 12.4098
    endloop
  endfacet
  facet normal 0.277745 0.269406 0.922105
    outer loop
      vertex 15.3239 12.9512 10.4358
      vertex 14.2799 11.8332 11.0769
      vertex 27.2916 -2.63071 11.3835
    endloop
  endfacet
  facet normal 0.000393806 0.0017407 -0.999998
    outer loop
      vertex -7.05299 8.2026 0.00702953
      vertex -7.16628 8.22823 0.00702953
      vertex 24.5953 7.69871 0.0186157
    endloop
  endfacet
  facet normal 0.000380519 0.000946899 -0.999999
    outer loop
      vertex 24.9252 -3.50458 0.00810719
      vertex -6.95369 8.16811 0.00702953
      vertex 24.9136 7.59789 0.0186157
    endloop
  endfacet
  facet normal 0.337785 0.590152 0.733227
    outer loop
      vertex 14.3177 16.5032 8.66054
      vertex 13.9402 15.5273 9.61992
      vertex 15.6988 15.7127 8.66054
    endloop
  endfacet
  facet normal 0.481405 0.812409 -0.329
    outer loop
      vertex 34.3602 8.76017 2.74374
      vertex 33.3193 9.37697 2.74374
      vertex 33.6936 9.45619 3.48705
    endloop
  endfacet
  facet normal 0.594171 0.0811978 -0.80023
    outer loop
      vertex 35.6486 -4.1739 1.51862
      vertex 35.0031 -2.64067 1.19491
      vertex 35.4307 -2.5794 1.51862
    endloop
  endfacet
  facet normal 0.129186 -0.095847 -0.986977
    outer loop
      vertex 32.4453 -6.60338 0.615552
      vertex 30.3172 -7.06848 0.38217
      vertex 30.9855 -6.16772 0.38217
    endloop
  endfacet
  facet normal 8.88549e-05 0.000150266 -1
    outer loop
      vertex 25.0945 -3.60469 0.00810719
      vertex -6.8722 8.12609 0.00702953
      vertex 24.9252 -3.50458 0.00810719
    endloop
  endfacet
  facet normal 0.000418264 0.00325811 -0.999995
    outer loop
      vertex -7.16628 8.22823 0.00702953
      vertex -7.2892 8.24401 0.00702953
      vertex 24.3959 7.73248 0.0186157
    endloop
  endfacet
  facet normal 0.129186 -0.0958444 -0.986978
    outer loop
      vertex 31.631 -7.70095 0.615552
      vertex 30.3172 -7.06848 0.38217
      vertex 32.4453 -6.60338 0.615552
    endloop
  endfacet
  facet normal 0.00118041 -0.00306609 -0.999995
    outer loop
      vertex 24.9252 -4.84323 0.00810719
      vertex 19.3433 -12.7122 0.0256453
      vertex 24.732 -4.91761 0.00810719
    endloop
  endfacet
  facet normal -2.6298e-06 -2.04868e-05 -1
    outer loop
      vertex -7.54488 7.70004 0.00702953
      vertex -17.8533 -0.612691 0.00722694
      vertex -7.66781 7.71582 0.00702953
    endloop
  endfacet
  facet normal 2.88658e-05 -1.21572e-05 -1
    outer loop
      vertex 25.3367 -4.48196 0.00810719
      vertex -6.77436 7.91792 0.00702953
      vertex 25.4003 -4.33095 0.00810719
    endloop
  endfacet
  facet normal -0.328923 0.113931 -0.937459
    outer loop
      vertex -32.0969 2.15661 0.970636
      vertex -32.9908 2.31233 1.3032
      vertex -32.3292 4.22239 1.3032
    endloop
  endfacet
  facet normal -0.220552 0.0248097 -0.97506
    outer loop
      vertex -30.9795 0.325933 0.671337
      vertex -32.3027 0.325933 0.970636
      vertex -30.799 1.93053 0.671337
    endloop
  endfacet
  facet normal -0.0318185 -0.0150692 -0.99938
    outer loop
      vertex -24.8458 -0.856045 0.0790672
      vertex -25.2693 4.79858 0.00728703
      vertex -17.4039 -12.539 0.0182924
    endloop
  endfacet
  facet normal -0.00731142 0.413369 -0.910534
    outer loop
      vertex -3.61286 15.8085 1.24502
      vertex -24.1111 15.3764 1.21345
      vertex -24.1111 16.2922 1.62921
    endloop
  endfacet
  facet normal -0.086877 -0.0100643 -0.996168
    outer loop
      vertex -26.0894 4.72979 0.0651655
      vertex -27.2048 -0.652583 0.216819
      vertex -26.113 4.93351 0.0651655
    endloop
  endfacet
  facet normal -0.100464 -0.00654256 -0.994919
    outer loop
      vertex -27.3148 0.325933 0.216819
      vertex -29.2953 0.325933 0.416804
      vertex -26.113 4.93351 0.0651655
    endloop
  endfacet
  facet normal 0.0888946 0.366393 -0.926204
    outer loop
      vertex 27.0368 8.85616 0.45649
      vertex 12.0937 13.0846 0.695003
      vertex 12.3817 14.6352 1.33604
    endloop
  endfacet
  facet normal 0.154077 0.399193 -0.903828
    outer loop
      vertex 28.5676 8.37127 0.45649
      vertex 27.8776 8.63759 0.45649
      vertex 29.2342 9.06729 0.877537
    endloop
  endfacet
  facet normal 0.0867934 0.822795 -0.561672
    outer loop
      vertex 12.8191 16.99 3.11132
      vertex 11.2606 17.1544 3.11132
      vertex 11.2606 17.8821 4.17733
    endloop
  endfacet
  facet normal 0.0468137 0.671558 -0.739471
    outer loop
      vertex 11.2606 16.098 2.15194
      vertex -3.61286 16.6059 1.6716
      vertex 11.2606 17.1544 3.11132
    endloop
  endfacet
  facet normal -0.557761 0.533014 -0.636238
    outer loop
      vertex -26.3948 15.4029 1.62921
      vertex -27.4265 14.3233 1.62921
      vertex -26.486 15.8343 2.07057
    endloop
  endfacet
  facet normal -0.154715 0.802266 -0.57657
    outer loop
      vertex -25.3219 16.5257 2.07057
      vertex -25.5912 17.3467 3.28521
      vertex -24.1111 16.7592 2.07057
    endloop
  endfacet
  facet normal -0.30437 -0.272017 -0.912889
    outer loop
      vertex -21.759 -14.5519 0.862298
      vertex -22.9227 -15.017 1.38888
      vertex -22.3509 -13.8896 0.862298
    endloop
  endfacet
  facet normal -0.789114 -0.0887369 0.607803
    outer loop
      vertex -27.6691 8.54759 11.0191
      vertex -33.6789 0.325933 2.01621
      vertex -33.4466 -1.73985 2.01621
    endloop
  endfacet
  facet normal -0.202931 0.0863557 -0.975378
    outer loop
      vertex -25.1732 10.1336 0.0299263
      vertex -25.9111 11.0842 0.267611
      vertex -25.7445 11.4757 0.267611
    endloop
  endfacet
  facet normal -0.328898 0.113935 -0.937467
    outer loop
      vertex -32.0969 2.15661 0.970636
      vertex -32.3292 4.22239 1.3032
      vertex -31.4871 3.91693 0.970636
    endloop
  endfacet
  facet normal 0.0229021 0.375684 0.926465
    outer loop
      vertex 11.2606 14.7535 10.4358
      vertex -24.7969 13.8441 11.6959
      vertex 11.2606 13.1725 11.0769
    endloop
  endfacet
  facet normal 0.0216619 0.277842 0.960382
    outer loop
      vertex -24.7969 13.8441 11.6959
      vertex -24.7969 12.2323 12.1622
      vertex 11.2606 13.1725 11.0769
    endloop
  endfacet
  facet normal 0.0111237 0.950206 0.311423
    outer loop
      vertex 11.2606 18.253 6.46285
      vertex -24.7969 18.1651 8.01898
      vertex 11.2606 17.8821 7.59453
    endloop
  endfacet
  facet normal -0.913871 0.253374 0.317242
    outer loop
      vertex -28.4698 14.3803 8.01898
      vertex -28.878 12.908 8.01898
      vertex -28.5581 12.6525 9.14457
    endloop
  endfacet
  facet normal -0.88803 0.423891 -0.178099
    outer loop
      vertex -27.9205 15.6708 4.4108
      vertex -32.7585 4.37812 1.65625
      vertex -28.0453 15.9114 5.60572
    endloop
  endfacet
  facet normal -0.734663 -0.16803 0.657295
    outer loop
      vertex -27.5025 7.48851 11.0191
      vertex -33.4466 -1.73985 2.01621
      vertex -27.689 -11.3755 5.98827
    endloop
  endfacet
  facet normal 0.256047 0.788234 -0.559577
    outer loop
      vertex 14.3177 16.5032 3.11132
      vertex 12.8191 16.99 3.11132
      vertex 12.9517 17.7037 4.17733
    endloop
  endfacet
  facet normal 0.299688 0.814234 -0.497203
    outer loop
      vertex 31.2943 9.71984 2.04357
      vertex 14.5778 17.1755 4.17733
      vertex 31.9186 9.91761 2.74374
    endloop
  endfacet
  facet normal -0.0564596 -0.0307527 -0.997931
    outer loop
      vertex -17.3476 -12.65 0.0182924
      vertex -26.8789 -1.5935 0.216819
      vertex -24.8458 -0.856045 0.0790672
    endloop
  endfacet
  facet normal -0.0701769 -0.0426012 -0.996624
    outer loop
      vertex -19.1411 -13.0944 0.163577
      vertex -26.8789 -1.5935 0.216819
      vertex -17.3476 -12.65 0.0182924
    endloop
  endfacet
  facet normal -0.304974 -0.270225 -0.913219
    outer loop
      vertex -23.6439 -14.2099 1.38888
      vertex -31.2547 -5.33085 1.3032
      vertex -22.3509 -13.8896 0.862298
    endloop
  endfacet
  facet normal 0.159246 -0.520193 0.839071
    outer loop
      vertex 21.0234 -16.8057 9.44303
      vertex 20.0493 -17.1039 9.44303
      vertex 20.2706 -18.227 8.70475
    endloop
  endfacet
  facet normal 0.453932 -0.841498 0.292963
    outer loop
      vertex 23.3879 -18.5368 6.87204
      vertex 22.0337 -19.2673 6.87204
      vertex 23.5618 -18.7995 5.84802
    endloop
  endfacet
  facet normal 0.380968 -0.552114 -0.741642
    outer loop
      vertex 32.326 -9.95321 1.51862
      vertex 22.5515 -17.2735 1.94722
      vertex 32.0177 -9.73111 1.19491
    endloop
  endfacet
  facet normal 0.369197 0.181371 0.911481
    outer loop
      vertex 29.5009 -3.44914 10.7247
      vertex 27.7096 -3.11359 11.3835
      vertex 27.967 -3.63755 11.3835
    endloop
  endfacet
  facet normal 0.369196 -0.181371 0.911482
    outer loop
      vertex 27.967 -4.72734 11.3835
      vertex 27.7096 -5.2513 11.3835
      vertex 29.5009 -4.91576 10.7247
    endloop
  endfacet
  facet normal 0.000234321 -0.00396701 -0.999992
    outer loop
      vertex 19.0363 -12.7738 0.0256453
      vertex -16.4333 -13.0154 0.0182924
      vertex -16.2403 -13.004 0.0182924
    endloop
  endfacet
  facet normal 0.00314917 -0.964665 0.263462
    outer loop
      vertex 11.2701 -19.8097 7.31501
      vertex 4.29099 -20.9444 3.24373
      vertex 19.0363 -20.185 5.84802
    endloop
  endfacet
  facet normal 0.330838 -0.613292 -0.71723
    outer loop
      vertex 23.0467 -18.0216 2.81533
      vertex 21.4576 -17.8636 1.94722
      vertex 22.5515 -17.2735 1.94722
    endloop
  endfacet
  facet normal 0.0818202 -0.0988043 -0.991737
    outer loop
      vertex 20.3563 -13.9579 0.229335
      vertex 19.6036 -12.5367 0.0256453
      vertex 20.7164 -13.6597 0.229335
    endloop
  endfacet
  facet normal -6.50537e-05 -0.00110192 -0.999999
    outer loop
      vertex -16.4333 -13.0154 0.0182924
      vertex -16.6264 -13.004 0.0182924
      vertex 4.29099 -10.5477 0.014225
    endloop
  endfacet
  facet normal 0.594233 -0.0812346 -0.80018
    outer loop
      vertex 35.6486 -4.1739 1.51862
      vertex 35.0031 -5.70713 1.19491
      vertex 35.2127 -4.1739 1.19491
    endloop
  endfacet
  facet normal 0.744973 -0.552682 0.373574
    outer loop
      vertex 34.7851 -7.30164 1.84867
      vertex 25.5489 -16.3559 6.87204
      vertex 33.7368 -8.71467 1.84867
    endloop
  endfacet
  facet normal 0.434216 -0.494609 -0.752873
    outer loop
      vertex 33.7368 -8.71467 1.51862
      vertex 32.326 -9.95321 1.51862
      vertex 33.3743 -8.54017 1.19491
    endloop
  endfacet
  facet normal 0.885873 -0.141353 0.441868
    outer loop
      vertex 32.7129 -4.18245 7.80476
      vertex 32.5364 -5.28859 7.80476
      vertex 35.4307 -5.76841 1.84867
    endloop
  endfacet
  facet normal 0.82838 -0.132179 0.544349
    outer loop
      vertex 32.7129 -4.18245 7.80476
      vertex 31.993 -4.18245 8.90029
      vertex 32.5364 -5.28859 7.80476
    endloop
  endfacet
  facet normal 0.622029 0.0991999 0.776685
    outer loop
      vertex 35.2175 7.39487 4.98821
      vertex 30.8055 -3.28891 9.88623
      vertex 30.948 -4.18245 9.88623
    endloop
  endfacet
  facet normal 0.221272 0.191542 0.956217
    outer loop
      vertex 27.2916 -2.63071 11.3835
      vertex 25.8466 -3.22689 11.8373
      vertex 27.7096 -3.11359 11.3835
    endloop
  endfacet
  facet normal 0.0760653 0.234226 0.969202
    outer loop
      vertex 12.8947 12.8244 11.0769
      vertex 11.7736 11.3616 11.5184
      vertex 12.2669 11.2014 11.5184
    endloop
  endfacet
  facet normal 0.524349 0.502115 -0.687705
    outer loop
      vertex 35.0011 8.09089 2.74374
      vertex 33.5444 8.65313 2.04357
      vertex 34.3602 8.76017 2.74374
    endloop
  endfacet
  facet normal 0.509825 0.860278 -0
    outer loop
      vertex 34.776 8.81473 3.48705
      vertex 33.6936 9.45619 4.24491
      vertex 34.776 8.81473 4.24491
    endloop
  endfacet
  facet normal 0.509825 0.860278 0
    outer loop
      vertex 33.6936 9.45619 4.24491
      vertex 34.776 8.81473 3.48705
      vertex 33.6936 9.45619 3.48705
    endloop
  endfacet
  facet normal 0.481451 0.8124 0.328954
    outer loop
      vertex 34.776 8.81473 4.24491
      vertex 33.6936 9.45619 4.24491
      vertex 34.3602 8.76017 4.98821
    endloop
  endfacet
  facet normal 0.293878 0.904725 0.308396
    outer loop
      vertex 13.0193 18.0675 6.46285
      vertex 12.9517 17.7037 7.59453
      vertex 14.5778 17.1755 7.59453
    endloop
  endfacet
  facet normal 0.352154 0.581404 0.733456
    outer loop
      vertex 15.6988 15.7127 8.66054
      vertex 15.1507 14.8344 9.61992
      vertex 33.5444 8.65313 5.68839
    endloop
  endfacet
  facet normal 0.208958 0.643273 0.736571
    outer loop
      vertex 14.3177 16.5032 8.66054
      vertex 12.8191 16.99 8.66054
      vertex 13.9402 15.5273 9.61992
    endloop
  endfacet
  facet normal 0.039622 0.375488 0.92598
    outer loop
      vertex 11.2606 14.7535 10.4358
      vertex 11.2606 13.1725 11.0769
      vertex 12.3817 14.6352 10.4358
    endloop
  endfacet
  facet normal 0 0 1
    outer loop
      vertex 5.43484 -5.77971 13.4405
      vertex 5.43484 -5.98688 13.4405
      vertex 5.45057 -5.8833 13.4405
    endloop
  endfacet
  facet normal 0 0 1
    outer loop
      vertex 5.38827 -5.6801 13.4405
      vertex 5.43484 -5.98688 13.4405
      vertex 5.43484 -5.77971 13.4405
    endloop
  endfacet
  facet normal 0 0 1
    outer loop
      vertex 5.38827 -5.6801 13.4405
      vertex 5.38827 -6.08649 13.4405
      vertex 5.43484 -5.98688 13.4405
    endloop
  endfacet
  facet normal 0 0 1
    outer loop
      vertex 5.31263 -5.5883 13.4405
      vertex 5.38827 -6.08649 13.4405
      vertex 5.38827 -5.6801 13.4405
    endloop
  endfacet
  facet normal 0 0 1
    outer loop
      vertex 5.31263 -5.5883 13.4405
      vertex 5.31263 -6.17829 13.4405
      vertex 5.38827 -6.08649 13.4405
    endloop
  endfacet
  facet normal 0 0 1
    outer loop
      vertex 5.21084 -5.50784 13.4405
      vertex 5.31263 -6.17829 13.4405
      vertex 5.31263 -5.5883 13.4405
    endloop
  endfacet
  facet normal 0 0 1
    outer loop
      vertex 5.21084 -5.50784 13.4405
      vertex 5.21084 -6.25875 13.4405
      vertex 5.31263 -6.17829 13.4405
    endloop
  endfacet
  facet normal 0 0 1
    outer loop
      vertex 5.0868 -5.44181 13.4405
      vertex 5.21084 -6.25875 13.4405
      vertex 5.21084 -5.50784 13.4405
    endloop
  endfacet
  facet normal 0 0 1
    outer loop
      vertex 5.0868 -5.44181 13.4405
      vertex 5.0868 -6.32478 13.4405
      vertex 5.21084 -6.25875 13.4405
    endloop
  endfacet
  facet normal 0 0 1
    outer loop
      vertex 4.9453 -5.39274 13.4405
      vertex 5.0868 -6.32478 13.4405
      vertex 5.0868 -5.44181 13.4405
    endloop
  endfacet
  facet normal 0 0 1
    outer loop
      vertex 4.9453 -5.39274 13.4405
      vertex 4.9453 -6.37385 13.4405
      vertex 5.0868 -6.32478 13.4405
    endloop
  endfacet
  facet normal 0 0 1
    outer loop
      vertex 4.79175 -5.36253 13.4405
      vertex 4.9453 -6.37385 13.4405
      vertex 4.9453 -5.39274 13.4405
    endloop
  endfacet
  facet normal 0 0 1
    outer loop
      vertex 4.79175 -5.36253 13.4405
      vertex 4.79175 -6.40406 13.4405
      vertex 4.9453 -6.37385 13.4405
    endloop
  endfacet
  facet normal 0 0 1
    outer loop
      vertex 4.63207 -5.35233 13.4405
      vertex 4.79175 -6.40406 13.4405
      vertex 4.79175 -5.36253 13.4405
    endloop
  endfacet
  facet normal 0 0 1
    outer loop
      vertex 4.63207 -5.35233 13.4405
      vertex 4.63207 -6.41427 13.4405
      vertex 4.79175 -6.40406 13.4405
    endloop
  endfacet
  facet normal -0 0 1
    outer loop
      vertex 4.47239 -5.36253 13.4405
      vertex 4.63207 -6.41427 13.4405
      vertex 4.63207 -5.35233 13.4405
    endloop
  endfacet
  facet normal 0 0 1
    outer loop
      vertex 4.47239 -5.36253 13.4405
      vertex 4.47239 -6.40406 13.4405
      vertex 4.63207 -6.41427 13.4405
    endloop
  endfacet
  facet normal -0 0 1
    outer loop
      vertex 4.31884 -5.39274 13.4405
      vertex 4.47239 -6.40406 13.4405
      vertex 4.47239 -5.36253 13.4405
    endloop
  endfacet
  facet normal 0 0 1
    outer loop
      vertex 4.31884 -5.39274 13.4405
      vertex 4.31884 -6.37385 13.4405
      vertex 4.47239 -6.40406 13.4405
    endloop
  endfacet
  facet normal -0 0 1
    outer loop
      vertex 4.17733 -5.44181 13.4405
      vertex 4.31884 -6.37385 13.4405
      vertex 4.31884 -5.39274 13.4405
    endloop
  endfacet
  facet normal 0 0 1
    outer loop
      vertex 4.17733 -5.44181 13.4405
      vertex 4.17733 -6.32478 13.4405
      vertex 4.31884 -6.37385 13.4405
    endloop
  endfacet
  facet normal -0 0 1
    outer loop
      vertex 4.0533 -5.50784 13.4405
      vertex 4.17733 -6.32478 13.4405
      vertex 4.17733 -5.44181 13.4405
    endloop
  endfacet
  facet normal 0 0 1
    outer loop
      vertex 4.0533 -5.50784 13.4405
      vertex 4.0533 -6.25875 13.4405
      vertex 4.17733 -6.32478 13.4405
    endloop
  endfacet
  facet normal -0 0 1
    outer loop
      vertex 3.95151 -5.5883 13.4405
      vertex 4.0533 -6.25875 13.4405
      vertex 4.0533 -5.50784 13.4405
    endloop
  endfacet
  facet normal 0 0 1
    outer loop
      vertex 3.95151 -5.5883 13.4405
      vertex 3.95151 -6.17829 13.4405
      vertex 4.0533 -6.25875 13.4405
    endloop
  endfacet
  facet normal -0 0 1
    outer loop
      vertex 3.87587 -5.6801 13.4405
      vertex 3.95151 -6.17829 13.4405
      vertex 3.95151 -5.5883 13.4405
    endloop
  endfacet
  facet normal 0 0 1
    outer loop
      vertex 3.87587 -5.6801 13.4405
      vertex 3.87587 -6.08649 13.4405
      vertex 3.95151 -6.17829 13.4405
    endloop
  endfacet
  facet normal -0 0 1
    outer loop
      vertex 3.82929 -5.77971 13.4405
      vertex 3.87587 -6.08649 13.4405
      vertex 3.87587 -5.6801 13.4405
    endloop
  endfacet
  facet normal 0 0 1
    outer loop
      vertex 3.82929 -5.77971 13.4405
      vertex 3.82929 -5.98688 13.4405
      vertex 3.87587 -6.08649 13.4405
    endloop
  endfacet
  facet normal 0 -0 1
    outer loop
      vertex 3.82929 -5.98688 13.4405
      vertex 3.82929 -5.77971 13.4405
      vertex 3.81356 -5.8833 13.4405
    endloop
  endfacet
  facet normal -0.700313 0.679608 0.218391
    outer loop
      vertex -26.5549 17.8313 6.82405
      vertex -27.3492 17.0128 6.82405
      vertex -27.2511 16.7299 8.01898
    endloop
  endfacet
  facet normal 0.205823 0.644021 -0.7368
    outer loop
      vertex 30.3878 9.43272 1.41343
      vertex 12.6267 15.9539 2.15194
      vertex 12.8191 16.99 3.11132
    endloop
  endfacet
  facet normal 0.154076 0.399194 -0.903828
    outer loop
      vertex 30.1628 8.70888 0.877537
      vertex 28.5676 8.37127 0.45649
      vertex 29.2342 9.06729 0.877537
    endloop
  endfacet
  facet normal 0.524351 0.502163 -0.687669
    outer loop
      vertex 34.1351 8.03633 2.04357
      vertex 33.5444 8.65313 2.04357
      vertex 35.0011 8.09089 2.74374
    endloop
  endfacet
  facet normal 0.310868 0.805403 -0.504666
    outer loop
      vertex 32.5852 9.22159 2.04357
      vertex 31.9186 9.91761 2.74374
      vertex 33.3193 9.37697 2.74374
    endloop
  endfacet
  facet normal 0.438724 0.1047 -0.892501
    outer loop
      vertex 35.0031 -2.64067 1.19491
      vertex 33.0527 7.39487 1.41343
      vertex 34.3346 7.39487 2.04357
    endloop
  endfacet
  facet normal 0.852147 0.0864109 -0.516119
    outer loop
      vertex 35.6486 -4.1739 1.51862
      vertex 35.2175 7.39487 2.74374
      vertex 35.6677 7.39487 3.48705
    endloop
  endfacet
  facet normal 0.590332 0.10698 -0.800039
    outer loop
      vertex 35.0031 -2.64067 1.19491
      vertex 34.3346 7.39487 2.04357
      vertex 35.4307 -2.5794 1.51862
    endloop
  endfacet
  facet normal 0.289372 0.277147 -0.916217
    outer loop
      vertex 32.8779 7.95711 1.41343
      vertex 31.2777 7.85629 0.877537
      vertex 32.3601 8.49775 1.41343
    endloop
  endfacet
  facet normal 0.0819996 0.315411 -0.945406
    outer loop
      vertex 26.3703 8.16013 0.166468
      vertex 25.8526 8.29472 0.166468
      vertex 27.0368 8.85616 0.45649
    endloop
  endfacet
  facet normal 0.081994 0.315416 -0.945404
    outer loop
      vertex 27.8776 8.63759 0.45649
      vertex 26.3703 8.16013 0.166468
      vertex 27.0368 8.85616 0.45649
    endloop
  endfacet
  facet normal -0.0118538 -0.00601232 -0.999912
    outer loop
      vertex -17.4039 -12.539 0.0182924
      vertex -25.2693 4.79858 0.00728703
      vertex -17.3476 -12.65 0.0182924
    endloop
  endfacet
  facet normal 0.000383121 0.00110304 -0.999999
    outer loop
      vertex -6.95369 8.16811 0.00702953
      vertex -7.05299 8.2026 0.00702953
      vertex 24.7701 7.65326 0.0186157
    endloop
  endfacet
  facet normal -0.000164615 -0.0009093 -1
    outer loop
      vertex -16.812 -12.9704 0.0182924
      vertex -17.8533 -0.612691 0.00722694
      vertex -16.6264 -13.004 0.0182924
    endloop
  endfacet
  facet normal -8.8557e-05 -0.00090177 -1
    outer loop
      vertex -16.6264 -13.004 0.0182924
      vertex -17.8533 -0.612691 0.00722694
      vertex 4.29099 -10.5477 0.014225
    endloop
  endfacet
  facet normal 0.0270148 -0.0219509 -0.999394
    outer loop
      vertex 27.0558 -5.4984 0.0724964
      vertex 19.6036 -12.5367 0.0256453
      vertex 19.7033 -12.414 0.0256453
    endloop
  endfacet
  facet normal 0.0321098 -0.356277 -0.933829
    outer loop
      vertex 19.0363 -15.8582 0.628885
      vertex 4.29099 -19.6318 1.56158
      vertex 4.29099 -18.3697 1.08006
    endloop
  endfacet
  facet normal -0.00410441 -0.00249413 -0.999988
    outer loop
      vertex -17.3476 -12.65 0.0182924
      vertex -25.2693 4.79858 0.00728703
      vertex -22.6876 -0.0731716 0.00884151
    endloop
  endfacet
  facet normal -0.148168 0.0239967 -0.988671
    outer loop
      vertex -29.1472 1.64279 0.416804
      vertex -30.799 1.93053 0.671337
      vertex -25.215 9.98281 0.0299263
    endloop
  endfacet
  facet normal -0.124941 0.121221 -0.984731
    outer loop
      vertex -25.0483 10.3743 0.0299263
      vertex -25.3097 12.0357 0.267611
      vertex -24.9701 10.4549 0.0299263
    endloop
  endfacet
  facet normal -0.000383345 -0.000511952 -1
    outer loop
      vertex -22.4294 -0.411517 0.00884151
      vertex -25.1796 4.68419 0.00728703
      vertex -18.0565 -0.532153 0.00722694
    endloop
  endfacet
  facet normal -0.0878377 -0.00987429 -0.996086
    outer loop
      vertex -27.2048 -0.652583 0.216819
      vertex -27.3148 0.325933 0.216819
      vertex -26.113 4.93351 0.0651655
    endloop
  endfacet
  facet normal -0.149415 0.016804 -0.988632
    outer loop
      vertex -29.2953 0.325933 0.416804
      vertex -30.799 1.93053 0.671337
      vertex -29.1472 1.64279 0.416804
    endloop
  endfacet
  facet normal 0.0396145 0.375459 -0.925992
    outer loop
      vertex 12.0937 13.0846 0.695003
      vertex 11.2606 13.1725 0.695003
      vertex 12.3817 14.6352 1.33604
    endloop
  endfacet
  facet normal 0.002727 0.137594 -0.990485
    outer loop
      vertex 11.2606 11.4157 0.253446
      vertex -24.7969 10.5213 0.0299263
      vertex -24.7969 12.2323 0.267611
    endloop
  endfacet
  facet normal 0.0452783 0.518259 -0.854025
    outer loop
      vertex 11.2606 14.7535 1.33604
      vertex -3.61286 16.6059 1.6716
      vertex 11.2606 16.098 2.15194
    endloop
  endfacet
  facet normal 0.0372037 0.743567 -0.667626
    outer loop
      vertex 11.2606 17.1544 3.11132
      vertex -3.61286 16.6059 1.6716
      vertex -3.61286 17.0125 2.12445
    endloop
  endfacet
  facet normal 0.0295162 0.825552 -0.563554
    outer loop
      vertex 11.2606 17.1544 3.11132
      vertex -3.61286 17.0125 2.12445
      vertex 11.2606 17.8821 4.17733
    endloop
  endfacet
  facet normal 0.00443246 0.908849 -0.417102
    outer loop
      vertex -3.61286 17.0125 2.12445
      vertex -24.7969 18.1651 4.4108
      vertex 11.2606 17.8821 4.17733
    endloop
  endfacet
  facet normal 0.0997301 0.945527 -0.30989
    outer loop
      vertex 13.0193 18.0675 5.30901
      vertex 11.2606 17.8821 4.17733
      vertex 11.2606 18.253 5.30901
    endloop
  endfacet
  facet normal 0.256038 0.788231 -0.559585
    outer loop
      vertex 14.3177 16.5032 3.11132
      vertex 12.9517 17.7037 4.17733
      vertex 14.5778 17.1755 4.17733
    endloop
  endfacet
  facet normal -0.00900842 0.686846 -0.726747
    outer loop
      vertex -3.61286 16.6059 1.6716
      vertex -24.1111 16.2922 1.62921
      vertex -24.1111 16.7592 2.07057
    endloop
  endfacet
  facet normal -0.131315 0.680926 -0.720483
    outer loop
      vertex -24.1111 16.2922 1.62921
      vertex -25.3219 16.5257 2.07057
      vertex -24.1111 16.7592 2.07057
    endloop
  endfacet
  facet normal -0.00539535 0.4717 -0.881743
    outer loop
      vertex -3.61286 15.8085 1.24502
      vertex -24.1111 16.2922 1.62921
      vertex -3.61286 16.6059 1.6716
    endloop
  endfacet
  facet normal -0.231168 0.38922 -0.891666
    outer loop
      vertex -25.1841 15.1695 1.21345
      vertex -26.3948 15.4029 1.62921
      vertex -25.2753 16.0678 1.62921
    endloop
  endfacet
  facet normal -0.557748 0.53301 -0.636252
    outer loop
      vertex -27.4265 14.3233 1.62921
      vertex -27.559 14.7115 2.07057
      vertex -26.486 15.8343 2.07057
    endloop
  endfacet
  facet normal -0.471248 0.293307 -0.831803
    outer loop
      vertex -27.1666 13.5618 1.21345
      vertex -28 12.2228 1.21345
      vertex -27.4265 14.3233 1.62921
    endloop
  endfacet
  facet normal -0.0419698 -0.0117105 0.99905
    outer loop
      vertex 3.82929 -5.98688 13.4405
      vertex -8.13974 0.319044 13.0116
      vertex -8.07501 0.232086 13.0133
    endloop
  endfacet
  facet normal -0.0419411 -0.0116834 0.999052
    outer loop
      vertex -15.4301 4.15998 12.7504
      vertex -25.1732 9.16438 12.3999
      vertex -15.4301 4.07447 12.7494
    endloop
  endfacet
  facet normal -0.0419061 -0.0116151 0.999054
    outer loop
      vertex -25.1732 9.16438 12.3999
      vertex -15.4301 4.15998 12.7504
      vertex -25.215 9.31519 12.3999
    endloop
  endfacet
  facet normal -0.0421305 -0.0120444 0.99904
    outer loop
      vertex -12.8813 2.74297 12.8409
      vertex -11.9403 2.32136 12.8755
      vertex -12.8253 2.78763 12.8438
    endloop
  endfacet
  facet normal -0.0420918 -0.0119577 0.999042
    outer loop
      vertex -11.9403 2.32136 12.8755
      vertex -12.8813 2.74297 12.8409
      vertex -11.8612 2.21002 12.8775
    endloop
  endfacet
  facet normal -0.124962 -0.121226 0.984728
    outer loop
      vertex -25.0483 8.92372 12.3999
      vertex -25.3097 7.26232 12.1622
      vertex -24.9701 8.84311 12.3999
    endloop
  endfacet
  facet normal -1.97936e-05 2.83024e-05 -1
    outer loop
      vertex -7.96189 8.12609 0.00702953
      vertex -25.1796 5.18284 0.00728703
      vertex -25.1169 5.22669 0.00728703
    endloop
  endfacet
  facet normal -0.13991 -0.105635 -0.984513
    outer loop
      vertex -20.8305 -13.5129 0.448563
      vertex -29.3966 -4.24358 0.671337
      vertex -19.1411 -13.0944 0.163577
    endloop
  endfacet
  facet normal -0.143632 -0.0497568 -0.98838
    outer loop
      vertex -30.2645 -2.8216 0.671337
      vertex -30.799 -1.27867 0.671337
      vertex -28.7085 -2.25718 0.416804
    endloop
  endfacet
  facet normal -0.132311 -0.0807557 -0.987913
    outer loop
      vertex -29.3966 -4.24358 0.671337
      vertex -30.2645 -2.8216 0.671337
      vertex -28.7085 -2.25718 0.416804
    endloop
  endfacet
  facet normal -0.220534 0.0247918 -0.975064
    outer loop
      vertex -30.799 1.93053 0.671337
      vertex -32.3027 0.325933 0.970636
      vertex -32.0969 2.15661 0.970636
    endloop
  endfacet
  facet normal -0.577935 0.200183 -0.79115
    outer loop
      vertex -32.9908 2.31233 1.3032
      vertex -33.4466 2.39172 1.65625
      vertex -32.3292 4.22239 1.3032
    endloop
  endfacet
  facet normal -0.202855 0.08639 -0.97539
    outer loop
      vertex -25.1732 10.1336 0.0299263
      vertex -25.7445 11.4757 0.267611
      vertex -25.1169 10.2658 0.0299263
    endloop
  endfacet
  facet normal -0.508532 0.265991 -0.818929
    outer loop
      vertex -28 12.2228 1.21345
      vertex -32.3292 4.22239 1.3032
      vertex -28.3308 12.8704 1.62921
    endloop
  endfacet
  facet normal 0.337795 0.59013 0.73324
    outer loop
      vertex 15.6988 15.7127 8.66054
      vertex 13.9402 15.5273 9.61992
      vertex 15.1507 14.8344 9.61992
    endloop
  endfacet
  facet normal 0.0154254 0.825813 0.563732
    outer loop
      vertex 11.2606 17.8821 7.59453
      vertex -24.7969 17.4975 9.14457
      vertex 11.2606 17.1544 8.66054
    endloop
  endfacet
  facet normal -0.717636 0.696418 0
    outer loop
      vertex -27.3492 17.0128 5.60572
      vertex -26.5549 17.8313 6.82405
      vertex -26.5549 17.8313 5.60572
    endloop
  endfacet
  facet normal -0.717636 0.696418 0
    outer loop
      vertex -26.5549 17.8313 6.82405
      vertex -27.3492 17.0128 5.60572
      vertex -27.3492 17.0128 6.82405
    endloop
  endfacet
  facet normal -0.489062 0.836325 -0.247747
    outer loop
      vertex -25.6587 18.0014 4.4108
      vertex -26.5549 17.8313 5.60572
      vertex -25.6932 18.3352 5.60572
    endloop
  endfacet
  facet normal -0.445571 0.761957 0.469987
    outer loop
      vertex -25.6587 18.0014 8.01898
      vertex -26.4874 17.5168 8.01898
      vertex -26.3549 16.9 9.14457
    endloop
  endfacet
  facet normal -0.179713 0.946101 0.269437
    outer loop
      vertex -24.7969 18.5054 6.82405
      vertex -25.6587 18.0014 8.01898
      vertex -24.7969 18.1651 8.01898
    endloop
  endfacet
  facet normal 0.00447835 0.961749 -0.273895
    outer loop
      vertex 11.2606 18.253 5.30901
      vertex -24.7969 18.1651 4.4108
      vertex -24.7969 18.5054 5.60572
    endloop
  endfacet
  facet normal -0.700277 0.679631 0.218433
    outer loop
      vertex -26.5549 17.8313 6.82405
      vertex -27.2511 16.7299 8.01898
      vertex -26.4874 17.5168 8.01898
    endloop
  endfacet
  facet normal 0.293889 0.904726 0.308382
    outer loop
      vertex 14.7103 17.5182 6.46285
      vertex 13.0193 18.0675 6.46285
      vertex 14.5778 17.1755 7.59453
    endloop
  endfacet
  facet normal 0.261959 0.678711 -0.686097
    outer loop
      vertex 31.5193 8.996 1.41343
      vertex 30.3878 9.43272 1.41343
      vertex 31.2943 9.71984 2.04357
    endloop
  endfacet
  facet normal 0.276794 0.780878 -0.560012
    outer loop
      vertex 31.2943 9.71984 2.04357
      vertex 14.3177 16.5032 3.11132
      vertex 14.5778 17.1755 4.17733
    endloop
  endfacet
  facet normal -0.000803452 -0.00110262 -0.999999
    outer loop
      vertex -17.2562 -12.7524 0.0182924
      vertex -22.4294 -0.411517 0.00884151
      vertex -17.1331 -12.8421 0.0182924
    endloop
  endfacet
  facet normal -0.135798 -0.121341 -0.983278
    outer loop
      vertex -20.3907 -14.0051 0.448563
      vertex -20.8305 -13.5129 0.448563
      vertex -18.8702 -13.3974 0.163577
    endloop
  endfacet
  facet normal 0.163251 -0.17172 0.971525
    outer loop
      vertex 14.8085 -11.6708 12.5374
      vertex 14.0502 -12.3917 12.5374
      vertex 25.8466 -5.138 11.8373
    endloop
  endfacet
  facet normal -0.668394 0.0341662 0.743022
    outer loop
      vertex -27.6691 10.7504 11.0191
      vertex -27.7254 9.649 11.0191
      vertex -26.9312 10.4674 11.6959
    endloop
  endfacet
  facet normal 0.0888025 0.0436065 0.995094
    outer loop
      vertex 24.3996 -3.9602 12.0686
      vertex 12.1352 -6.90218 13.292
      vertex 24.4531 -4.06915 12.0686
    endloop
  endfacet
  facet normal 0.117193 0.360767 0.925264
    outer loop
      vertex 13.4597 14.2851 10.4358
      vertex 12.0937 13.0846 11.0769
      vertex 12.8947 12.8244 11.0769
    endloop
  endfacet
  facet normal -0.044059 -0.242814 -0.969072
    outer loop
      vertex -17.3619 -15.2155 0.448563
      vertex -18.2547 -15.0535 0.448563
      vertex -17.5549 -14.0431 0.163577
    endloop
  endfacet
  facet normal -0.180665 -0.143574 -0.973009
    outer loop
      vertex -20.8305 -13.5129 0.448563
      vertex -30.4969 -4.88739 0.970636
      vertex -29.3966 -4.24358 0.671337
    endloop
  endfacet
  facet normal 0.252445 -0.0402604 0.966773
    outer loop
      vertex 28.0539 -4.18245 11.3835
      vertex 26.2625 -4.51799 11.8373
      vertex 27.967 -4.72734 11.3835
    endloop
  endfacet
  facet normal 0.635705 -0.724121 -0.267446
    outer loop
      vertex 33.7368 -8.71467 1.51862
      vertex 24.7961 -17.7771 4.80395
      vertex 32.326 -9.95321 1.51862
    endloop
  endfacet
  facet normal 0.197117 -0.365377 0.90975
    outer loop
      vertex 21.9211 -16.3214 9.44303
      vertex 13.8472 -14.7792 11.8118
      vertex 21.0234 -16.8057 9.44303
    endloop
  endfacet
  facet normal 0.681748 -0.495892 0.537877
    outer loop
      vertex 31.3489 -6.18213 8.90029
      vertex 25.0383 -16.0116 7.83664
      vertex 25.5489 -16.3559 6.87204
    endloop
  endfacet
  facet normal 0.318069 0.421348 0.849292
    outer loop
      vertex 15.1507 14.8344 9.61992
      vertex 14.4532 13.7164 10.4358
      vertex 32.3601 8.49775 6.31853
    endloop
  endfacet
  facet normal 0.0822709 0.0712085 0.994063
    outer loop
      vertex 24.3127 -3.8598 12.0686
      vertex 12.0058 -6.71953 13.292
      vertex 24.3996 -3.9602 12.0686
    endloop
  endfacet
  facet normal 0.0010514 -0.124158 -0.992262
    outer loop
      vertex 19.0363 -12.7738 0.0256453
      vertex -16.4333 -14.1765 0.163577
      vertex -16.4333 -13.0154 0.0182924
    endloop
  endfacet
  facet normal 0.134745 0.031164 -0.99039
    outer loop
      vertex 31.397 -3.15746 0.38217
      vertex 27.371 7.39487 0.166468
      vertex 29.5027 7.39487 0.45649
    endloop
  endfacet
  facet normal 0.100017 -0.836164 -0.539283
    outer loop
      vertex 20.5643 -19.7172 3.77993
      vertex 4.29099 -20.9444 2.66461
      vertex 20.4446 -19.1094 2.81533
    endloop
  endfacet
  facet normal -0.0868622 -0.994531 -0.0579845
    outer loop
      vertex -17.5434 -19.1261 4.18615
      vertex -19.6421 -18.9428 4.18615
      vertex 4.29099 -20.9444 2.66461
    endloop
  endfacet
  facet normal 0.0542645 -0.475601 0.877986
    outer loop
      vertex 12.5839 -15.2231 11.8118
      vertex 11.2701 -15.373 11.8118
      vertex 12.8709 -16.895 10.8884
    endloop
  endfacet
  facet normal -0.101046 -0.919572 -0.379705
    outer loop
      vertex 4.29099 -20.9444 2.66461
      vertex -19.6421 -18.9428 4.18615
      vertex -19.5615 -18.5832 3.29382
    endloop
  endfacet
  facet normal 0.000306817 -0.00309786 -0.999995
    outer loop
      vertex 19.0363 -12.7738 0.0256453
      vertex 4.29099 -10.5477 0.014225
      vertex 19.1928 -12.7583 0.0256453
    endloop
  endfacet
  facet normal 0.0255155 -0.0203564 -0.999467
    outer loop
      vertex 27.0558 -5.4984 0.0724964
      vertex 19.7033 -12.414 0.0256453
      vertex 25.2335 -4.62113 0.00810719
    endloop
  endfacet
  facet normal 0.594233 0.0812346 -0.80018
    outer loop
      vertex 35.2127 -4.1739 1.19491
      vertex 35.0031 -2.64067 1.19491
      vertex 35.6486 -4.1739 1.51862
    endloop
  endfacet
  facet normal 0.159246 -0.520193 -0.839071
    outer loop
      vertex 20.2706 -18.227 1.94722
      vertex 20.0493 -17.1039 1.20894
      vertex 21.0234 -16.8057 1.20894
    endloop
  endfacet
  facet normal 0.434204 -0.494602 -0.752885
    outer loop
      vertex 32.326 -9.95321 1.51862
      vertex 32.0177 -9.73111 1.19491
      vertex 33.3743 -8.54017 1.19491
    endloop
  endfacet
  facet normal 0.255397 -0.290923 -0.922028
    outer loop
      vertex 32.0177 -9.73111 1.19491
      vertex 31.4131 -9.29546 0.88998
      vertex 33.3743 -8.54017 1.19491
    endloop
  endfacet
  facet normal 0.53135 0.0847387 0.842903
    outer loop
      vertex 30.8055 -3.28891 9.88623
      vertex 29.6179 -4.18245 10.7247
      vertex 30.948 -4.18245 9.88623
    endloop
  endfacet
  facet normal 0.685232 0.0545662 0.726278
    outer loop
      vertex 35.2175 7.39487 4.98821
      vertex 30.948 -4.18245 9.88623
      vertex 31.993 -4.18245 8.90029
    endloop
  endfacet
  facet normal 0.124374 0.0198691 0.992036
    outer loop
      vertex 26.3161 -4.18245 11.8373
      vertex 24.4531 -4.06915 12.0686
      vertex 24.4712 -4.18245 12.0686
    endloop
  endfacet
  facet normal 0.387452 0.0617904 0.919817
    outer loop
      vertex 29.6179 -4.18245 10.7247
      vertex 27.967 -3.63755 11.3835
      vertex 28.0539 -4.18245 11.3835
    endloop
  endfacet
  facet normal 0.166043 0.18895 0.967847
    outer loop
      vertex 14.2799 11.8332 11.0769
      vertex 12.7215 10.9412 11.5184
      vertex 13.1199 10.5911 11.5184
    endloop
  endfacet
  facet normal 0.21243 0.211325 0.954052
    outer loop
      vertex 27.2916 -2.63071 11.3835
      vertex 14.2799 11.8332 11.0769
      vertex 25.8466 -3.22689 11.8373
    endloop
  endfacet
  facet normal 0.364326 0.636522 0.679784
    outer loop
      vertex 32.5852 9.22159 5.68839
      vertex 14.3177 16.5032 8.66054
      vertex 15.6988 15.7127 8.66054
    endloop
  endfacet
  facet normal 0.657417 0.629629 -0.413968
    outer loop
      vertex 35.4426 8.11871 3.48705
      vertex 34.3602 8.76017 2.74374
      vertex 34.776 8.81473 3.48705
    endloop
  endfacet
  facet normal 0.0546395 0.517994 0.853637
    outer loop
      vertex 12.6267 15.9539 9.61992
      vertex 11.2606 16.098 9.61992
      vertex 12.3817 14.6352 10.4358
    endloop
  endfacet
  facet normal 0.161525 0.497356 0.852377
    outer loop
      vertex 12.6267 15.9539 9.61992
      vertex 12.3817 14.6352 10.4358
      vertex 13.4597 14.2851 10.4358
    endloop
  endfacet
  facet normal 0.357309 0.602911 0.713322
    outer loop
      vertex 32.5852 9.22159 5.68839
      vertex 15.6988 15.7127 8.66054
      vertex 33.5444 8.65313 5.68839
    endloop
  endfacet
  facet normal 0.41268 0.696342 0.5872
    outer loop
      vertex 33.3193 9.37697 4.98821
      vertex 32.5852 9.22159 5.68839
      vertex 33.5444 8.65313 5.68839
    endloop
  endfacet
  facet normal 0.343583 0.528762 0.77612
    outer loop
      vertex 33.5444 8.65313 5.68839
      vertex 15.1507 14.8344 9.61992
      vertex 32.3601 8.49775 6.31853
    endloop
  endfacet
  facet normal 0.610086 0.189682 0.769295
    outer loop
      vertex 35.0011 8.09089 4.98821
      vertex 34.3346 7.39487 5.68839
      vertex 35.2175 7.39487 4.98821
    endloop
  endfacet
  facet normal 0.395507 0.378771 0.836723
    outer loop
      vertex 33.5444 8.65313 5.68839
      vertex 32.3601 8.49775 6.31853
      vertex 34.1351 8.03633 5.68839
    endloop
  endfacet
  facet normal 0.481404 0.812408 0.329004
    outer loop
      vertex 33.6936 9.45619 4.24491
      vertex 33.3193 9.37697 4.98821
      vertex 34.3602 8.76017 4.98821
    endloop
  endfacet
  facet normal 0.101154 0.115948 0.988091
    outer loop
      vertex 25.8466 -3.22689 11.8373
      vertex 12.7215 10.9412 11.5184
      vertex 24.3127 -3.8598 12.0686
    endloop
  endfacet
  facet normal 0.0222215 0.210714 0.977295
    outer loop
      vertex 11.2606 11.4157 11.5184
      vertex -24.7969 12.2323 12.1622
      vertex 11.7736 11.3616 11.5184
    endloop
  endfacet
  facet normal -0.747981 -0.523713 -0.407737
    outer loop
      vertex -26.4882 -14.8861 4.18615
      vertex -31.6411 -5.55693 1.65625
      vertex -26.1444 -14.6824 3.29382
    endloop
  endfacet
  facet normal -0.0772198 0.132009 0.988236
    outer loop
      vertex -25.0584 12.1827 12.1622
      vertex -25.3097 12.0357 12.1622
      vertex -24.9701 10.4549 12.3999
    endloop
  endfacet
  facet normal -0.0526409 0.277532 0.959273
    outer loop
      vertex -24.7969 12.2323 12.1622
      vertex -25.2215 13.7635 11.6959
      vertex -25.0584 12.1827 12.1622
    endloop
  endfacet
  facet normal 0.0210003 0.422741 0.906007
    outer loop
      vertex -24.7969 15.2946 11.0191
      vertex -24.7969 13.8441 11.6959
      vertex 11.2606 14.7535 10.4358
    endloop
  endfacet
  facet normal -0.340326 -0.215073 0.915381
    outer loop
      vertex -26.0059 6.16091 11.6959
      vertex -26.3356 6.68262 11.6959
      vertex -23.2453 -12.9646 8.22863
    endloop
  endfacet
  facet normal 0.0546404 0.518003 -0.853632
    outer loop
      vertex 12.3817 14.6352 1.33604
      vertex 11.2606 16.098 2.15194
      vertex 12.6267 15.9539 2.15194
    endloop
  endfacet
  facet normal 0.0707381 0.670613 -0.738427
    outer loop
      vertex 12.6267 15.9539 2.15194
      vertex 11.2606 16.098 2.15194
      vertex 12.8191 16.99 3.11132
    endloop
  endfacet
  facet normal 0.337986 0.875662 -0.344938
    outer loop
      vertex 31.9186 9.91761 2.74374
      vertex 14.5778 17.1755 4.17733
      vertex 33.3193 9.37697 2.74374
    endloop
  endfacet
  facet normal 0.345171 0.886284 -0.308802
    outer loop
      vertex 33.3193 9.37697 2.74374
      vertex 14.5778 17.1755 4.17733
      vertex 14.7103 17.5182 5.30901
    endloop
  endfacet
  facet normal 0.59417 -0.0811971 -0.800231
    outer loop
      vertex 35.4307 -5.76841 1.51862
      vertex 35.0031 -5.70713 1.19491
      vertex 35.6486 -4.1739 1.51862
    endloop
  endfacet
  facet normal 0.33552 0.0458672 -0.940916
    outer loop
      vertex 35.2127 -4.1739 1.19491
      vertex 34.1644 -2.76087 0.88998
      vertex 35.0031 -2.64067 1.19491
    endloop
  endfacet
  facet normal 0.437057 0.135881 -0.88911
    outer loop
      vertex 33.0527 7.39487 1.41343
      vertex 32.8779 7.95711 1.41343
      vertex 34.3346 7.39487 2.04357
    endloop
  endfacet
  facet normal 0.617668 0.108869 -0.778867
    outer loop
      vertex 35.4307 -2.5794 1.51862
      vertex 34.3346 7.39487 2.04357
      vertex 35.2175 7.39487 2.74374
    endloop
  endfacet
  facet normal 0.725556 0.0991525 -0.680983
    outer loop
      vertex 35.4307 -2.5794 1.51862
      vertex 35.2175 7.39487 2.74374
      vertex 35.6486 -4.1739 1.51862
    endloop
  endfacet
  facet normal 0.41263 0.696346 -0.587229
    outer loop
      vertex 33.5444 8.65313 2.04357
      vertex 33.3193 9.37697 2.74374
      vertex 34.3602 8.76017 2.74374
    endloop
  endfacet
  facet normal 0.208176 0.539365 -0.815934
    outer loop
      vertex 31.5193 8.996 1.41343
      vertex 30.1628 8.70888 0.877537
      vertex 30.3878 9.43272 1.41343
    endloop
  endfacet
  facet normal 0.481451 0.812401 -0.32895
    outer loop
      vertex 34.3602 8.76017 2.74374
      vertex 33.6936 9.45619 3.48705
      vertex 34.776 8.81473 3.48705
    endloop
  endfacet
  facet normal 0.853858 -0.0589047 0.517162
    outer loop
      vertex 35.2175 7.39487 4.98821
      vertex 32.7129 -4.18245 7.80476
      vertex 35.6677 7.39487 4.24491
    endloop
  endfacet
  facet normal 0.0943996 -0.0397444 -0.994741
    outer loop
      vertex 30.9855 -6.16772 0.38217
      vertex 29.5747 -4.92919 0.198802
      vertex 31.397 -5.19034 0.38217
    endloop
  endfacet
  facet normal 3.669e-05 8.53839e-06 -1
    outer loop
      vertex -6.76177 7.97202 0.00702953
      vertex -6.77436 8.02612 0.00702953
      vertex 25.4003 -4.01686 0.00810719
    endloop
  endfacet
  facet normal -3.75127e-06 -1.91152e-05 -1
    outer loop
      vertex -17.8533 -0.612691 0.00722694
      vertex -17.9569 -0.59236 0.00722694
      vertex -7.66781 7.71582 0.00702953
    endloop
  endfacet
  facet normal 0.000392764 -0.00251849 -0.999997
    outer loop
      vertex 19.1928 -12.7583 0.0256453
      vertex 4.29099 -10.5477 0.014225
      vertex 24.5224 -4.96342 0.00810719
    endloop
  endfacet
  facet normal 0.0218619 -0.0177639 -0.999603
    outer loop
      vertex 19.7033 -12.414 0.0256453
      vertex 19.6036 -12.5367 0.0256453
      vertex 25.2335 -4.62113 0.00810719
    endloop
  endfacet
  facet normal -0.000178678 -0.000910485 -1
    outer loop
      vertex -16.812 -12.9704 0.0182924
      vertex -17.9569 -0.59236 0.00722694
      vertex -17.8533 -0.612691 0.00722694
    endloop
  endfacet
  facet normal 0.000104712 -0.0014749 -0.999999
    outer loop
      vertex 24.5224 -4.96342 0.00810719
      vertex 4.29099 -10.5477 0.014225
      vertex 24.3045 -4.97889 0.00810719
    endloop
  endfacet
  facet normal -6.77472e-05 -0.000855386 -1
    outer loop
      vertex 4.29099 -10.5477 0.014225
      vertex -17.8533 -0.612691 0.00722694
      vertex 24.0865 -4.96342 0.00810719
    endloop
  endfacet
  facet normal -0.00732972 -0.124155 -0.992236
    outer loop
      vertex -16.4333 -14.1765 0.163577
      vertex -16.6264 -13.004 0.0182924
      vertex -16.4333 -13.0154 0.0182924
    endloop
  endfacet
  facet normal -0.0969228 -0.197431 -0.975514
    outer loop
      vertex -19.0775 -14.7905 0.448563
      vertex -19.7988 -14.4364 0.448563
      vertex -18.0616 -13.8811 0.163577
    endloop
  endfacet
  facet normal 0.00117326 -0.127202 -0.991876
    outer loop
      vertex 19.0363 -14.3621 0.229335
      vertex -16.4333 -14.1765 0.163577
      vertex 19.0363 -12.7738 0.0256453
    endloop
  endfacet
  facet normal 0.147305 -0.21272 -0.965946
    outer loop
      vertex 21.1799 -15.2019 0.628885
      vertex 20.3563 -13.9579 0.229335
      vertex 30.5352 -8.66298 0.615552
    endloop
  endfacet
  facet normal -0.10046 -0.0112932 -0.994877
    outer loop
      vertex -27.2048 -0.652583 0.216819
      vertex -29.2953 0.325933 0.416804
      vertex -27.3148 0.325933 0.216819
    endloop
  endfacet
  facet normal -0.100462 -0.0112984 -0.994877
    outer loop
      vertex -29.1472 -0.990928 0.416804
      vertex -29.2953 0.325933 0.416804
      vertex -27.2048 -0.652583 0.216819
    endloop
  endfacet
  facet normal -0.154816 0.26475 -0.951809
    outer loop
      vertex -25.0584 12.1827 0.267611
      vertex -25.6297 13.5248 0.733846
      vertex -25.2215 13.7635 0.733846
    endloop
  endfacet
  facet normal -0.000766936 -0.000719189 -0.999999
    outer loop
      vertex -22.5776 -0.253478 0.00884151
      vertex -25.2311 4.73762 0.00728703
      vertex -22.4294 -0.411517 0.00884151
    endloop
  endfacet
  facet normal -0.187695 0.0520303 -0.980848
    outer loop
      vertex -25.215 9.98281 0.0299263
      vertex -30.799 1.93053 0.671337
      vertex -25.1732 10.1336 0.0299263
    endloop
  endfacet
  facet normal -0.303727 0.21745 -0.927613
    outer loop
      vertex -25.5414 11.797 0.267611
      vertex -27.1666 13.5618 1.21345
      vertex -26.0059 13.1371 0.733846
    endloop
  endfacet
  facet normal -0.00398149 -0.002429 -0.999989
    outer loop
      vertex -22.6876 -0.0731716 0.00884151
      vertex -25.2693 4.79858 0.00728703
      vertex -22.5776 -0.253478 0.00884151
    endloop
  endfacet
  facet normal -0.0710794 -0.00826625 -0.997436
    outer loop
      vertex -25.2929 4.86472 0.00728703
      vertex -26.0894 4.72979 0.0651655
      vertex -25.3009 4.93351 0.00728703
    endloop
  endfacet
  facet normal 0.0768665 0.324814 -0.942649
    outer loop
      vertex 25.8526 8.29472 0.166468
      vertex 12.0937 13.0846 0.695003
      vertex 27.0368 8.85616 0.45649
    endloop
  endfacet
  facet normal 0.0410911 0.158057 -0.986575
    outer loop
      vertex 26.3703 8.16013 0.166468
      vertex 24.5953 7.69871 0.0186157
      vertex 25.8526 8.29472 0.166468
    endloop
  endfacet
  facet normal 0.0546616 0.518015 -0.853623
    outer loop
      vertex 12.3817 14.6352 1.33604
      vertex 11.2606 14.7535 1.33604
      vertex 11.2606 16.098 2.15194
    endloop
  endfacet
  facet normal 0.0396186 0.375456 -0.925993
    outer loop
      vertex 12.3817 14.6352 1.33604
      vertex 11.2606 13.1725 0.695003
      vertex 11.2606 14.7535 1.33604
    endloop
  endfacet
  facet normal 0.0625828 0.0599809 -0.996236
    outer loop
      vertex 25.0859 7.46616 0.0186157
      vertex 25.0202 7.53471 0.0186157
      vertex 27.1109 7.80903 0.166468
    endloop
  endfacet
  facet normal 0.0462697 0.239909 -0.969692
    outer loop
      vertex 25.8526 8.29472 0.166468
      vertex 11.7736 11.3616 0.253446
      vertex 12.0937 13.0846 0.695003
    endloop
  endfacet
  facet normal 0.293889 0.904726 -0.308382
    outer loop
      vertex 14.5778 17.1755 4.17733
      vertex 13.0193 18.0675 5.30901
      vertex 14.7103 17.5182 5.30901
    endloop
  endfacet
  facet normal 0.293878 0.904725 -0.308396
    outer loop
      vertex 14.5778 17.1755 4.17733
      vertex 12.9517 17.7037 4.17733
      vertex 13.0193 18.0675 5.30901
    endloop
  endfacet
  facet normal -0.00915548 0.852187 -0.523158
    outer loop
      vertex -24.1111 16.7592 2.07057
      vertex -24.7969 17.4975 3.28521
      vertex -3.61286 17.0125 2.12445
    endloop
  endfacet
  facet normal -0.152626 0.803918 -0.574823
    outer loop
      vertex -24.1111 16.7592 2.07057
      vertex -25.5912 17.3467 3.28521
      vertex -24.7969 17.4975 3.28521
    endloop
  endfacet
  facet normal -0.00517255 0.314727 -0.949168
    outer loop
      vertex -3.61286 14.6507 0.861115
      vertex -24.1111 15.3764 1.21345
      vertex -3.61286 15.8085 1.24502
    endloop
  endfacet
  facet normal 0.032307 0.375555 -0.926237
    outer loop
      vertex 11.2606 13.1725 0.695003
      vertex -3.61286 15.8085 1.24502
      vertex 11.2606 14.7535 1.33604
    endloop
  endfacet
  facet normal -0.0794576 0.412073 -0.907679
    outer loop
      vertex -24.1111 15.3764 1.21345
      vertex -25.1841 15.1695 1.21345
      vertex -24.1111 16.2922 1.62921
    endloop
  endfacet
  facet normal -0.370984 0.62462 -0.687183
    outer loop
      vertex -26.3948 15.4029 1.62921
      vertex -26.486 15.8343 2.07057
      vertex -25.3219 16.5257 2.07057
    endloop
  endfacet
  facet normal -0.445571 0.761957 -0.469987
    outer loop
      vertex -26.3549 16.9 3.28521
      vertex -26.4874 17.5168 4.4108
      vertex -25.6587 18.0014 4.4108
    endloop
  endfacet
  facet normal -0.0260893 0.137548 -0.990152
    outer loop
      vertex -24.7969 10.5213 0.0299263
      vertex -25.0584 12.1827 0.267611
      vertex -24.7969 12.2323 0.267611
    endloop
  endfacet
  facet normal 0.0361944 -0.103006 0.994022
    outer loop
      vertex 11.6682 -8.6854 13.292
      vertex 11.473 -8.75399 13.292
      vertex 12.4493 -10.8698 13.0372
    endloop
  endfacet
  facet normal -0.577981 -0.200199 -0.791112
    outer loop
      vertex -32.7585 -3.72625 1.65625
      vertex -32.9908 -1.66047 1.3032
      vertex -32.3292 -3.57053 1.3032
    endloop
  endfacet
  facet normal -0.515141 -0.47674 -0.712284
    outer loop
      vertex -24.2845 -15.564 2.45327
      vertex -25.4701 -14.2829 2.45327
      vertex -23.837 -15.3824 2.00808
    endloop
  endfacet
  facet normal -0.151991 -0.564998 0.810972
    outer loop
      vertex -20.7411 -16.4321 7.5853
      vertex -21.1917 -17.3967 6.82882
      vertex -19.4033 -17.8778 6.82882
    endloop
  endfacet
  facet normal -0.342527 -0.0385221 -0.938718
    outer loop
      vertex -32.9908 -1.66047 1.3032
      vertex -33.2142 0.325933 1.3032
      vertex -32.0969 -1.50474 0.970636
    endloop
  endfacet
  facet normal -0.944913 -0.327323 0
    outer loop
      vertex -32.7585 -3.72625 1.65625
      vertex -33.4466 -1.73985 2.01621
      vertex -33.4466 -1.73985 1.65625
    endloop
  endfacet
  facet normal -0.944913 -0.327323 0
    outer loop
      vertex -33.4466 -1.73985 2.01621
      vertex -32.7585 -3.72625 1.65625
      vertex -32.7585 -3.72625 2.01621
    endloop
  endfacet
  facet normal 0.0143838 -0.257992 -0.96604
    outer loop
      vertex 19.0363 -15.8582 0.628885
      vertex 4.29099 -18.3697 1.08006
      vertex 19.0363 -14.3621 0.229335
    endloop
  endfacet
  facet normal -0.210649 -0.429171 -0.878316
    outer loop
      vertex -20.7694 -16.3049 1.38888
      vertex -21.9521 -15.7244 1.38888
      vertex -20.9624 -15.1325 0.862298
    endloop
  endfacet
  facet normal -0.603533 -0.0678761 -0.794444
    outer loop
      vertex -32.9908 -1.66047 1.3032
      vertex -33.4466 -1.73985 1.65625
      vertex -33.2142 0.325933 1.3032
    endloop
  endfacet
  facet normal -0.220534 -0.0247919 -0.975064
    outer loop
      vertex -32.0969 -1.50474 0.970636
      vertex -32.3027 0.325933 0.970636
      vertex -30.799 -1.27867 0.671337
    endloop
  endfacet
  facet normal -0.324509 0.201976 -0.924067
    outer loop
      vertex -27.5197 11.2826 0.839279
      vertex -28 12.2228 1.21345
      vertex -27.1666 13.5618 1.21345
    endloop
  endfacet
  facet normal -0.21263 0.069616 -0.97465
    outer loop
      vertex -30.799 1.93053 0.671337
      vertex -32.0969 2.15661 0.970636
      vertex -25.1732 10.1336 0.0299263
    endloop
  endfacet
  facet normal 0.401695 0.862362 0.308176
    outer loop
      vertex 14.7103 17.5182 6.46285
      vertex 14.5778 17.1755 7.59453
      vertex 33.3193 9.37697 4.98821
    endloop
  endfacet
  facet normal -0.161239 0.848842 0.503458
    outer loop
      vertex -24.7969 18.1651 8.01898
      vertex -25.6587 18.0014 8.01898
      vertex -24.7969 17.4975 9.14457
    endloop
  endfacet
  facet normal -0.108085 0.569207 0.815059
    outer loop
      vertex -24.7969 16.5282 10.1576
      vertex -25.4931 16.396 10.1576
      vertex -24.7969 15.2946 11.0191
    endloop
  endfacet
  facet normal 0.0216099 0.51866 0.854707
    outer loop
      vertex 11.2606 16.098 9.61992
      vertex -24.7969 15.2946 11.0191
      vertex 11.2606 14.7535 10.4358
    endloop
  endfacet
  facet normal 0.0546607 0.518006 0.853629
    outer loop
      vertex 11.2606 16.098 9.61992
      vertex 11.2606 14.7535 10.4358
      vertex 12.3817 14.6352 10.4358
    endloop
  endfacet
  facet normal -0.801882 0.4991 -0.328458
    outer loop
      vertex -27.559 14.7115 2.07057
      vertex -28.4994 13.2006 2.07057
      vertex -27.9205 15.6708 4.4108
    endloop
  endfacet
  facet normal -0.689097 0.428901 -0.584114
    outer loop
      vertex -27.4265 14.3233 1.62921
      vertex -28.4994 13.2006 2.07057
      vertex -27.559 14.7115 2.07057
    endloop
  endfacet
  facet normal -0.0799566 0.421469 0.903311
    outer loop
      vertex -24.7969 15.2946 11.0191
      vertex -25.3683 15.1862 11.0191
      vertex -25.2215 13.7635 11.6959
    endloop
  endfacet
  facet normal -0.135926 0.715824 0.684924
    outer loop
      vertex -24.7969 17.4975 9.14457
      vertex -25.4931 16.396 10.1576
      vertex -24.7969 16.5282 10.1576
    endloop
  endfacet
  facet normal -0.161162 0.848881 -0.503417
    outer loop
      vertex -25.5912 17.3467 3.28521
      vertex -25.6587 18.0014 4.4108
      vertex -24.7969 17.4975 3.28521
    endloop
  endfacet
  facet normal -0.919133 0.391282 -0.0457553
    outer loop
      vertex -28.0453 15.9114 5.60572
      vertex -32.7585 4.37812 1.65625
      vertex -28.6166 14.5694 5.60572
    endloop
  endfacet
  facet normal 0.239996 0.705585 -0.666747
    outer loop
      vertex 30.3878 9.43272 1.41343
      vertex 14.3177 16.5032 3.11132
      vertex 31.2943 9.71984 2.04357
    endloop
  endfacet
  facet normal 0.214511 0.660366 -0.719653
    outer loop
      vertex 30.3878 9.43272 1.41343
      vertex 12.8191 16.99 3.11132
      vertex 14.3177 16.5032 3.11132
    endloop
  endfacet
  facet normal -0.000294504 -0.000921199 -1
    outer loop
      vertex -16.9831 -12.9157 0.0182924
      vertex -17.9569 -0.59236 0.00722694
      vertex -16.812 -12.9704 0.0182924
    endloop
  endfacet
  facet normal -0.000446396 -0.000953701 -0.999999
    outer loop
      vertex -16.9831 -12.9157 0.0182924
      vertex -22.249 -0.541217 0.00884151
      vertex -22.0431 -0.637592 0.00884151
    endloop
  endfacet
  facet normal -0.0466905 -0.016181 -0.998778
    outer loop
      vertex -25.0466 -0.276634 0.0790672
      vertex -25.2929 4.86472 0.00728703
      vertex -24.8458 -0.856045 0.0790672
    endloop
  endfacet
  facet normal -0.0660744 -0.0589766 -0.99607
    outer loop
      vertex -17.2562 -12.7524 0.0182924
      vertex -19.1411 -13.0944 0.163577
      vertex -17.3476 -12.65 0.0182924
    endloop
  endfacet
  facet normal 0.0607639 0.10616 0.992491
    outer loop
      vertex 12.7215 10.9412 11.5184
      vertex 11.6004 9.47844 11.7435
      vertex 11.7539 9.39058 11.7435
    endloop
  endfacet
  facet normal 0.0269642 0.0283673 0.999234
    outer loop
      vertex 11.8481 -6.56963 13.292
      vertex 5.31263 -5.5883 13.4405
      vertex 12.0058 -6.71953 13.292
    endloop
  endfacet
  facet normal 0.0210152 0.110407 0.993664
    outer loop
      vertex -13.3606 10.2092 12.1927
      vertex -13.3606 10.1993 12.1938
      vertex 11.4339 9.53254 11.7435
    endloop
  endfacet
  facet normal 0.0210392 0.111426 0.99355
    outer loop
      vertex -15.4301 10.2657 12.2302
      vertex -24.7087 10.5045 12.3999
      vertex -15.4301 10.255 12.2314
    endloop
  endfacet
  facet normal 0.0210129 0.110318 0.993674
    outer loop
      vertex -24.7087 10.5045 12.3999
      vertex -15.4301 10.2657 12.2302
      vertex -24.7969 10.5213 12.3999
    endloop
  endfacet
  facet normal 0.0202328 0.102838 0.994492
    outer loop
      vertex -9.75353 2.48718 12.9247
      vertex 4.79175 -5.36253 13.4405
      vertex 4.9453 -5.39274 13.4405
    endloop
  endfacet
  facet normal 0.0204929 0.103317 0.994437
    outer loop
      vertex 4.79175 -5.36253 13.4405
      vertex -9.75353 2.48718 12.9247
      vertex -9.72075 2.44314 12.9286
    endloop
  endfacet
  facet normal 0.0203991 0.103147 0.994457
    outer loop
      vertex -15.4301 5.53033 12.7255
      vertex -24.7087 10.5045 12.3999
      vertex -15.4301 5.51394 12.7272
    endloop
  endfacet
  facet normal 0.0202159 0.103089 0.994467
    outer loop
      vertex -13.4417 4.44448 12.7973
      vertex -13.2669 4.37065 12.8014
      vertex -13.44 4.46344 12.7953
    endloop
  endfacet
  facet normal 0.0194819 0.101362 0.994659
    outer loop
      vertex -13.2669 4.37065 12.8014
      vertex -13.4417 4.44448 12.7973
      vertex -13.275 4.35945 12.8027
    endloop
  endfacet
  facet normal 0.0211115 0.104534 0.994297
    outer loop
      vertex -13.275 4.35945 12.8027
      vertex -13.4417 4.44448 12.7973
      vertex -13.2774 4.35613 12.8031
    endloop
  endfacet
  facet normal 0.319099 -0.321343 0.89158
    outer loop
      vertex 27.2916 -5.73418 11.3835
      vertex 22.708 -15.6697 9.44303
      vertex 28.592 -6.27073 10.7247
    endloop
  endfacet
  facet normal 0.161123 -0.169482 0.972273
    outer loop
      vertex 14.8085 -11.6708 12.5374
      vertex 12.9821 -10.5399 13.0372
      vertex 14.0502 -12.3917 12.5374
    endloop
  endfacet
  facet normal -0.117276 -0.162054 0.979788
    outer loop
      vertex -9.53852 0 12.8488
      vertex 2.918 -6.99522 13.1828
      vertex 4.0533 -6.25875 13.4405
    endloop
  endfacet
  facet normal -0.117286 -0.162071 0.979784
    outer loop
      vertex -10.2912 0 12.7587
      vertex 2.918 -6.99522 13.1828
      vertex -9.53852 0 12.8488
    endloop
  endfacet
  facet normal -0.117305 -0.162113 0.979775
    outer loop
      vertex -13.3606 1.22691 12.5942
      vertex -10.6571 0.515072 12.8001
      vertex -13.3606 1.75997 12.6824
    endloop
  endfacet
  facet normal -0.117317 -0.162131 0.979771
    outer loop
      vertex -10.2912 0 12.7587
      vertex -13.3606 1.22691 12.5942
      vertex 2.918 -6.99522 13.1828
    endloop
  endfacet
  facet normal -0.117296 -0.162078 0.979782
    outer loop
      vertex -10.6571 0.515072 12.8001
      vertex -13.3606 1.22691 12.5942
      vertex -10.2912 0 12.7587
    endloop
  endfacet
  facet normal -0.11728 -0.16206 0.979787
    outer loop
      vertex -15.4301 2.71294 12.5923
      vertex -25.3097 7.26232 12.1622
      vertex -15.4301 2.2722 12.5194
    endloop
  endfacet
  facet normal -0.0389694 -0.0060297 0.999222
    outer loop
      vertex -15.4301 4.25941 12.751
      vertex -25.215 9.31519 12.3999
      vertex -15.4301 4.15998 12.7504
    endloop
  endfacet
  facet normal -0.0390204 -0.00612861 0.99922
    outer loop
      vertex -25.215 9.31519 12.3999
      vertex -15.4301 4.25941 12.751
      vertex -25.2407 9.47882 12.3999
    endloop
  endfacet
  facet normal -0.0394323 -0.00688408 0.999199
    outer loop
      vertex 3.82929 -5.98688 13.4405
      vertex -8.21588 0.421341 13.0093
      vertex -8.13974 0.319044 13.0116
    endloop
  endfacet
  facet normal -0.0387296 -0.00566425 0.999234
    outer loop
      vertex -12.8253 2.78763 12.8438
      vertex -12.0332 2.45223 12.8726
      vertex -12.7606 2.83919 12.8466
    endloop
  endfacet
  facet normal -0.03854 -0.00521553 0.999243
    outer loop
      vertex -12.0332 2.45223 12.8726
      vertex -12.8253 2.78763 12.8438
      vertex -11.9403 2.32136 12.8755
    endloop
  endfacet
  facet normal 0.0948686 -0.784834 -0.612402
    outer loop
      vertex 20.4446 -19.1094 2.81533
      vertex 4.29099 -20.9444 2.66461
      vertex 4.29099 -20.5012 2.09662
    endloop
  endfacet
  facet normal 0.0427784 -0.394704 -0.917812
    outer loop
      vertex 20.0493 -17.1039 1.20894
      vertex 4.29099 -19.6318 1.56158
      vertex 19.789 -15.7833 0.628885
    endloop
  endfacet
  facet normal 0.279892 -0.914144 0.293259
    outer loop
      vertex 22.0337 -19.2673 6.87204
      vertex 20.5643 -19.7172 6.87204
      vertex 20.6254 -20.027 5.84802
    endloop
  endfacet
  facet normal 0.610004 -0.736431 0.292514
    outer loop
      vertex 24.7961 -17.7771 5.84802
      vertex 23.3879 -18.5368 6.87204
      vertex 23.5618 -18.7995 5.84802
    endloop
  endfacet
  facet normal 0.369196 -0.181373 0.911481
    outer loop
      vertex 29.5009 -4.91576 10.7247
      vertex 27.7096 -5.2513 11.3835
      vertex 29.1545 -5.62088 10.7247
    endloop
  endfacet
  facet normal 0.334721 -0.289748 0.896665
    outer loop
      vertex 27.7096 -5.2513 11.3835
      vertex 27.2916 -5.73418 11.3835
      vertex 29.1545 -5.62088 10.7247
    endloop
  endfacet
  facet normal 0.740673 -0.518506 0.427265
    outer loop
      vertex 32.0139 -6.35223 7.80476
      vertex 25.5489 -16.3559 6.87204
      vertex 34.7851 -7.30164 1.84867
    endloop
  endfacet
  facet normal -0.108351 -0.402871 0.908821
    outer loop
      vertex 9.95624 -15.2231 11.8118
      vertex -20.1677 -15.2045 8.22863
      vertex -18.8812 -15.5505 8.22863
    endloop
  endfacet
  facet normal 0.203878 -0.665872 0.717669
    outer loop
      vertex 21.4576 -17.8636 8.70475
      vertex 20.4446 -19.1094 7.83664
      vertex 21.7987 -18.6948 7.83664
    endloop
  endfacet
  facet normal 0.0249809 -0.218893 0.975429
    outer loop
      vertex 11.8712 -11.0729 13.0372
      vertex 11.2701 -11.1415 13.0372
      vertex 12.2463 -13.2573 12.5374
    endloop
  endfacet
  facet normal 0.38746 0.0618194 0.919812
    outer loop
      vertex 29.5009 -3.44914 10.7247
      vertex 27.967 -3.63755 11.3835
      vertex 29.6179 -4.18245 10.7247
    endloop
  endfacet
  facet normal 0.124374 0.0198672 0.992036
    outer loop
      vertex 26.2625 -3.8469 11.8373
      vertex 24.4531 -4.06915 12.0686
      vertex 26.3161 -4.18245 11.8373
    endloop
  endfacet
  facet normal 0.312626 0.270621 0.910511
    outer loop
      vertex 32.8779 7.95711 6.31853
      vertex 27.2916 -2.63071 11.3835
      vertex 27.7096 -3.11359 11.3835
    endloop
  endfacet
  facet normal 0.173424 0.182065 0.967872
    outer loop
      vertex 14.2799 11.8332 11.0769
      vertex 13.1199 10.5911 11.5184
      vertex 25.8466 -3.22689 11.8373
    endloop
  endfacet
  facet normal 0.123476 0.215727 0.968615
    outer loop
      vertex 12.8947 12.8244 11.0769
      vertex 12.2669 11.2014 11.5184
      vertex 12.7215 10.9412 11.5184
    endloop
  endfacet
  facet normal 0.123469 0.215728 0.968616
    outer loop
      vertex 12.8947 12.8244 11.0769
      vertex 12.7215 10.9412 11.5184
      vertex 13.6329 12.4019 11.0769
    endloop
  endfacet
  facet normal 0.159258 -0.520197 -0.839066
    outer loop
      vertex 21.4576 -17.8636 1.94722
      vertex 20.2706 -18.227 1.94722
      vertex 21.0234 -16.8057 1.20894
    endloop
  endfacet
  facet normal -0.00731718 -0.124153 -0.992236
    outer loop
      vertex -16.4333 -14.1765 0.163577
      vertex -17.0051 -14.1428 0.163577
      vertex -16.6264 -13.004 0.0182924
    endloop
  endfacet
  facet normal 0.0112323 -0.247014 -0.968947
    outer loop
      vertex 19.0363 -14.3621 0.229335
      vertex 4.29099 -18.3697 1.08006
      vertex 4.29099 -16.7634 0.670566
    endloop
  endfacet
  facet normal 0.0125988 -0.127207 -0.991796
    outer loop
      vertex 19.4998 -14.316 0.229335
      vertex 19.0363 -12.7738 0.0256453
      vertex 19.1928 -12.7583 0.0256453
    endloop
  endfacet
  facet normal 0.188951 -0.35024 -0.917404
    outer loop
      vertex 21.9211 -16.3214 1.20894
      vertex 21.0234 -16.8057 1.20894
      vertex 21.1799 -15.2019 0.628885
    endloop
  endfacet
  facet normal 0.215575 -0.332914 -0.917985
    outer loop
      vertex 21.9211 -16.3214 1.20894
      vertex 21.1799 -15.2019 0.628885
      vertex 31.4131 -9.29546 0.88998
    endloop
  endfacet
  facet normal 0.292722 -0.956197 0
    outer loop
      vertex 20.6254 -20.027 4.80395
      vertex 22.1535 -19.5592 5.84802
      vertex 20.6254 -20.027 5.84802
    endloop
  endfacet
  facet normal 0.292722 -0.956197 0
    outer loop
      vertex 22.1535 -19.5592 5.84802
      vertex 20.6254 -20.027 4.80395
      vertex 22.1535 -19.5592 4.80395
    endloop
  endfacet
  facet normal 0.279847 -0.914139 -0.293317
    outer loop
      vertex 22.1535 -19.5592 4.80395
      vertex 20.6254 -20.027 4.80395
      vertex 22.0337 -19.2673 3.77993
    endloop
  endfacet
  facet normal 0.0684496 -0.792517 0.605996
    outer loop
      vertex 11.2701 -18.4169 9.80247
      vertex 11.2701 -19.3395 8.5959
      vertex 19.0363 -19.2493 7.83664
    endloop
  endfacet
  facet normal 0.159258 -0.520197 0.839066
    outer loop
      vertex 21.0234 -16.8057 9.44303
      vertex 20.2706 -18.227 8.70475
      vertex 21.4576 -17.8636 8.70475
    endloop
  endfacet
  facet normal 0.0374576 -0.122307 -0.991785
    outer loop
      vertex 19.4998 -14.316 0.229335
      vertex 19.1928 -12.7583 0.0256453
      vertex 19.9455 -14.1795 0.229335
    endloop
  endfacet
  facet normal 0.116361 -0.380105 -0.917595
    outer loop
      vertex 20.0493 -17.1039 1.20894
      vertex 19.789 -15.7833 0.628885
      vertex 21.0234 -16.8057 1.20894
    endloop
  endfacet
  facet normal 0.000193193 -0.00327072 -0.999995
    outer loop
      vertex -16.2403 -13.004 0.0182924
      vertex -16.4333 -13.0154 0.0182924
      vertex 4.29099 -10.5477 0.014225
    endloop
  endfacet
  facet normal 0.000231888 -0.00359416 -0.999994
    outer loop
      vertex 19.0363 -12.7738 0.0256453
      vertex -16.2403 -13.004 0.0182924
      vertex 4.29099 -10.5477 0.014225
    endloop
  endfacet
  facet normal 0.520066 0.158018 0.839382
    outer loop
      vertex 34.3346 7.39487 5.68839
      vertex 29.5009 -3.44914 10.7247
      vertex 30.8055 -3.28891 9.88623
    endloop
  endfacet
  facet normal 0.334722 -0.28973 0.896671
    outer loop
      vertex 29.1545 -5.62088 10.7247
      vertex 27.2916 -5.73418 11.3835
      vertex 28.592 -6.27073 10.7247
    endloop
  endfacet
  facet normal 0.826636 0.25701 0.500619
    outer loop
      vertex 35.4426 8.11871 4.24491
      vertex 35.0011 8.09089 4.98821
      vertex 35.2175 7.39487 4.98821
    endloop
  endfacet
  facet normal 0.53133 0.084774 0.842913
    outer loop
      vertex 30.8055 -3.28891 9.88623
      vertex 29.5009 -3.44914 10.7247
      vertex 29.6179 -4.18245 10.7247
    endloop
  endfacet
  facet normal 0.657432 0.629554 0.414059
    outer loop
      vertex 35.4426 8.11871 4.24491
      vertex 34.3602 8.76017 4.98821
      vertex 35.0011 8.09089 4.98821
    endloop
  endfacet
  facet normal 0.3477 0.250988 0.903388
    outer loop
      vertex 32.8779 7.95711 6.31853
      vertex 27.7096 -3.11359 11.3835
      vertex 29.1545 -2.74401 10.7247
    endloop
  endfacet
  facet normal 0.252445 0.0402597 0.966773
    outer loop
      vertex 27.967 -3.63755 11.3835
      vertex 26.2625 -3.8469 11.8373
      vertex 28.0539 -4.18245 11.3835
    endloop
  endfacet
  facet normal 0.252457 0.0403268 0.966768
    outer loop
      vertex 28.0539 -4.18245 11.3835
      vertex 26.2625 -3.8469 11.8373
      vertex 26.3161 -4.18245 11.8373
    endloop
  endfacet
  facet normal 0.119488 0.0586746 0.9911
    outer loop
      vertex 26.2625 -3.8469 11.8373
      vertex 24.3996 -3.9602 12.0686
      vertex 24.4531 -4.06915 12.0686
    endloop
  endfacet
  facet normal 0.109927 0.0951547 0.989374
    outer loop
      vertex 25.8466 -3.22689 11.8373
      vertex 24.3996 -3.9602 12.0686
      vertex 26.104 -3.52425 11.8373
    endloop
  endfacet
  facet normal 0.412632 0.69635 0.587224
    outer loop
      vertex 34.3602 8.76017 4.98821
      vertex 33.3193 9.37697 4.98821
      vertex 33.5444 8.65313 5.68839
    endloop
  endfacet
  facet normal 0.8266 0.257056 0.500653
    outer loop
      vertex 35.4426 8.11871 4.24491
      vertex 35.2175 7.39487 4.98821
      vertex 35.6677 7.39487 4.24491
    endloop
  endfacet
  facet normal 0.190046 0.332004 0.923935
    outer loop
      vertex 13.4597 14.2851 10.4358
      vertex 12.8947 12.8244 11.0769
      vertex 14.4532 13.7164 10.4358
    endloop
  endfacet
  facet normal 0.190031 0.332026 0.92393
    outer loop
      vertex 14.4532 13.7164 10.4358
      vertex 12.8947 12.8244 11.0769
      vertex 13.6329 12.4019 11.0769
    endloop
  endfacet
  facet normal 0.0867999 0.822799 0.561666
    outer loop
      vertex 12.9517 17.7037 7.59453
      vertex 11.2606 17.8821 7.59453
      vertex 12.8191 16.99 8.66054
    endloop
  endfacet
  facet normal 0.161533 0.497358 0.852374
    outer loop
      vertex 13.9402 15.5273 9.61992
      vertex 12.6267 15.9539 9.61992
      vertex 13.4597 14.2851 10.4358
    endloop
  endfacet
  facet normal 0.427011 0.213245 0.878743
    outer loop
      vertex 32.8779 7.95711 6.31853
      vertex 29.1545 -2.74401 10.7247
      vertex 34.1351 8.03633 5.68839
    endloop
  endfacet
  facet normal 0.524353 0.502118 0.6877
    outer loop
      vertex 34.3602 8.76017 4.98821
      vertex 33.5444 8.65313 5.68839
      vertex 35.0011 8.09089 4.98821
    endloop
  endfacet
  facet normal 0.387452 -0.0617915 0.919817
    outer loop
      vertex 28.0539 -4.18245 11.3835
      vertex 27.967 -4.72734 11.3835
      vertex 29.6179 -4.18245 10.7247
    endloop
  endfacet
  facet normal 0.516277 0.160567 0.841235
    outer loop
      vertex 34.1351 8.03633 5.68839
      vertex 29.5009 -3.44914 10.7247
      vertex 34.3346 7.39487 5.68839
    endloop
  endfacet
  facet normal 0.0374346 0.11521 0.992636
    outer loop
      vertex 11.7736 11.3616 11.5184
      vertex 11.4339 9.53254 11.7435
      vertex 11.6004 9.47844 11.7435
    endloop
  endfacet
  facet normal 0.0374152 0.115212 0.992636
    outer loop
      vertex 11.7736 11.3616 11.5184
      vertex 11.6004 9.47844 11.7435
      vertex 12.2669 11.2014 11.5184
    endloop
  endfacet
  facet normal 0.0607634 0.106161 0.992491
    outer loop
      vertex 12.2669 11.2014 11.5184
      vertex 11.6004 9.47844 11.7435
      vertex 12.7215 10.9412 11.5184
    endloop
  endfacet
  facet normal 0.0735208 0.0981938 0.992448
    outer loop
      vertex 11.7539 9.39058 11.7435
      vertex 12.776 7.68939 11.8361
      vertex 12.7215 10.9412 11.5184
    endloop
  endfacet
  facet normal 0.0735338 0.0982015 0.992446
    outer loop
      vertex 12.776 7.68939 11.8361
      vertex 11.7539 9.39058 11.7435
      vertex 12.6266 7.66887 11.8492
    endloop
  endfacet
  facet normal 0.0736724 0.0982707 0.992429
    outer loop
      vertex 12.6266 7.66887 11.8492
      vertex 11.7539 9.39058 11.7435
      vertex 12.3599 7.6022 11.8756
    endloop
  endfacet
  facet normal 0.0732403 0.0981277 0.992475
    outer loop
      vertex 12.3599 7.6022 11.8756
      vertex 11.7539 9.39058 11.7435
      vertex 12.1177 7.50888 11.9027
    endloop
  endfacet
  facet normal 0.0736753 0.0982084 0.992435
    outer loop
      vertex 12.1177 7.50888 11.9027
      vertex 11.7539 9.39058 11.7435
      vertex 11.9282 7.40447 11.9271
    endloop
  endfacet
  facet normal 0.0741301 0.098219 0.9924
    outer loop
      vertex 12.8633 -0.126953 12.603
      vertex 12.9821 -4.60375 13.0372
      vertex 12.907 -0.128613 12.5999
    endloop
  endfacet
  facet normal 0.0734522 0.0982061 0.992452
    outer loop
      vertex 12.9821 -4.60375 13.0372
      vertex 12.8633 -0.126953 12.603
      vertex 12.5861 -0.0924334 12.6201
    endloop
  endfacet
  facet normal 0.0736258 0.0981891 0.992441
    outer loop
      vertex 12.4417 1.55285 12.4681
      vertex 12.8786 1.56991 12.434
      vertex 12.8038 6.02779 11.9985
    endloop
  endfacet
  facet normal 0.0738277 0.0938318 0.992847
    outer loop
      vertex 12.5944 1.54169 12.4578
      vertex 12.8786 1.56991 12.434
      vertex 12.4417 1.55285 12.4681
    endloop
  endfacet
  facet normal 0.0736021 0.100028 0.992259
    outer loop
      vertex 12.2635 6.04939 12.0364
      vertex 12.8038 6.02779 11.9985
      vertex 12.5666 6.0694 12.0119
    endloop
  endfacet
  facet normal 0.0736469 0.0955275 0.992699
    outer loop
      vertex 12.8786 1.56991 12.434
      vertex 12.5944 1.54169 12.4578
      vertex 12.863 1.56531 12.4356
    endloop
  endfacet
  facet normal 0.073499 0.09689 0.992578
    outer loop
      vertex 12.8038 6.02779 11.9985
      vertex 12.2635 6.04939 12.0364
      vertex 12.0514 6.0013 12.0568
    endloop
  endfacet
  facet normal 0.073443 0.0982051 0.992452
    outer loop
      vertex 12.8038 6.02779 11.9985
      vertex 12.0514 6.0013 12.0568
      vertex 12.4417 1.55285 12.4681
    endloop
  endfacet
  facet normal 0.0228302 0.243667 0.96959
    outer loop
      vertex 11.2606 13.1725 11.0769
      vertex -24.7969 12.2323 12.1622
      vertex 11.2606 11.4157 11.5184
    endloop
  endfacet
  facet normal 0.0256949 0.24365 0.969523
    outer loop
      vertex 11.2606 13.1725 11.0769
      vertex 11.2606 11.4157 11.5184
      vertex 11.7736 11.3616 11.5184
    endloop
  endfacet
  facet normal -0.802147 0.0409411 0.595721
    outer loop
      vertex -28.2967 10.9911 10.1576
      vertex -28.3652 9.649 10.1576
      vertex -27.7254 9.649 11.0191
    endloop
  endfacet
  facet normal -0.0188823 0.0308202 0.999347
    outer loop
      vertex -24.8852 10.5045 12.3999
      vertex -15.4301 5.20791 12.7419
      vertex -15.4301 5.27276 12.7399
    endloop
  endfacet
  facet normal -0.0184529 0.0315858 0.999331
    outer loop
      vertex -15.4301 5.20791 12.7419
      vertex -24.8852 10.5045 12.3999
      vertex -24.9701 10.4549 12.3999
    endloop
  endfacet
  facet normal -0.0186288 0.0312763 0.999337
    outer loop
      vertex 4.0533 -5.50784 13.4405
      vertex -9.30378 1.88294 12.9602
      vertex -9.24776 1.80767 12.9636
    endloop
  endfacet
  facet normal -0.0190828 0.0308695 0.999341
    outer loop
      vertex -13.4659 4.18592 12.8105
      vertex -13.444 4.125 12.8128
      vertex -13.4189 4.15994 12.8122
    endloop
  endfacet
  facet normal -0.0195725 0.0306933 0.999337
    outer loop
      vertex -13.444 4.125 12.8128
      vertex -13.4659 4.18592 12.8105
      vertex -13.4711 4.13051 12.8121
    endloop
  endfacet
  facet normal -0.0175266 0.0407152 0.999017
    outer loop
      vertex -13.444 4.125 12.8128
      vertex -13.4711 4.13051 12.8121
      vertex -13.4611 4.125 12.8125
    endloop
  endfacet
  facet normal 0.834783 -0.0471405 0.548557
    outer loop
      vertex 35.2175 7.39487 4.98821
      vertex 31.993 -4.18245 8.90029
      vertex 32.7129 -4.18245 7.80476
    endloop
  endfacet
  facet normal 0.387459 -0.0618194 0.919812
    outer loop
      vertex 29.6179 -4.18245 10.7247
      vertex 27.967 -4.72734 11.3835
      vertex 29.5009 -4.91576 10.7247
    endloop
  endfacet
  facet normal 0.21389 0.0665015 -0.974591
    outer loop
      vertex 29.5027 7.39487 0.45649
      vertex 29.3961 7.73773 0.45649
      vertex 31.4212 7.39487 0.877537
    endloop
  endfacet
  facet normal 0.181713 0.306672 -0.934309
    outer loop
      vertex 29.0804 8.06742 0.45649
      vertex 28.5676 8.37127 0.45649
      vertex 30.8528 8.29998 0.877537
    endloop
  endfacet
  facet normal 0.921629 -0.388072 0
    outer loop
      vertex 34.7851 -7.30164 1.84867
      vertex 35.4307 -5.76841 1.51862
      vertex 35.4307 -5.76841 1.84867
    endloop
  endfacet
  facet normal 0.921629 -0.388072 0
    outer loop
      vertex 35.4307 -5.76841 1.51862
      vertex 34.7851 -7.30164 1.84867
      vertex 34.7851 -7.30164 1.51862
    endloop
  endfacet
  facet normal 0.990791 -0.135398 0
    outer loop
      vertex 35.4307 -5.76841 1.84867
      vertex 35.6486 -4.1739 1.51862
      vertex 35.6486 -4.1739 1.84867
    endloop
  endfacet
  facet normal 0.990791 -0.135398 0
    outer loop
      vertex 35.6486 -4.1739 1.51862
      vertex 35.4307 -5.76841 1.84867
      vertex 35.4307 -5.76841 1.51862
    endloop
  endfacet
  facet normal 0.294064 -0.218162 -0.930555
    outer loop
      vertex 33.3743 -8.54017 1.19491
      vertex 32.6633 -8.19788 0.88998
      vertex 33.5923 -6.94567 0.88998
    endloop
  endfacet
  facet normal 0.003238 0.00100378 -0.999994
    outer loop
      vertex 25.4003 -4.01686 0.00810719
      vertex 25.0859 7.46616 0.0186157
      vertex 25.108 7.39487 0.0186157
    endloop
  endfacet
  facet normal 0.310605 0.0965668 -0.945621
    outer loop
      vertex 33.0527 7.39487 1.41343
      vertex 31.4212 7.39487 0.877537
      vertex 32.8779 7.95711 1.41343
    endloop
  endfacet
  facet normal 0.826603 0.257057 -0.500648
    outer loop
      vertex 35.6677 7.39487 3.48705
      vertex 35.2175 7.39487 2.74374
      vertex 35.4426 8.11871 3.48705
    endloop
  endfacet
  facet normal 0.127631 0.458717 -0.879368
    outer loop
      vertex 27.8776 8.63759 0.45649
      vertex 12.3817 14.6352 1.33604
      vertex 29.2342 9.06729 0.877537
    endloop
  endfacet
  facet normal 0.142476 0.501505 -0.853342
    outer loop
      vertex 29.2342 9.06729 0.877537
      vertex 12.3817 14.6352 1.33604
      vertex 12.6267 15.9539 2.15194
    endloop
  endfacet
  facet normal 0.261963 0.678711 -0.686096
    outer loop
      vertex 31.5193 8.996 1.41343
      vertex 31.2943 9.71984 2.04357
      vertex 32.5852 9.22159 2.04357
    endloop
  endfacet
  facet normal 0.331187 0.558834 -0.760276
    outer loop
      vertex 33.5444 8.65313 2.04357
      vertex 31.5193 8.996 1.41343
      vertex 32.5852 9.22159 2.04357
    endloop
  endfacet
  facet normal 0.722205 0.691679 0
    outer loop
      vertex 35.4426 8.11871 4.24491
      vertex 34.776 8.81473 3.48705
      vertex 34.776 8.81473 4.24491
    endloop
  endfacet
  facet normal 0.722205 0.691679 0
    outer loop
      vertex 34.776 8.81473 3.48705
      vertex 35.4426 8.11871 4.24491
      vertex 35.4426 8.11871 3.48705
    endloop
  endfacet
  facet normal 5.79565e-05 6.60378e-05 -1
    outer loop
      vertex 25.2335 -3.72668 0.00810719
      vertex -6.81165 8.07815 0.00702953
      vertex 25.0945 -3.60469 0.00810719
    endloop
  endfacet
  facet normal 0.117335 0.197984 -0.973157
    outer loop
      vertex 27.1109 7.80903 0.166468
      vertex 26.7952 7.99613 0.166468
      vertex 28.5676 8.37127 0.45649
    endloop
  endfacet
  facet normal 0.00167931 0.0174794 -0.999846
    outer loop
      vertex 24.1794 7.75328 0.0186157
      vertex 11.2606 9.55081 0.0283422
      vertex 24.3959 7.73248 0.0186157
    endloop
  endfacet
  facet normal -9.41441e-07 -2.25805e-05 -1
    outer loop
      vertex -7.41704 7.69471 0.00702953
      vertex -17.8533 -0.612691 0.00722694
      vertex -7.54488 7.70004 0.00702953
    endloop
  endfacet
  facet normal 0.057531 0.0970688 -0.993614
    outer loop
      vertex 25.0202 7.53471 0.0186157
      vertex 24.9136 7.59789 0.0186157
      vertex 27.1109 7.80903 0.166468
    endloop
  endfacet
  facet normal 0.000116606 0.000226136 -1
    outer loop
      vertex -6.8722 8.12609 0.00702953
      vertex -6.95369 8.16811 0.00702953
      vertex 24.9252 -3.50458 0.00810719
    endloop
  endfacet
  facet normal 1.36377e-05 -6.94929e-05 -1
    outer loop
      vertex 24.5224 -4.96342 0.00810719
      vertex -17.8533 -0.612691 0.00722694
      vertex -17.7497 -0.59236 0.00722694
    endloop
  endfacet
  facet normal 1.91259e-05 -3.70823e-05 -1
    outer loop
      vertex 24.9252 -4.84323 0.00810719
      vertex -6.95369 7.77593 0.00702953
      vertex -6.8722 7.81796 0.00702953
    endloop
  endfacet
  facet normal -0.000385999 -0.000824666 -1
    outer loop
      vertex -22.0431 -0.637592 0.00884151
      vertex -22.249 -0.541217 0.00884151
      vertex -17.9569 -0.59236 0.00722694
    endloop
  endfacet
  facet normal -0.0352142 -0.110142 -0.993292
    outer loop
      vertex -17.5549 -14.0431 0.163577
      vertex -18.0616 -13.8811 0.163577
      vertex -16.812 -12.9704 0.0182924
    endloop
  endfacet
  facet normal -0.000318564 0.00764076 -0.999971
    outer loop
      vertex -7.54488 8.24401 0.00702953
      vertex -24.7969 10.5213 0.0299263
      vertex -7.41704 8.24934 0.00702953
    endloop
  endfacet
  facet normal -6.21173e-05 -0.000875344 -1
    outer loop
      vertex 24.3045 -4.97889 0.00810719
      vertex 4.29099 -10.5477 0.014225
      vertex 24.0865 -4.96342 0.00810719
    endloop
  endfacet
  facet normal 6.28363e-05 7.93645e-05 -1
    outer loop
      vertex -6.81165 8.07815 0.00702953
      vertex -6.8722 8.12609 0.00702953
      vertex 25.0945 -3.60469 0.00810719
    endloop
  endfacet
  facet normal 0.0827103 -0.0979247 -0.991751
    outer loop
      vertex 20.7164 -13.6597 0.229335
      vertex 19.6036 -12.5367 0.0256453
      vertex 29.4179 -7.858 0.38217
    endloop
  endfacet
  facet normal 0.0892551 -0.107783 -0.99016
    outer loop
      vertex 29.4179 -7.858 0.38217
      vertex 20.3563 -13.9579 0.229335
      vertex 20.7164 -13.6597 0.229335
    endloop
  endfacet
  facet normal -1.36764e-05 -7.0959e-06 -1
    outer loop
      vertex -18.2288 -0.302803 0.00722694
      vertex -25.2693 4.79858 0.00728703
      vertex -8.05973 7.91792 0.00702953
    endloop
  endfacet
  facet normal -0.130842 0.0147151 -0.991294
    outer loop
      vertex -26.113 4.93351 0.0651655
      vertex -29.2953 0.325933 0.416804
      vertex -29.1472 1.64279 0.416804
    endloop
  endfacet
  facet normal -0.000826822 0.00434574 -0.99999
    outer loop
      vertex -24.7969 10.5213 0.0299263
      vertex -24.9676 5.27934 0.00728703
      vertex -24.8852 10.5045 0.0299263
    endloop
  endfacet
  facet normal -1.70583e-05 1.22257e-05 -1
    outer loop
      vertex -8.05973 8.02612 0.00702953
      vertex -25.2311 5.12941 0.00728703
      vertex -8.02244 8.07815 0.00702953
    endloop
  endfacet
  facet normal 0.00318177 0.119836 -0.992789
    outer loop
      vertex 11.2606 9.55081 0.0283422
      vertex -24.7969 10.5213 0.0299263
      vertex 11.2606 11.4157 0.253446
    endloop
  endfacet
  facet normal 0.00391171 0.189755 -0.981824
    outer loop
      vertex 11.2606 11.4157 0.253446
      vertex -24.7969 12.2323 0.267611
      vertex -3.61286 13.1772 0.53463
    endloop
  endfacet
  facet normal -0.0624178 0.323704 -0.944097
    outer loop
      vertex -24.1111 15.3764 1.21345
      vertex -25.2215 13.7635 0.733846
      vertex -25.1841 15.1695 1.21345
    endloop
  endfacet
  facet normal 0.0126328 0.119828 -0.992714
    outer loop
      vertex 11.4339 9.53254 0.0283422
      vertex 11.2606 9.55081 0.0283422
      vertex 11.7736 11.3616 0.253446
    endloop
  endfacet
  facet normal 0.0126367 0.119827 -0.992714
    outer loop
      vertex 11.7736 11.3616 0.253446
      vertex 11.2606 9.55081 0.0283422
      vertex 11.2606 11.4157 0.253446
    endloop
  endfacet
  facet normal 0.000381256 0.000988084 -0.999999
    outer loop
      vertex 24.9136 7.59789 0.0186157
      vertex -6.95369 8.16811 0.00702953
      vertex 24.7701 7.65326 0.0186157
    endloop
  endfacet
  facet normal 0.0502448 0.130217 -0.990212
    outer loop
      vertex 24.9136 7.59789 0.0186157
      vertex 24.7701 7.65326 0.0186157
      vertex 26.3703 8.16013 0.166468
    endloop
  endfacet
  facet normal 0.0867999 0.822799 -0.561666
    outer loop
      vertex 12.8191 16.99 3.11132
      vertex 11.2606 17.8821 4.17733
      vertex 12.9517 17.7037 4.17733
    endloop
  endfacet
  facet normal 0.099746 0.945518 -0.309913
    outer loop
      vertex 12.9517 17.7037 4.17733
      vertex 11.2606 17.8821 4.17733
      vertex 13.0193 18.0675 5.30901
    endloop
  endfacet
  facet normal 0.0257109 0.243683 -0.969514
    outer loop
      vertex 11.7736 11.3616 0.253446
      vertex 11.2606 13.1725 0.695003
      vertex 12.0937 13.0846 0.695003
    endloop
  endfacet
  facet normal 0.025698 0.24368 -0.969515
    outer loop
      vertex 11.7736 11.3616 0.253446
      vertex 11.2606 11.4157 0.253446
      vertex 11.2606 13.1725 0.695003
    endloop
  endfacet
  facet normal -0.0526342 0.277497 -0.959284
    outer loop
      vertex -25.0584 12.1827 0.267611
      vertex -25.2215 13.7635 0.733846
      vertex -24.7969 12.2323 0.267611
    endloop
  endfacet
  facet normal -0.188039 0.321564 -0.928029
    outer loop
      vertex -25.2215 13.7635 0.733846
      vertex -25.6297 13.5248 0.733846
      vertex -25.1841 15.1695 1.21345
    endloop
  endfacet
  facet normal -0.471242 0.293306 -0.831807
    outer loop
      vertex -28 12.2228 1.21345
      vertex -28.3308 12.8704 1.62921
      vertex -27.4265 14.3233 1.62921
    endloop
  endfacet
  facet normal -0.35642 0.182587 -0.916311
    outer loop
      vertex -27.5197 11.2826 0.839279
      vertex -32.3292 4.22239 1.3032
      vertex -28 12.2228 1.21345
    endloop
  endfacet
  facet normal -0.370975 0.624616 -0.687192
    outer loop
      vertex -25.2753 16.0678 1.62921
      vertex -26.3948 15.4029 1.62921
      vertex -25.3219 16.5257 2.07057
    endloop
  endfacet
  facet normal -0.231161 0.389243 -0.891658
    outer loop
      vertex -26.2158 14.5568 1.21345
      vertex -26.3948 15.4029 1.62921
      vertex -25.1841 15.1695 1.21345
    endloop
  endfacet
  facet normal -0.637581 0.609302 -0.471424
    outer loop
      vertex -26.486 15.8343 2.07057
      vertex -27.559 14.7115 2.07057
      vertex -27.0587 16.1748 3.28521
    endloop
  endfacet
  facet normal -0.650427 0.631233 -0.42248
    outer loop
      vertex -27.0587 16.1748 3.28521
      vertex -27.2511 16.7299 4.4108
      vertex -26.3549 16.9 3.28521
    endloop
  endfacet
  facet normal -0.0488199 -0.937422 0.344755
    outer loop
      vertex 11.2701 -19.3395 8.5959
      vertex -17.5434 -19.1261 5.09595
      vertex 4.29099 -20.9444 3.24373
    endloop
  endfacet
  facet normal 0.0716581 -0.628206 0.774741
    outer loop
      vertex 12.8709 -16.895 10.8884
      vertex 11.2701 -17.0776 10.8884
      vertex 13.0965 -18.2085 9.80247
    endloop
  endfacet
  facet normal -0.541069 -0.743405 0.393183
    outer loop
      vertex -24.858 -16.0726 5.98827
      vertex -25.1503 -16.3318 5.09595
      vertex -23.5201 -17.5183 5.09595
    endloop
  endfacet
  facet normal -0.672386 -0.622182 -0.400982
    outer loop
      vertex -25.1503 -16.3318 4.18615
      vertex -26.1444 -14.6824 3.29382
      vertex -24.858 -16.0726 3.29382
    endloop
  endfacet
  facet normal -0.8021 -0.0410004 0.595781
    outer loop
      vertex -27.7254 9.649 11.0191
      vertex -28.2967 8.30693 10.1576
      vertex -27.6691 8.54759 11.0191
    endloop
  endfacet
  facet normal -0.603532 0.0678762 -0.794444
    outer loop
      vertex -33.2142 0.325933 1.3032
      vertex -33.4466 2.39172 1.65625
      vertex -32.9908 2.31233 1.3032
    endloop
  endfacet
  facet normal -0.342499 -0.0385029 -0.938729
    outer loop
      vertex -32.0969 -1.50474 0.970636
      vertex -33.2142 0.325933 1.3032
      vertex -32.3027 0.325933 0.970636
    endloop
  endfacet
  facet normal -0.993737 0.111747 0
    outer loop
      vertex -33.6789 0.325933 1.65625
      vertex -33.4466 2.39172 2.01621
      vertex -33.4466 2.39172 1.65625
    endloop
  endfacet
  facet normal -0.993737 0.111747 0
    outer loop
      vertex -33.4466 2.39172 2.01621
      vertex -33.6789 0.325933 1.65625
      vertex -33.6789 0.325933 2.01621
    endloop
  endfacet
  facet normal -0.328921 -0.113931 -0.93746
    outer loop
      vertex -32.3292 -3.57053 1.3032
      vertex -32.9908 -1.66047 1.3032
      vertex -32.0969 -1.50474 0.970636
    endloop
  endfacet
  facet normal -0.0551237 -0.523318 -0.850353
    outer loop
      vertex 4.29099 -20.5012 2.09662
      vertex -17.6829 -16.1809 0.862298
      vertex 4.29099 -19.6318 1.56158
    endloop
  endfacet
  facet normal -0.505982 -0.426318 -0.749824
    outer loop
      vertex -25.4701 -14.2829 2.45327
      vertex -31.6411 -5.55693 1.65625
      vertex -24.6598 -14.4616 2.00808
    endloop
  endfacet
  facet normal -0.215531 -0.183489 -0.959103
    outer loop
      vertex -22.3509 -13.8896 0.862298
      vertex -30.4969 -4.88739 0.970636
      vertex -20.8305 -13.5129 0.448563
    endloop
  endfacet
  facet normal -0.213485 -0.190757 -0.958142
    outer loop
      vertex -20.3907 -14.0051 0.448563
      vertex -21.759 -14.5519 0.862298
      vertex -20.8305 -13.5129 0.448563
    endloop
  endfacet
  facet normal -0.0474262 -0.0966363 -0.994189
    outer loop
      vertex -18.0616 -13.8811 0.163577
      vertex -18.5058 -13.6631 0.163577
      vertex -17.1331 -12.8421 0.0182924
    endloop
  endfacet
  facet normal -0.211937 -0.0734178 -0.974522
    outer loop
      vertex -31.4871 -3.26507 0.970636
      vertex -32.0969 -1.50474 0.970636
      vertex -30.2645 -2.8216 0.671337
    endloop
  endfacet
  facet normal -0.195128 -0.119095 -0.97352
    outer loop
      vertex -29.3966 -4.24358 0.671337
      vertex -30.4969 -4.88739 0.970636
      vertex -30.2645 -2.8216 0.671337
    endloop
  endfacet
  facet normal 0.0997301 0.945527 0.30989
    outer loop
      vertex 11.2606 18.253 6.46285
      vertex 11.2606 17.8821 7.59453
      vertex 13.0193 18.0675 6.46285
    endloop
  endfacet
  facet normal 0.0867934 0.822795 0.561672
    outer loop
      vertex 11.2606 17.8821 7.59453
      vertex 11.2606 17.1544 8.66054
      vertex 12.8191 16.99 8.66054
    endloop
  endfacet
  facet normal 0.0127545 0.860026 0.510091
    outer loop
      vertex -24.7969 18.1651 8.01898
      vertex -24.7969 17.4975 9.14457
      vertex 11.2606 17.8821 7.59453
    endloop
  endfacet
  facet normal -0.48906 0.836327 0.247744
    outer loop
      vertex -25.6587 18.0014 8.01898
      vertex -26.5549 17.8313 6.82405
      vertex -26.4874 17.5168 8.01898
    endloop
  endfacet
  facet normal -0.65042 0.631244 0.422474
    outer loop
      vertex -26.4874 17.5168 8.01898
      vertex -27.2511 16.7299 8.01898
      vertex -26.3549 16.9 9.14457
    endloop
  endfacet
  facet normal -0.829545 0.52431 -0.192235
    outer loop
      vertex -27.2511 16.7299 4.4108
      vertex -27.9205 15.6708 4.4108
      vertex -27.3492 17.0128 5.60572
    endloop
  endfacet
  facet normal -0.700313 0.679607 -0.218393
    outer loop
      vertex -27.2511 16.7299 4.4108
      vertex -27.3492 17.0128 5.60572
      vertex -26.5549 17.8313 5.60572
    endloop
  endfacet
  facet normal -0.445673 0.761944 -0.469912
    outer loop
      vertex -25.5912 17.3467 3.28521
      vertex -26.3549 16.9 3.28521
      vertex -25.6587 18.0014 4.4108
    endloop
  endfacet
  facet normal -0.48906 0.836327 -0.247746
    outer loop
      vertex -26.4874 17.5168 4.4108
      vertex -26.5549 17.8313 5.60572
      vertex -25.6587 18.0014 4.4108
    endloop
  endfacet
  facet normal -0.0474193 -0.0966425 -0.994189
    outer loop
      vertex -16.9831 -12.9157 0.0182924
      vertex -18.0616 -13.8811 0.163577
      vertex -17.1331 -12.8421 0.0182924
    endloop
  endfacet
  facet normal -0.0352126 -0.110144 -0.993292
    outer loop
      vertex -16.812 -12.9704 0.0182924
      vertex -18.0616 -13.8811 0.163577
      vertex -16.9831 -12.9157 0.0182924
    endloop
  endfacet
  facet normal -0.00147684 -0.0013849 -0.999998
    outer loop
      vertex -17.2562 -12.7524 0.0182924
      vertex -22.5776 -0.253478 0.00884151
      vertex -22.4294 -0.411517 0.00884151
    endloop
  endfacet
  facet normal -0.00161972 -0.00144573 -0.999998
    outer loop
      vertex -17.3476 -12.65 0.0182924
      vertex -22.5776 -0.253478 0.00884151
      vertex -17.2562 -12.7524 0.0182924
    endloop
  endfacet
  facet normal 0.0587633 0.0949054 0.99375
    outer loop
      vertex 12.4493 -4.27388 13.0372
      vertex 11.6682 -6.45824 13.292
      vertex 11.8481 -6.56963 13.292
    endloop
  endfacet
  facet normal 0.058759 0.0949065 0.993751
    outer loop
      vertex 12.4493 -4.27388 13.0372
      vertex 11.8481 -6.56963 13.292
      vertex 12.9821 -4.60375 13.0372
    endloop
  endfacet
  facet normal -0.471307 -0.0742023 0.878842
    outer loop
      vertex -26.1112 9.14502 12.1622
      vertex -26.9312 8.83058 11.6959
      vertex -26.8073 8.04361 11.6959
    endloop
  endfacet
  facet normal 0.0155184 -0.0196323 0.999687
    outer loop
      vertex 5.31263 -6.17829 13.4405
      vertex 5.21084 -6.25875 13.4405
      vertex 11.8481 -8.57402 13.292
    endloop
  endfacet
  facet normal 0.0122294 -0.107139 0.994169
    outer loop
      vertex 11.2701 -8.77715 13.292
      vertex 11.2701 -11.1415 13.0372
      vertex 11.473 -8.75399 13.292
    endloop
  endfacet
  facet normal 0.053705 0.0968157 0.993852
    outer loop
      vertex 11.7027 7.25056 11.955
      vertex 11.6004 9.47844 11.7435
      vertex 11.6102 7.17458 11.9674
    endloop
  endfacet
  facet normal 0.0527334 0.0967764 0.993908
    outer loop
      vertex 11.6004 9.47844 11.7435
      vertex 11.7027 7.25056 11.955
      vertex 11.7365 7.27425 11.9509
    endloop
  endfacet
  facet normal 0.0534811 0.0968065 0.993865
    outer loop
      vertex 12.0799 0.0522003 12.6357
      vertex 12.4493 -4.27388 13.0372
      vertex 12.1846 0.0148914 12.6337
    endloop
  endfacet
  facet normal 0.0539237 0.0968418 0.993838
    outer loop
      vertex 11.8721 0.159698 12.6365
      vertex 12.4493 -4.27388 13.0372
      vertex 12.0799 0.0522003 12.6357
    endloop
  endfacet
  facet normal 0.0532177 0.0967541 0.993885
    outer loop
      vertex 11.6849 0.282181 12.6346
      vertex 12.4493 -4.27388 13.0372
      vertex 11.8721 0.159698 12.6365
    endloop
  endfacet
  facet normal 0.0547398 0.097 0.993778
    outer loop
      vertex 11.6394 0.316054 12.6338
      vertex 12.4493 -4.27388 13.0372
      vertex 11.6849 0.282181 12.6346
    endloop
  endfacet
  facet normal 0.0535223 0.0967928 0.993864
    outer loop
      vertex 12.4493 -4.27388 13.0372
      vertex 11.6394 0.316054 12.6338
      vertex 11.6682 -6.45824 13.292
    endloop
  endfacet
  facet normal 0.0534747 0.096803 0.993866
    outer loop
      vertex 11.6162 5.77309 12.1035
      vertex 12.086 1.61215 12.4835
      vertex 11.8206 5.91069 12.0791
    endloop
  endfacet
  facet normal 0.0554034 0.0939676 0.994032
    outer loop
      vertex 11.6162 5.77309 12.1035
      vertex 11.8206 5.91069 12.0791
      vertex 11.7724 5.88939 12.0838
    endloop
  endfacet
  facet normal 0.0535425 0.0968103 0.993862
    outer loop
      vertex 11.6328 1.85664 12.4841
      vertex 12.086 1.61215 12.4835
      vertex 11.6162 5.77309 12.1035
    endloop
  endfacet
  facet normal 0.0517366 0.0939803 0.994229
    outer loop
      vertex 11.9911 1.63612 12.4863
      vertex 11.6328 1.85664 12.4841
      vertex 11.7536 1.75417 12.4875
    endloop
  endfacet
  facet normal 0.0539763 0.0976146 0.99376
    outer loop
      vertex 12.086 1.61215 12.4835
      vertex 11.6328 1.85664 12.4841
      vertex 11.9911 1.63612 12.4863
    endloop
  endfacet
  facet normal -0.0246761 0.0203322 0.999489
    outer loop
      vertex 3.95151 -5.5883 13.4405
      vertex -8.98965 1.46091 12.9776
      vertex 3.87587 -5.6801 13.4405
    endloop
  endfacet
  facet normal -0.0243781 0.020879 0.999485
    outer loop
      vertex -8.98965 1.46091 12.9776
      vertex 3.95151 -5.5883 13.4405
      vertex -9.08306 1.58641 12.9727
    endloop
  endfacet
  facet normal -0.0247021 0.0202736 0.999489
    outer loop
      vertex -15.4301 5.08003 12.745
      vertex -25.0483 10.3743 12.3999
      vertex -15.4301 5.03566 12.7459
    endloop
  endfacet
  facet normal 0.241804 -0.118785 0.963027
    outer loop
      vertex 26.2625 -4.51799 11.8373
      vertex 26.104 -4.84064 11.8373
      vertex 27.7096 -5.2513 11.3835
    endloop
  endfacet
  facet normal 0.117221 -0.0540947 0.991631
    outer loop
      vertex 14.117 -8.93788 13.0372
      vertex 13.8322 -9.55503 13.0372
      vertex 24.4531 -4.29575 12.0686
    endloop
  endfacet
  facet normal -0.121997 -0.229141 0.965718
    outer loop
      vertex 2.918 -6.99522 13.1828
      vertex -20.3744 -13.3433 8.73409
      vertex 3.28533 -7.19079 13.1828
    endloop
  endfacet
  facet normal 0.0739283 -0.210356 0.974826
    outer loop
      vertex 12.4493 -10.8698 13.0372
      vertex 12.2463 -13.2573 12.5374
      vertex 13.185 -12.9274 12.5374
    endloop
  endfacet
  facet normal 0.185842 -0.300151 0.935613
    outer loop
      vertex 14.0502 -12.3917 12.5374
      vertex 13.185 -12.9274 12.5374
      vertex 15.0115 -14.0583 11.8118
    endloop
  endfacet
  facet normal -0.492013 -0.209433 0.845021
    outer loop
      vertex -26.3356 6.68262 11.6959
      vertex -26.6062 7.31833 11.6959
      vertex -25.2634 -12.4217 7.5853
    endloop
  endfacet
  facet normal 0.0962929 -0.0682196 0.993012
    outer loop
      vertex 12.1352 -8.24147 13.292
      vertex 12.0058 -8.42412 13.292
      vertex 13.8322 -9.55503 13.0372
    endloop
  endfacet
  facet normal -0.814245 -0.0415595 0.579031
    outer loop
      vertex -28.3652 9.649 10.1576
      vertex -33.6789 0.325933 2.01621
      vertex -28.2967 8.30693 10.1576
    endloop
  endfacet
  facet normal 0.218829 -0.337205 -0.915645
    outer loop
      vertex 32.0177 -9.73111 1.19491
      vertex 21.9211 -16.3214 1.20894
      vertex 31.4131 -9.29546 0.88998
    endloop
  endfacet
  facet normal 0.295959 -0.455209 -0.839758
    outer loop
      vertex 22.5515 -17.2735 1.94722
      vertex 21.9211 -16.3214 1.20894
      vertex 32.0177 -9.73111 1.19491
    endloop
  endfacet
  facet normal 0.47477 -0.88011 0
    outer loop
      vertex 22.1535 -19.5592 4.80395
      vertex 23.5618 -18.7995 5.84802
      vertex 22.1535 -19.5592 5.84802
    endloop
  endfacet
  facet normal 0.47477 -0.88011 0
    outer loop
      vertex 23.5618 -18.7995 5.84802
      vertex 22.1535 -19.5592 4.80395
      vertex 23.5618 -18.7995 4.80395
    endloop
  endfacet
  facet normal 0.203878 -0.665872 -0.717669
    outer loop
      vertex 21.7987 -18.6948 2.81533
      vertex 20.4446 -19.1094 2.81533
      vertex 21.4576 -17.8636 1.94722
    endloop
  endfacet
  facet normal -0.069935 -0.800998 0.594568
    outer loop
      vertex 11.2701 -19.3395 8.5959
      vertex -19.5615 -18.5832 5.98827
      vertex -17.5434 -18.7594 5.98827
    endloop
  endfacet
  facet normal 0.609971 -0.736495 0.292422
    outer loop
      vertex 24.5748 -17.5538 6.87204
      vertex 23.3879 -18.5368 6.87204
      vertex 24.7961 -17.7771 5.84802
    endloop
  endfacet
  facet normal 0.711872 -0.70231 0
    outer loop
      vertex 24.7961 -17.7771 4.80395
      vertex 33.7368 -8.71467 1.84867
      vertex 24.7961 -17.7771 5.84802
    endloop
  endfacet
  facet normal 0.711872 -0.70231 0
    outer loop
      vertex 33.7368 -8.71467 1.84867
      vertex 24.7961 -17.7771 4.80395
      vertex 33.7368 -8.71467 1.51862
    endloop
  endfacet
  facet normal 0.742037 -0.603404 0.292035
    outer loop
      vertex 25.5489 -16.3559 6.87204
      vertex 24.5748 -17.5538 6.87204
      vertex 25.8092 -16.5314 5.84802
    endloop
  endfacet
  facet normal 0.580822 -0.446542 0.680622
    outer loop
      vertex 30.3834 -5.93519 9.88623
      vertex 25.0383 -16.0116 7.83664
      vertex 31.3489 -6.18213 8.90029
    endloop
  endfacet
  facet normal 0.742153 -0.60326 0.29204
    outer loop
      vertex 33.7368 -8.71467 1.84867
      vertex 25.5489 -16.3559 6.87204
      vertex 25.8092 -16.5314 5.84802
    endloop
  endfacet
  facet normal 0.220691 -0.276844 0.935229
    outer loop
      vertex 27.2916 -5.73418 11.3835
      vertex 14.0502 -12.3917 12.5374
      vertex 21.1799 -15.2019 10.0231
    endloop
  endfacet
  facet normal 0.204276 -0.340336 0.917847
    outer loop
      vertex 21.1799 -15.2019 10.0231
      vertex 13.8472 -14.7792 11.8118
      vertex 21.9211 -16.3214 9.44303
    endloop
  endfacet
  facet normal 0.638038 -0.31345 0.703318
    outer loop
      vertex 30.8055 -5.07599 9.88623
      vertex 30.3834 -5.93519 9.88623
      vertex 31.3489 -6.18213 8.90029
    endloop
  endfacet
  facet normal 0.541623 -0.440418 0.716014
    outer loop
      vertex 24.2971 -15.5118 8.70475
      vertex 23.5103 -16.4794 8.70475
      vertex 24.1406 -17.1156 7.83664
    endloop
  endfacet
  facet normal 0.0848006 0.0600777 0.994585
    outer loop
      vertex 24.3996 -3.9602 12.0686
      vertex 12.0058 -6.71953 13.292
      vertex 12.1352 -6.90218 13.292
    endloop
  endfacet
  facet normal 0.0794303 0.0835402 0.993334
    outer loop
      vertex 24.3127 -3.8598 12.0686
      vertex 12.9821 -4.60375 13.0372
      vertex 13.449 -5.04768 13.0372
    endloop
  endfacet
  facet normal 0.221272 0.191537 0.956218
    outer loop
      vertex 27.7096 -3.11359 11.3835
      vertex 25.8466 -3.22689 11.8373
      vertex 26.104 -3.52425 11.8373
    endloop
  endfacet
  facet normal 0.10993 0.0951487 0.989375
    outer loop
      vertex 25.8466 -3.22689 11.8373
      vertex 24.3127 -3.8598 12.0686
      vertex 24.3996 -3.9602 12.0686
    endloop
  endfacet
  facet normal -0.322769 -0.68095 -0.657364
    outer loop
      vertex -21.502 -18.0611 3.29382
      vertex -23.2904 -17.2134 3.29382
      vertex -22.8399 -16.6155 2.45327
    endloop
  endfacet
  facet normal -0.0829605 -0.675594 -0.732592
    outer loop
      vertex 4.29099 -20.5012 2.09662
      vertex -18.1705 -17.647 2.00808
      vertex -17.956 -17.0019 1.38888
    endloop
  endfacet
  facet normal 0.00194664 -0.00360961 -0.999992
    outer loop
      vertex 19.482 -12.6374 0.0256453
      vertex 19.3433 -12.7122 0.0256453
      vertex 24.9252 -4.84323 0.00810719
    endloop
  endfacet
  facet normal 1.66674e-05 -4.32931e-05 -1
    outer loop
      vertex 24.732 -4.91761 0.00810719
      vertex -6.95369 7.77593 0.00702953
      vertex 24.9252 -4.84323 0.00810719
    endloop
  endfacet
  facet normal 0.203854 -0.665863 -0.717684
    outer loop
      vertex 20.4446 -19.1094 2.81533
      vertex 20.2706 -18.227 1.94722
      vertex 21.4576 -17.8636 1.94722
    endloop
  endfacet
  facet normal 0.258516 -0.479224 -0.838757
    outer loop
      vertex 22.5515 -17.2735 1.94722
      vertex 21.4576 -17.8636 1.94722
      vertex 21.9211 -16.3214 1.20894
    endloop
  endfacet
  facet normal 0.400232 -0.741964 -0.53787
    outer loop
      vertex 22.0337 -19.2673 3.77993
      vertex 21.7987 -18.6948 2.81533
      vertex 23.0467 -18.0216 2.81533
    endloop
  endfacet
  facet normal 0.508702 -0.671619 -0.538656
    outer loop
      vertex 23.3879 -18.5368 3.77993
      vertex 23.0467 -18.0216 2.81533
      vertex 32.326 -9.95321 1.51862
    endloop
  endfacet
  facet normal 0.117013 -0.620791 0.775195
    outer loop
      vertex 20.2706 -18.227 8.70475
      vertex 12.8709 -16.895 10.8884
      vertex 13.0965 -18.2085 9.80247
    endloop
  endfacet
  facet normal 0.00952211 -0.955495 0.294854
    outer loop
      vertex 19.0363 -19.869 6.87204
      vertex 11.2701 -19.8097 7.31501
      vertex 19.0363 -20.185 5.84802
    endloop
  endfacet
  facet normal 0.40024 -0.741965 0.537863
    outer loop
      vertex 23.0467 -18.0216 7.83664
      vertex 22.0337 -19.2673 6.87204
      vertex 23.3879 -18.5368 6.87204
    endloop
  endfacet
  facet normal 0.246719 -0.805794 0.538354
    outer loop
      vertex 21.7987 -18.6948 7.83664
      vertex 20.4446 -19.1094 7.83664
      vertex 22.0337 -19.2673 6.87204
    endloop
  endfacet
  facet normal 0.0374631 -0.122304 -0.991785
    outer loop
      vertex 19.9455 -14.1795 0.229335
      vertex 19.1928 -12.7583 0.0256453
      vertex 19.3433 -12.7122 0.0256453
    endloop
  endfacet
  facet normal 0.0607925 -0.112726 -0.991765
    outer loop
      vertex 19.9455 -14.1795 0.229335
      vertex 19.3433 -12.7122 0.0256453
      vertex 19.482 -12.6374 0.0256453
    endloop
  endfacet
  facet normal 0.0256665 -0.257933 -0.965822
    outer loop
      vertex 19.789 -15.7833 0.628885
      vertex 19.0363 -15.8582 0.628885
      vertex 19.0363 -14.3621 0.229335
    endloop
  endfacet
  facet normal 0.0372809 -0.374651 -0.926416
    outer loop
      vertex 19.789 -15.7833 0.628885
      vertex 4.29099 -19.6318 1.56158
      vertex 19.0363 -15.8582 0.628885
    endloop
  endfacet
  facet normal -0.00712978 -0.247023 -0.968983
    outer loop
      vertex 4.29099 -18.3697 1.08006
      vertex -16.4333 -14.1765 0.163577
      vertex 4.29099 -16.7634 0.670566
    endloop
  endfacet
  facet normal 0.00084961 -0.185765 -0.982594
    outer loop
      vertex 4.29099 -16.7634 0.670566
      vertex -16.4333 -14.1765 0.163577
      vertex 19.0363 -14.3621 0.229335
    endloop
  endfacet
  facet normal 0.438338 -0.379419 0.814801
    outer loop
      vertex 28.592 -6.27073 10.7247
      vertex 23.5103 -16.4794 8.70475
      vertex 29.1545 -5.62088 10.7247
    endloop
  endfacet
  facet normal 0.702938 -0.501324 0.504531
    outer loop
      vertex 31.3489 -6.18213 8.90029
      vertex 25.5489 -16.3559 6.87204
      vertex 32.0139 -6.35223 7.80476
    endloop
  endfacet
  facet normal 0.430136 0.211307 0.877686
    outer loop
      vertex 34.1351 8.03633 5.68839
      vertex 29.1545 -2.74401 10.7247
      vertex 29.5009 -3.44914 10.7247
    endloop
  endfacet
  facet normal 0.369197 0.181371 0.911481
    outer loop
      vertex 29.1545 -2.74401 10.7247
      vertex 27.7096 -3.11359 11.3835
      vertex 29.5009 -3.44914 10.7247
    endloop
  endfacet
  facet normal 0.954892 0.296953 0
    outer loop
      vertex 35.6677 7.39487 4.24491
      vertex 35.4426 8.11871 3.48705
      vertex 35.4426 8.11871 4.24491
    endloop
  endfacet
  facet normal 0.954892 0.296953 0
    outer loop
      vertex 35.4426 8.11871 3.48705
      vertex 35.6677 7.39487 4.24491
      vertex 35.6677 7.39487 3.48705
    endloop
  endfacet
  facet normal 0.166059 0.188923 0.967849
    outer loop
      vertex 13.6329 12.4019 11.0769
      vertex 12.7215 10.9412 11.5184
      vertex 14.2799 11.8332 11.0769
    endloop
  endfacet
  facet normal 0.255302 0.290453 0.922203
    outer loop
      vertex 14.4532 13.7164 10.4358
      vertex 13.6329 12.4019 11.0769
      vertex 14.2799 11.8332 11.0769
    endloop
  endfacet
  facet normal 0.208918 0.643258 0.736596
    outer loop
      vertex 12.8191 16.99 8.66054
      vertex 12.6267 15.9539 9.61992
      vertex 13.9402 15.5273 9.61992
    endloop
  endfacet
  facet normal 0.0707381 0.670613 0.738427
    outer loop
      vertex 12.8191 16.99 8.66054
      vertex 11.2606 16.098 9.61992
      vertex 12.6267 15.9539 9.61992
    endloop
  endfacet
  facet normal 0.383296 0.73131 0.564153
    outer loop
      vertex 33.3193 9.37697 4.98821
      vertex 14.3177 16.5032 8.66054
      vertex 32.5852 9.22159 5.68839
    endloop
  endfacet
  facet normal 0.383795 0.735929 0.557772
    outer loop
      vertex 14.5778 17.1755 7.59453
      vertex 14.3177 16.5032 8.66054
      vertex 33.3193 9.37697 4.98821
    endloop
  endfacet
  facet normal 0.524354 0.502166 0.687664
    outer loop
      vertex 35.0011 8.09089 4.98821
      vertex 33.5444 8.65313 5.68839
      vertex 34.1351 8.03633 5.68839
    endloop
  endfacet
  facet normal 0.610051 0.189732 0.769311
    outer loop
      vertex 35.0011 8.09089 4.98821
      vertex 34.1351 8.03633 5.68839
      vertex 34.3346 7.39487 5.68839
    endloop
  endfacet
  facet normal 0.0554073 0.0969316 0.993748
    outer loop
      vertex 11.7539 9.39058 11.7435
      vertex 11.7365 7.27425 11.9509
      vertex 11.8573 7.35898 11.9359
    endloop
  endfacet
  facet normal 0.0554809 0.0969306 0.993744
    outer loop
      vertex 11.7365 7.27425 11.9509
      vertex 11.7539 9.39058 11.7435
      vertex 11.6004 9.47844 11.7435
    endloop
  endfacet
  facet normal 0.0555963 0.0969251 0.993738
    outer loop
      vertex 12.2319 -0.00198727 12.6327
      vertex 12.1846 0.0148914 12.6337
      vertex 12.4493 -4.27388 13.0372
    endloop
  endfacet
  facet normal 0.0547727 0.0968689 0.993789
    outer loop
      vertex 11.8206 5.91069 12.0791
      vertex 12.1506 1.59583 12.4815
      vertex 11.9286 5.95837 12.0685
    endloop
  endfacet
  facet normal 0.0552472 0.0969024 0.993759
    outer loop
      vertex 12.1506 1.59583 12.4815
      vertex 11.8206 5.91069 12.0791
      vertex 12.086 1.61215 12.4835
    endloop
  endfacet
  facet normal 0.0600594 0.0971408 0.993457
    outer loop
      vertex 11.8999 7.38889 11.9304
      vertex 11.7539 9.39058 11.7435
      vertex 11.8573 7.35898 11.9359
    endloop
  endfacet
  facet normal 0.0622674 0.0972878 0.993307
    outer loop
      vertex 11.7539 9.39058 11.7435
      vertex 11.8999 7.38889 11.9304
      vertex 11.9282 7.40447 11.9271
    endloop
  endfacet
  facet normal 0.0682904 0.0968134 0.992957
    outer loop
      vertex 12.4493 -4.27388 13.0372
      vertex 12.5861 -0.0924334 12.6201
      vertex 12.5755 -0.0911102 12.6207
    endloop
  endfacet
  facet normal 0.0601355 0.0971297 0.993453
    outer loop
      vertex 12.5861 -0.0924334 12.6201
      vertex 12.4493 -4.27388 13.0372
      vertex 12.9821 -4.60375 13.0372
    endloop
  endfacet
  facet normal 0.0598777 0.0971184 0.99347
    outer loop
      vertex 12.3144 -0.0314026 12.6306
      vertex 12.4493 -4.27388 13.0372
      vertex 12.5755 -0.0911102 12.6207
    endloop
  endfacet
  facet normal 0.0599161 0.0971193 0.993468
    outer loop
      vertex 12.4493 -4.27388 13.0372
      vertex 12.3144 -0.0314026 12.6306
      vertex 12.2319 -0.00198727 12.6327
    endloop
  endfacet
  facet normal 0.0591913 0.0909667 0.994093
    outer loop
      vertex 12.4417 1.55285 12.4681
      vertex 12.1506 1.59583 12.4815
      vertex 12.2714 1.56531 12.4771
    endloop
  endfacet
  facet normal 0.0606782 0.0971742 0.993416
    outer loop
      vertex 11.9286 5.95837 12.0685
      vertex 12.4417 1.55285 12.4681
      vertex 12.0514 6.0013 12.0568
    endloop
  endfacet
  facet normal 0.0619328 0.0936562 0.993676
    outer loop
      vertex 11.9286 5.95837 12.0685
      vertex 12.0514 6.0013 12.0568
      vertex 11.9988 5.9894 12.0612
    endloop
  endfacet
  facet normal 0.0600688 0.0971072 0.99346
    outer loop
      vertex 12.4417 1.55285 12.4681
      vertex 11.9286 5.95837 12.0685
      vertex 12.1506 1.59583 12.4815
    endloop
  endfacet
  facet normal 0.0396178 0.37549 0.925979
    outer loop
      vertex 12.3817 14.6352 10.4358
      vertex 11.2606 13.1725 11.0769
      vertex 12.0937 13.0846 11.0769
    endloop
  endfacet
  facet normal 0.0257078 0.243653 0.969522
    outer loop
      vertex 12.0937 13.0846 11.0769
      vertex 11.2606 13.1725 11.0769
      vertex 11.7736 11.3616 11.5184
    endloop
  endfacet
  facet normal -0.650427 0.631233 0.42248
    outer loop
      vertex -26.3549 16.9 9.14457
      vertex -27.2511 16.7299 8.01898
      vertex -27.0587 16.1748 9.14457
    endloop
  endfacet
  facet normal -0.795604 -0.0765081 0.600967
    outer loop
      vertex -28.2967 8.30693 10.1576
      vertex -33.6789 0.325933 2.01621
      vertex -27.6691 8.54759 11.0191
    endloop
  endfacet
  facet normal -0.614191 -0.170339 0.770554
    outer loop
      vertex -26.6062 7.31833 11.6959
      vertex -27.5025 7.48851 11.0191
      vertex -27.2318 6.51245 11.0191
    endloop
  endfacet
  facet normal -0.0526808 0.277522 0.959274
    outer loop
      vertex -24.7969 13.8441 11.6959
      vertex -25.2215 13.7635 11.6959
      vertex -24.7969 12.2323 12.1622
    endloop
  endfacet
  facet normal -0.202943 0.086361 0.975375
    outer loop
      vertex -25.7445 11.4757 12.1622
      vertex -25.9111 11.0842 12.1622
      vertex -25.1732 10.1336 12.3999
    endloop
  endfacet
  facet normal 0.765122 -0.375829 0.52282
    outer loop
      vertex 31.8304 -5.20188 8.90029
      vertex 31.3489 -6.18213 8.90029
      vertex 32.5364 -5.28859 7.80476
    endloop
  endfacet
  facet normal 0.765123 -0.375857 0.522798
    outer loop
      vertex 32.5364 -5.28859 7.80476
      vertex 31.3489 -6.18213 8.90029
      vertex 32.0139 -6.35223 7.80476
    endloop
  endfacet
  facet normal 0.215734 0.0294815 -0.976007
    outer loop
      vertex 34.3575 -4.1739 0.88998
      vertex 32.9467 -2.93537 0.615552
      vertex 34.1644 -2.76087 0.88998
    endloop
  endfacet
  facet normal 0.0610313 0.00857861 -0.998099
    outer loop
      vertex 27.5499 -3.7088 0.0724964
      vertex 25.108 7.39487 0.0186157
      vertex 29.5747 -3.41862 0.198802
    endloop
  endfacet
  facet normal 0.39551 0.378801 -0.836709
    outer loop
      vertex 32.8779 7.95711 1.41343
      vertex 32.3601 8.49775 1.41343
      vertex 34.1351 8.03633 2.04357
    endloop
  endfacet
  facet normal 0.310595 0.0965938 -0.945622
    outer loop
      vertex 31.4212 7.39487 0.877537
      vertex 31.2777 7.85629 0.877537
      vertex 32.8779 7.95711 1.41343
    endloop
  endfacet
  facet normal 0.190309 -0.141188 -0.971519
    outer loop
      vertex 32.6633 -8.19788 0.88998
      vertex 32.4453 -6.60338 0.615552
      vertex 33.5923 -6.94567 0.88998
    endloop
  endfacet
  facet normal 0.207106 -0.0872028 -0.974424
    outer loop
      vertex 33.5923 -6.94567 0.88998
      vertex 32.9467 -5.41244 0.615552
      vertex 34.1644 -5.58694 0.88998
    endloop
  endfacet
  facet normal 0.050738 -0.0470811 -0.997602
    outer loop
      vertex 28.7724 -6.32476 0.198802
      vertex 19.6036 -12.5367 0.0256453
      vertex 27.0558 -5.4984 0.0724964
    endloop
  endfacet
  facet normal 0.0293673 0.00170454 -0.999567
    outer loop
      vertex 25.4218 -4.1739 0.00810719
      vertex 25.108 7.39487 0.0186157
      vertex 27.6134 -4.1739 0.0724964
    endloop
  endfacet
  facet normal 0.190304 -0.141189 -0.971519
    outer loop
      vertex 32.6633 -8.19788 0.88998
      vertex 31.631 -7.70095 0.615552
      vertex 32.4453 -6.60338 0.615552
    endloop
  endfacet
  facet normal 0.0789211 -0.0898948 -0.992819
    outer loop
      vertex 29.4179 -7.858 0.38217
      vertex 19.6036 -12.5367 0.0256453
      vertex 30.3172 -7.06848 0.38217
    endloop
  endfacet
  facet normal 0.610081 0.189681 -0.7693
    outer loop
      vertex 35.2175 7.39487 2.74374
      vertex 34.3346 7.39487 2.04357
      vertex 35.0011 8.09089 2.74374
    endloop
  endfacet
  facet normal 0.437071 0.135933 -0.889096
    outer loop
      vertex 34.3346 7.39487 2.04357
      vertex 32.8779 7.95711 1.41343
      vertex 34.1351 8.03633 2.04357
    endloop
  endfacet
  facet normal 0.181714 0.306634 -0.934321
    outer loop
      vertex 30.8528 8.29998 0.877537
      vertex 28.5676 8.37127 0.45649
      vertex 30.1628 8.70888 0.877537
    endloop
  endfacet
  facet normal 0.252782 0.426571 -0.868412
    outer loop
      vertex 32.3601 8.49775 1.41343
      vertex 30.1628 8.70888 0.877537
      vertex 31.5193 8.996 1.41343
    endloop
  endfacet
  facet normal -4.3915e-05 0.000170099 -1
    outer loop
      vertex -7.7811 8.2026 0.00702953
      vertex -25.0453 5.25928 0.00728703
      vertex -24.9676 5.27934 0.00728703
    endloop
  endfacet
  facet normal 6.21719e-06 -3.16807e-05 -1
    outer loop
      vertex -17.7497 -0.59236 0.00722694
      vertex -17.8533 -0.612691 0.00722694
      vertex -7.16628 7.71582 0.00702953
    endloop
  endfacet
  facet normal 0.00517424 -0.00589573 -0.999969
    outer loop
      vertex 25.2335 -4.62113 0.00810719
      vertex 19.6036 -12.5367 0.0256453
      vertex 25.0945 -4.74312 0.00810719
    endloop
  endfacet
  facet normal 2.3289e-05 -2.65364e-05 -1
    outer loop
      vertex 25.0945 -4.74312 0.00810719
      vertex -6.81165 7.8659 0.00702953
      vertex 25.2335 -4.62113 0.00810719
    endloop
  endfacet
  facet normal -0.000755254 0.00434341 -0.99999
    outer loop
      vertex -7.66781 8.22823 0.00702953
      vertex -24.9676 5.27934 0.00728703
      vertex -24.7969 10.5213 0.0299263
    endloop
  endfacet
  facet normal -1.10114e-05 -1.03501e-05 -1
    outer loop
      vertex -18.0565 -0.532153 0.00722694
      vertex -18.1484 -0.434381 0.00722694
      vertex -8.02244 7.8659 0.00702953
    endloop
  endfacet
  facet normal -0.000719187 -0.000693208 -1
    outer loop
      vertex -22.4294 -0.411517 0.00884151
      vertex -25.2311 4.73762 0.00728703
      vertex -25.1796 4.68419 0.00728703
    endloop
  endfacet
  facet normal -0.0600735 -0.0208073 -0.997977
    outer loop
      vertex -26.8789 -1.5935 0.216819
      vertex -27.2048 -0.652583 0.216819
      vertex -25.0466 -0.276634 0.0790672
    endloop
  endfacet
  facet normal -1.22798e-05 -8.80268e-06 -1
    outer loop
      vertex -8.02244 7.8659 0.00702953
      vertex -18.1484 -0.434381 0.00722694
      vertex -8.05973 7.91792 0.00702953
    endloop
  endfacet
  facet normal -0.318071 0.155217 -0.935275
    outer loop
      vertex -25.7445 11.4757 0.267611
      vertex -32.3292 4.22239 1.3032
      vertex -27.5197 11.2826 0.839279
    endloop
  endfacet
  facet normal -0.167322 0.105767 -0.980213
    outer loop
      vertex -25.0483 10.3743 0.0299263
      vertex -25.7445 11.4757 0.267611
      vertex -25.5414 11.797 0.267611
    endloop
  endfacet
  facet normal -0.003089 0.00441689 -0.999985
    outer loop
      vertex -25.1169 5.22669 0.00728703
      vertex -25.1796 5.18284 0.00728703
      vertex -24.9701 10.4549 0.0299263
    endloop
  endfacet
  facet normal -0.0710874 -0.00823514 -0.997436
    outer loop
      vertex -26.0894 4.72979 0.0651655
      vertex -26.113 4.93351 0.0651655
      vertex -25.3009 4.93351 0.00728703
    endloop
  endfacet
  facet normal -4.54445e-05 -0.000640395 -1
    outer loop
      vertex 24.0865 -4.96342 0.00810719
      vertex -17.8533 -0.612691 0.00722694
      vertex 24.3045 -4.97889 0.00810719
    endloop
  endfacet
  facet normal 8.49194e-06 -0.000119612 -1
    outer loop
      vertex 24.3045 -4.97889 0.00810719
      vertex -17.8533 -0.612691 0.00722694
      vertex 24.5224 -4.96342 0.00810719
    endloop
  endfacet
  facet normal 0.166162 -0.189267 -0.967764
    outer loop
      vertex 32.6633 -8.19788 0.88998
      vertex 31.4131 -9.29546 0.88998
      vertex 31.631 -7.70095 0.615552
    endloop
  endfacet
  facet normal 0.113032 -0.128749 -0.985214
    outer loop
      vertex 30.5352 -8.66298 0.615552
      vertex 29.4179 -7.858 0.38217
      vertex 30.3172 -7.06848 0.38217
    endloop
  endfacet
  facet normal -0.145911 0.0229156 -0.989032
    outer loop
      vertex -25.2407 9.81917 0.0299263
      vertex -29.1472 1.64279 0.416804
      vertex -25.215 9.98281 0.0299263
    endloop
  endfacet
  facet normal -0.0710887 0.00549797 -0.997455
    outer loop
      vertex -25.3009 4.93351 0.00728703
      vertex -26.113 4.93351 0.0651655
      vertex -25.2407 9.81917 0.0299263
    endloop
  endfacet
  facet normal -0.00112316 0.00435041 -0.99999
    outer loop
      vertex -24.9676 5.27934 0.00728703
      vertex -25.0453 5.25928 0.00728703
      vertex -24.8852 10.5045 0.0299263
    endloop
  endfacet
  facet normal -0.0261675 0.137535 -0.990151
    outer loop
      vertex -24.8852 10.5045 0.0299263
      vertex -25.0584 12.1827 0.267611
      vertex -24.7969 10.5213 0.0299263
    endloop
  endfacet
  facet normal -0.0771204 0.132006 -0.988244
    outer loop
      vertex -24.9701 10.4549 0.0299263
      vertex -25.0584 12.1827 0.267611
      vertex -24.8852 10.5045 0.0299263
    endloop
  endfacet
  facet normal 0.0206743 0.314664 -0.948978
    outer loop
      vertex 11.2606 13.1725 0.695003
      vertex -3.61286 14.6507 0.861115
      vertex -3.61286 15.8085 1.24502
    endloop
  endfacet
  facet normal 0.0133934 0.243738 -0.969749
    outer loop
      vertex 11.2606 11.4157 0.253446
      vertex -3.61286 14.6507 0.861115
      vertex 11.2606 13.1725 0.695003
    endloop
  endfacet
  facet normal 0.0158142 0.11924 -0.992739
    outer loop
      vertex 24.3959 7.73248 0.0186157
      vertex 11.4339 9.53254 0.0283422
      vertex 11.7736 11.3616 0.253446
    endloop
  endfacet
  facet normal 0.0322623 0.176008 -0.98386
    outer loop
      vertex 24.5953 7.69871 0.0186157
      vertex 11.7736 11.3616 0.253446
      vertex 25.8526 8.29472 0.166468
    endloop
  endfacet
  facet normal 0.134692 0.0418776 -0.990002
    outer loop
      vertex 29.5027 7.39487 0.45649
      vertex 27.371 7.39487 0.166468
      vertex 29.3961 7.73773 0.45649
    endloop
  endfacet
  facet normal 0.0625868 0.0599573 -0.996237
    outer loop
      vertex 27.3054 7.606 0.166468
      vertex 25.0859 7.46616 0.0186157
      vertex 27.1109 7.80903 0.166468
    endloop
  endfacet
  facet normal -0.363794 0.347653 -0.864171
    outer loop
      vertex -27.1666 13.5618 1.21345
      vertex -27.4265 14.3233 1.62921
      vertex -26.3948 15.4029 1.62921
    endloop
  endfacet
  facet normal -0.363824 0.347662 -0.864155
    outer loop
      vertex -26.2158 14.5568 1.21345
      vertex -27.1666 13.5618 1.21345
      vertex -26.3948 15.4029 1.62921
    endloop
  endfacet
  facet normal -0.314841 0.152055 -0.936885
    outer loop
      vertex -31.4871 3.91693 0.970636
      vertex -32.3292 4.22239 1.3032
      vertex -25.7445 11.4757 0.267611
    endloop
  endfacet
  facet normal -0.266394 0.113362 -0.957175
    outer loop
      vertex -25.9111 11.0842 0.267611
      vertex -31.4871 3.91693 0.970636
      vertex -25.7445 11.4757 0.267611
    endloop
  endfacet
  facet normal -0.131267 0.681021 -0.720402
    outer loop
      vertex -25.2753 16.0678 1.62921
      vertex -25.3219 16.5257 2.07057
      vertex -24.1111 16.2922 1.62921
    endloop
  endfacet
  facet normal -0.0794219 0.412045 -0.907695
    outer loop
      vertex -25.1841 15.1695 1.21345
      vertex -25.2753 16.0678 1.62921
      vertex -24.1111 16.2922 1.62921
    endloop
  endfacet
  facet normal -0.732735 0.380236 -0.564376
    outer loop
      vertex -28.3308 12.8704 1.62921
      vertex -32.7585 4.37812 1.65625
      vertex -28.4994 13.2006 2.07057
    endloop
  endfacet
  facet normal -0.869784 0.431161 -0.239949
    outer loop
      vertex -28.4994 13.2006 2.07057
      vertex -32.7585 4.37812 1.65625
      vertex -27.9205 15.6708 4.4108
    endloop
  endfacet
  facet normal -0.700277 0.679631 -0.218435
    outer loop
      vertex -26.4874 17.5168 4.4108
      vertex -27.2511 16.7299 4.4108
      vertex -26.5549 17.8313 5.60572
    endloop
  endfacet
  facet normal -0.633124 0.614441 -0.470762
    outer loop
      vertex -26.486 15.8343 2.07057
      vertex -27.0587 16.1748 3.28521
      vertex -26.3549 16.9 3.28521
    endloop
  endfacet
  facet normal -0.152002 -0.565005 0.810966
    outer loop
      vertex -19.1736 -16.8538 7.5853
      vertex -20.7411 -16.4321 7.5853
      vertex -19.4033 -17.8778 6.82882
    endloop
  endfacet
  facet normal -0.0829896 -0.99655 0
    outer loop
      vertex -17.5434 -19.1261 4.18615
      vertex 4.29099 -20.9444 3.24373
      vertex -17.5434 -19.1261 5.09595
    endloop
  endfacet
  facet normal -0.0829896 -0.99655 -0
    outer loop
      vertex 4.29099 -20.9444 3.24373
      vertex -17.5434 -19.1261 4.18615
      vertex 4.29099 -20.9444 2.66461
    endloop
  endfacet
  facet normal -0.093669 -0.577902 0.810713
    outer loop
      vertex -19.1736 -16.8538 7.5853
      vertex -19.4033 -17.8778 6.82882
      vertex 9.66917 -16.895 10.8884
    endloop
  endfacet
  facet normal -0.0529472 -0.923645 0.379573
    outer loop
      vertex -17.5434 -18.7594 5.98827
      vertex -17.5434 -19.1261 5.09595
      vertex 11.2701 -19.3395 8.5959
    endloop
  endfacet
  facet normal -0.819551 -0.283897 0.497733
    outer loop
      vertex -27.1003 -13.0964 5.98827
      vertex -33.4466 -1.73985 2.01621
      vertex -32.7585 -3.72625 2.01621
    endloop
  endfacet
  facet normal -0.993737 -0.111747 0
    outer loop
      vertex -33.4466 -1.73985 1.65625
      vertex -33.6789 0.325933 2.01621
      vertex -33.6789 0.325933 1.65625
    endloop
  endfacet
  facet normal -0.993737 -0.111747 0
    outer loop
      vertex -33.6789 0.325933 2.01621
      vertex -33.4466 -1.73985 1.65625
      vertex -33.4466 -1.73985 2.01621
    endloop
  endfacet
  facet normal -0.785316 0.123594 0.606632
    outer loop
      vertex -28.0936 12.2816 10.1576
      vertex -28.2967 10.9911 10.1576
      vertex -27.6691 10.7504 11.0191
    endloop
  endfacet
  facet normal -0.439434 -0.603837 -0.66504
    outer loop
      vertex -23.2904 -17.2134 3.29382
      vertex -24.858 -16.0726 3.29382
      vertex -22.8399 -16.6155 2.45327
    endloop
  endfacet
  facet normal -0.54107 -0.743407 -0.393179
    outer loop
      vertex -23.5201 -17.5183 4.18615
      vertex -25.1503 -16.3318 4.18615
      vertex -24.858 -16.0726 3.29382
    endloop
  endfacet
  facet normal -0.528603 -0.32266 -0.785156
    outer loop
      vertex -31.6411 -5.55693 1.65625
      vertex -32.3292 -3.57053 1.3032
      vertex -31.2547 -5.33085 1.3032
    endloop
  endfacet
  facet normal -0.528638 -0.322667 -0.785129
    outer loop
      vertex -31.6411 -5.55693 1.65625
      vertex -32.7585 -3.72625 1.65625
      vertex -32.3292 -3.57053 1.3032
    endloop
  endfacet
  facet normal -0.0934786 -0.515294 -0.8519
    outer loop
      vertex -17.956 -17.0019 1.38888
      vertex -19.4201 -16.7363 1.38888
      vertex -18.8845 -15.9629 0.862298
    endloop
  endfacet
  facet normal -0.54239 -0.501958 -0.673685
    outer loop
      vertex -24.2845 -15.564 2.45327
      vertex -26.1444 -14.6824 3.29382
      vertex -25.4701 -14.2829 2.45327
    endloop
  endfacet
  facet normal -0.272041 -0.234936 -0.933166
    outer loop
      vertex -22.3509 -13.8896 0.862298
      vertex -31.2547 -5.33085 1.3032
      vertex -30.4969 -4.88739 0.970636
    endloop
  endfacet
  facet normal -0.213465 -0.190775 -0.958143
    outer loop
      vertex -21.759 -14.5519 0.862298
      vertex -22.3509 -13.8896 0.862298
      vertex -20.8305 -13.5129 0.448563
    endloop
  endfacet
  facet normal -0.0311034 -0.384967 -0.922406
    outer loop
      vertex 4.29099 -19.6318 1.56158
      vertex -17.6829 -16.1809 0.862298
      vertex -17.3619 -15.2155 0.448563
    endloop
  endfacet
  facet normal -0.185359 -0.254318 -0.949192
    outer loop
      vertex -20.9624 -15.1325 0.862298
      vertex -21.759 -14.5519 0.862298
      vertex -19.7988 -14.4364 0.448563
    endloop
  endfacet
  facet normal -0.302387 -0.184565 -0.935146
    outer loop
      vertex -31.2547 -5.33085 1.3032
      vertex -31.4871 -3.26507 0.970636
      vertex -30.4969 -4.88739 0.970636
    endloop
  endfacet
  facet normal -0.195124 -0.119096 -0.973521
    outer loop
      vertex -30.4969 -4.88739 0.970636
      vertex -31.4871 -3.26507 0.970636
      vertex -30.2645 -2.8216 0.671337
    endloop
  endfacet
  facet normal 0.0707401 0.670611 0.738428
    outer loop
      vertex 11.2606 17.1544 8.66054
      vertex 11.2606 16.098 9.61992
      vertex 12.8191 16.99 8.66054
    endloop
  endfacet
  facet normal 0.099746 0.945518 0.309913
    outer loop
      vertex 13.0193 18.0675 6.46285
      vertex 11.2606 17.8821 7.59453
      vertex 12.9517 17.7037 7.59453
    endloop
  endfacet
  facet normal -0.161162 0.848881 0.503417
    outer loop
      vertex -24.7969 17.4975 9.14457
      vertex -25.6587 18.0014 8.01898
      vertex -25.5912 17.3467 9.14457
    endloop
  endfacet
  facet normal -0.445673 0.761944 0.469912
    outer loop
      vertex -25.6587 18.0014 8.01898
      vertex -26.3549 16.9 9.14457
      vertex -25.5912 17.3467 9.14457
    endloop
  endfacet
  facet normal -0.546196 0.282264 -0.788668
    outer loop
      vertex -32.3292 4.22239 1.3032
      vertex -32.7585 4.37812 1.65625
      vertex -28.3308 12.8704 1.62921
    endloop
  endfacet
  facet normal -0.577973 0.200213 -0.791114
    outer loop
      vertex -32.3292 4.22239 1.3032
      vertex -33.4466 2.39172 1.65625
      vertex -32.7585 4.37812 1.65625
    endloop
  endfacet
  facet normal -0.489062 0.836326 0.247745
    outer loop
      vertex -25.6932 18.3352 6.82405
      vertex -26.5549 17.8313 6.82405
      vertex -25.6587 18.0014 8.01898
    endloop
  endfacet
  facet normal -0.179657 0.9461 0.269477
    outer loop
      vertex -24.7969 18.5054 6.82405
      vertex -25.6932 18.3352 6.82405
      vertex -25.6587 18.0014 8.01898
    endloop
  endfacet
  facet normal -0.926413 0.376509 0
    outer loop
      vertex -32.7585 4.37812 2.01621
      vertex -28.6166 14.5694 5.60572
      vertex -32.7585 4.37812 1.65625
    endloop
  endfacet
  facet normal -0.926413 0.376509 0
    outer loop
      vertex -28.6166 14.5694 5.60572
      vertex -32.7585 4.37812 2.01621
      vertex -28.6166 14.5694 6.82405
    endloop
  endfacet
  facet normal -0.24922 -0.0391429 0.967656
    outer loop
      vertex -25.2407 9.47882 12.3999
      vertex -26.1112 9.14502 12.1622
      vertex -25.215 9.31519 12.3999
    endloop
  endfacet
  facet normal -0.920096 0.391692 0
    outer loop
      vertex -28.6166 14.5694 5.60572
      vertex -28.0453 15.9114 6.82405
      vertex -28.0453 15.9114 5.60572
    endloop
  endfacet
  facet normal -0.920096 0.391692 0
    outer loop
      vertex -28.0453 15.9114 6.82405
      vertex -28.6166 14.5694 5.60572
      vertex -28.6166 14.5694 6.82405
    endloop
  endfacet
  facet normal -0.829561 0.524294 -0.192209
    outer loop
      vertex -27.9205 15.6708 4.4108
      vertex -28.0453 15.9114 5.60572
      vertex -27.3492 17.0128 5.60572
    endloop
  endfacet
  facet normal -0.706863 0.57898 -0.406358
    outer loop
      vertex -27.0587 16.1748 3.28521
      vertex -27.559 14.7115 2.07057
      vertex -27.2511 16.7299 4.4108
    endloop
  endfacet
  facet normal -0.797957 0.504345 -0.330002
    outer loop
      vertex -27.559 14.7115 2.07057
      vertex -27.9205 15.6708 4.4108
      vertex -27.2511 16.7299 4.4108
    endloop
  endfacet
  facet normal -0.179713 0.9461 -0.269439
    outer loop
      vertex -24.7969 18.1651 4.4108
      vertex -25.6587 18.0014 4.4108
      vertex -24.7969 18.5054 5.60572
    endloop
  endfacet
  facet normal -0.161239 0.848842 -0.503458
    outer loop
      vertex -24.7969 17.4975 3.28521
      vertex -25.6587 18.0014 4.4108
      vertex -24.7969 18.1651 4.4108
    endloop
  endfacet
  facet normal 0.0212108 0.118238 0.992759
    outer loop
      vertex 11.7736 11.3616 11.5184
      vertex -13.3606 10.5556 12.1514
      vertex 11.4339 9.53254 11.7435
    endloop
  endfacet
  facet normal 0.0212026 0.118473 0.992731
    outer loop
      vertex 11.7736 11.3616 11.5184
      vertex -15.4301 10.5556 12.1956
      vertex -13.3606 10.5556 12.1514
    endloop
  endfacet
  facet normal 0.0212186 0.118484 0.992729
    outer loop
      vertex -15.4301 10.5556 12.1956
      vertex -24.7969 10.5213 12.3999
      vertex -15.4301 10.2657 12.2302
    endloop
  endfacet
  facet normal 0.0212225 0.11786 0.992803
    outer loop
      vertex -24.7969 10.5213 12.3999
      vertex -15.4301 10.5556 12.1956
      vertex 11.7736 11.3616 11.5184
    endloop
  endfacet
  facet normal 0.0212156 0.118361 0.992744
    outer loop
      vertex 11.4339 9.53254 11.7435
      vertex -13.3606 10.5556 12.1514
      vertex -13.3606 10.2092 12.1927
    endloop
  endfacet
  facet normal 0.0207086 0.137574 0.990275
    outer loop
      vertex -24.7969 12.2323 12.1622
      vertex -24.7969 10.5213 12.3999
      vertex 11.7736 11.3616 11.5184
    endloop
  endfacet
  facet normal -0.486959 0.024831 0.873072
    outer loop
      vertex -26.1112 10.153 12.1622
      vertex -26.9312 10.4674 11.6959
      vertex -26.1369 9.649 12.1622
    endloop
  endfacet
  facet normal -0.391977 -0.166851 0.904718
    outer loop
      vertex -25.9111 8.21378 12.1622
      vertex -26.6062 7.31833 11.6959
      vertex -26.3356 6.68262 11.6959
    endloop
  endfacet
  facet normal 0.00340171 -0.0532013 0.998578
    outer loop
      vertex 4.79175 -6.40406 13.4405
      vertex 4.63207 -6.41427 13.4405
      vertex 11.2701 -8.77715 13.292
    endloop
  endfacet
  facet normal 0.0790455 0.0831586 0.993396
    outer loop
      vertex 12.9821 -4.60375 13.0372
      vertex 11.8481 -6.56963 13.292
      vertex 12.0058 -6.71953 13.292
    endloop
  endfacet
  facet normal -0.167298 -0.105795 0.980214
    outer loop
      vertex -25.1169 9.0322 12.3999
      vertex -25.7445 7.82231 12.1622
      vertex -25.0483 8.92372 12.3999
    endloop
  endfacet
  facet normal 0.00473742 0.0741639 0.997235
    outer loop
      vertex 4.79175 -5.36253 13.4405
      vertex -9.6539 2.35333 12.9353
      vertex 4.63207 -5.35233 13.4405
    endloop
  endfacet
  facet normal 0.0049509 0.0745616 0.997204
    outer loop
      vertex -9.6539 2.35333 12.9353
      vertex 4.79175 -5.36253 13.4405
      vertex -9.70207 2.41805 12.9307
    endloop
  endfacet
  facet normal 0.00501417 0.0746653 0.997196
    outer loop
      vertex -15.4301 5.49295 12.7293
      vertex -24.7969 10.5213 12.3999
      vertex -15.4301 5.46891 12.7311
    endloop
  endfacet
  facet normal 0.00389609 0.0715102 0.997432
    outer loop
      vertex -13.4459 4.39869 12.8012
      vertex -13.2872 4.34262 12.8046
      vertex -13.4434 4.42645 12.7992
    endloop
  endfacet
  facet normal 0.0054404 0.0758613 0.997104
    outer loop
      vertex -13.2872 4.34262 12.8046
      vertex -13.4459 4.39869 12.8012
      vertex -13.3026 4.32138 12.8063
    endloop
  endfacet
  facet normal 0.241803 -0.118788 0.963027
    outer loop
      vertex 27.967 -4.72734 11.3835
      vertex 26.2625 -4.51799 11.8373
      vertex 27.7096 -5.2513 11.3835
    endloop
  endfacet
  facet normal 0.161683 -0.168993 0.972265
    outer loop
      vertex 25.8466 -5.138 11.8373
      vertex 13.449 -10.096 13.0372
      vertex 14.8085 -11.6708 12.5374
    endloop
  endfacet
  facet normal -0.00888563 0.0490522 0.998757
    outer loop
      vertex -15.4301 5.39425 12.735
      vertex -24.8852 10.5045 12.3999
      vertex -15.4301 5.3576 12.7368
    endloop
  endfacet
  facet normal -0.00944939 0.0480289 0.998801
    outer loop
      vertex 4.47239 -5.36253 13.4405
      vertex -9.47872 2.11798 12.9488
      vertex 4.31884 -5.39274 13.4405
    endloop
  endfacet
  facet normal -0.00952016 0.0478973 0.998807
    outer loop
      vertex -9.47872 2.11798 12.9488
      vertex 4.47239 -5.36253 13.4405
      vertex -9.55309 2.21789 12.9433
    endloop
  endfacet
  facet normal -0.0103207 0.0463901 0.99887
    outer loop
      vertex -13.4553 4.29695 12.8064
      vertex -13.3426 4.26604 12.809
      vertex -13.4527 4.32552 12.8051
    endloop
  endfacet
  facet normal -0.00973631 0.0485129 0.998775
    outer loop
      vertex -13.3426 4.26604 12.809
      vertex -13.4553 4.29695 12.8064
      vertex -13.3601 4.24194 12.81
    endloop
  endfacet
  facet normal -0.00766133 0.0520932 0.998613
    outer loop
      vertex -13.4566 4.28334 12.8071
      vertex -13.3601 4.24194 12.81
      vertex -13.4553 4.29695 12.8064
    endloop
  endfacet
  facet normal -0.0107202 0.0449855 0.99893
    outer loop
      vertex -13.3601 4.24194 12.81
      vertex -13.4566 4.28334 12.8071
      vertex -13.3658 4.23392 12.8103
    endloop
  endfacet
  facet normal 0.0224285 0.00340574 0.999743
    outer loop
      vertex 12.2906 -7.33668 13.292
      vertex 5.43484 -5.77971 13.4405
      vertex 5.45057 -5.8833 13.4405
    endloop
  endfacet
  facet normal 0.028022 0.0354507 0.998978
    outer loop
      vertex 11.8481 -6.56963 13.292
      vertex 5.21084 -5.50784 13.4405
      vertex 5.31263 -5.5883 13.4405
    endloop
  endfacet
  facet normal -0.249201 0.0392366 0.967657
    outer loop
      vertex -26.0349 10.6376 12.1622
      vertex -26.1112 10.153 12.1622
      vertex -25.215 9.98281 12.3999
    endloop
  endfacet
  facet normal -0.0565797 -0.161047 0.985324
    outer loop
      vertex 10.6689 -11.0729 13.0372
      vertex 4.17733 -6.32478 13.4405
      vertex 10.0908 -10.8698 13.0372
    endloop
  endfacet
  facet normal 0.185843 -0.300149 0.935614
    outer loop
      vertex 15.0115 -14.0583 11.8118
      vertex 13.185 -12.9274 12.5374
      vertex 13.8472 -14.7792 11.8118
    endloop
  endfacet
  facet normal 0.1199 -0.193649 0.973717
    outer loop
      vertex 14.0502 -12.3917 12.5374
      vertex 12.9821 -10.5399 13.0372
      vertex 13.185 -12.9274 12.5374
    endloop
  endfacet
  facet normal 0.279892 -0.914144 -0.293259
    outer loop
      vertex 20.6254 -20.027 4.80395
      vertex 20.5643 -19.7172 3.77993
      vertex 22.0337 -19.2673 3.77993
    endloop
  endfacet
  facet normal -0.0805239 -0.921961 0.378819
    outer loop
      vertex -19.5615 -18.5832 5.98827
      vertex -19.6421 -18.9428 5.09595
      vertex -17.5434 -19.1261 5.09595
    endloop
  endfacet
  facet normal 0.0790455 -0.0831586 0.993396
    outer loop
      vertex 12.0058 -8.42412 13.292
      vertex 11.8481 -8.57402 13.292
      vertex 12.9821 -10.5399 13.0372
    endloop
  endfacet
  facet normal 0.201345 -0.235676 0.950746
    outer loop
      vertex 25.8466 -5.138 11.8373
      vertex 14.0502 -12.3917 12.5374
      vertex 27.2916 -5.73418 11.3835
    endloop
  endfacet
  facet normal -0.0228394 -0.116087 0.992976
    outer loop
      vertex 4.47239 -6.40406 13.4405
      vertex 4.31884 -6.37385 13.4405
      vertex 10.6689 -11.0729 13.0372
    endloop
  endfacet
  facet normal -0.474509 0.299939 0.827573
    outer loop
      vertex -26.4239 14.3432 11.0191
      vertex -26.8677 13.6411 11.0191
      vertex -26.0059 13.1371 11.6959
    endloop
  endfacet
  facet normal 0.0759314 -0.248011 -0.965777
    outer loop
      vertex 20.5128 -15.5617 0.628885
      vertex 19.789 -15.7833 0.628885
      vertex 19.9455 -14.1795 0.229335
    endloop
  endfacet
  facet normal 0.123272 -0.228557 -0.965694
    outer loop
      vertex 20.5128 -15.5617 0.628885
      vertex 19.9455 -14.1795 0.229335
      vertex 21.1799 -15.2019 0.628885
    endloop
  endfacet
  facet normal 0.609971 -0.736495 -0.292422
    outer loop
      vertex 24.7961 -17.7771 4.80395
      vertex 23.3879 -18.5368 3.77993
      vertex 24.5748 -17.5538 3.77993
    endloop
  endfacet
  facet normal 0.610004 -0.736431 -0.292514
    outer loop
      vertex 23.5618 -18.7995 4.80395
      vertex 23.3879 -18.5368 3.77993
      vertex 24.7961 -17.7771 4.80395
    endloop
  endfacet
  facet normal 0.0945807 -0.951255 0.293546
    outer loop
      vertex 19.0363 -19.869 6.87204
      vertex 19.0363 -20.185 5.84802
      vertex 20.6254 -20.027 5.84802
    endloop
  endfacet
  facet normal 0.246718 -0.805796 -0.538352
    outer loop
      vertex 20.5643 -19.7172 3.77993
      vertex 20.4446 -19.1094 2.81533
      vertex 22.0337 -19.2673 3.77993
    endloop
  endfacet
  facet normal 0.803119 -0.595819 0
    outer loop
      vertex 33.7368 -8.71467 1.84867
      vertex 34.7851 -7.30164 1.51862
      vertex 34.7851 -7.30164 1.84867
    endloop
  endfacet
  facet normal 0.803119 -0.595819 0
    outer loop
      vertex 34.7851 -7.30164 1.51862
      vertex 33.7368 -8.71467 1.84867
      vertex 33.7368 -8.71467 1.51862
    endloop
  endfacet
  facet normal 0.564404 -0.237658 -0.790548
    outer loop
      vertex 34.7851 -7.30164 1.51862
      vertex 34.3823 -7.18144 1.19491
      vertex 35.0031 -5.70713 1.19491
    endloop
  endfacet
  facet normal 0.637905 -0.770115 0
    outer loop
      vertex 23.5618 -18.7995 4.80395
      vertex 24.7961 -17.7771 5.84802
      vertex 23.5618 -18.7995 5.84802
    endloop
  endfacet
  facet normal 0.637905 -0.770115 0
    outer loop
      vertex 24.7961 -17.7771 5.84802
      vertex 23.5618 -18.7995 4.80395
      vertex 24.7961 -17.7771 4.80395
    endloop
  endfacet
  facet normal 0.0163936 -0.0172466 0.999717
    outer loop
      vertex 12.0058 -8.42412 13.292
      vertex 5.31263 -6.17829 13.4405
      vertex 11.8481 -8.57402 13.292
    endloop
  endfacet
  facet normal 0.221272 -0.191542 0.956217
    outer loop
      vertex 27.7096 -5.2513 11.3835
      vertex 25.8466 -5.138 11.8373
      vertex 27.2916 -5.73418 11.3835
    endloop
  endfacet
  facet normal 0.40237 -0.366303 0.839
    outer loop
      vertex 28.592 -6.27073 10.7247
      vertex 22.708 -15.6697 9.44303
      vertex 23.5103 -16.4794 8.70475
    endloop
  endfacet
  facet normal 0.347726 -0.419846 0.838341
    outer loop
      vertex 22.708 -15.6697 9.44303
      vertex 22.5515 -17.2735 8.70475
      vertex 23.5103 -16.4794 8.70475
    endloop
  endfacet
  facet normal 0.119486 0.0586969 0.991099
    outer loop
      vertex 26.104 -3.52425 11.8373
      vertex 24.3996 -3.9602 12.0686
      vertex 26.2625 -3.8469 11.8373
    endloop
  endfacet
  facet normal 0.241804 0.118785 0.963027
    outer loop
      vertex 27.7096 -3.11359 11.3835
      vertex 26.104 -3.52425 11.8373
      vertex 26.2625 -3.8469 11.8373
    endloop
  endfacet
  facet normal 0.0913607 -0.689165 -0.718822
    outer loop
      vertex 20.4446 -19.1094 2.81533
      vertex 4.29099 -20.5012 2.09662
      vertex 20.2706 -18.227 1.94722
    endloop
  endfacet
  facet normal 0.258538 -0.479227 -0.838749
    outer loop
      vertex 21.4576 -17.8636 1.94722
      vertex 21.0234 -16.8057 1.20894
      vertex 21.9211 -16.3214 1.20894
    endloop
  endfacet
  facet normal 0.537983 -0.649575 0.537239
    outer loop
      vertex 24.5748 -17.5538 6.87204
      vertex 23.0467 -18.0216 7.83664
      vertex 23.3879 -18.5368 6.87204
    endloop
  endfacet
  facet normal 0.203854 -0.665863 0.717684
    outer loop
      vertex 21.4576 -17.8636 8.70475
      vertex 20.2706 -18.227 8.70475
      vertex 20.4446 -19.1094 7.83664
    endloop
  endfacet
  facet normal 0.123284 -0.228543 -0.965696
    outer loop
      vertex 21.1799 -15.2019 0.628885
      vertex 19.9455 -14.1795 0.229335
      vertex 20.3563 -13.9579 0.229335
    endloop
  endfacet
  facet normal 0.0608062 -0.112722 -0.991764
    outer loop
      vertex 19.9455 -14.1795 0.229335
      vertex 19.482 -12.6374 0.0256453
      vertex 20.3563 -13.9579 0.229335
    endloop
  endfacet
  facet normal 0.0759562 -0.248012 -0.965775
    outer loop
      vertex 19.789 -15.7833 0.628885
      vertex 19.4998 -14.316 0.229335
      vertex 19.9455 -14.1795 0.229335
    endloop
  endfacet
  facet normal 0.0256548 -0.257939 -0.96582
    outer loop
      vertex 19.789 -15.7833 0.628885
      vertex 19.0363 -14.3621 0.229335
      vertex 19.4998 -14.316 0.229335
    endloop
  endfacet
  facet normal 0.828409 -0.132132 0.544316
    outer loop
      vertex 31.993 -4.18245 8.90029
      vertex 31.8304 -5.20188 8.90029
      vertex 32.5364 -5.28859 7.80476
    endloop
  endfacet
  facet normal 0.682181 -0.108793 0.723045
    outer loop
      vertex 30.948 -4.18245 9.88623
      vertex 30.8055 -5.07599 9.88623
      vertex 31.993 -4.18245 8.90029
    endloop
  endfacet
  facet normal 0.53133 -0.084774 0.842913
    outer loop
      vertex 29.6179 -4.18245 10.7247
      vertex 29.5009 -4.91576 10.7247
      vertex 30.8055 -5.07599 9.88623
    endloop
  endfacet
  facet normal 0.53135 -0.0847387 0.842903
    outer loop
      vertex 30.948 -4.18245 9.88623
      vertex 29.6179 -4.18245 10.7247
      vertex 30.8055 -5.07599 9.88623
    endloop
  endfacet
  facet normal -0.471311 0.0742 0.87884
    outer loop
      vertex -26.8073 11.2544 11.6959
      vertex -26.9312 10.4674 11.6959
      vertex -26.1112 10.153 12.1622
    endloop
  endfacet
  facet normal -0.885054 0.0995253 0.454724
    outer loop
      vertex -33.4466 2.39172 2.01621
      vertex -33.6789 0.325933 2.01621
      vertex -28.2967 10.9911 10.1576
    endloop
  endfacet
  facet normal -0.0800075 0.421479 0.903302
    outer loop
      vertex -24.7969 15.2946 11.0191
      vertex -25.2215 13.7635 11.6959
      vertex -24.7969 13.8441 11.6959
    endloop
  endfacet
  facet normal -0.573571 0.556645 0.600968
    outer loop
      vertex -26.3549 16.9 9.14457
      vertex -27.0587 16.1748 9.14457
      vertex -26.7794 15.3689 10.1576
    endloop
  endfacet
  facet normal -0.1359 0.715818 0.684935
    outer loop
      vertex -24.7969 17.4975 9.14457
      vertex -25.5912 17.3467 9.14457
      vertex -25.4931 16.396 10.1576
    endloop
  endfacet
  facet normal -0.382996 0.654788 0.651588
    outer loop
      vertex -25.5912 17.3467 9.14457
      vertex -26.3549 16.9 9.14457
      vertex -25.4931 16.396 10.1576
    endloop
  endfacet
  facet normal 0.508977 -0.377594 -0.77354
    outer loop
      vertex 34.7851 -7.30164 1.51862
      vertex 33.3743 -8.54017 1.19491
      vertex 34.3823 -7.18144 1.19491
    endloop
  endfacet
  facet normal 0.890368 -0.121675 0.438679
    outer loop
      vertex 35.6486 -4.1739 1.84867
      vertex 32.7129 -4.18245 7.80476
      vertex 35.4307 -5.76841 1.84867
    endloop
  endfacet
  facet normal 0.682186 -0.108809 0.723037
    outer loop
      vertex 31.993 -4.18245 8.90029
      vertex 30.8055 -5.07599 9.88623
      vertex 31.8304 -5.20188 8.90029
    endloop
  endfacet
  facet normal 0.63807 -0.313421 0.703303
    outer loop
      vertex 31.8304 -5.20188 8.90029
      vertex 30.8055 -5.07599 9.88623
      vertex 31.3489 -6.18213 8.90029
    endloop
  endfacet
  facet normal 0.0651837 0.0202532 -0.997668
    outer loop
      vertex 27.371 7.39487 0.166468
      vertex 25.0859 7.46616 0.0186157
      vertex 27.3054 7.606 0.166468
    endloop
  endfacet
  facet normal 0.211918 0.0556279 -0.975703
    outer loop
      vertex 32.9467 -2.93537 0.615552
      vertex 29.5027 7.39487 0.45649
      vertex 34.1644 -2.76087 0.88998
    endloop
  endfacet
  facet normal 0.252782 0.426558 -0.868418
    outer loop
      vertex 30.8528 8.29998 0.877537
      vertex 30.1628 8.70888 0.877537
      vertex 32.3601 8.49775 1.41343
    endloop
  endfacet
  facet normal 0.289383 0.277128 -0.916219
    outer loop
      vertex 31.2777 7.85629 0.877537
      vertex 30.8528 8.29998 0.877537
      vertex 32.3601 8.49775 1.41343
    endloop
  endfacet
  facet normal 0.215758 0.0295103 -0.976001
    outer loop
      vertex 33.1161 -4.1739 0.615552
      vertex 32.9467 -2.93537 0.615552
      vertex 34.3575 -4.1739 0.88998
    endloop
  endfacet
  facet normal 0.321365 -0.135312 -0.937238
    outer loop
      vertex 35.0031 -5.70713 1.19491
      vertex 33.5923 -6.94567 0.88998
      vertex 34.1644 -5.58694 0.88998
    endloop
  endfacet
  facet normal 1.48461e-05 -4.27433e-05 -1
    outer loop
      vertex -6.95369 7.77593 0.00702953
      vertex -17.7497 -0.59236 0.00722694
      vertex -7.05299 7.74144 0.00702953
    endloop
  endfacet
  facet normal -2.92915e-05 8.43245e-05 -1
    outer loop
      vertex -7.88039 8.16811 0.00702953
      vertex -25.0453 5.25928 0.00728703
      vertex -7.7811 8.2026 0.00702953
    endloop
  endfacet
  facet normal 0.134696 0.0418513 -0.990003
    outer loop
      vertex 27.371 7.39487 0.166468
      vertex 27.3054 7.606 0.166468
      vertex 29.3961 7.73773 0.45649
    endloop
  endfacet
  facet normal 0.33552 -0.0458672 -0.940916
    outer loop
      vertex 35.0031 -5.70713 1.19491
      vertex 34.1644 -5.58694 0.88998
      vertex 35.2127 -4.1739 1.19491
    endloop
  endfacet
  facet normal 0.329742 0.0845593 -0.940277
    outer loop
      vertex 34.1644 -2.76087 0.88998
      vertex 33.0527 7.39487 1.41343
      vertex 35.0031 -2.64067 1.19491
    endloop
  endfacet
  facet normal 0.310991 0.0828426 -0.946796
    outer loop
      vertex 34.1644 -2.76087 0.88998
      vertex 31.4212 7.39487 0.877537
      vertex 33.0527 7.39487 1.41343
    endloop
  endfacet
  facet normal 0.412678 0.696338 -0.587206
    outer loop
      vertex 33.5444 8.65313 2.04357
      vertex 32.5852 9.22159 2.04357
      vertex 33.3193 9.37697 2.74374
    endloop
  endfacet
  facet normal 0.610046 0.18973 -0.769315
    outer loop
      vertex 34.3346 7.39487 2.04357
      vertex 34.1351 8.03633 2.04357
      vertex 35.0011 8.09089 2.74374
    endloop
  endfacet
  facet normal 0.00232394 0.00097876 -0.999997
    outer loop
      vertex 25.3367 -3.86585 0.00810719
      vertex 25.0859 7.46616 0.0186157
      vertex 25.4003 -4.01686 0.00810719
    endloop
  endfacet
  facet normal 3.18398e-05 -4.35884e-06 -1
    outer loop
      vertex 25.4003 -4.33095 0.00810719
      vertex -6.76177 7.97202 0.00702953
      vertex 25.4218 -4.1739 0.00810719
    endloop
  endfacet
  facet normal -1.56415e-05 -9.80157e-06 -1
    outer loop
      vertex -25.2311 4.73762 0.00728703
      vertex -25.2693 4.79858 0.00728703
      vertex -18.1484 -0.434381 0.00722694
    endloop
  endfacet
  facet normal 0.000286233 0.0122668 -0.999925
    outer loop
      vertex -7.41704 8.24934 0.00702953
      vertex -24.7969 10.5213 0.0299263
      vertex 11.2606 9.55081 0.0283422
    endloop
  endfacet
  facet normal 0 0 -1
    outer loop
      vertex -6.77436 7.91792 0.00702953
      vertex -6.77436 8.02612 0.00702953
      vertex -6.76177 7.97202 0.00702953
    endloop
  endfacet
  facet normal 0 0 -1
    outer loop
      vertex -6.81165 7.8659 0.00702953
      vertex -6.77436 8.02612 0.00702953
      vertex -6.77436 7.91792 0.00702953
    endloop
  endfacet
  facet normal 0 0 -1
    outer loop
      vertex -6.81165 7.8659 0.00702953
      vertex -6.81165 8.07815 0.00702953
      vertex -6.77436 8.02612 0.00702953
    endloop
  endfacet
  facet normal 0 0 -1
    outer loop
      vertex -6.8722 7.81796 0.00702953
      vertex -6.81165 8.07815 0.00702953
      vertex -6.81165 7.8659 0.00702953
    endloop
  endfacet
  facet normal 0 0 -1
    outer loop
      vertex -6.8722 7.81796 0.00702953
      vertex -6.8722 8.12609 0.00702953
      vertex -6.81165 8.07815 0.00702953
    endloop
  endfacet
  facet normal 0 0 -1
    outer loop
      vertex -6.95369 7.77593 0.00702953
      vertex -6.8722 8.12609 0.00702953
      vertex -6.8722 7.81796 0.00702953
    endloop
  endfacet
  facet normal 0 0 -1
    outer loop
      vertex -6.95369 7.77593 0.00702953
      vertex -6.95369 8.16811 0.00702953
      vertex -6.8722 8.12609 0.00702953
    endloop
  endfacet
  facet normal 0 0 -1
    outer loop
      vertex -7.05299 7.74144 0.00702953
      vertex -6.95369 8.16811 0.00702953
      vertex -6.95369 7.77593 0.00702953
    endloop
  endfacet
  facet normal 0 0 -1
    outer loop
      vertex -7.05299 7.74144 0.00702953
      vertex -7.05299 8.2026 0.00702953
      vertex -6.95369 8.16811 0.00702953
    endloop
  endfacet
  facet normal 0 0 -1
    outer loop
      vertex -7.16628 7.71582 0.00702953
      vertex -7.05299 8.2026 0.00702953
      vertex -7.05299 7.74144 0.00702953
    endloop
  endfacet
  facet normal 0 0 -1
    outer loop
      vertex -7.16628 7.71582 0.00702953
      vertex -7.16628 8.22823 0.00702953
      vertex -7.05299 8.2026 0.00702953
    endloop
  endfacet
  facet normal 0 0 -1
    outer loop
      vertex -7.2892 7.70004 0.00702953
      vertex -7.16628 8.22823 0.00702953
      vertex -7.16628 7.71582 0.00702953
    endloop
  endfacet
  facet normal 0 0 -1
    outer loop
      vertex -7.2892 7.70004 0.00702953
      vertex -7.2892 8.24401 0.00702953
      vertex -7.16628 8.22823 0.00702953
    endloop
  endfacet
  facet normal 0 0 -1
    outer loop
      vertex -7.41704 7.69471 0.00702953
      vertex -7.2892 8.24401 0.00702953
      vertex -7.2892 7.70004 0.00702953
    endloop
  endfacet
  facet normal 0 0 -1
    outer loop
      vertex -7.41704 7.69471 0.00702953
      vertex -7.41704 8.24934 0.00702953
      vertex -7.2892 8.24401 0.00702953
    endloop
  endfacet
  facet normal 0 0 -1
    outer loop
      vertex -7.54488 7.70004 0.00702953
      vertex -7.41704 8.24934 0.00702953
      vertex -7.41704 7.69471 0.00702953
    endloop
  endfacet
  facet normal 0 0 -1
    outer loop
      vertex -7.54488 7.70004 0.00702953
      vertex -7.54488 8.24401 0.00702953
      vertex -7.41704 8.24934 0.00702953
    endloop
  endfacet
  facet normal 0 0 -1
    outer loop
      vertex -7.66781 7.71582 0.00702953
      vertex -7.54488 8.24401 0.00702953
      vertex -7.54488 7.70004 0.00702953
    endloop
  endfacet
  facet normal 0 0 -1
    outer loop
      vertex -7.66781 7.71582 0.00702953
      vertex -7.66781 8.22823 0.00702953
      vertex -7.54488 8.24401 0.00702953
    endloop
  endfacet
  facet normal 0 0 -1
    outer loop
      vertex -7.7811 7.74144 0.00702953
      vertex -7.66781 8.22823 0.00702953
      vertex -7.66781 7.71582 0.00702953
    endloop
  endfacet
  facet normal 0 0 -1
    outer loop
      vertex -7.7811 7.74144 0.00702953
      vertex -7.7811 8.2026 0.00702953
      vertex -7.66781 8.22823 0.00702953
    endloop
  endfacet
  facet normal 0 0 -1
    outer loop
      vertex -7.88039 7.77593 0.00702953
      vertex -7.7811 8.2026 0.00702953
      vertex -7.7811 7.74144 0.00702953
    endloop
  endfacet
  facet normal 0 0 -1
    outer loop
      vertex -7.88039 7.77593 0.00702953
      vertex -7.88039 8.16811 0.00702953
      vertex -7.7811 8.2026 0.00702953
    endloop
  endfacet
  facet normal 0 0 -1
    outer loop
      vertex -7.96189 7.81796 0.00702953
      vertex -7.88039 8.16811 0.00702953
      vertex -7.88039 7.77593 0.00702953
    endloop
  endfacet
  facet normal 0 0 -1
    outer loop
      vertex -7.96189 7.81796 0.00702953
      vertex -7.96189 8.12609 0.00702953
      vertex -7.88039 8.16811 0.00702953
    endloop
  endfacet
  facet normal 0 0 -1
    outer loop
      vertex -8.02244 7.8659 0.00702953
      vertex -7.96189 8.12609 0.00702953
      vertex -7.96189 7.81796 0.00702953
    endloop
  endfacet
  facet normal 0 0 -1
    outer loop
      vertex -8.02244 7.8659 0.00702953
      vertex -8.02244 8.07815 0.00702953
      vertex -7.96189 8.12609 0.00702953
    endloop
  endfacet
  facet normal 0 0 -1
    outer loop
      vertex -8.05973 7.91792 0.00702953
      vertex -8.02244 8.07815 0.00702953
      vertex -8.02244 7.8659 0.00702953
    endloop
  endfacet
  facet normal 0 0 -1
    outer loop
      vertex -8.05973 7.91792 0.00702953
      vertex -8.05973 8.02612 0.00702953
      vertex -8.02244 8.07815 0.00702953
    endloop
  endfacet
  facet normal 0 -0 -1
    outer loop
      vertex -8.05973 8.02612 0.00702953
      vertex -8.05973 7.91792 0.00702953
      vertex -8.07232 7.97202 0.00702953
    endloop
  endfacet
  facet normal 0.000874373 -0.00285451 -0.999996
    outer loop
      vertex 19.3433 -12.7122 0.0256453
      vertex 19.1928 -12.7583 0.0256453
      vertex 24.732 -4.91761 0.00810719
    endloop
  endfacet
  facet normal 0.000578141 -0.00264524 -0.999996
    outer loop
      vertex 24.732 -4.91761 0.00810719
      vertex 19.1928 -12.7583 0.0256453
      vertex 24.5224 -4.96342 0.00810719
    endloop
  endfacet
  facet normal -1.52591e-05 1.77457e-06 -1
    outer loop
      vertex -8.07232 7.97202 0.00702953
      vertex -25.3009 4.93351 0.00728703
      vertex -25.2929 5.0023 0.00728703
    endloop
  endfacet
  facet normal 0.026025 -0.0192986 -0.999475
    outer loop
      vertex 27.0558 -5.4984 0.0724964
      vertex 25.2335 -4.62113 0.00810719
      vertex 25.3367 -4.48196 0.00810719
    endloop
  endfacet
  facet normal 0.0869425 -0.0645052 -0.994123
    outer loop
      vertex 30.3172 -7.06848 0.38217
      vertex 29.2689 -5.65544 0.198802
      vertex 30.9855 -6.16772 0.38217
    endloop
  endfacet
  facet normal 0.0869502 -0.0644995 -0.994122
    outer loop
      vertex 30.3172 -7.06848 0.38217
      vertex 28.7724 -6.32476 0.198802
      vertex 29.2689 -5.65544 0.198802
    endloop
  endfacet
  facet normal 0.107954 -0.135693 -0.984852
    outer loop
      vertex 30.5352 -8.66298 0.615552
      vertex 20.3563 -13.9579 0.229335
      vertex 29.4179 -7.858 0.38217
    endloop
  endfacet
  facet normal 0.113032 -0.128749 -0.985214
    outer loop
      vertex 30.5352 -8.66298 0.615552
      vertex 30.3172 -7.06848 0.38217
      vertex 31.631 -7.70095 0.615552
    endloop
  endfacet
  facet normal -0.114267 0.0132366 -0.993362
    outer loop
      vertex -25.2407 9.81917 0.0299263
      vertex -26.113 4.93351 0.0651655
      vertex -26.0894 5.13724 0.0651655
    endloop
  endfacet
  facet normal -0.131379 0.0152189 -0.991215
    outer loop
      vertex -26.113 4.93351 0.0651655
      vertex -29.1472 1.64279 0.416804
      vertex -26.0894 5.13724 0.0651655
    endloop
  endfacet
  facet normal -0.00327861 -0.00205451 -0.999993
    outer loop
      vertex -22.5776 -0.253478 0.00884151
      vertex -25.2693 4.79858 0.00728703
      vertex -25.2311 4.73762 0.00728703
    endloop
  endfacet
  facet normal -0.000383954 -0.000534043 -1
    outer loop
      vertex -22.249 -0.541217 0.00884151
      vertex -22.4294 -0.411517 0.00884151
      vertex -18.0565 -0.532153 0.00722694
    endloop
  endfacet
  facet normal -0.278448 0.270189 -0.921664
    outer loop
      vertex -26.0059 13.1371 0.733846
      vertex -26.2158 14.5568 1.21345
      vertex -25.6297 13.5248 0.733846
    endloop
  endfacet
  facet normal -0.247905 0.240552 -0.938444
    outer loop
      vertex -25.3097 12.0357 0.267611
      vertex -26.0059 13.1371 0.733846
      vertex -25.6297 13.5248 0.733846
    endloop
  endfacet
  facet normal -0.00573327 0.301038 -0.953595
    outer loop
      vertex -3.61286 14.6507 0.861115
      vertex -24.7969 13.8441 0.733846
      vertex -24.1111 15.3764 1.21345
    endloop
  endfacet
  facet normal -0.00480897 0.277869 -0.960607
    outer loop
      vertex -3.61286 14.6507 0.861115
      vertex -24.7969 12.2323 0.267611
      vertex -24.7969 13.8441 0.733846
    endloop
  endfacet
  facet normal 0.00265724 0.216324 -0.976318
    outer loop
      vertex -3.61286 13.1772 0.53463
      vertex -24.7969 12.2323 0.267611
      vertex -3.61286 14.6507 0.861115
    endloop
  endfacet
  facet normal 0.00716223 0.216319 -0.976296
    outer loop
      vertex 11.2606 11.4157 0.253446
      vertex -3.61286 13.1772 0.53463
      vertex -3.61286 14.6507 0.861115
    endloop
  endfacet
  facet normal 0.000561335 0.000947108 -0.999999
    outer loop
      vertex 25.0945 -3.60469 0.00810719
      vertex 24.9136 7.59789 0.0186157
      vertex 25.0202 7.53471 0.0186157
    endloop
  endfacet
  facet normal 0.000560029 0.000947087 -0.999999
    outer loop
      vertex 24.9252 -3.50458 0.00810719
      vertex 24.9136 7.59789 0.0186157
      vertex 25.0945 -3.60469 0.00810719
    endloop
  endfacet
  facet normal 0.0263323 0.155483 -0.987488
    outer loop
      vertex 24.3959 7.73248 0.0186157
      vertex 11.7736 11.3616 0.253446
      vertex 24.5953 7.69871 0.0186157
    endloop
  endfacet
  facet normal 0.000404615 0.00238911 -0.999997
    outer loop
      vertex 24.5953 7.69871 0.0186157
      vertex -7.16628 8.22823 0.00702953
      vertex 24.3959 7.73248 0.0186157
    endloop
  endfacet
  facet normal -0.124892 0.121229 -0.984736
    outer loop
      vertex -25.0483 10.3743 0.0299263
      vertex -25.5414 11.797 0.267611
      vertex -25.3097 12.0357 0.267611
    endloop
  endfacet
  facet normal -0.167304 0.105779 -0.980214
    outer loop
      vertex -25.1169 10.2658 0.0299263
      vertex -25.7445 11.4757 0.267611
      vertex -25.0483 10.3743 0.0299263
    endloop
  endfacet
  facet normal -0.414519 0.708681 -0.570916
    outer loop
      vertex -25.3219 16.5257 2.07057
      vertex -26.3549 16.9 3.28521
      vertex -25.5912 17.3467 3.28521
    endloop
  endfacet
  facet normal -0.418495 0.704614 -0.573045
    outer loop
      vertex -25.3219 16.5257 2.07057
      vertex -26.486 15.8343 2.07057
      vertex -26.3549 16.9 3.28521
    endloop
  endfacet
  facet normal -0.0870086 -0.996208 0
    outer loop
      vertex -19.6421 -18.9428 4.18615
      vertex -17.5434 -19.1261 5.09595
      vertex -19.6421 -18.9428 5.09595
    endloop
  endfacet
  facet normal -0.0870086 -0.996208 -0
    outer loop
      vertex -17.5434 -19.1261 5.09595
      vertex -19.6421 -18.9428 4.18615
      vertex -17.5434 -19.1261 4.18615
    endloop
  endfacet
  facet normal -0.0716526 -0.628208 0.774739
    outer loop
      vertex 9.66917 -16.895 10.8884
      vertex 9.44362 -18.2085 9.80247
      vertex 11.2701 -17.0776 10.8884
    endloop
  endfacet
  facet normal -0.839669 -0.512512 -0.179685
    outer loop
      vertex -26.4882 -14.8861 4.18615
      vertex -32.7585 -3.72625 1.65625
      vertex -31.6411 -5.55693 1.65625
    endloop
  endfacet
  facet normal -0.25978 -0.965668 0
    outer loop
      vertex -21.6602 -18.3999 4.18615
      vertex -19.6421 -18.9428 5.09595
      vertex -21.6602 -18.3999 5.09595
    endloop
  endfacet
  facet normal -0.25978 -0.965668 -0
    outer loop
      vertex -19.6421 -18.9428 5.09595
      vertex -21.6602 -18.3999 4.18615
      vertex -19.6421 -18.9428 4.18615
    endloop
  endfacet
  facet normal -0.0249769 -0.218893 0.975429
    outer loop
      vertex 10.6689 -11.0729 13.0372
      vertex 10.2938 -13.2573 12.5374
      vertex 11.2701 -11.1415 13.0372
    endloop
  endfacet
  facet normal -0.0739024 -0.210354 0.974828
    outer loop
      vertex 10.6689 -11.0729 13.0372
      vertex 10.0908 -10.8698 13.0372
      vertex 10.2938 -13.2573 12.5374
    endloop
  endfacet
  facet normal -0.342527 0.0385223 -0.938718
    outer loop
      vertex -32.0969 2.15661 0.970636
      vertex -33.2142 0.325933 1.3032
      vertex -32.9908 2.31233 1.3032
    endloop
  endfacet
  facet normal -0.56964 -0.464765 -0.677868
    outer loop
      vertex -26.1444 -14.6824 3.29382
      vertex -31.6411 -5.55693 1.65625
      vertex -25.4701 -14.2829 2.45327
    endloop
  endfacet
  facet normal -0.504159 -0.450502 -0.736798
    outer loop
      vertex -23.837 -15.3824 2.00808
      vertex -25.4701 -14.2829 2.45327
      vertex -24.6598 -14.4616 2.00808
    endloop
  endfacet
  facet normal -0.071734 -0.224421 -0.971848
    outer loop
      vertex -18.2547 -15.0535 0.448563
      vertex -19.0775 -14.7905 0.448563
      vertex -18.0616 -13.8811 0.163577
    endloop
  endfacet
  facet normal -0.304398 -0.272001 -0.912884
    outer loop
      vertex -22.9227 -15.017 1.38888
      vertex -23.6439 -14.2099 1.38888
      vertex -22.3509 -13.8896 0.862298
    endloop
  endfacet
  facet normal -0.416816 -0.365312 -0.832353
    outer loop
      vertex -24.6598 -14.4616 2.00808
      vertex -31.2547 -5.33085 1.3032
      vertex -23.6439 -14.2099 1.38888
    endloop
  endfacet
  facet normal -0.0557113 -0.525849 -0.848751
    outer loop
      vertex 4.29099 -20.5012 2.09662
      vertex -17.956 -17.0019 1.38888
      vertex -17.6829 -16.1809 0.862298
    endloop
  endfacet
  facet normal -0.150624 -0.30682 -0.939773
    outer loop
      vertex -19.0775 -14.7905 0.448563
      vertex -19.9918 -15.6089 0.862298
      vertex -19.7988 -14.4364 0.448563
    endloop
  endfacet
  facet normal -0.0969105 -0.197466 -0.975508
    outer loop
      vertex -18.0616 -13.8811 0.163577
      vertex -19.7988 -14.4364 0.448563
      vertex -18.5058 -13.6631 0.163577
    endloop
  endfacet
  facet normal -0.0440309 -0.24281 -0.969074
    outer loop
      vertex -17.3619 -15.2155 0.448563
      vertex -17.5549 -14.0431 0.163577
      vertex -17.0051 -14.1428 0.163577
    endloop
  endfacet
  facet normal -0.0148515 -0.252123 -0.967581
    outer loop
      vertex -16.4333 -15.2702 0.448563
      vertex -17.3619 -15.2155 0.448563
      vertex -16.4333 -14.1765 0.163577
    endloop
  endfacet
  facet normal -0.0246698 -0.356352 -0.934026
    outer loop
      vertex 4.29099 -19.6318 1.56158
      vertex -17.3619 -15.2155 0.448563
      vertex 4.29099 -18.3697 1.08006
    endloop
  endfacet
  facet normal -0.261794 -0.359199 -0.89579
    outer loop
      vertex -21.9521 -15.7244 1.38888
      vertex -22.9227 -15.017 1.38888
      vertex -20.9624 -15.1325 0.862298
    endloop
  endfacet
  facet normal -0.150599 -0.306825 -0.939776
    outer loop
      vertex -19.9918 -15.6089 0.862298
      vertex -20.9624 -15.1325 0.862298
      vertex -19.7988 -14.4364 0.448563
    endloop
  endfacet
  facet normal -0.302365 -0.184564 -0.935153
    outer loop
      vertex -31.2547 -5.33085 1.3032
      vertex -32.3292 -3.57053 1.3032
      vertex -31.4871 -3.26507 0.970636
    endloop
  endfacet
  facet normal -0.328898 -0.113934 -0.937467
    outer loop
      vertex -31.4871 -3.26507 0.970636
      vertex -32.3292 -3.57053 1.3032
      vertex -32.0969 -1.50474 0.970636
    endloop
  endfacet
  facet normal 0.308946 0.95108 -0
    outer loop
      vertex 14.7103 17.5182 5.30901
      vertex 13.0193 18.0675 6.46285
      vertex 14.7103 17.5182 6.46285
    endloop
  endfacet
  facet normal 0.308946 0.95108 0
    outer loop
      vertex 13.0193 18.0675 6.46285
      vertex 14.7103 17.5182 5.30901
      vertex 13.0193 18.0675 5.30901
    endloop
  endfacet
  facet normal 0.0161535 0.722435 0.69125
    outer loop
      vertex -24.7969 17.4975 9.14457
      vertex -24.7969 16.5282 10.1576
      vertex 11.2606 17.1544 8.66054
    endloop
  endfacet
  facet normal 0.0190566 0.672173 0.740149
    outer loop
      vertex 11.2606 17.1544 8.66054
      vertex -24.7969 16.5282 10.1576
      vertex 11.2606 16.098 9.61992
    endloop
  endfacet
  facet normal -0.864507 0.367977 0.342375
    outer loop
      vertex -27.9205 15.6708 8.01898
      vertex -28.4698 14.3803 8.01898
      vertex -28.1819 14.0094 9.14457
    endloop
  endfacet
  facet normal -0.944913 0.327323 0
    outer loop
      vertex -33.4466 2.39172 1.65625
      vertex -32.7585 4.37812 2.01621
      vertex -32.7585 4.37812 1.65625
    endloop
  endfacet
  facet normal -0.944913 0.327323 0
    outer loop
      vertex -32.7585 4.37812 2.01621
      vertex -33.4466 2.39172 1.65625
      vertex -33.4466 2.39172 2.01621
    endloop
  endfacet
  facet normal -0.186558 0.982444 0
    outer loop
      vertex -24.7969 18.5054 5.60572
      vertex -25.6932 18.3352 6.82405
      vertex -24.7969 18.5054 6.82405
    endloop
  endfacet
  facet normal -0.186558 0.982444 0
    outer loop
      vertex -25.6932 18.3352 6.82405
      vertex -24.7969 18.5054 5.60572
      vertex -25.6932 18.3352 5.60572
    endloop
  endfacet
  facet normal -0.504799 0.863237 0
    outer loop
      vertex -25.6932 18.3352 5.60572
      vertex -26.5549 17.8313 6.82405
      vertex -25.6932 18.3352 6.82405
    endloop
  endfacet
  facet normal -0.504799 0.863237 0
    outer loop
      vertex -26.5549 17.8313 6.82405
      vertex -25.6932 18.3352 5.60572
      vertex -26.5549 17.8313 5.60572
    endloop
  endfacet
  facet normal -0.706129 0.446277 0.549744
    outer loop
      vertex -27.0587 16.1748 9.14457
      vertex -27.6756 15.1987 9.14457
      vertex -27.3201 14.5133 10.1576
    endloop
  endfacet
  facet normal -0.93816 0.324984 0.119339
    outer loop
      vertex -32.7585 4.37812 2.01621
      vertex -33.4466 2.39172 2.01621
      vertex -28.6166 14.5694 6.82405
    endloop
  endfacet
  facet normal -0.00954437 0.0478444 0.998809
    outer loop
      vertex -24.7969 10.5213 12.3999
      vertex -15.4301 5.39425 12.735
      vertex -15.4301 5.43809 12.7329
    endloop
  endfacet
  facet normal -0.00921654 0.0484417 0.998783
    outer loop
      vertex -15.4301 5.39425 12.735
      vertex -24.7969 10.5213 12.3999
      vertex -24.8852 10.5045 12.3999
    endloop
  endfacet
  facet normal -0.0104482 0.046185 0.998878
    outer loop
      vertex 4.47239 -5.36253 13.4405
      vertex -9.59167 2.26972 12.9405
      vertex -9.55309 2.21789 12.9433
    endloop
  endfacet
  facet normal -0.00898883 0.0486634 0.998775
    outer loop
      vertex -13.4527 4.32552 12.8051
      vertex -13.3222 4.29421 12.8078
      vertex -13.4492 4.36311 12.8033
    endloop
  endfacet
  facet normal -0.00890847 0.0489969 0.998759
    outer loop
      vertex -13.3222 4.29421 12.8078
      vertex -13.4527 4.32552 12.8051
      vertex -13.3426 4.26604 12.809
    endloop
  endfacet
  facet normal 0.0161776 0.0953508 0.995312
    outer loop
      vertex 4.79175 -5.36253 13.4405
      vertex -9.72075 2.44314 12.9286
      vertex -9.70207 2.41805 12.9307
    endloop
  endfacet
  facet normal 0.0184414 0.0995337 0.994863
    outer loop
      vertex -24.7087 10.5045 12.3999
      vertex -15.4301 5.49295 12.7293
      vertex -15.4301 5.51394 12.7272
    endloop
  endfacet
  facet normal 0.0192375 0.100997 0.994701
    outer loop
      vertex -15.4301 5.49295 12.7293
      vertex -24.7087 10.5045 12.3999
      vertex -24.7969 10.5213 12.3999
    endloop
  endfacet
  facet normal 0.0202222 0.102892 0.994487
    outer loop
      vertex -13.4434 4.42645 12.7992
      vertex -13.2774 4.35613 12.8031
      vertex -13.4417 4.44448 12.7973
    endloop
  endfacet
  facet normal 0.0179177 0.0974848 0.995076
    outer loop
      vertex -13.2774 4.35613 12.8031
      vertex -13.4434 4.42645 12.7992
      vertex -13.2872 4.34262 12.8046
    endloop
  endfacet
  facet normal -0.258684 0.0131908 0.965872
    outer loop
      vertex -26.1112 10.153 12.1622
      vertex -26.1369 9.649 12.1622
      vertex -25.2407 9.81917 12.3999
    endloop
  endfacet
  facet normal -0.0624455 -0.0512249 0.996733
    outer loop
      vertex 3.87587 -6.08649 13.4405
      vertex -7.93353 0.0419989 13.0156
      vertex -7.90227 0 13.0154
    endloop
  endfacet
  facet normal -0.0588945 -0.0443152 0.99728
    outer loop
      vertex -7.91243 0 13.0148
      vertex 3.87587 -6.08649 13.4405
      vertex -7.90227 0 13.0154
    endloop
  endfacet
  facet normal -0.0626429 -0.0516155 0.9967
    outer loop
      vertex 3.87587 -6.08649 13.4405
      vertex -7.91243 0 13.0148
      vertex 3.95151 -6.17829 13.4405
    endloop
  endfacet
  facet normal -0.0625633 -0.0514654 0.996713
    outer loop
      vertex -15.4301 3.93233 12.7459
      vertex -25.0483 8.92372 12.3999
      vertex -15.4301 3.9149 12.745
    endloop
  endfacet
  facet normal -0.0619882 -0.0503454 0.996806
    outer loop
      vertex -12.9992 2.64902 12.8322
      vertex -11.7151 2.00447 12.8795
      vertex -12.9826 2.66224 12.8339
    endloop
  endfacet
  facet normal -0.0610764 -0.0485181 0.996953
    outer loop
      vertex -11.7151 2.00447 12.8795
      vertex -12.9992 2.64902 12.8322
      vertex -11.6879 1.96612 12.8793
    endloop
  endfacet
  facet normal -0.0999734 -0.187789 0.977108
    outer loop
      vertex 4.0533 -6.25875 13.4405
      vertex 2.918 -6.99522 13.1828
      vertex 4.17733 -6.32478 13.4405
    endloop
  endfacet
  facet normal -0.120083 -0.235558 0.964413
    outer loop
      vertex 3.28533 -7.19079 13.1828
      vertex -20.3744 -13.3433 8.73409
      vertex 9.35507 -12.9274 12.5374
    endloop
  endfacet
  facet normal 0.0301187 0.048643 0.998362
    outer loop
      vertex 11.6682 -6.45824 13.292
      vertex 5.21084 -5.50784 13.4405
      vertex 11.8481 -6.56963 13.292
    endloop
  endfacet
  facet normal -0.0552035 -0.159198 0.985702
    outer loop
      vertex 4.31884 -6.37385 13.4405
      vertex 4.17733 -6.32478 13.4405
      vertex 10.6689 -11.0729 13.0372
    endloop
  endfacet
  facet normal 0.221272 -0.191537 0.956218
    outer loop
      vertex 26.104 -4.84064 11.8373
      vertex 25.8466 -5.138 11.8373
      vertex 27.7096 -5.2513 11.3835
    endloop
  endfacet
  facet normal 0.124374 -0.0198678 0.992036
    outer loop
      vertex 26.3161 -4.18245 11.8373
      vertex 24.4531 -4.29575 12.0686
      vertex 26.2625 -4.51799 11.8373
    endloop
  endfacet
  facet normal 0.058763 -0.0949043 0.993751
    outer loop
      vertex 12.9821 -10.5399 13.0372
      vertex 11.8481 -8.57402 13.292
      vertex 12.4493 -10.8698 13.0372
    endloop
  endfacet
  facet normal 0.0111595 -0.0317588 0.999433
    outer loop
      vertex 11.6682 -8.6854 13.292
      vertex 5.0868 -6.32478 13.4405
      vertex 11.473 -8.75399 13.292
    endloop
  endfacet
  facet normal 0.0240123 0.0110854 0.99965
    outer loop
      vertex 12.1352 -6.90218 13.292
      vertex 5.43484 -5.77971 13.4405
      vertex 12.2314 -7.11056 13.292
    endloop
  endfacet
  facet normal -0.0285353 0.0133438 0.999504
    outer loop
      vertex 3.87587 -5.6801 13.4405
      vertex -8.81885 1.23144 12.9858
      vertex 3.82929 -5.77971 13.4405
    endloop
  endfacet
  facet normal -0.028003 0.0143216 0.999505
    outer loop
      vertex -8.81885 1.23144 12.9858
      vertex 3.87587 -5.6801 13.4405
      vertex -8.90771 1.35081 12.9816
    endloop
  endfacet
  facet normal -0.0279961 0.0143093 0.999506
    outer loop
      vertex -15.4301 4.93809 12.7475
      vertex -25.1169 10.2658 12.3999
      vertex -15.4301 4.89618 12.7481
    endloop
  endfacet
  facet normal -0.0542477 -0.475612 0.877981
    outer loop
      vertex 11.2701 -15.373 11.8118
      vertex 9.66917 -16.895 10.8884
      vertex 11.2701 -17.0776 10.8884
    endloop
  endfacet
  facet normal 0.0388091 -0.340142 0.939573
    outer loop
      vertex 12.2463 -13.2573 12.5374
      vertex 11.2701 -15.373 11.8118
      vertex 12.5839 -15.2231 11.8118
    endloop
  endfacet
  facet normal 0.155702 -0.508615 0.846799
    outer loop
      vertex 21.0234 -16.8057 9.44303
      vertex 12.8709 -16.895 10.8884
      vertex 20.0493 -17.1039 9.44303
    endloop
  endfacet
  facet normal 0.153823 -0.521424 0.839319
    outer loop
      vertex 20.0493 -17.1039 9.44303
      vertex 12.8709 -16.895 10.8884
      vertex 20.2706 -18.227 8.70475
    endloop
  endfacet
  facet normal -0.0542618 -0.4756 0.877986
    outer loop
      vertex 9.95624 -15.2231 11.8118
      vertex 9.66917 -16.895 10.8884
      vertex 11.2701 -15.373 11.8118
    endloop
  endfacet
  facet normal -0.101231 -0.467609 0.87812
    outer loop
      vertex 9.95624 -15.2231 11.8118
      vertex -19.1736 -16.8538 7.5853
      vertex 9.66917 -16.895 10.8884
    endloop
  endfacet
  facet normal 0.161127 -0.169476 0.972274
    outer loop
      vertex 13.449 -10.096 13.0372
      vertex 12.9821 -10.5399 13.0372
      vertex 14.8085 -11.6708 12.5374
    endloop
  endfacet
  facet normal 0.218975 -0.280565 0.934523
    outer loop
      vertex 21.1799 -15.2019 10.0231
      vertex 14.0502 -12.3917 12.5374
      vertex 15.0115 -14.0583 11.8118
    endloop
  endfacet
  facet normal 0.20546 -0.331831 0.920692
    outer loop
      vertex 15.0115 -14.0583 11.8118
      vertex 13.8472 -14.7792 11.8118
      vertex 21.1799 -15.2019 10.0231
    endloop
  endfacet
  facet normal -0.25869 0.0132256 0.96587
    outer loop
      vertex -25.2407 9.81917 12.3999
      vertex -26.1369 9.649 12.1622
      vertex -25.2494 9.649 12.3999
    endloop
  endfacet
  facet normal -0.802099 0.0410007 0.595782
    outer loop
      vertex -27.6691 10.7504 11.0191
      vertex -28.2967 10.9911 10.1576
      vertex -27.7254 9.649 11.0191
    endloop
  endfacet
  facet normal 0.40024 -0.741965 -0.537863
    outer loop
      vertex 23.3879 -18.5368 3.77993
      vertex 22.0337 -19.2673 3.77993
      vertex 23.0467 -18.0216 2.81533
    endloop
  endfacet
  facet normal 0.453932 -0.841498 -0.292963
    outer loop
      vertex 23.5618 -18.7995 4.80395
      vertex 22.0337 -19.2673 3.77993
      vertex 23.3879 -18.5368 3.77993
    endloop
  endfacet
  facet normal 0.591776 -0.714526 -0.373166
    outer loop
      vertex 24.5748 -17.5538 3.77993
      vertex 23.3879 -18.5368 3.77993
      vertex 32.326 -9.95321 1.51862
    endloop
  endfacet
  facet normal 0.624522 -0.724025 -0.292847
    outer loop
      vertex 24.7961 -17.7771 4.80395
      vertex 24.5748 -17.5538 3.77993
      vertex 32.326 -9.95321 1.51862
    endloop
  endfacet
  facet normal 0.094507 -0.951295 0.293437
    outer loop
      vertex 20.5643 -19.7172 6.87204
      vertex 19.0363 -19.869 6.87204
      vertex 20.6254 -20.027 5.84802
    endloop
  endfacet
  facet normal 0.0832877 -0.838414 0.538633
    outer loop
      vertex 19.0363 -19.2493 7.83664
      vertex 19.0363 -19.869 6.87204
      vertex 20.4446 -19.1094 7.83664
    endloop
  endfacet
  facet normal 0.294072 -0.218163 -0.930552
    outer loop
      vertex 34.3823 -7.18144 1.19491
      vertex 33.3743 -8.54017 1.19491
      vertex 33.5923 -6.94567 0.88998
    endloop
  endfacet
  facet normal 0.321374 -0.135324 -0.937233
    outer loop
      vertex 34.3823 -7.18144 1.19491
      vertex 33.5923 -6.94567 0.88998
      vertex 35.0031 -5.70713 1.19491
    endloop
  endfacet
  facet normal 0.742019 -0.603467 0.29195
    outer loop
      vertex 25.8092 -16.5314 5.84802
      vertex 24.5748 -17.5538 6.87204
      vertex 24.7961 -17.7771 5.84802
    endloop
  endfacet
  facet normal 0.742145 -0.60357 0.291419
    outer loop
      vertex 25.8092 -16.5314 5.84802
      vertex 24.7961 -17.7771 5.84802
      vertex 33.7368 -8.71467 1.84867
    endloop
  endfacet
  facet normal 0.453938 -0.84149 0.292975
    outer loop
      vertex 23.5618 -18.7995 5.84802
      vertex 22.0337 -19.2673 6.87204
      vertex 22.1535 -19.5592 5.84802
    endloop
  endfacet
  facet normal 0.119474 -0.0587441 0.991098
    outer loop
      vertex 24.3996 -4.40469 12.0686
      vertex 13.8322 -9.55503 13.0372
      vertex 26.104 -4.84064 11.8373
    endloop
  endfacet
  facet normal 0.119486 -0.0586969 0.991099
    outer loop
      vertex 26.2625 -4.51799 11.8373
      vertex 24.3996 -4.40469 12.0686
      vertex 26.104 -4.84064 11.8373
    endloop
  endfacet
  facet normal 0.44487 -0.537134 0.716644
    outer loop
      vertex 23.5103 -16.4794 8.70475
      vertex 23.0467 -18.0216 7.83664
      vertex 24.1406 -17.1156 7.83664
    endloop
  endfacet
  facet normal 0.444866 -0.537134 0.716646
    outer loop
      vertex 23.5103 -16.4794 8.70475
      vertex 22.5515 -17.2735 8.70475
      vertex 23.0467 -18.0216 7.83664
    endloop
  endfacet
  facet normal 0.537987 -0.649563 0.537251
    outer loop
      vertex 24.1406 -17.1156 7.83664
      vertex 23.0467 -18.0216 7.83664
      vertex 24.5748 -17.5538 6.87204
    endloop
  endfacet
  facet normal 0.654704 -0.532387 0.536588
    outer loop
      vertex 25.0383 -16.0116 7.83664
      vertex 24.5748 -17.5538 6.87204
      vertex 25.5489 -16.3559 6.87204
    endloop
  endfacet
  facet normal 0.0687874 -0.538503 -0.839811
    outer loop
      vertex 20.2706 -18.227 1.94722
      vertex 4.29099 -20.5012 2.09662
      vertex 20.0493 -17.1039 1.20894
    endloop
  endfacet
  facet normal 0.0648817 -0.523011 -0.849853
    outer loop
      vertex 20.0493 -17.1039 1.20894
      vertex 4.29099 -20.5012 2.09662
      vertex 4.29099 -19.6318 1.56158
    endloop
  endfacet
  facet normal 0.502315 -0.246773 0.828724
    outer loop
      vertex 30.8055 -5.07599 9.88623
      vertex 29.5009 -4.91576 10.7247
      vertex 30.3834 -5.93519 9.88623
    endloop
  endfacet
  facet normal 0.502317 -0.24677 0.828723
    outer loop
      vertex 29.5009 -4.91576 10.7247
      vertex 29.1545 -5.62088 10.7247
      vertex 30.3834 -5.93519 9.88623
    endloop
  endfacet
  facet normal -0.107992 0.569251 0.81504
    outer loop
      vertex -24.7969 15.2946 11.0191
      vertex -25.4931 16.396 10.1576
      vertex -25.3683 15.1862 11.0191
    endloop
  endfacet
  facet normal -0.232799 0.398109 0.887307
    outer loop
      vertex -25.2215 13.7635 11.6959
      vertex -25.9176 14.8649 11.0191
      vertex -25.6297 13.5248 11.6959
    endloop
  endfacet
  facet normal -0.802147 -0.040942 0.595721
    outer loop
      vertex -27.7254 9.649 11.0191
      vertex -28.3652 9.649 10.1576
      vertex -28.2967 8.30693 10.1576
    endloop
  endfacet
  facet normal -0.858847 0.0438351 0.510353
    outer loop
      vertex -28.2967 10.9911 10.1576
      vertex -33.6789 0.325933 2.01621
      vertex -28.3652 9.649 10.1576
    endloop
  endfacet
  facet normal -0.439803 -0.121945 0.889777
    outer loop
      vertex -25.9111 8.21378 12.1622
      vertex -26.8073 8.04361 11.6959
      vertex -26.6062 7.31833 11.6959
    endloop
  endfacet
  facet normal -0.391984 0.166857 0.904714
    outer loop
      vertex -26.3356 12.6154 11.6959
      vertex -26.6062 11.9797 11.6959
      vertex -25.7445 11.4757 12.1622
    endloop
  endfacet
  facet normal -0.706163 0.446263 0.549712
    outer loop
      vertex -27.0587 16.1748 9.14457
      vertex -27.3201 14.5133 10.1576
      vertex -26.7794 15.3689 10.1576
    endloop
  endfacet
  facet normal 0.508985 -0.377606 -0.77353
    outer loop
      vertex 33.7368 -8.71467 1.51862
      vertex 33.3743 -8.54017 1.19491
      vertex 34.7851 -7.30164 1.51862
    endloop
  endfacet
  facet normal 0.564412 -0.237658 -0.790542
    outer loop
      vertex 35.4307 -5.76841 1.51862
      vertex 34.7851 -7.30164 1.51862
      vertex 35.0031 -5.70713 1.19491
    endloop
  endfacet
  facet normal 0.128728 0.12332 -0.983982
    outer loop
      vertex 27.3054 7.606 0.166468
      vertex 27.1109 7.80903 0.166468
      vertex 29.3961 7.73773 0.45649
    endloop
  endfacet
  facet normal 0.117326 0.198007 -0.973154
    outer loop
      vertex 29.0804 8.06742 0.45649
      vertex 27.1109 7.80903 0.166468
      vertex 28.5676 8.37127 0.45649
    endloop
  endfacet
  facet normal 0.207116 -0.0871982 -0.974423
    outer loop
      vertex 33.5923 -6.94567 0.88998
      vertex 32.4453 -6.60338 0.615552
      vertex 32.9467 -5.41244 0.615552
    endloop
  endfacet
  facet normal 0.14037 -0.0590977 -0.988334
    outer loop
      vertex 32.4453 -6.60338 0.615552
      vertex 30.9855 -6.16772 0.38217
      vertex 32.9467 -5.41244 0.615552
    endloop
  endfacet
  facet normal 3.53092e-05 4.8341e-06 -1
    outer loop
      vertex 25.4218 -4.1739 0.00810719
      vertex -6.76177 7.97202 0.00702953
      vertex 25.4003 -4.01686 0.00810719
    endloop
  endfacet
  facet normal 0.00827377 0.00113274 -0.999965
    outer loop
      vertex 25.4003 -4.01686 0.00810719
      vertex 25.108 7.39487 0.0186157
      vertex 25.4218 -4.1739 0.00810719
    endloop
  endfacet
  facet normal -0.00729221 0.00456959 -0.999963
    outer loop
      vertex -25.2311 5.12941 0.00728703
      vertex -25.2693 5.06845 0.00728703
      vertex -25.1169 10.2658 0.0299263
    endloop
  endfacet
  facet normal -0.000654322 0.00509733 -0.999987
    outer loop
      vertex -7.66781 8.22823 0.00702953
      vertex -24.7969 10.5213 0.0299263
      vertex -7.54488 8.24401 0.00702953
    endloop
  endfacet
  facet normal 0.0977015 0.0169353 -0.995072
    outer loop
      vertex 29.5747 -3.41862 0.198802
      vertex 27.371 7.39487 0.166468
      vertex 31.397 -3.15746 0.38217
    endloop
  endfacet
  facet normal 0.0651823 0.0202066 -0.997669
    outer loop
      vertex 25.108 7.39487 0.0186157
      vertex 25.0859 7.46616 0.0186157
      vertex 27.371 7.39487 0.166468
    endloop
  endfacet
  facet normal 0.657433 0.629556 -0.414055
    outer loop
      vertex 35.0011 8.09089 2.74374
      vertex 34.3602 8.76017 2.74374
      vertex 35.4426 8.11871 3.48705
    endloop
  endfacet
  facet normal 0.826639 0.257011 -0.500614
    outer loop
      vertex 35.2175 7.39487 2.74374
      vertex 35.0011 8.09089 2.74374
      vertex 35.4426 8.11871 3.48705
    endloop
  endfacet
  facet normal 0.395507 0.378771 -0.836723
    outer loop
      vertex 34.1351 8.03633 2.04357
      vertex 32.3601 8.49775 1.41343
      vertex 33.5444 8.65313 2.04357
    endloop
  endfacet
  facet normal 0.331185 0.558877 -0.760245
    outer loop
      vertex 32.3601 8.49775 1.41343
      vertex 31.5193 8.996 1.41343
      vertex 33.5444 8.65313 2.04357
    endloop
  endfacet
  facet normal -2.38996e-05 5.25073e-05 -1
    outer loop
      vertex -7.88039 8.16811 0.00702953
      vertex -25.1169 5.22669 0.00728703
      vertex -25.0453 5.25928 0.00728703
    endloop
  endfacet
  facet normal 2.25302e-05 -2.84565e-05 -1
    outer loop
      vertex 25.0945 -4.74312 0.00810719
      vertex -6.8722 7.81796 0.00702953
      vertex -6.81165 7.8659 0.00702953
    endloop
  endfacet
  facet normal -1.29941e-05 -7.93996e-06 -1
    outer loop
      vertex -18.1484 -0.434381 0.00722694
      vertex -18.2288 -0.302803 0.00722694
      vertex -8.05973 7.91792 0.00702953
    endloop
  endfacet
  facet normal 1.6192e-05 -4.44797e-05 -1
    outer loop
      vertex 24.732 -4.91761 0.00810719
      vertex -17.7497 -0.59236 0.00722694
      vertex -6.95369 7.77593 0.00702953
    endloop
  endfacet
  facet normal 1.41357e-05 -6.46766e-05 -1
    outer loop
      vertex 24.5224 -4.96342 0.00810719
      vertex -17.7497 -0.59236 0.00722694
      vertex 24.732 -4.91761 0.00810719
    endloop
  endfacet
  facet normal -5.77777e-06 -1.66331e-05 -1
    outer loop
      vertex -7.7811 7.74144 0.00702953
      vertex -17.9569 -0.59236 0.00722694
      vertex -7.88039 7.77593 0.00702953
    endloop
  endfacet
  facet normal 0.00226652 -0.003833 -0.99999
    outer loop
      vertex 25.0945 -4.74312 0.00810719
      vertex 19.482 -12.6374 0.0256453
      vertex 24.9252 -4.84323 0.00810719
    endloop
  endfacet
  facet normal -4.19777e-06 -1.85623e-05 -1
    outer loop
      vertex -7.66781 7.71582 0.00702953
      vertex -17.9569 -0.59236 0.00722694
      vertex -7.7811 7.74144 0.00702953
    endloop
  endfacet
  facet normal 3.643e-06 -2.83776e-05 -1
    outer loop
      vertex -7.16628 7.71582 0.00702953
      vertex -17.8533 -0.612691 0.00722694
      vertex -7.2892 7.70004 0.00702953
    endloop
  endfacet
  facet normal 0.0767246 -0.0855551 -0.993375
    outer loop
      vertex 30.3172 -7.06848 0.38217
      vertex 19.6036 -12.5367 0.0256453
      vertex 28.7724 -6.32476 0.198802
    endloop
  endfacet
  facet normal 0.0540923 -0.0401325 -0.997729
    outer loop
      vertex 28.7724 -6.32476 0.198802
      vertex 27.0558 -5.4984 0.0724964
      vertex 27.3616 -5.08623 0.0724964
    endloop
  endfacet
  facet normal 0.0610635 0.00833698 -0.998099
    outer loop
      vertex 27.6134 -4.1739 0.0724964
      vertex 27.5499 -3.7088 0.0724964
      vertex 29.6779 -4.1739 0.198802
    endloop
  endfacet
  facet normal 0.146086 0.019981 -0.98907
    outer loop
      vertex 33.1161 -4.1739 0.615552
      vertex 31.536 -4.1739 0.38217
      vertex 32.9467 -2.93537 0.615552
    endloop
  endfacet
  facet normal 0.166162 -0.189267 -0.967764
    outer loop
      vertex 31.4131 -9.29546 0.88998
      vertex 30.5352 -8.66298 0.615552
      vertex 31.631 -7.70095 0.615552
    endloop
  endfacet
  facet normal 0.147945 -0.213635 -0.965646
    outer loop
      vertex 31.4131 -9.29546 0.88998
      vertex 21.1799 -15.2019 0.628885
      vertex 30.5352 -8.66298 0.615552
    endloop
  endfacet
  facet normal 2.02532e-05 -3.42511e-05 -1
    outer loop
      vertex 24.9252 -4.84323 0.00810719
      vertex -6.8722 7.81796 0.00702953
      vertex 25.0945 -4.74312 0.00810719
    endloop
  endfacet
  facet normal -0.00199224 0.00437693 -0.999988
    outer loop
      vertex -25.0453 5.25928 0.00728703
      vertex -25.1169 5.22669 0.00728703
      vertex -24.8852 10.5045 0.0299263
    endloop
  endfacet
  facet normal -0.0173755 0.0048166 -0.999837
    outer loop
      vertex -25.1732 10.1336 0.0299263
      vertex -25.2929 5.0023 0.00728703
      vertex -25.215 9.98281 0.0299263
    endloop
  endfacet
  facet normal 2.62845e-05 -1.88418e-05 -1
    outer loop
      vertex 25.3367 -4.48196 0.00810719
      vertex -6.81165 7.8659 0.00702953
      vertex -6.77436 7.91792 0.00702953
    endloop
  endfacet
  facet normal -1.53161e-05 -9.3588e-06 -1
    outer loop
      vertex -18.1484 -0.434381 0.00722694
      vertex -25.2693 4.79858 0.00728703
      vertex -18.2288 -0.302803 0.00722694
    endloop
  endfacet
  facet normal -0.247854 0.240586 -0.938449
    outer loop
      vertex -25.5414 11.797 0.267611
      vertex -26.0059 13.1371 0.733846
      vertex -25.3097 12.0357 0.267611
    endloop
  endfacet
  facet normal -0.281921 0.269397 -0.92084
    outer loop
      vertex -26.0059 13.1371 0.733846
      vertex -27.1666 13.5618 1.21345
      vertex -26.2158 14.5568 1.21345
    endloop
  endfacet
  facet normal -0.0613209 0.323038 -0.944397
    outer loop
      vertex -24.7969 13.8441 0.733846
      vertex -25.2215 13.7635 0.733846
      vertex -24.1111 15.3764 1.21345
    endloop
  endfacet
  facet normal -0.052674 0.277486 -0.959285
    outer loop
      vertex -24.7969 12.2323 0.267611
      vertex -25.2215 13.7635 0.733846
      vertex -24.7969 13.8441 0.733846
    endloop
  endfacet
  facet normal 0.000389971 0.00149982 -0.999999
    outer loop
      vertex 24.7701 7.65326 0.0186157
      vertex -7.05299 8.2026 0.00702953
      vertex 24.5953 7.69871 0.0186157
    endloop
  endfacet
  facet normal 0.0410939 0.158047 -0.986576
    outer loop
      vertex 24.7701 7.65326 0.0186157
      vertex 24.5953 7.69871 0.0186157
      vertex 26.3703 8.16013 0.166468
    endloop
  endfacet
  facet normal 0.0575306 0.0970732 -0.993613
    outer loop
      vertex 27.1109 7.80903 0.166468
      vertex 24.9136 7.59789 0.0186157
      vertex 26.7952 7.99613 0.166468
    endloop
  endfacet
  facet normal 0.0502527 0.130197 -0.990214
    outer loop
      vertex 26.7952 7.99613 0.166468
      vertex 24.9136 7.59789 0.0186157
      vertex 26.3703 8.16013 0.166468
    endloop
  endfacet
  facet normal 0.000439519 0.0045748 -0.999989
    outer loop
      vertex 24.3959 7.73248 0.0186157
      vertex -7.2892 8.24401 0.00702953
      vertex 24.1794 7.75328 0.0186157
    endloop
  endfacet
  facet normal 0.000509666 0.00907377 -0.999959
    outer loop
      vertex 24.1794 7.75328 0.0186157
      vertex -7.2892 8.24401 0.00702953
      vertex 11.2606 9.55081 0.0283422
    endloop
  endfacet
  facet normal -0.217789 0.0742688 -0.973166
    outer loop
      vertex -25.1732 10.1336 0.0299263
      vertex -32.0969 2.15661 0.970636
      vertex -25.9111 11.0842 0.267611
    endloop
  endfacet
  facet normal -0.220981 0.0765511 -0.972269
    outer loop
      vertex -25.9111 11.0842 0.267611
      vertex -32.0969 2.15661 0.970636
      vertex -31.4871 3.91693 0.970636
    endloop
  endfacet
  facet normal -0.319949 0.19915 -0.926268
    outer loop
      vertex -25.7445 11.4757 0.267611
      vertex -27.5197 11.2826 0.839279
      vertex -26.7892 12.4562 0.839279
    endloop
  endfacet
  facet normal -0.324485 0.201973 -0.924076
    outer loop
      vertex -26.7892 12.4562 0.839279
      vertex -27.5197 11.2826 0.839279
      vertex -27.1666 13.5618 1.21345
    endloop
  endfacet
  facet normal -0.322769 -0.68095 0.657364
    outer loop
      vertex -22.8399 -16.6155 6.82882
      vertex -23.2904 -17.2134 5.98827
      vertex -21.502 -18.0611 5.98827
    endloop
  endfacet
  facet normal -0.093269 -0.754157 -0.650037
    outer loop
      vertex 4.29099 -20.5012 2.09662
      vertex -19.5615 -18.5832 3.29382
      vertex -18.1705 -17.647 2.00808
    endloop
  endfacet
  facet normal -0.183723 -0.387585 0.90334
    outer loop
      vertex -20.1677 -15.2045 8.22863
      vertex -21.3533 -14.6425 8.22863
      vertex -20.7411 -16.4321 7.5853
    endloop
  endfacet
  facet normal -0.395044 -0.833419 -0.386461
    outer loop
      vertex -21.6602 -18.3999 4.18615
      vertex -23.5201 -17.5183 4.18615
      vertex -23.2904 -17.2134 3.29382
    endloop
  endfacet
  facet normal -0.816221 -0.27922 0.505786
    outer loop
      vertex -27.689 -11.3755 5.98827
      vertex -33.4466 -1.73985 2.01621
      vertex -27.1003 -13.0964 5.98827
    endloop
  endfacet
  facet normal -0.874445 -0.485124 0
    outer loop
      vertex -27.4823 -13.2367 4.18615
      vertex -32.7585 -3.72625 2.01621
      vertex -32.7585 -3.72625 1.65625
    endloop
  endfacet
  facet normal -0.874445 -0.485124 0
    outer loop
      vertex -32.7585 -3.72625 2.01621
      vertex -27.4823 -13.2367 4.18615
      vertex -27.4823 -13.2367 5.09595
    endloop
  endfacet
  facet normal -0.542383 -0.501886 -0.673744
    outer loop
      vertex -24.858 -16.0726 3.29382
      vertex -26.1444 -14.6824 3.29382
      vertex -24.2845 -15.564 2.45327
    endloop
  endfacet
  facet normal -0.351136 -0.481844 -0.802826
    outer loop
      vertex -22.7296 -16.1894 2.00808
      vertex -23.837 -15.3824 2.00808
      vertex -22.9227 -15.017 1.38888
    endloop
  endfacet
  facet normal -0.197027 -0.732412 0.651731
    outer loop
      vertex -19.4033 -17.8778 6.82882
      vertex -21.1917 -17.3967 6.82882
      vertex -19.5615 -18.5832 5.98827
    endloop
  endfacet
  facet normal -0.132899 -0.193537 0.97205
    outer loop
      vertex -25.3097 7.26232 12.1622
      vertex -15.4301 0 12.067
      vertex -15.4301 2.2722 12.5194
    endloop
  endfacet
  facet normal -0.132909 -0.19355 0.972046
    outer loop
      vertex -15.4301 0 12.067
      vertex -25.3097 7.26232 12.1622
      vertex -20.3744 -13.3433 8.73409
    endloop
  endfacet
  facet normal -0.132908 -0.193552 0.972046
    outer loop
      vertex -13.3606 0 12.3499
      vertex 2.918 -6.99522 13.1828
      vertex -13.3606 1.22691 12.5942
    endloop
  endfacet
  facet normal -0.132879 -0.193562 0.972048
    outer loop
      vertex -20.3744 -13.3433 8.73409
      vertex -13.3606 0 12.3499
      vertex -15.4301 0 12.067
    endloop
  endfacet
  facet normal -0.132906 -0.193547 0.972047
    outer loop
      vertex -13.3606 0 12.3499
      vertex -20.3744 -13.3433 8.73409
      vertex 2.918 -6.99522 13.1828
    endloop
  endfacet
  facet normal -0.174649 -0.239946 0.954947
    outer loop
      vertex -21.1466 -12.7813 8.73409
      vertex -22.3925 -13.8861 8.22863
      vertex -21.3533 -14.6425 8.22863
    endloop
  endfacet
  facet normal -0.174632 -0.239949 0.954949
    outer loop
      vertex -21.1466 -12.7813 8.73409
      vertex -21.3533 -14.6425 8.22863
      vertex -20.3744 -13.3433 8.73409
    endloop
  endfacet
  facet normal -0.112813 -0.419337 0.900794
    outer loop
      vertex -18.8812 -15.5505 8.22863
      vertex -20.7411 -16.4321 7.5853
      vertex -19.1736 -16.8538 7.5853
    endloop
  endfacet
  facet normal -0.505572 -0.208718 0.837158
    outer loop
      vertex -25.2634 -12.4217 7.5853
      vertex -26.6062 7.31833 11.6959
      vertex -26.3511 -12.8212 6.82882
    endloop
  endfacet
  facet normal -0.112571 -0.320321 0.940597
    outer loop
      vertex 9.35507 -12.9274 12.5374
      vertex -20.1677 -15.2045 8.22863
      vertex 10.2938 -13.2573 12.5374
    endloop
  endfacet
  facet normal -0.0739259 -0.210356 0.974826
    outer loop
      vertex 10.0908 -10.8698 13.0372
      vertex 9.35507 -12.9274 12.5374
      vertex 10.2938 -13.2573 12.5374
    endloop
  endfacet
  facet normal -0.342499 0.0385028 -0.938729
    outer loop
      vertex -32.3027 0.325933 0.970636
      vertex -33.2142 0.325933 1.3032
      vertex -32.0969 2.15661 0.970636
    endloop
  endfacet
  facet normal -0.577934 -0.2002 -0.791146
    outer loop
      vertex -32.7585 -3.72625 1.65625
      vertex -33.4466 -1.73985 1.65625
      vertex -32.9908 -1.66047 1.3032
    endloop
  endfacet
  facet normal -0.603556 -0.0678706 -0.794427
    outer loop
      vertex -33.4466 -1.73985 1.65625
      vertex -33.6789 0.325933 1.65625
      vertex -33.2142 0.325933 1.3032
    endloop
  endfacet
  facet normal -0.603556 0.0678705 -0.794427
    outer loop
      vertex -33.2142 0.325933 1.3032
      vertex -33.6789 0.325933 1.65625
      vertex -33.4466 2.39172 1.65625
    endloop
  endfacet
  facet normal -0.414725 -0.370586 -0.831065
    outer loop
      vertex -22.9227 -15.017 1.38888
      vertex -24.6598 -14.4616 2.00808
      vertex -23.6439 -14.2099 1.38888
    endloop
  endfacet
  facet normal -0.414725 -0.370586 -0.831065
    outer loop
      vertex -23.837 -15.3824 2.00808
      vertex -24.6598 -14.4616 2.00808
      vertex -22.9227 -15.017 1.38888
    endloop
  endfacet
  facet normal -0.15382 -0.481106 -0.863062
    outer loop
      vertex -19.4201 -16.7363 1.38888
      vertex -20.7694 -16.3049 1.38888
      vertex -18.8845 -15.9629 0.862298
    endloop
  endfacet
  facet normal -0.43317 -0.595109 -0.676912
    outer loop
      vertex -22.8399 -16.6155 2.45327
      vertex -24.2845 -15.564 2.45327
      vertex -22.7296 -16.1894 2.00808
    endloop
  endfacet
  facet normal -0.0938558 -0.784909 -0.612461
    outer loop
      vertex 4.29099 -20.9444 2.66461
      vertex -19.5615 -18.5832 3.29382
      vertex 4.29099 -20.5012 2.09662
    endloop
  endfacet
  facet normal -0.314479 -0.663498 -0.678877
    outer loop
      vertex -21.1917 -17.3967 2.45327
      vertex -22.8399 -16.6155 2.45327
      vertex -21.3803 -16.8518 2.00808
    endloop
  endfacet
  facet normal -0.0678364 -0.373854 -0.925003
    outer loop
      vertex -17.3619 -15.2155 0.448563
      vertex -18.8845 -15.9629 0.862298
      vertex -18.2547 -15.0535 0.448563
    endloop
  endfacet
  facet normal -0.185353 -0.254371 -0.949178
    outer loop
      vertex -19.7988 -14.4364 0.448563
      vertex -21.759 -14.5519 0.862298
      vertex -20.3907 -14.0051 0.448563
    endloop
  endfacet
  facet normal -0.0216586 -0.119437 -0.992606
    outer loop
      vertex -17.0051 -14.1428 0.163577
      vertex -17.5549 -14.0431 0.163577
      vertex -16.812 -12.9704 0.0182924
    endloop
  endfacet
  facet normal -0.0216233 -0.119443 -0.992606
    outer loop
      vertex -16.6264 -13.004 0.0182924
      vertex -17.0051 -14.1428 0.163577
      vertex -16.812 -12.9704 0.0182924
    endloop
  endfacet
  facet normal -0.118561 -0.162709 -0.979525
    outer loop
      vertex -19.7988 -14.4364 0.448563
      vertex -20.3907 -14.0051 0.448563
      vertex -18.8702 -13.3974 0.163577
    endloop
  endfacet
  facet normal -0.135793 -0.121407 -0.98327
    outer loop
      vertex -18.8702 -13.3974 0.163577
      vertex -20.8305 -13.5129 0.448563
      vertex -19.1411 -13.0944 0.163577
    endloop
  endfacet
  facet normal -0.00822437 -0.252142 -0.967655
    outer loop
      vertex 4.29099 -18.3697 1.08006
      vertex -16.4333 -15.2702 0.448563
      vertex -16.4333 -14.1765 0.163577
    endloop
  endfacet
  facet normal -0.0187649 -0.318558 -0.947718
    outer loop
      vertex 4.29099 -18.3697 1.08006
      vertex -17.3619 -15.2155 0.448563
      vertex -16.4333 -15.2702 0.448563
    endloop
  endfacet
  facet normal -0.12086 -0.666232 -0.735886
    outer loop
      vertex -17.956 -17.0019 1.38888
      vertex -19.8409 -17.3439 2.00808
      vertex -19.4201 -16.7363 1.38888
    endloop
  endfacet
  facet normal -0.261794 -0.359189 -0.895794
    outer loop
      vertex -20.9624 -15.1325 0.862298
      vertex -22.9227 -15.017 1.38888
      vertex -21.759 -14.5519 0.862298
    endloop
  endfacet
  facet normal -0.0717501 -0.224418 -0.971848
    outer loop
      vertex -17.5549 -14.0431 0.163577
      vertex -18.2547 -15.0535 0.448563
      vertex -18.0616 -13.8811 0.163577
    endloop
  endfacet
  facet normal -0.0678288 -0.373867 -0.924999
    outer loop
      vertex -17.6829 -16.1809 0.862298
      vertex -18.8845 -15.9629 0.862298
      vertex -17.3619 -15.2155 0.448563
    endloop
  endfacet
  facet normal 0.256047 0.788234 0.559577
    outer loop
      vertex 12.9517 17.7037 7.59453
      vertex 12.8191 16.99 8.66054
      vertex 14.3177 16.5032 8.66054
    endloop
  endfacet
  facet normal 0.256038 0.788231 0.559585
    outer loop
      vertex 14.5778 17.1755 7.59453
      vertex 12.9517 17.7037 7.59453
      vertex 14.3177 16.5032 8.66054
    endloop
  endfacet
  facet normal -0.845323 0.534256 0
    outer loop
      vertex -28.0453 15.9114 5.60572
      vertex -27.3492 17.0128 6.82405
      vertex -27.3492 17.0128 5.60572
    endloop
  endfacet
  facet normal -0.845323 0.534256 0
    outer loop
      vertex -27.3492 17.0128 6.82405
      vertex -28.0453 15.9114 5.60572
      vertex -28.0453 15.9114 6.82405
    endloop
  endfacet
  facet normal -0.923345 0.222508 0.312928
    outer loop
      vertex -28.878 12.908 8.01898
      vertex -33.4466 2.39172 2.01621
      vertex -28.5581 12.6525 9.14457
    endloop
  endfacet
  facet normal -0.899595 0.141572 0.413143
    outer loop
      vertex -28.5581 12.6525 9.14457
      vertex -33.4466 2.39172 2.01621
      vertex -28.7898 11.1802 9.14457
    endloop
  endfacet
  facet normal 0.0317127 0.0595735 0.99772
    outer loop
      vertex 11.6682 -6.45824 13.292
      vertex 5.0868 -5.44181 13.4405
      vertex 5.21084 -5.50784 13.4405
    endloop
  endfacet
  facet normal 0.0935375 0.0244889 0.995315
    outer loop
      vertex 24.4531 -4.06915 12.0686
      vertex 12.2314 -7.11056 13.292
      vertex 12.2906 -7.33668 13.292
    endloop
  endfacet
  facet normal -0.026091 0.137556 0.99015
    outer loop
      vertex -24.7969 12.2323 12.1622
      vertex -25.0584 12.1827 12.1622
      vertex -24.7969 10.5213 12.3999
    endloop
  endfacet
  facet normal -0.0261692 0.137544 0.99015
    outer loop
      vertex -24.7969 10.5213 12.3999
      vertex -25.0584 12.1827 12.1622
      vertex -24.8852 10.5045 12.3999
    endloop
  endfacet
  facet normal -0.0771252 0.132015 0.988243
    outer loop
      vertex -24.8852 10.5045 12.3999
      vertex -25.0584 12.1827 12.1622
      vertex -24.9701 10.4549 12.3999
    endloop
  endfacet
  facet normal -0.602221 0.380666 0.701728
    outer loop
      vertex -26.7794 15.3689 10.1576
      vertex -26.8677 13.6411 11.0191
      vertex -26.4239 14.3432 11.0191
    endloop
  endfacet
  facet normal -0.0726613 -0.0709826 0.994828
    outer loop
      vertex -7.91243 0 13.0148
      vertex -7.94392 0 13.0125
      vertex 3.95151 -6.17829 13.4405
    endloop
  endfacet
  facet normal -0.072532 -0.0707419 0.994854
    outer loop
      vertex -15.4301 3.9149 12.745
      vertex -24.9701 8.84311 12.3999
      vertex -15.4301 3.88818 12.7431
    endloop
  endfacet
  facet normal -0.072146 -0.0699891 0.994935
    outer loop
      vertex -24.9701 8.84311 12.3999
      vertex -15.4301 3.9149 12.745
      vertex -25.0483 8.92372 12.3999
    endloop
  endfacet
  facet normal -0.0724724 -0.0705441 0.994872
    outer loop
      vertex -13.017 2.63487 12.8299
      vertex -11.6879 1.96612 12.8793
      vertex -12.9992 2.64902 12.8322
    endloop
  endfacet
  facet normal -0.0735494 -0.0727019 0.994638
    outer loop
      vertex -11.6879 1.96612 12.8793
      vertex -13.017 2.63487 12.8299
      vertex -11.6636 1.93196 12.8786
    endloop
  endfacet
  facet normal -0.167314 0.105786 0.980212
    outer loop
      vertex -25.0483 10.3743 12.3999
      vertex -25.7445 11.4757 12.1622
      vertex -25.1169 10.2658 12.3999
    endloop
  endfacet
  facet normal 0.00796621 -0.0404903 0.999148
    outer loop
      vertex 4.9453 -6.37385 13.4405
      vertex 4.79175 -6.40406 13.4405
      vertex 11.473 -8.75399 13.292
    endloop
  endfacet
  facet normal 0.0373505 0.0968189 0.994601
    outer loop
      vertex 10.7245 7.47209 11.9717
      vertex 11.6102 7.17458 11.9674
      vertex 11.6004 9.47844 11.7435
    endloop
  endfacet
  facet normal 0.0371965 0.0963596 0.994651
    outer loop
      vertex 11.6102 7.17458 11.9674
      vertex 10.7245 7.47209 11.9717
      vertex 11.5222 7.10223 11.9777
    endloop
  endfacet
  facet normal 0.0374521 0.0969099 0.994588
    outer loop
      vertex 11.5222 7.10223 11.9777
      vertex 10.7245 7.47209 11.9717
      vertex 11.3583 6.94389 11.9993
    endloop
  endfacet
  facet normal 0.0373205 0.0967529 0.994608
    outer loop
      vertex 11.3583 6.94389 11.9993
      vertex 10.7245 7.47209 11.9717
      vertex 11.2111 6.77554 12.0212
    endloop
  endfacet
  facet normal 0.0373313 0.0967604 0.994607
    outer loop
      vertex 10.9833 6.5972 12.0471
      vertex 11.2111 6.77554 12.0212
      vertex 10.7245 7.47209 11.9717
    endloop
  endfacet
  facet normal 0.0368357 0.0973873 0.994565
    outer loop
      vertex 11.2111 6.77554 12.0212
      vertex 10.9833 6.5972 12.0471
      vertex 11.0805 6.5972 12.0435
    endloop
  endfacet
  facet normal 0.0374097 0.0967939 0.994601
    outer loop
      vertex 9.01103 3.54714 12.4181
      vertex 5.0868 -5.44181 13.4405
      vertex 9.01103 -3.3333 13.0877
    endloop
  endfacet
  facet normal 0.0373657 0.096812 0.994601
    outer loop
      vertex 11.6394 0.316054 12.6338
      vertex 11.0761 -0.0644531 12.692
      vertex 11.0805 -0.277786 12.7126
    endloop
  endfacet
  facet normal 0.0371779 0.0968346 0.994606
    outer loop
      vertex 11.2099 0.686356 12.6139
      vertex 11.0627 0.153305 12.6713
      vertex 11.0761 -0.0644531 12.692
    endloop
  endfacet
  facet normal 0.0372534 0.0968137 0.994605
    outer loop
      vertex 11.2099 0.686356 12.6139
      vertex 11.0405 0.375534 12.6505
      vertex 11.0627 0.153305 12.6713
    endloop
  endfacet
  facet normal 0.0372364 0.0968229 0.994605
    outer loop
      vertex 11.2099 0.686356 12.6139
      vertex 11.0094 0.602188 12.6296
      vertex 11.0405 0.375534 12.6505
    endloop
  endfacet
  facet normal 0.0375991 0.0968814 0.994585
    outer loop
      vertex 11.0094 0.602188 12.6296
      vertex 11.0805 0.833298 12.6044
      vertex 10.9694 0.833298 12.6086
    endloop
  endfacet
  facet normal 0.0371402 0.0971422 0.994577
    outer loop
      vertex 11.0761 -0.0644531 12.692
      vertex 11.6394 0.316054 12.6338
      vertex 11.5121 0.410797 12.6293
    endloop
  endfacet
  facet normal 0.0376599 0.096669 0.994604
    outer loop
      vertex 11.0761 -0.0644531 12.692
      vertex 11.5121 0.410797 12.6293
      vertex 11.3538 0.545517 12.6222
    endloop
  endfacet
  facet normal 0.0373728 0.0967995 0.994602
    outer loop
      vertex 11.0761 -0.0644531 12.692
      vertex 11.3538 0.545517 12.6222
      vertex 11.2099 0.686356 12.6139
    endloop
  endfacet
  facet normal 0.0371528 0.097019 0.994589
    outer loop
      vertex 11.0094 0.602188 12.6296
      vertex 11.2099 0.686356 12.6139
      vertex 11.0805 0.833298 12.6044
    endloop
  endfacet
  facet normal 0.037406 0.0967744 0.994603
    outer loop
      vertex 11.6394 0.316054 12.6338
      vertex 11.0805 -0.277786 12.7126
      vertex 11.0805 -3.3333 13.0099
    endloop
  endfacet
  facet normal 0.0372684 0.0967958 0.994606
    outer loop
      vertex 11.6394 0.316054 12.6338
      vertex 11.0805 -3.3333 13.0099
      vertex 11.6682 -6.45824 13.292
    endloop
  endfacet
  facet normal 0.0373911 0.0968183 0.994599
    outer loop
      vertex 9.01103 -3.3333 13.0877
      vertex 11.6682 -6.45824 13.292
      vertex 11.0805 -3.3333 13.0099
    endloop
  endfacet
  facet normal 0.0373948 0.0968213 0.994599
    outer loop
      vertex 11.6682 -6.45824 13.292
      vertex 9.01103 -3.3333 13.0877
      vertex 5.0868 -5.44181 13.4405
    endloop
  endfacet
  facet normal 0.0366646 0.0976778 0.994542
    outer loop
      vertex 11.4346 5.5694 12.1302
      vertex 11.6162 5.77309 12.1035
      vertex 11.5844 5.74939 12.107
    endloop
  endfacet
  facet normal 0.0373733 0.0968135 0.994601
    outer loop
      vertex 11.6162 5.77309 12.1035
      vertex 11.0805 3.8194 12.3138
      vertex 11.6328 1.85664 12.4841
    endloop
  endfacet
  facet normal 0.0377978 0.0966748 0.994598
    outer loop
      vertex 11.6162 5.77309 12.1035
      vertex 11.4346 5.5694 12.1302
      vertex 11.316 5.34828 12.1562
    endloop
  endfacet
  facet normal 0.0378009 0.0969315 0.994573
    outer loop
      vertex 11.0936 3.40079 12.3541
      vertex 11.6328 1.85664 12.4841
      vertex 11.0805 3.8194 12.3138
    endloop
  endfacet
  facet normal 0.0377276 0.0967241 0.994596
    outer loop
      vertex 11.6162 5.77309 12.1035
      vertex 11.316 5.34828 12.1562
      vertex 11.2213 5.08496 12.1854
    endloop
  endfacet
  facet normal 0.0372129 0.0967297 0.994615
    outer loop
      vertex 11.1328 3.02274 12.3894
      vertex 11.6328 1.85664 12.4841
      vertex 11.0936 3.40079 12.3541
    endloop
  endfacet
  facet normal 0.0377209 0.096728 0.994596
    outer loop
      vertex 11.6162 5.77309 12.1035
      vertex 11.2213 5.08496 12.1854
      vertex 11.1505 4.77942 12.2178
    endloop
  endfacet
  facet normal 0.0374174 0.096816 0.994599
    outer loop
      vertex 11.198 2.68524 12.4198
      vertex 11.6328 1.85664 12.4841
      vertex 11.1328 3.02274 12.3894
    endloop
  endfacet
  facet normal 0.0377093 0.0967334 0.994596
    outer loop
      vertex 11.6162 5.77309 12.1035
      vertex 11.1505 4.77942 12.2178
      vertex 11.1036 4.43167 12.2534
    endloop
  endfacet
  facet normal 0.0363843 0.0962809 0.994689
    outer loop
      vertex 11.2894 2.38829 12.4452
      vertex 11.6328 1.85664 12.4841
      vertex 11.198 2.68524 12.4198
    endloop
  endfacet
  facet normal 0.0377479 0.0967186 0.994596
    outer loop
      vertex 11.6162 5.77309 12.1035
      vertex 11.1036 4.43167 12.2534
      vertex 11.0805 4.04169 12.2922
    endloop
  endfacet
  facet normal 0.0380467 0.0973426 0.994523
    outer loop
      vertex 11.4069 2.1319 12.4658
      vertex 11.6328 1.85664 12.4841
      vertex 11.2894 2.38829 12.4452
    endloop
  endfacet
  facet normal 0.0379851 0.096645 0.994594
    outer loop
      vertex 11.6162 5.77309 12.1035
      vertex 11.0805 4.04169 12.2922
      vertex 11.0805 3.8194 12.3138
    endloop
  endfacet
  facet normal 0.034403 0.0943801 0.994942
    outer loop
      vertex 11.6328 1.85664 12.4841
      vertex 11.4069 2.1319 12.4658
      vertex 11.5589 1.91942 12.4807
    endloop
  endfacet
  facet normal 0.0351298 0.0977868 0.994587
    outer loop
      vertex 11.6004 9.47844 11.7435
      vertex 10.7158 7.50166 11.9691
      vertex 10.7245 7.47209 11.9717
    endloop
  endfacet
  facet normal 0.0347265 0.0979516 0.994585
    outer loop
      vertex 4.9453 -5.39274 13.4405
      vertex 9.01103 3.54714 12.4181
      vertex 9.01103 3.69234 12.4038
    endloop
  endfacet
  facet normal 0.0340712 0.0982488 0.994578
    outer loop
      vertex 9.01103 3.54714 12.4181
      vertex 4.9453 -5.39274 13.4405
      vertex 5.0868 -5.44181 13.4405
    endloop
  endfacet
  facet normal 0.104855 -0.0167509 0.994346
    outer loop
      vertex 24.4712 -4.18245 12.0686
      vertex 12.2906 -7.80697 13.292
      vertex 24.4531 -4.29575 12.0686
    endloop
  endfacet
  facet normal 0.124374 -0.0198691 0.992036
    outer loop
      vertex 24.4712 -4.18245 12.0686
      vertex 24.4531 -4.29575 12.0686
      vertex 26.3161 -4.18245 11.8373
    endloop
  endfacet
  facet normal 0.0191789 -0.00885364 0.999777
    outer loop
      vertex 12.2314 -8.03308 13.292
      vertex 5.43484 -5.98688 13.4405
      vertex 12.1352 -8.24147 13.292
    endloop
  endfacet
  facet normal 0.109818 -0.0506782 0.992659
    outer loop
      vertex 14.117 -8.93788 13.0372
      vertex 12.1352 -8.24147 13.292
      vertex 13.8322 -9.55503 13.0372
    endloop
  endfacet
  facet normal 0.109812 -0.0506932 0.992659
    outer loop
      vertex 12.2314 -8.03308 13.292
      vertex 12.1352 -8.24147 13.292
      vertex 14.117 -8.93788 13.0372
    endloop
  endfacet
  facet normal 0.112896 -0.0442572 0.992621
    outer loop
      vertex 24.4531 -4.29575 12.0686
      vertex 12.2314 -8.03308 13.292
      vertex 14.117 -8.93788 13.0372
    endloop
  endfacet
  facet normal 0.0179442 -0.0127127 0.999758
    outer loop
      vertex 12.1352 -8.24147 13.292
      vertex 5.38827 -6.08649 13.4405
      vertex 12.0058 -8.42412 13.292
    endloop
  endfacet
  facet normal -0.0143917 0.0389622 0.999137
    outer loop
      vertex -15.4301 5.3576 12.7368
      vertex -24.8852 10.5045 12.3999
      vertex -15.4301 5.31657 12.7384
    endloop
  endfacet
  facet normal -0.0138546 0.0399544 0.999105
    outer loop
      vertex 4.31884 -5.39274 13.4405
      vertex -9.39462 2.00498 12.9545
      vertex 4.17733 -5.44181 13.4405
    endloop
  endfacet
  facet normal -0.0137357 0.0401742 0.999098
    outer loop
      vertex -9.39462 2.00498 12.9545
      vertex 4.31884 -5.39274 13.4405
      vertex -9.47872 2.11798 12.9488
    endloop
  endfacet
  facet normal -0.0137292 0.0394697 0.999126
    outer loop
      vertex -13.4611 4.23621 12.8089
      vertex -13.3658 4.23392 12.8103
      vertex -13.4566 4.28334 12.8071
    endloop
  endfacet
  facet normal -0.0137046 0.0404686 0.999087
    outer loop
      vertex -13.3658 4.23392 12.8103
      vertex -13.4611 4.23621 12.8089
      vertex -13.3915 4.19806 12.8114
    endloop
  endfacet
  facet normal 0.00543958 -0.047655 0.998849
    outer loop
      vertex 11.473 -8.75399 13.292
      vertex 4.79175 -6.40406 13.4405
      vertex 11.2701 -8.77715 13.292
    endloop
  endfacet
  facet normal -0.00488397 -0.0763832 0.997067
    outer loop
      vertex 4.63207 -6.41427 13.4405
      vertex 4.47239 -6.40406 13.4405
      vertex 11.2701 -8.77715 13.292
    endloop
  endfacet
  facet normal 0.0211985 -0.00180297 0.999774
    outer loop
      vertex 12.3106 -7.57182 13.292
      vertex 5.45057 -5.8833 13.4405
      vertex 12.2906 -7.80697 13.292
    endloop
  endfacet
  facet normal 0.0893498 0.0412489 0.995146
    outer loop
      vertex 24.4531 -4.06915 12.0686
      vertex 12.1352 -6.90218 13.292
      vertex 12.2314 -7.11056 13.292
    endloop
  endfacet
  facet normal -0.230476 0.0638893 0.970978
    outer loop
      vertex -25.9111 11.0842 12.1622
      vertex -26.0349 10.6376 12.1622
      vertex -25.215 9.98281 12.3999
    endloop
  endfacet
  facet normal -0.0330796 0.00502309 0.99944
    outer loop
      vertex 3.82929 -5.77971 13.4405
      vertex -8.46084 0.750439 13.0009
      vertex 3.81356 -5.8833 13.4405
    endloop
  endfacet
  facet normal -0.0330406 0.00509642 0.999441
    outer loop
      vertex -8.46084 0.750439 13.0009
      vertex 3.82929 -5.77971 13.4405
      vertex -8.54102 0.858164 12.9977
    endloop
  endfacet
  facet normal -0.0329326 0.00528387 0.999444
    outer loop
      vertex -15.4301 4.55481 12.751
      vertex -25.2407 9.81917 12.3999
      vertex -15.4301 4.51698 12.7512
    endloop
  endfacet
  facet normal -0.0333626 0.00417326 0.999435
    outer loop
      vertex -12.5848 2.97925 12.8531
      vertex -12.3545 2.90447 12.8611
      vertex -12.5482 3.00841 12.8542
    endloop
  endfacet
  facet normal -0.0330987 0.00498643 0.99944
    outer loop
      vertex -12.3545 2.90447 12.8611
      vertex -12.5848 2.97925 12.8531
      vertex -12.2972 2.82382 12.8634
    endloop
  endfacet
  facet normal -0.102579 -0.129522 0.986256
    outer loop
      vertex -9.53852 0 12.8488
      vertex 3.95151 -6.17829 13.4405
      vertex -9.4991 0 12.8529
    endloop
  endfacet
  facet normal -0.102841 -0.130104 0.986152
    outer loop
      vertex 3.95151 -6.17829 13.4405
      vertex -9.53852 0 12.8488
      vertex 4.0533 -6.25875 13.4405
    endloop
  endfacet
  facet normal -0.102992 -0.130436 0.986093
    outer loop
      vertex -15.4301 2.72428 12.5938
      vertex -25.3097 7.26232 12.1622
      vertex -15.4301 2.71294 12.5923
    endloop
  endfacet
  facet normal -0.102509 -0.129395 0.98628
    outer loop
      vertex -13.3606 1.75997 12.6824
      vertex -10.6748 0.540039 12.8015
      vertex -13.3606 1.77369 12.6842
    endloop
  endfacet
  facet normal -0.101596 -0.12735 0.986641
    outer loop
      vertex -10.6748 0.540039 12.8015
      vertex -13.3606 1.75997 12.6824
      vertex -10.6571 0.515072 12.8001
    endloop
  endfacet
  facet normal 0.160203 -0.456009 0.875438
    outer loop
      vertex 21.0234 -16.8057 9.44303
      vertex 12.5839 -15.2231 11.8118
      vertex 12.8709 -16.895 10.8884
    endloop
  endfacet
  facet normal 0.160217 -0.455964 0.875459
    outer loop
      vertex 13.8472 -14.7792 11.8118
      vertex 12.5839 -15.2231 11.8118
      vertex 21.0234 -16.8057 9.44303
    endloop
  endfacet
  facet normal 0.0767442 -0.772544 0.630307
    outer loop
      vertex 20.4446 -19.1094 7.83664
      vertex 11.2701 -18.4169 9.80247
      vertex 19.0363 -19.2493 7.83664
    endloop
  endfacet
  facet normal 0.054252 -0.475612 0.877981
    outer loop
      vertex 11.2701 -15.373 11.8118
      vertex 11.2701 -17.0776 10.8884
      vertex 12.8709 -16.895 10.8884
    endloop
  endfacet
  facet normal 0.0134749 -0.0253132 0.999589
    outer loop
      vertex 5.21084 -6.25875 13.4405
      vertex 5.0868 -6.32478 13.4405
      vertex 11.6682 -8.6854 13.292
    endloop
  endfacet
  facet normal 0.0739024 -0.210354 0.974828
    outer loop
      vertex 12.4493 -10.8698 13.0372
      vertex 11.8712 -11.0729 13.0372
      vertex 12.2463 -13.2573 12.5374
    endloop
  endfacet
  facet normal 0.119903 -0.193648 0.973716
    outer loop
      vertex 12.9821 -10.5399 13.0372
      vertex 12.4493 -10.8698 13.0372
      vertex 13.185 -12.9274 12.5374
    endloop
  endfacet
  facet normal 0.347712 -0.419847 0.838346
    outer loop
      vertex 22.708 -15.6697 9.44303
      vertex 21.9211 -16.3214 9.44303
      vertex 22.5515 -17.2735 8.70475
    endloop
  endfacet
  facet normal 0.145271 -0.125749 0.981368
    outer loop
      vertex 26.104 -4.84064 11.8373
      vertex 13.449 -10.096 13.0372
      vertex 25.8466 -5.138 11.8373
    endloop
  endfacet
  facet normal 0.132548 -0.0938915 0.986719
    outer loop
      vertex 13.8322 -9.55503 13.0372
      vertex 13.449 -10.096 13.0372
      vertex 26.104 -4.84064 11.8373
    endloop
  endfacet
  facet normal 0.254195 -0.306929 0.917158
    outer loop
      vertex 22.708 -15.6697 9.44303
      vertex 21.1799 -15.2019 10.0231
      vertex 21.9211 -16.3214 9.44303
    endloop
  endfacet
  facet normal 0.2374 -0.286616 0.928166
    outer loop
      vertex 27.2916 -5.73418 11.3835
      vertex 21.1799 -15.2019 10.0231
      vertex 21.7646 -14.7176 10.0231
    endloop
  endfacet
  facet normal -0.486958 -0.024832 0.873072
    outer loop
      vertex -26.1369 9.649 12.1622
      vertex -26.9312 8.83058 11.6959
      vertex -26.1112 9.14502 12.1622
    endloop
  endfacet
  facet normal -0.668378 -0.0341368 0.743038
    outer loop
      vertex -26.973 9.649 11.6959
      vertex -27.7254 9.649 11.0191
      vertex -26.9312 8.83058 11.6959
    endloop
  endfacet
  facet normal -0.258684 -0.0131914 0.965872
    outer loop
      vertex -25.2407 9.47882 12.3999
      vertex -26.1369 9.649 12.1622
      vertex -26.1112 9.14502 12.1622
    endloop
  endfacet
  facet normal -0.230478 -0.0638869 0.970978
    outer loop
      vertex -25.215 9.31519 12.3999
      vertex -26.0349 8.6604 12.1622
      vertex -25.9111 8.21378 12.1622
    endloop
  endfacet
  facet normal 0.279847 -0.914139 0.293317
    outer loop
      vertex 22.0337 -19.2673 6.87204
      vertex 20.6254 -20.027 5.84802
      vertex 22.1535 -19.5592 5.84802
    endloop
  endfacet
  facet normal 0.453938 -0.84149 -0.292975
    outer loop
      vertex 22.1535 -19.5592 4.80395
      vertex 22.0337 -19.2673 3.77993
      vertex 23.5618 -18.7995 4.80395
    endloop
  endfacet
  facet normal 0.051433 -0.998676 0
    outer loop
      vertex 4.29099 -20.9444 3.24373
      vertex 19.0363 -20.185 4.80395
      vertex 19.0363 -20.185 5.84802
    endloop
  endfacet
  facet normal 0.051433 -0.998676 0
    outer loop
      vertex 19.0363 -20.185 4.80395
      vertex 4.29099 -20.9444 3.24373
      vertex 4.29099 -20.9444 2.66461
    endloop
  endfacet
  facet normal 0.0945807 -0.951255 -0.293546
    outer loop
      vertex 20.6254 -20.027 4.80395
      vertex 19.0363 -20.185 4.80395
      vertex 19.0363 -19.869 3.77993
    endloop
  endfacet
  facet normal 0.246718 -0.805796 0.538352
    outer loop
      vertex 22.0337 -19.2673 6.87204
      vertex 20.4446 -19.1094 7.83664
      vertex 20.5643 -19.7172 6.87204
    endloop
  endfacet
  facet normal 0.083293 -0.838417 0.538627
    outer loop
      vertex 20.4446 -19.1094 7.83664
      vertex 19.0363 -19.869 6.87204
      vertex 20.5643 -19.7172 6.87204
    endloop
  endfacet
  facet normal 0.119487 -0.0586798 0.9911
    outer loop
      vertex 24.4531 -4.29575 12.0686
      vertex 24.3996 -4.40469 12.0686
      vertex 26.2625 -4.51799 11.8373
    endloop
  endfacet
  facet normal 0.11943 -0.0586515 0.991109
    outer loop
      vertex 24.4531 -4.29575 12.0686
      vertex 13.8322 -9.55503 13.0372
      vertex 24.3996 -4.40469 12.0686
    endloop
  endfacet
  facet normal 0.400232 -0.741964 0.53787
    outer loop
      vertex 23.0467 -18.0216 7.83664
      vertex 21.7987 -18.6948 7.83664
      vertex 22.0337 -19.2673 6.87204
    endloop
  endfacet
  facet normal 0.330832 -0.613306 0.717221
    outer loop
      vertex 23.0467 -18.0216 7.83664
      vertex 21.4576 -17.8636 8.70475
      vertex 21.7987 -18.6948 7.83664
    endloop
  endfacet
  facet normal 0.654727 -0.532381 0.536566
    outer loop
      vertex 25.0383 -16.0116 7.83664
      vertex 24.1406 -17.1156 7.83664
      vertex 24.5748 -17.5538 6.87204
    endloop
  endfacet
  facet normal 0.541629 -0.440417 0.71601
    outer loop
      vertex 24.2971 -15.5118 8.70475
      vertex 24.1406 -17.1156 7.83664
      vertex 25.0383 -16.0116 7.83664
    endloop
  endfacet
  facet normal 0.116371 -0.380095 -0.917598
    outer loop
      vertex 21.0234 -16.8057 1.20894
      vertex 19.789 -15.7833 0.628885
      vertex 20.5128 -15.5617 0.628885
    endloop
  endfacet
  facet normal 0.188901 -0.350239 -0.917414
    outer loop
      vertex 21.0234 -16.8057 1.20894
      vertex 20.5128 -15.5617 0.628885
      vertex 21.1799 -15.2019 0.628885
    endloop
  endfacet
  facet normal 0.545551 -0.435088 0.716291
    outer loop
      vertex 30.3834 -5.93519 9.88623
      vertex 24.2971 -15.5118 8.70475
      vertex 25.0383 -16.0116 7.83664
    endloop
  endfacet
  facet normal 0.517523 -0.420822 0.745036
    outer loop
      vertex 30.3834 -5.93519 9.88623
      vertex 23.5103 -16.4794 8.70475
      vertex 24.2971 -15.5118 8.70475
    endloop
  endfacet
  facet normal -0.913873 0.253371 0.317237
    outer loop
      vertex -28.4698 14.3803 8.01898
      vertex -28.5581 12.6525 9.14457
      vertex -28.1819 14.0094 9.14457
    endloop
  endfacet
  facet normal -0.232847 0.39808 0.887308
    outer loop
      vertex -25.3683 15.1862 11.0191
      vertex -25.9176 14.8649 11.0191
      vertex -25.2215 13.7635 11.6959
    endloop
  endfacet
  facet normal -0.614193 0.170294 0.770563
    outer loop
      vertex -26.6062 11.9797 11.6959
      vertex -27.5025 11.8095 11.0191
      vertex -26.8073 11.2544 11.6959
    endloop
  endfacet
  facet normal -0.247936 0.240581 0.938429
    outer loop
      vertex -25.6297 13.5248 11.6959
      vertex -26.0059 13.1371 11.6959
      vertex -25.3097 12.0357 12.1622
    endloop
  endfacet
  facet normal -0.650779 -0.102372 0.752334
    outer loop
      vertex -26.9312 8.83058 11.6959
      vertex -27.6691 8.54759 11.0191
      vertex -27.5025 7.48851 11.0191
    endloop
  endfacet
  facet normal -0.767057 -0.120663 0.63013
    outer loop
      vertex -27.6691 8.54759 11.0191
      vertex -33.4466 -1.73985 2.01621
      vertex -27.5025 7.48851 11.0191
    endloop
  endfacet
  facet normal -0.310039 0.530048 0.789256
    outer loop
      vertex -25.4931 16.396 10.1576
      vertex -25.9176 14.8649 11.0191
      vertex -25.3683 15.1862 11.0191
    endloop
  endfacet
  facet normal -0.602318 0.380638 0.701661
    outer loop
      vertex -26.7794 15.3689 10.1576
      vertex -27.3201 14.5133 10.1576
      vertex -26.8677 13.6411 11.0191
    endloop
  endfacet
  facet normal 0.202566 0.193987 -0.959862
    outer loop
      vertex 31.2777 7.85629 0.877537
      vertex 29.3961 7.73773 0.45649
      vertex 30.8528 8.29998 0.877537
    endloop
  endfacet
  facet normal 0.213893 0.06652 -0.97459
    outer loop
      vertex 31.4212 7.39487 0.877537
      vertex 29.3961 7.73773 0.45649
      vertex 31.2777 7.85629 0.877537
    endloop
  endfacet
  facet normal 0.215758 -0.0295101 -0.976001
    outer loop
      vertex 34.3575 -4.1739 0.88998
      vertex 32.9467 -5.41244 0.615552
      vertex 33.1161 -4.1739 0.615552
    endloop
  endfacet
  facet normal 0.144232 0.0328574 -0.988998
    outer loop
      vertex 31.397 -3.15746 0.38217
      vertex 29.5027 7.39487 0.45649
      vertex 32.9467 -2.93537 0.615552
    endloop
  endfacet
  facet normal 0.215734 -0.0294813 -0.976007
    outer loop
      vertex 34.1644 -5.58694 0.88998
      vertex 32.9467 -5.41244 0.615552
      vertex 34.3575 -4.1739 0.88998
    endloop
  endfacet
  facet normal 0.335496 -0.0458475 -0.940925
    outer loop
      vertex 35.2127 -4.1739 1.19491
      vertex 34.1644 -5.58694 0.88998
      vertex 34.3575 -4.1739 0.88998
    endloop
  endfacet
  facet normal 3.97623e-05 1.67464e-05 -1
    outer loop
      vertex 25.4003 -4.01686 0.00810719
      vertex -6.77436 8.02612 0.00702953
      vertex 25.3367 -3.86585 0.00810719
    endloop
  endfacet
  facet normal 4.56867e-05 3.27437e-05 -1
    outer loop
      vertex -6.77436 8.02612 0.00702953
      vertex -6.81165 8.07815 0.00702953
      vertex 25.3367 -3.86585 0.00810719
    endloop
  endfacet
  facet normal 0.0587099 -0.024719 -0.997969
    outer loop
      vertex 29.5747 -4.92919 0.198802
      vertex 27.3616 -5.08623 0.0724964
      vertex 27.5499 -4.639 0.0724964
    endloop
  endfacet
  facet normal 0.0610649 -0.00834368 -0.998099
    outer loop
      vertex 29.5747 -4.92919 0.198802
      vertex 27.5499 -4.639 0.0724964
      vertex 29.6779 -4.1739 0.198802
    endloop
  endfacet
  facet normal 2.60904e-05 -1.93471e-05 -1
    outer loop
      vertex 25.2335 -4.62113 0.00810719
      vertex -6.81165 7.8659 0.00702953
      vertex 25.3367 -4.48196 0.00810719
    endloop
  endfacet
  facet normal -1.55782e-05 3.62532e-06 -1
    outer loop
      vertex -8.07232 7.97202 0.00702953
      vertex -25.2929 5.0023 0.00728703
      vertex -8.05973 8.02612 0.00702953
    endloop
  endfacet
  facet normal -7.50512e-06 -1.45531e-05 -1
    outer loop
      vertex -7.88039 7.77593 0.00702953
      vertex -17.9569 -0.59236 0.00722694
      vertex -7.96189 7.81796 0.00702953
    endloop
  endfacet
  facet normal 0.146089 0.0199779 -0.98907
    outer loop
      vertex 31.536 -4.1739 0.38217
      vertex 31.397 -3.15746 0.38217
      vertex 32.9467 -2.93537 0.615552
    endloop
  endfacet
  facet normal 0.0651922 0.010302 -0.99782
    outer loop
      vertex 29.5747 -3.41862 0.198802
      vertex 25.108 7.39487 0.0186157
      vertex 27.371 7.39487 0.166468
    endloop
  endfacet
  facet normal -1.46457e-05 -1.70324e-06 -1
    outer loop
      vertex -25.2929 4.86472 0.00728703
      vertex -25.3009 4.93351 0.00728703
      vertex -8.07232 7.97202 0.00702953
    endloop
  endfacet
  facet normal -1.594e-05 5.68682e-06 -1
    outer loop
      vertex -8.05973 8.02612 0.00702953
      vertex -25.2929 5.0023 0.00728703
      vertex -25.2693 5.06845 0.00728703
    endloop
  endfacet
  facet normal -0.0449751 -0.016048 -0.998859
    outer loop
      vertex -24.8458 -0.856045 0.0790672
      vertex -25.2929 4.86472 0.00728703
      vertex -25.2693 4.79858 0.00728703
    endloop
  endfacet
  facet normal -0.0445222 0.00517776 -0.998995
    outer loop
      vertex -25.2929 5.0023 0.00728703
      vertex -25.3009 4.93351 0.00728703
      vertex -25.2407 9.81917 0.0299263
    endloop
  endfacet
  facet normal -1.90737e-05 2.40908e-05 -1
    outer loop
      vertex -8.02244 8.07815 0.00702953
      vertex -25.1796 5.18284 0.00728703
      vertex -7.96189 8.12609 0.00702953
    endloop
  endfacet
  facet normal 1.04551e-06 -2.50766e-05 -1
    outer loop
      vertex -7.2892 7.70004 0.00702953
      vertex -17.8533 -0.612691 0.00722694
      vertex -7.41704 7.69471 0.00702953
    endloop
  endfacet
  facet normal -2.23302e-05 4.33106e-05 -1
    outer loop
      vertex -7.96189 8.12609 0.00702953
      vertex -25.1169 5.22669 0.00728703
      vertex -7.88039 8.16811 0.00702953
    endloop
  endfacet
  facet normal -6.03741e-05 0.000266866 -1
    outer loop
      vertex -7.7811 8.2026 0.00702953
      vertex -24.9676 5.27934 0.00728703
      vertex -7.66781 8.22823 0.00702953
    endloop
  endfacet
  facet normal 0.0587101 -0.0247209 -0.997969
    outer loop
      vertex 29.2689 -5.65544 0.198802
      vertex 27.3616 -5.08623 0.0724964
      vertex 29.5747 -4.92919 0.198802
    endloop
  endfacet
  facet normal 0.094397 -0.0397475 -0.994741
    outer loop
      vertex 30.9855 -6.16772 0.38217
      vertex 29.2689 -5.65544 0.198802
      vertex 29.5747 -4.92919 0.198802
    endloop
  endfacet
  facet normal -0.00722506 0.0045681 -0.999963
    outer loop
      vertex -25.0483 10.3743 0.0299263
      vertex -25.2311 5.12941 0.00728703
      vertex -25.1169 10.2658 0.0299263
    endloop
  endfacet
  facet normal -1.79237e-05 1.72763e-05 -1
    outer loop
      vertex -8.02244 8.07815 0.00702953
      vertex -25.2311 5.12941 0.00728703
      vertex -25.1796 5.18284 0.00728703
    endloop
  endfacet
  facet normal 7.54775e-06 -3.33757e-05 -1
    outer loop
      vertex -7.05299 7.74144 0.00702953
      vertex -17.7497 -0.59236 0.00722694
      vertex -7.16628 7.71582 0.00702953
    endloop
  endfacet
  facet normal 3.07681e-05 -7.16028e-06 -1
    outer loop
      vertex 25.4003 -4.33095 0.00810719
      vertex -6.77436 7.91792 0.00702953
      vertex -6.76177 7.97202 0.00702953
    endloop
  endfacet
  facet normal 0.000427142 0.010245 -0.999947
    outer loop
      vertex -7.2892 8.24401 0.00702953
      vertex -7.41704 8.24934 0.00702953
      vertex 11.2606 9.55081 0.0283422
    endloop
  endfacet
  facet normal -0.318187 0.201132 -0.926446
    outer loop
      vertex -25.7445 11.4757 0.267611
      vertex -26.7892 12.4562 0.839279
      vertex -25.5414 11.797 0.267611
    endloop
  endfacet
  facet normal -0.315689 0.205726 -0.926292
    outer loop
      vertex -26.7892 12.4562 0.839279
      vertex -27.1666 13.5618 1.21345
      vertex -25.5414 11.797 0.267611
    endloop
  endfacet
  facet normal -0.428322 -0.903626 0
    outer loop
      vertex -23.5201 -17.5183 4.18615
      vertex -21.6602 -18.3999 5.09595
      vertex -23.5201 -17.5183 5.09595
    endloop
  endfacet
  facet normal -0.428322 -0.903626 -0
    outer loop
      vertex -21.6602 -18.3999 5.09595
      vertex -23.5201 -17.5183 4.18615
      vertex -21.6602 -18.3999 4.18615
    endloop
  endfacet
  facet normal -0.588464 -0.808524 0
    outer loop
      vertex -25.1503 -16.3318 4.18615
      vertex -23.5201 -17.5183 5.09595
      vertex -25.1503 -16.3318 5.09595
    endloop
  endfacet
  facet normal -0.588464 -0.808524 -0
    outer loop
      vertex -23.5201 -17.5183 5.09595
      vertex -25.1503 -16.3318 4.18615
      vertex -23.5201 -17.5183 4.18615
    endloop
  endfacet
  facet normal -0.541003 -0.743404 -0.393276
    outer loop
      vertex -23.5201 -17.5183 4.18615
      vertex -24.858 -16.0726 3.29382
      vertex -23.2904 -17.2134 3.29382
    endloop
  endfacet
  facet normal -0.846452 -0.51016 -0.152497
    outer loop
      vertex -27.4823 -13.2367 4.18615
      vertex -32.7585 -3.72625 1.65625
      vertex -26.4882 -14.8861 4.18615
    endloop
  endfacet
  facet normal -0.433062 -0.594267 -0.67772
    outer loop
      vertex -22.7296 -16.1894 2.00808
      vertex -24.2845 -15.564 2.45327
      vertex -23.837 -15.3824 2.00808
    endloop
  endfacet
  facet normal -0.439444 -0.603728 -0.665133
    outer loop
      vertex -22.8399 -16.6155 2.45327
      vertex -24.858 -16.0726 3.29382
      vertex -24.2845 -15.564 2.45327
    endloop
  endfacet
  facet normal -0.124908 -0.121235 0.984733
    outer loop
      vertex -25.0483 8.92372 12.3999
      vertex -25.5414 7.50104 12.1622
      vertex -25.3097 7.26232 12.1622
    endloop
  endfacet
  facet normal -0.202879 -0.0864131 0.975383
    outer loop
      vertex -25.1732 9.16438 12.3999
      vertex -25.9111 8.21378 12.1622
      vertex -25.1169 9.0322 12.3999
    endloop
  endfacet
  facet normal -0.0388074 -0.340143 0.939572
    outer loop
      vertex 10.2938 -13.2573 12.5374
      vertex 9.95624 -15.2231 11.8118
      vertex 11.2701 -15.373 11.8118
    endloop
  endfacet
  facet normal -0.0897834 -0.204657 0.974707
    outer loop
      vertex 10.0908 -10.8698 13.0372
      vertex 3.28533 -7.19079 13.1828
      vertex 9.35507 -12.9274 12.5374
    endloop
  endfacet
  facet normal -0.686215 -0.234723 0.688487
    outer loop
      vertex -26.8936 -11.2352 6.82882
      vertex -27.1003 -13.0964 5.98827
      vertex -26.3511 -12.8212 6.82882
    endloop
  endfacet
  facet normal -0.579798 -0.198323 0.790254
    outer loop
      vertex -26.6062 7.31833 11.6959
      vertex -26.8936 -11.2352 6.82882
      vertex -26.3511 -12.8212 6.82882
    endloop
  endfacet
  facet normal -0.626415 -0.377555 0.68195
    outer loop
      vertex -26.3511 -12.8212 6.82882
      vertex -27.1003 -13.0964 5.98827
      vertex -25.4701 -14.2829 6.82882
    endloop
  endfacet
  facet normal -0.0804946 -0.921941 0.378873
    outer loop
      vertex -17.5434 -18.7594 5.98827
      vertex -19.5615 -18.5832 5.98827
      vertex -17.5434 -19.1261 5.09595
    endloop
  endfacet
  facet normal -0.303609 -0.280974 0.910426
    outer loop
      vertex -23.2453 -12.9646 8.22863
      vertex -23.452 -14.8258 7.5853
      vertex -22.3925 -13.8861 8.22863
    endloop
  endfacet
  facet normal -0.213285 -0.207013 0.954806
    outer loop
      vertex -25.3097 7.26232 12.1622
      vertex -25.5414 7.50104 12.1622
      vertex -22.3925 -13.8861 8.22863
    endloop
  endfacet
  facet normal -0.129525 -0.273246 0.953184
    outer loop
      vertex -19.4934 -13.7609 8.73409
      vertex -21.3533 -14.6425 8.22863
      vertex -20.1677 -15.2045 8.22863
    endloop
  endfacet
  facet normal -0.117602 -0.278794 0.953123
    outer loop
      vertex -19.4934 -13.7609 8.73409
      vertex -20.1677 -15.2045 8.22863
      vertex 9.35507 -12.9274 12.5374
    endloop
  endfacet
  facet normal -0.0249767 -0.218893 0.975429
    outer loop
      vertex 11.2701 -11.1415 13.0372
      vertex 10.2938 -13.2573 12.5374
      vertex 11.2701 -13.3687 12.5374
    endloop
  endfacet
  facet normal -0.038812 -0.340145 0.939572
    outer loop
      vertex 11.2701 -13.3687 12.5374
      vertex 10.2938 -13.2573 12.5374
      vertex 11.2701 -15.373 11.8118
    endloop
  endfacet
  facet normal -0.0874212 -0.200332 0.97582
    outer loop
      vertex 4.17733 -6.32478 13.4405
      vertex 3.28533 -7.19079 13.1828
      vertex 10.0908 -10.8698 13.0372
    endloop
  endfacet
  facet normal -0.0999771 -0.187782 0.977109
    outer loop
      vertex 4.17733 -6.32478 13.4405
      vertex 2.918 -6.99522 13.1828
      vertex 3.28533 -7.19079 13.1828
    endloop
  endfacet
  facet normal -0.24014 -0.892663 -0.381425
    outer loop
      vertex -19.6421 -18.9428 4.18615
      vertex -21.6602 -18.3999 4.18615
      vertex -19.5615 -18.5832 3.29382
    endloop
  endfacet
  facet normal -0.197065 -0.732436 -0.651692
    outer loop
      vertex -19.5615 -18.5832 3.29382
      vertex -21.502 -18.0611 3.29382
      vertex -21.1917 -17.3967 2.45327
    endloop
  endfacet
  facet normal -0.0660589 -0.0590606 -0.996066
    outer loop
      vertex -18.8702 -13.3974 0.163577
      vertex -19.1411 -13.0944 0.163577
      vertex -17.2562 -12.7524 0.0182924
    endloop
  endfacet
  facet normal -0.118608 -0.162668 -0.979526
    outer loop
      vertex -18.5058 -13.6631 0.163577
      vertex -19.7988 -14.4364 0.448563
      vertex -18.8702 -13.3974 0.163577
    endloop
  endfacet
  facet normal -0.278341 -0.566977 -0.775282
    outer loop
      vertex -21.3803 -16.8518 2.00808
      vertex -22.7296 -16.1894 2.00808
      vertex -21.9521 -15.7244 1.38888
    endloop
  endfacet
  facet normal -0.35118 -0.481842 -0.802808
    outer loop
      vertex -22.7296 -16.1894 2.00808
      vertex -22.9227 -15.017 1.38888
      vertex -21.9521 -15.7244 1.38888
    endloop
  endfacet
  facet normal -0.21065 -0.429172 -0.878316
    outer loop
      vertex -20.7694 -16.3049 1.38888
      vertex -20.9624 -15.1325 0.862298
      vertex -19.9918 -15.6089 0.862298
    endloop
  endfacet
  facet normal -0.0934882 -0.5153 -0.851896
    outer loop
      vertex -17.956 -17.0019 1.38888
      vertex -18.8845 -15.9629 0.862298
      vertex -17.6829 -16.1809 0.862298
    endloop
  endfacet
  facet normal -0.110904 -0.346902 -0.931321
    outer loop
      vertex -18.8845 -15.9629 0.862298
      vertex -19.9918 -15.6089 0.862298
      vertex -18.2547 -15.0535 0.448563
    endloop
  endfacet
  facet normal -0.110893 -0.34693 -0.931312
    outer loop
      vertex -18.2547 -15.0535 0.448563
      vertex -19.9918 -15.6089 0.862298
      vertex -19.0775 -14.7905 0.448563
    endloop
  endfacet
  facet normal -0.749652 0.20782 0.628357
    outer loop
      vertex -27.7639 13.4709 10.1576
      vertex -28.0936 12.2816 10.1576
      vertex -27.2318 12.7855 11.0191
    endloop
  endfacet
  facet normal -0.793177 0.337665 0.506806
    outer loop
      vertex -27.6756 15.1987 9.14457
      vertex -28.1819 14.0094 9.14457
      vertex -27.3201 14.5133 10.1576
    endloop
  endfacet
  facet normal -0.650691 0.10244 0.752401
    outer loop
      vertex -26.8073 11.2544 11.6959
      vertex -27.5025 11.8095 11.0191
      vertex -26.9312 10.4674 11.6959
    endloop
  endfacet
  facet normal -0.880055 0.138497 0.454226
    outer loop
      vertex -28.5581 12.6525 9.14457
      vertex -28.7898 11.1802 9.14457
      vertex -28.2967 10.9911 10.1576
    endloop
  endfacet
  facet normal -0.0390668 -0.00621597 0.999217
    outer loop
      vertex -15.4301 4.29156 12.7512
      vertex -25.2407 9.47882 12.3999
      vertex -15.4301 4.25941 12.751
    endloop
  endfacet
  facet normal -0.0389149 -0.00590975 0.999225
    outer loop
      vertex 3.81356 -5.8833 13.4405
      vertex -8.21588 0.421341 13.0093
      vertex 3.82929 -5.98688 13.4405
    endloop
  endfacet
  facet normal -0.0391274 -0.0063159 0.999214
    outer loop
      vertex -8.21588 0.421341 13.0093
      vertex 3.81356 -5.8833 13.4405
      vertex -8.28436 0.513346 13.0072
    endloop
  endfacet
  facet normal -0.0394988 -0.00725332 0.999193
    outer loop
      vertex -12.7606 2.83919 12.8466
      vertex -12.0825 2.52156 12.8711
      vertex -12.7297 2.86378 12.848
    endloop
  endfacet
  facet normal -0.0389491 -0.00607753 0.999223
    outer loop
      vertex -12.0825 2.52156 12.8711
      vertex -12.7606 2.83919 12.8466
      vertex -12.0332 2.45223 12.8726
    endloop
  endfacet
  facet normal -0.249219 0.0391404 0.967656
    outer loop
      vertex -25.215 9.98281 12.3999
      vertex -26.1112 10.153 12.1622
      vertex -25.2407 9.81917 12.3999
    endloop
  endfacet
  facet normal -0.366407 0.355538 0.859848
    outer loop
      vertex -25.9176 14.8649 11.0191
      vertex -26.0059 13.1371 11.6959
      vertex -25.6297 13.5248 11.6959
    endloop
  endfacet
  facet normal -0.327768 0.20714 0.921771
    outer loop
      vertex -26.0059 13.1371 11.6959
      vertex -26.3356 12.6154 11.6959
      vertex -25.7445 11.4757 12.1622
    endloop
  endfacet
  facet normal -0.101267 -0.126617 0.986769
    outer loop
      vertex -7.94392 0 13.0125
      vertex -9.4991 0 12.8529
      vertex 3.95151 -6.17829 13.4405
    endloop
  endfacet
  facet normal -0.101265 -0.126624 0.986768
    outer loop
      vertex -25.3097 7.26232 12.1622
      vertex -15.4301 3.88818 12.7431
      vertex -24.9701 8.84311 12.3999
    endloop
  endfacet
  facet normal -0.10125 -0.126579 0.986776
    outer loop
      vertex -15.4301 3.88818 12.7431
      vertex -25.3097 7.26232 12.1622
      vertex -15.4301 2.72428 12.5938
    endloop
  endfacet
  facet normal -0.101237 -0.126557 0.98678
    outer loop
      vertex -13.3606 1.77369 12.6842
      vertex -11.6636 1.93196 12.8786
      vertex -13.017 2.63487 12.8299
    endloop
  endfacet
  facet normal -0.100974 -0.126665 0.986793
    outer loop
      vertex -13.3606 1.77369 12.6842
      vertex -13.017 2.63487 12.8299
      vertex -13.3606 2.3611 12.7596
    endloop
  endfacet
  facet normal -0.101235 -0.126575 0.986778
    outer loop
      vertex -11.6636 1.93196 12.8786
      vertex -13.3606 1.77369 12.6842
      vertex -10.6748 0.540039 12.8015
    endloop
  endfacet
  facet normal -0.0532902 -0.0334941 0.998017
    outer loop
      vertex 3.87587 -6.08649 13.4405
      vertex -7.96965 0.090528 13.0153
      vertex -7.93353 0.0419989 13.0156
    endloop
  endfacet
  facet normal -0.0529761 -0.0328984 0.998054
    outer loop
      vertex -15.4301 3.98087 12.7475
      vertex -25.0483 8.92372 12.3999
      vertex -15.4301 3.93233 12.7459
    endloop
  endfacet
  facet normal -0.0534319 -0.033789 0.998
    outer loop
      vertex -25.0483 8.92372 12.3999
      vertex -15.4301 3.98087 12.7475
      vertex -25.1169 9.0322 12.3999
    endloop
  endfacet
  facet normal -0.0536325 -0.0340806 0.997979
    outer loop
      vertex -12.9826 2.66224 12.8339
      vertex -11.7594 2.06674 12.8793
      vertex -12.9505 2.68786 12.8365
    endloop
  endfacet
  facet normal -0.0542754 -0.0354075 0.997898
    outer loop
      vertex -11.7594 2.06674 12.8793
      vertex -12.9826 2.66224 12.8339
      vertex -11.7151 2.00447 12.8795
    endloop
  endfacet
  facet normal 0.0221046 0.00188012 0.999754
    outer loop
      vertex 12.2906 -7.33668 13.292
      vertex 5.45057 -5.8833 13.4405
      vertex 12.3106 -7.57182 13.292
    endloop
  endfacet
  facet normal -0.0234577 0.0225502 0.99947
    outer loop
      vertex 3.95151 -5.5883 13.4405
      vertex -9.15372 1.68133 12.9689
      vertex -9.08306 1.58641 12.9727
    endloop
  endfacet
  facet normal -0.0233752 0.0226792 0.999469
    outer loop
      vertex -25.0483 10.3743 12.3999
      vertex -15.4301 5.1629 12.7431
      vertex -24.9701 10.4549 12.3999
    endloop
  endfacet
  facet normal -0.0232472 0.0229153 0.999467
    outer loop
      vertex -15.4301 5.1629 12.7431
      vertex -25.0483 10.3743 12.3999
      vertex -15.4301 5.08003 12.745
    endloop
  endfacet
  facet normal -0.124949 0.121228 0.984729
    outer loop
      vertex -24.9701 10.4549 12.3999
      vertex -25.3097 12.0357 12.1622
      vertex -25.0483 10.3743 12.3999
    endloop
  endfacet
  facet normal 0.0257621 0.021227 0.999443
    outer loop
      vertex 12.0058 -6.71953 13.292
      vertex 5.31263 -5.5883 13.4405
      vertex 5.38827 -5.6801 13.4405
    endloop
  endfacet
  facet normal -0.026932 0.016269 0.999505
    outer loop
      vertex 3.87587 -5.6801 13.4405
      vertex -8.98965 1.46091 12.9776
      vertex -8.90771 1.35081 12.9816
    endloop
  endfacet
  facet normal -0.0266153 0.0168277 0.999504
    outer loop
      vertex -25.1169 10.2658 12.3999
      vertex -15.4301 5.03566 12.7459
      vertex -25.0483 10.3743 12.3999
    endloop
  endfacet
  facet normal -0.0268515 0.0163904 0.999505
    outer loop
      vertex -15.4301 5.03566 12.7459
      vertex -25.1169 10.2658 12.3999
      vertex -15.4301 4.93809 12.7475
    endloop
  endfacet
  facet normal 0.0173769 -0.014318 0.999746
    outer loop
      vertex 5.38827 -6.08649 13.4405
      vertex 5.31263 -6.17829 13.4405
      vertex 12.0058 -8.42412 13.292
    endloop
  endfacet
  facet normal 0.0191461 -0.00895123 0.999777
    outer loop
      vertex 5.43484 -5.98688 13.4405
      vertex 5.38827 -6.08649 13.4405
      vertex 12.1352 -8.24147 13.292
    endloop
  endfacet
  facet normal 0.108131 -0.0283107 0.993734
    outer loop
      vertex 12.2906 -7.80697 13.292
      vertex 12.2314 -8.03308 13.292
      vertex 24.4531 -4.29575 12.0686
    endloop
  endfacet
  facet normal 0.0202484 -0.00530143 0.999781
    outer loop
      vertex 12.2906 -7.80697 13.292
      vertex 5.43484 -5.98688 13.4405
      vertex 12.2314 -8.03308 13.292
    endloop
  endfacet
  facet normal 0.0252381 0.0178802 0.999522
    outer loop
      vertex 12.0058 -6.71953 13.292
      vertex 5.38827 -5.6801 13.4405
      vertex 12.1352 -6.90218 13.292
    endloop
  endfacet
  facet normal 0.0240379 0.0112383 0.999648
    outer loop
      vertex 12.1352 -6.90218 13.292
      vertex 5.38827 -5.6801 13.4405
      vertex 5.43484 -5.77971 13.4405
    endloop
  endfacet
  facet normal 0.079057 -0.0831532 0.993396
    outer loop
      vertex 13.449 -10.096 13.0372
      vertex 12.0058 -8.42412 13.292
      vertex 12.9821 -10.5399 13.0372
    endloop
  endfacet
  facet normal 0.0962971 -0.0682128 0.993013
    outer loop
      vertex 13.8322 -9.55503 13.0372
      vertex 12.0058 -8.42412 13.292
      vertex 13.449 -10.096 13.0372
    endloop
  endfacet
  facet normal -0.0211338 0.0267363 0.999419
    outer loop
      vertex 4.0533 -5.50784 13.4405
      vertex -9.15372 1.68133 12.9689
      vertex 3.95151 -5.5883 13.4405
    endloop
  endfacet
  facet normal -0.0216293 0.0258269 0.999432
    outer loop
      vertex -9.15372 1.68133 12.9689
      vertex 4.0533 -5.50784 13.4405
      vertex -9.24776 1.80767 12.9636
    endloop
  endfacet
  facet normal -0.0211734 0.0266453 0.999421
    outer loop
      vertex -15.4301 5.20791 12.7419
      vertex -24.9701 10.4549 12.3999
      vertex -15.4301 5.1629 12.7431
    endloop
  endfacet
  facet normal -0.0188507 0.0383172 0.999088
    outer loop
      vertex -13.4711 4.13051 12.8121
      vertex -13.4717 4.125 12.8123
      vertex -13.4611 4.125 12.8125
    endloop
  endfacet
  facet normal -0.0122234 -0.107139 0.994169
    outer loop
      vertex 11.2701 -8.77715 13.292
      vertex 11.0671 -8.75399 13.292
      vertex 11.2701 -11.1415 13.0372
    endloop
  endfacet
  facet normal -0.010559 -0.0925508 0.995652
    outer loop
      vertex 11.2701 -8.77715 13.292
      vertex 4.47239 -6.40406 13.4405
      vertex 11.0671 -8.75399 13.292
    endloop
  endfacet
  facet normal 0.0795216 0.0827531 0.993392
    outer loop
      vertex 13.449 -5.04768 13.0372
      vertex 12.0058 -6.71953 13.292
      vertex 24.3127 -3.8598 12.0686
    endloop
  endfacet
  facet normal 0.0790607 0.0831515 0.993396
    outer loop
      vertex 12.9821 -4.60375 13.0372
      vertex 12.0058 -6.71953 13.292
      vertex 13.449 -5.04768 13.0372
    endloop
  endfacet
  facet normal 0.1025 -0.00871781 0.994695
    outer loop
      vertex 12.3106 -7.57182 13.292
      vertex 12.2906 -7.80697 13.292
      vertex 24.4712 -4.18245 12.0686
    endloop
  endfacet
  facet normal -0.0170019 0.0342138 0.99927
    outer loop
      vertex -15.4301 5.31657 12.7384
      vertex -24.8852 10.5045 12.3999
      vertex -15.4301 5.27276 12.7399
    endloop
  endfacet
  facet normal -0.0176199 0.033097 0.999297
    outer loop
      vertex 4.17733 -5.44181 13.4405
      vertex -9.30378 1.88294 12.9602
      vertex 4.0533 -5.50784 13.4405
    endloop
  endfacet
  facet normal -0.0171991 0.0338702 0.999278
    outer loop
      vertex -9.30378 1.88294 12.9602
      vertex 4.17733 -5.44181 13.4405
      vertex -9.39462 2.00498 12.9545
    endloop
  endfacet
  facet normal -0.0175491 0.0334677 0.999286
    outer loop
      vertex -13.4659 4.18592 12.8105
      vertex -13.3915 4.19806 12.8114
      vertex -13.4611 4.23621 12.8089
    endloop
  endfacet
  facet normal -0.0175708 0.0336009 0.999281
    outer loop
      vertex -13.3915 4.19806 12.8114
      vertex -13.4659 4.18592 12.8105
      vertex -13.4189 4.15994 12.8122
    endloop
  endfacet
  facet normal 0.0208166 -0.00316127 0.999778
    outer loop
      vertex 5.45057 -5.8833 13.4405
      vertex 5.43484 -5.98688 13.4405
      vertex 12.2906 -7.80697 13.292
    endloop
  endfacet
  facet normal 0.0851459 -0.746211 0.660241
    outer loop
      vertex 13.0965 -18.2085 9.80247
      vertex 11.2701 -18.4169 9.80247
      vertex 20.4446 -19.1094 7.83664
    endloop
  endfacet
  facet normal 0.108285 -0.686255 0.719256
    outer loop
      vertex 20.2706 -18.227 8.70475
      vertex 13.0965 -18.2085 9.80247
      vertex 20.4446 -19.1094 7.83664
    endloop
  endfacet
  facet normal -0.0870724 -0.625839 0.775077
    outer loop
      vertex 9.66917 -16.895 10.8884
      vertex -19.4033 -17.8778 6.82882
      vertex 9.44362 -18.2085 9.80247
    endloop
  endfacet
  facet normal 0.0716787 -0.628186 0.774755
    outer loop
      vertex 11.2701 -17.0776 10.8884
      vertex 11.2701 -18.4169 9.80247
      vertex 13.0965 -18.2085 9.80247
    endloop
  endfacet
  facet normal -0.080593 -0.706342 0.703268
    outer loop
      vertex 9.44362 -18.2085 9.80247
      vertex -19.4033 -17.8778 6.82882
      vertex 11.2701 -18.4169 9.80247
    endloop
  endfacet
  facet normal -0.0716755 -0.628186 0.774755
    outer loop
      vertex 11.2701 -17.0776 10.8884
      vertex 9.44362 -18.2085 9.80247
      vertex 11.2701 -18.4169 9.80247
    endloop
  endfacet
  facet normal 0.0361891 -0.103008 0.994022
    outer loop
      vertex 12.4493 -10.8698 13.0372
      vertex 11.473 -8.75399 13.292
      vertex 11.8712 -11.0729 13.0372
    endloop
  endfacet
  facet normal 0.0122271 -0.107139 0.994169
    outer loop
      vertex 11.473 -8.75399 13.292
      vertex 11.2701 -11.1415 13.0372
      vertex 11.8712 -11.0729 13.0372
    endloop
  endfacet
  facet normal 0.0587581 -0.0949056 0.993751
    outer loop
      vertex 11.8481 -8.57402 13.292
      vertex 11.6682 -8.6854 13.292
      vertex 12.4493 -10.8698 13.0372
    endloop
  endfacet
  facet normal 0.0143054 -0.023106 0.999631
    outer loop
      vertex 11.8481 -8.57402 13.292
      vertex 5.21084 -6.25875 13.4405
      vertex 11.6682 -8.6854 13.292
    endloop
  endfacet
  facet normal 0.114775 -0.32658 0.938175
    outer loop
      vertex 13.185 -12.9274 12.5374
      vertex 12.2463 -13.2573 12.5374
      vertex 12.5839 -15.2231 11.8118
    endloop
  endfacet
  facet normal 0.114753 -0.326576 0.938179
    outer loop
      vertex 13.185 -12.9274 12.5374
      vertex 12.5839 -15.2231 11.8118
      vertex 13.8472 -14.7792 11.8118
    endloop
  endfacet
  facet normal 0.258538 -0.479227 0.838749
    outer loop
      vertex 21.9211 -16.3214 9.44303
      vertex 21.0234 -16.8057 9.44303
      vertex 21.4576 -17.8636 8.70475
    endloop
  endfacet
  facet normal 0.258516 -0.479224 0.838757
    outer loop
      vertex 21.9211 -16.3214 9.44303
      vertex 21.4576 -17.8636 8.70475
      vertex 22.5515 -17.2735 8.70475
    endloop
  endfacet
  facet normal 0.254205 -0.306904 0.917164
    outer loop
      vertex 21.7646 -14.7176 10.0231
      vertex 21.1799 -15.2019 10.0231
      vertex 22.708 -15.6697 9.44303
    endloop
  endfacet
  facet normal 0.261517 -0.29983 0.917448
    outer loop
      vertex 27.2916 -5.73418 11.3835
      vertex 21.7646 -14.7176 10.0231
      vertex 22.708 -15.6697 9.44303
    endloop
  endfacet
  facet normal -0.668395 -0.0341659 0.743022
    outer loop
      vertex -26.9312 8.83058 11.6959
      vertex -27.7254 9.649 11.0191
      vertex -27.6691 8.54759 11.0191
    endloop
  endfacet
  facet normal -0.668378 0.0341376 0.743038
    outer loop
      vertex -26.9312 10.4674 11.6959
      vertex -27.7254 9.649 11.0191
      vertex -26.973 9.649 11.6959
    endloop
  endfacet
  facet normal -0.0367479 -0.00182308 0.999323
    outer loop
      vertex -15.4301 4.40119 12.7514
      vertex -25.2407 9.47882 12.3999
      vertex -15.4301 4.29156 12.7512
    endloop
  endfacet
  facet normal -0.0367774 -0.00188015 0.999322
    outer loop
      vertex -25.2407 9.47882 12.3999
      vertex -15.4301 4.40119 12.7514
      vertex -25.2494 9.649 12.3999
    endloop
  endfacet
  facet normal -0.0369423 -0.00217647 0.999315
    outer loop
      vertex 3.81356 -5.8833 13.4405
      vertex -8.36955 0.627799 13.0043
      vertex -8.28436 0.513346 13.0072
    endloop
  endfacet
  facet normal -0.0366842 -0.00178929 0.999325
    outer loop
      vertex -12.7297 2.86378 12.848
      vertex -12.1862 2.66755 12.8676
      vertex -12.6589 2.92019 12.8507
    endloop
  endfacet
  facet normal -0.0368347 -0.00220659 0.999319
    outer loop
      vertex -12.1862 2.66755 12.8676
      vertex -12.7297 2.86378 12.848
      vertex -12.0825 2.52156 12.8711
    endloop
  endfacet
  facet normal -0.0348242 0.0017804 0.999392
    outer loop
      vertex -25.2494 9.649 12.3999
      vertex -15.4301 4.51698 12.7512
      vertex -25.2407 9.81917 12.3999
    endloop
  endfacet
  facet normal -0.0348525 0.00172621 0.999391
    outer loop
      vertex -15.4301 4.51698 12.7512
      vertex -25.2494 9.649 12.3999
      vertex -15.4301 4.40119 12.7514
    endloop
  endfacet
  facet normal -0.034831 0.0017793 0.999392
    outer loop
      vertex 3.81356 -5.8833 13.4405
      vertex -8.46084 0.750439 13.0009
      vertex -8.36955 0.627799 13.0043
    endloop
  endfacet
  facet normal -0.0344092 0.00255926 0.999405
    outer loop
      vertex -12.6589 2.92019 12.8507
      vertex -12.2972 2.82382 12.8634
      vertex -12.5848 2.97925 12.8531
    endloop
  endfacet
  facet normal -0.0344551 0.00238675 0.999403
    outer loop
      vertex -12.2972 2.82382 12.8634
      vertex -12.6589 2.92019 12.8507
      vertex -12.1862 2.66755 12.8676
    endloop
  endfacet
  facet normal 0.0916057 -0.951521 -0.293628
    outer loop
      vertex 19.0363 -20.185 4.80395
      vertex 4.29099 -20.9444 2.66461
      vertex 19.0363 -19.869 3.77993
    endloop
  endfacet
  facet normal 0.0933814 -0.939965 -0.328245
    outer loop
      vertex 19.0363 -19.869 3.77993
      vertex 4.29099 -20.9444 2.66461
      vertex 20.5643 -19.7172 3.77993
    endloop
  endfacet
  facet normal 0.094507 -0.951295 -0.293437
    outer loop
      vertex 20.6254 -20.027 4.80395
      vertex 19.0363 -19.869 3.77993
      vertex 20.5643 -19.7172 3.77993
    endloop
  endfacet
  facet normal 0.0624921 -0.839693 0.539454
    outer loop
      vertex 19.0363 -19.2493 7.83664
      vertex 11.2701 -19.3395 8.5959
      vertex 19.0363 -19.869 6.87204
    endloop
  endfacet
  facet normal 0.0124866 -0.938675 0.344577
    outer loop
      vertex 11.2701 -19.3395 8.5959
      vertex 11.2701 -19.8097 7.31501
      vertex 19.0363 -19.869 6.87204
    endloop
  endfacet
  facet normal -0.556511 0.236823 0.796373
    outer loop
      vertex -26.8677 13.6411 11.0191
      vertex -27.2318 12.7855 11.0191
      vertex -26.6062 11.9797 11.6959
    endloop
  endfacet
  facet normal -0.471303 0.0742064 0.878844
    outer loop
      vertex -26.0349 10.6376 12.1622
      vertex -26.8073 11.2544 11.6959
      vertex -26.1112 10.153 12.1622
    endloop
  endfacet
  facet normal -0.650689 -0.102444 0.752402
    outer loop
      vertex -26.9312 8.83058 11.6959
      vertex -27.5025 7.48851 11.0191
      vertex -26.8073 8.04361 11.6959
    endloop
  endfacet
  facet normal -0.61419 -0.170298 0.770564
    outer loop
      vertex -26.8073 8.04361 11.6959
      vertex -27.5025 7.48851 11.0191
      vertex -26.6062 7.31833 11.6959
    endloop
  endfacet
  facet normal -0.573602 0.556638 0.600945
    outer loop
      vertex -26.3549 16.9 9.14457
      vertex -26.7794 15.3689 10.1576
      vertex -26.1625 16.0046 10.1576
    endloop
  endfacet
  facet normal -0.4767 0.462602 0.7475
    outer loop
      vertex -26.1625 16.0046 10.1576
      vertex -26.7794 15.3689 10.1576
      vertex -25.9176 14.8649 11.0191
    endloop
  endfacet
  facet normal 0.202571 0.193975 -0.959864
    outer loop
      vertex 29.3961 7.73773 0.45649
      vertex 29.0804 8.06742 0.45649
      vertex 30.8528 8.29998 0.877537
    endloop
  endfacet
  facet normal 0.128727 0.123265 -0.983989
    outer loop
      vertex 29.3961 7.73773 0.45649
      vertex 27.1109 7.80903 0.166468
      vertex 29.0804 8.06742 0.45649
    endloop
  endfacet
  facet normal 0.00128902 0.000955857 -0.999999
    outer loop
      vertex 25.2335 -3.72668 0.00810719
      vertex 25.0859 7.46616 0.0186157
      vertex 25.3367 -3.86585 0.00810719
    endloop
  endfacet
  facet normal 4.62686e-05 3.431e-05 -1
    outer loop
      vertex 25.3367 -3.86585 0.00810719
      vertex -6.81165 8.07815 0.00702953
      vertex 25.2335 -3.72668 0.00810719
    endloop
  endfacet
  facet normal 0.0580915 0.00793122 -0.99828
    outer loop
      vertex 27.6134 -4.1739 0.0724964
      vertex 25.108 7.39487 0.0186157
      vertex 27.5499 -3.7088 0.0724964
    endloop
  endfacet
  facet normal 0.0982043 0.0134296 -0.995076
    outer loop
      vertex 31.536 -4.1739 0.38217
      vertex 29.5747 -3.41862 0.198802
      vertex 31.397 -3.15746 0.38217
    endloop
  endfacet
  facet normal 0.0293671 -0.00400948 -0.999561
    outer loop
      vertex 27.5499 -4.639 0.0724964
      vertex 25.4218 -4.1739 0.00810719
      vertex 27.6134 -4.1739 0.0724964
    endloop
  endfacet
  facet normal 0.146086 -0.0199808 -0.98907
    outer loop
      vertex 32.9467 -5.41244 0.615552
      vertex 31.536 -4.1739 0.38217
      vertex 33.1161 -4.1739 0.615552
    endloop
  endfacet
  facet normal 0.0982044 -0.0134296 -0.995076
    outer loop
      vertex 31.397 -5.19034 0.38217
      vertex 29.5747 -4.92919 0.198802
      vertex 31.536 -4.1739 0.38217
    endloop
  endfacet
  facet normal 0.0981999 0.0134178 -0.995076
    outer loop
      vertex 29.6779 -4.1739 0.198802
      vertex 29.5747 -3.41862 0.198802
      vertex 31.536 -4.1739 0.38217
    endloop
  endfacet
  facet normal 0.0610649 0.00834379 -0.998099
    outer loop
      vertex 29.6779 -4.1739 0.198802
      vertex 27.5499 -3.7088 0.0724964
      vertex 29.5747 -3.41862 0.198802
    endloop
  endfacet
  facet normal -2.86801e-05 -2.76441e-05 -1
    outer loop
      vertex -25.1796 4.68419 0.00728703
      vertex -25.2311 4.73762 0.00728703
      vertex -18.0565 -0.532153 0.00722694
    endloop
  endfacet
  facet normal -2.70515e-05 -2.54268e-05 -1
    outer loop
      vertex -18.0565 -0.532153 0.00722694
      vertex -25.2311 4.73762 0.00728703
      vertex -18.1484 -0.434381 0.00722694
    endloop
  endfacet
  facet normal -1.43504e-05 -3.33959e-06 -1
    outer loop
      vertex -8.05973 7.91792 0.00702953
      vertex -25.2929 4.86472 0.00728703
      vertex -8.07232 7.97202 0.00702953
    endloop
  endfacet
  facet normal -1.40537e-05 -5.01462e-06 -1
    outer loop
      vertex -25.2693 4.79858 0.00728703
      vertex -25.2929 4.86472 0.00728703
      vertex -8.05973 7.91792 0.00702953
    endloop
  endfacet
  facet normal -0.00464611 0.00447828 -0.999979
    outer loop
      vertex -25.1796 5.18284 0.00728703
      vertex -25.2311 5.12941 0.00728703
      vertex -25.0483 10.3743 0.0299263
    endloop
  endfacet
  facet normal -0.00461491 0.0044775 -0.999979
    outer loop
      vertex -24.9701 10.4549 0.0299263
      vertex -25.1796 5.18284 0.00728703
      vertex -25.0483 10.3743 0.0299263
    endloop
  endfacet
  facet normal -0.0132305 0.00472019 -0.999901
    outer loop
      vertex -25.2693 5.06845 0.00728703
      vertex -25.2929 5.0023 0.00728703
      vertex -25.1732 10.1336 0.0299263
    endloop
  endfacet
  facet normal -0.0109838 0.00467769 -0.999929
    outer loop
      vertex -25.1169 10.2658 0.0299263
      vertex -25.2693 5.06845 0.00728703
      vertex -25.1732 10.1336 0.0299263
    endloop
  endfacet
  facet normal -1.67685e-05 1.05078e-05 -1
    outer loop
      vertex -8.05973 8.02612 0.00702953
      vertex -25.2693 5.06845 0.00728703
      vertex -25.2311 5.12941 0.00728703
    endloop
  endfacet
  facet normal -0.0706825 -0.792394 0.605901
    outer loop
      vertex 11.2701 -18.4169 9.80247
      vertex -19.5615 -18.5832 5.98827
      vertex 11.2701 -19.3395 8.5959
    endloop
  endfacet
  facet normal -0.0762501 -0.756659 0.649348
    outer loop
      vertex -19.4033 -17.8778 6.82882
      vertex -19.5615 -18.5832 5.98827
      vertex 11.2701 -18.4169 9.80247
    endloop
  endfacet
  facet normal -0.439434 -0.603837 0.66504
    outer loop
      vertex -22.8399 -16.6155 6.82882
      vertex -24.858 -16.0726 5.98827
      vertex -23.2904 -17.2134 5.98827
    endloop
  endfacet
  facet normal -0.672325 -0.622192 -0.401069
    outer loop
      vertex -25.1503 -16.3318 4.18615
      vertex -26.4882 -14.8861 4.18615
      vertex -26.1444 -14.6824 3.29382
    endloop
  endfacet
  facet normal -0.85647 -0.516198 0
    outer loop
      vertex -26.4882 -14.8861 4.18615
      vertex -27.4823 -13.2367 5.09595
      vertex -27.4823 -13.2367 4.18615
    endloop
  endfacet
  facet normal -0.85647 -0.516198 0
    outer loop
      vertex -27.4823 -13.2367 5.09595
      vertex -26.4882 -14.8861 4.18615
      vertex -26.4882 -14.8861 5.09595
    endloop
  endfacet
  facet normal -0.672324 -0.622191 0.401073
    outer loop
      vertex -26.1444 -14.6824 5.98827
      vertex -26.4882 -14.8861 5.09595
      vertex -25.1503 -16.3318 5.09595
    endloop
  endfacet
  facet normal -0.316578 -0.644865 -0.695648
    outer loop
      vertex -21.3803 -16.8518 2.00808
      vertex -22.8399 -16.6155 2.45327
      vertex -22.7296 -16.1894 2.00808
    endloop
  endfacet
  facet normal -0.322746 -0.68094 -0.657385
    outer loop
      vertex -21.502 -18.0611 3.29382
      vertex -22.8399 -16.6155 2.45327
      vertex -21.1917 -17.3967 2.45327
    endloop
  endfacet
  facet normal -0.542383 -0.501886 0.673744
    outer loop
      vertex -24.2845 -15.564 6.82882
      vertex -26.1444 -14.6824 5.98827
      vertex -24.858 -16.0726 5.98827
    endloop
  endfacet
  facet normal -0.20293 -0.0863619 0.975377
    outer loop
      vertex -25.1169 9.0322 12.3999
      vertex -25.9111 8.21378 12.1622
      vertex -25.7445 7.82231 12.1622
    endloop
  endfacet
  facet normal -0.224963 -0.208191 0.951866
    outer loop
      vertex -22.3925 -13.8861 8.22863
      vertex -25.5414 7.50104 12.1622
      vertex -23.2453 -12.9646 8.22863
    endloop
  endfacet
  facet normal -0.392021 -0.166834 0.904702
    outer loop
      vertex -25.9111 8.21378 12.1622
      vertex -26.3356 6.68262 11.6959
      vertex -25.7445 7.82231 12.1622
    endloop
  endfacet
  facet normal -0.0474062 -0.0221683 0.99863
    outer loop
      vertex 3.82929 -5.98688 13.4405
      vertex -7.96965 0.090528 13.0153
      vertex 3.87587 -6.08649 13.4405
    endloop
  endfacet
  facet normal -0.0480299 -0.0233832 0.998572
    outer loop
      vertex -7.96965 0.090528 13.0153
      vertex 3.82929 -5.98688 13.4405
      vertex -8.02375 0.163217 13.0144
    endloop
  endfacet
  facet normal -0.048225 -0.0237657 0.998554
    outer loop
      vertex -15.4301 4.00608 12.7481
      vertex -25.1169 9.0322 12.3999
      vertex -15.4301 3.98087 12.7475
    endloop
  endfacet
  facet normal -0.0479275 -0.0230925 0.998584
    outer loop
      vertex -12.9505 2.68786 12.8365
      vertex -11.7985 2.12178 12.8787
      vertex -12.9264 2.70703 12.8381
    endloop
  endfacet
  facet normal -0.0479794 -0.0231985 0.998579
    outer loop
      vertex -11.7985 2.12178 12.8787
      vertex -12.9505 2.68786 12.8365
      vertex -11.7594 2.06674 12.8793
    endloop
  endfacet
  facet normal -0.0457525 -0.0189853 0.998772
    outer loop
      vertex -15.4301 4.07447 12.7494
      vertex -25.1169 9.0322 12.3999
      vertex -15.4301 4.00608 12.7481
    endloop
  endfacet
  facet normal -0.0460799 -0.019627 0.998745
    outer loop
      vertex -25.1169 9.0322 12.3999
      vertex -15.4301 4.07447 12.7494
      vertex -25.1732 9.16438 12.3999
    endloop
  endfacet
  facet normal -0.0450124 -0.0175496 0.998832
    outer loop
      vertex 3.82929 -5.98688 13.4405
      vertex -8.07501 0.232086 13.0133
      vertex -8.02375 0.163217 13.0144
    endloop
  endfacet
  facet normal -0.0461975 -0.0198373 0.998735
    outer loop
      vertex -12.9264 2.70703 12.8381
      vertex -11.8612 2.21002 12.8775
      vertex -12.8813 2.74297 12.8409
    endloop
  endfacet
  facet normal -0.045785 -0.0189505 0.998772
    outer loop
      vertex -11.8612 2.21002 12.8775
      vertex -12.9264 2.70703 12.8381
      vertex -11.7985 2.12178 12.8787
    endloop
  endfacet
  facet normal -0.663194 -0.18393 0.725496
    outer loop
      vertex -27.2318 6.51245 11.0191
      vertex -27.5025 7.48851 11.0191
      vertex -26.8936 -11.2352 6.82882
    endloop
  endfacet
  facet normal -0.592918 -0.195723 0.781115
    outer loop
      vertex -26.6062 7.31833 11.6959
      vertex -27.2318 6.51245 11.0191
      vertex -26.8936 -11.2352 6.82882
    endloop
  endfacet
  facet normal -0.197065 -0.732436 0.651692
    outer loop
      vertex -21.1917 -17.3967 6.82882
      vertex -21.502 -18.0611 5.98827
      vertex -19.5615 -18.5832 5.98827
    endloop
  endfacet
  facet normal -0.322746 -0.68094 0.657385
    outer loop
      vertex -21.1917 -17.3967 6.82882
      vertex -22.8399 -16.6155 6.82882
      vertex -21.502 -18.0611 5.98827
    endloop
  endfacet
  facet normal -0.357652 -0.215579 0.908631
    outer loop
      vertex -24.4912 -13.7028 7.5853
      vertex -26.3356 6.68262 11.6959
      vertex -25.2634 -12.4217 7.5853
    endloop
  endfacet
  facet normal -0.474182 -0.285819 0.832742
    outer loop
      vertex -25.2634 -12.4217 7.5853
      vertex -26.3511 -12.8212 6.82882
      vertex -24.4912 -13.7028 7.5853
    endloop
  endfacet
  facet normal -0.167324 -0.105778 0.980211
    outer loop
      vertex -25.0483 8.92372 12.3999
      vertex -25.7445 7.82231 12.1622
      vertex -25.5414 7.50104 12.1622
    endloop
  endfacet
  facet normal -0.327715 -0.207174 0.921782
    outer loop
      vertex -25.7445 7.82231 12.1622
      vertex -26.3356 6.68262 11.6959
      vertex -25.5414 7.50104 12.1622
    endloop
  endfacet
  facet normal -0.11279 -0.419375 0.900779
    outer loop
      vertex -20.1677 -15.2045 8.22863
      vertex -20.7411 -16.4321 7.5853
      vertex -18.8812 -15.5505 8.22863
    endloop
  endfacet
  facet normal -0.107162 -0.420644 0.900875
    outer loop
      vertex -18.8812 -15.5505 8.22863
      vertex -19.1736 -16.8538 7.5853
      vertex 9.95624 -15.2231 11.8118
    endloop
  endfacet
  facet normal -0.119342 -0.251774 0.9604
    outer loop
      vertex 9.35507 -12.9274 12.5374
      vertex -20.3744 -13.3433 8.73409
      vertex -19.4934 -13.7609 8.73409
    endloop
  endfacet
  facet normal -0.129522 -0.27325 0.953183
    outer loop
      vertex -20.3744 -13.3433 8.73409
      vertex -21.3533 -14.6425 8.22863
      vertex -19.4934 -13.7609 8.73409
    endloop
  endfacet
  facet normal 0.038816 -0.340145 0.939571
    outer loop
      vertex 11.2701 -13.3687 12.5374
      vertex 11.2701 -15.373 11.8118
      vertex 12.2463 -13.2573 12.5374
    endloop
  endfacet
  facet normal 0.0249792 -0.218893 0.975429
    outer loop
      vertex 11.2701 -11.1415 13.0372
      vertex 11.2701 -13.3687 12.5374
      vertex 12.2463 -13.2573 12.5374
    endloop
  endfacet
  facet normal -0.240165 -0.892628 -0.381492
    outer loop
      vertex -19.5615 -18.5832 3.29382
      vertex -21.6602 -18.3999 4.18615
      vertex -21.502 -18.0611 3.29382
    endloop
  endfacet
  facet normal -0.39504 -0.833418 -0.386468
    outer loop
      vertex -21.6602 -18.3999 4.18615
      vertex -23.2904 -17.2134 3.29382
      vertex -21.502 -18.0611 3.29382
    endloop
  endfacet
  facet normal -0.120882 -0.666185 -0.735925
    outer loop
      vertex -18.1705 -17.647 2.00808
      vertex -19.8409 -17.3439 2.00808
      vertex -17.956 -17.0019 1.38888
    endloop
  endfacet
  facet normal -0.192827 -0.716797 -0.670089
    outer loop
      vertex -19.4033 -17.8778 2.45327
      vertex -21.1917 -17.3967 2.45327
      vertex -19.8409 -17.3439 2.00808
    endloop
  endfacet
  facet normal -0.0578653 -0.0793606 -0.995165
    outer loop
      vertex -18.5058 -13.6631 0.163577
      vertex -18.8702 -13.3974 0.163577
      vertex -17.2562 -12.7524 0.0182924
    endloop
  endfacet
  facet normal -0.0578467 -0.079386 -0.995164
    outer loop
      vertex -17.1331 -12.8421 0.0182924
      vertex -18.5058 -13.6631 0.163577
      vertex -17.2562 -12.7524 0.0182924
    endloop
  endfacet
  facet normal -0.906319 0.385827 0.172401
    outer loop
      vertex -28.0453 15.9114 6.82405
      vertex -28.6166 14.5694 6.82405
      vertex -28.4698 14.3803 8.01898
    endloop
  endfacet
  facet normal -0.829545 0.524311 0.192234
    outer loop
      vertex -27.3492 17.0128 6.82405
      vertex -27.9205 15.6708 8.01898
      vertex -27.2511 16.7299 8.01898
    endloop
  endfacet
  facet normal -0.78268 0.49469 0.377749
    outer loop
      vertex -27.2511 16.7299 8.01898
      vertex -27.9205 15.6708 8.01898
      vertex -27.0587 16.1748 9.14457
    endloop
  endfacet
  facet normal -0.848035 0.235117 0.474929
    outer loop
      vertex -28.1819 14.0094 9.14457
      vertex -28.5581 12.6525 9.14457
      vertex -28.0936 12.2816 10.1576
    endloop
  endfacet
  facet normal -0.88005 0.138503 0.454235
    outer loop
      vertex -28.0936 12.2816 10.1576
      vertex -28.5581 12.6525 9.14457
      vertex -28.2967 10.9911 10.1576
    endloop
  endfacet
  facet normal -0.0328063 0.0055335 0.999446
    outer loop
      vertex 3.82929 -5.77971 13.4405
      vertex -8.6354 0.984962 12.9939
      vertex -8.54102 0.858164 12.9977
    endloop
  endfacet
  facet normal -0.0329888 0.00518096 0.999442
    outer loop
      vertex -25.2407 9.81917 12.3999
      vertex -15.4301 4.67248 12.7504
      vertex -25.215 9.98281 12.3999
    endloop
  endfacet
  facet normal -0.0330332 0.00509616 0.999441
    outer loop
      vertex -15.4301 4.67248 12.7504
      vertex -25.2407 9.81917 12.3999
      vertex -15.4301 4.55481 12.751
    endloop
  endfacet
  facet normal -0.0245801 -0.00610145 0.999679
    outer loop
      vertex -12.5482 3.00841 12.8542
      vertex -12.4688 3.06538 12.8565
      vertex -12.4735 3.06793 12.8564
    endloop
  endfacet
  facet normal -0.0327566 0.00530351 0.999449
    outer loop
      vertex -12.4688 3.06538 12.8565
      vertex -12.5482 3.00841 12.8542
      vertex -12.3545 2.90447 12.8611
    endloop
  endfacet
  facet normal -0.392007 0.166816 0.904712
    outer loop
      vertex -25.7445 11.4757 12.1622
      vertex -26.6062 11.9797 11.6959
      vertex -25.9111 11.0842 12.1622
    endloop
  endfacet
  facet normal -0.0311978 0.00849935 0.999477
    outer loop
      vertex 3.82929 -5.77971 13.4405
      vertex -8.72921 1.111 12.9899
      vertex -8.6354 0.984962 12.9939
    endloop
  endfacet
  facet normal -0.0311196 0.00862655 0.999478
    outer loop
      vertex -25.215 9.98281 12.3999
      vertex -15.4301 4.78769 12.7494
      vertex -25.1732 10.1336 12.3999
    endloop
  endfacet
  facet normal -0.0310937 0.00867528 0.999479
    outer loop
      vertex -15.4301 4.78769 12.7494
      vertex -25.215 9.98281 12.3999
      vertex -15.4301 4.67248 12.7504
    endloop
  endfacet
  facet normal -0.0127811 0.0156503 0.999796
    outer loop
      vertex -12.4717 3.0694 12.8564
      vertex -12.4735 3.06793 12.8564
      vertex -12.4688 3.06538 12.8565
    endloop
  endfacet
  facet normal -0.0290607 0.0123958 0.999501
    outer loop
      vertex 3.82929 -5.77971 13.4405
      vertex -8.81885 1.23144 12.9858
      vertex -8.72921 1.111 12.9899
    endloop
  endfacet
  facet normal -0.0290662 0.0123784 0.999501
    outer loop
      vertex -25.1732 10.1336 12.3999
      vertex -15.4301 4.89618 12.7481
      vertex -25.1169 10.2658 12.3999
    endloop
  endfacet
  facet normal -0.0292821 0.0119767 0.999499
    outer loop
      vertex -15.4301 4.89618 12.7481
      vertex -25.1732 10.1336 12.3999
      vertex -15.4301 4.78769 12.7494
    endloop
  endfacet
  facet normal -0.154835 0.264783 0.951796
    outer loop
      vertex -25.2215 13.7635 11.6959
      vertex -25.6297 13.5248 11.6959
      vertex -25.0584 12.1827 12.1622
    endloop
  endfacet
  facet normal -0.154876 0.264765 0.951795
    outer loop
      vertex -25.0584 12.1827 12.1622
      vertex -25.6297 13.5248 11.6959
      vertex -25.3097 12.0357 12.1622
    endloop
  endfacet
  facet normal -0.167332 0.105774 0.98021
    outer loop
      vertex -25.5414 11.797 12.1622
      vertex -25.7445 11.4757 12.1622
      vertex -25.0483 10.3743 12.3999
    endloop
  endfacet
  facet normal -0.124899 0.121237 0.984734
    outer loop
      vertex -25.3097 12.0357 12.1622
      vertex -25.5414 11.797 12.1622
      vertex -25.0483 10.3743 12.3999
    endloop
  endfacet
  facet normal 0.0110831 -0.0319595 0.999428
    outer loop
      vertex 5.0868 -6.32478 13.4405
      vertex 4.9453 -6.37385 13.4405
      vertex 11.473 -8.75399 13.292
    endloop
  endfacet
  facet normal -0.43981 -0.121912 0.889778
    outer loop
      vertex -26.0349 8.6604 12.1622
      vertex -26.8073 8.04361 11.6959
      vertex -25.9111 8.21378 12.1622
    endloop
  endfacet
  facet normal -0.230484 -0.0638831 0.970977
    outer loop
      vertex -25.215 9.31519 12.3999
      vertex -25.9111 8.21378 12.1622
      vertex -25.1732 9.16438 12.3999
    endloop
  endfacet
  facet normal -0.0155854 -0.106564 0.994184
    outer loop
      vertex 11.0671 -8.75399 13.292
      vertex 4.47239 -6.40406 13.4405
      vertex 10.6689 -11.0729 13.0372
    endloop
  endfacet
  facet normal -0.0122251 -0.107139 0.994169
    outer loop
      vertex 11.0671 -8.75399 13.292
      vertex 10.6689 -11.0729 13.0372
      vertex 11.2701 -11.1415 13.0372
    endloop
  endfacet
  facet normal 0.0977993 0.00831839 0.995171
    outer loop
      vertex 24.4712 -4.18245 12.0686
      vertex 12.2906 -7.33668 13.292
      vertex 12.3106 -7.57182 13.292
    endloop
  endfacet
  facet normal 0.0959917 0.0153349 0.995264
    outer loop
      vertex 24.4531 -4.06915 12.0686
      vertex 12.2906 -7.33668 13.292
      vertex 24.4712 -4.18245 12.0686
    endloop
  endfacet
  facet normal -0.486928 -0.0248694 0.873088
    outer loop
      vertex -26.1369 9.649 12.1622
      vertex -26.973 9.649 11.6959
      vertex -26.9312 8.83058 11.6959
    endloop
  endfacet
  facet normal -0.486928 0.02487 0.873088
    outer loop
      vertex -26.9312 10.4674 11.6959
      vertex -26.973 9.649 11.6959
      vertex -26.1369 9.649 12.1622
    endloop
  endfacet
  facet normal 0.0989395 -0.995093 0
    outer loop
      vertex 19.0363 -20.185 4.80395
      vertex 20.6254 -20.027 5.84802
      vertex 19.0363 -20.185 5.84802
    endloop
  endfacet
  facet normal 0.0989395 -0.995093 0
    outer loop
      vertex 20.6254 -20.027 5.84802
      vertex 19.0363 -20.185 4.80395
      vertex 20.6254 -20.027 4.80395
    endloop
  endfacet
  facet normal -0.690895 0.29401 0.660471
    outer loop
      vertex -26.8677 13.6411 11.0191
      vertex -27.3201 14.5133 10.1576
      vertex -27.2318 12.7855 11.0191
    endloop
  endfacet
  facet normal -0.848055 0.2351 0.4749
    outer loop
      vertex -27.7639 13.4709 10.1576
      vertex -28.1819 14.0094 9.14457
      vertex -28.0936 12.2816 10.1576
    endloop
  endfacet
  facet normal -0.327713 0.207154 0.921787
    outer loop
      vertex -25.5414 11.797 12.1622
      vertex -26.0059 13.1371 11.6959
      vertex -25.7445 11.4757 12.1622
    endloop
  endfacet
  facet normal -0.247885 0.240616 0.938433
    outer loop
      vertex -25.3097 12.0357 12.1622
      vertex -26.0059 13.1371 11.6959
      vertex -25.5414 11.797 12.1622
    endloop
  endfacet
  facet normal -0.366358 0.355543 0.859867
    outer loop
      vertex -25.9176 14.8649 11.0191
      vertex -26.4239 14.3432 11.0191
      vertex -26.0059 13.1371 11.6959
    endloop
  endfacet
  facet normal -0.476689 0.462617 0.747498
    outer loop
      vertex -25.9176 14.8649 11.0191
      vertex -26.7794 15.3689 10.1576
      vertex -26.4239 14.3432 11.0191
    endloop
  endfacet
  facet normal -0.309917 0.530043 0.789307
    outer loop
      vertex -25.4931 16.396 10.1576
      vertex -26.1625 16.0046 10.1576
      vertex -25.9176 14.8649 11.0191
    endloop
  endfacet
  facet normal -0.382906 0.654873 0.651555
    outer loop
      vertex -25.4931 16.396 10.1576
      vertex -26.3549 16.9 9.14457
      vertex -26.1625 16.0046 10.1576
    endloop
  endfacet
  facet normal 0.000832795 0.000948918 -0.999999
    outer loop
      vertex 25.0945 -3.60469 0.00810719
      vertex 25.0202 7.53471 0.0186157
      vertex 25.2335 -3.72668 0.00810719
    endloop
  endfacet
  facet normal 0.000993252 0.000951957 -0.999999
    outer loop
      vertex 25.2335 -3.72668 0.00810719
      vertex 25.0202 7.53471 0.0186157
      vertex 25.0859 7.46616 0.0186157
    endloop
  endfacet
  facet normal 0.054096 -0.0401283 -0.997729
    outer loop
      vertex 28.7724 -6.32476 0.198802
      vertex 27.3616 -5.08623 0.0724964
      vertex 29.2689 -5.65544 0.198802
    endloop
  endfacet
  facet normal 0.0282358 -0.0118919 -0.999531
    outer loop
      vertex 27.5499 -4.639 0.0724964
      vertex 25.3367 -4.48196 0.00810719
      vertex 25.4003 -4.33095 0.00810719
    endloop
  endfacet
  facet normal 0.146089 -0.0199779 -0.98907
    outer loop
      vertex 32.9467 -5.41244 0.615552
      vertex 31.397 -5.19034 0.38217
      vertex 31.536 -4.1739 0.38217
    endloop
  endfacet
  facet normal 0.140371 -0.0590996 -0.988334
    outer loop
      vertex 32.9467 -5.41244 0.615552
      vertex 30.9855 -6.16772 0.38217
      vertex 31.397 -5.19034 0.38217
    endloop
  endfacet
  facet normal -8.25702e-06 -1.36595e-05 -1
    outer loop
      vertex -17.9569 -0.59236 0.00722694
      vertex -18.0565 -0.532153 0.00722694
      vertex -7.96189 7.81796 0.00702953
    endloop
  endfacet
  facet normal -0.000383737 -0.000634813 -1
    outer loop
      vertex -17.9569 -0.59236 0.00722694
      vertex -22.249 -0.541217 0.00884151
      vertex -18.0565 -0.532153 0.00722694
    endloop
  endfacet
  facet normal -0.0607659 -0.0168446 -0.99801
    outer loop
      vertex -25.0466 -0.276634 0.0790672
      vertex -27.2048 -0.652583 0.216819
      vertex -25.2929 4.86472 0.00728703
    endloop
  endfacet
  facet normal -0.0701831 -0.0135597 -0.997442
    outer loop
      vertex -25.2929 4.86472 0.00728703
      vertex -27.2048 -0.652583 0.216819
      vertex -26.0894 4.72979 0.0651655
    endloop
  endfacet
  facet normal -0.733941 -0.679214 0
    outer loop
      vertex -25.1503 -16.3318 4.18615
      vertex -26.4882 -14.8861 5.09595
      vertex -26.4882 -14.8861 4.18615
    endloop
  endfacet
  facet normal -0.733941 -0.679214 0
    outer loop
      vertex -26.4882 -14.8861 5.09595
      vertex -25.1503 -16.3318 4.18615
      vertex -25.1503 -16.3318 5.09595
    endloop
  endfacet
  facet normal -0.781665 -0.471118 0.408714
    outer loop
      vertex -26.1444 -14.6824 5.98827
      vertex -27.1003 -13.0964 5.98827
      vertex -26.4882 -14.8861 5.09595
    endloop
  endfacet
  facet normal -0.439444 -0.603728 0.665133
    outer loop
      vertex -24.2845 -15.564 6.82882
      vertex -24.858 -16.0726 5.98827
      vertex -22.8399 -16.6155 6.82882
    endloop
  endfacet
  facet normal -0.183688 -0.387576 0.903351
    outer loop
      vertex -21.3533 -14.6425 8.22863
      vertex -22.1858 -15.7474 7.5853
      vertex -20.7411 -16.4321 7.5853
    endloop
  endfacet
  facet normal -0.248079 -0.523405 0.815171
    outer loop
      vertex -20.7411 -16.4321 7.5853
      vertex -22.8399 -16.6155 6.82882
      vertex -21.1917 -17.3967 6.82882
    endloop
  endfacet
  facet normal -0.240165 -0.892626 0.381495
    outer loop
      vertex -21.502 -18.0611 5.98827
      vertex -21.6602 -18.3999 5.09595
      vertex -19.5615 -18.5832 5.98827
    endloop
  endfacet
  facet normal -0.541002 -0.743403 0.39328
    outer loop
      vertex -23.2904 -17.2134 5.98827
      vertex -24.858 -16.0726 5.98827
      vertex -23.5201 -17.5183 5.09595
    endloop
  endfacet
  facet normal -0.142291 -0.195511 0.970324
    outer loop
      vertex -20.3744 -13.3433 8.73409
      vertex -25.3097 7.26232 12.1622
      vertex -21.1466 -12.7813 8.73409
    endloop
  endfacet
  facet normal -0.205242 -0.206261 0.95673
    outer loop
      vertex -21.1466 -12.7813 8.73409
      vertex -25.3097 7.26232 12.1622
      vertex -22.3925 -13.8861 8.22863
    endloop
  endfacet
  facet normal -0.248167 -0.340961 0.90673
    outer loop
      vertex -21.3533 -14.6425 8.22863
      vertex -23.452 -14.8258 7.5853
      vertex -22.1858 -15.7474 7.5853
    endloop
  endfacet
  facet normal -0.248169 -0.340953 0.906732
    outer loop
      vertex -22.3925 -13.8861 8.22863
      vertex -23.452 -14.8258 7.5853
      vertex -21.3533 -14.6425 8.22863
    endloop
  endfacet
  facet normal -0.314069 -0.21306 0.925184
    outer loop
      vertex -25.5414 7.50104 12.1622
      vertex -26.0059 6.16091 11.6959
      vertex -23.2453 -12.9646 8.22863
    endloop
  endfacet
  facet normal -0.327758 -0.20713 0.921777
    outer loop
      vertex -25.5414 7.50104 12.1622
      vertex -26.3356 6.68262 11.6959
      vertex -26.0059 6.16091 11.6959
    endloop
  endfacet
  facet normal -0.211377 -0.661234 -0.719784
    outer loop
      vertex -21.1917 -17.3967 2.45327
      vertex -21.3803 -16.8518 2.00808
      vertex -19.8409 -17.3439 2.00808
    endloop
  endfacet
  facet normal -0.197027 -0.732412 -0.651731
    outer loop
      vertex -19.5615 -18.5832 3.29382
      vertex -21.1917 -17.3967 2.45327
      vertex -19.4033 -17.8778 2.45327
    endloop
  endfacet
  facet normal -0.200634 -0.627627 -0.752217
    outer loop
      vertex -19.8409 -17.3439 2.00808
      vertex -21.3803 -16.8518 2.00808
      vertex -19.4201 -16.7363 1.38888
    endloop
  endfacet
  facet normal -0.153814 -0.481124 -0.863053
    outer loop
      vertex -18.8845 -15.9629 0.862298
      vertex -20.7694 -16.3049 1.38888
      vertex -19.9918 -15.6089 0.862298
    endloop
  endfacet
  facet normal -0.829561 0.524294 0.192207
    outer loop
      vertex -27.3492 17.0128 6.82405
      vertex -28.0453 15.9114 6.82405
      vertex -27.9205 15.6708 8.01898
    endloop
  endfacet
  facet normal -0.906349 0.385786 0.172339
    outer loop
      vertex -28.0453 15.9114 6.82405
      vertex -28.4698 14.3803 8.01898
      vertex -27.9205 15.6708 8.01898
    endloop
  endfacet
  facet normal -0.782688 0.494663 0.377767
    outer loop
      vertex -27.0587 16.1748 9.14457
      vertex -27.9205 15.6708 8.01898
      vertex -27.6756 15.1987 9.14457
    endloop
  endfacet
  facet normal -0.864466 0.368014 0.34244
    outer loop
      vertex -27.9205 15.6708 8.01898
      vertex -28.1819 14.0094 9.14457
      vertex -27.6756 15.1987 9.14457
    endloop
  endfacet
  facet normal -0.785374 0.123542 0.606568
    outer loop
      vertex -27.5025 11.8095 11.0191
      vertex -28.0936 12.2816 10.1576
      vertex -27.6691 10.7504 11.0191
    endloop
  endfacet
  facet normal -0.650779 0.10237 0.752335
    outer loop
      vertex -27.5025 11.8095 11.0191
      vertex -27.6691 10.7504 11.0191
      vertex -26.9312 10.4674 11.6959
    endloop
  endfacet
  facet normal -0.202868 0.0863953 0.975387
    outer loop
      vertex -25.1169 10.2658 12.3999
      vertex -25.7445 11.4757 12.1622
      vertex -25.1732 10.1336 12.3999
    endloop
  endfacet
  facet normal -0.230476 0.0638895 0.970978
    outer loop
      vertex -25.1732 10.1336 12.3999
      vertex -25.9111 11.0842 12.1622
      vertex -25.215 9.98281 12.3999
    endloop
  endfacet
  facet normal -0.249202 -0.0392352 0.967656
    outer loop
      vertex -25.215 9.31519 12.3999
      vertex -26.1112 9.14502 12.1622
      vertex -26.0349 8.6604 12.1622
    endloop
  endfacet
  facet normal -0.471305 -0.0742037 0.878843
    outer loop
      vertex -26.1112 9.14502 12.1622
      vertex -26.8073 8.04361 11.6959
      vertex -26.0349 8.6604 12.1622
    endloop
  endfacet
  facet normal -0.474536 0.299894 0.827574
    outer loop
      vertex -26.0059 13.1371 11.6959
      vertex -26.8677 13.6411 11.0191
      vertex -26.3356 12.6154 11.6959
    endloop
  endfacet
  facet normal -0.556428 0.236856 0.796422
    outer loop
      vertex -26.3356 12.6154 11.6959
      vertex -26.8677 13.6411 11.0191
      vertex -26.6062 11.9797 11.6959
    endloop
  endfacet
  facet normal 0.0260209 -0.0193056 -0.999475
    outer loop
      vertex 27.0558 -5.4984 0.0724964
      vertex 25.3367 -4.48196 0.00810719
      vertex 27.3616 -5.08623 0.0724964
    endloop
  endfacet
  facet normal 0.0282361 -0.0118884 -0.999531
    outer loop
      vertex 27.3616 -5.08623 0.0724964
      vertex 25.3367 -4.48196 0.00810719
      vertex 27.5499 -4.639 0.0724964
    endloop
  endfacet
  facet normal -0.336211 -0.461902 0.820737
    outer loop
      vertex -23.452 -14.8258 7.5853
      vertex -24.2845 -15.564 6.82882
      vertex -22.8399 -16.6155 6.82882
    endloop
  endfacet
  facet normal -0.672385 -0.622181 0.400986
    outer loop
      vertex -24.858 -16.0726 5.98827
      vertex -26.1444 -14.6824 5.98827
      vertex -25.1503 -16.3318 5.09595
    endloop
  endfacet
  facet normal -0.24014 -0.892662 0.381429
    outer loop
      vertex -19.5615 -18.5832 5.98827
      vertex -21.6602 -18.3999 5.09595
      vertex -19.6421 -18.9428 5.09595
    endloop
  endfacet
  facet normal -0.303627 -0.28097 0.910421
    outer loop
      vertex -23.2453 -12.9646 8.22863
      vertex -24.4912 -13.7028 7.5853
      vertex -23.452 -14.8258 7.5853
    endloop
  endfacet
  facet normal -0.344233 -0.215415 0.913838
    outer loop
      vertex -23.2453 -12.9646 8.22863
      vertex -26.3356 6.68262 11.6959
      vertex -24.4912 -13.7028 7.5853
    endloop
  endfacet
  facet normal -0.336192 -0.461899 0.820746
    outer loop
      vertex -22.1858 -15.7474 7.5853
      vertex -23.452 -14.8258 7.5853
      vertex -22.8399 -16.6155 6.82882
    endloop
  endfacet
  facet normal -0.248073 -0.523427 0.815159
    outer loop
      vertex -22.1858 -15.7474 7.5853
      vertex -22.8399 -16.6155 6.82882
      vertex -20.7411 -16.4321 7.5853
    endloop
  endfacet
  facet normal -0.125962 -0.694182 -0.708693
    outer loop
      vertex -19.4033 -17.8778 2.45327
      vertex -19.8409 -17.3439 2.00808
      vertex -18.1705 -17.647 2.00808
    endloop
  endfacet
  facet normal -0.0936985 -0.753878 -0.650299
    outer loop
      vertex -18.1705 -17.647 2.00808
      vertex -19.5615 -18.5832 3.29382
      vertex -19.4033 -17.8778 2.45327
    endloop
  endfacet
  facet normal -0.200649 -0.627575 -0.752256
    outer loop
      vertex -19.4201 -16.7363 1.38888
      vertex -21.3803 -16.8518 2.00808
      vertex -20.7694 -16.3049 1.38888
    endloop
  endfacet
  facet normal -0.278281 -0.566964 -0.775314
    outer loop
      vertex -21.3803 -16.8518 2.00808
      vertex -21.9521 -15.7244 1.38888
      vertex -20.7694 -16.3049 1.38888
    endloop
  endfacet
  facet normal -0.749664 0.207924 0.628308
    outer loop
      vertex -27.2318 12.7855 11.0191
      vertex -28.0936 12.2816 10.1576
      vertex -27.5025 11.8095 11.0191
    endloop
  endfacet
  facet normal -0.614194 0.170351 0.77055
    outer loop
      vertex -27.2318 12.7855 11.0191
      vertex -27.5025 11.8095 11.0191
      vertex -26.6062 11.9797 11.6959
    endloop
  endfacet
  facet normal -0.439801 0.121941 0.889778
    outer loop
      vertex -26.6062 11.9797 11.6959
      vertex -26.8073 11.2544 11.6959
      vertex -25.9111 11.0842 12.1622
    endloop
  endfacet
  facet normal -0.439806 0.121917 0.889779
    outer loop
      vertex -25.9111 11.0842 12.1622
      vertex -26.8073 11.2544 11.6959
      vertex -26.0349 10.6376 12.1622
    endloop
  endfacet
  facet normal -0.54239 -0.501958 0.673685
    outer loop
      vertex -25.4701 -14.2829 6.82882
      vertex -26.1444 -14.6824 5.98827
      vertex -24.2845 -15.564 6.82882
    endloop
  endfacet
  facet normal -0.686187 -0.234737 0.68851
    outer loop
      vertex -26.8936 -11.2352 6.82882
      vertex -27.689 -11.3755 5.98827
      vertex -27.1003 -13.0964 5.98827
    endloop
  endfacet
  facet normal -0.395043 -0.833418 0.386465
    outer loop
      vertex -23.2904 -17.2134 5.98827
      vertex -23.5201 -17.5183 5.09595
      vertex -21.6602 -18.3999 5.09595
    endloop
  endfacet
  facet normal -0.395039 -0.833417 0.386472
    outer loop
      vertex -21.502 -18.0611 5.98827
      vertex -23.2904 -17.2134 5.98827
      vertex -21.6602 -18.3999 5.09595
    endloop
  endfacet
  facet normal -0.412731 -0.381932 0.82691
    outer loop
      vertex -23.452 -14.8258 7.5853
      vertex -24.4912 -13.7028 7.5853
      vertex -24.2845 -15.564 6.82882
    endloop
  endfacet
  facet normal -0.626413 -0.377546 0.681958
    outer loop
      vertex -25.4701 -14.2829 6.82882
      vertex -27.1003 -13.0964 5.98827
      vertex -26.1444 -14.6824 5.98827
    endloop
  endfacet
  facet normal -0.690741 0.294082 0.6606
    outer loop
      vertex -27.3201 14.5133 10.1576
      vertex -27.7639 13.4709 10.1576
      vertex -27.2318 12.7855 11.0191
    endloop
  endfacet
  facet normal -0.793175 0.337693 0.506791
    outer loop
      vertex -27.3201 14.5133 10.1576
      vertex -28.1819 14.0094 9.14457
      vertex -27.7639 13.4709 10.1576
    endloop
  endfacet
  facet normal -0.845983 -0.334999 0.414835
    outer loop
      vertex -27.1003 -13.0964 5.98827
      vertex -32.7585 -3.72625 2.01621
      vertex -27.4823 -13.2367 5.09595
    endloop
  endfacet
  facet normal -0.781671 -0.471116 0.408705
    outer loop
      vertex -27.1003 -13.0964 5.98827
      vertex -27.4823 -13.2367 5.09595
      vertex -26.4882 -14.8861 5.09595
    endloop
  endfacet
  facet normal -0.4127 -0.381935 0.826925
    outer loop
      vertex -24.4912 -13.7028 7.5853
      vertex -25.4701 -14.2829 6.82882
      vertex -24.2845 -15.564 6.82882
    endloop
  endfacet
  facet normal -0.474176 -0.285797 0.832753
    outer loop
      vertex -24.4912 -13.7028 7.5853
      vertex -26.3511 -12.8212 6.82882
      vertex -25.4701 -14.2829 6.82882
    endloop
  endfacet
  facet normal -0 0 1
    outer loop
      vertex -15.4301 10.5556 5.6
      vertex -13.3606 5.8333 5.6
      vertex -13.3606 10.5556 5.6
    endloop
  endfacet
  facet normal 0 0 1
    outer loop
      vertex -13.3606 5.8333 5.6
      vertex -15.4301 10.5556 5.6
      vertex -13.362 5.66136 5.6
    endloop
  endfacet
  facet normal 0 0 1
    outer loop
      vertex -13.362 5.66136 5.6
      vertex -15.4301 10.5556 5.6
      vertex -13.3661 5.48999 5.6
    endloop
  endfacet
  facet normal 0 0 1
    outer loop
      vertex -13.3661 5.48999 5.6
      vertex -15.4301 10.5556 5.6
      vertex -13.3731 5.31918 5.6
    endloop
  endfacet
  facet normal 0 0 1
    outer loop
      vertex -13.3731 5.31918 5.6
      vertex -15.4301 10.5556 5.6
      vertex -13.3828 5.14891 5.6
    endloop
  endfacet
  facet normal 0 0 1
    outer loop
      vertex -13.3828 5.14891 5.6
      vertex -15.4301 10.5556 5.6
      vertex -13.3954 4.97919 5.6
    endloop
  endfacet
  facet normal 0 0 1
    outer loop
      vertex -13.3954 4.97919 5.6
      vertex -15.4301 10.5556 5.6
      vertex -13.4095 4.80948 5.6
    endloop
  endfacet
  facet normal 0 0 1
    outer loop
      vertex -13.4095 4.80948 5.6
      vertex -15.4301 10.5556 5.6
      vertex -13.4242 4.63919 5.6
    endloop
  endfacet
  facet normal 0 0 1
    outer loop
      vertex -13.4242 4.63919 5.6
      vertex -15.4301 10.5556 5.6
      vertex -13.4395 4.46835 5.6
    endloop
  endfacet
  facet normal 0 0 1
    outer loop
      vertex -15.4301 0 5.6
      vertex -13.4395 4.46835 5.6
      vertex -15.4301 10.5556 5.6
    endloop
  endfacet
  facet normal 0 0 1
    outer loop
      vertex -13.4395 4.46835 5.6
      vertex -15.4301 0 5.6
      vertex -13.4553 4.29695 5.6
    endloop
  endfacet
  facet normal -0 0 1
    outer loop
      vertex -10.4162 7.5833 5.6
      vertex -11.0967 4.29169 5.6
      vertex -8.08276 7.5833 5.6
    endloop
  endfacet
  facet normal -0 0 1
    outer loop
      vertex -12.5412 5.27779 5.6
      vertex -11.0967 4.29169 5.6
      vertex -10.4162 7.5833 5.6
    endloop
  endfacet
  facet normal -0 0 1
    outer loop
      vertex -12.6401 5.17084 5.6
      vertex -11.0967 4.29169 5.6
      vertex -12.5412 5.27779 5.6
    endloop
  endfacet
  facet normal -0 0 1
    outer loop
      vertex -12.7367 5.06113 5.6
      vertex -11.0967 4.29169 5.6
      vertex -12.6401 5.17084 5.6
    endloop
  endfacet
  facet normal -0 0 1
    outer loop
      vertex -12.8312 4.94862 5.6
      vertex -11.0967 4.29169 5.6
      vertex -12.7367 5.06113 5.6
    endloop
  endfacet
  facet normal -0 0 1
    outer loop
      vertex -12.9234 4.83334 5.6
      vertex -11.0967 4.29169 5.6
      vertex -12.8312 4.94862 5.6
    endloop
  endfacet
  facet normal -0 0 1
    outer loop
      vertex -13.0134 4.71529 5.6
      vertex -11.0967 4.29169 5.6
      vertex -12.9234 4.83334 5.6
    endloop
  endfacet
  facet normal 0 0 1
    outer loop
      vertex -11.0967 4.29169 5.6
      vertex -13.0134 4.71529 5.6
      vertex -12.4717 3.0694 5.6
    endloop
  endfacet
  facet normal -0 0 1
    outer loop
      vertex -13.1017 4.59613 5.6
      vertex -12.4717 3.0694 5.6
      vertex -13.0134 4.71529 5.6
    endloop
  endfacet
  facet normal -0 0 1
    outer loop
      vertex -13.1889 4.47752 5.6
      vertex -12.4717 3.0694 5.6
      vertex -13.1017 4.59613 5.6
    endloop
  endfacet
  facet normal -0 0 1
    outer loop
      vertex -13.275 4.35945 5.6
      vertex -12.4717 3.0694 5.6
      vertex -13.1889 4.47752 5.6
    endloop
  endfacet
  facet normal -0 0 1
    outer loop
      vertex -13.3601 4.24194 5.6
      vertex -12.4717 3.0694 5.6
      vertex -13.275 4.35945 5.6
    endloop
  endfacet
  facet normal -0 0 1
    outer loop
      vertex -13.444 4.125 5.6
      vertex -12.4717 3.0694 5.6
      vertex -13.3601 4.24194 5.6
    endloop
  endfacet
  facet normal 0 0 1
    outer loop
      vertex -12.4717 3.0694 5.6
      vertex -13.444 4.125 5.6
      vertex -13.3606 2.3611 5.6
    endloop
  endfacet
  facet normal -0 0 1
    outer loop
      vertex -13.4717 4.125 5.6
      vertex -13.3606 2.3611 5.6
      vertex -13.444 4.125 5.6
    endloop
  endfacet
  facet normal 0 0 1
    outer loop
      vertex -15.4301 0 5.6
      vertex -13.3606 2.3611 5.6
      vertex -13.4717 4.125 5.6
    endloop
  endfacet
  facet normal 0 0 1
    outer loop
      vertex -13.4553 4.29695 5.6
      vertex -15.4301 0 5.6
      vertex -13.4717 4.125 5.6
    endloop
  endfacet
  facet normal 0 0 1
    outer loop
      vertex -13.3606 2.3611 5.6
      vertex -15.4301 0 5.6
      vertex -13.3606 0 5.6
    endloop
  endfacet
  facet normal 0 0 1
    outer loop
      vertex -11.0967 4.29169 5.6
      vertex -10.2912 0 5.6
      vertex -7.90227 0 5.6
    endloop
  endfacet
  facet normal 0 0 1
    outer loop
      vertex -10.2912 0 5.6
      vertex -11.0967 4.29169 5.6
      vertex -12.4717 3.0694 5.6
    endloop
  endfacet
  facet normal 0 0 1
    outer loop
      vertex -0.529663 4.90863 5.6
      vertex -2.45628 4.92084 5.6
      vertex -2.43739 4.65279 5.6
    endloop
  endfacet
  facet normal 0 0 1
    outer loop
      vertex -1.80244 7.14888 5.6
      vertex -2.50186 5.16943 5.6
      vertex -2.45628 4.92084 5.6
    endloop
  endfacet
  facet normal 0 0 1
    outer loop
      vertex -1.80244 7.14888 5.6
      vertex -2.5741 5.39859 5.6
      vertex -2.50186 5.16943 5.6
    endloop
  endfacet
  facet normal 0 0 1
    outer loop
      vertex -1.80244 7.14888 5.6
      vertex -2.673 5.60831 5.6
      vertex -2.5741 5.39859 5.6
    endloop
  endfacet
  facet normal 0 0 1
    outer loop
      vertex -3.13858 6.08749 5.6
      vertex -2.24744 7.3997 5.6
      vertex -2.74466 7.57886 5.6
    endloop
  endfacet
  facet normal 0 0 1
    outer loop
      vertex -1.80244 7.14888 5.6
      vertex -2.7986 5.7986 5.6
      vertex -2.673 5.60831 5.6
    endloop
  endfacet
  facet normal 0 0 1
    outer loop
      vertex -1.80244 7.14888 5.6
      vertex -2.95303 5.96109 5.6
      vertex -2.7986 5.7986 5.6
    endloop
  endfacet
  facet normal 0 0 1
    outer loop
      vertex -2.24744 7.3997 5.6
      vertex -3.13858 6.08749 5.6
      vertex -2.95303 5.96109 5.6
    endloop
  endfacet
  facet normal 0 0 1
    outer loop
      vertex -3.35524 6.17776 5.6
      vertex -2.74466 7.57886 5.6
      vertex -3.29411 7.68636 5.6
    endloop
  endfacet
  facet normal 0 0 1
    outer loop
      vertex -2.74466 7.57886 5.6
      vertex -3.35524 6.17776 5.6
      vertex -3.13858 6.08749 5.6
    endloop
  endfacet
  facet normal 0 0 1
    outer loop
      vertex -3.29411 7.68636 5.6
      vertex -3.60301 6.23193 5.6
      vertex -3.35524 6.17776 5.6
    endloop
  endfacet
  facet normal 0 0 1
    outer loop
      vertex -3.8958 7.7222 5.6
      vertex -3.60301 6.23193 5.6
      vertex -3.29411 7.68636 5.6
    endloop
  endfacet
  facet normal 0 0 1
    outer loop
      vertex -3.60301 6.23193 5.6
      vertex -3.8958 7.7222 5.6
      vertex -3.8819 6.25 5.6
    endloop
  endfacet
  facet normal 0 0 1
    outer loop
      vertex -3.8958 7.7222 5.6
      vertex -4.11272 6.23444 5.6
      vertex -3.8819 6.25 5.6
    endloop
  endfacet
  facet normal -0 0 1
    outer loop
      vertex -4.313 7.70441 5.6
      vertex -4.11272 6.23444 5.6
      vertex -3.8958 7.7222 5.6
    endloop
  endfacet
  facet normal 0 0 1
    outer loop
      vertex -4.313 7.70441 5.6
      vertex -4.32744 6.18777 5.6
      vertex -4.11272 6.23444 5.6
    endloop
  endfacet
  facet normal -0 0 1
    outer loop
      vertex -4.70911 7.65108 5.6
      vertex -4.32744 6.18777 5.6
      vertex -4.313 7.70441 5.6
    endloop
  endfacet
  facet normal 0 0 1
    outer loop
      vertex -4.32744 6.18777 5.6
      vertex -4.70911 7.65108 5.6
      vertex -4.52606 6.10999 5.6
    endloop
  endfacet
  facet normal -0 0 1
    outer loop
      vertex -5.08411 7.56218 5.6
      vertex -4.52606 6.10999 5.6
      vertex -4.70911 7.65108 5.6
    endloop
  endfacet
  facet normal -0 0 1
    outer loop
      vertex -5.438 7.43771 5.6
      vertex -4.52606 6.10999 5.6
      vertex -5.08411 7.56218 5.6
    endloop
  endfacet
  facet normal 0 0 1
    outer loop
      vertex -4.52606 6.10999 5.6
      vertex -5.438 7.43771 5.6
      vertex -4.70859 6.0011 5.6
    endloop
  endfacet
  facet normal -0 0 1
    outer loop
      vertex -5.7708 7.27769 5.6
      vertex -4.70859 6.0011 5.6
      vertex -5.438 7.43771 5.6
    endloop
  endfacet
  facet normal 0 0 1
    outer loop
      vertex -4.70859 6.0011 5.6
      vertex -5.7708 7.27769 5.6
      vertex -4.875 5.8611 5.6
    endloop
  endfacet
  facet normal -0 0 1
    outer loop
      vertex -6.07883 7.08243 5.6
      vertex -4.875 5.8611 5.6
      vertex -5.7708 7.27769 5.6
    endloop
  endfacet
  facet normal 0 0 1
    outer loop
      vertex -4.875 5.8611 5.6
      vertex -6.07883 7.08243 5.6
      vertex -5.02026 5.68831 5.6
    endloop
  endfacet
  facet normal -0 0 1
    outer loop
      vertex -6.35854 6.85216 5.6
      vertex -5.02026 5.68831 5.6
      vertex -6.07883 7.08243 5.6
    endloop
  endfacet
  facet normal 0 0 1
    outer loop
      vertex -5.02026 5.68831 5.6
      vertex -6.60992 6.58688 5.6
      vertex -5.1394 5.48109 5.6
    endloop
  endfacet
  facet normal -0 0 1
    outer loop
      vertex -6.60992 6.58688 5.6
      vertex -5.02026 5.68831 5.6
      vertex -6.35854 6.85216 5.6
    endloop
  endfacet
  facet normal -0 0 1
    outer loop
      vertex -2.43739 4.65279 5.6
      vertex -0.492996 4.27779 5.6
      vertex -0.529663 4.90863 5.6
    endloop
  endfacet
  facet normal -0 0 1
    outer loop
      vertex -2.45628 4.92084 5.6
      vertex -0.529663 4.90863 5.6
      vertex -0.639664 5.47891 5.6
    endloop
  endfacet
  facet normal 0 0 1
    outer loop
      vertex -2.45628 4.92084 5.6
      vertex -0.639664 5.47891 5.6
      vertex -0.823013 5.98863 5.6
    endloop
  endfacet
  facet normal 0 0 1
    outer loop
      vertex -2.45628 4.92084 5.6
      vertex -0.823013 5.98863 5.6
      vertex -1.07968 6.43779 5.6
    endloop
  endfacet
  facet normal 0 0 1
    outer loop
      vertex -2.45628 4.92084 5.6
      vertex -1.07968 6.43779 5.6
      vertex -1.4097 6.82639 5.6
    endloop
  endfacet
  facet normal 0 0 1
    outer loop
      vertex -2.45628 4.92084 5.6
      vertex -1.4097 6.82639 5.6
      vertex -1.80244 7.14888 5.6
    endloop
  endfacet
  facet normal 0 0 1
    outer loop
      vertex -2.95303 5.96109 5.6
      vertex -1.80244 7.14888 5.6
      vertex -2.24744 7.3997 5.6
    endloop
  endfacet
  facet normal 0 0 1
    outer loop
      vertex -0.492996 4.27779 5.6
      vertex -2.43739 4.65279 5.6
      vertex -0.492996 3.27779 5.6
    endloop
  endfacet
  facet normal 0 0 1
    outer loop
      vertex -5.3819 3.27779 5.6
      vertex -2.43739 4.65279 5.6
      vertex -5.34019 4.65279 5.6
    endloop
  endfacet
  facet normal 0 0 1
    outer loop
      vertex -2.43739 4.65279 5.6
      vertex -5.3819 3.27779 5.6
      vertex -0.492996 3.27779 5.6
    endloop
  endfacet
  facet normal -0 0 1
    outer loop
      vertex -1.17738 1.88414 5.6
      vertex -0.923492 0.402786 5.6
      vertex -0.923492 2 5.6
    endloop
  endfacet
  facet normal -0 0 1
    outer loop
      vertex -1.42796 1.78108 5.6
      vertex -0.923492 0.402786 5.6
      vertex -1.17738 1.88414 5.6
    endloop
  endfacet
  facet normal -0 0 1
    outer loop
      vertex -1.6752 1.6908 5.6
      vertex -0.923492 0.402786 5.6
      vertex -1.42796 1.78108 5.6
    endloop
  endfacet
  facet normal 0 0 1
    outer loop
      vertex -0.923492 0.402786 5.6
      vertex -1.6752 1.6908 5.6
      vertex -1.14824 0.297516 5.6
    endloop
  endfacet
  facet normal 0 0 1
    outer loop
      vertex -1.14824 0.297516 5.6
      vertex -1.6752 1.6908 5.6
      vertex -1.37798 0.203903 5.6
    endloop
  endfacet
  facet normal -0 0 1
    outer loop
      vertex -1.91911 1.61331 5.6
      vertex -1.37798 0.203903 5.6
      vertex -1.6752 1.6908 5.6
    endloop
  endfacet
  facet normal 0 0 1
    outer loop
      vertex -1.37798 0.203903 5.6
      vertex -1.91911 1.61331 5.6
      vertex -1.61272 0.121964 5.6
    endloop
  endfacet
  facet normal -0 0 1
    outer loop
      vertex -2.1597 1.5486 5.6
      vertex -1.61272 0.121964 5.6
      vertex -1.91911 1.61331 5.6
    endloop
  endfacet
  facet normal 0 0 1
    outer loop
      vertex -1.61272 0.121964 5.6
      vertex -2.1597 1.5486 5.6
      vertex -1.85245 0.0516815 5.6
    endloop
  endfacet
  facet normal -0 0 1
    outer loop
      vertex -2.40413 1.49611 5.6
      vertex -1.85245 0.0516815 5.6
      vertex -2.1597 1.5486 5.6
    endloop
  endfacet
  facet normal 0 0 1
    outer loop
      vertex -1.85245 0.0516815 5.6
      vertex -2.40413 1.49611 5.6
      vertex -2.0972 -0.00689697 5.6
    endloop
  endfacet
  facet normal 0 0 1
    outer loop
      vertex -2.0972 -0.00689697 5.6
      vertex -2.40413 1.49611 5.6
      vertex -2.35468 -0.0544128 5.6
    endloop
  endfacet
  facet normal -0 0 1
    outer loop
      vertex -2.65968 1.45528 5.6
      vertex -2.35468 -0.0544128 5.6
      vertex -2.40413 1.49611 5.6
    endloop
  endfacet
  facet normal 0 0 1
    outer loop
      vertex -2.35468 -0.0544128 5.6
      vertex -2.65968 1.45528 5.6
      vertex -2.63272 -0.0913696 5.6
    endloop
  endfacet
  facet normal -0 0 1
    outer loop
      vertex -2.92633 1.42612 5.6
      vertex -2.63272 -0.0913696 5.6
      vertex -2.65968 1.45528 5.6
    endloop
  endfacet
  facet normal 0 0 1
    outer loop
      vertex -2.92633 1.42612 5.6
      vertex -2.93132 -0.117767 5.6
      vertex -2.63272 -0.0913696 5.6
    endloop
  endfacet
  facet normal -0 0 1
    outer loop
      vertex -3.20412 1.40863 5.6
      vertex -2.93132 -0.117767 5.6
      vertex -2.92633 1.42612 5.6
    endloop
  endfacet
  facet normal 0 0 1
    outer loop
      vertex -3.20412 1.40863 5.6
      vertex -3.25047 -0.133606 5.6
      vertex -2.93132 -0.117767 5.6
    endloop
  endfacet
  facet normal -0 0 1
    outer loop
      vertex -3.493 1.40279 5.6
      vertex -3.25047 -0.133606 5.6
      vertex -3.20412 1.40863 5.6
    endloop
  endfacet
  facet normal 0 0 1
    outer loop
      vertex -3.493 1.40279 5.6
      vertex -3.59019 -0.138885 5.6
      vertex -3.25047 -0.133606 5.6
    endloop
  endfacet
  facet normal 0 0 1
    outer loop
      vertex -3.82771 1.42279 5.6
      vertex -3.59019 -0.138885 5.6
      vertex -3.493 1.40279 5.6
    endloop
  endfacet
  facet normal 0 0 1
    outer loop
      vertex -3.82771 1.42279 5.6
      vertex -4.0352 -0.121948 5.6
      vertex -3.59019 -0.138885 5.6
    endloop
  endfacet
  facet normal 0 0 1
    outer loop
      vertex -4.1319 1.48279 5.6
      vertex -4.0352 -0.121948 5.6
      vertex -3.82771 1.42279 5.6
    endloop
  endfacet
  facet normal 0 0 1
    outer loop
      vertex -4.86188 0.0135956 5.6
      vertex -4.1319 1.48279 5.6
      vertex -4.4055 1.58279 5.6
    endloop
  endfacet
  facet normal 0 0 1
    outer loop
      vertex -4.1319 1.48279 5.6
      vertex -4.45909 -0.0711212 5.6
      vertex -4.0352 -0.121948 5.6
    endloop
  endfacet
  facet normal 0 0 1
    outer loop
      vertex -5.24355 0.132202 5.6
      vertex -4.4055 1.58279 5.6
      vertex -4.64857 1.72279 5.6
    endloop
  endfacet
  facet normal 0 0 1
    outer loop
      vertex -5.6041 0.284698 5.6
      vertex -4.64857 1.72279 5.6
      vertex -4.8611 1.90279 5.6
    endloop
  endfacet
  facet normal 0 0 1
    outer loop
      vertex -4.1319 1.48279 5.6
      vertex -4.86188 0.0135956 5.6
      vertex -4.45909 -0.0711212 5.6
    endloop
  endfacet
  facet normal 0 0 1
    outer loop
      vertex -6.24409 0.693573 5.6
      vertex -4.8611 1.90279 5.6
      vertex -5.03969 2.1178 5.6
    endloop
  endfacet
  facet normal 0 0 1
    outer loop
      vertex -6.7641 1.24245 5.6
      vertex -5.03969 2.1178 5.6
      vertex -5.18106 2.36279 5.6
    endloop
  endfacet
  facet normal 0 0 1
    outer loop
      vertex -4.4055 1.58279 5.6
      vertex -5.24355 0.132202 5.6
      vertex -4.86188 0.0135956 5.6
    endloop
  endfacet
  facet normal 0 0 1
    outer loop
      vertex -6.9791 1.5694 5.6
      vertex -5.18106 2.36279 5.6
      vertex -5.28522 2.63779 5.6
    endloop
  endfacet
  facet normal 0 0 1
    outer loop
      vertex -7.29909 2.32944 5.6
      vertex -5.28522 2.63779 5.6
      vertex -5.35217 2.94279 5.6
    endloop
  endfacet
  facet normal 0 0 1
    outer loop
      vertex -7.39909 2.76279 5.6
      vertex -5.35217 2.94279 5.6
      vertex -5.3819 3.27779 5.6
    endloop
  endfacet
  facet normal 0 0 1
    outer loop
      vertex -4.64857 1.72279 5.6
      vertex -5.6041 0.284698 5.6
      vertex -5.24355 0.132202 5.6
    endloop
  endfacet
  facet normal -0 0 1
    outer loop
      vertex -6.83298 6.28659 5.6
      vertex -5.1394 5.48109 5.6
      vertex -6.60992 6.58688 5.6
    endloop
  endfacet
  facet normal 0 0 1
    outer loop
      vertex -5.1394 5.48109 5.6
      vertex -6.83298 6.28659 5.6
      vertex -5.23245 5.23943 5.6
    endloop
  endfacet
  facet normal -0 0 1
    outer loop
      vertex -7.4791 3.7361 5.6
      vertex -5.3819 3.27779 5.6
      vertex -7.46104 4.25136 5.6
    endloop
  endfacet
  facet normal -0 0 1
    outer loop
      vertex -7.02769 5.95129 5.6
      vertex -5.23245 5.23943 5.6
      vertex -6.83298 6.28659 5.6
    endloop
  endfacet
  facet normal 0 -0 1
    outer loop
      vertex -7.45909 3.23166 5.6
      vertex -5.3819 3.27779 5.6
      vertex -7.4791 3.7361 5.6
    endloop
  endfacet
  facet normal -0 0 1
    outer loop
      vertex -7.1902 5.58047 5.6
      vertex -5.23245 5.23943 5.6
      vertex -7.02769 5.95129 5.6
    endloop
  endfacet
  facet normal 0 -0 1
    outer loop
      vertex -7.39909 2.76279 5.6
      vertex -5.3819 3.27779 5.6
      vertex -7.45909 3.23166 5.6
    endloop
  endfacet
  facet normal 0 0 1
    outer loop
      vertex -5.23245 5.23943 5.6
      vertex -7.1902 5.58047 5.6
      vertex -5.29938 4.96333 5.6
    endloop
  endfacet
  facet normal 0 0 1
    outer loop
      vertex -5.35217 2.94279 5.6
      vertex -7.39909 2.76279 5.6
      vertex -7.29909 2.32944 5.6
    endloop
  endfacet
  facet normal -0 0 1
    outer loop
      vertex -7.31659 5.17355 5.6
      vertex -5.29938 4.96333 5.6
      vertex -7.1902 5.58047 5.6
    endloop
  endfacet
  facet normal 0 0 1
    outer loop
      vertex -5.28522 2.63779 5.6
      vertex -7.29909 2.32944 5.6
      vertex -7.15909 1.93164 5.6
    endloop
  endfacet
  facet normal 0 0 1
    outer loop
      vertex -5.29938 4.96333 5.6
      vertex -7.31659 5.17355 5.6
      vertex -5.34019 4.65279 5.6
    endloop
  endfacet
  facet normal 0 0 1
    outer loop
      vertex -4.8611 1.90279 5.6
      vertex -5.93909 0.471634 5.6
      vertex -5.6041 0.284698 5.6
    endloop
  endfacet
  facet normal -0 0 1
    outer loop
      vertex -7.40688 4.73051 5.6
      vertex -5.34019 4.65279 5.6
      vertex -7.31659 5.17355 5.6
    endloop
  endfacet
  facet normal 0 0 1
    outer loop
      vertex -4.8611 1.90279 5.6
      vertex -6.24409 0.693573 5.6
      vertex -5.93909 0.471634 5.6
    endloop
  endfacet
  facet normal 0 0 1
    outer loop
      vertex -7.46104 4.25136 5.6
      vertex -5.34019 4.65279 5.6
      vertex -7.40688 4.73051 5.6
    endloop
  endfacet
  facet normal 0 0 1
    outer loop
      vertex -5.34019 4.65279 5.6
      vertex -7.46104 4.25136 5.6
      vertex -5.3819 3.27779 5.6
    endloop
  endfacet
  facet normal 0 0 1
    outer loop
      vertex -5.03969 2.1178 5.6
      vertex -6.51909 0.950516 5.6
      vertex -6.24409 0.693573 5.6
    endloop
  endfacet
  facet normal 0 0 1
    outer loop
      vertex -5.28522 2.63779 5.6
      vertex -7.15909 1.93164 5.6
      vertex -6.9791 1.5694 5.6
    endloop
  endfacet
  facet normal 0 0 1
    outer loop
      vertex -5.03969 2.1178 5.6
      vertex -6.7641 1.24245 5.6
      vertex -6.51909 0.950516 5.6
    endloop
  endfacet
  facet normal 0 0 1
    outer loop
      vertex -5.18106 2.36279 5.6
      vertex -6.9791 1.5694 5.6
      vertex -6.7641 1.24245 5.6
    endloop
  endfacet
  facet normal 0 0 1
    outer loop
      vertex 7.48624 4.90863 5.6
      vertex 5.55962 4.92084 5.6
      vertex 5.57851 4.65279 5.6
    endloop
  endfacet
  facet normal 0 0 1
    outer loop
      vertex 6.21346 7.14888 5.6
      vertex 5.51404 5.16943 5.6
      vertex 5.55962 4.92084 5.6
    endloop
  endfacet
  facet normal 0 0 1
    outer loop
      vertex 6.21346 7.14888 5.6
      vertex 5.4418 5.39859 5.6
      vertex 5.51404 5.16943 5.6
    endloop
  endfacet
  facet normal 0 0 1
    outer loop
      vertex 6.21346 7.14888 5.6
      vertex 5.3429 5.60831 5.6
      vertex 5.4418 5.39859 5.6
    endloop
  endfacet
  facet normal 0 0 1
    outer loop
      vertex 4.87732 6.08749 5.6
      vertex 5.76846 7.3997 5.6
      vertex 5.27124 7.57886 5.6
    endloop
  endfacet
  facet normal 0 0 1
    outer loop
      vertex 6.21346 7.14888 5.6
      vertex 5.21732 5.7986 5.6
      vertex 5.3429 5.60831 5.6
    endloop
  endfacet
  facet normal 0 0 1
    outer loop
      vertex 6.21346 7.14888 5.6
      vertex 5.06287 5.96109 5.6
      vertex 5.21732 5.7986 5.6
    endloop
  endfacet
  facet normal 0 0 1
    outer loop
      vertex 5.76846 7.3997 5.6
      vertex 4.87732 6.08749 5.6
      vertex 5.06287 5.96109 5.6
    endloop
  endfacet
  facet normal 0 0 1
    outer loop
      vertex 4.66066 6.17776 5.6
      vertex 5.27124 7.57886 5.6
      vertex 4.72179 7.68636 5.6
    endloop
  endfacet
  facet normal 0 0 1
    outer loop
      vertex 5.27124 7.57886 5.6
      vertex 4.66066 6.17776 5.6
      vertex 4.87732 6.08749 5.6
    endloop
  endfacet
  facet normal 0 0 1
    outer loop
      vertex 4.72179 7.68636 5.6
      vertex 4.41289 6.23193 5.6
      vertex 4.66066 6.17776 5.6
    endloop
  endfacet
  facet normal 0 0 1
    outer loop
      vertex 4.1201 7.7222 5.6
      vertex 4.41289 6.23193 5.6
      vertex 4.72179 7.68636 5.6
    endloop
  endfacet
  facet normal 0 0 1
    outer loop
      vertex 4.41289 6.23193 5.6
      vertex 4.1201 7.7222 5.6
      vertex 4.134 6.25 5.6
    endloop
  endfacet
  facet normal 0 0 1
    outer loop
      vertex 4.1201 7.7222 5.6
      vertex 3.90318 6.23444 5.6
      vertex 4.134 6.25 5.6
    endloop
  endfacet
  facet normal -0 0 1
    outer loop
      vertex 3.7029 7.70441 5.6
      vertex 3.90318 6.23444 5.6
      vertex 4.1201 7.7222 5.6
    endloop
  endfacet
  facet normal 0 0 1
    outer loop
      vertex 3.7029 7.70441 5.6
      vertex 3.68846 6.18777 5.6
      vertex 3.90318 6.23444 5.6
    endloop
  endfacet
  facet normal -0 0 1
    outer loop
      vertex 3.30679 7.65108 5.6
      vertex 3.68846 6.18777 5.6
      vertex 3.7029 7.70441 5.6
    endloop
  endfacet
  facet normal 0 0 1
    outer loop
      vertex 3.68846 6.18777 5.6
      vertex 3.30679 7.65108 5.6
      vertex 3.48984 6.10999 5.6
    endloop
  endfacet
  facet normal -0 0 1
    outer loop
      vertex 2.93179 7.56218 5.6
      vertex 3.48984 6.10999 5.6
      vertex 3.30679 7.65108 5.6
    endloop
  endfacet
  facet normal -0 0 1
    outer loop
      vertex 2.5779 7.43771 5.6
      vertex 3.48984 6.10999 5.6
      vertex 2.93179 7.56218 5.6
    endloop
  endfacet
  facet normal 0 0 1
    outer loop
      vertex 3.48984 6.10999 5.6
      vertex 2.5779 7.43771 5.6
      vertex 3.30733 6.0011 5.6
    endloop
  endfacet
  facet normal -0 0 1
    outer loop
      vertex 2.2451 7.27769 5.6
      vertex 3.30733 6.0011 5.6
      vertex 2.5779 7.43771 5.6
    endloop
  endfacet
  facet normal 0 0 1
    outer loop
      vertex 3.30733 6.0011 5.6
      vertex 2.2451 7.27769 5.6
      vertex 3.14091 5.8611 5.6
    endloop
  endfacet
  facet normal -0 0 1
    outer loop
      vertex 1.93707 7.08243 5.6
      vertex 3.14091 5.8611 5.6
      vertex 2.2451 7.27769 5.6
    endloop
  endfacet
  facet normal 0 0 1
    outer loop
      vertex 3.14091 5.8611 5.6
      vertex 1.93707 7.08243 5.6
      vertex 2.99565 5.68831 5.6
    endloop
  endfacet
  facet normal -0 0 1
    outer loop
      vertex 1.65736 6.85216 5.6
      vertex 2.99565 5.68831 5.6
      vertex 1.93707 7.08243 5.6
    endloop
  endfacet
  facet normal 0 0 1
    outer loop
      vertex 2.99565 5.68831 5.6
      vertex 1.40599 6.58688 5.6
      vertex 2.8765 5.48109 5.6
    endloop
  endfacet
  facet normal -0 0 1
    outer loop
      vertex 1.40599 6.58688 5.6
      vertex 2.99565 5.68831 5.6
      vertex 1.65736 6.85216 5.6
    endloop
  endfacet
  facet normal -0 0 1
    outer loop
      vertex 5.57851 4.65279 5.6
      vertex 7.5229 4.27779 5.6
      vertex 7.48624 4.90863 5.6
    endloop
  endfacet
  facet normal -0 0 1
    outer loop
      vertex 5.55962 4.92084 5.6
      vertex 7.48624 4.90863 5.6
      vertex 7.37624 5.47891 5.6
    endloop
  endfacet
  facet normal 0 0 1
    outer loop
      vertex 5.55962 4.92084 5.6
      vertex 7.37624 5.47891 5.6
      vertex 7.1929 5.98863 5.6
    endloop
  endfacet
  facet normal 0 0 1
    outer loop
      vertex 5.55962 4.92084 5.6
      vertex 7.1929 5.98863 5.6
      vertex 6.93622 6.43779 5.6
    endloop
  endfacet
  facet normal 0 0 1
    outer loop
      vertex 5.55962 4.92084 5.6
      vertex 6.93622 6.43779 5.6
      vertex 6.6062 6.82639 5.6
    endloop
  endfacet
  facet normal 0 0 1
    outer loop
      vertex 5.55962 4.92084 5.6
      vertex 6.6062 6.82639 5.6
      vertex 6.21346 7.14888 5.6
    endloop
  endfacet
  facet normal 0 0 1
    outer loop
      vertex 5.06287 5.96109 5.6
      vertex 6.21346 7.14888 5.6
      vertex 5.76846 7.3997 5.6
    endloop
  endfacet
  facet normal 0 0 1
    outer loop
      vertex 7.5229 4.27779 5.6
      vertex 5.57851 4.65279 5.6
      vertex 7.5229 3.27779 5.6
    endloop
  endfacet
  facet normal 0 0 1
    outer loop
      vertex 2.634 3.27779 5.6
      vertex 5.57851 4.65279 5.6
      vertex 2.6757 4.65279 5.6
    endloop
  endfacet
  facet normal 0 0 1
    outer loop
      vertex 5.57851 4.65279 5.6
      vertex 2.634 3.27779 5.6
      vertex 7.5229 3.27779 5.6
    endloop
  endfacet
  facet normal -0 0 1
    outer loop
      vertex 6.83852 1.88414 5.6
      vertex 7.09241 0.402786 5.6
      vertex 7.09241 2 5.6
    endloop
  endfacet
  facet normal -0 0 1
    outer loop
      vertex 6.58795 1.78108 5.6
      vertex 7.09241 0.402786 5.6
      vertex 6.83852 1.88414 5.6
    endloop
  endfacet
  facet normal -0 0 1
    outer loop
      vertex 6.3407 1.6908 5.6
      vertex 7.09241 0.402786 5.6
      vertex 6.58795 1.78108 5.6
    endloop
  endfacet
  facet normal 0 0 1
    outer loop
      vertex 7.09241 0.402786 5.6
      vertex 6.3407 1.6908 5.6
      vertex 6.86768 0.297516 5.6
    endloop
  endfacet
  facet normal 0 0 1
    outer loop
      vertex 6.86768 0.297516 5.6
      vertex 6.3407 1.6908 5.6
      vertex 6.63792 0.203903 5.6
    endloop
  endfacet
  facet normal -0 0 1
    outer loop
      vertex 6.09679 1.61331 5.6
      vertex 6.63792 0.203903 5.6
      vertex 6.3407 1.6908 5.6
    endloop
  endfacet
  facet normal 0 0 1
    outer loop
      vertex 6.63792 0.203903 5.6
      vertex 6.09679 1.61331 5.6
      vertex 6.40318 0.121964 5.6
    endloop
  endfacet
  facet normal -0 0 1
    outer loop
      vertex 5.8562 1.5486 5.6
      vertex 6.40318 0.121964 5.6
      vertex 6.09679 1.61331 5.6
    endloop
  endfacet
  facet normal 0 0 1
    outer loop
      vertex 6.40318 0.121964 5.6
      vertex 5.8562 1.5486 5.6
      vertex 6.16345 0.0516815 5.6
    endloop
  endfacet
  facet normal -0 0 1
    outer loop
      vertex 5.61177 1.49611 5.6
      vertex 6.16345 0.0516815 5.6
      vertex 5.8562 1.5486 5.6
    endloop
  endfacet
  facet normal 0 0 1
    outer loop
      vertex 6.16345 0.0516815 5.6
      vertex 5.61177 1.49611 5.6
      vertex 5.9187 -0.00689697 5.6
    endloop
  endfacet
  facet normal 0 0 1
    outer loop
      vertex 5.9187 -0.00689697 5.6
      vertex 5.61177 1.49611 5.6
      vertex 5.66122 -0.0544128 5.6
    endloop
  endfacet
  facet normal -0 0 1
    outer loop
      vertex 5.35623 1.45528 5.6
      vertex 5.66122 -0.0544128 5.6
      vertex 5.61177 1.49611 5.6
    endloop
  endfacet
  facet normal 0 0 1
    outer loop
      vertex 5.66122 -0.0544128 5.6
      vertex 5.35623 1.45528 5.6
      vertex 5.38319 -0.0913696 5.6
    endloop
  endfacet
  facet normal -0 0 1
    outer loop
      vertex 5.08957 1.42612 5.6
      vertex 5.38319 -0.0913696 5.6
      vertex 5.35623 1.45528 5.6
    endloop
  endfacet
  facet normal 0 0 1
    outer loop
      vertex 5.08957 1.42612 5.6
      vertex 5.08459 -0.117767 5.6
      vertex 5.38319 -0.0913696 5.6
    endloop
  endfacet
  facet normal -0 0 1
    outer loop
      vertex 4.8118 1.40863 5.6
      vertex 5.08459 -0.117767 5.6
      vertex 5.08957 1.42612 5.6
    endloop
  endfacet
  facet normal 0 0 1
    outer loop
      vertex 4.8118 1.40863 5.6
      vertex 4.76543 -0.133606 5.6
      vertex 5.08459 -0.117767 5.6
    endloop
  endfacet
  facet normal -0 0 1
    outer loop
      vertex 4.5229 1.40279 5.6
      vertex 4.76543 -0.133606 5.6
      vertex 4.8118 1.40863 5.6
    endloop
  endfacet
  facet normal 0 0 1
    outer loop
      vertex 4.5229 1.40279 5.6
      vertex 4.4257 -0.138885 5.6
      vertex 4.76543 -0.133606 5.6
    endloop
  endfacet
  facet normal 0 0 1
    outer loop
      vertex 4.18819 1.42279 5.6
      vertex 4.4257 -0.138885 5.6
      vertex 4.5229 1.40279 5.6
    endloop
  endfacet
  facet normal 0 0 1
    outer loop
      vertex 4.18819 1.42279 5.6
      vertex 3.9807 -0.121948 5.6
      vertex 4.4257 -0.138885 5.6
    endloop
  endfacet
  facet normal 0 0 1
    outer loop
      vertex 3.88402 1.48279 5.6
      vertex 3.9807 -0.121948 5.6
      vertex 4.18819 1.42279 5.6
    endloop
  endfacet
  facet normal 0 0 1
    outer loop
      vertex 3.15404 0.0135956 5.6
      vertex 3.88402 1.48279 5.6
      vertex 3.6104 1.58279 5.6
    endloop
  endfacet
  facet normal 0 0 1
    outer loop
      vertex 3.88402 1.48279 5.6
      vertex 3.55681 -0.0711212 5.6
      vertex 3.9807 -0.121948 5.6
    endloop
  endfacet
  facet normal 0 0 1
    outer loop
      vertex 2.77237 0.132202 5.6
      vertex 3.6104 1.58279 5.6
      vertex 3.36732 1.72279 5.6
    endloop
  endfacet
  facet normal 0 0 1
    outer loop
      vertex 2.4118 0.284698 5.6
      vertex 3.36732 1.72279 5.6
      vertex 3.15482 1.90279 5.6
    endloop
  endfacet
  facet normal 0 0 1
    outer loop
      vertex 3.88402 1.48279 5.6
      vertex 3.15404 0.0135956 5.6
      vertex 3.55681 -0.0711212 5.6
    endloop
  endfacet
  facet normal 0 0 1
    outer loop
      vertex 1.7718 0.693573 5.6
      vertex 3.15482 1.90279 5.6
      vertex 2.97621 2.1178 5.6
    endloop
  endfacet
  facet normal 0 0 1
    outer loop
      vertex 1.25182 1.24245 5.6
      vertex 2.97621 2.1178 5.6
      vertex 2.83484 2.36279 5.6
    endloop
  endfacet
  facet normal 0 0 1
    outer loop
      vertex 3.6104 1.58279 5.6
      vertex 2.77237 0.132202 5.6
      vertex 3.15404 0.0135956 5.6
    endloop
  endfacet
  facet normal 0 0 1
    outer loop
      vertex 1.0368 1.5694 5.6
      vertex 2.83484 2.36279 5.6
      vertex 2.73068 2.63779 5.6
    endloop
  endfacet
  facet normal 0 0 1
    outer loop
      vertex 0.716812 2.32944 5.6
      vertex 2.73068 2.63779 5.6
      vertex 2.66374 2.94279 5.6
    endloop
  endfacet
  facet normal 0 0 1
    outer loop
      vertex 0.616806 2.76279 5.6
      vertex 2.66374 2.94279 5.6
      vertex 2.634 3.27779 5.6
    endloop
  endfacet
  facet normal 0 0 1
    outer loop
      vertex 3.36732 1.72279 5.6
      vertex 2.4118 0.284698 5.6
      vertex 2.77237 0.132202 5.6
    endloop
  endfacet
  facet normal -0 0 1
    outer loop
      vertex 1.18294 6.28659 5.6
      vertex 2.8765 5.48109 5.6
      vertex 1.40599 6.58688 5.6
    endloop
  endfacet
  facet normal 0 0 1
    outer loop
      vertex 2.8765 5.48109 5.6
      vertex 1.18294 6.28659 5.6
      vertex 2.78345 5.23943 5.6
    endloop
  endfacet
  facet normal -0 0 1
    outer loop
      vertex 0.536804 3.7361 5.6
      vertex 2.634 3.27779 5.6
      vertex 0.554871 4.25136 5.6
    endloop
  endfacet
  facet normal -0 0 1
    outer loop
      vertex 0.988205 5.95129 5.6
      vertex 2.78345 5.23943 5.6
      vertex 1.18294 6.28659 5.6
    endloop
  endfacet
  facet normal 0 -0 1
    outer loop
      vertex 0.556808 3.23166 5.6
      vertex 2.634 3.27779 5.6
      vertex 0.536804 3.7361 5.6
    endloop
  endfacet
  facet normal -0 0 1
    outer loop
      vertex 0.825699 5.58047 5.6
      vertex 2.78345 5.23943 5.6
      vertex 0.988205 5.95129 5.6
    endloop
  endfacet
  facet normal 0 -0 1
    outer loop
      vertex 0.616806 2.76279 5.6
      vertex 2.634 3.27779 5.6
      vertex 0.556808 3.23166 5.6
    endloop
  endfacet
  facet normal 0 0 1
    outer loop
      vertex 2.78345 5.23943 5.6
      vertex 0.825699 5.58047 5.6
      vertex 2.71652 4.96333 5.6
    endloop
  endfacet
  facet normal 0 0 1
    outer loop
      vertex 2.66374 2.94279 5.6
      vertex 0.616806 2.76279 5.6
      vertex 0.716812 2.32944 5.6
    endloop
  endfacet
  facet normal -0 0 1
    outer loop
      vertex 0.69931 5.17355 5.6
      vertex 2.71652 4.96333 5.6
      vertex 0.825699 5.58047 5.6
    endloop
  endfacet
  facet normal 0 0 1
    outer loop
      vertex 2.73068 2.63779 5.6
      vertex 0.716812 2.32944 5.6
      vertex 0.856812 1.93164 5.6
    endloop
  endfacet
  facet normal 0 0 1
    outer loop
      vertex 2.71652 4.96333 5.6
      vertex 0.69931 5.17355 5.6
      vertex 2.6757 4.65279 5.6
    endloop
  endfacet
  facet normal 0 0 1
    outer loop
      vertex 3.15482 1.90279 5.6
      vertex 2.07681 0.471634 5.6
      vertex 2.4118 0.284698 5.6
    endloop
  endfacet
  facet normal -0 0 1
    outer loop
      vertex 0.609039 4.73051 5.6
      vertex 2.6757 4.65279 5.6
      vertex 0.69931 5.17355 5.6
    endloop
  endfacet
  facet normal 0 0 1
    outer loop
      vertex 3.15482 1.90279 5.6
      vertex 1.7718 0.693573 5.6
      vertex 2.07681 0.471634 5.6
    endloop
  endfacet
  facet normal 0 0 1
    outer loop
      vertex 0.554871 4.25136 5.6
      vertex 2.6757 4.65279 5.6
      vertex 0.609039 4.73051 5.6
    endloop
  endfacet
  facet normal 0 0 1
    outer loop
      vertex 2.6757 4.65279 5.6
      vertex 0.554871 4.25136 5.6
      vertex 2.634 3.27779 5.6
    endloop
  endfacet
  facet normal 0 0 1
    outer loop
      vertex 2.97621 2.1178 5.6
      vertex 1.49681 0.950516 5.6
      vertex 1.7718 0.693573 5.6
    endloop
  endfacet
  facet normal 0 0 1
    outer loop
      vertex 2.73068 2.63779 5.6
      vertex 0.856812 1.93164 5.6
      vertex 1.0368 1.5694 5.6
    endloop
  endfacet
  facet normal 0 0 1
    outer loop
      vertex 2.97621 2.1178 5.6
      vertex 1.25182 1.24245 5.6
      vertex 1.49681 0.950516 5.6
    endloop
  endfacet
  facet normal 0 0 1
    outer loop
      vertex 2.83484 2.36279 5.6
      vertex 1.0368 1.5694 5.6
      vertex 1.25182 1.24245 5.6
    endloop
  endfacet
  facet normal -0 0 1
    outer loop
      vertex 13.9833 3.8333 5.6
      vertex 16.0944 3.80559 5.6
      vertex 16.0628 4.5403 5.6
    endloop
  endfacet
  facet normal -0 0 1
    outer loop
      vertex 13.9267 4.63829 5.6
      vertex 16.0628 4.5403 5.6
      vertex 15.9678 5.2 5.6
    endloop
  endfacet
  facet normal 0 0 1
    outer loop
      vertex 13.9697 3.40968 5.6
      vertex 16.0944 3.80559 5.6
      vertex 13.9833 3.8333 5.6
    endloop
  endfacet
  facet normal 0 0 1
    outer loop
      vertex 13.9267 4.63829 5.6
      vertex 15.9678 5.2 5.6
      vertex 15.8094 5.7847 5.6
    endloop
  endfacet
  facet normal 0 0 1
    outer loop
      vertex 16.0944 3.80559 5.6
      vertex 13.9697 3.40968 5.6
      vertex 16.0616 3.0703 5.6
    endloop
  endfacet
  facet normal 0 0 1
    outer loop
      vertex 13.7567 5.26439 5.6
      vertex 15.8094 5.7847 5.6
      vertex 15.5877 6.29439 5.6
    endloop
  endfacet
  facet normal 0 0 1
    outer loop
      vertex 13.9289 3.02774 5.6
      vertex 16.0616 3.0703 5.6
      vertex 13.9697 3.40968 5.6
    endloop
  endfacet
  facet normal 0 0 1
    outer loop
      vertex 13.7567 5.26439 5.6
      vertex 15.5877 6.29439 5.6
      vertex 15.3027 6.7291 5.6
    endloop
  endfacet
  facet normal 0 0 1
    outer loop
      vertex 16.0616 3.0703 5.6
      vertex 13.9289 3.02774 5.6
      vertex 15.9633 2.40889 5.6
    endloop
  endfacet
  facet normal 0 0 1
    outer loop
      vertex 13.4733 5.71161 5.6
      vertex 15.3027 6.7291 5.6
      vertex 14.9666 7.08661 5.6
    endloop
  endfacet
  facet normal -0 0 1
    outer loop
      vertex 13.8608 2.68745 5.6
      vertex 15.9633 2.40889 5.6
      vertex 13.9289 3.02774 5.6
    endloop
  endfacet
  facet normal 0 0 1
    outer loop
      vertex 13.4733 5.71161 5.6
      vertex 14.9666 7.08661 5.6
      vertex 14.5916 7.36467 5.6
    endloop
  endfacet
  facet normal 0 0 1
    outer loop
      vertex 15.9633 2.40889 5.6
      vertex 13.8608 2.68745 5.6
      vertex 15.7994 1.82137 5.6
    endloop
  endfacet
  facet normal 0 0 1
    outer loop
      vertex 13.4733 5.71161 5.6
      vertex 14.5916 7.36467 5.6
      vertex 14.1777 7.56329 5.6
    endloop
  endfacet
  facet normal -0 0 1
    outer loop
      vertex 13.7655 2.38884 5.6
      vertex 15.7994 1.82137 5.6
      vertex 13.8608 2.68745 5.6
    endloop
  endfacet
  facet normal 0 0 1
    outer loop
      vertex 15.7994 1.82137 5.6
      vertex 13.7655 2.38884 5.6
      vertex 15.5699 1.30774 5.6
    endloop
  endfacet
  facet normal 0 0 1
    outer loop
      vertex 16.0628 4.5403 5.6
      vertex 13.9267 4.63829 5.6
      vertex 13.9833 3.8333 5.6
    endloop
  endfacet
  facet normal 0 0 1
    outer loop
      vertex 15.8094 5.7847 5.6
      vertex 13.7567 5.26439 5.6
      vertex 13.9267 4.63829 5.6
    endloop
  endfacet
  facet normal 0 0 1
    outer loop
      vertex 13.0766 5.97995 5.6
      vertex 14.1777 7.56329 5.6
      vertex 13.725 7.68246 5.6
    endloop
  endfacet
  facet normal 0 0 1
    outer loop
      vertex 15.3027 6.7291 5.6
      vertex 13.4733 5.71161 5.6
      vertex 13.7567 5.26439 5.6
    endloop
  endfacet
  facet normal 0 0 1
    outer loop
      vertex 13.0766 5.97995 5.6
      vertex 13.725 7.68246 5.6
      vertex 13.2333 7.7222 5.6
    endloop
  endfacet
  facet normal 0 0 1
    outer loop
      vertex 14.1777 7.56329 5.6
      vertex 13.0766 5.97995 5.6
      vertex 13.4733 5.71161 5.6
    endloop
  endfacet
  facet normal -0 0 1
    outer loop
      vertex 12.9178 7.70886 5.6
      vertex 13.0766 5.97995 5.6
      vertex 13.2333 7.7222 5.6
    endloop
  endfacet
  facet normal 0 0 1
    outer loop
      vertex 12.5666 6.0694 5.6
      vertex 12.9178 7.70886 5.6
      vertex 12.6266 7.66887 5.6
    endloop
  endfacet
  facet normal 0 0 1
    outer loop
      vertex 12.9178 7.70886 5.6
      vertex 12.5666 6.0694 5.6
      vertex 13.0766 5.97995 5.6
    endloop
  endfacet
  facet normal -0 0 1
    outer loop
      vertex 12.3599 7.6022 5.6
      vertex 12.5666 6.0694 5.6
      vertex 12.6266 7.66887 5.6
    endloop
  endfacet
  facet normal -0 0 1
    outer loop
      vertex 12.1177 7.50888 5.6
      vertex 12.5666 6.0694 5.6
      vertex 12.3599 7.6022 5.6
    endloop
  endfacet
  facet normal 0 0 1
    outer loop
      vertex 12.5666 6.0694 5.6
      vertex 12.1177 7.50888 5.6
      vertex 12.2635 6.04939 5.6
    endloop
  endfacet
  facet normal -0 0 1
    outer loop
      vertex 11.8999 7.38889 5.6
      vertex 12.2635 6.04939 5.6
      vertex 12.1177 7.50888 5.6
    endloop
  endfacet
  facet normal -0 0 1
    outer loop
      vertex 11.7027 7.25056 5.6
      vertex 12.2635 6.04939 5.6
      vertex 11.8999 7.38889 5.6
    endloop
  endfacet
  facet normal -0 0 1
    outer loop
      vertex 11.5222 7.10223 5.6
      vertex 12.2635 6.04939 5.6
      vertex 11.7027 7.25056 5.6
    endloop
  endfacet
  facet normal 0 0 1
    outer loop
      vertex 12.2635 6.04939 5.6
      vertex 11.5222 7.10223 5.6
      vertex 11.9988 5.9894 5.6
    endloop
  endfacet
  facet normal -0 0 1
    outer loop
      vertex 11.3583 6.94389 5.6
      vertex 11.9988 5.9894 5.6
      vertex 11.5222 7.10223 5.6
    endloop
  endfacet
  facet normal -0 0 1
    outer loop
      vertex 11.2111 6.77554 5.6
      vertex 11.9988 5.9894 5.6
      vertex 11.3583 6.94389 5.6
    endloop
  endfacet
  facet normal 0 0 1
    outer loop
      vertex 11.9988 5.9894 5.6
      vertex 11.2111 6.77554 5.6
      vertex 11.7724 5.88939 5.6
    endloop
  endfacet
  facet normal -0 0 1
    outer loop
      vertex 11.0805 6.5972 5.6
      vertex 11.7724 5.88939 5.6
      vertex 11.2111 6.77554 5.6
    endloop
  endfacet
  facet normal 0 0 1
    outer loop
      vertex 11.7724 5.88939 5.6
      vertex 11.0805 6.5972 5.6
      vertex 11.5844 5.74939 5.6
    endloop
  endfacet
  facet normal 0 0 1
    outer loop
      vertex 11.5844 5.74939 5.6
      vertex 11.0805 6.5972 5.6
      vertex 11.4346 5.5694 5.6
    endloop
  endfacet
  facet normal -0 0 1
    outer loop
      vertex 10.9833 6.5972 5.6
      vertex 11.4346 5.5694 5.6
      vertex 11.0805 6.5972 5.6
    endloop
  endfacet
  facet normal 0 0 1
    outer loop
      vertex 11.4346 5.5694 5.6
      vertex 10.9833 6.5972 5.6
      vertex 11.316 5.34828 5.6
    endloop
  endfacet
  facet normal 0 0 1
    outer loop
      vertex 11.316 5.34828 5.6
      vertex 10.9833 6.5972 5.6
      vertex 11.2213 5.08496 5.6
    endloop
  endfacet
  facet normal 0 0 1
    outer loop
      vertex 9.01103 7.5833 5.6
      vertex 11.2213 5.08496 5.6
      vertex 10.9833 6.5972 5.6
    endloop
  endfacet
  facet normal 0 0 1
    outer loop
      vertex 11.2213 5.08496 5.6
      vertex 9.01103 7.5833 5.6
      vertex 11.1505 4.77942 5.6
    endloop
  endfacet
  facet normal 0 0 1
    outer loop
      vertex 11.1505 4.77942 5.6
      vertex 9.01103 7.5833 5.6
      vertex 11.1036 4.43167 5.6
    endloop
  endfacet
  facet normal 0 0 1
    outer loop
      vertex 11.1036 4.43167 5.6
      vertex 9.01103 7.5833 5.6
      vertex 11.0805 4.04169 5.6
    endloop
  endfacet
  facet normal 0 0 1
    outer loop
      vertex 11.0805 4.04169 5.6
      vertex 9.01103 7.5833 5.6
      vertex 11.0805 3.8194 5.6
    endloop
  endfacet
  facet normal 0 0 1
    outer loop
      vertex 11.0805 3.8194 5.6
      vertex 10.9694 0.833298 5.6
      vertex 11.0805 0.833298 5.6
    endloop
  endfacet
  facet normal -0 0 1
    outer loop
      vertex 9.01103 7.5833 5.6
      vertex 10.9833 6.5972 5.6
      vertex 10.6916 7.5833 5.6
    endloop
  endfacet
  facet normal -0 0 1
    outer loop
      vertex 13.643 2.1319 5.6
      vertex 15.5699 1.30774 5.6
      vertex 13.7655 2.38884 5.6
    endloop
  endfacet
  facet normal 0 0 1
    outer loop
      vertex 15.5699 1.30774 5.6
      vertex 13.643 2.1319 5.6
      vertex 15.2749 0.867996 5.6
    endloop
  endfacet
  facet normal -0 0 1
    outer loop
      vertex 13.4922 1.91942 5.6
      vertex 15.2749 0.867996 5.6
      vertex 13.643 2.1319 5.6
    endloop
  endfacet
  facet normal 0 0 1
    outer loop
      vertex 15.2749 0.867996 5.6
      vertex 13.4922 1.91942 5.6
      vertex 14.9288 0.505508 5.6
    endloop
  endfacet
  facet normal 0 0 1
    outer loop
      vertex 14.9288 0.505508 5.6
      vertex 13.4922 1.91942 5.6
      vertex 14.5461 0.223572 5.6
    endloop
  endfacet
  facet normal -0 0 1
    outer loop
      vertex 13.3119 1.75417 5.6
      vertex 14.5461 0.223572 5.6
      vertex 13.4922 1.91942 5.6
    endloop
  endfacet
  facet normal 0 0 1
    outer loop
      vertex 14.5461 0.223572 5.6
      vertex 13.3119 1.75417 5.6
      vertex 14.1266 0.0222015 5.6
    endloop
  endfacet
  facet normal -0 0 1
    outer loop
      vertex 13.1022 1.63612 5.6
      vertex 14.1266 0.0222015 5.6
      vertex 13.3119 1.75417 5.6
    endloop
  endfacet
  facet normal 0 0 1
    outer loop
      vertex 14.1266 0.0222015 5.6
      vertex 13.1022 1.63612 5.6
      vertex 13.6705 -0.0986176 5.6
    endloop
  endfacet
  facet normal 0 0 1
    outer loop
      vertex 13.6705 -0.0986176 5.6
      vertex 13.1022 1.63612 5.6
      vertex 13.1777 -0.138885 5.6
    endloop
  endfacet
  facet normal -0 0 1
    outer loop
      vertex 12.863 1.56531 5.6
      vertex 13.1777 -0.138885 5.6
      vertex 13.1022 1.63612 5.6
    endloop
  endfacet
  facet normal 0 0 1
    outer loop
      vertex 13.1777 -0.138885 5.6
      vertex 12.863 1.56531 5.6
      vertex 12.8633 -0.126953 5.6
    endloop
  endfacet
  facet normal 0 0 1
    outer loop
      vertex 12.5755 -0.0911102 5.6
      vertex 12.863 1.56531 5.6
      vertex 12.5944 1.54169 5.6
    endloop
  endfacet
  facet normal 0 0 1
    outer loop
      vertex 12.863 1.56531 5.6
      vertex 12.5755 -0.0911102 5.6
      vertex 12.8633 -0.126953 5.6
    endloop
  endfacet
  facet normal 0 0 1
    outer loop
      vertex 12.5944 1.54169 5.6
      vertex 12.3144 -0.0314026 5.6
      vertex 12.5755 -0.0911102 5.6
    endloop
  endfacet
  facet normal 0 0 1
    outer loop
      vertex 12.0799 0.0522003 5.6
      vertex 12.5944 1.54169 5.6
      vertex 12.2714 1.56531 5.6
    endloop
  endfacet
  facet normal 0 0 1
    outer loop
      vertex 12.5944 1.54169 5.6
      vertex 12.0799 0.0522003 5.6
      vertex 12.3144 -0.0314026 5.6
    endloop
  endfacet
  facet normal 0 0 1
    outer loop
      vertex 11.5121 0.410797 5.6
      vertex 12.2714 1.56531 5.6
      vertex 11.9911 1.63612 5.6
    endloop
  endfacet
  facet normal 0 0 1
    outer loop
      vertex 12.2714 1.56531 5.6
      vertex 11.8721 0.159698 5.6
      vertex 12.0799 0.0522003 5.6
    endloop
  endfacet
  facet normal 0 0 1
    outer loop
      vertex 11.2099 0.686356 5.6
      vertex 11.9911 1.63612 5.6
      vertex 11.7536 1.75417 5.6
    endloop
  endfacet
  facet normal 0 0 1
    outer loop
      vertex 12.2714 1.56531 5.6
      vertex 11.6849 0.282181 5.6
      vertex 11.8721 0.159698 5.6
    endloop
  endfacet
  facet normal 0 0 1
    outer loop
      vertex 11.0805 0.833298 5.6
      vertex 11.7536 1.75417 5.6
      vertex 11.5589 1.91942 5.6
    endloop
  endfacet
  facet normal 0 0 1
    outer loop
      vertex 12.2714 1.56531 5.6
      vertex 11.5121 0.410797 5.6
      vertex 11.6849 0.282181 5.6
    endloop
  endfacet
  facet normal 0 0 1
    outer loop
      vertex 11.0805 0.833298 5.6
      vertex 11.5589 1.91942 5.6
      vertex 11.4069 2.1319 5.6
    endloop
  endfacet
  facet normal 0 0 1
    outer loop
      vertex 11.9911 1.63612 5.6
      vertex 11.3538 0.545517 5.6
      vertex 11.5121 0.410797 5.6
    endloop
  endfacet
  facet normal 0 0 1
    outer loop
      vertex 11.0805 0.833298 5.6
      vertex 11.4069 2.1319 5.6
      vertex 11.2894 2.38829 5.6
    endloop
  endfacet
  facet normal 0 0 1
    outer loop
      vertex 11.9911 1.63612 5.6
      vertex 11.2099 0.686356 5.6
      vertex 11.3538 0.545517 5.6
    endloop
  endfacet
  facet normal 0 0 1
    outer loop
      vertex 11.0805 0.833298 5.6
      vertex 11.2894 2.38829 5.6
      vertex 11.198 2.68524 5.6
    endloop
  endfacet
  facet normal 0 0 1
    outer loop
      vertex 11.0805 0.833298 5.6
      vertex 11.198 2.68524 5.6
      vertex 11.1328 3.02274 5.6
    endloop
  endfacet
  facet normal 0 0 1
    outer loop
      vertex 11.0805 0.833298 5.6
      vertex 11.1328 3.02274 5.6
      vertex 11.0936 3.40079 5.6
    endloop
  endfacet
  facet normal 0 0 1
    outer loop
      vertex 11.7536 1.75417 5.6
      vertex 11.0805 0.833298 5.6
      vertex 11.2099 0.686356 5.6
    endloop
  endfacet
  facet normal 0 0 1
    outer loop
      vertex 11.0805 0.833298 5.6
      vertex 11.0936 3.40079 5.6
      vertex 11.0805 3.8194 5.6
    endloop
  endfacet
  facet normal 0 0 1
    outer loop
      vertex 9.01103 -3.3333 5.6
      vertex 11.0805 -0.277786 5.6
      vertex 11.0761 -0.0644531 5.6
    endloop
  endfacet
  facet normal 0 0 1
    outer loop
      vertex 9.01103 -3.3333 5.6
      vertex 11.0761 -0.0644531 5.6
      vertex 11.0627 0.153305 5.6
    endloop
  endfacet
  facet normal 0 0 1
    outer loop
      vertex 9.01103 -3.3333 5.6
      vertex 11.0627 0.153305 5.6
      vertex 11.0405 0.375534 5.6
    endloop
  endfacet
  facet normal 0 0 1
    outer loop
      vertex 9.01103 -3.3333 5.6
      vertex 11.0405 0.375534 5.6
      vertex 11.0094 0.602188 5.6
    endloop
  endfacet
  facet normal 0 0 1
    outer loop
      vertex 9.01103 -3.3333 5.6
      vertex 11.0094 0.602188 5.6
      vertex 10.9694 0.833298 5.6
    endloop
  endfacet
  facet normal 0 0 1
    outer loop
      vertex 11.0805 3.8194 5.6
      vertex 9.01103 7.5833 5.6
      vertex 10.9694 0.833298 5.6
    endloop
  endfacet
  facet normal 0 0 1
    outer loop
      vertex 10.9694 0.833298 5.6
      vertex 9.01103 7.5833 5.6
      vertex 9.01103 -3.3333 5.6
    endloop
  endfacet
  facet normal 0 0 1
    outer loop
      vertex 11.0805 -0.277786 5.6
      vertex 9.01103 -3.3333 5.6
      vertex 11.0805 -3.3333 5.6
    endloop
  endfacet
  facet normal -0.560549 0.686387 0.463311
    outer loop
      vertex -12.4717 3.0694 12.8564
      vertex -12.5482 3.00841 12.8542
      vertex -12.4735 3.06793 12.8564
    endloop
  endfacet
  facet normal -0.623385 0.781915 0
    outer loop
      vertex -12.4717 3.0694 5.6
      vertex -12.5482 3.00841 12.8542
      vertex -12.4717 3.0694 12.8564
    endloop
  endfacet
  facet normal -0.62313 0.782118 4.39962e-06
    outer loop
      vertex -12.5482 3.00841 12.8542
      vertex -12.4717 3.0694 5.6
      vertex -12.5848 2.97925 12.8531
    endloop
  endfacet
  facet normal -0.623278 0.782 6.23883e-07
    outer loop
      vertex -12.5848 2.97925 12.8531
      vertex -12.4717 3.0694 5.6
      vertex -12.6589 2.92019 12.8507
    endloop
  endfacet
  facet normal -0.623145 0.782107 6.26471e-06
    outer loop
      vertex -12.6589 2.92019 12.8507
      vertex -12.4717 3.0694 5.6
      vertex -12.7297 2.86378 12.848
    endloop
  endfacet
  facet normal -0.623152 0.782101 5.82342e-06
    outer loop
      vertex -13.3606 2.3611 12.7596
      vertex -12.7297 2.86378 12.848
      vertex -12.4717 3.0694 5.6
    endloop
  endfacet
  facet normal -0.623238 0.782032 0.000708381
    outer loop
      vertex -12.7606 2.83919 12.8466
      vertex -13.3606 2.3611 12.7596
      vertex -12.8253 2.78763 12.8438
    endloop
  endfacet
  facet normal -0.623657 0.781681 0.00514509
    outer loop
      vertex -12.8253 2.78763 12.8438
      vertex -13.3606 2.3611 12.7596
      vertex -12.8813 2.74297 12.8409
    endloop
  endfacet
  facet normal -0.62326 0.782013 0.0012464
    outer loop
      vertex -12.8813 2.74297 12.8409
      vertex -13.3606 2.3611 12.7596
      vertex -12.9264 2.70703 12.8381
    endloop
  endfacet
  facet normal -0.622893 0.782304 -0.0020674
    outer loop
      vertex -13.017 2.63487 12.8299
      vertex -12.9264 2.70703 12.8381
      vertex -13.3606 2.3611 12.7596
    endloop
  endfacet
  facet normal -0.6208 0.783251 -0.0335254
    outer loop
      vertex -12.9264 2.70703 12.8381
      vertex -13.017 2.63487 12.8299
      vertex -12.9505 2.68786 12.8365
    endloop
  endfacet
  facet normal -0.625576 0.778225 0.0549512
    outer loop
      vertex -12.9505 2.68786 12.8365
      vertex -13.017 2.63487 12.8299
      vertex -12.9826 2.66224 12.8339
    endloop
  endfacet
  facet normal -0.625046 0.779462 0.0419256
    outer loop
      vertex -12.9826 2.66224 12.8339
      vertex -13.017 2.63487 12.8299
      vertex -12.9992 2.64902 12.8322
    endloop
  endfacet
  facet normal -0.622443 0.782624 -0.00803711
    outer loop
      vertex -12.7297 2.86378 12.848
      vertex -13.3606 2.3611 12.7596
      vertex -12.7606 2.83919 12.8466
    endloop
  endfacet
  facet normal -0.623181 0.782078 0
    outer loop
      vertex -13.3606 2.3611 12.7596
      vertex -12.4717 3.0694 5.6
      vertex -13.3606 2.3611 5.6
    endloop
  endfacet
  facet normal 0.810998 0.585049 0
    outer loop
      vertex -12.4688 3.06538 12.8565
      vertex -12.4717 3.0694 5.6
      vertex -12.4717 3.0694 12.8564
    endloop
  endfacet
  facet normal 0.815254 0.579103 -4.99434e-06
    outer loop
      vertex -12.3545 2.90447 12.8611
      vertex -12.4717 3.0694 5.6
      vertex -12.4688 3.06538 12.8565
    endloop
  endfacet
  facet normal 0.815199 0.579181 -2.35549e-06
    outer loop
      vertex -12.2972 2.82382 12.8634
      vertex -12.4717 3.0694 5.6
      vertex -12.3545 2.90447 12.8611
    endloop
  endfacet
  facet normal 0.815264 0.579089 -6.99864e-06
    outer loop
      vertex -12.1862 2.66755 12.8676
      vertex -12.4717 3.0694 5.6
      vertex -12.2972 2.82382 12.8634
    endloop
  endfacet
  facet normal 0.815259 0.579097 -6.3861e-06
    outer loop
      vertex -12.0825 2.52156 12.8711
      vertex -12.4717 3.0694 5.6
      vertex -12.1862 2.66755 12.8676
    endloop
  endfacet
  facet normal 0.814962 0.579514 4.09292e-05
    outer loop
      vertex -12.0332 2.45223 12.8726
      vertex -12.4717 3.0694 5.6
      vertex -12.0825 2.52156 12.8711
    endloop
  endfacet
  facet normal 0.815436 0.578848 -4.41222e-05
    outer loop
      vertex -11.9403 2.32136 12.8755
      vertex -12.4717 3.0694 5.6
      vertex -12.0332 2.45223 12.8726
    endloop
  endfacet
  facet normal 0.815215 0.579159 3.92001e-06
    outer loop
      vertex -11.8612 2.21002 12.8775
      vertex -12.4717 3.0694 5.6
      vertex -11.9403 2.32136 12.8755
    endloop
  endfacet
  facet normal 0.815167 0.579227 1.60278e-05
    outer loop
      vertex -11.7985 2.12178 12.8787
      vertex -12.4717 3.0694 5.6
      vertex -11.8612 2.21002 12.8775
    endloop
  endfacet
  facet normal 0.815232 0.579135 -2.00929e-06
    outer loop
      vertex -11.7594 2.06674 12.8793
      vertex -12.4717 3.0694 5.6
      vertex -11.7985 2.12178 12.8787
    endloop
  endfacet
  facet normal 0.814837 0.57969 0.000113152
    outer loop
      vertex -11.7151 2.00447 12.8795
      vertex -12.4717 3.0694 5.6
      vertex -11.7594 2.06674 12.8793
    endloop
  endfacet
  facet normal 0.815669 0.578519 -0.000144559
    outer loop
      vertex -11.6879 1.96612 12.8793
      vertex -12.4717 3.0694 5.6
      vertex -11.7151 2.00447 12.8795
    endloop
  endfacet
  facet normal 0.814861 0.579656 0.000114653
    outer loop
      vertex -11.6636 1.93196 12.8786
      vertex -12.4717 3.0694 5.6
      vertex -11.6879 1.96612 12.8793
    endloop
  endfacet
  facet normal 0.815235 0.579131 -4.05626e-06
    outer loop
      vertex -10.2912 0 5.6
      vertex -11.6636 1.93196 12.8786
      vertex -10.6748 0.540039 12.8015
    endloop
  endfacet
  facet normal 0.815795 0.578341 8.49809e-05
    outer loop
      vertex -10.2912 0 5.6
      vertex -10.6748 0.540039 12.8015
      vertex -10.6571 0.515072 12.8001
    endloop
  endfacet
  facet normal 0.815234 0.579131 -0
    outer loop
      vertex -10.2912 0 5.6
      vertex -10.6571 0.515072 12.8001
      vertex -10.2912 0 12.7587
    endloop
  endfacet
  facet normal 0.815229 0.579138 -7.08716e-06
    outer loop
      vertex -11.6636 1.93196 12.8786
      vertex -10.2912 0 5.6
      vertex -12.4717 3.0694 5.6
    endloop
  endfacet
  facet normal 0 1 0
    outer loop
      vertex -7.90227 0 13.0154
      vertex -7.94392 0 13.0125
      vertex -7.91243 0 13.0148
    endloop
  endfacet
  facet normal 0 1 -0
    outer loop
      vertex -7.90227 0 5.6
      vertex -7.94392 0 13.0125
      vertex -7.90227 0 13.0154
    endloop
  endfacet
  facet normal 0 1 0
    outer loop
      vertex -7.94392 0 13.0125
      vertex -7.90227 0 5.6
      vertex -9.4991 0 12.8529
    endloop
  endfacet
  facet normal 0 1 0
    outer loop
      vertex -9.4991 0 12.8529
      vertex -7.90227 0 5.6
      vertex -9.53852 0 12.8488
    endloop
  endfacet
  facet normal 0 1 0
    outer loop
      vertex -10.2912 0 5.6
      vertex -9.53852 0 12.8488
      vertex -7.90227 0 5.6
    endloop
  endfacet
  facet normal 0 1 0
    outer loop
      vertex -9.53852 0 12.8488
      vertex -10.2912 0 5.6
      vertex -10.2912 0 12.7587
    endloop
  endfacet
  facet normal -0.802174 -0.597091 0
    outer loop
      vertex -11.0967 4.29169 5.6
      vertex -9.75353 2.48718 12.9247
      vertex -11.0967 4.29169 12.7641
    endloop
  endfacet
  facet normal -0.802181 -0.597081 3.48031e-06
    outer loop
      vertex -11.0967 4.29169 5.6
      vertex -9.72075 2.44314 12.9286
      vertex -9.75353 2.48718 12.9247
    endloop
  endfacet
  facet normal -0.802178 -0.597085 2.22603e-06
    outer loop
      vertex -7.90227 0 5.6
      vertex -9.72075 2.44314 12.9286
      vertex -11.0967 4.29169 5.6
    endloop
  endfacet
  facet normal -0.802107 -0.59718 5.17409e-05
    outer loop
      vertex -9.72075 2.44314 12.9286
      vertex -7.90227 0 5.6
      vertex -9.70207 2.41805 12.9307
    endloop
  endfacet
  facet normal -0.802196 -0.597061 -9.23102e-06
    outer loop
      vertex -9.70207 2.41805 12.9307
      vertex -7.90227 0 5.6
      vertex -9.6539 2.35333 12.9353
    endloop
  endfacet
  facet normal -0.802193 -0.597064 -7.76928e-06
    outer loop
      vertex -9.6539 2.35333 12.9353
      vertex -7.90227 0 5.6
      vertex -9.59167 2.26972 12.9405
    endloop
  endfacet
  facet normal -0.802168 -0.597098 8.70078e-06
    outer loop
      vertex -9.59167 2.26972 12.9405
      vertex -7.90227 0 5.6
      vertex -9.55309 2.21789 12.9433
    endloop
  endfacet
  facet normal -0.802163 -0.597105 1.18873e-05
    outer loop
      vertex -9.55309 2.21789 12.9433
      vertex -7.90227 0 5.6
      vertex -9.47872 2.11798 12.9488
    endloop
  endfacet
  facet normal -0.802209 -0.597043 -1.59321e-05
    outer loop
      vertex -9.47872 2.11798 12.9488
      vertex -7.90227 0 5.6
      vertex -9.39462 2.00498 12.9545
    endloop
  endfacet
  facet normal -0.802172 -0.597093 5.2855e-06
    outer loop
      vertex -9.39462 2.00498 12.9545
      vertex -7.90227 0 5.6
      vertex -9.30378 1.88294 12.9602
    endloop
  endfacet
  facet normal -0.802207 -0.597046 -1.33971e-05
    outer loop
      vertex -9.30378 1.88294 12.9602
      vertex -7.90227 0 5.6
      vertex -9.24776 1.80767 12.9636
    endloop
  endfacet
  facet normal -0.802174 -0.59709 3.48233e-06
    outer loop
      vertex -9.24776 1.80767 12.9636
      vertex -7.90227 0 5.6
      vertex -9.15372 1.68133 12.9689
    endloop
  endfacet
  facet normal -0.802145 -0.597129 1.72099e-05
    outer loop
      vertex -9.15372 1.68133 12.9689
      vertex -7.90227 0 5.6
      vertex -9.08306 1.58641 12.9727
    endloop
  endfacet
  facet normal -0.802188 -0.597071 -2.22409e-06
    outer loop
      vertex -9.08306 1.58641 12.9727
      vertex -7.90227 0 5.6
      vertex -8.98965 1.46091 12.9776
    endloop
  endfacet
  facet normal -0.802215 -0.597035 -1.33088e-05
    outer loop
      vertex -8.98965 1.46091 12.9776
      vertex -7.90227 0 5.6
      vertex -8.90771 1.35081 12.9816
    endloop
  endfacet
  facet normal -0.802148 -0.597125 1.2305e-05
    outer loop
      vertex -8.90771 1.35081 12.9816
      vertex -7.90227 0 5.6
      vertex -8.81885 1.23144 12.9858
    endloop
  endfacet
  facet normal -0.8022 -0.597055 -5.93054e-06
    outer loop
      vertex -8.81885 1.23144 12.9858
      vertex -7.90227 0 5.6
      vertex -8.72921 1.111 12.9899
    endloop
  endfacet
  facet normal -0.80219 -0.597069 -2.53186e-06
    outer loop
      vertex -8.72921 1.111 12.9899
      vertex -7.90227 0 5.6
      vertex -8.6354 0.984962 12.9939
    endloop
  endfacet
  facet normal -0.802177 -0.597087 1.10433e-06
    outer loop
      vertex -8.6354 0.984962 12.9939
      vertex -7.90227 0 5.6
      vertex -8.54102 0.858164 12.9977
    endloop
  endfacet
  facet normal -0.802188 -0.597071 -1.75977e-06
    outer loop
      vertex -8.54102 0.858164 12.9977
      vertex -7.90227 0 5.6
      vertex -8.46084 0.750439 13.0009
    endloop
  endfacet
  facet normal -0.802161 -0.597108 4.01126e-06
    outer loop
      vertex -8.46084 0.750439 13.0009
      vertex -7.90227 0 5.6
      vertex -8.36955 0.627799 13.0043
    endloop
  endfacet
  facet normal -0.802181 -0.597081 5.65762e-07
    outer loop
      vertex -8.36955 0.627799 13.0043
      vertex -7.90227 0 5.6
      vertex -8.28436 0.513346 13.0072
    endloop
  endfacet
  facet normal -0.802187 -0.597073 -3.01294e-07
    outer loop
      vertex -8.28436 0.513346 13.0072
      vertex -7.90227 0 5.6
      vertex -8.21588 0.421341 13.0093
    endloop
  endfacet
  facet normal -0.802188 -0.597071 -4.84567e-07
    outer loop
      vertex -8.21588 0.421341 13.0093
      vertex -7.90227 0 5.6
      vertex -8.13974 0.319044 13.0116
    endloop
  endfacet
  facet normal -0.802158 -0.597112 2.24075e-06
    outer loop
      vertex -8.13974 0.319044 13.0116
      vertex -7.90227 0 5.6
      vertex -8.07501 0.232086 13.0133
    endloop
  endfacet
  facet normal -0.802185 -0.597076 4.66893e-07
    outer loop
      vertex -8.07501 0.232086 13.0133
      vertex -7.90227 0 5.6
      vertex -8.02375 0.163217 13.0144
    endloop
  endfacet
  facet normal -0.802202 -0.597052 -3.27403e-07
    outer loop
      vertex -8.02375 0.163217 13.0144
      vertex -7.90227 0 5.6
      vertex -7.96965 0.090528 13.0153
    endloop
  endfacet
  facet normal -0.802191 -0.597067 -4.32385e-08
    outer loop
      vertex -7.96965 0.090528 13.0153
      vertex -7.90227 0 5.6
      vertex -7.93353 0.0419989 13.0156
    endloop
  endfacet
  facet normal -0.802187 -0.597072 0
    outer loop
      vertex -7.93353 0.0419989 13.0156
      vertex -7.90227 0 5.6
      vertex -7.90227 0 13.0154
    endloop
  endfacet
  facet normal -0.73753 0.675314 0
    outer loop
      vertex -11.0967 4.29169 5.6
      vertex -8.08276 7.5833 12.3567
      vertex -8.08276 7.5833 5.6
    endloop
  endfacet
  facet normal -0.73753 0.675314 0
    outer loop
      vertex -8.08276 7.5833 12.3567
      vertex -11.0967 4.29169 5.6
      vertex -11.0967 4.29169 12.7641
    endloop
  endfacet
  facet normal 0 -1 0
    outer loop
      vertex -10.4162 7.5833 5.6
      vertex -8.08276 7.5833 12.3567
      vertex -10.4162 7.5833 12.4056
    endloop
  endfacet
  facet normal 0 -1 -0
    outer loop
      vertex -8.08276 7.5833 12.3567
      vertex -10.4162 7.5833 5.6
      vertex -8.08276 7.5833 5.6
    endloop
  endfacet
  facet normal 0.735306 -0.677735 0
    outer loop
      vertex -12.5412 5.27779 5.6
      vertex -10.4162 7.5833 12.4056
      vertex -12.5412 5.27779 12.6913
    endloop
  endfacet
  facet normal 0.735306 -0.677735 0
    outer loop
      vertex -10.4162 7.5833 12.4056
      vertex -12.5412 5.27779 5.6
      vertex -10.4162 7.5833 5.6
    endloop
  endfacet
  facet normal 0.734198 -0.678936 0
    outer loop
      vertex -12.6401 5.17084 5.6
      vertex -12.5412 5.27779 12.6913
      vertex -12.6401 5.17084 12.7045
    endloop
  endfacet
  facet normal 0.734198 -0.678936 0
    outer loop
      vertex -12.5412 5.27779 12.6913
      vertex -12.6401 5.17084 5.6
      vertex -12.5412 5.27779 5.6
    endloop
  endfacet
  facet normal 0.750526 -0.660841 0
    outer loop
      vertex -12.7367 5.06113 5.6
      vertex -12.6401 5.17084 12.7045
      vertex -12.7367 5.06113 12.718
    endloop
  endfacet
  facet normal 0.750526 -0.660841 0
    outer loop
      vertex -12.6401 5.17084 12.7045
      vertex -12.7367 5.06113 5.6
      vertex -12.6401 5.17084 5.6
    endloop
  endfacet
  facet normal 0.765733 -0.643159 0
    outer loop
      vertex -12.8312 4.94862 5.6
      vertex -12.7367 5.06113 12.718
      vertex -12.8312 4.94862 12.7318
    endloop
  endfacet
  facet normal 0.765733 -0.643159 0
    outer loop
      vertex -12.7367 5.06113 12.718
      vertex -12.8312 4.94862 5.6
      vertex -12.7367 5.06113 5.6
    endloop
  endfacet
  facet normal 0.780948 -0.624596 0
    outer loop
      vertex -12.9234 4.83334 5.6
      vertex -12.8312 4.94862 12.7318
      vertex -12.9234 4.83334 12.7458
    endloop
  endfacet
  facet normal 0.780948 -0.624596 0
    outer loop
      vertex -12.8312 4.94862 12.7318
      vertex -12.9234 4.83334 5.6
      vertex -12.8312 4.94862 5.6
    endloop
  endfacet
  facet normal 0.795246 -0.606287 0
    outer loop
      vertex -13.0134 4.71529 5.6
      vertex -12.9234 4.83334 12.7458
      vertex -13.0134 4.71529 12.76
    endloop
  endfacet
  facet normal 0.795246 -0.606287 0
    outer loop
      vertex -12.9234 4.83334 12.7458
      vertex -13.0134 4.71529 5.6
      vertex -12.9234 4.83334 5.6
    endloop
  endfacet
  facet normal 0.80345 -0.595373 0
    outer loop
      vertex -13.1017 4.59613 5.6
      vertex -13.0134 4.71529 12.76
      vertex -13.1017 4.59613 12.7743
    endloop
  endfacet
  facet normal 0.80345 -0.595373 0
    outer loop
      vertex -13.0134 4.71529 12.76
      vertex -13.1017 4.59613 5.6
      vertex -13.0134 4.71529 5.6
    endloop
  endfacet
  facet normal 0.805694 -0.592332 0
    outer loop
      vertex -13.1889 4.47752 5.6
      vertex -13.1017 4.59613 12.7743
      vertex -13.1889 4.47752 12.7886
    endloop
  endfacet
  facet normal 0.805694 -0.592332 0
    outer loop
      vertex -13.1017 4.59613 12.7743
      vertex -13.1889 4.47752 5.6
      vertex -13.1017 4.59613 5.6
    endloop
  endfacet
  facet normal 0.807742 -0.589536 8.34545e-06
    outer loop
      vertex -13.275 4.35945 5.6
      vertex -13.1889 4.47752 12.7886
      vertex -13.2669 4.37065 12.8014
    endloop
  endfacet
  facet normal 0.810298 -0.586019 0
    outer loop
      vertex -13.275 4.35945 5.6
      vertex -13.2669 4.37065 12.8014
      vertex -13.275 4.35945 12.8027
    endloop
  endfacet
  facet normal 0.807984 -0.589205 0
    outer loop
      vertex -13.1889 4.47752 12.7886
      vertex -13.275 4.35945 5.6
      vertex -13.1889 4.47752 5.6
    endloop
  endfacet
  facet normal 0.809722 -0.586704 -0.01131
    outer loop
      vertex -13.3222 4.29421 12.8078
      vertex -13.275 4.35945 12.8027
      vertex -13.2774 4.35613 12.8031
    endloop
  endfacet
  facet normal 0.809899 -0.586501 0.00892501
    outer loop
      vertex -13.3026 4.32138 12.8063
      vertex -13.2774 4.35613 12.8031
      vertex -13.2872 4.34262 12.8046
    endloop
  endfacet
  facet normal 0.810355 -0.579972 0.0834117
    outer loop
      vertex -13.2774 4.35613 12.8031
      vertex -13.3026 4.32138 12.8063
      vertex -13.3222 4.29421 12.8078
    endloop
  endfacet
  facet normal 0.809509 -0.586897 -0.0157496
    outer loop
      vertex -13.275 4.35945 12.8027
      vertex -13.3222 4.29421 12.8078
      vertex -13.3426 4.26604 12.809
    endloop
  endfacet
  facet normal 0.810114 -0.586273 -6.63323e-06
    outer loop
      vertex -13.275 4.35945 12.8027
      vertex -13.3426 4.26604 12.809
      vertex -13.3601 4.24194 5.6
    endloop
  endfacet
  facet normal 0.809171 -0.587573 0
    outer loop
      vertex -13.3601 4.24194 5.6
      vertex -13.3426 4.26604 12.809
      vertex -13.3601 4.24194 12.81
    endloop
  endfacet
  facet normal 0.809921 -0.586539 0
    outer loop
      vertex -13.275 4.35945 12.8027
      vertex -13.3601 4.24194 5.6
      vertex -13.275 4.35945 5.6
    endloop
  endfacet
  facet normal 0.815103 -0.579316 -8.90341e-05
    outer loop
      vertex -13.444 4.125 5.6
      vertex -13.3601 4.24194 12.81
      vertex -13.3658 4.23392 12.8103
    endloop
  endfacet
  facet normal 0.812813 -0.582524 -1.57359e-05
    outer loop
      vertex -13.444 4.125 5.6
      vertex -13.3658 4.23392 12.8103
      vertex -13.3915 4.19806 12.8114
    endloop
  endfacet
  facet normal 0.812003 -0.583654 1.60654e-06
    outer loop
      vertex -13.444 4.125 5.6
      vertex -13.3915 4.19806 12.8114
      vertex -13.4189 4.15994 12.8122
    endloop
  endfacet
  facet normal 0.81216 -0.583435 0
    outer loop
      vertex -13.444 4.125 5.6
      vertex -13.4189 4.15994 12.8122
      vertex -13.444 4.125 12.8128
    endloop
  endfacet
  facet normal 0.812511 -0.582946 0
    outer loop
      vertex -13.3601 4.24194 12.81
      vertex -13.444 4.125 5.6
      vertex -13.3601 4.24194 5.6
    endloop
  endfacet
  facet normal 0 -1 0
    outer loop
      vertex -13.4717 4.125 12.8123
      vertex -13.444 4.125 12.8128
      vertex -13.4611 4.125 12.8125
    endloop
  endfacet
  facet normal 0 -1 0
    outer loop
      vertex -13.444 4.125 5.6
      vertex -13.4717 4.125 12.8123
      vertex -13.4717 4.125 5.6
    endloop
  endfacet
  facet normal 0 -1 0
    outer loop
      vertex -13.4717 4.125 12.8123
      vertex -13.444 4.125 5.6
      vertex -13.444 4.125 12.8128
    endloop
  endfacet
  facet normal -0.995482 0.0949457 0
    outer loop
      vertex -13.4717 4.125 5.6
      vertex -13.4553 4.29695 12.8064
      vertex -13.4553 4.29695 5.6
    endloop
  endfacet
  facet normal -0.995469 0.0950851 -3.35542e-06
    outer loop
      vertex -13.4553 4.29695 12.8064
      vertex -13.4717 4.125 5.6
      vertex -13.4566 4.28334 12.8071
    endloop
  endfacet
  facet normal -0.995473 0.0950482 -2.53879e-06
    outer loop
      vertex -13.4566 4.28334 12.8071
      vertex -13.4717 4.125 5.6
      vertex -13.4611 4.23621 12.8089
    endloop
  endfacet
  facet normal -0.995476 0.0950145 -2.01448e-06
    outer loop
      vertex -13.4611 4.23621 12.8089
      vertex -13.4717 4.125 5.6
      vertex -13.4659 4.18592 12.8105
    endloop
  endfacet
  facet normal -0.995625 0.0934357 1.14453e-05
    outer loop
      vertex -13.4659 4.18592 12.8105
      vertex -13.4717 4.125 5.6
      vertex -13.4711 4.13051 12.8121
    endloop
  endfacet
  facet normal -0.994123 0.108253 0
    outer loop
      vertex -13.4711 4.13051 12.8121
      vertex -13.4717 4.125 5.6
      vertex -13.4717 4.125 12.8123
    endloop
  endfacet
  facet normal -0.995778 0.0917928 0
    outer loop
      vertex -13.4553 4.29695 5.6
      vertex -13.4395 4.46835 12.7948
      vertex -13.4395 4.46835 5.6
    endloop
  endfacet
  facet normal -0.995757 0.092025 -5.57756e-06
    outer loop
      vertex -13.4527 4.32552 12.8051
      vertex -13.4395 4.46835 12.7948
      vertex -13.4553 4.29695 5.6
    endloop
  endfacet
  facet normal -0.951213 0.0661769 -0.301356
    outer loop
      vertex -13.4395 4.46835 12.7948
      vertex -13.4527 4.32552 12.8051
      vertex -13.44 4.46344 12.7953
    endloop
  endfacet
  facet normal -0.992168 0.0972317 0.0784133
    outer loop
      vertex -13.44 4.46344 12.7953
      vertex -13.4492 4.36311 12.8033
      vertex -13.4417 4.44448 12.7973
    endloop
  endfacet
  facet normal -0.988865 0.0800148 -0.125475
    outer loop
      vertex -13.4417 4.44448 12.7973
      vertex -13.4459 4.39869 12.8012
      vertex -13.4434 4.42645 12.7992
    endloop
  endfacet
  facet normal -0.994754 0.094565 0.0390168
    outer loop
      vertex -13.4417 4.44448 12.7973
      vertex -13.4492 4.36311 12.8033
      vertex -13.4459 4.39869 12.8012
    endloop
  endfacet
  facet normal -0.994527 0.0947122 0.0441024
    outer loop
      vertex -13.44 4.46344 12.7953
      vertex -13.4527 4.32552 12.8051
      vertex -13.4492 4.36311 12.8033
    endloop
  endfacet
  facet normal -0.995885 0.09063 0
    outer loop
      vertex -13.4527 4.32552 12.8051
      vertex -13.4553 4.29695 5.6
      vertex -13.4553 4.29695 12.8064
    endloop
  endfacet
  facet normal -0.996014 0.0892005 0
    outer loop
      vertex -13.4395 4.46835 5.6
      vertex -13.4242 4.63919 12.7766
      vertex -13.4242 4.63919 5.6
    endloop
  endfacet
  facet normal -0.996014 0.0892005 0
    outer loop
      vertex -13.4242 4.63919 12.7766
      vertex -13.4395 4.46835 5.6
      vertex -13.4395 4.46835 12.7948
    endloop
  endfacet
  facet normal -0.996295 0.0860035 0
    outer loop
      vertex -13.4242 4.63919 5.6
      vertex -13.4095 4.80948 12.7585
      vertex -13.4095 4.80948 5.6
    endloop
  endfacet
  facet normal -0.996295 0.0860035 0
    outer loop
      vertex -13.4095 4.80948 12.7585
      vertex -13.4242 4.63919 5.6
      vertex -13.4242 4.63919 12.7766
    endloop
  endfacet
  facet normal -0.996566 0.0827976 0
    outer loop
      vertex -13.4095 4.80948 5.6
      vertex -13.3954 4.97919 12.7404
      vertex -13.3954 4.97919 5.6
    endloop
  endfacet
  facet normal -0.996566 0.0827976 0
    outer loop
      vertex -13.3954 4.97919 12.7404
      vertex -13.4095 4.80948 5.6
      vertex -13.4095 4.80948 12.7585
    endloop
  endfacet
  facet normal -0.997256 0.0740362 0
    outer loop
      vertex -13.3954 4.97919 5.6
      vertex -13.3828 5.14891 12.7224
      vertex -13.3828 5.14891 5.6
    endloop
  endfacet
  facet normal -0.997256 0.0740362 0
    outer loop
      vertex -13.3828 5.14891 12.7224
      vertex -13.3954 4.97919 5.6
      vertex -13.3954 4.97919 12.7404
    endloop
  endfacet
  facet normal -0.998381 0.0568761 0
    outer loop
      vertex -13.3828 5.14891 5.6
      vertex -13.3731 5.31918 12.7044
      vertex -13.3731 5.31918 5.6
    endloop
  endfacet
  facet normal -0.998381 0.0568761 0
    outer loop
      vertex -13.3731 5.31918 12.7044
      vertex -13.3828 5.14891 5.6
      vertex -13.3828 5.14891 12.7224
    endloop
  endfacet
  facet normal -0.999161 0.0409468 0
    outer loop
      vertex -13.3731 5.31918 5.6
      vertex -13.3661 5.48999 12.6864
      vertex -13.3661 5.48999 5.6
    endloop
  endfacet
  facet normal -0.999161 0.0409468 0
    outer loop
      vertex -13.3661 5.48999 12.6864
      vertex -13.3731 5.31918 5.6
      vertex -13.3731 5.31918 12.7044
    endloop
  endfacet
  facet normal -0.999714 0.023918 0
    outer loop
      vertex -13.3661 5.48999 5.6
      vertex -13.362 5.66136 12.6684
      vertex -13.362 5.66136 5.6
    endloop
  endfacet
  facet normal -0.999714 0.023918 0
    outer loop
      vertex -13.362 5.66136 12.6684
      vertex -13.3661 5.48999 5.6
      vertex -13.3661 5.48999 12.6864
    endloop
  endfacet
  facet normal -0.999967 0.00814211 0
    outer loop
      vertex -13.362 5.66136 5.6
      vertex -13.3606 5.8333 12.6504
      vertex -13.3606 5.8333 5.6
    endloop
  endfacet
  facet normal -0.999967 0.00814211 0
    outer loop
      vertex -13.3606 5.8333 12.6504
      vertex -13.362 5.66136 5.6
      vertex -13.362 5.66136 12.6684
    endloop
  endfacet
  facet normal -1 0 0
    outer loop
      vertex -13.3606 10.5556 5.6
      vertex -13.3606 10.2092 12.1927
      vertex -13.3606 10.5556 12.1514
    endloop
  endfacet
  facet normal -1 0 0
    outer loop
      vertex -13.3606 10.5556 5.6
      vertex -13.3606 10.1993 12.1938
      vertex -13.3606 10.2092 12.1927
    endloop
  endfacet
  facet normal -1 0 0
    outer loop
      vertex -13.3606 5.8333 5.6
      vertex -13.3606 10.1993 12.1938
      vertex -13.3606 10.5556 5.6
    endloop
  endfacet
  facet normal -1 -0 0
    outer loop
      vertex -13.3606 10.1993 12.1938
      vertex -13.3606 5.8333 5.6
      vertex -13.3606 5.8333 12.6504
    endloop
  endfacet
  facet normal 0 -1 0
    outer loop
      vertex -15.4301 10.5556 5.6
      vertex -13.3606 10.5556 12.1514
      vertex -15.4301 10.5556 12.1956
    endloop
  endfacet
  facet normal 0 -1 -0
    outer loop
      vertex -13.3606 10.5556 12.1514
      vertex -15.4301 10.5556 5.6
      vertex -13.3606 10.5556 5.6
    endloop
  endfacet
  facet normal 1 0 0
    outer loop
      vertex -15.4301 10.2657 12.2302
      vertex -15.4301 10.5556 5.6
      vertex -15.4301 10.5556 12.1956
    endloop
  endfacet
  facet normal 1 0 0
    outer loop
      vertex -15.4301 10.255 12.2314
      vertex -15.4301 10.5556 5.6
      vertex -15.4301 10.2657 12.2302
    endloop
  endfacet
  facet normal 1 0 0
    outer loop
      vertex -15.4301 5.53033 12.7255
      vertex -15.4301 10.5556 5.6
      vertex -15.4301 10.255 12.2314
    endloop
  endfacet
  facet normal 1 0 0
    outer loop
      vertex -15.4301 5.39425 12.735
      vertex -15.4301 5.53033 12.7255
      vertex -15.4301 5.51394 12.7272
    endloop
  endfacet
  facet normal 1 0 0
    outer loop
      vertex -15.4301 5.46891 12.7311
      vertex -15.4301 5.51394 12.7272
      vertex -15.4301 5.49295 12.7293
    endloop
  endfacet
  facet normal 1 0 0
    outer loop
      vertex -15.4301 5.51394 12.7272
      vertex -15.4301 5.46891 12.7311
      vertex -15.4301 5.43809 12.7329
    endloop
  endfacet
  facet normal 1 0 0
    outer loop
      vertex -15.4301 5.39425 12.735
      vertex -15.4301 5.51394 12.7272
      vertex -15.4301 5.43809 12.7329
    endloop
  endfacet
  facet normal 1 0 0
    outer loop
      vertex -15.4301 5.53033 12.7255
      vertex -15.4301 5.39425 12.735
      vertex -15.4301 0 5.6
    endloop
  endfacet
  facet normal 1 0 0
    outer loop
      vertex -15.4301 0 5.6
      vertex -15.4301 5.39425 12.735
      vertex -15.4301 5.3576 12.7368
    endloop
  endfacet
  facet normal 1 0 0
    outer loop
      vertex -15.4301 0 5.6
      vertex -15.4301 5.3576 12.7368
      vertex -15.4301 5.31657 12.7384
    endloop
  endfacet
  facet normal 1 0 0
    outer loop
      vertex -15.4301 0 5.6
      vertex -15.4301 5.31657 12.7384
      vertex -15.4301 5.27276 12.7399
    endloop
  endfacet
  facet normal 1 0 0
    outer loop
      vertex -15.4301 0 5.6
      vertex -15.4301 5.27276 12.7399
      vertex -15.4301 5.20791 12.7419
    endloop
  endfacet
  facet normal 1 0 0
    outer loop
      vertex -15.4301 0 5.6
      vertex -15.4301 5.20791 12.7419
      vertex -15.4301 5.1629 12.7431
    endloop
  endfacet
  facet normal 1 0 0
    outer loop
      vertex -15.4301 0 5.6
      vertex -15.4301 5.1629 12.7431
      vertex -15.4301 5.08003 12.745
    endloop
  endfacet
  facet normal 1 0 0
    outer loop
      vertex -15.4301 0 5.6
      vertex -15.4301 5.08003 12.745
      vertex -15.4301 5.03566 12.7459
    endloop
  endfacet
  facet normal 1 0 0
    outer loop
      vertex -15.4301 0 5.6
      vertex -15.4301 5.03566 12.7459
      vertex -15.4301 4.93809 12.7475
    endloop
  endfacet
  facet normal 1 0 0
    outer loop
      vertex -15.4301 0 5.6
      vertex -15.4301 4.93809 12.7475
      vertex -15.4301 4.89618 12.7481
    endloop
  endfacet
  facet normal 1 0 0
    outer loop
      vertex -15.4301 0 5.6
      vertex -15.4301 4.89618 12.7481
      vertex -15.4301 4.78769 12.7494
    endloop
  endfacet
  facet normal 1 0 0
    outer loop
      vertex -15.4301 0 5.6
      vertex -15.4301 4.78769 12.7494
      vertex -15.4301 4.67248 12.7504
    endloop
  endfacet
  facet normal 1 0 0
    outer loop
      vertex -15.4301 0 5.6
      vertex -15.4301 4.67248 12.7504
      vertex -15.4301 4.55481 12.751
    endloop
  endfacet
  facet normal 1 0 0
    outer loop
      vertex -15.4301 0 5.6
      vertex -15.4301 4.55481 12.751
      vertex -15.4301 4.51698 12.7512
    endloop
  endfacet
  facet normal 1 0 0
    outer loop
      vertex -15.4301 0 5.6
      vertex -15.4301 4.51698 12.7512
      vertex -15.4301 4.40119 12.7514
    endloop
  endfacet
  facet normal 1 0 0
    outer loop
      vertex -15.4301 0 5.6
      vertex -15.4301 4.40119 12.7514
      vertex -15.4301 4.29156 12.7512
    endloop
  endfacet
  facet normal 1 0 0
    outer loop
      vertex -15.4301 0 5.6
      vertex -15.4301 4.29156 12.7512
      vertex -15.4301 4.25941 12.751
    endloop
  endfacet
  facet normal 1 0 0
    outer loop
      vertex -15.4301 0 5.6
      vertex -15.4301 4.25941 12.751
      vertex -15.4301 4.15998 12.7504
    endloop
  endfacet
  facet normal 1 0 0
    outer loop
      vertex -15.4301 0 5.6
      vertex -15.4301 4.15998 12.7504
      vertex -15.4301 4.07447 12.7494
    endloop
  endfacet
  facet normal 1 0 0
    outer loop
      vertex -15.4301 0 5.6
      vertex -15.4301 4.07447 12.7494
      vertex -15.4301 4.00608 12.7481
    endloop
  endfacet
  facet normal 1 0 0
    outer loop
      vertex -15.4301 3.88818 12.7431
      vertex -15.4301 4.00608 12.7481
      vertex -15.4301 3.98087 12.7475
    endloop
  endfacet
  facet normal 1 0 0
    outer loop
      vertex -15.4301 3.88818 12.7431
      vertex -15.4301 3.98087 12.7475
      vertex -15.4301 3.93233 12.7459
    endloop
  endfacet
  facet normal 1 0 0
    outer loop
      vertex -15.4301 3.88818 12.7431
      vertex -15.4301 3.93233 12.7459
      vertex -15.4301 3.9149 12.745
    endloop
  endfacet
  facet normal 1 0 0
    outer loop
      vertex -15.4301 4.00608 12.7481
      vertex -15.4301 3.88818 12.7431
      vertex -15.4301 0 5.6
    endloop
  endfacet
  facet normal 1 0 0
    outer loop
      vertex -15.4301 0 5.6
      vertex -15.4301 3.88818 12.7431
      vertex -15.4301 2.72428 12.5938
    endloop
  endfacet
  facet normal 1 0 0
    outer loop
      vertex -15.4301 0 5.6
      vertex -15.4301 2.72428 12.5938
      vertex -15.4301 2.71294 12.5923
    endloop
  endfacet
  facet normal 1 0 0
    outer loop
      vertex -15.4301 0 5.6
      vertex -15.4301 2.71294 12.5923
      vertex -15.4301 2.2722 12.5194
    endloop
  endfacet
  facet normal 1 0 0
    outer loop
      vertex -15.4301 0 5.6
      vertex -15.4301 2.2722 12.5194
      vertex -15.4301 0 12.067
    endloop
  endfacet
  facet normal 1 0 0
    outer loop
      vertex -15.4301 5.53033 12.7255
      vertex -15.4301 0 5.6
      vertex -15.4301 10.5556 5.6
    endloop
  endfacet
  facet normal 0 1 -0
    outer loop
      vertex -13.3606 0 5.6
      vertex -15.4301 0 12.067
      vertex -13.3606 0 12.3499
    endloop
  endfacet
  facet normal 0 1 0
    outer loop
      vertex -15.4301 0 12.067
      vertex -13.3606 0 5.6
      vertex -15.4301 0 5.6
    endloop
  endfacet
  facet normal -1 0 0
    outer loop
      vertex -13.3606 2.3611 5.6
      vertex -13.3606 1.77369 12.6842
      vertex -13.3606 2.3611 12.7596
    endloop
  endfacet
  facet normal -1 0 0
    outer loop
      vertex -13.3606 2.3611 5.6
      vertex -13.3606 1.75997 12.6824
      vertex -13.3606 1.77369 12.6842
    endloop
  endfacet
  facet normal -1 0 0
    outer loop
      vertex -13.3606 2.3611 5.6
      vertex -13.3606 1.22691 12.5942
      vertex -13.3606 1.75997 12.6824
    endloop
  endfacet
  facet normal -1 0 0
    outer loop
      vertex -13.3606 0 12.3499
      vertex -13.3606 2.3611 5.6
      vertex -13.3606 0 5.6
    endloop
  endfacet
  facet normal -1 0 0
    outer loop
      vertex -13.3606 2.3611 5.6
      vertex -13.3606 0 12.3499
      vertex -13.3606 1.22691 12.5942
    endloop
  endfacet
  facet normal -0.0495677 0.998771 0
    outer loop
      vertex -3.25047 -0.133606 5.6
      vertex -2.93132 -0.117767 13.054
      vertex -2.93132 -0.117767 5.6
    endloop
  endfacet
  facet normal -0.0495677 0.998771 0
    outer loop
      vertex -2.93132 -0.117767 13.054
      vertex -3.25047 -0.133606 5.6
      vertex -3.25047 -0.133606 13.0624
    endloop
  endfacet
  facet normal -0.0880604 0.996115 0
    outer loop
      vertex -2.93132 -0.117767 5.6
      vertex -2.63272 -0.0913696 13.045
      vertex -2.63272 -0.0913696 5.6
    endloop
  endfacet
  facet normal -0.0880604 0.996115 0
    outer loop
      vertex -2.63272 -0.0913696 13.045
      vertex -2.93132 -0.117767 5.6
      vertex -2.93132 -0.117767 13.054
    endloop
  endfacet
  facet normal -0.13176 0.991282 0
    outer loop
      vertex -2.63272 -0.0913696 5.6
      vertex -2.35468 -0.0544128 13.0353
      vertex -2.35468 -0.0544128 5.6
    endloop
  endfacet
  facet normal -0.13176 0.991282 0
    outer loop
      vertex -2.35468 -0.0544128 13.0353
      vertex -2.63272 -0.0913696 5.6
      vertex -2.63272 -0.0913696 13.045
    endloop
  endfacet
  facet normal -0.181478 0.983395 0
    outer loop
      vertex -2.35468 -0.0544128 5.6
      vertex -2.0972 -0.00689697 13.0249
      vertex -2.0972 -0.00689697 5.6
    endloop
  endfacet
  facet normal -0.181478 0.983395 0
    outer loop
      vertex -2.0972 -0.00689697 13.0249
      vertex -2.35468 -0.0544128 5.6
      vertex -2.35468 -0.0544128 13.0353
    endloop
  endfacet
  facet normal -0.232766 0.972533 0
    outer loop
      vertex -2.0972 -0.00689697 5.6
      vertex -1.85245 0.0516815 13.0137
      vertex -1.85245 0.0516815 5.6
    endloop
  endfacet
  facet normal -0.232766 0.972533 0
    outer loop
      vertex -1.85245 0.0516815 13.0137
      vertex -2.0972 -0.00689697 5.6
      vertex -2.0972 -0.00689697 13.0249
    endloop
  endfacet
  facet normal -0.281332 0.95961 0
    outer loop
      vertex -1.85245 0.0516815 5.6
      vertex -1.61272 0.121964 13.0013
      vertex -1.61272 0.121964 5.6
    endloop
  endfacet
  facet normal -0.281332 0.95961 0
    outer loop
      vertex -1.61272 0.121964 13.0013
      vertex -1.85245 0.0516815 5.6
      vertex -1.85245 0.0516815 13.0137
    endloop
  endfacet
  facet normal -0.329562 0.944134 0
    outer loop
      vertex -1.61272 0.121964 5.6
      vertex -1.37798 0.203903 12.9878
      vertex -1.37798 0.203903 5.6
    endloop
  endfacet
  facet normal -0.329562 0.944134 0
    outer loop
      vertex -1.37798 0.203903 12.9878
      vertex -1.61272 0.121964 5.6
      vertex -1.61272 0.121964 13.0013
    endloop
  endfacet
  facet normal -0.37735 0.926071 0
    outer loop
      vertex -1.37798 0.203903 5.6
      vertex -1.14824 0.297516 12.9732
      vertex -1.14824 0.297516 5.6
    endloop
  endfacet
  facet normal -0.37735 0.926071 0
    outer loop
      vertex -1.14824 0.297516 12.9732
      vertex -1.37798 0.203903 5.6
      vertex -1.37798 0.203903 12.9878
    endloop
  endfacet
  facet normal -0.424168 0.905584 0
    outer loop
      vertex -1.14824 0.297516 5.6
      vertex -0.923492 0.402786 12.9575
      vertex -0.923492 0.402786 5.6
    endloop
  endfacet
  facet normal -0.424168 0.905584 0
    outer loop
      vertex -0.923492 0.402786 12.9575
      vertex -1.14824 0.297516 5.6
      vertex -1.14824 0.297516 12.9732
    endloop
  endfacet
  facet normal -1 0 0
    outer loop
      vertex -0.923492 0.402786 5.6
      vertex -0.923492 2 12.7904
      vertex -0.923492 2 5.6
    endloop
  endfacet
  facet normal -1 -0 0
    outer loop
      vertex -0.923492 2 12.7904
      vertex -0.923492 0.402786 5.6
      vertex -0.923492 0.402786 12.9575
    endloop
  endfacet
  facet normal 0.415158 -0.909749 0
    outer loop
      vertex -1.17738 1.88414 5.6
      vertex -0.923492 2 12.7904
      vertex -1.17738 1.88414 12.8079
    endloop
  endfacet
  facet normal 0.415158 -0.909749 0
    outer loop
      vertex -0.923492 2 12.7904
      vertex -1.17738 1.88414 5.6
      vertex -0.923492 2 5.6
    endloop
  endfacet
  facet normal 0.380371 -0.924834 0
    outer loop
      vertex -1.42796 1.78108 5.6
      vertex -1.17738 1.88414 12.8079
      vertex -1.42796 1.78108 12.8239
    endloop
  endfacet
  facet normal 0.380371 -0.924834 0
    outer loop
      vertex -1.17738 1.88414 12.8079
      vertex -1.42796 1.78108 5.6
      vertex -1.17738 1.88414 5.6
    endloop
  endfacet
  facet normal 0.343 -0.939336 0
    outer loop
      vertex -1.6752 1.6908 5.6
      vertex -1.42796 1.78108 12.8239
      vertex -1.6752 1.6908 12.8385
    endloop
  endfacet
  facet normal 0.343 -0.939336 0
    outer loop
      vertex -1.42796 1.78108 12.8239
      vertex -1.6752 1.6908 5.6
      vertex -1.42796 1.78108 5.6
    endloop
  endfacet
  facet normal 0.302786 -0.953059 0
    outer loop
      vertex -1.91911 1.61331 5.6
      vertex -1.6752 1.6908 12.8385
      vertex -1.91911 1.61331 12.8517
    endloop
  endfacet
  facet normal 0.302786 -0.953059 0
    outer loop
      vertex -1.6752 1.6908 12.8385
      vertex -1.91911 1.61331 5.6
      vertex -1.6752 1.6908 5.6
    endloop
  endfacet
  facet normal 0.259733 -0.96568 0
    outer loop
      vertex -2.1597 1.5486 5.6
      vertex -1.91911 1.61331 12.8517
      vertex -2.1597 1.5486 12.8636
    endloop
  endfacet
  facet normal 0.259733 -0.96568 0
    outer loop
      vertex -1.91911 1.61331 12.8517
      vertex -2.1597 1.5486 5.6
      vertex -1.91911 1.61331 5.6
    endloop
  endfacet
  facet normal 0.209958 -0.97771 0
    outer loop
      vertex -2.40413 1.49611 5.6
      vertex -2.1597 1.5486 12.8636
      vertex -2.40413 1.49611 12.8742
    endloop
  endfacet
  facet normal 0.209958 -0.97771 0
    outer loop
      vertex -2.1597 1.5486 12.8636
      vertex -2.40413 1.49611 5.6
      vertex -2.1597 1.5486 5.6
    endloop
  endfacet
  facet normal 0.157772 -0.987476 0
    outer loop
      vertex -2.65968 1.45528 5.6
      vertex -2.40413 1.49611 12.8742
      vertex -2.65968 1.45528 12.8838
    endloop
  endfacet
  facet normal 0.157772 -0.987476 0
    outer loop
      vertex -2.40413 1.49611 12.8742
      vertex -2.65968 1.45528 5.6
      vertex -2.40413 1.49611 5.6
    endloop
  endfacet
  facet normal 0.108709 -0.994074 0
    outer loop
      vertex -2.92633 1.42612 5.6
      vertex -2.65968 1.45528 12.8838
      vertex -2.92633 1.42612 12.8924
    endloop
  endfacet
  facet normal 0.108709 -0.994074 0
    outer loop
      vertex -2.65968 1.45528 12.8838
      vertex -2.92633 1.42612 5.6
      vertex -2.65968 1.45528 5.6
    endloop
  endfacet
  facet normal 0.0628368 -0.998024 0
    outer loop
      vertex -3.20412 1.40863 5.6
      vertex -2.92633 1.42612 12.8924
      vertex -3.20412 1.40863 12.9001
    endloop
  endfacet
  facet normal 0.0628368 -0.998024 0
    outer loop
      vertex -2.92633 1.42612 12.8924
      vertex -3.20412 1.40863 5.6
      vertex -2.92633 1.42612 5.6
    endloop
  endfacet
  facet normal 0.0202119 -0.999796 0
    outer loop
      vertex -3.493 1.40279 5.6
      vertex -3.20412 1.40863 12.9001
      vertex -3.493 1.40279 12.9068
    endloop
  endfacet
  facet normal 0.0202119 -0.999796 0
    outer loop
      vertex -3.20412 1.40863 12.9001
      vertex -3.493 1.40279 5.6
      vertex -3.20412 1.40863 5.6
    endloop
  endfacet
  facet normal -0.0596468 -0.99822 0
    outer loop
      vertex -3.82771 1.42279 5.6
      vertex -3.493 1.40279 12.9068
      vertex -3.82771 1.42279 12.9117
    endloop
  endfacet
  facet normal -0.0596468 -0.99822 -0
    outer loop
      vertex -3.493 1.40279 12.9068
      vertex -3.82771 1.42279 5.6
      vertex -3.493 1.40279 5.6
    endloop
  endfacet
  facet normal -0.193517 -0.981097 0
    outer loop
      vertex -4.1319 1.48279 5.6
      vertex -3.82771 1.42279 12.9117
      vertex -4.1319 1.48279 12.9118
    endloop
  endfacet
  facet normal -0.193517 -0.981097 -0
    outer loop
      vertex -3.82771 1.42279 12.9117
      vertex -4.1319 1.48279 5.6
      vertex -3.82771 1.42279 5.6
    endloop
  endfacet
  facet normal -0.343286 -0.939231 0
    outer loop
      vertex -4.1319 1.48279 5.6
      vertex -4.4055 1.58279 12.9071
      vertex -4.4055 1.58279 5.6
    endloop
  endfacet
  facet normal -0.343286 -0.939231 0
    outer loop
      vertex -4.4055 1.58279 12.9071
      vertex -4.1319 1.48279 5.6
      vertex -4.1319 1.48279 12.9118
    endloop
  endfacet
  facet normal -0.4991 -0.866544 0
    outer loop
      vertex -4.4055 1.58279 5.6
      vertex -4.64857 1.72279 12.8975
      vertex -4.64857 1.72279 5.6
    endloop
  endfacet
  facet normal -0.4991 -0.866544 0
    outer loop
      vertex -4.64857 1.72279 12.8975
      vertex -4.4055 1.58279 5.6
      vertex -4.4055 1.58279 12.9071
    endloop
  endfacet
  facet normal -0.646291 -0.763091 0
    outer loop
      vertex -4.64857 1.72279 5.6
      vertex -4.8611 1.90279 12.8832
      vertex -4.8611 1.90279 5.6
    endloop
  endfacet
  facet normal -0.646291 -0.763091 0
    outer loop
      vertex -4.8611 1.90279 12.8832
      vertex -4.64857 1.72279 5.6
      vertex -4.64857 1.72279 12.8975
    endloop
  endfacet
  facet normal -0.76925 -0.638948 0
    outer loop
      vertex -4.8611 1.90279 5.6
      vertex -5.03969 2.1178 12.8644
      vertex -5.03969 2.1178 5.6
    endloop
  endfacet
  facet normal -0.76925 -0.638948 0
    outer loop
      vertex -5.03969 2.1178 12.8644
      vertex -4.8611 1.90279 5.6
      vertex -4.8611 1.90279 12.8832
    endloop
  endfacet
  facet normal -0.86614 -0.499801 0
    outer loop
      vertex -5.03969 2.1178 5.6
      vertex -5.18106 2.36279 12.8418
      vertex -5.18106 2.36279 5.6
    endloop
  endfacet
  facet normal -0.86614 -0.499801 0
    outer loop
      vertex -5.18106 2.36279 12.8418
      vertex -5.03969 2.1178 5.6
      vertex -5.03969 2.1178 12.8644
    endloop
  endfacet
  facet normal -0.935167 -0.354207 0
    outer loop
      vertex -5.18106 2.36279 5.6
      vertex -5.28522 2.63779 12.8152
      vertex -5.28522 2.63779 5.6
    endloop
  endfacet
  facet normal -0.935167 -0.354207 0
    outer loop
      vertex -5.28522 2.63779 12.8152
      vertex -5.18106 2.36279 5.6
      vertex -5.18106 2.36279 12.8418
    endloop
  endfacet
  facet normal -0.976745 -0.214404 0
    outer loop
      vertex -5.28522 2.63779 5.6
      vertex -5.35217 2.94279 12.7847
      vertex -5.35217 2.94279 5.6
    endloop
  endfacet
  facet normal -0.976745 -0.214404 0
    outer loop
      vertex -5.35217 2.94279 12.7847
      vertex -5.28522 2.63779 5.6
      vertex -5.28522 2.63779 12.8152
    endloop
  endfacet
  facet normal -0.996085 -0.0883988 0
    outer loop
      vertex -5.35217 2.94279 5.6
      vertex -5.3819 3.27779 12.7503
      vertex -5.3819 3.27779 5.6
    endloop
  endfacet
  facet normal -0.996085 -0.0883988 0
    outer loop
      vertex -5.3819 3.27779 12.7503
      vertex -5.35217 2.94279 5.6
      vertex -5.35217 2.94279 12.7847
    endloop
  endfacet
  facet normal 0 1 0
    outer loop
      vertex -5.3819 3.27779 5.6
      vertex -0.492996 3.27779 12.6478
      vertex -0.492996 3.27779 5.6
    endloop
  endfacet
  facet normal 0 1 0
    outer loop
      vertex -0.492996 3.27779 12.6478
      vertex -5.3819 3.27779 5.6
      vertex -5.3819 3.27779 12.7503
    endloop
  endfacet
  facet normal -1 0 0
    outer loop
      vertex -0.492996 3.27779 5.6
      vertex -0.492996 4.27779 12.5432
      vertex -0.492996 4.27779 5.6
    endloop
  endfacet
  facet normal -1 -0 0
    outer loop
      vertex -0.492996 4.27779 12.5432
      vertex -0.492996 3.27779 5.6
      vertex -0.492996 3.27779 12.6478
    endloop
  endfacet
  facet normal -0.998315 -0.0580262 0
    outer loop
      vertex -0.492996 4.27779 5.6
      vertex -0.529663 4.90863 12.478
      vertex -0.529663 4.90863 5.6
    endloop
  endfacet
  facet normal -0.998315 -0.0580262 0
    outer loop
      vertex -0.529663 4.90863 12.478
      vertex -0.492996 4.27779 5.6
      vertex -0.492996 4.27779 12.5432
    endloop
  endfacet
  facet normal -0.9819 -0.189398 0
    outer loop
      vertex -0.529663 4.90863 5.6
      vertex -0.639664 5.47891 12.4207
      vertex -0.639664 5.47891 5.6
    endloop
  endfacet
  facet normal -0.9819 -0.189398 0
    outer loop
      vertex -0.639664 5.47891 12.4207
      vertex -0.529663 4.90863 5.6
      vertex -0.529663 4.90863 12.478
    endloop
  endfacet
  facet normal -0.940976 -0.338474 0
    outer loop
      vertex -0.639664 5.47891 5.6
      vertex -0.823013 5.98863 12.3712
      vertex -0.823013 5.98863 5.6
    endloop
  endfacet
  facet normal -0.940976 -0.338474 0
    outer loop
      vertex -0.823013 5.98863 12.3712
      vertex -0.639664 5.47891 5.6
      vertex -0.639664 5.47891 12.4207
    endloop
  endfacet
  facet normal -0.86824 -0.496145 0
    outer loop
      vertex -0.823013 5.98863 5.6
      vertex -1.07968 6.43779 12.3296
      vertex -1.07968 6.43779 5.6
    endloop
  endfacet
  facet normal -0.86824 -0.496145 0
    outer loop
      vertex -1.07968 6.43779 12.3296
      vertex -0.823013 5.98863 5.6
      vertex -0.823013 5.98863 12.3712
    endloop
  endfacet
  facet normal -0.76222 -0.647318 0
    outer loop
      vertex -1.07968 6.43779 5.6
      vertex -1.4097 6.82639 12.2959
      vertex -1.4097 6.82639 5.6
    endloop
  endfacet
  facet normal -0.76222 -0.647318 0
    outer loop
      vertex -1.4097 6.82639 12.2959
      vertex -1.07968 6.43779 5.6
      vertex -1.07968 6.43779 12.3296
    endloop
  endfacet
  facet normal -0.634601 -0.77284 0
    outer loop
      vertex -1.4097 6.82639 5.6
      vertex -1.80244 7.14888 12.2704
      vertex -1.80244 7.14888 5.6
    endloop
  endfacet
  facet normal -0.634601 -0.77284 0
    outer loop
      vertex -1.80244 7.14888 12.2704
      vertex -1.4097 6.82639 5.6
      vertex -1.4097 6.82639 12.2959
    endloop
  endfacet
  facet normal -0.491016 -0.871151 0
    outer loop
      vertex -1.80244 7.14888 5.6
      vertex -2.24744 7.3997 12.2535
      vertex -2.24744 7.3997 5.6
    endloop
  endfacet
  facet normal -0.491016 -0.871151 0
    outer loop
      vertex -2.24744 7.3997 12.2535
      vertex -1.80244 7.14888 5.6
      vertex -1.80244 7.14888 12.2704
    endloop
  endfacet
  facet normal -0.338989 -0.94079 0
    outer loop
      vertex -2.24744 7.3997 5.6
      vertex -2.74466 7.57886 12.2452
      vertex -2.74466 7.57886 5.6
    endloop
  endfacet
  facet normal -0.338989 -0.94079 0
    outer loop
      vertex -2.74466 7.57886 12.2452
      vertex -2.24744 7.3997 5.6
      vertex -2.24744 7.3997 12.2535
    endloop
  endfacet
  facet normal -0.19201 -0.981393 0
    outer loop
      vertex -3.29411 7.68636 5.6
      vertex -2.74466 7.57886 12.2452
      vertex -3.29411 7.68636 12.2455
    endloop
  endfacet
  facet normal -0.19201 -0.981393 -0
    outer loop
      vertex -2.74466 7.57886 12.2452
      vertex -3.29411 7.68636 5.6
      vertex -2.74466 7.57886 5.6
    endloop
  endfacet
  facet normal -0.0594602 -0.998231 0
    outer loop
      vertex -3.8958 7.7222 5.6
      vertex -3.29411 7.68636 12.2455
      vertex -3.8958 7.7222 12.2543
    endloop
  endfacet
  facet normal -0.0594602 -0.998231 -0
    outer loop
      vertex -3.29411 7.68636 12.2455
      vertex -3.8958 7.7222 5.6
      vertex -3.29411 7.68636 5.6
    endloop
  endfacet
  facet normal 0.0426027 -0.999092 0
    outer loop
      vertex -4.313 7.70441 5.6
      vertex -3.8958 7.7222 12.2543
      vertex -4.313 7.70441 12.2649
    endloop
  endfacet
  facet normal 0.0426027 -0.999092 0
    outer loop
      vertex -3.8958 7.7222 12.2543
      vertex -4.313 7.70441 5.6
      vertex -3.8958 7.7222 5.6
    endloop
  endfacet
  facet normal 0.13343 -0.991058 0
    outer loop
      vertex -4.70911 7.65108 5.6
      vertex -4.313 7.70441 12.2649
      vertex -4.70911 7.65108 12.2788
    endloop
  endfacet
  facet normal 0.13343 -0.991058 0
    outer loop
      vertex -4.313 7.70441 12.2649
      vertex -4.70911 7.65108 5.6
      vertex -4.313 7.70441 5.6
    endloop
  endfacet
  facet normal 0.230673 -0.973031 0
    outer loop
      vertex -5.08411 7.56218 5.6
      vertex -4.70911 7.65108 12.2788
      vertex -5.08411 7.56218 12.296
    endloop
  endfacet
  facet normal 0.230673 -0.973031 0
    outer loop
      vertex -4.70911 7.65108 12.2788
      vertex -5.08411 7.56218 5.6
      vertex -4.70911 7.65108 5.6
    endloop
  endfacet
  facet normal 0.331795 -0.943351 0
    outer loop
      vertex -5.438 7.43771 5.6
      vertex -5.08411 7.56218 12.296
      vertex -5.438 7.43771 12.3164
    endloop
  endfacet
  facet normal 0.331795 -0.943351 0
    outer loop
      vertex -5.08411 7.56218 12.296
      vertex -5.438 7.43771 5.6
      vertex -5.08411 7.56218 5.6
    endloop
  endfacet
  facet normal 0.433338 -0.901231 0
    outer loop
      vertex -5.7708 7.27769 5.6
      vertex -5.438 7.43771 12.3164
      vertex -5.7708 7.27769 12.3401
    endloop
  endfacet
  facet normal 0.433338 -0.901231 0
    outer loop
      vertex -5.438 7.43771 12.3164
      vertex -5.7708 7.27769 5.6
      vertex -5.438 7.43771 5.6
    endloop
  endfacet
  facet normal 0.535393 -0.844603 0
    outer loop
      vertex -6.07883 7.08243 5.6
      vertex -5.7708 7.27769 12.3401
      vertex -6.07883 7.08243 12.367
    endloop
  endfacet
  facet normal 0.535393 -0.844603 0
    outer loop
      vertex -5.7708 7.27769 12.3401
      vertex -6.07883 7.08243 5.6
      vertex -5.7708 7.27769 5.6
    endloop
  endfacet
  facet normal 0.635577 -0.772038 0
    outer loop
      vertex -6.35854 6.85216 5.6
      vertex -6.07883 7.08243 12.367
      vertex -6.35854 6.85216 12.397
    endloop
  endfacet
  facet normal 0.635577 -0.772038 0
    outer loop
      vertex -6.07883 7.08243 12.367
      vertex -6.35854 6.85216 5.6
      vertex -6.07883 7.08243 5.6
    endloop
  endfacet
  facet normal 0.725868 -0.687834 0
    outer loop
      vertex -6.60992 6.58688 5.6
      vertex -6.35854 6.85216 12.397
      vertex -6.60992 6.58688 12.43
    endloop
  endfacet
  facet normal 0.725868 -0.687834 0
    outer loop
      vertex -6.35854 6.85216 12.397
      vertex -6.60992 6.58688 5.6
      vertex -6.35854 6.85216 5.6
    endloop
  endfacet
  facet normal 0.80276 -0.596302 0
    outer loop
      vertex -6.83298 6.28659 5.6
      vertex -6.60992 6.58688 12.43
      vertex -6.83298 6.28659 12.4661
    endloop
  endfacet
  facet normal 0.80276 -0.596302 0
    outer loop
      vertex -6.60992 6.58688 12.43
      vertex -6.83298 6.28659 5.6
      vertex -6.60992 6.58688 5.6
    endloop
  endfacet
  facet normal 0.864767 -0.502173 0
    outer loop
      vertex -7.02769 5.95129 5.6
      vertex -6.83298 6.28659 12.4661
      vertex -7.02769 5.95129 12.5052
    endloop
  endfacet
  facet normal 0.864767 -0.502173 0
    outer loop
      vertex -6.83298 6.28659 12.4661
      vertex -7.02769 5.95129 5.6
      vertex -6.83298 6.28659 5.6
    endloop
  endfacet
  facet normal 0.915907 -0.401391 0
    outer loop
      vertex -7.1902 5.58047 5.6
      vertex -7.02769 5.95129 12.5052
      vertex -7.1902 5.58047 12.5474
    endloop
  endfacet
  facet normal 0.915907 -0.401391 0
    outer loop
      vertex -7.02769 5.95129 12.5052
      vertex -7.1902 5.58047 5.6
      vertex -7.02769 5.95129 5.6
    endloop
  endfacet
  facet normal 0.954995 -0.296623 0
    outer loop
      vertex -7.31659 5.17355 5.6
      vertex -7.1902 5.58047 12.5474
      vertex -7.31659 5.17355 12.5926
    endloop
  endfacet
  facet normal 0.954995 -0.296623 0
    outer loop
      vertex -7.1902 5.58047 12.5474
      vertex -7.31659 5.17355 5.6
      vertex -7.1902 5.58047 5.6
    endloop
  endfacet
  facet normal 0.979859 -0.199692 0
    outer loop
      vertex -7.40688 4.73051 5.6
      vertex -7.31659 5.17355 12.5926
      vertex -7.40688 4.73051 12.6408
    endloop
  endfacet
  facet normal 0.979859 -0.199692 0
    outer loop
      vertex -7.31659 5.17355 12.5926
      vertex -7.40688 4.73051 5.6
      vertex -7.31659 5.17355 5.6
    endloop
  endfacet
  facet normal 0.993672 -0.112318 0
    outer loop
      vertex -7.46104 4.25136 5.6
      vertex -7.40688 4.73051 12.6408
      vertex -7.46104 4.25136 12.6921
    endloop
  endfacet
  facet normal 0.993672 -0.112318 0
    outer loop
      vertex -7.40688 4.73051 12.6408
      vertex -7.46104 4.25136 5.6
      vertex -7.40688 4.73051 5.6
    endloop
  endfacet
  facet normal 0.999386 -0.0350288 0
    outer loop
      vertex -7.4791 3.7361 5.6
      vertex -7.46104 4.25136 12.6921
      vertex -7.4791 3.7361 12.7464
    endloop
  endfacet
  facet normal 0.999386 -0.0350288 0
    outer loop
      vertex -7.46104 4.25136 12.6921
      vertex -7.4791 3.7361 5.6
      vertex -7.46104 4.25136 5.6
    endloop
  endfacet
  facet normal 0.999214 0.0396366 -0
    outer loop
      vertex -7.45909 3.23166 5.6
      vertex -7.4791 3.7361 12.7464
      vertex -7.45909 3.23166 12.7987
    endloop
  endfacet
  facet normal 0.999214 0.0396366 0
    outer loop
      vertex -7.4791 3.7361 12.7464
      vertex -7.45909 3.23166 5.6
      vertex -7.4791 3.7361 5.6
    endloop
  endfacet
  facet normal 0.991911 0.126932 -0
    outer loop
      vertex -7.39909 2.76279 5.6
      vertex -7.45909 3.23166 12.7987
      vertex -7.39909 2.76279 12.8465
    endloop
  endfacet
  facet normal 0.991911 0.126932 0
    outer loop
      vertex -7.45909 3.23166 12.7987
      vertex -7.39909 2.76279 5.6
      vertex -7.45909 3.23166 5.6
    endloop
  endfacet
  facet normal 0.974393 0.224851 -0
    outer loop
      vertex -7.29909 2.32944 5.6
      vertex -7.39909 2.76279 12.8465
      vertex -7.29909 2.32944 12.8897
    endloop
  endfacet
  facet normal 0.974393 0.224851 0
    outer loop
      vertex -7.39909 2.76279 12.8465
      vertex -7.29909 2.32944 5.6
      vertex -7.39909 2.76279 5.6
    endloop
  endfacet
  facet normal 0.943288 0.331977 -0
    outer loop
      vertex -7.15909 1.93164 5.6
      vertex -7.29909 2.32944 12.8897
      vertex -7.15909 1.93164 12.9284
    endloop
  endfacet
  facet normal 0.943288 0.331977 0
    outer loop
      vertex -7.29909 2.32944 12.8897
      vertex -7.15909 1.93164 5.6
      vertex -7.29909 2.32944 5.6
    endloop
  endfacet
  facet normal 0.895542 0.444977 -0
    outer loop
      vertex -6.9791 1.5694 5.6
      vertex -7.15909 1.93164 12.9284
      vertex -6.9791 1.5694 12.9625
    endloop
  endfacet
  facet normal 0.895542 0.444977 0
    outer loop
      vertex -7.15909 1.93164 12.9284
      vertex -6.9791 1.5694 5.6
      vertex -7.15909 1.93164 5.6
    endloop
  endfacet
  facet normal 0.835533 0.54944 -0
    outer loop
      vertex -6.7641 1.24245 5.6
      vertex -6.9791 1.5694 12.9625
      vertex -6.7641 1.24245 12.9921
    endloop
  endfacet
  facet normal 0.835533 0.54944 0
    outer loop
      vertex -6.9791 1.5694 12.9625
      vertex -6.7641 1.24245 5.6
      vertex -6.9791 1.5694 5.6
    endloop
  endfacet
  facet normal 0.765982 0.642862 -0
    outer loop
      vertex -6.51909 0.950516 5.6
      vertex -6.7641 1.24245 12.9921
      vertex -6.51909 0.950516 13.0175
    endloop
  endfacet
  facet normal 0.765982 0.642862 0
    outer loop
      vertex -6.7641 1.24245 12.9921
      vertex -6.51909 0.950516 5.6
      vertex -6.7641 1.24245 5.6
    endloop
  endfacet
  facet normal 0.682711 0.730689 -0
    outer loop
      vertex -6.24409 0.693573 5.6
      vertex -6.51909 0.950516 13.0175
      vertex -6.24409 0.693573 13.0386
    endloop
  endfacet
  facet normal 0.682711 0.730689 0
    outer loop
      vertex -6.51909 0.950516 13.0175
      vertex -6.24409 0.693573 5.6
      vertex -6.51909 0.950516 5.6
    endloop
  endfacet
  facet normal 0.588381 0.808584 -0
    outer loop
      vertex -5.93909 0.471634 5.6
      vertex -6.24409 0.693573 13.0386
      vertex -5.93909 0.471634 13.0555
    endloop
  endfacet
  facet normal 0.588381 0.808584 0
    outer loop
      vertex -6.24409 0.693573 13.0386
      vertex -5.93909 0.471634 5.6
      vertex -6.24409 0.693573 5.6
    endloop
  endfacet
  facet normal 0.487296 0.873237 -0
    outer loop
      vertex -5.6041 0.284698 5.6
      vertex -5.93909 0.471634 13.0555
      vertex -5.6041 0.284698 13.068
    endloop
  endfacet
  facet normal 0.487296 0.873237 0
    outer loop
      vertex -5.93909 0.471634 13.0555
      vertex -5.6041 0.284698 5.6
      vertex -5.93909 0.471634 5.6
    endloop
  endfacet
  facet normal 0.389544 0.921008 -0
    outer loop
      vertex -5.24355 0.132202 5.6
      vertex -5.6041 0.284698 13.068
      vertex -5.24355 0.132202 13.0764
    endloop
  endfacet
  facet normal 0.389544 0.921008 0
    outer loop
      vertex -5.6041 0.284698 13.068
      vertex -5.24355 0.132202 5.6
      vertex -5.6041 0.284698 5.6
    endloop
  endfacet
  facet normal 0.296758 0.954953 -0
    outer loop
      vertex -4.86188 0.0135956 5.6
      vertex -5.24355 0.132202 13.0764
      vertex -4.86188 0.0135956 13.0808
    endloop
  endfacet
  facet normal 0.296758 0.954953 0
    outer loop
      vertex -5.24355 0.132202 13.0764
      vertex -4.86188 0.0135956 5.6
      vertex -5.24355 0.132202 5.6
    endloop
  endfacet
  facet normal 0.205822 0.978589 -0
    outer loop
      vertex -4.45909 -0.0711212 5.6
      vertex -4.86188 0.0135956 13.0808
      vertex -4.45909 -0.0711212 13.0812
    endloop
  endfacet
  facet normal 0.205822 0.978589 0
    outer loop
      vertex -4.86188 0.0135956 13.0808
      vertex -4.45909 -0.0711212 5.6
      vertex -4.86188 0.0135956 5.6
    endloop
  endfacet
  facet normal 0.119053 0.992888 -0
    outer loop
      vertex -4.0352 -0.121948 5.6
      vertex -4.45909 -0.0711212 13.0812
      vertex -4.0352 -0.121948 13.0776
    endloop
  endfacet
  facet normal 0.119053 0.992888 0
    outer loop
      vertex -4.45909 -0.0711212 13.0812
      vertex -4.0352 -0.121948 5.6
      vertex -4.45909 -0.0711212 5.6
    endloop
  endfacet
  facet normal 0.0380323 0.999277 0
    outer loop
      vertex -4.0352 -0.121948 5.6
      vertex -3.59019 -0.138885 13.07
      vertex -3.59019 -0.138885 5.6
    endloop
  endfacet
  facet normal 0.0380323 0.999277 0
    outer loop
      vertex -3.59019 -0.138885 13.07
      vertex -4.0352 -0.121948 5.6
      vertex -4.0352 -0.121948 13.0776
    endloop
  endfacet
  facet normal -0.0155374 0.999879 0
    outer loop
      vertex -3.59019 -0.138885 5.6
      vertex -3.25047 -0.133606 13.0624
      vertex -3.25047 -0.133606 5.6
    endloop
  endfacet
  facet normal -0.0155374 0.999879 0
    outer loop
      vertex -3.25047 -0.133606 13.0624
      vertex -3.59019 -0.138885 5.6
      vertex -3.59019 -0.138885 13.07
    endloop
  endfacet
  facet normal -0.991475 0.130296 0
    outer loop
      vertex -5.34019 4.65279 5.6
      vertex -5.29938 4.96333 12.5723
      vertex -5.29938 4.96333 5.6
    endloop
  endfacet
  facet normal -0.991475 0.130296 0
    outer loop
      vertex -5.29938 4.96333 12.5723
      vertex -5.34019 4.65279 5.6
      vertex -5.34019 4.65279 12.6056
    endloop
  endfacet
  facet normal -0.971853 0.235589 0
    outer loop
      vertex -5.29938 4.96333 5.6
      vertex -5.23245 5.23943 12.542
      vertex -5.23245 5.23943 5.6
    endloop
  endfacet
  facet normal -0.971853 0.235589 0
    outer loop
      vertex -5.23245 5.23943 12.542
      vertex -5.29938 4.96333 5.6
      vertex -5.29938 4.96333 12.5723
    endloop
  endfacet
  facet normal -0.933211 0.359328 0
    outer loop
      vertex -5.23245 5.23943 5.6
      vertex -5.1394 5.48109 12.5148
      vertex -5.1394 5.48109 5.6
    endloop
  endfacet
  facet normal -0.933211 0.359328 0
    outer loop
      vertex -5.1394 5.48109 12.5148
      vertex -5.23245 5.23943 5.6
      vertex -5.23245 5.23943 12.542
    endloop
  endfacet
  facet normal -0.866927 0.498435 0
    outer loop
      vertex -5.1394 5.48109 5.6
      vertex -5.02026 5.68831 12.4906
      vertex -5.02026 5.68831 5.6
    endloop
  endfacet
  facet normal -0.866927 0.498435 0
    outer loop
      vertex -5.02026 5.68831 12.4906
      vertex -5.1394 5.48109 5.6
      vertex -5.1394 5.48109 12.5148
    endloop
  endfacet
  facet normal -0.765451 0.643494 0
    outer loop
      vertex -5.02026 5.68831 5.6
      vertex -4.875 5.8611 12.4695
      vertex -4.875 5.8611 5.6
    endloop
  endfacet
  facet normal -0.765451 0.643494 0
    outer loop
      vertex -4.875 5.8611 12.4695
      vertex -5.02026 5.68831 5.6
      vertex -5.02026 5.68831 12.4906
    endloop
  endfacet
  facet normal -0.643773 0.765216 0
    outer loop
      vertex -4.875 5.8611 5.6
      vertex -4.70859 6.0011 12.4514
      vertex -4.70859 6.0011 5.6
    endloop
  endfacet
  facet normal -0.643773 0.765216 0
    outer loop
      vertex -4.70859 6.0011 12.4514
      vertex -4.875 5.8611 5.6
      vertex -4.875 5.8611 12.4695
    endloop
  endfacet
  facet normal -0.512322 0.858794 0
    outer loop
      vertex -4.70859 6.0011 5.6
      vertex -4.52606 6.10999 12.4362
      vertex -4.52606 6.10999 5.6
    endloop
  endfacet
  facet normal -0.512322 0.858794 0
    outer loop
      vertex -4.52606 6.10999 12.4362
      vertex -4.70859 6.0011 5.6
      vertex -4.70859 6.0011 12.4514
    endloop
  endfacet
  facet normal -0.36464 0.931149 0
    outer loop
      vertex -4.52606 6.10999 5.6
      vertex -4.32744 6.18777 12.4239
      vertex -4.32744 6.18777 5.6
    endloop
  endfacet
  facet normal -0.36464 0.931149 0
    outer loop
      vertex -4.32744 6.18777 12.4239
      vertex -4.52606 6.10999 5.6
      vertex -4.52606 6.10999 12.4362
    endloop
  endfacet
  facet normal -0.212394 0.977184 0
    outer loop
      vertex -4.32744 6.18777 5.6
      vertex -4.11272 6.23444 12.4145
      vertex -4.11272 6.23444 5.6
    endloop
  endfacet
  facet normal -0.212394 0.977184 0
    outer loop
      vertex -4.11272 6.23444 12.4145
      vertex -4.32744 6.18777 5.6
      vertex -4.32744 6.18777 12.4239
    endloop
  endfacet
  facet normal -0.0672592 0.997736 0
    outer loop
      vertex -4.11272 6.23444 5.6
      vertex -3.8819 6.25 12.408
      vertex -3.8819 6.25 5.6
    endloop
  endfacet
  facet normal -0.0672592 0.997736 0
    outer loop
      vertex -3.8819 6.25 12.408
      vertex -4.11272 6.23444 5.6
      vertex -4.11272 6.23444 12.4145
    endloop
  endfacet
  facet normal 0.064657 0.997908 0
    outer loop
      vertex -3.8819 6.25 5.6
      vertex -3.60301 6.23193 12.404
      vertex -3.60301 6.23193 5.6
    endloop
  endfacet
  facet normal 0.064657 0.997908 0
    outer loop
      vertex -3.60301 6.23193 12.404
      vertex -3.8819 6.25 5.6
      vertex -3.8819 6.25 12.408
    endloop
  endfacet
  facet normal 0.213585 0.976924 -0
    outer loop
      vertex -3.35524 6.17776 5.6
      vertex -3.60301 6.23193 12.404
      vertex -3.35524 6.17776 12.4045
    endloop
  endfacet
  facet normal 0.213585 0.976924 0
    outer loop
      vertex -3.60301 6.23193 12.404
      vertex -3.35524 6.17776 5.6
      vertex -3.60301 6.23193 5.6
    endloop
  endfacet
  facet normal 0.384597 0.923084 -0
    outer loop
      vertex -3.13858 6.08749 5.6
      vertex -3.35524 6.17776 12.4045
      vertex -3.13858 6.08749 12.4094
    endloop
  endfacet
  facet normal 0.384597 0.923084 0
    outer loop
      vertex -3.35524 6.17776 12.4045
      vertex -3.13858 6.08749 5.6
      vertex -3.35524 6.17776 5.6
    endloop
  endfacet
  facet normal 0.562998 0.826458 -0
    outer loop
      vertex -2.95303 5.96109 5.6
      vertex -3.13858 6.08749 12.4094
      vertex -2.95303 5.96109 12.4187
    endloop
  endfacet
  facet normal 0.562998 0.826458 0
    outer loop
      vertex -3.13858 6.08749 12.4094
      vertex -2.95303 5.96109 5.6
      vertex -3.13858 6.08749 5.6
    endloop
  endfacet
  facet normal 0.724856 0.688901 -0
    outer loop
      vertex -2.7986 5.7986 5.6
      vertex -2.95303 5.96109 12.4187
      vertex -2.7986 5.7986 12.4325
    endloop
  endfacet
  facet normal 0.724856 0.688901 0
    outer loop
      vertex -2.95303 5.96109 12.4187
      vertex -2.7986 5.7986 5.6
      vertex -2.95303 5.96109 5.6
    endloop
  endfacet
  facet normal 0.834592 0.550868 -0
    outer loop
      vertex -2.673 5.60831 5.6
      vertex -2.7986 5.7986 12.4325
      vertex -2.673 5.60831 12.4498
    endloop
  endfacet
  facet normal 0.834592 0.550868 0
    outer loop
      vertex -2.7986 5.7986 12.4325
      vertex -2.673 5.60831 5.6
      vertex -2.7986 5.7986 5.6
    endloop
  endfacet
  facet normal 0.904472 0.426532 -0
    outer loop
      vertex -2.5741 5.39859 5.6
      vertex -2.673 5.60831 12.4498
      vertex -2.5741 5.39859 12.4696
    endloop
  endfacet
  facet normal 0.904472 0.426532 0
    outer loop
      vertex -2.673 5.60831 12.4498
      vertex -2.5741 5.39859 5.6
      vertex -2.673 5.60831 5.6
    endloop
  endfacet
  facet normal 0.953734 0.300653 -0
    outer loop
      vertex -2.50186 5.16943 5.6
      vertex -2.5741 5.39859 12.4696
      vertex -2.50186 5.16943 12.4921
    endloop
  endfacet
  facet normal 0.953734 0.300653 0
    outer loop
      vertex -2.5741 5.39859 12.4696
      vertex -2.50186 5.16943 5.6
      vertex -2.5741 5.39859 5.6
    endloop
  endfacet
  facet normal 0.983603 0.180348 -0
    outer loop
      vertex -2.45628 4.92084 5.6
      vertex -2.50186 5.16943 12.4921
      vertex -2.45628 4.92084 12.5171
    endloop
  endfacet
  facet normal 0.983603 0.180348 0
    outer loop
      vertex -2.50186 5.16943 12.4921
      vertex -2.45628 4.92084 5.6
      vertex -2.50186 5.16943 5.6
    endloop
  endfacet
  facet normal 0.997526 0.0702976 -0
    outer loop
      vertex -2.43739 4.65279 5.6
      vertex -2.45628 4.92084 12.5171
      vertex -2.43739 4.65279 12.5448
    endloop
  endfacet
  facet normal 0.997526 0.0702976 0
    outer loop
      vertex -2.45628 4.92084 12.5171
      vertex -2.43739 4.65279 5.6
      vertex -2.45628 4.92084 5.6
    endloop
  endfacet
  facet normal 0 -1 0
    outer loop
      vertex -5.34019 4.65279 5.6
      vertex -2.43739 4.65279 12.5448
      vertex -5.34019 4.65279 12.6056
    endloop
  endfacet
  facet normal 0 -1 -0
    outer loop
      vertex -2.43739 4.65279 12.5448
      vertex -5.34019 4.65279 5.6
      vertex -2.43739 4.65279 5.6
    endloop
  endfacet
  facet normal -0.0495661 0.998771 0
    outer loop
      vertex 4.76543 -0.133606 5.6
      vertex 5.08459 -0.117767 12.8859
      vertex 5.08459 -0.117767 5.6
    endloop
  endfacet
  facet normal -0.0495661 0.998771 0
    outer loop
      vertex 5.08459 -0.117767 12.8859
      vertex 4.76543 -0.133606 5.6
      vertex 4.76543 -0.133606 12.8943
    endloop
  endfacet
  facet normal -0.0880604 0.996115 0
    outer loop
      vertex 5.08459 -0.117767 5.6
      vertex 5.38319 -0.0913696 12.8769
      vertex 5.38319 -0.0913696 5.6
    endloop
  endfacet
  facet normal -0.0880604 0.996115 0
    outer loop
      vertex 5.38319 -0.0913696 12.8769
      vertex 5.08459 -0.117767 5.6
      vertex 5.08459 -0.117767 12.8859
    endloop
  endfacet
  facet normal -0.131765 0.991281 0
    outer loop
      vertex 5.38319 -0.0913696 5.6
      vertex 5.66122 -0.0544128 12.8672
      vertex 5.66122 -0.0544128 5.6
    endloop
  endfacet
  facet normal -0.131765 0.991281 0
    outer loop
      vertex 5.66122 -0.0544128 12.8672
      vertex 5.38319 -0.0913696 5.6
      vertex 5.38319 -0.0913696 12.8769
    endloop
  endfacet
  facet normal -0.181478 0.983395 0
    outer loop
      vertex 5.66122 -0.0544128 5.6
      vertex 5.9187 -0.00689697 12.8568
      vertex 5.9187 -0.00689697 5.6
    endloop
  endfacet
  facet normal -0.181478 0.983395 0
    outer loop
      vertex 5.9187 -0.00689697 12.8568
      vertex 5.66122 -0.0544128 5.6
      vertex 5.66122 -0.0544128 12.8672
    endloop
  endfacet
  facet normal -0.232766 0.972533 0
    outer loop
      vertex 5.9187 -0.00689697 5.6
      vertex 6.16345 0.0516815 12.8456
      vertex 6.16345 0.0516815 5.6
    endloop
  endfacet
  facet normal -0.232766 0.972533 0
    outer loop
      vertex 6.16345 0.0516815 12.8456
      vertex 5.9187 -0.00689697 5.6
      vertex 5.9187 -0.00689697 12.8568
    endloop
  endfacet
  facet normal -0.281332 0.95961 0
    outer loop
      vertex 6.16345 0.0516815 5.6
      vertex 6.40318 0.121964 12.8332
      vertex 6.40318 0.121964 5.6
    endloop
  endfacet
  facet normal -0.281332 0.95961 0
    outer loop
      vertex 6.40318 0.121964 12.8332
      vertex 6.16345 0.0516815 5.6
      vertex 6.16345 0.0516815 12.8456
    endloop
  endfacet
  facet normal -0.329562 0.944134 0
    outer loop
      vertex 6.40318 0.121964 5.6
      vertex 6.63792 0.203903 12.8197
      vertex 6.63792 0.203903 5.6
    endloop
  endfacet
  facet normal -0.329562 0.944134 0
    outer loop
      vertex 6.63792 0.203903 12.8197
      vertex 6.40318 0.121964 5.6
      vertex 6.40318 0.121964 12.8332
    endloop
  endfacet
  facet normal -0.377321 0.926082 0
    outer loop
      vertex 6.63792 0.203903 5.6
      vertex 6.86768 0.297516 12.8051
      vertex 6.86768 0.297516 5.6
    endloop
  endfacet
  facet normal -0.377321 0.926082 0
    outer loop
      vertex 6.86768 0.297516 12.8051
      vertex 6.63792 0.203903 5.6
      vertex 6.63792 0.203903 12.8197
    endloop
  endfacet
  facet normal -0.424195 0.905571 0
    outer loop
      vertex 6.86768 0.297516 5.6
      vertex 7.09241 0.402786 12.7894
      vertex 7.09241 0.402786 5.6
    endloop
  endfacet
  facet normal -0.424195 0.905571 0
    outer loop
      vertex 7.09241 0.402786 12.7894
      vertex 6.86768 0.297516 5.6
      vertex 6.86768 0.297516 12.8051
    endloop
  endfacet
  facet normal -1 0 0
    outer loop
      vertex 7.09241 0.402786 5.6
      vertex 7.09241 2 12.6223
      vertex 7.09241 2 5.6
    endloop
  endfacet
  facet normal -1 -0 0
    outer loop
      vertex 7.09241 2 12.6223
      vertex 7.09241 0.402786 5.6
      vertex 7.09241 0.402786 12.7894
    endloop
  endfacet
  facet normal 0.415155 -0.909751 0
    outer loop
      vertex 6.83852 1.88414 5.6
      vertex 7.09241 2 12.6223
      vertex 6.83852 1.88414 12.6398
    endloop
  endfacet
  facet normal 0.415155 -0.909751 0
    outer loop
      vertex 7.09241 2 12.6223
      vertex 6.83852 1.88414 5.6
      vertex 7.09241 2 5.6
    endloop
  endfacet
  facet normal 0.380384 -0.924829 0
    outer loop
      vertex 6.58795 1.78108 5.6
      vertex 6.83852 1.88414 12.6398
      vertex 6.58795 1.78108 12.6558
    endloop
  endfacet
  facet normal 0.380384 -0.924829 0
    outer loop
      vertex 6.83852 1.88414 12.6398
      vertex 6.58795 1.78108 5.6
      vertex 6.83852 1.88414 5.6
    endloop
  endfacet
  facet normal 0.342987 -0.93934 0
    outer loop
      vertex 6.3407 1.6908 5.6
      vertex 6.58795 1.78108 12.6558
      vertex 6.3407 1.6908 12.6704
    endloop
  endfacet
  facet normal 0.342987 -0.93934 0
    outer loop
      vertex 6.58795 1.78108 12.6558
      vertex 6.3407 1.6908 5.6
      vertex 6.58795 1.78108 5.6
    endloop
  endfacet
  facet normal 0.302786 -0.953059 0
    outer loop
      vertex 6.09679 1.61331 5.6
      vertex 6.3407 1.6908 12.6704
      vertex 6.09679 1.61331 12.6836
    endloop
  endfacet
  facet normal 0.302786 -0.953059 0
    outer loop
      vertex 6.3407 1.6908 12.6704
      vertex 6.09679 1.61331 5.6
      vertex 6.3407 1.6908 5.6
    endloop
  endfacet
  facet normal 0.259733 -0.96568 0
    outer loop
      vertex 5.8562 1.5486 5.6
      vertex 6.09679 1.61331 12.6836
      vertex 5.8562 1.5486 12.6955
    endloop
  endfacet
  facet normal 0.259733 -0.96568 0
    outer loop
      vertex 6.09679 1.61331 12.6836
      vertex 5.8562 1.5486 5.6
      vertex 6.09679 1.61331 5.6
    endloop
  endfacet
  facet normal 0.209958 -0.97771 0
    outer loop
      vertex 5.61177 1.49611 5.6
      vertex 5.8562 1.5486 12.6955
      vertex 5.61177 1.49611 12.7061
    endloop
  endfacet
  facet normal 0.209958 -0.97771 0
    outer loop
      vertex 5.8562 1.5486 12.6955
      vertex 5.61177 1.49611 5.6
      vertex 5.8562 1.5486 5.6
    endloop
  endfacet
  facet normal 0.157778 -0.987475 0
    outer loop
      vertex 5.35623 1.45528 5.6
      vertex 5.61177 1.49611 12.7061
      vertex 5.35623 1.45528 12.7157
    endloop
  endfacet
  facet normal 0.157778 -0.987475 0
    outer loop
      vertex 5.61177 1.49611 12.7061
      vertex 5.35623 1.45528 5.6
      vertex 5.61177 1.49611 5.6
    endloop
  endfacet
  facet normal 0.108705 -0.994074 0
    outer loop
      vertex 5.08957 1.42612 5.6
      vertex 5.35623 1.45528 12.7157
      vertex 5.08957 1.42612 12.7243
    endloop
  endfacet
  facet normal 0.108705 -0.994074 0
    outer loop
      vertex 5.35623 1.45528 12.7157
      vertex 5.08957 1.42612 5.6
      vertex 5.35623 1.45528 5.6
    endloop
  endfacet
  facet normal 0.0628413 -0.998024 0
    outer loop
      vertex 4.8118 1.40863 5.6
      vertex 5.08957 1.42612 12.7243
      vertex 4.8118 1.40863 12.732
    endloop
  endfacet
  facet normal 0.0628413 -0.998024 0
    outer loop
      vertex 5.08957 1.42612 12.7243
      vertex 4.8118 1.40863 5.6
      vertex 5.08957 1.42612 5.6
    endloop
  endfacet
  facet normal 0.0202105 -0.999796 0
    outer loop
      vertex 4.5229 1.40279 5.6
      vertex 4.8118 1.40863 12.732
      vertex 4.5229 1.40279 12.7387
    endloop
  endfacet
  facet normal 0.0202105 -0.999796 0
    outer loop
      vertex 4.8118 1.40863 12.732
      vertex 4.5229 1.40279 5.6
      vertex 4.8118 1.40863 5.6
    endloop
  endfacet
  facet normal -0.0596468 -0.99822 0
    outer loop
      vertex 4.18819 1.42279 5.6
      vertex 4.5229 1.40279 12.7387
      vertex 4.18819 1.42279 12.7436
    endloop
  endfacet
  facet normal -0.0596468 -0.99822 -0
    outer loop
      vertex 4.5229 1.40279 12.7387
      vertex 4.18819 1.42279 5.6
      vertex 4.5229 1.40279 5.6
    endloop
  endfacet
  facet normal -0.193529 -0.981095 0
    outer loop
      vertex 3.88402 1.48279 5.6
      vertex 4.18819 1.42279 12.7436
      vertex 3.88402 1.48279 12.7437
    endloop
  endfacet
  facet normal -0.193529 -0.981095 -0
    outer loop
      vertex 4.18819 1.42279 12.7436
      vertex 3.88402 1.48279 5.6
      vertex 4.18819 1.42279 5.6
    endloop
  endfacet
  facet normal -0.343264 -0.939239 0
    outer loop
      vertex 3.88402 1.48279 5.6
      vertex 3.6104 1.58279 12.739
      vertex 3.6104 1.58279 5.6
    endloop
  endfacet
  facet normal -0.343264 -0.939239 0
    outer loop
      vertex 3.6104 1.58279 12.739
      vertex 3.88402 1.48279 5.6
      vertex 3.88402 1.48279 12.7437
    endloop
  endfacet
  facet normal -0.499085 -0.866553 0
    outer loop
      vertex 3.6104 1.58279 5.6
      vertex 3.36732 1.72279 12.7294
      vertex 3.36732 1.72279 5.6
    endloop
  endfacet
  facet normal -0.499085 -0.866553 0
    outer loop
      vertex 3.36732 1.72279 12.7294
      vertex 3.6104 1.58279 5.6
      vertex 3.6104 1.58279 12.739
    endloop
  endfacet
  facet normal -0.646345 -0.763046 0
    outer loop
      vertex 3.36732 1.72279 5.6
      vertex 3.15482 1.90279 12.7151
      vertex 3.15482 1.90279 5.6
    endloop
  endfacet
  facet normal -0.646345 -0.763046 0
    outer loop
      vertex 3.15482 1.90279 12.7151
      vertex 3.36732 1.72279 5.6
      vertex 3.36732 1.72279 12.7294
    endloop
  endfacet
  facet normal -0.769214 -0.638991 0
    outer loop
      vertex 3.15482 1.90279 5.6
      vertex 2.97621 2.1178 12.6963
      vertex 2.97621 2.1178 5.6
    endloop
  endfacet
  facet normal -0.769214 -0.638991 0
    outer loop
      vertex 2.97621 2.1178 12.6963
      vertex 3.15482 1.90279 5.6
      vertex 3.15482 1.90279 12.7151
    endloop
  endfacet
  facet normal -0.86614 -0.499801 0
    outer loop
      vertex 2.97621 2.1178 5.6
      vertex 2.83484 2.36279 12.6737
      vertex 2.83484 2.36279 5.6
    endloop
  endfacet
  facet normal -0.86614 -0.499801 0
    outer loop
      vertex 2.83484 2.36279 12.6737
      vertex 2.97621 2.1178 5.6
      vertex 2.97621 2.1178 12.6963
    endloop
  endfacet
  facet normal -0.935167 -0.354207 0
    outer loop
      vertex 2.83484 2.36279 5.6
      vertex 2.73068 2.63779 12.6471
      vertex 2.73068 2.63779 5.6
    endloop
  endfacet
  facet normal -0.935167 -0.354207 0
    outer loop
      vertex 2.73068 2.63779 12.6471
      vertex 2.83484 2.36279 5.6
      vertex 2.83484 2.36279 12.6737
    endloop
  endfacet
  facet normal -0.976752 -0.214373 0
    outer loop
      vertex 2.73068 2.63779 5.6
      vertex 2.66374 2.94279 12.6166
      vertex 2.66374 2.94279 5.6
    endloop
  endfacet
  facet normal -0.976752 -0.214373 0
    outer loop
      vertex 2.66374 2.94279 12.6166
      vertex 2.73068 2.63779 5.6
      vertex 2.73068 2.63779 12.6471
    endloop
  endfacet
  facet normal -0.996083 -0.0884283 0
    outer loop
      vertex 2.66374 2.94279 5.6
      vertex 2.634 3.27779 12.5822
      vertex 2.634 3.27779 5.6
    endloop
  endfacet
  facet normal -0.996083 -0.0884283 0
    outer loop
      vertex 2.634 3.27779 12.5822
      vertex 2.66374 2.94279 5.6
      vertex 2.66374 2.94279 12.6166
    endloop
  endfacet
  facet normal 0 1 0
    outer loop
      vertex 2.634 3.27779 5.6
      vertex 7.5229 3.27779 12.4797
      vertex 7.5229 3.27779 5.6
    endloop
  endfacet
  facet normal 0 1 0
    outer loop
      vertex 7.5229 3.27779 12.4797
      vertex 2.634 3.27779 5.6
      vertex 2.634 3.27779 12.5822
    endloop
  endfacet
  facet normal -1 0 0
    outer loop
      vertex 7.5229 3.27779 5.6
      vertex 7.5229 4.27779 12.3751
      vertex 7.5229 4.27779 5.6
    endloop
  endfacet
  facet normal -1 -0 0
    outer loop
      vertex 7.5229 4.27779 12.3751
      vertex 7.5229 3.27779 5.6
      vertex 7.5229 3.27779 12.4797
    endloop
  endfacet
  facet normal -0.998316 -0.0580151 0
    outer loop
      vertex 7.5229 4.27779 5.6
      vertex 7.48624 4.90863 12.3099
      vertex 7.48624 4.90863 5.6
    endloop
  endfacet
  facet normal -0.998316 -0.0580151 0
    outer loop
      vertex 7.48624 4.90863 12.3099
      vertex 7.5229 4.27779 5.6
      vertex 7.5229 4.27779 12.3751
    endloop
  endfacet
  facet normal -0.981901 -0.189397 0
    outer loop
      vertex 7.48624 4.90863 5.6
      vertex 7.37624 5.47891 12.2525
      vertex 7.37624 5.47891 5.6
    endloop
  endfacet
  facet normal -0.981901 -0.189397 0
    outer loop
      vertex 7.37624 5.47891 12.2525
      vertex 7.48624 4.90863 5.6
      vertex 7.48624 4.90863 12.3099
    endloop
  endfacet
  facet normal -0.940981 -0.338459 0
    outer loop
      vertex 7.37624 5.47891 5.6
      vertex 7.1929 5.98863 12.2031
      vertex 7.1929 5.98863 5.6
    endloop
  endfacet
  facet normal -0.940981 -0.338459 0
    outer loop
      vertex 7.1929 5.98863 12.2031
      vertex 7.37624 5.47891 5.6
      vertex 7.37624 5.47891 12.2525
    endloop
  endfacet
  facet normal -0.868229 -0.496164 0
    outer loop
      vertex 7.1929 5.98863 5.6
      vertex 6.93622 6.43779 12.1615
      vertex 6.93622 6.43779 5.6
    endloop
  endfacet
  facet normal -0.868229 -0.496164 0
    outer loop
      vertex 6.93622 6.43779 12.1615
      vertex 7.1929 5.98863 5.6
      vertex 7.1929 5.98863 12.2031
    endloop
  endfacet
  facet normal -0.76222 -0.647318 0
    outer loop
      vertex 6.93622 6.43779 5.6
      vertex 6.6062 6.82639 12.1278
      vertex 6.6062 6.82639 5.6
    endloop
  endfacet
  facet normal -0.76222 -0.647318 0
    outer loop
      vertex 6.6062 6.82639 12.1278
      vertex 6.93622 6.43779 5.6
      vertex 6.93622 6.43779 12.1615
    endloop
  endfacet
  facet normal -0.634601 -0.77284 0
    outer loop
      vertex 6.6062 6.82639 5.6
      vertex 6.21346 7.14888 12.1023
      vertex 6.21346 7.14888 5.6
    endloop
  endfacet
  facet normal -0.634601 -0.77284 0
    outer loop
      vertex 6.21346 7.14888 12.1023
      vertex 6.6062 6.82639 5.6
      vertex 6.6062 6.82639 12.1278
    endloop
  endfacet
  facet normal -0.491016 -0.871151 0
    outer loop
      vertex 6.21346 7.14888 5.6
      vertex 5.76846 7.3997 12.0854
      vertex 5.76846 7.3997 5.6
    endloop
  endfacet
  facet normal -0.491016 -0.871151 0
    outer loop
      vertex 5.76846 7.3997 12.0854
      vertex 6.21346 7.14888 5.6
      vertex 6.21346 7.14888 12.1023
    endloop
  endfacet
  facet normal -0.338989 -0.94079 0
    outer loop
      vertex 5.76846 7.3997 5.6
      vertex 5.27124 7.57886 12.0771
      vertex 5.27124 7.57886 5.6
    endloop
  endfacet
  facet normal -0.338989 -0.94079 0
    outer loop
      vertex 5.27124 7.57886 12.0771
      vertex 5.76846 7.3997 5.6
      vertex 5.76846 7.3997 12.0854
    endloop
  endfacet
  facet normal -0.19201 -0.981393 0
    outer loop
      vertex 4.72179 7.68636 5.6
      vertex 5.27124 7.57886 12.0771
      vertex 4.72179 7.68636 12.0774
    endloop
  endfacet
  facet normal -0.19201 -0.981393 -0
    outer loop
      vertex 5.27124 7.57886 12.0771
      vertex 4.72179 7.68636 5.6
      vertex 5.27124 7.57886 5.6
    endloop
  endfacet
  facet normal -0.0594602 -0.998231 0
    outer loop
      vertex 4.1201 7.7222 5.6
      vertex 4.72179 7.68636 12.0774
      vertex 4.1201 7.7222 12.0862
    endloop
  endfacet
  facet normal -0.0594602 -0.998231 -0
    outer loop
      vertex 4.72179 7.68636 12.0774
      vertex 4.1201 7.7222 5.6
      vertex 4.72179 7.68636 5.6
    endloop
  endfacet
  facet normal 0.0426027 -0.999092 0
    outer loop
      vertex 3.7029 7.70441 5.6
      vertex 4.1201 7.7222 12.0862
      vertex 3.7029 7.70441 12.0968
    endloop
  endfacet
  facet normal 0.0426027 -0.999092 0
    outer loop
      vertex 4.1201 7.7222 12.0862
      vertex 3.7029 7.70441 5.6
      vertex 4.1201 7.7222 5.6
    endloop
  endfacet
  facet normal 0.13343 -0.991058 0
    outer loop
      vertex 3.30679 7.65108 5.6
      vertex 3.7029 7.70441 12.0968
      vertex 3.30679 7.65108 12.1107
    endloop
  endfacet
  facet normal 0.13343 -0.991058 0
    outer loop
      vertex 3.7029 7.70441 12.0968
      vertex 3.30679 7.65108 5.6
      vertex 3.7029 7.70441 5.6
    endloop
  endfacet
  facet normal 0.230673 -0.973031 0
    outer loop
      vertex 2.93179 7.56218 5.6
      vertex 3.30679 7.65108 12.1107
      vertex 2.93179 7.56218 12.1279
    endloop
  endfacet
  facet normal 0.230673 -0.973031 0
    outer loop
      vertex 3.30679 7.65108 12.1107
      vertex 2.93179 7.56218 5.6
      vertex 3.30679 7.65108 5.6
    endloop
  endfacet
  facet normal 0.331795 -0.943351 0
    outer loop
      vertex 2.5779 7.43771 5.6
      vertex 2.93179 7.56218 12.1279
      vertex 2.5779 7.43771 12.1483
    endloop
  endfacet
  facet normal 0.331795 -0.943351 0
    outer loop
      vertex 2.93179 7.56218 12.1279
      vertex 2.5779 7.43771 5.6
      vertex 2.93179 7.56218 5.6
    endloop
  endfacet
  facet normal 0.433338 -0.901231 0
    outer loop
      vertex 2.2451 7.27769 5.6
      vertex 2.5779 7.43771 12.1483
      vertex 2.2451 7.27769 12.172
    endloop
  endfacet
  facet normal 0.433338 -0.901231 0
    outer loop
      vertex 2.5779 7.43771 12.1483
      vertex 2.2451 7.27769 5.6
      vertex 2.5779 7.43771 5.6
    endloop
  endfacet
  facet normal 0.535393 -0.844603 0
    outer loop
      vertex 1.93707 7.08243 5.6
      vertex 2.2451 7.27769 12.172
      vertex 1.93707 7.08243 12.1989
    endloop
  endfacet
  facet normal 0.535393 -0.844603 0
    outer loop
      vertex 2.2451 7.27769 12.172
      vertex 1.93707 7.08243 5.6
      vertex 2.2451 7.27769 5.6
    endloop
  endfacet
  facet normal 0.635577 -0.772038 0
    outer loop
      vertex 1.65736 6.85216 5.6
      vertex 1.93707 7.08243 12.1989
      vertex 1.65736 6.85216 12.2289
    endloop
  endfacet
  facet normal 0.635577 -0.772038 0
    outer loop
      vertex 1.93707 7.08243 12.1989
      vertex 1.65736 6.85216 5.6
      vertex 1.93707 7.08243 5.6
    endloop
  endfacet
  facet normal 0.725881 -0.68782 0
    outer loop
      vertex 1.40599 6.58688 5.6
      vertex 1.65736 6.85216 12.2289
      vertex 1.40599 6.58688 12.2619
    endloop
  endfacet
  facet normal 0.725881 -0.68782 0
    outer loop
      vertex 1.65736 6.85216 12.2289
      vertex 1.40599 6.58688 5.6
      vertex 1.65736 6.85216 5.6
    endloop
  endfacet
  facet normal 0.802773 -0.596285 0
    outer loop
      vertex 1.18294 6.28659 5.6
      vertex 1.40599 6.58688 12.2619
      vertex 1.18294 6.28659 12.298
    endloop
  endfacet
  facet normal 0.802773 -0.596285 0
    outer loop
      vertex 1.40599 6.58688 12.2619
      vertex 1.18294 6.28659 5.6
      vertex 1.40599 6.58688 5.6
    endloop
  endfacet
  facet normal 0.864739 -0.502222 0
    outer loop
      vertex 0.988205 5.95129 5.6
      vertex 1.18294 6.28659 12.298
      vertex 0.988205 5.95129 12.3371
    endloop
  endfacet
  facet normal 0.864739 -0.502222 0
    outer loop
      vertex 1.18294 6.28659 12.298
      vertex 0.988205 5.95129 5.6
      vertex 1.18294 6.28659 5.6
    endloop
  endfacet
  facet normal 0.91591 -0.401383 0
    outer loop
      vertex 0.825699 5.58047 5.6
      vertex 0.988205 5.95129 12.3371
      vertex 0.825699 5.58047 12.3793
    endloop
  endfacet
  facet normal 0.91591 -0.401383 0
    outer loop
      vertex 0.988205 5.95129 12.3371
      vertex 0.825699 5.58047 5.6
      vertex 0.988205 5.95129 5.6
    endloop
  endfacet
  facet normal 0.954995 -0.296621 0
    outer loop
      vertex 0.69931 5.17355 5.6
      vertex 0.825699 5.58047 12.3793
      vertex 0.69931 5.17355 12.4245
    endloop
  endfacet
  facet normal 0.954995 -0.296621 0
    outer loop
      vertex 0.825699 5.58047 12.3793
      vertex 0.69931 5.17355 5.6
      vertex 0.825699 5.58047 5.6
    endloop
  endfacet
  facet normal 0.979867 -0.199651 0
    outer loop
      vertex 0.609039 4.73051 5.6
      vertex 0.69931 5.17355 12.4245
      vertex 0.609039 4.73051 12.4727
    endloop
  endfacet
  facet normal 0.979867 -0.199651 0
    outer loop
      vertex 0.69931 5.17355 12.4245
      vertex 0.609039 4.73051 5.6
      vertex 0.69931 5.17355 5.6
    endloop
  endfacet
  facet normal 0.99367 -0.112335 0
    outer loop
      vertex 0.554871 4.25136 5.6
      vertex 0.609039 4.73051 12.4727
      vertex 0.554871 4.25136 12.524
    endloop
  endfacet
  facet normal 0.99367 -0.112335 0
    outer loop
      vertex 0.609039 4.73051 12.4727
      vertex 0.554871 4.25136 5.6
      vertex 0.609039 4.73051 5.6
    endloop
  endfacet
  facet normal 0.999386 -0.0350423 0
    outer loop
      vertex 0.536804 3.7361 5.6
      vertex 0.554871 4.25136 12.524
      vertex 0.536804 3.7361 12.5782
    endloop
  endfacet
  facet normal 0.999386 -0.0350423 0
    outer loop
      vertex 0.554871 4.25136 12.524
      vertex 0.536804 3.7361 5.6
      vertex 0.554871 4.25136 5.6
    endloop
  endfacet
  facet normal 0.999215 0.0396247 -0
    outer loop
      vertex 0.556808 3.23166 5.6
      vertex 0.536804 3.7361 12.5782
      vertex 0.556808 3.23166 12.6306
    endloop
  endfacet
  facet normal 0.999215 0.0396247 0
    outer loop
      vertex 0.536804 3.7361 12.5782
      vertex 0.556808 3.23166 5.6
      vertex 0.536804 3.7361 5.6
    endloop
  endfacet
  facet normal 0.991912 0.126928 -0
    outer loop
      vertex 0.616806 2.76279 5.6
      vertex 0.556808 3.23166 12.6306
      vertex 0.616806 2.76279 12.6784
    endloop
  endfacet
  facet normal 0.991912 0.126928 0
    outer loop
      vertex 0.556808 3.23166 12.6306
      vertex 0.616806 2.76279 5.6
      vertex 0.556808 3.23166 5.6
    endloop
  endfacet
  facet normal 0.97439 0.224864 -0
    outer loop
      vertex 0.716812 2.32944 5.6
      vertex 0.616806 2.76279 12.6784
      vertex 0.716812 2.32944 12.7216
    endloop
  endfacet
  facet normal 0.97439 0.224864 0
    outer loop
      vertex 0.616806 2.76279 12.6784
      vertex 0.716812 2.32944 5.6
      vertex 0.616806 2.76279 5.6
    endloop
  endfacet
  facet normal 0.943288 0.331977 -0
    outer loop
      vertex 0.856812 1.93164 5.6
      vertex 0.716812 2.32944 12.7216
      vertex 0.856812 1.93164 12.7602
    endloop
  endfacet
  facet normal 0.943288 0.331977 0
    outer loop
      vertex 0.716812 2.32944 12.7216
      vertex 0.856812 1.93164 5.6
      vertex 0.716812 2.32944 5.6
    endloop
  endfacet
  facet normal 0.895544 0.444973 -0
    outer loop
      vertex 1.0368 1.5694 5.6
      vertex 0.856812 1.93164 12.7602
      vertex 1.0368 1.5694 12.7943
    endloop
  endfacet
  facet normal 0.895544 0.444973 0
    outer loop
      vertex 0.856812 1.93164 12.7602
      vertex 1.0368 1.5694 5.6
      vertex 0.856812 1.93164 5.6
    endloop
  endfacet
  facet normal 0.835509 0.549476 -0
    outer loop
      vertex 1.25182 1.24245 5.6
      vertex 1.0368 1.5694 12.7943
      vertex 1.25182 1.24245 12.824
    endloop
  endfacet
  facet normal 0.835509 0.549476 0
    outer loop
      vertex 1.0368 1.5694 12.7943
      vertex 1.25182 1.24245 5.6
      vertex 1.0368 1.5694 5.6
    endloop
  endfacet
  facet normal 0.766008 0.642831 -0
    outer loop
      vertex 1.49681 0.950516 5.6
      vertex 1.25182 1.24245 12.824
      vertex 1.49681 0.950516 12.8494
    endloop
  endfacet
  facet normal 0.766008 0.642831 0
    outer loop
      vertex 1.25182 1.24245 12.824
      vertex 1.49681 0.950516 5.6
      vertex 1.25182 1.24245 5.6
    endloop
  endfacet
  facet normal 0.682724 0.730677 -0
    outer loop
      vertex 1.7718 0.693573 5.6
      vertex 1.49681 0.950516 12.8494
      vertex 1.7718 0.693573 12.8705
    endloop
  endfacet
  facet normal 0.682724 0.730677 0
    outer loop
      vertex 1.49681 0.950516 12.8494
      vertex 1.7718 0.693573 5.6
      vertex 1.49681 0.950516 5.6
    endloop
  endfacet
  facet normal 0.588369 0.808593 -0
    outer loop
      vertex 2.07681 0.471634 5.6
      vertex 1.7718 0.693573 12.8705
      vertex 2.07681 0.471634 12.8873
    endloop
  endfacet
  facet normal 0.588369 0.808593 0
    outer loop
      vertex 1.7718 0.693573 12.8705
      vertex 2.07681 0.471634 5.6
      vertex 1.7718 0.693573 5.6
    endloop
  endfacet
  facet normal 0.487296 0.873237 -0
    outer loop
      vertex 2.4118 0.284698 5.6
      vertex 2.07681 0.471634 12.8873
      vertex 2.4118 0.284698 12.8999
    endloop
  endfacet
  facet normal 0.487296 0.873237 0
    outer loop
      vertex 2.07681 0.471634 12.8873
      vertex 2.4118 0.284698 5.6
      vertex 2.07681 0.471634 5.6
    endloop
  endfacet
  facet normal 0.389525 0.921016 -0
    outer loop
      vertex 2.77237 0.132202 5.6
      vertex 2.4118 0.284698 12.8999
      vertex 2.77237 0.132202 12.9083
    endloop
  endfacet
  facet normal 0.389525 0.921016 0
    outer loop
      vertex 2.4118 0.284698 12.8999
      vertex 2.77237 0.132202 5.6
      vertex 2.4118 0.284698 5.6
    endloop
  endfacet
  facet normal 0.296758 0.954953 -0
    outer loop
      vertex 3.15404 0.0135956 5.6
      vertex 2.77237 0.132202 12.9083
      vertex 3.15404 0.0135956 12.9127
    endloop
  endfacet
  facet normal 0.296758 0.954953 0
    outer loop
      vertex 2.77237 0.132202 12.9083
      vertex 3.15404 0.0135956 5.6
      vertex 2.77237 0.132202 5.6
    endloop
  endfacet
  facet normal 0.205832 0.978587 -0
    outer loop
      vertex 3.55681 -0.0711212 5.6
      vertex 3.15404 0.0135956 12.9127
      vertex 3.55681 -0.0711212 12.9131
    endloop
  endfacet
  facet normal 0.205832 0.978587 0
    outer loop
      vertex 3.15404 0.0135956 12.9127
      vertex 3.55681 -0.0711212 5.6
      vertex 3.15404 0.0135956 5.6
    endloop
  endfacet
  facet normal 0.119053 0.992888 -0
    outer loop
      vertex 3.9807 -0.121948 5.6
      vertex 3.55681 -0.0711212 12.9131
      vertex 3.9807 -0.121948 12.9095
    endloop
  endfacet
  facet normal 0.119053 0.992888 0
    outer loop
      vertex 3.55681 -0.0711212 12.9131
      vertex 3.9807 -0.121948 5.6
      vertex 3.55681 -0.0711212 5.6
    endloop
  endfacet
  facet normal 0.0380331 0.999276 0
    outer loop
      vertex 3.9807 -0.121948 5.6
      vertex 4.4257 -0.138885 12.9019
      vertex 4.4257 -0.138885 5.6
    endloop
  endfacet
  facet normal 0.0380331 0.999276 0
    outer loop
      vertex 4.4257 -0.138885 12.9019
      vertex 3.9807 -0.121948 5.6
      vertex 3.9807 -0.121948 12.9095
    endloop
  endfacet
  facet normal -0.0155369 0.999879 0
    outer loop
      vertex 4.4257 -0.138885 5.6
      vertex 4.76543 -0.133606 12.8943
      vertex 4.76543 -0.133606 5.6
    endloop
  endfacet
  facet normal -0.0155369 0.999879 0
    outer loop
      vertex 4.76543 -0.133606 12.8943
      vertex 4.4257 -0.138885 5.6
      vertex 4.4257 -0.138885 12.9019
    endloop
  endfacet
  facet normal -0.991471 0.130327 0
    outer loop
      vertex 2.6757 4.65279 5.6
      vertex 2.71652 4.96333 12.4042
      vertex 2.71652 4.96333 5.6
    endloop
  endfacet
  facet normal -0.991471 0.130327 0
    outer loop
      vertex 2.71652 4.96333 12.4042
      vertex 2.6757 4.65279 5.6
      vertex 2.6757 4.65279 12.4375
    endloop
  endfacet
  facet normal -0.971853 0.235589 0
    outer loop
      vertex 2.71652 4.96333 5.6
      vertex 2.78345 5.23943 12.3739
      vertex 2.78345 5.23943 5.6
    endloop
  endfacet
  facet normal -0.971853 0.235589 0
    outer loop
      vertex 2.78345 5.23943 12.3739
      vertex 2.71652 4.96333 5.6
      vertex 2.71652 4.96333 12.4042
    endloop
  endfacet
  facet normal -0.933211 0.359328 0
    outer loop
      vertex 2.78345 5.23943 5.6
      vertex 2.8765 5.48109 12.3467
      vertex 2.8765 5.48109 5.6
    endloop
  endfacet
  facet normal -0.933211 0.359328 0
    outer loop
      vertex 2.8765 5.48109 12.3467
      vertex 2.78345 5.23943 5.6
      vertex 2.78345 5.23943 12.3739
    endloop
  endfacet
  facet normal -0.866909 0.498466 0
    outer loop
      vertex 2.8765 5.48109 5.6
      vertex 2.99565 5.68831 12.3225
      vertex 2.99565 5.68831 5.6
    endloop
  endfacet
  facet normal -0.866909 0.498466 0
    outer loop
      vertex 2.99565 5.68831 12.3225
      vertex 2.8765 5.48109 5.6
      vertex 2.8765 5.48109 12.3467
    endloop
  endfacet
  facet normal -0.765451 0.643494 0
    outer loop
      vertex 2.99565 5.68831 5.6
      vertex 3.14091 5.8611 12.3014
      vertex 3.14091 5.8611 5.6
    endloop
  endfacet
  facet normal -0.765451 0.643494 0
    outer loop
      vertex 3.14091 5.8611 12.3014
      vertex 2.99565 5.68831 5.6
      vertex 2.99565 5.68831 12.3225
    endloop
  endfacet
  facet normal -0.643751 0.765235 0
    outer loop
      vertex 3.14091 5.8611 5.6
      vertex 3.30733 6.0011 12.2833
      vertex 3.30733 6.0011 5.6
    endloop
  endfacet
  facet normal -0.643751 0.765235 0
    outer loop
      vertex 3.30733 6.0011 12.2833
      vertex 3.14091 5.8611 5.6
      vertex 3.14091 5.8611 12.3014
    endloop
  endfacet
  facet normal -0.512363 0.858769 0
    outer loop
      vertex 3.30733 6.0011 5.6
      vertex 3.48984 6.10999 12.2681
      vertex 3.48984 6.10999 5.6
    endloop
  endfacet
  facet normal -0.512363 0.858769 0
    outer loop
      vertex 3.48984 6.10999 12.2681
      vertex 3.30733 6.0011 5.6
      vertex 3.30733 6.0011 12.2833
    endloop
  endfacet
  facet normal -0.36464 0.931149 0
    outer loop
      vertex 3.48984 6.10999 5.6
      vertex 3.68846 6.18777 12.2557
      vertex 3.68846 6.18777 5.6
    endloop
  endfacet
  facet normal -0.36464 0.931149 0
    outer loop
      vertex 3.68846 6.18777 12.2557
      vertex 3.48984 6.10999 5.6
      vertex 3.48984 6.10999 12.2681
    endloop
  endfacet
  facet normal -0.212394 0.977184 0
    outer loop
      vertex 3.68846 6.18777 5.6
      vertex 3.90318 6.23444 12.2464
      vertex 3.90318 6.23444 5.6
    endloop
  endfacet
  facet normal -0.212394 0.977184 0
    outer loop
      vertex 3.90318 6.23444 12.2464
      vertex 3.68846 6.18777 5.6
      vertex 3.68846 6.18777 12.2557
    endloop
  endfacet
  facet normal -0.0672592 0.997736 0
    outer loop
      vertex 3.90318 6.23444 5.6
      vertex 4.134 6.25 12.2399
      vertex 4.134 6.25 5.6
    endloop
  endfacet
  facet normal -0.0672592 0.997736 0
    outer loop
      vertex 4.134 6.25 12.2399
      vertex 3.90318 6.23444 5.6
      vertex 3.90318 6.23444 12.2464
    endloop
  endfacet
  facet normal 0.064657 0.997908 0
    outer loop
      vertex 4.134 6.25 5.6
      vertex 4.41289 6.23193 12.2359
      vertex 4.41289 6.23193 5.6
    endloop
  endfacet
  facet normal 0.064657 0.997908 0
    outer loop
      vertex 4.41289 6.23193 12.2359
      vertex 4.134 6.25 5.6
      vertex 4.134 6.25 12.2399
    endloop
  endfacet
  facet normal 0.213585 0.976924 -0
    outer loop
      vertex 4.66066 6.17776 5.6
      vertex 4.41289 6.23193 12.2359
      vertex 4.66066 6.17776 12.2364
    endloop
  endfacet
  facet normal 0.213585 0.976924 0
    outer loop
      vertex 4.41289 6.23193 12.2359
      vertex 4.66066 6.17776 5.6
      vertex 4.41289 6.23193 5.6
    endloop
  endfacet
  facet normal 0.384597 0.923084 -0
    outer loop
      vertex 4.87732 6.08749 5.6
      vertex 4.66066 6.17776 12.2364
      vertex 4.87732 6.08749 12.2413
    endloop
  endfacet
  facet normal 0.384597 0.923084 0
    outer loop
      vertex 4.66066 6.17776 12.2364
      vertex 4.87732 6.08749 5.6
      vertex 4.66066 6.17776 5.6
    endloop
  endfacet
  facet normal 0.562998 0.826458 -0
    outer loop
      vertex 5.06287 5.96109 5.6
      vertex 4.87732 6.08749 12.2413
      vertex 5.06287 5.96109 12.2506
    endloop
  endfacet
  facet normal 0.562998 0.826458 0
    outer loop
      vertex 4.87732 6.08749 12.2413
      vertex 5.06287 5.96109 5.6
      vertex 4.87732 6.08749 5.6
    endloop
  endfacet
  facet normal 0.724811 0.688948 -0
    outer loop
      vertex 5.21732 5.7986 5.6
      vertex 5.06287 5.96109 12.2506
      vertex 5.21732 5.7986 12.2644
    endloop
  endfacet
  facet normal 0.724811 0.688948 0
    outer loop
      vertex 5.06287 5.96109 12.2506
      vertex 5.21732 5.7986 5.6
      vertex 5.06287 5.96109 5.6
    endloop
  endfacet
  facet normal 0.834632 0.550807 -0
    outer loop
      vertex 5.3429 5.60831 5.6
      vertex 5.21732 5.7986 12.2644
      vertex 5.3429 5.60831 12.2817
    endloop
  endfacet
  facet normal 0.834632 0.550807 0
    outer loop
      vertex 5.21732 5.7986 12.2644
      vertex 5.3429 5.60831 5.6
      vertex 5.21732 5.7986 5.6
    endloop
  endfacet
  facet normal 0.904472 0.426532 -0
    outer loop
      vertex 5.4418 5.39859 5.6
      vertex 5.3429 5.60831 12.2817
      vertex 5.4418 5.39859 12.3015
    endloop
  endfacet
  facet normal 0.904472 0.426532 0
    outer loop
      vertex 5.3429 5.60831 12.2817
      vertex 5.4418 5.39859 5.6
      vertex 5.3429 5.60831 5.6
    endloop
  endfacet
  facet normal 0.953734 0.300653 -0
    outer loop
      vertex 5.51404 5.16943 5.6
      vertex 5.4418 5.39859 12.3015
      vertex 5.51404 5.16943 12.324
    endloop
  endfacet
  facet normal 0.953734 0.300653 0
    outer loop
      vertex 5.4418 5.39859 12.3015
      vertex 5.51404 5.16943 5.6
      vertex 5.4418 5.39859 5.6
    endloop
  endfacet
  facet normal 0.983603 0.180348 -0
    outer loop
      vertex 5.55962 4.92084 5.6
      vertex 5.51404 5.16943 12.324
      vertex 5.55962 4.92084 12.349
    endloop
  endfacet
  facet normal 0.983603 0.180348 0
    outer loop
      vertex 5.51404 5.16943 12.324
      vertex 5.55962 4.92084 5.6
      vertex 5.51404 5.16943 5.6
    endloop
  endfacet
  facet normal 0.997526 0.0702976 -0
    outer loop
      vertex 5.57851 4.65279 5.6
      vertex 5.55962 4.92084 12.349
      vertex 5.57851 4.65279 12.3766
    endloop
  endfacet
  facet normal 0.997526 0.0702976 0
    outer loop
      vertex 5.55962 4.92084 12.349
      vertex 5.57851 4.65279 5.6
      vertex 5.55962 4.92084 5.6
    endloop
  endfacet
  facet normal 0 -1 0
    outer loop
      vertex 2.6757 4.65279 5.6
      vertex 5.57851 4.65279 12.3766
      vertex 2.6757 4.65279 12.4375
    endloop
  endfacet
  facet normal 0 -1 -0
    outer loop
      vertex 5.57851 4.65279 12.3766
      vertex 2.6757 4.65279 5.6
      vertex 5.57851 4.65279 5.6
    endloop
  endfacet
  facet normal -0.999787 -0.0206207 0
    outer loop
      vertex 11.0805 -0.277786 5.6
      vertex 11.0761 -0.0644531 12.692
      vertex 11.0761 -0.0644531 5.6
    endloop
  endfacet
  facet normal -0.999787 -0.0206207 0
    outer loop
      vertex 11.0761 -0.0644531 12.692
      vertex 11.0805 -0.277786 5.6
      vertex 11.0805 -0.277786 12.7126
    endloop
  endfacet
  facet normal -0.998112 -0.06142 0
    outer loop
      vertex 11.0761 -0.0644531 5.6
      vertex 11.0627 0.153305 12.6713
      vertex 11.0627 0.153305 5.6
    endloop
  endfacet
  facet normal -0.998112 -0.06142 0
    outer loop
      vertex 11.0627 0.153305 12.6713
      vertex 11.0761 -0.0644531 5.6
      vertex 11.0761 -0.0644531 12.692
    endloop
  endfacet
  facet normal -0.995047 -0.0994022 0
    outer loop
      vertex 11.0627 0.153305 5.6
      vertex 11.0405 0.375534 12.6505
      vertex 11.0405 0.375534 5.6
    endloop
  endfacet
  facet normal -0.995047 -0.0994022 0
    outer loop
      vertex 11.0405 0.375534 12.6505
      vertex 11.0627 0.153305 5.6
      vertex 11.0627 0.153305 12.6713
    endloop
  endfacet
  facet normal -0.990717 -0.13594 0
    outer loop
      vertex 11.0405 0.375534 5.6
      vertex 11.0094 0.602188 12.6296
      vertex 11.0094 0.602188 5.6
    endloop
  endfacet
  facet normal -0.990717 -0.13594 0
    outer loop
      vertex 11.0094 0.602188 12.6296
      vertex 11.0405 0.375534 5.6
      vertex 11.0405 0.375534 12.6505
    endloop
  endfacet
  facet normal -0.98535 -0.170542 0
    outer loop
      vertex 11.0094 0.602188 5.6
      vertex 10.9694 0.833298 12.6086
      vertex 10.9694 0.833298 5.6
    endloop
  endfacet
  facet normal -0.98535 -0.170542 0
    outer loop
      vertex 10.9694 0.833298 12.6086
      vertex 11.0094 0.602188 5.6
      vertex 11.0094 0.602188 12.6296
    endloop
  endfacet
  facet normal 0 1 0
    outer loop
      vertex 10.9694 0.833298 5.6
      vertex 11.0805 0.833298 12.6044
      vertex 11.0805 0.833298 5.6
    endloop
  endfacet
  facet normal 0 1 0
    outer loop
      vertex 11.0805 0.833298 12.6044
      vertex 10.9694 0.833298 5.6
      vertex 10.9694 0.833298 12.6086
    endloop
  endfacet
  facet normal 0.750483 0.66089 -0
    outer loop
      vertex 11.2099 0.686356 5.6
      vertex 11.0805 0.833298 12.6044
      vertex 11.2099 0.686356 12.6139
    endloop
  endfacet
  facet normal 0.750483 0.66089 0
    outer loop
      vertex 11.0805 0.833298 12.6044
      vertex 11.2099 0.686356 5.6
      vertex 11.0805 0.833298 5.6
    endloop
  endfacet
  facet normal 0.699465 0.714667 -0
    outer loop
      vertex 11.3538 0.545517 5.6
      vertex 11.2099 0.686356 12.6139
      vertex 11.3538 0.545517 12.6222
    endloop
  endfacet
  facet normal 0.699465 0.714667 0
    outer loop
      vertex 11.2099 0.686356 12.6139
      vertex 11.3538 0.545517 5.6
      vertex 11.2099 0.686356 5.6
    endloop
  endfacet
  facet normal 0.648109 0.761547 -0
    outer loop
      vertex 11.5121 0.410797 5.6
      vertex 11.3538 0.545517 12.6222
      vertex 11.5121 0.410797 12.6293
    endloop
  endfacet
  facet normal 0.648109 0.761547 0
    outer loop
      vertex 11.3538 0.545517 12.6222
      vertex 11.5121 0.410797 5.6
      vertex 11.3538 0.545517 5.6
    endloop
  endfacet
  facet normal 0.597234 0.80201 -0.00955772
    outer loop
      vertex 11.6849 0.282181 12.6346
      vertex 11.5121 0.410797 12.6293
      vertex 11.6394 0.316054 12.6338
    endloop
  endfacet
  facet normal 0.597072 0.802187 -0
    outer loop
      vertex 11.6849 0.282181 5.6
      vertex 11.5121 0.410797 12.6293
      vertex 11.6849 0.282181 12.6346
    endloop
  endfacet
  facet normal 0.597072 0.802187 0
    outer loop
      vertex 11.5121 0.410797 12.6293
      vertex 11.6849 0.282181 5.6
      vertex 11.5121 0.410797 5.6
    endloop
  endfacet
  facet normal 0.547509 0.8368 -0
    outer loop
      vertex 11.8721 0.159698 5.6
      vertex 11.6849 0.282181 12.6346
      vertex 11.8721 0.159698 12.6365
    endloop
  endfacet
  facet normal 0.547509 0.8368 0
    outer loop
      vertex 11.6849 0.282181 12.6346
      vertex 11.8721 0.159698 5.6
      vertex 11.6849 0.282181 5.6
    endloop
  endfacet
  facet normal 0.459473 0.888192 -0
    outer loop
      vertex 12.0799 0.0522003 5.6
      vertex 11.8721 0.159698 12.6365
      vertex 12.0799 0.0522003 12.6357
    endloop
  endfacet
  facet normal 0.459473 0.888192 0
    outer loop
      vertex 11.8721 0.159698 12.6365
      vertex 12.0799 0.0522003 5.6
      vertex 11.8721 0.159698 5.6
    endloop
  endfacet
  facet normal 0.336086 0.941831 -7.03484e-06
    outer loop
      vertex 12.0799 0.0522003 5.6
      vertex 12.1846 0.0148914 12.6337
      vertex 12.2319 -0.00198727 12.6327
    endloop
  endfacet
  facet normal 0.335841 0.941919 -1.0638e-06
    outer loop
      vertex 12.0799 0.0522003 5.6
      vertex 12.2319 -0.00198727 12.6327
      vertex 12.3144 -0.0314026 12.6306
    endloop
  endfacet
  facet normal 0.335812 0.941929 0
    outer loop
      vertex 12.0799 0.0522003 5.6
      vertex 12.3144 -0.0314026 12.6306
      vertex 12.3144 -0.0314026 5.6
    endloop
  endfacet
  facet normal 0.335666 0.941981 0
    outer loop
      vertex 12.1846 0.0148914 12.6337
      vertex 12.0799 0.0522003 5.6
      vertex 12.0799 0.0522003 12.6357
    endloop
  endfacet
  facet normal 0.222923 0.974836 0
    outer loop
      vertex 12.3144 -0.0314026 5.6
      vertex 12.5755 -0.0911102 12.6207
      vertex 12.5755 -0.0911102 5.6
    endloop
  endfacet
  facet normal 0.222923 0.974836 0
    outer loop
      vertex 12.5755 -0.0911102 12.6207
      vertex 12.3144 -0.0314026 5.6
      vertex 12.3144 -0.0314026 12.6306
    endloop
  endfacet
  facet normal 0.123575 0.992335 4.50381e-07
    outer loop
      vertex 12.5755 -0.0911102 5.6
      vertex 12.5861 -0.0924334 12.6201
      vertex 12.8633 -0.126953 12.603
    endloop
  endfacet
  facet normal 0.123586 0.992334 0
    outer loop
      vertex 12.5755 -0.0911102 5.6
      vertex 12.8633 -0.126953 12.603
      vertex 12.8633 -0.126953 5.6
    endloop
  endfacet
  facet normal 0.123869 0.992299 0
    outer loop
      vertex 12.5861 -0.0924334 12.6201
      vertex 12.5755 -0.0911102 5.6
      vertex 12.5755 -0.0911102 12.6207
    endloop
  endfacet
  facet normal 0.0379188 0.999281 2.50695e-07
    outer loop
      vertex 12.8633 -0.126953 5.6
      vertex 12.907 -0.128613 12.5999
      vertex 13.1777 -0.138885 12.5796
    endloop
  endfacet
  facet normal 0.0379244 0.999281 0
    outer loop
      vertex 12.8633 -0.126953 5.6
      vertex 13.1777 -0.138885 12.5796
      vertex 13.1777 -0.138885 5.6
    endloop
  endfacet
  facet normal 0.0379589 0.999279 0
    outer loop
      vertex 12.907 -0.128613 12.5999
      vertex 12.8633 -0.126953 5.6
      vertex 12.8633 -0.126953 12.603
    endloop
  endfacet
  facet normal -0.08144 0.996678 0
    outer loop
      vertex 13.1777 -0.138885 5.6
      vertex 13.6705 -0.0986176 12.5367
      vertex 13.6705 -0.0986176 5.6
    endloop
  endfacet
  facet normal -0.08144 0.996678 0
    outer loop
      vertex 13.6705 -0.0986176 12.5367
      vertex 13.1777 -0.138885 5.6
      vertex 13.1777 -0.138885 12.5796
    endloop
  endfacet
  facet normal -0.256064 0.96666 0
    outer loop
      vertex 13.6705 -0.0986176 5.6
      vertex 14.1266 0.0222015 12.4887
      vertex 14.1266 0.0222015 5.6
    endloop
  endfacet
  facet normal -0.256064 0.96666 0
    outer loop
      vertex 14.1266 0.0222015 12.4887
      vertex 13.6705 -0.0986176 5.6
      vertex 13.6705 -0.0986176 12.5367
    endloop
  endfacet
  facet normal -0.432749 0.901514 0
    outer loop
      vertex 14.1266 0.0222015 5.6
      vertex 14.5461 0.223572 12.4356
      vertex 14.5461 0.223572 5.6
    endloop
  endfacet
  facet normal -0.432749 0.901514 0
    outer loop
      vertex 14.5461 0.223572 12.4356
      vertex 14.1266 0.0222015 5.6
      vertex 14.1266 0.0222015 12.4887
    endloop
  endfacet
  facet normal -0.593126 0.80511 0
    outer loop
      vertex 14.5461 0.223572 5.6
      vertex 14.9288 0.505508 12.3775
      vertex 14.9288 0.505508 5.6
    endloop
  endfacet
  facet normal -0.593126 0.80511 0
    outer loop
      vertex 14.9288 0.505508 12.3775
      vertex 14.5461 0.223572 5.6
      vertex 14.5461 0.223572 12.4356
    endloop
  endfacet
  facet normal -0.723267 0.690568 0
    outer loop
      vertex 14.9288 0.505508 5.6
      vertex 15.2749 0.867996 12.3142
      vertex 15.2749 0.867996 5.6
    endloop
  endfacet
  facet normal -0.723267 0.690568 0
    outer loop
      vertex 15.2749 0.867996 12.3142
      vertex 14.9288 0.505508 5.6
      vertex 14.9288 0.505508 12.3775
    endloop
  endfacet
  facet normal -0.830445 0.5571 0
    outer loop
      vertex 15.2749 0.867996 5.6
      vertex 15.5699 1.30774 12.2474
      vertex 15.5699 1.30774 5.6
    endloop
  endfacet
  facet normal -0.830445 0.5571 0
    outer loop
      vertex 15.5699 1.30774 12.2474
      vertex 15.2749 0.867996 5.6
      vertex 15.2749 0.867996 12.3142
    endloop
  endfacet
  facet normal -0.913005 0.407949 0
    outer loop
      vertex 15.5699 1.30774 5.6
      vertex 15.7994 1.82137 12.1784
      vertex 15.7994 1.82137 5.6
    endloop
  endfacet
  facet normal -0.913005 0.407949 0
    outer loop
      vertex 15.7994 1.82137 12.1784
      vertex 15.5699 1.30774 5.6
      vertex 15.5699 1.30774 12.2474
    endloop
  endfacet
  facet normal -0.963221 0.268709 0
    outer loop
      vertex 15.7994 1.82137 5.6
      vertex 15.9633 2.40889 12.1073
      vertex 15.9633 2.40889 5.6
    endloop
  endfacet
  facet normal -0.963221 0.268709 0
    outer loop
      vertex 15.9633 2.40889 12.1073
      vertex 15.7994 1.82137 5.6
      vertex 15.7994 1.82137 12.1784
    endloop
  endfacet
  facet normal -0.989135 0.147007 0
    outer loop
      vertex 15.9633 2.40889 5.6
      vertex 16.0616 3.0703 12.034
      vertex 16.0616 3.0703 5.6
    endloop
  endfacet
  facet normal -0.989135 0.147007 0
    outer loop
      vertex 16.0616 3.0703 12.034
      vertex 15.9633 2.40889 5.6
      vertex 15.9633 2.40889 12.1073
    endloop
  endfacet
  facet normal -0.999007 0.0445639 0
    outer loop
      vertex 16.0616 3.0703 5.6
      vertex 16.0944 3.80559 11.9586
      vertex 16.0944 3.80559 5.6
    endloop
  endfacet
  facet normal -0.999007 0.0445639 0
    outer loop
      vertex 16.0944 3.80559 11.9586
      vertex 16.0616 3.0703 5.6
      vertex 16.0616 3.0703 12.034
    endloop
  endfacet
  facet normal -0.999076 -0.0429704 0
    outer loop
      vertex 16.0944 3.80559 5.6
      vertex 16.0628 4.5403 11.8884
      vertex 16.0628 4.5403 5.6
    endloop
  endfacet
  facet normal -0.999076 -0.0429704 0
    outer loop
      vertex 16.0628 4.5403 11.8884
      vertex 16.0944 3.80559 5.6
      vertex 16.0944 3.80559 11.9586
    endloop
  endfacet
  facet normal -0.98979 -0.142535 0
    outer loop
      vertex 16.0628 4.5403 5.6
      vertex 15.9678 5.2 11.8305
      vertex 15.9678 5.2 5.6
    endloop
  endfacet
  facet normal -0.98979 -0.142535 0
    outer loop
      vertex 15.9678 5.2 11.8305
      vertex 16.0628 4.5403 5.6
      vertex 16.0628 4.5403 11.8884
    endloop
  endfacet
  facet normal -0.965208 -0.261483 0
    outer loop
      vertex 15.9678 5.2 5.6
      vertex 15.8094 5.7847 11.7852
      vertex 15.8094 5.7847 5.6
    endloop
  endfacet
  facet normal -0.965208 -0.261483 0
    outer loop
      vertex 15.8094 5.7847 11.7852
      vertex 15.9678 5.2 5.6
      vertex 15.9678 5.2 11.8305
    endloop
  endfacet
  facet normal -0.917007 -0.398871 0
    outer loop
      vertex 15.8094 5.7847 5.6
      vertex 15.5877 6.29439 11.7522
      vertex 15.5877 6.29439 5.6
    endloop
  endfacet
  facet normal -0.917007 -0.398871 0
    outer loop
      vertex 15.5877 6.29439 11.7522
      vertex 15.8094 5.7847 5.6
      vertex 15.8094 5.7847 11.7852
    endloop
  endfacet
  facet normal -0.836294 -0.548282 0
    outer loop
      vertex 15.5877 6.29439 5.6
      vertex 15.3027 6.7291 11.7317
      vertex 15.3027 6.7291 5.6
    endloop
  endfacet
  facet normal -0.836294 -0.548282 0
    outer loop
      vertex 15.3027 6.7291 11.7317
      vertex 15.5877 6.29439 5.6
      vertex 15.5877 6.29439 11.7522
    endloop
  endfacet
  facet normal -0.728586 -0.684954 0
    outer loop
      vertex 15.3027 6.7291 5.6
      vertex 14.9666 7.08661 11.7228
      vertex 14.9666 7.08661 5.6
    endloop
  endfacet
  facet normal -0.728586 -0.684954 0
    outer loop
      vertex 14.9666 7.08661 11.7228
      vertex 15.3027 6.7291 5.6
      vertex 15.3027 6.7291 11.7317
    endloop
  endfacet
  facet normal -0.595618 -0.803268 0
    outer loop
      vertex 14.5916 7.36467 5.6
      vertex 14.9666 7.08661 11.7228
      vertex 14.5916 7.36467 11.7249
    endloop
  endfacet
  facet normal -0.595618 -0.803268 -0
    outer loop
      vertex 14.9666 7.08661 11.7228
      vertex 14.5916 7.36467 5.6
      vertex 14.9666 7.08661 5.6
    endloop
  endfacet
  facet normal -0.432639 -0.901567 0
    outer loop
      vertex 14.1777 7.56329 5.6
      vertex 14.5916 7.36467 11.7249
      vertex 14.1777 7.56329 11.7379
    endloop
  endfacet
  facet normal -0.432639 -0.901567 -0
    outer loop
      vertex 14.5916 7.36467 11.7249
      vertex 14.1777 7.56329 5.6
      vertex 14.5916 7.36467 5.6
    endloop
  endfacet
  facet normal -0.25457 -0.967054 0
    outer loop
      vertex 13.725 7.68246 5.6
      vertex 14.1777 7.56329 11.7379
      vertex 13.725 7.68246 11.7619
    endloop
  endfacet
  facet normal -0.25457 -0.967054 -0
    outer loop
      vertex 14.1777 7.56329 11.7379
      vertex 13.725 7.68246 5.6
      vertex 14.1777 7.56329 5.6
    endloop
  endfacet
  facet normal -0.080559 -0.99675 0
    outer loop
      vertex 13.2333 7.7222 5.6
      vertex 13.725 7.68246 11.7619
      vertex 13.2333 7.7222 11.7968
    endloop
  endfacet
  facet normal -0.080559 -0.99675 -0
    outer loop
      vertex 13.725 7.68246 11.7619
      vertex 13.2333 7.7222 5.6
      vertex 13.725 7.68246 5.6
    endloop
  endfacet
  facet normal 0.0422443 -0.999107 0
    outer loop
      vertex 12.9178 7.70886 5.6
      vertex 13.2333 7.7222 11.7968
      vertex 12.9178 7.70886 11.823
    endloop
  endfacet
  facet normal 0.0422443 -0.999107 0
    outer loop
      vertex 13.2333 7.7222 11.7968
      vertex 12.9178 7.70886 5.6
      vertex 13.2333 7.7222 5.6
    endloop
  endfacet
  facet normal 0.136072 -0.990699 0
    outer loop
      vertex 12.6266 7.66887 5.6
      vertex 12.776 7.68939 11.8361
      vertex 12.6266 7.66887 11.8492
    endloop
  endfacet
  facet normal 0.13603 -0.990705 1.02621e-06
    outer loop
      vertex 12.776 7.68939 11.8361
      vertex 12.6266 7.66887 5.6
      vertex 12.9178 7.70886 11.823
    endloop
  endfacet
  facet normal 0.136051 -0.990702 0
    outer loop
      vertex 12.9178 7.70886 11.823
      vertex 12.6266 7.66887 5.6
      vertex 12.9178 7.70886 5.6
    endloop
  endfacet
  facet normal 0.242519 -0.970147 0
    outer loop
      vertex 12.3599 7.6022 5.6
      vertex 12.6266 7.66887 11.8492
      vertex 12.3599 7.6022 11.8756
    endloop
  endfacet
  facet normal 0.242519 -0.970147 0
    outer loop
      vertex 12.6266 7.66887 11.8492
      vertex 12.3599 7.6022 5.6
      vertex 12.6266 7.66887 5.6
    endloop
  endfacet
  facet normal 0.359537 -0.933131 0
    outer loop
      vertex 12.1177 7.50888 5.6
      vertex 12.3599 7.6022 11.8756
      vertex 12.1177 7.50888 11.9027
    endloop
  endfacet
  facet normal 0.359537 -0.933131 0
    outer loop
      vertex 12.3599 7.6022 11.8756
      vertex 12.1177 7.50888 5.6
      vertex 12.3599 7.6022 5.6
    endloop
  endfacet
  facet normal 0.482275 -0.87602 0
    outer loop
      vertex 11.8999 7.38889 5.6
      vertex 11.9282 7.40447 11.9271
      vertex 11.8999 7.38889 11.9304
    endloop
  endfacet
  facet normal 0.482575 -0.875855 -1.74707e-06
    outer loop
      vertex 11.9282 7.40447 11.9271
      vertex 11.8999 7.38889 5.6
      vertex 12.1177 7.50888 11.9027
    endloop
  endfacet
  facet normal 0.482536 -0.875876 0
    outer loop
      vertex 12.1177 7.50888 11.9027
      vertex 11.8999 7.38889 5.6
      vertex 12.1177 7.50888 5.6
    endloop
  endfacet
  facet normal 0.57395 -0.81889 0
    outer loop
      vertex 11.7027 7.25056 5.6
      vertex 11.7365 7.27425 11.9509
      vertex 11.7027 7.25056 11.955
    endloop
  endfacet
  facet normal 0.574235 -0.81869 -2.26296e-06
    outer loop
      vertex 11.7365 7.27425 11.9509
      vertex 11.7027 7.25056 5.6
      vertex 11.8573 7.35898 11.9359
    endloop
  endfacet
  facet normal 0.574621 -0.81842 -1.63043e-05
    outer loop
      vertex 11.8573 7.35898 11.9359
      vertex 11.7027 7.25056 5.6
      vertex 11.8999 7.38889 11.9304
    endloop
  endfacet
  facet normal 0.57427 -0.818666 0
    outer loop
      vertex 11.8999 7.38889 11.9304
      vertex 11.7027 7.25056 5.6
      vertex 11.8999 7.38889 5.6
    endloop
  endfacet
  facet normal 0.635076 -0.772449 0
    outer loop
      vertex 11.5222 7.10223 5.6
      vertex 11.6102 7.17458 11.9674
      vertex 11.5222 7.10223 11.9777
    endloop
  endfacet
  facet normal 0.634729 -0.772735 8.0341e-06
    outer loop
      vertex 11.6102 7.17458 11.9674
      vertex 11.5222 7.10223 5.6
      vertex 11.7027 7.25056 11.955
    endloop
  endfacet
  facet normal 0.634898 -0.772596 0
    outer loop
      vertex 11.7027 7.25056 11.955
      vertex 11.5222 7.10223 5.6
      vertex 11.7027 7.25056 5.6
    endloop
  endfacet
  facet normal 0.694803 -0.7192 0
    outer loop
      vertex 11.3583 6.94389 5.6
      vertex 11.5222 7.10223 11.9777
      vertex 11.3583 6.94389 11.9993
    endloop
  endfacet
  facet normal 0.694803 -0.7192 0
    outer loop
      vertex 11.5222 7.10223 11.9777
      vertex 11.3583 6.94389 5.6
      vertex 11.5222 7.10223 5.6
    endloop
  endfacet
  facet normal 0.752812 -0.658235 0
    outer loop
      vertex 11.2111 6.77554 5.6
      vertex 11.3583 6.94389 11.9993
      vertex 11.2111 6.77554 12.0212
    endloop
  endfacet
  facet normal 0.752812 -0.658235 0
    outer loop
      vertex 11.3583 6.94389 11.9993
      vertex 11.2111 6.77554 5.6
      vertex 11.3583 6.94389 5.6
    endloop
  endfacet
  facet normal 0.806799 -0.590826 0
    outer loop
      vertex 11.0805 6.5972 5.6
      vertex 11.2111 6.77554 12.0212
      vertex 11.0805 6.5972 12.0435
    endloop
  endfacet
  facet normal 0.806799 -0.590826 0
    outer loop
      vertex 11.2111 6.77554 12.0212
      vertex 11.0805 6.5972 5.6
      vertex 11.2111 6.77554 5.6
    endloop
  endfacet
  facet normal 0 -1 0
    outer loop
      vertex 10.9833 6.5972 5.6
      vertex 11.0805 6.5972 12.0435
      vertex 10.9833 6.5972 12.0471
    endloop
  endfacet
  facet normal 0 -1 -0
    outer loop
      vertex 11.0805 6.5972 12.0435
      vertex 10.9833 6.5972 5.6
      vertex 11.0805 6.5972 5.6
    endloop
  endfacet
  facet normal -0.958765 -0.2842 0
    outer loop
      vertex 10.6916 7.5833 5.6
      vertex 10.7158 7.50166 11.9691
      vertex 10.6916 7.5833 11.9617
    endloop
  endfacet
  facet normal -0.95934 -0.282252 2.71603e-05
    outer loop
      vertex 10.6916 7.5833 5.6
      vertex 10.7245 7.47209 11.9717
      vertex 10.7158 7.50166 11.9691
    endloop
  endfacet
  facet normal -0.958925 -0.283661 4.17107e-07
    outer loop
      vertex 10.9833 6.5972 5.6
      vertex 10.7245 7.47209 11.9717
      vertex 10.6916 7.5833 5.6
    endloop
  endfacet
  facet normal -0.958925 -0.283658 0
    outer loop
      vertex 10.7245 7.47209 11.9717
      vertex 10.9833 6.5972 5.6
      vertex 10.9833 6.5972 12.0471
    endloop
  endfacet
  facet normal 0 -1 0
    outer loop
      vertex 9.01103 7.5833 5.6
      vertex 10.5865 7.5833 11.9651
      vertex 9.01103 7.5833 11.9982
    endloop
  endfacet
  facet normal 0 -1 0
    outer loop
      vertex 10.6916 7.5833 5.6
      vertex 10.5865 7.5833 11.9651
      vertex 9.01103 7.5833 5.6
    endloop
  endfacet
  facet normal 0 -1 0
    outer loop
      vertex 10.5865 7.5833 11.9651
      vertex 10.6916 7.5833 5.6
      vertex 10.6916 7.5833 11.9617
    endloop
  endfacet
  facet normal 1 0 0
    outer loop
      vertex 9.01103 3.95945 12.3772
      vertex 9.01103 7.5833 5.6
      vertex 9.01103 7.5833 11.9982
    endloop
  endfacet
  facet normal 1 0 0
    outer loop
      vertex 9.01103 3.69234 12.4038
      vertex 9.01103 7.5833 5.6
      vertex 9.01103 3.95945 12.3772
    endloop
  endfacet
  facet normal 1 0 0
    outer loop
      vertex 9.01103 3.54714 12.4181
      vertex 9.01103 7.5833 5.6
      vertex 9.01103 3.69234 12.4038
    endloop
  endfacet
  facet normal 1 0 0
    outer loop
      vertex 9.01103 -3.3333 5.6
      vertex 9.01103 3.54714 12.4181
      vertex 9.01103 -3.3333 13.0877
    endloop
  endfacet
  facet normal 1 0 0
    outer loop
      vertex 9.01103 3.54714 12.4181
      vertex 9.01103 -3.3333 5.6
      vertex 9.01103 7.5833 5.6
    endloop
  endfacet
  facet normal 0 1 0
    outer loop
      vertex 9.01103 -3.3333 5.6
      vertex 11.0805 -3.3333 13.0099
      vertex 11.0805 -3.3333 5.6
    endloop
  endfacet
  facet normal 0 1 0
    outer loop
      vertex 11.0805 -3.3333 13.0099
      vertex 9.01103 -3.3333 5.6
      vertex 9.01103 -3.3333 13.0877
    endloop
  endfacet
  facet normal -1 0 0
    outer loop
      vertex 11.0805 -3.3333 5.6
      vertex 11.0805 -0.277786 12.7126
      vertex 11.0805 -0.277786 5.6
    endloop
  endfacet
  facet normal -1 -0 0
    outer loop
      vertex 11.0805 -0.277786 12.7126
      vertex 11.0805 -3.3333 5.6
      vertex 11.0805 -3.3333 13.0099
    endloop
  endfacet
  facet normal -0.244891 -0.969551 0
    outer loop
      vertex 11.9911 1.63612 5.6
      vertex 12.086 1.61215 12.4835
      vertex 11.9911 1.63612 12.4863
    endloop
  endfacet
  facet normal -0.244936 -0.969539 6.66898e-07
    outer loop
      vertex 12.086 1.61215 12.4835
      vertex 11.9911 1.63612 5.6
      vertex 12.1506 1.59583 12.4815
    endloop
  endfacet
  facet normal -0.244952 -0.969535 1.05812e-06
    outer loop
      vertex 12.1506 1.59583 12.4815
      vertex 11.9911 1.63612 5.6
      vertex 12.2714 1.56531 12.4771
    endloop
  endfacet
  facet normal -0.244928 -0.969541 -0
    outer loop
      vertex 12.2714 1.56531 12.4771
      vertex 11.9911 1.63612 5.6
      vertex 12.2714 1.56531 5.6
    endloop
  endfacet
  facet normal -0.445101 -0.89548 0
    outer loop
      vertex 11.7536 1.75417 5.6
      vertex 11.9911 1.63612 12.4863
      vertex 11.7536 1.75417 12.4875
    endloop
  endfacet
  facet normal -0.445101 -0.89548 -0
    outer loop
      vertex 11.9911 1.63612 12.4863
      vertex 11.7536 1.75417 5.6
      vertex 11.9911 1.63612 5.6
    endloop
  endfacet
  facet normal -0.647438 -0.762118 -1.6901e-05
    outer loop
      vertex 11.7536 1.75417 5.6
      vertex 11.6328 1.85664 12.4841
      vertex 11.5589 1.91942 12.4807
    endloop
  endfacet
  facet normal -0.647091 -0.762413 0
    outer loop
      vertex 11.7536 1.75417 5.6
      vertex 11.5589 1.91942 12.4807
      vertex 11.5589 1.91942 5.6
    endloop
  endfacet
  facet normal -0.646878 -0.762593 0
    outer loop
      vertex 11.6328 1.85664 12.4841
      vertex 11.7536 1.75417 5.6
      vertex 11.7536 1.75417 12.4875
    endloop
  endfacet
  facet normal -0.813319 -0.581817 0
    outer loop
      vertex 11.5589 1.91942 5.6
      vertex 11.4069 2.1319 12.4658
      vertex 11.4069 2.1319 5.6
    endloop
  endfacet
  facet normal -0.813319 -0.581817 0
    outer loop
      vertex 11.4069 2.1319 12.4658
      vertex 11.5589 1.91942 5.6
      vertex 11.5589 1.91942 12.4807
    endloop
  endfacet
  facet normal -0.909081 -0.416619 0
    outer loop
      vertex 11.4069 2.1319 5.6
      vertex 11.2894 2.38829 12.4452
      vertex 11.2894 2.38829 5.6
    endloop
  endfacet
  facet normal -0.909081 -0.416619 0
    outer loop
      vertex 11.2894 2.38829 12.4452
      vertex 11.4069 2.1319 5.6
      vertex 11.4069 2.1319 12.4658
    endloop
  endfacet
  facet normal -0.955751 -0.294176 0
    outer loop
      vertex 11.2894 2.38829 5.6
      vertex 11.198 2.68524 12.4198
      vertex 11.198 2.68524 5.6
    endloop
  endfacet
  facet normal -0.955751 -0.294176 0
    outer loop
      vertex 11.198 2.68524 12.4198
      vertex 11.2894 2.38829 5.6
      vertex 11.2894 2.38829 12.4452
    endloop
  endfacet
  facet normal -0.981846 -0.189678 0
    outer loop
      vertex 11.198 2.68524 5.6
      vertex 11.1328 3.02274 12.3894
      vertex 11.1328 3.02274 5.6
    endloop
  endfacet
  facet normal -0.981846 -0.189678 0
    outer loop
      vertex 11.1328 3.02274 12.3894
      vertex 11.198 2.68524 5.6
      vertex 11.198 2.68524 12.4198
    endloop
  endfacet
  facet normal -0.994667 -0.103137 0
    outer loop
      vertex 11.1328 3.02274 5.6
      vertex 11.0936 3.40079 12.3541
      vertex 11.0936 3.40079 5.6
    endloop
  endfacet
  facet normal -0.994667 -0.103137 0
    outer loop
      vertex 11.0936 3.40079 12.3541
      vertex 11.1328 3.02274 5.6
      vertex 11.1328 3.02274 12.3894
    endloop
  endfacet
  facet normal -0.999511 -0.0312787 0
    outer loop
      vertex 11.0936 3.40079 5.6
      vertex 11.0805 3.8194 12.3138
      vertex 11.0805 3.8194 5.6
    endloop
  endfacet
  facet normal -0.999511 -0.0312787 0
    outer loop
      vertex 11.0805 3.8194 12.3138
      vertex 11.0936 3.40079 5.6
      vertex 11.0936 3.40079 12.3541
    endloop
  endfacet
  facet normal -1 0 0
    outer loop
      vertex 11.0805 3.8194 5.6
      vertex 11.0805 4.04169 12.2922
      vertex 11.0805 4.04169 5.6
    endloop
  endfacet
  facet normal -1 -0 0
    outer loop
      vertex 11.0805 4.04169 12.2922
      vertex 11.0805 3.8194 5.6
      vertex 11.0805 3.8194 12.3138
    endloop
  endfacet
  facet normal -0.99825 0.0591302 0
    outer loop
      vertex 11.0805 4.04169 5.6
      vertex 11.1036 4.43167 12.2534
      vertex 11.1036 4.43167 5.6
    endloop
  endfacet
  facet normal -0.99825 0.0591302 0
    outer loop
      vertex 11.1036 4.43167 12.2534
      vertex 11.0805 4.04169 5.6
      vertex 11.0805 4.04169 12.2922
    endloop
  endfacet
  facet normal -0.991028 0.133657 0
    outer loop
      vertex 11.1036 4.43167 5.6
      vertex 11.1505 4.77942 12.2178
      vertex 11.1505 4.77942 5.6
    endloop
  endfacet
  facet normal -0.991028 0.133657 0
    outer loop
      vertex 11.1505 4.77942 12.2178
      vertex 11.1036 4.43167 5.6
      vertex 11.1036 4.43167 12.2534
    endloop
  endfacet
  facet normal -0.974188 0.22574 0
    outer loop
      vertex 11.1505 4.77942 5.6
      vertex 11.2213 5.08496 12.1854
      vertex 11.2213 5.08496 5.6
    endloop
  endfacet
  facet normal -0.974188 0.22574 0
    outer loop
      vertex 11.2213 5.08496 12.1854
      vertex 11.1505 4.77942 5.6
      vertex 11.1505 4.77942 12.2178
    endloop
  endfacet
  facet normal -0.940996 0.338418 0
    outer loop
      vertex 11.2213 5.08496 5.6
      vertex 11.316 5.34828 12.1562
      vertex 11.316 5.34828 5.6
    endloop
  endfacet
  facet normal -0.940996 0.338418 0
    outer loop
      vertex 11.316 5.34828 12.1562
      vertex 11.2213 5.08496 5.6
      vertex 11.2213 5.08496 12.1854
    endloop
  endfacet
  facet normal -0.881243 0.472664 0
    outer loop
      vertex 11.316 5.34828 5.6
      vertex 11.4346 5.5694 12.1302
      vertex 11.4346 5.5694 5.6
    endloop
  endfacet
  facet normal -0.881243 0.472664 0
    outer loop
      vertex 11.4346 5.5694 12.1302
      vertex 11.316 5.34828 5.6
      vertex 11.316 5.34828 12.1562
    endloop
  endfacet
  facet normal -0.768624 0.639701 0
    outer loop
      vertex 11.4346 5.5694 5.6
      vertex 11.5844 5.74939 12.107
      vertex 11.5844 5.74939 5.6
    endloop
  endfacet
  facet normal -0.768624 0.639701 0
    outer loop
      vertex 11.5844 5.74939 12.107
      vertex 11.4346 5.5694 5.6
      vertex 11.4346 5.5694 12.1302
    endloop
  endfacet
  facet normal -0.597203 0.80209 -2.84073e-06
    outer loop
      vertex 11.5844 5.74939 5.6
      vertex 11.6162 5.77309 12.1035
      vertex 11.7724 5.88939 12.0838
    endloop
  endfacet
  facet normal -0.597266 0.802043 0
    outer loop
      vertex 11.5844 5.74939 5.6
      vertex 11.7724 5.88939 12.0838
      vertex 11.7724 5.88939 5.6
    endloop
  endfacet
  facet normal -0.597577 0.801812 0
    outer loop
      vertex 11.6162 5.77309 12.1035
      vertex 11.5844 5.74939 5.6
      vertex 11.5844 5.74939 12.107
    endloop
  endfacet
  facet normal -0.403874 0.914815 -2.90544e-06
    outer loop
      vertex 11.7724 5.88939 5.6
      vertex 11.8206 5.91069 12.0791
      vertex 11.9286 5.95837 12.0685
    endloop
  endfacet
  facet normal -0.404287 0.914632 9.02117e-06
    outer loop
      vertex 11.7724 5.88939 5.6
      vertex 11.9286 5.95837 12.0685
      vertex 11.9988 5.9894 12.0612
    endloop
  endfacet
  facet normal -0.404072 0.914727 0
    outer loop
      vertex 11.7724 5.88939 5.6
      vertex 11.9988 5.9894 12.0612
      vertex 11.9988 5.9894 5.6
    endloop
  endfacet
  facet normal -0.404201 0.91467 0
    outer loop
      vertex 11.8206 5.91069 12.0791
      vertex 11.7724 5.88939 5.6
      vertex 11.7724 5.88939 12.0838
    endloop
  endfacet
  facet normal -0.22112 0.975247 3.94493e-06
    outer loop
      vertex 11.9988 5.9894 5.6
      vertex 12.0514 6.0013 12.0568
      vertex 12.2635 6.04939 12.0364
    endloop
  endfacet
  facet normal -0.221029 0.975267 0
    outer loop
      vertex 11.9988 5.9894 5.6
      vertex 12.2635 6.04939 12.0364
      vertex 12.2635 6.04939 5.6
    endloop
  endfacet
  facet normal -0.220659 0.975351 0
    outer loop
      vertex 12.0514 6.0013 12.0568
      vertex 11.9988 5.9894 5.6
      vertex 11.9988 5.9894 12.0612
    endloop
  endfacet
  facet normal -0.0658744 0.997828 0
    outer loop
      vertex 12.2635 6.04939 5.6
      vertex 12.5666 6.0694 12.0119
      vertex 12.5666 6.0694 5.6
    endloop
  endfacet
  facet normal -0.0658744 0.997828 0
    outer loop
      vertex 12.5666 6.0694 12.0119
      vertex 12.2635 6.04939 5.6
      vertex 12.2635 6.04939 12.0364
    endloop
  endfacet
  facet normal 0.172731 0.984969 2.00429e-06
    outer loop
      vertex 12.5666 6.0694 5.6
      vertex 12.8038 6.02779 11.9985
      vertex 13.0766 5.97995 11.9817
    endloop
  endfacet
  facet normal 0.172755 0.984965 0
    outer loop
      vertex 12.5666 6.0694 5.6
      vertex 13.0766 5.97995 11.9817
      vertex 13.0766 5.97995 5.6
    endloop
  endfacet
  facet normal 0.172783 0.98496 0
    outer loop
      vertex 12.8038 6.02779 11.9985
      vertex 12.5666 6.0694 5.6
      vertex 12.5666 6.0694 12.0119
    endloop
  endfacet
  facet normal 0.560287 0.828299 0
    outer loop
      vertex 13.0766 5.97995 5.6
      vertex 13.4733 5.71161 11.9769
      vertex 13.4733 5.71161 5.6
    endloop
  endfacet
  facet normal 0.560287 0.828299 0
    outer loop
      vertex 13.4733 5.71161 11.9769
      vertex 13.0766 5.97995 5.6
      vertex 13.0766 5.97995 11.9817
    endloop
  endfacet
  facet normal 0.844682 0.535269 -0
    outer loop
      vertex 13.7567 5.26439 5.6
      vertex 13.4733 5.71161 11.9769
      vertex 13.7567 5.26439 11.9988
    endloop
  endfacet
  facet normal 0.844682 0.535269 0
    outer loop
      vertex 13.4733 5.71161 11.9769
      vertex 13.7567 5.26439 5.6
      vertex 13.4733 5.71161 5.6
    endloop
  endfacet
  facet normal 0.965058 0.262035 -0
    outer loop
      vertex 13.9267 4.63829 5.6
      vertex 13.7567 5.26439 11.9988
      vertex 13.9267 4.63829 12.0474
    endloop
  endfacet
  facet normal 0.965058 0.262035 0
    outer loop
      vertex 13.7567 5.26439 11.9988
      vertex 13.9267 4.63829 5.6
      vertex 13.7567 5.26439 5.6
    endloop
  endfacet
  facet normal 0.997537 0.0701383 -0
    outer loop
      vertex 13.9833 3.8333 5.6
      vertex 13.9267 4.63829 12.0474
      vertex 13.9833 3.8333 12.1226
    endloop
  endfacet
  facet normal 0.997537 0.0701383 0
    outer loop
      vertex 13.9267 4.63829 12.0474
      vertex 13.9833 3.8333 5.6
      vertex 13.9267 4.63829 5.6
    endloop
  endfacet
  facet normal 0.999485 -0.0320877 0
    outer loop
      vertex 13.9697 3.40968 5.6
      vertex 13.9833 3.8333 12.1226
      vertex 13.9697 3.40968 12.1656
    endloop
  endfacet
  facet normal 0.999485 -0.0320877 0
    outer loop
      vertex 13.9833 3.8333 12.1226
      vertex 13.9697 3.40968 5.6
      vertex 13.9833 3.8333 5.6
    endloop
  endfacet
  facet normal 0.994343 -0.106219 0
    outer loop
      vertex 13.9289 3.02774 5.6
      vertex 13.9697 3.40968 12.1656
      vertex 13.9289 3.02774 12.2067
    endloop
  endfacet
  facet normal 0.994343 -0.106219 0
    outer loop
      vertex 13.9697 3.40968 12.1656
      vertex 13.9289 3.02774 5.6
      vertex 13.9697 3.40968 5.6
    endloop
  endfacet
  facet normal 0.980557 -0.196233 0
    outer loop
      vertex 13.8608 2.68745 5.6
      vertex 13.9289 3.02774 12.2067
      vertex 13.8608 2.68745 12.2458
    endloop
  endfacet
  facet normal 0.980557 -0.196233 0
    outer loop
      vertex 13.9289 3.02774 12.2067
      vertex 13.8608 2.68745 5.6
      vertex 13.9289 3.02774 5.6
    endloop
  endfacet
  facet normal 0.95266 -0.304037 0
    outer loop
      vertex 13.7655 2.38884 5.6
      vertex 13.8608 2.68745 12.2458
      vertex 13.7655 2.38884 12.2829
    endloop
  endfacet
  facet normal 0.95266 -0.304037 0
    outer loop
      vertex 13.8608 2.68745 12.2458
      vertex 13.7655 2.38884 5.6
      vertex 13.8608 2.68745 5.6
    endloop
  endfacet
  facet normal 0.902659 -0.430356 0
    outer loop
      vertex 13.643 2.1319 5.6
      vertex 13.7655 2.38884 12.2829
      vertex 13.643 2.1319 12.318
    endloop
  endfacet
  facet normal 0.902659 -0.430356 0
    outer loop
      vertex 13.7655 2.38884 12.2829
      vertex 13.643 2.1319 5.6
      vertex 13.7655 2.38884 5.6
    endloop
  endfacet
  facet normal 0.815493 -0.578767 0
    outer loop
      vertex 13.4922 1.91942 5.6
      vertex 13.643 2.1319 12.318
      vertex 13.4922 1.91942 12.3509
    endloop
  endfacet
  facet normal 0.815493 -0.578767 0
    outer loop
      vertex 13.643 2.1319 12.318
      vertex 13.4922 1.91942 5.6
      vertex 13.643 2.1319 5.6
    endloop
  endfacet
  facet normal 0.675669 -0.737205 0
    outer loop
      vertex 13.3119 1.75417 5.6
      vertex 13.4922 1.91942 12.3509
      vertex 13.3119 1.75417 12.3815
    endloop
  endfacet
  facet normal 0.675669 -0.737205 0
    outer loop
      vertex 13.4922 1.91942 12.3509
      vertex 13.3119 1.75417 5.6
      vertex 13.4922 1.91942 5.6
    endloop
  endfacet
  facet normal 0.490557 -0.871409 0
    outer loop
      vertex 13.1022 1.63612 5.6
      vertex 13.3119 1.75417 12.3815
      vertex 13.1022 1.63612 12.4098
    endloop
  endfacet
  facet normal 0.490557 -0.871409 0
    outer loop
      vertex 13.3119 1.75417 12.3815
      vertex 13.1022 1.63612 5.6
      vertex 13.3119 1.75417 5.6
    endloop
  endfacet
  facet normal 0.282832 -0.959169 0
    outer loop
      vertex 12.863 1.56531 5.6
      vertex 12.8786 1.56991 12.434
      vertex 12.863 1.56531 12.4356
    endloop
  endfacet
  facet normal 0.283923 -0.958847 -2.70755e-06
    outer loop
      vertex 12.8786 1.56991 12.434
      vertex 12.863 1.56531 5.6
      vertex 13.1022 1.63612 12.4098
    endloop
  endfacet
  facet normal 0.283852 -0.958868 0
    outer loop
      vertex 13.1022 1.63612 12.4098
      vertex 12.863 1.56531 5.6
      vertex 13.1022 1.63612 5.6
    endloop
  endfacet
  facet normal 0.0875994 -0.996156 0
    outer loop
      vertex 12.5944 1.54169 5.6
      vertex 12.863 1.56531 12.4356
      vertex 12.5944 1.54169 12.4578
    endloop
  endfacet
  facet normal 0.0875994 -0.996156 0
    outer loop
      vertex 12.863 1.56531 12.4356
      vertex 12.5944 1.54169 5.6
      vertex 12.863 1.56531 5.6
    endloop
  endfacet
  facet normal -0.07297 -0.997334 0
    outer loop
      vertex 12.2714 1.56531 5.6
      vertex 12.4417 1.55285 12.4681
      vertex 12.2714 1.56531 12.4771
    endloop
  endfacet
  facet normal -0.0728902 -0.99734 -1.98801e-06
    outer loop
      vertex 12.4417 1.55285 12.4681
      vertex 12.2714 1.56531 5.6
      vertex 12.5944 1.54169 12.4578
    endloop
  endfacet
  facet normal -0.0729322 -0.997337 -0
    outer loop
      vertex 12.5944 1.54169 12.4578
      vertex 12.2714 1.56531 5.6
      vertex 12.5944 1.54169 5.6
    endloop
  endfacet
endsolid OpenSCAD_Model
