solid OpenSCAD_Model
  facet normal 0.881937 -0.471367 0
    outer loop
      vertex -12.8086 1.16336 3.24
      vertex -12.5277 1.68893 0.2
      vertex -12.5277 1.68893 3.24
    endloop
  endfacet
  facet normal 0.881937 -0.471367 0
    outer loop
      vertex -12.5277 1.68893 0.2
      vertex -12.8086 1.16336 3.24
      vertex -12.8086 1.16336 0.2
    endloop
  endfacet
  facet normal 0.995187 -0.097996 0
    outer loop
      vertex -13.04 0 3.24
      vertex -12.9816 0.593074 0.2
      vertex -12.9816 0.593074 3.24
    endloop
  endfacet
  facet normal 0.995187 -0.097996 0
    outer loop
      vertex -12.9816 0.593074 0.2
      vertex -13.04 0 3.24
      vertex -13.04 0 0.2
    endloop
  endfacet
  facet normal -0.956938 -0.290293 0
    outer loop
      vertex -7.01841 0.593074 0.2
      vertex -7.19141 1.16336 3.24
      vertex -7.19141 1.16336 0.2
    endloop
  endfacet
  facet normal -0.956938 -0.290293 0
    outer loop
      vertex -7.19141 1.16336 3.24
      vertex -7.01841 0.593074 0.2
      vertex -7.01841 0.593074 3.24
    endloop
  endfacet
  facet normal -0.290291 0.956938 0
    outer loop
      vertex -8.83664 -2.80859 0.2
      vertex -9.40693 -2.98159 3.24
      vertex -8.83664 -2.80859 3.24
    endloop
  endfacet
  facet normal -0.290291 0.956938 0
    outer loop
      vertex -9.40693 -2.98159 3.24
      vertex -8.83664 -2.80859 0.2
      vertex -9.40693 -2.98159 0.2
    endloop
  endfacet
  facet normal -0.0980133 -0.995185 0
    outer loop
      vertex -10 3.04 0.2
      vertex -9.40693 2.98159 3.24
      vertex -10 3.04 3.24
    endloop
  endfacet
  facet normal -0.0980133 -0.995185 -0
    outer loop
      vertex -9.40693 2.98159 3.24
      vertex -10 3.04 0.2
      vertex -9.40693 2.98159 0.2
    endloop
  endfacet
  facet normal -0.995185 0.0980127 0
    outer loop
      vertex -7.01841 -0.593074 0.2
      vertex -6.96 0 3.24
      vertex -6.96 0 0.2
    endloop
  endfacet
  facet normal -0.995185 0.0980127 0
    outer loop
      vertex -6.96 0 3.24
      vertex -7.01841 -0.593074 0.2
      vertex -7.01841 -0.593074 3.24
    endloop
  endfacet
  facet normal -0.881923 0.471393 0
    outer loop
      vertex -7.47233 -1.68893 0.2
      vertex -7.19141 -1.16336 3.24
      vertex -7.19141 -1.16336 0.2
    endloop
  endfacet
  facet normal -0.881923 0.471393 0
    outer loop
      vertex -7.19141 -1.16336 3.24
      vertex -7.47233 -1.68893 0.2
      vertex -7.47233 -1.68893 3.24
    endloop
  endfacet
  facet normal -0.0980133 0.995185 0
    outer loop
      vertex -9.40693 -2.98159 0.2
      vertex -10 -3.04 3.24
      vertex -9.40693 -2.98159 3.24
    endloop
  endfacet
  facet normal -0.0980133 0.995185 0
    outer loop
      vertex -10 -3.04 3.24
      vertex -9.40693 -2.98159 0.2
      vertex -10 -3.04 0.2
    endloop
  endfacet
  facet normal 0.290287 0.95694 -0
    outer loop
      vertex -10.5931 -2.98159 0.2
      vertex -11.1634 -2.80859 3.24
      vertex -10.5931 -2.98159 3.24
    endloop
  endfacet
  facet normal 0.290287 0.95694 0
    outer loop
      vertex -11.1634 -2.80859 3.24
      vertex -10.5931 -2.98159 0.2
      vertex -11.1634 -2.80859 0.2
    endloop
  endfacet
  facet normal -0.995185 -0.0980127 0
    outer loop
      vertex -6.96 0 0.2
      vertex -7.01841 0.593074 3.24
      vertex -7.01841 0.593074 0.2
    endloop
  endfacet
  facet normal -0.995185 -0.0980127 0
    outer loop
      vertex -7.01841 0.593074 3.24
      vertex -6.96 0 0.2
      vertex -6.96 0 3.24
    endloop
  endfacet
  facet normal 0.772979 0.634431 0
    outer loop
      vertex -12.1496 -2.1496 3.24
      vertex -12.5277 -1.68893 0.2
      vertex -12.5277 -1.68893 3.24
    endloop
  endfacet
  facet normal 0.772979 0.634431 0
    outer loop
      vertex -12.5277 -1.68893 0.2
      vertex -12.1496 -2.1496 3.24
      vertex -12.1496 -2.1496 0.2
    endloop
  endfacet
  facet normal -0.881923 -0.471393 0
    outer loop
      vertex -7.19141 1.16336 0.2
      vertex -7.47233 1.68893 3.24
      vertex -7.47233 1.68893 0.2
    endloop
  endfacet
  facet normal -0.881923 -0.471393 0
    outer loop
      vertex -7.47233 1.68893 3.24
      vertex -7.19141 1.16336 0.2
      vertex -7.19141 1.16336 3.24
    endloop
  endfacet
  facet normal 0.0980084 0.995186 -0
    outer loop
      vertex -10 -3.04 0.2
      vertex -10.5931 -2.98159 3.24
      vertex -10 -3.04 3.24
    endloop
  endfacet
  facet normal 0.0980084 0.995186 0
    outer loop
      vertex -10.5931 -2.98159 3.24
      vertex -10 -3.04 0.2
      vertex -10.5931 -2.98159 0.2
    endloop
  endfacet
  facet normal -0.471393 -0.881923 0
    outer loop
      vertex -8.83664 2.80859 0.2
      vertex -8.31107 2.52767 3.24
      vertex -8.83664 2.80859 3.24
    endloop
  endfacet
  facet normal -0.471393 -0.881923 -0
    outer loop
      vertex -8.31107 2.52767 3.24
      vertex -8.83664 2.80859 0.2
      vertex -8.31107 2.52767 0.2
    endloop
  endfacet
  facet normal 0.634377 0.773024 -0
    outer loop
      vertex -11.6889 -2.52767 0.2
      vertex -12.1496 -2.1496 3.24
      vertex -11.6889 -2.52767 3.24
    endloop
  endfacet
  facet normal 0.634377 0.773024 0
    outer loop
      vertex -12.1496 -2.1496 3.24
      vertex -11.6889 -2.52767 0.2
      vertex -12.1496 -2.1496 0.2
    endloop
  endfacet
  facet normal 0.290287 -0.95694 0
    outer loop
      vertex -11.1634 2.80859 0.2
      vertex -10.5931 2.98159 3.24
      vertex -11.1634 2.80859 3.24
    endloop
  endfacet
  facet normal 0.290287 -0.95694 0
    outer loop
      vertex -10.5931 2.98159 3.24
      vertex -11.1634 2.80859 0.2
      vertex -10.5931 2.98159 0.2
    endloop
  endfacet
  facet normal 0.0980084 -0.995186 0
    outer loop
      vertex -10.5931 2.98159 0.2
      vertex -10 3.04 3.24
      vertex -10.5931 2.98159 3.24
    endloop
  endfacet
  facet normal 0.0980084 -0.995186 0
    outer loop
      vertex -10 3.04 3.24
      vertex -10.5931 2.98159 0.2
      vertex -10 3.04 0.2
    endloop
  endfacet
  facet normal -0.634401 -0.773004 0
    outer loop
      vertex -8.31107 2.52767 0.2
      vertex -7.8504 2.1496 3.24
      vertex -8.31107 2.52767 3.24
    endloop
  endfacet
  facet normal -0.634401 -0.773004 -0
    outer loop
      vertex -7.8504 2.1496 3.24
      vertex -8.31107 2.52767 0.2
      vertex -7.8504 2.1496 0.2
    endloop
  endfacet
  facet normal 0.772979 -0.634431 0
    outer loop
      vertex -12.5277 1.68893 3.24
      vertex -12.1496 2.1496 0.2
      vertex -12.1496 2.1496 3.24
    endloop
  endfacet
  facet normal 0.772979 -0.634431 0
    outer loop
      vertex -12.1496 2.1496 0.2
      vertex -12.5277 1.68893 3.24
      vertex -12.5277 1.68893 0.2
    endloop
  endfacet
  facet normal 0.956938 0.290293 0
    outer loop
      vertex -12.8086 -1.16336 3.24
      vertex -12.9816 -0.593074 0.2
      vertex -12.9816 -0.593074 3.24
    endloop
  endfacet
  facet normal 0.956938 0.290293 0
    outer loop
      vertex -12.9816 -0.593074 0.2
      vertex -12.8086 -1.16336 3.24
      vertex -12.8086 -1.16336 0.2
    endloop
  endfacet
  facet normal 0.634377 -0.773024 0
    outer loop
      vertex -12.1496 2.1496 0.2
      vertex -11.6889 2.52767 3.24
      vertex -12.1496 2.1496 3.24
    endloop
  endfacet
  facet normal 0.634377 -0.773024 0
    outer loop
      vertex -11.6889 2.52767 3.24
      vertex -12.1496 2.1496 0.2
      vertex -11.6889 2.52767 0.2
    endloop
  endfacet
  facet normal -0.773004 -0.634401 0
    outer loop
      vertex -7.47233 1.68893 0.2
      vertex -7.8504 2.1496 3.24
      vertex -7.8504 2.1496 0.2
    endloop
  endfacet
  facet normal -0.773004 -0.634401 0
    outer loop
      vertex -7.8504 2.1496 3.24
      vertex -7.47233 1.68893 0.2
      vertex -7.47233 1.68893 3.24
    endloop
  endfacet
  facet normal 0.995187 0.097996 0
    outer loop
      vertex -12.9816 -0.593074 3.24
      vertex -13.04 0 0.2
      vertex -13.04 0 3.24
    endloop
  endfacet
  facet normal 0.995187 0.097996 0
    outer loop
      vertex -13.04 0 0.2
      vertex -12.9816 -0.593074 3.24
      vertex -12.9816 -0.593074 0.2
    endloop
  endfacet
  facet normal -0.956938 0.290293 0
    outer loop
      vertex -7.19141 -1.16336 0.2
      vertex -7.01841 -0.593074 3.24
      vertex -7.01841 -0.593074 0.2
    endloop
  endfacet
  facet normal -0.956938 0.290293 0
    outer loop
      vertex -7.01841 -0.593074 3.24
      vertex -7.19141 -1.16336 0.2
      vertex -7.19141 -1.16336 3.24
    endloop
  endfacet
  facet normal 0.471442 -0.881897 0
    outer loop
      vertex -11.6889 2.52767 0.2
      vertex -11.1634 2.80859 3.24
      vertex -11.6889 2.52767 3.24
    endloop
  endfacet
  facet normal 0.471442 -0.881897 0
    outer loop
      vertex -11.1634 2.80859 3.24
      vertex -11.6889 2.52767 0.2
      vertex -11.1634 2.80859 0.2
    endloop
  endfacet
  facet normal -0.471393 0.881923 0
    outer loop
      vertex -8.31107 -2.52767 0.2
      vertex -8.83664 -2.80859 3.24
      vertex -8.31107 -2.52767 3.24
    endloop
  endfacet
  facet normal -0.471393 0.881923 0
    outer loop
      vertex -8.83664 -2.80859 3.24
      vertex -8.31107 -2.52767 0.2
      vertex -8.83664 -2.80859 0.2
    endloop
  endfacet
  facet normal 0 0 1
    outer loop
      vertex -7.01841 0.593074 0.2
      vertex -7.01841 -0.593074 0.2
      vertex -6.96 0 0.2
    endloop
  endfacet
  facet normal 0 0 1
    outer loop
      vertex -7.19141 1.16336 0.2
      vertex -7.01841 -0.593074 0.2
      vertex -7.01841 0.593074 0.2
    endloop
  endfacet
  facet normal 0 0 1
    outer loop
      vertex -7.19141 1.16336 0.2
      vertex -7.19141 -1.16336 0.2
      vertex -7.01841 -0.593074 0.2
    endloop
  endfacet
  facet normal 0 0 1
    outer loop
      vertex -7.47233 1.68893 0.2
      vertex -7.19141 -1.16336 0.2
      vertex -7.19141 1.16336 0.2
    endloop
  endfacet
  facet normal 0 0 1
    outer loop
      vertex -7.47233 1.68893 0.2
      vertex -7.47233 -1.68893 0.2
      vertex -7.19141 -1.16336 0.2
    endloop
  endfacet
  facet normal 0 0 1
    outer loop
      vertex -7.8504 2.1496 0.2
      vertex -7.47233 -1.68893 0.2
      vertex -7.47233 1.68893 0.2
    endloop
  endfacet
  facet normal 0 0 1
    outer loop
      vertex -7.8504 2.1496 0.2
      vertex -7.8504 -2.1496 0.2
      vertex -7.47233 -1.68893 0.2
    endloop
  endfacet
  facet normal 0 0 1
    outer loop
      vertex -8.31107 2.52767 0.2
      vertex -7.8504 -2.1496 0.2
      vertex -7.8504 2.1496 0.2
    endloop
  endfacet
  facet normal 0 0 1
    outer loop
      vertex -8.31107 2.52767 0.2
      vertex -8.31107 -2.52767 0.2
      vertex -7.8504 -2.1496 0.2
    endloop
  endfacet
  facet normal 0 0 1
    outer loop
      vertex -8.83664 2.80859 0.2
      vertex -8.31107 -2.52767 0.2
      vertex -8.31107 2.52767 0.2
    endloop
  endfacet
  facet normal 0 0 1
    outer loop
      vertex -8.83664 2.80859 0.2
      vertex -8.83664 -2.80859 0.2
      vertex -8.31107 -2.52767 0.2
    endloop
  endfacet
  facet normal 0 0 1
    outer loop
      vertex -9.40693 2.98159 0.2
      vertex -8.83664 -2.80859 0.2
      vertex -8.83664 2.80859 0.2
    endloop
  endfacet
  facet normal 0 0 1
    outer loop
      vertex -9.40693 2.98159 0.2
      vertex -9.40693 -2.98159 0.2
      vertex -8.83664 -2.80859 0.2
    endloop
  endfacet
  facet normal 0 0 1
    outer loop
      vertex -10 3.04 0.2
      vertex -9.40693 -2.98159 0.2
      vertex -9.40693 2.98159 0.2
    endloop
  endfacet
  facet normal 0 0 1
    outer loop
      vertex -10 3.04 0.2
      vertex -10 -3.04 0.2
      vertex -9.40693 -2.98159 0.2
    endloop
  endfacet
  facet normal -0 0 1
    outer loop
      vertex -10.5931 2.98159 0.2
      vertex -10 -3.04 0.2
      vertex -10 3.04 0.2
    endloop
  endfacet
  facet normal 0 0 1
    outer loop
      vertex -10.5931 2.98159 0.2
      vertex -10.5931 -2.98159 0.2
      vertex -10 -3.04 0.2
    endloop
  endfacet
  facet normal -0 0 1
    outer loop
      vertex -11.1634 2.80859 0.2
      vertex -10.5931 -2.98159 0.2
      vertex -10.5931 2.98159 0.2
    endloop
  endfacet
  facet normal 0 0 1
    outer loop
      vertex -11.1634 2.80859 0.2
      vertex -11.1634 -2.80859 0.2
      vertex -10.5931 -2.98159 0.2
    endloop
  endfacet
  facet normal -0 0 1
    outer loop
      vertex -11.6889 2.52767 0.2
      vertex -11.1634 -2.80859 0.2
      vertex -11.1634 2.80859 0.2
    endloop
  endfacet
  facet normal 0 0 1
    outer loop
      vertex -11.6889 2.52767 0.2
      vertex -11.6889 -2.52767 0.2
      vertex -11.1634 -2.80859 0.2
    endloop
  endfacet
  facet normal -0 0 1
    outer loop
      vertex -12.1496 2.1496 0.2
      vertex -11.6889 -2.52767 0.2
      vertex -11.6889 2.52767 0.2
    endloop
  endfacet
  facet normal 0 0 1
    outer loop
      vertex -12.1496 2.1496 0.2
      vertex -12.1496 -2.1496 0.2
      vertex -11.6889 -2.52767 0.2
    endloop
  endfacet
  facet normal -0 0 1
    outer loop
      vertex -12.5277 1.68893 0.2
      vertex -12.1496 -2.1496 0.2
      vertex -12.1496 2.1496 0.2
    endloop
  endfacet
  facet normal 0 0 1
    outer loop
      vertex -12.5277 1.68893 0.2
      vertex -12.5277 -1.68893 0.2
      vertex -12.1496 -2.1496 0.2
    endloop
  endfacet
  facet normal -0 0 1
    outer loop
      vertex -12.8086 1.16336 0.2
      vertex -12.5277 -1.68893 0.2
      vertex -12.5277 1.68893 0.2
    endloop
  endfacet
  facet normal 0 0 1
    outer loop
      vertex -12.8086 1.16336 0.2
      vertex -12.8086 -1.16336 0.2
      vertex -12.5277 -1.68893 0.2
    endloop
  endfacet
  facet normal -0 0 1
    outer loop
      vertex -12.9816 0.593074 0.2
      vertex -12.8086 -1.16336 0.2
      vertex -12.8086 1.16336 0.2
    endloop
  endfacet
  facet normal 0 0 1
    outer loop
      vertex -12.9816 0.593074 0.2
      vertex -12.9816 -0.593074 0.2
      vertex -12.8086 -1.16336 0.2
    endloop
  endfacet
  facet normal 0 -0 1
    outer loop
      vertex -12.9816 -0.593074 0.2
      vertex -12.9816 0.593074 0.2
      vertex -13.04 0 0.2
    endloop
  endfacet
  facet normal 0.881937 0.471367 0
    outer loop
      vertex -12.5277 -1.68893 3.24
      vertex -12.8086 -1.16336 0.2
      vertex -12.8086 -1.16336 3.24
    endloop
  endfacet
  facet normal 0.881937 0.471367 0
    outer loop
      vertex -12.8086 -1.16336 0.2
      vertex -12.5277 -1.68893 3.24
      vertex -12.5277 -1.68893 0.2
    endloop
  endfacet
  facet normal 0.471442 0.881897 -0
    outer loop
      vertex -11.1634 -2.80859 0.2
      vertex -11.6889 -2.52767 3.24
      vertex -11.1634 -2.80859 3.24
    endloop
  endfacet
  facet normal 0.471442 0.881897 0
    outer loop
      vertex -11.6889 -2.52767 3.24
      vertex -11.1634 -2.80859 0.2
      vertex -11.6889 -2.52767 0.2
    endloop
  endfacet
  facet normal 0 0 -1
    outer loop
      vertex -7.01841 -0.593074 3.24
      vertex -7.01841 0.593074 3.24
      vertex -6.96 0 3.24
    endloop
  endfacet
  facet normal 0 0 -1
    outer loop
      vertex -7.19141 -1.16336 3.24
      vertex -7.01841 0.593074 3.24
      vertex -7.01841 -0.593074 3.24
    endloop
  endfacet
  facet normal 0 0 -1
    outer loop
      vertex -7.19141 -1.16336 3.24
      vertex -7.19141 1.16336 3.24
      vertex -7.01841 0.593074 3.24
    endloop
  endfacet
  facet normal 0 0 -1
    outer loop
      vertex -7.47233 -1.68893 3.24
      vertex -7.19141 1.16336 3.24
      vertex -7.19141 -1.16336 3.24
    endloop
  endfacet
  facet normal 0 0 -1
    outer loop
      vertex -7.47233 -1.68893 3.24
      vertex -7.47233 1.68893 3.24
      vertex -7.19141 1.16336 3.24
    endloop
  endfacet
  facet normal 0 0 -1
    outer loop
      vertex -7.8504 -2.1496 3.24
      vertex -7.47233 1.68893 3.24
      vertex -7.47233 -1.68893 3.24
    endloop
  endfacet
  facet normal 0 0 -1
    outer loop
      vertex -7.8504 -2.1496 3.24
      vertex -7.8504 2.1496 3.24
      vertex -7.47233 1.68893 3.24
    endloop
  endfacet
  facet normal 0 0 -1
    outer loop
      vertex -8.31107 -2.52767 3.24
      vertex -7.8504 2.1496 3.24
      vertex -7.8504 -2.1496 3.24
    endloop
  endfacet
  facet normal 0 0 -1
    outer loop
      vertex -8.31107 -2.52767 3.24
      vertex -8.31107 2.52767 3.24
      vertex -7.8504 2.1496 3.24
    endloop
  endfacet
  facet normal 0 0 -1
    outer loop
      vertex -8.83664 -2.80859 3.24
      vertex -8.31107 2.52767 3.24
      vertex -8.31107 -2.52767 3.24
    endloop
  endfacet
  facet normal 0 0 -1
    outer loop
      vertex -8.83664 -2.80859 3.24
      vertex -8.83664 2.80859 3.24
      vertex -8.31107 2.52767 3.24
    endloop
  endfacet
  facet normal 0 0 -1
    outer loop
      vertex -9.40693 -2.98159 3.24
      vertex -8.83664 2.80859 3.24
      vertex -8.83664 -2.80859 3.24
    endloop
  endfacet
  facet normal 0 0 -1
    outer loop
      vertex -9.40693 -2.98159 3.24
      vertex -9.40693 2.98159 3.24
      vertex -8.83664 2.80859 3.24
    endloop
  endfacet
  facet normal 0 0 -1
    outer loop
      vertex -10 -3.04 3.24
      vertex -9.40693 2.98159 3.24
      vertex -9.40693 -2.98159 3.24
    endloop
  endfacet
  facet normal 0 0 -1
    outer loop
      vertex -10 -3.04 3.24
      vertex -10 3.04 3.24
      vertex -9.40693 2.98159 3.24
    endloop
  endfacet
  facet normal 0 0 -1
    outer loop
      vertex -10.5931 -2.98159 3.24
      vertex -10 3.04 3.24
      vertex -10 -3.04 3.24
    endloop
  endfacet
  facet normal 0 0 -1
    outer loop
      vertex -10.5931 -2.98159 3.24
      vertex -10.5931 2.98159 3.24
      vertex -10 3.04 3.24
    endloop
  endfacet
  facet normal 0 0 -1
    outer loop
      vertex -11.1634 -2.80859 3.24
      vertex -10.5931 2.98159 3.24
      vertex -10.5931 -2.98159 3.24
    endloop
  endfacet
  facet normal 0 0 -1
    outer loop
      vertex -11.1634 -2.80859 3.24
      vertex -11.1634 2.80859 3.24
      vertex -10.5931 2.98159 3.24
    endloop
  endfacet
  facet normal 0 0 -1
    outer loop
      vertex -11.6889 -2.52767 3.24
      vertex -11.1634 2.80859 3.24
      vertex -11.1634 -2.80859 3.24
    endloop
  endfacet
  facet normal 0 0 -1
    outer loop
      vertex -11.6889 -2.52767 3.24
      vertex -11.6889 2.52767 3.24
      vertex -11.1634 2.80859 3.24
    endloop
  endfacet
  facet normal 0 0 -1
    outer loop
      vertex -12.1496 -2.1496 3.24
      vertex -11.6889 2.52767 3.24
      vertex -11.6889 -2.52767 3.24
    endloop
  endfacet
  facet normal 0 0 -1
    outer loop
      vertex -12.1496 -2.1496 3.24
      vertex -12.1496 2.1496 3.24
      vertex -11.6889 2.52767 3.24
    endloop
  endfacet
  facet normal 0 0 -1
    outer loop
      vertex -12.5277 -1.68893 3.24
      vertex -12.1496 2.1496 3.24
      vertex -12.1496 -2.1496 3.24
    endloop
  endfacet
  facet normal 0 0 -1
    outer loop
      vertex -12.5277 -1.68893 3.24
      vertex -12.5277 1.68893 3.24
      vertex -12.1496 2.1496 3.24
    endloop
  endfacet
  facet normal 0 0 -1
    outer loop
      vertex -12.8086 -1.16336 3.24
      vertex -12.5277 1.68893 3.24
      vertex -12.5277 -1.68893 3.24
    endloop
  endfacet
  facet normal 0 0 -1
    outer loop
      vertex -12.8086 -1.16336 3.24
      vertex -12.8086 1.16336 3.24
      vertex -12.5277 1.68893 3.24
    endloop
  endfacet
  facet normal 0 0 -1
    outer loop
      vertex -12.9816 -0.593074 3.24
      vertex -12.8086 1.16336 3.24
      vertex -12.8086 -1.16336 3.24
    endloop
  endfacet
  facet normal 0 0 -1
    outer loop
      vertex -12.9816 -0.593074 3.24
      vertex -12.9816 0.593074 3.24
      vertex -12.8086 1.16336 3.24
    endloop
  endfacet
  facet normal 0 -0 -1
    outer loop
      vertex -12.9816 0.593074 3.24
      vertex -12.9816 -0.593074 3.24
      vertex -13.04 0 3.24
    endloop
  endfacet
  facet normal -0.290291 -0.956938 0
    outer loop
      vertex -9.40693 2.98159 0.2
      vertex -8.83664 2.80859 3.24
      vertex -9.40693 2.98159 3.24
    endloop
  endfacet
  facet normal -0.290291 -0.956938 -0
    outer loop
      vertex -8.83664 2.80859 3.24
      vertex -9.40693 2.98159 0.2
      vertex -8.83664 2.80859 0.2
    endloop
  endfacet
  facet normal 0.956938 -0.290293 0
    outer loop
      vertex -12.9816 0.593074 3.24
      vertex -12.8086 1.16336 0.2
      vertex -12.8086 1.16336 3.24
    endloop
  endfacet
  facet normal 0.956938 -0.290293 0
    outer loop
      vertex -12.8086 1.16336 0.2
      vertex -12.9816 0.593074 3.24
      vertex -12.9816 0.593074 0.2
    endloop
  endfacet
  facet normal -0.634401 0.773004 0
    outer loop
      vertex -7.8504 -2.1496 0.2
      vertex -8.31107 -2.52767 3.24
      vertex -7.8504 -2.1496 3.24
    endloop
  endfacet
  facet normal -0.634401 0.773004 0
    outer loop
      vertex -8.31107 -2.52767 3.24
      vertex -7.8504 -2.1496 0.2
      vertex -8.31107 -2.52767 0.2
    endloop
  endfacet
  facet normal -0.773004 0.634401 0
    outer loop
      vertex -7.8504 -2.1496 0.2
      vertex -7.47233 -1.68893 3.24
      vertex -7.47233 -1.68893 0.2
    endloop
  endfacet
  facet normal -0.773004 0.634401 0
    outer loop
      vertex -7.47233 -1.68893 3.24
      vertex -7.8504 -2.1496 0.2
      vertex -7.8504 -2.1496 3.24
    endloop
  endfacet
  facet normal 0.881923 -0.471393 0
    outer loop
      vertex 7.19141 1.16336 3.24
      vertex 7.47233 1.68893 0.2
      vertex 7.47233 1.68893 3.24
    endloop
  endfacet
  facet normal 0.881923 -0.471393 0
    outer loop
      vertex 7.47233 1.68893 0.2
      vertex 7.19141 1.16336 3.24
      vertex 7.19141 1.16336 0.2
    endloop
  endfacet
  facet normal 0.995185 -0.0980127 0
    outer loop
      vertex 6.96 0 3.24
      vertex 7.01841 0.593074 0.2
      vertex 7.01841 0.593074 3.24
    endloop
  endfacet
  facet normal 0.995185 -0.0980127 0
    outer loop
      vertex 7.01841 0.593074 0.2
      vertex 6.96 0 3.24
      vertex 6.96 0 0.2
    endloop
  endfacet
  facet normal -0.956938 -0.290293 0
    outer loop
      vertex 12.9816 0.593074 0.2
      vertex 12.8086 1.16336 3.24
      vertex 12.8086 1.16336 0.2
    endloop
  endfacet
  facet normal -0.956938 -0.290293 0
    outer loop
      vertex 12.8086 1.16336 3.24
      vertex 12.9816 0.593074 0.2
      vertex 12.9816 0.593074 3.24
    endloop
  endfacet
  facet normal -0.290287 0.95694 0
    outer loop
      vertex 11.1634 -2.80859 0.2
      vertex 10.5931 -2.98159 3.24
      vertex 11.1634 -2.80859 3.24
    endloop
  endfacet
  facet normal -0.290287 0.95694 0
    outer loop
      vertex 10.5931 -2.98159 3.24
      vertex 11.1634 -2.80859 0.2
      vertex 10.5931 -2.98159 0.2
    endloop
  endfacet
  facet normal -0.0980084 -0.995186 0
    outer loop
      vertex 10 3.04 0.2
      vertex 10.5931 2.98159 3.24
      vertex 10 3.04 3.24
    endloop
  endfacet
  facet normal -0.0980084 -0.995186 -0
    outer loop
      vertex 10.5931 2.98159 3.24
      vertex 10 3.04 0.2
      vertex 10.5931 2.98159 0.2
    endloop
  endfacet
  facet normal -0.995187 0.097996 0
    outer loop
      vertex 12.9816 -0.593074 0.2
      vertex 13.04 0 3.24
      vertex 13.04 0 0.2
    endloop
  endfacet
  facet normal -0.995187 0.097996 0
    outer loop
      vertex 13.04 0 3.24
      vertex 12.9816 -0.593074 0.2
      vertex 12.9816 -0.593074 3.24
    endloop
  endfacet
  facet normal -0.881937 0.471367 0
    outer loop
      vertex 12.5277 -1.68893 0.2
      vertex 12.8086 -1.16336 3.24
      vertex 12.8086 -1.16336 0.2
    endloop
  endfacet
  facet normal -0.881937 0.471367 0
    outer loop
      vertex 12.8086 -1.16336 3.24
      vertex 12.5277 -1.68893 0.2
      vertex 12.5277 -1.68893 3.24
    endloop
  endfacet
  facet normal -0.0980084 0.995186 0
    outer loop
      vertex 10.5931 -2.98159 0.2
      vertex 10 -3.04 3.24
      vertex 10.5931 -2.98159 3.24
    endloop
  endfacet
  facet normal -0.0980084 0.995186 0
    outer loop
      vertex 10 -3.04 3.24
      vertex 10.5931 -2.98159 0.2
      vertex 10 -3.04 0.2
    endloop
  endfacet
  facet normal 0.290291 0.956938 -0
    outer loop
      vertex 9.40693 -2.98159 0.2
      vertex 8.83664 -2.80859 3.24
      vertex 9.40693 -2.98159 3.24
    endloop
  endfacet
  facet normal 0.290291 0.956938 0
    outer loop
      vertex 8.83664 -2.80859 3.24
      vertex 9.40693 -2.98159 0.2
      vertex 8.83664 -2.80859 0.2
    endloop
  endfacet
  facet normal -0.995187 -0.097996 0
    outer loop
      vertex 13.04 0 0.2
      vertex 12.9816 0.593074 3.24
      vertex 12.9816 0.593074 0.2
    endloop
  endfacet
  facet normal -0.995187 -0.097996 0
    outer loop
      vertex 12.9816 0.593074 3.24
      vertex 13.04 0 0.2
      vertex 13.04 0 3.24
    endloop
  endfacet
  facet normal 0.773004 0.634401 0
    outer loop
      vertex 7.8504 -2.1496 3.24
      vertex 7.47233 -1.68893 0.2
      vertex 7.47233 -1.68893 3.24
    endloop
  endfacet
  facet normal 0.773004 0.634401 0
    outer loop
      vertex 7.47233 -1.68893 0.2
      vertex 7.8504 -2.1496 3.24
      vertex 7.8504 -2.1496 0.2
    endloop
  endfacet
  facet normal -0.881937 -0.471367 0
    outer loop
      vertex 12.8086 1.16336 0.2
      vertex 12.5277 1.68893 3.24
      vertex 12.5277 1.68893 0.2
    endloop
  endfacet
  facet normal -0.881937 -0.471367 0
    outer loop
      vertex 12.5277 1.68893 3.24
      vertex 12.8086 1.16336 0.2
      vertex 12.8086 1.16336 3.24
    endloop
  endfacet
  facet normal 0.0980133 0.995185 -0
    outer loop
      vertex 10 -3.04 0.2
      vertex 9.40693 -2.98159 3.24
      vertex 10 -3.04 3.24
    endloop
  endfacet
  facet normal 0.0980133 0.995185 0
    outer loop
      vertex 9.40693 -2.98159 3.24
      vertex 10 -3.04 0.2
      vertex 9.40693 -2.98159 0.2
    endloop
  endfacet
  facet normal -0.471442 -0.881897 0
    outer loop
      vertex 11.1634 2.80859 0.2
      vertex 11.6889 2.52767 3.24
      vertex 11.1634 2.80859 3.24
    endloop
  endfacet
  facet normal -0.471442 -0.881897 -0
    outer loop
      vertex 11.6889 2.52767 3.24
      vertex 11.1634 2.80859 0.2
      vertex 11.6889 2.52767 0.2
    endloop
  endfacet
  facet normal -0.956938 0.290293 0
    outer loop
      vertex 12.8086 -1.16336 0.2
      vertex 12.9816 -0.593074 3.24
      vertex 12.9816 -0.593074 0.2
    endloop
  endfacet
  facet normal -0.956938 0.290293 0
    outer loop
      vertex 12.9816 -0.593074 3.24
      vertex 12.8086 -1.16336 0.2
      vertex 12.8086 -1.16336 3.24
    endloop
  endfacet
  facet normal 0.634401 0.773004 -0
    outer loop
      vertex 8.31107 -2.52767 0.2
      vertex 7.8504 -2.1496 3.24
      vertex 8.31107 -2.52767 3.24
    endloop
  endfacet
  facet normal 0.634401 0.773004 0
    outer loop
      vertex 7.8504 -2.1496 3.24
      vertex 8.31107 -2.52767 0.2
      vertex 7.8504 -2.1496 0.2
    endloop
  endfacet
  facet normal 0.290291 -0.956938 0
    outer loop
      vertex 8.83664 2.80859 0.2
      vertex 9.40693 2.98159 3.24
      vertex 8.83664 2.80859 3.24
    endloop
  endfacet
  facet normal 0.290291 -0.956938 0
    outer loop
      vertex 9.40693 2.98159 3.24
      vertex 8.83664 2.80859 0.2
      vertex 9.40693 2.98159 0.2
    endloop
  endfacet
  facet normal 0.0980133 -0.995185 0
    outer loop
      vertex 9.40693 2.98159 0.2
      vertex 10 3.04 3.24
      vertex 9.40693 2.98159 3.24
    endloop
  endfacet
  facet normal 0.0980133 -0.995185 0
    outer loop
      vertex 10 3.04 3.24
      vertex 9.40693 2.98159 0.2
      vertex 10 3.04 0.2
    endloop
  endfacet
  facet normal -0.634377 -0.773024 0
    outer loop
      vertex 11.6889 2.52767 0.2
      vertex 12.1496 2.1496 3.24
      vertex 11.6889 2.52767 3.24
    endloop
  endfacet
  facet normal -0.634377 -0.773024 -0
    outer loop
      vertex 12.1496 2.1496 3.24
      vertex 11.6889 2.52767 0.2
      vertex 12.1496 2.1496 0.2
    endloop
  endfacet
  facet normal 0.773004 -0.634401 0
    outer loop
      vertex 7.47233 1.68893 3.24
      vertex 7.8504 2.1496 0.2
      vertex 7.8504 2.1496 3.24
    endloop
  endfacet
  facet normal 0.773004 -0.634401 0
    outer loop
      vertex 7.8504 2.1496 0.2
      vertex 7.47233 1.68893 3.24
      vertex 7.47233 1.68893 0.2
    endloop
  endfacet
  facet normal 0.956938 0.290293 0
    outer loop
      vertex 7.19141 -1.16336 3.24
      vertex 7.01841 -0.593074 0.2
      vertex 7.01841 -0.593074 3.24
    endloop
  endfacet
  facet normal 0.956938 0.290293 0
    outer loop
      vertex 7.01841 -0.593074 0.2
      vertex 7.19141 -1.16336 3.24
      vertex 7.19141 -1.16336 0.2
    endloop
  endfacet
  facet normal 0.634401 -0.773004 0
    outer loop
      vertex 7.8504 2.1496 0.2
      vertex 8.31107 2.52767 3.24
      vertex 7.8504 2.1496 3.24
    endloop
  endfacet
  facet normal 0.634401 -0.773004 0
    outer loop
      vertex 8.31107 2.52767 3.24
      vertex 7.8504 2.1496 0.2
      vertex 8.31107 2.52767 0.2
    endloop
  endfacet
  facet normal -0.772979 -0.634431 0
    outer loop
      vertex 12.5277 1.68893 0.2
      vertex 12.1496 2.1496 3.24
      vertex 12.1496 2.1496 0.2
    endloop
  endfacet
  facet normal -0.772979 -0.634431 0
    outer loop
      vertex 12.1496 2.1496 3.24
      vertex 12.5277 1.68893 0.2
      vertex 12.5277 1.68893 3.24
    endloop
  endfacet
  facet normal 0.995185 0.0980127 0
    outer loop
      vertex 7.01841 -0.593074 3.24
      vertex 6.96 0 0.2
      vertex 6.96 0 3.24
    endloop
  endfacet
  facet normal 0.995185 0.0980127 0
    outer loop
      vertex 6.96 0 0.2
      vertex 7.01841 -0.593074 3.24
      vertex 7.01841 -0.593074 0.2
    endloop
  endfacet
  facet normal 0.471393 -0.881923 0
    outer loop
      vertex 8.31107 2.52767 0.2
      vertex 8.83664 2.80859 3.24
      vertex 8.31107 2.52767 3.24
    endloop
  endfacet
  facet normal 0.471393 -0.881923 0
    outer loop
      vertex 8.83664 2.80859 3.24
      vertex 8.31107 2.52767 0.2
      vertex 8.83664 2.80859 0.2
    endloop
  endfacet
  facet normal -0.471442 0.881897 0
    outer loop
      vertex 11.6889 -2.52767 0.2
      vertex 11.1634 -2.80859 3.24
      vertex 11.6889 -2.52767 3.24
    endloop
  endfacet
  facet normal -0.471442 0.881897 0
    outer loop
      vertex 11.1634 -2.80859 3.24
      vertex 11.6889 -2.52767 0.2
      vertex 11.1634 -2.80859 0.2
    endloop
  endfacet
  facet normal 0 0 1
    outer loop
      vertex 12.9816 0.593074 0.2
      vertex 12.9816 -0.593074 0.2
      vertex 13.04 0 0.2
    endloop
  endfacet
  facet normal 0 0 1
    outer loop
      vertex 12.8086 1.16336 0.2
      vertex 12.9816 -0.593074 0.2
      vertex 12.9816 0.593074 0.2
    endloop
  endfacet
  facet normal 0 0 1
    outer loop
      vertex 12.8086 1.16336 0.2
      vertex 12.8086 -1.16336 0.2
      vertex 12.9816 -0.593074 0.2
    endloop
  endfacet
  facet normal 0 0 1
    outer loop
      vertex 12.5277 1.68893 0.2
      vertex 12.8086 -1.16336 0.2
      vertex 12.8086 1.16336 0.2
    endloop
  endfacet
  facet normal 0 0 1
    outer loop
      vertex 12.5277 1.68893 0.2
      vertex 12.5277 -1.68893 0.2
      vertex 12.8086 -1.16336 0.2
    endloop
  endfacet
  facet normal 0 0 1
    outer loop
      vertex 12.1496 2.1496 0.2
      vertex 12.5277 -1.68893 0.2
      vertex 12.5277 1.68893 0.2
    endloop
  endfacet
  facet normal 0 0 1
    outer loop
      vertex 12.1496 2.1496 0.2
      vertex 12.1496 -2.1496 0.2
      vertex 12.5277 -1.68893 0.2
    endloop
  endfacet
  facet normal 0 0 1
    outer loop
      vertex 11.6889 2.52767 0.2
      vertex 12.1496 -2.1496 0.2
      vertex 12.1496 2.1496 0.2
    endloop
  endfacet
  facet normal 0 0 1
    outer loop
      vertex 11.6889 2.52767 0.2
      vertex 11.6889 -2.52767 0.2
      vertex 12.1496 -2.1496 0.2
    endloop
  endfacet
  facet normal 0 0 1
    outer loop
      vertex 11.1634 2.80859 0.2
      vertex 11.6889 -2.52767 0.2
      vertex 11.6889 2.52767 0.2
    endloop
  endfacet
  facet normal 0 0 1
    outer loop
      vertex 11.1634 2.80859 0.2
      vertex 11.1634 -2.80859 0.2
      vertex 11.6889 -2.52767 0.2
    endloop
  endfacet
  facet normal 0 0 1
    outer loop
      vertex 10.5931 2.98159 0.2
      vertex 11.1634 -2.80859 0.2
      vertex 11.1634 2.80859 0.2
    endloop
  endfacet
  facet normal 0 0 1
    outer loop
      vertex 10.5931 2.98159 0.2
      vertex 10.5931 -2.98159 0.2
      vertex 11.1634 -2.80859 0.2
    endloop
  endfacet
  facet normal 0 0 1
    outer loop
      vertex 10 3.04 0.2
      vertex 10.5931 -2.98159 0.2
      vertex 10.5931 2.98159 0.2
    endloop
  endfacet
  facet normal 0 0 1
    outer loop
      vertex 10 3.04 0.2
      vertex 10 -3.04 0.2
      vertex 10.5931 -2.98159 0.2
    endloop
  endfacet
  facet normal -0 0 1
    outer loop
      vertex 9.40693 2.98159 0.2
      vertex 10 -3.04 0.2
      vertex 10 3.04 0.2
    endloop
  endfacet
  facet normal 0 0 1
    outer loop
      vertex 9.40693 2.98159 0.2
      vertex 9.40693 -2.98159 0.2
      vertex 10 -3.04 0.2
    endloop
  endfacet
  facet normal -0 0 1
    outer loop
      vertex 8.83664 2.80859 0.2
      vertex 9.40693 -2.98159 0.2
      vertex 9.40693 2.98159 0.2
    endloop
  endfacet
  facet normal 0 0 1
    outer loop
      vertex 8.83664 2.80859 0.2
      vertex 8.83664 -2.80859 0.2
      vertex 9.40693 -2.98159 0.2
    endloop
  endfacet
  facet normal -0 0 1
    outer loop
      vertex 8.31107 2.52767 0.2
      vertex 8.83664 -2.80859 0.2
      vertex 8.83664 2.80859 0.2
    endloop
  endfacet
  facet normal 0 0 1
    outer loop
      vertex 8.31107 2.52767 0.2
      vertex 8.31107 -2.52767 0.2
      vertex 8.83664 -2.80859 0.2
    endloop
  endfacet
  facet normal -0 0 1
    outer loop
      vertex 7.8504 2.1496 0.2
      vertex 8.31107 -2.52767 0.2
      vertex 8.31107 2.52767 0.2
    endloop
  endfacet
  facet normal 0 0 1
    outer loop
      vertex 7.8504 2.1496 0.2
      vertex 7.8504 -2.1496 0.2
      vertex 8.31107 -2.52767 0.2
    endloop
  endfacet
  facet normal -0 0 1
    outer loop
      vertex 7.47233 1.68893 0.2
      vertex 7.8504 -2.1496 0.2
      vertex 7.8504 2.1496 0.2
    endloop
  endfacet
  facet normal 0 0 1
    outer loop
      vertex 7.47233 1.68893 0.2
      vertex 7.47233 -1.68893 0.2
      vertex 7.8504 -2.1496 0.2
    endloop
  endfacet
  facet normal -0 0 1
    outer loop
      vertex 7.19141 1.16336 0.2
      vertex 7.47233 -1.68893 0.2
      vertex 7.47233 1.68893 0.2
    endloop
  endfacet
  facet normal 0 0 1
    outer loop
      vertex 7.19141 1.16336 0.2
      vertex 7.19141 -1.16336 0.2
      vertex 7.47233 -1.68893 0.2
    endloop
  endfacet
  facet normal -0 0 1
    outer loop
      vertex 7.01841 0.593074 0.2
      vertex 7.19141 -1.16336 0.2
      vertex 7.19141 1.16336 0.2
    endloop
  endfacet
  facet normal 0 0 1
    outer loop
      vertex 7.01841 0.593074 0.2
      vertex 7.01841 -0.593074 0.2
      vertex 7.19141 -1.16336 0.2
    endloop
  endfacet
  facet normal 0 -0 1
    outer loop
      vertex 7.01841 -0.593074 0.2
      vertex 7.01841 0.593074 0.2
      vertex 6.96 0 0.2
    endloop
  endfacet
  facet normal 0.881923 0.471393 0
    outer loop
      vertex 7.47233 -1.68893 3.24
      vertex 7.19141 -1.16336 0.2
      vertex 7.19141 -1.16336 3.24
    endloop
  endfacet
  facet normal 0.881923 0.471393 0
    outer loop
      vertex 7.19141 -1.16336 0.2
      vertex 7.47233 -1.68893 3.24
      vertex 7.47233 -1.68893 0.2
    endloop
  endfacet
  facet normal 0.471393 0.881923 -0
    outer loop
      vertex 8.83664 -2.80859 0.2
      vertex 8.31107 -2.52767 3.24
      vertex 8.83664 -2.80859 3.24
    endloop
  endfacet
  facet normal 0.471393 0.881923 0
    outer loop
      vertex 8.31107 -2.52767 3.24
      vertex 8.83664 -2.80859 0.2
      vertex 8.31107 -2.52767 0.2
    endloop
  endfacet
  facet normal 0 0 -1
    outer loop
      vertex 12.9816 -0.593074 3.24
      vertex 12.9816 0.593074 3.24
      vertex 13.04 0 3.24
    endloop
  endfacet
  facet normal 0 0 -1
    outer loop
      vertex 12.8086 -1.16336 3.24
      vertex 12.9816 0.593074 3.24
      vertex 12.9816 -0.593074 3.24
    endloop
  endfacet
  facet normal 0 0 -1
    outer loop
      vertex 12.8086 -1.16336 3.24
      vertex 12.8086 1.16336 3.24
      vertex 12.9816 0.593074 3.24
    endloop
  endfacet
  facet normal 0 0 -1
    outer loop
      vertex 12.5277 -1.68893 3.24
      vertex 12.8086 1.16336 3.24
      vertex 12.8086 -1.16336 3.24
    endloop
  endfacet
  facet normal 0 0 -1
    outer loop
      vertex 12.5277 -1.68893 3.24
      vertex 12.5277 1.68893 3.24
      vertex 12.8086 1.16336 3.24
    endloop
  endfacet
  facet normal 0 0 -1
    outer loop
      vertex 12.1496 -2.1496 3.24
      vertex 12.5277 1.68893 3.24
      vertex 12.5277 -1.68893 3.24
    endloop
  endfacet
  facet normal 0 0 -1
    outer loop
      vertex 12.1496 -2.1496 3.24
      vertex 12.1496 2.1496 3.24
      vertex 12.5277 1.68893 3.24
    endloop
  endfacet
  facet normal 0 0 -1
    outer loop
      vertex 11.6889 -2.52767 3.24
      vertex 12.1496 2.1496 3.24
      vertex 12.1496 -2.1496 3.24
    endloop
  endfacet
  facet normal 0 0 -1
    outer loop
      vertex 11.6889 -2.52767 3.24
      vertex 11.6889 2.52767 3.24
      vertex 12.1496 2.1496 3.24
    endloop
  endfacet
  facet normal 0 0 -1
    outer loop
      vertex 11.1634 -2.80859 3.24
      vertex 11.6889 2.52767 3.24
      vertex 11.6889 -2.52767 3.24
    endloop
  endfacet
  facet normal 0 0 -1
    outer loop
      vertex 11.1634 -2.80859 3.24
      vertex 11.1634 2.80859 3.24
      vertex 11.6889 2.52767 3.24
    endloop
  endfacet
  facet normal 0 0 -1
    outer loop
      vertex 10.5931 -2.98159 3.24
      vertex 11.1634 2.80859 3.24
      vertex 11.1634 -2.80859 3.24
    endloop
  endfacet
  facet normal 0 0 -1
    outer loop
      vertex 10.5931 -2.98159 3.24
      vertex 10.5931 2.98159 3.24
      vertex 11.1634 2.80859 3.24
    endloop
  endfacet
  facet normal 0 0 -1
    outer loop
      vertex 10 -3.04 3.24
      vertex 10.5931 2.98159 3.24
      vertex 10.5931 -2.98159 3.24
    endloop
  endfacet
  facet normal 0 0 -1
    outer loop
      vertex 10 -3.04 3.24
      vertex 10 3.04 3.24
      vertex 10.5931 2.98159 3.24
    endloop
  endfacet
  facet normal 0 0 -1
    outer loop
      vertex 9.40693 -2.98159 3.24
      vertex 10 3.04 3.24
      vertex 10 -3.04 3.24
    endloop
  endfacet
  facet normal 0 0 -1
    outer loop
      vertex 9.40693 -2.98159 3.24
      vertex 9.40693 2.98159 3.24
      vertex 10 3.04 3.24
    endloop
  endfacet
  facet normal 0 0 -1
    outer loop
      vertex 8.83664 -2.80859 3.24
      vertex 9.40693 2.98159 3.24
      vertex 9.40693 -2.98159 3.24
    endloop
  endfacet
  facet normal 0 0 -1
    outer loop
      vertex 8.83664 -2.80859 3.24
      vertex 8.83664 2.80859 3.24
      vertex 9.40693 2.98159 3.24
    endloop
  endfacet
  facet normal 0 0 -1
    outer loop
      vertex 8.31107 -2.52767 3.24
      vertex 8.83664 2.80859 3.24
      vertex 8.83664 -2.80859 3.24
    endloop
  endfacet
  facet normal 0 0 -1
    outer loop
      vertex 8.31107 -2.52767 3.24
      vertex 8.31107 2.52767 3.24
      vertex 8.83664 2.80859 3.24
    endloop
  endfacet
  facet normal 0 0 -1
    outer loop
      vertex 7.8504 -2.1496 3.24
      vertex 8.31107 2.52767 3.24
      vertex 8.31107 -2.52767 3.24
    endloop
  endfacet
  facet normal 0 0 -1
    outer loop
      vertex 7.8504 -2.1496 3.24
      vertex 7.8504 2.1496 3.24
      vertex 8.31107 2.52767 3.24
    endloop
  endfacet
  facet normal 0 0 -1
    outer loop
      vertex 7.47233 -1.68893 3.24
      vertex 7.8504 2.1496 3.24
      vertex 7.8504 -2.1496 3.24
    endloop
  endfacet
  facet normal 0 0 -1
    outer loop
      vertex 7.47233 -1.68893 3.24
      vertex 7.47233 1.68893 3.24
      vertex 7.8504 2.1496 3.24
    endloop
  endfacet
  facet normal 0 0 -1
    outer loop
      vertex 7.19141 -1.16336 3.24
      vertex 7.47233 1.68893 3.24
      vertex 7.47233 -1.68893 3.24
    endloop
  endfacet
  facet normal 0 0 -1
    outer loop
      vertex 7.19141 -1.16336 3.24
      vertex 7.19141 1.16336 3.24
      vertex 7.47233 1.68893 3.24
    endloop
  endfacet
  facet normal 0 0 -1
    outer loop
      vertex 7.01841 -0.593074 3.24
      vertex 7.19141 1.16336 3.24
      vertex 7.19141 -1.16336 3.24
    endloop
  endfacet
  facet normal 0 0 -1
    outer loop
      vertex 7.01841 -0.593074 3.24
      vertex 7.01841 0.593074 3.24
      vertex 7.19141 1.16336 3.24
    endloop
  endfacet
  facet normal 0 -0 -1
    outer loop
      vertex 7.01841 0.593074 3.24
      vertex 7.01841 -0.593074 3.24
      vertex 6.96 0 3.24
    endloop
  endfacet
  facet normal -0.290287 -0.95694 0
    outer loop
      vertex 10.5931 2.98159 0.2
      vertex 11.1634 2.80859 3.24
      vertex 10.5931 2.98159 3.24
    endloop
  endfacet
  facet normal -0.290287 -0.95694 -0
    outer loop
      vertex 11.1634 2.80859 3.24
      vertex 10.5931 2.98159 0.2
      vertex 11.1634 2.80859 0.2
    endloop
  endfacet
  facet normal 0.956938 -0.290293 0
    outer loop
      vertex 7.01841 0.593074 3.24
      vertex 7.19141 1.16336 0.2
      vertex 7.19141 1.16336 3.24
    endloop
  endfacet
  facet normal 0.956938 -0.290293 0
    outer loop
      vertex 7.19141 1.16336 0.2
      vertex 7.01841 0.593074 3.24
      vertex 7.01841 0.593074 0.2
    endloop
  endfacet
  facet normal -0.634377 0.773024 0
    outer loop
      vertex 12.1496 -2.1496 0.2
      vertex 11.6889 -2.52767 3.24
      vertex 12.1496 -2.1496 3.24
    endloop
  endfacet
  facet normal -0.634377 0.773024 0
    outer loop
      vertex 11.6889 -2.52767 3.24
      vertex 12.1496 -2.1496 0.2
      vertex 11.6889 -2.52767 0.2
    endloop
  endfacet
  facet normal -0.772979 0.634431 0
    outer loop
      vertex 12.1496 -2.1496 0.2
      vertex 12.5277 -1.68893 3.24
      vertex 12.5277 -1.68893 0.2
    endloop
  endfacet
  facet normal -0.772979 0.634431 0
    outer loop
      vertex 12.5277 -1.68893 3.24
      vertex 12.1496 -2.1496 0.2
      vertex 12.1496 -2.1496 3.24
    endloop
  endfacet
  facet normal 0.244979 0.307645 -0.919424
    outer loop
      vertex 31.5451 15.224 1.17128
      vertex 29.8347 16.586 1.17128
      vertex 30.3681 17.3606 1.57259
    endloop
  endfacet
  facet normal -0.613741 -0.597067 0.516559
    outer loop
      vertex -22.1244 -21.5389 8.56846
      vertex -22.2235 -22.3495 7.51378
      vertex -21.604 -22.9863 7.51378
    endloop
  endfacet
  facet normal 0.0113154 0.118385 -0.992903
    outer loop
      vertex 24.7408 13.2214 0.26164
      vertex 23.5638 15.3579 0.502965
      vertex 25.1478 15.2065 0.502965
    endloop
  endfacet
  facet normal 0.00127057 -0.00612841 -0.99998
    outer loop
      vertex 18.7803 -6.49616 0.0162239
      vertex 15.9372 -8.93972 0.0275869
      vertex 18.6861 -6.51569 0.0162239
    endloop
  endfacet
  facet normal -0.322013 -0.606621 -0.726855
    outer loop
      vertex -21.5535 -22.1259 3.07824
      vertex -26.1363 -18.7576 2.2974
      vertex -25.9621 -18.1476 1.71113
    endloop
  endfacet
  facet normal 0.307158 0.592275 0.744892
    outer loop
      vertex 30.64 17.7554 2.433
      vertex 28.2507 18.4587 2.85903
      vertex 30.3681 17.3606 2.85903
    endloop
  endfacet
  facet normal -0.935092 -0.0635361 0.348664
    outer loop
      vertex -29.6095 -12.6199 4.17674
      vertex -29.9532 -10.9769 3.55436
      vertex -29.8371 -12.6856 3.55436
    endloop
  endfacet
  facet normal -0.661461 0.285022 0.693709
    outer loop
      vertex -22.4418 -4.4935 9.51765
      vertex -28.3639 -6.66491 4.76301
      vertex -22.176 -5.8414 10.3249
    endloop
  endfacet
  facet normal 0.629262 0.196753 -0.751876
    outer loop
      vertex 35.5759 9.79843 1.57259
      vertex 34.8789 12.0276 1.57259
      vertex 35.3311 12.2094 1.99862
    endloop
  endfacet
  facet normal -0.0316545 0.85081 0.524519
    outer loop
      vertex -14.5652 17.7914 4.54471
      vertex -14.5652 17.3008 5.3405
      vertex -1.16154 18.0575 4.92198
    endloop
  endfacet
  facet normal 0.0687793 -0.0215018 -0.9974
    outer loop
      vertex 29.1377 5.24003 0.26164
      vertex 26.9962 6.10069 0.0954113
      vertex 27.2076 6.77691 0.0954113
    endloop
  endfacet
  facet normal -0.482952 0.391558 0.783224
    outer loop
      vertex -8.98943 12.2494 12.5281
      vertex -9.61293 12.4409 12.0479
      vertex -9.10999 12.1007 12.5281
    endloop
  endfacet
  facet normal 0.0931542 0.340879 0.93548
    outer loop
      vertex -8.11476 12.518 12.5281
      vertex 3.62645 10.5556 12.074
      vertex 4.64775 10.5556 11.9723
    endloop
  endfacet
  facet normal 0.0931783 0.341037 0.935421
    outer loop
      vertex -8.24004 11.8805 12.773
      vertex 3.62645 10.5556 12.074
      vertex -8.11476 12.518 12.5281
    endloop
  endfacet
  facet normal 0.093178 0.341035 0.935421
    outer loop
      vertex 3.62645 10.5556 12.074
      vertex -8.24004 11.8805 12.773
      vertex 3.62645 10.3337 12.1549
    endloop
  endfacet
  facet normal 0.0931565 0.340893 0.935475
    outer loop
      vertex 5.69595 10.3944 11.9267
      vertex 5.69595 10.064 12.0471
      vertex 19.8065 8.22469 11.3122
    endloop
  endfacet
  facet normal 0.0507997 -0.438909 -0.897095
    outer loop
      vertex 2.81756 -16.9553 1.45786
      vertex -20.9598 -19.4293 1.32184
      vertex 2.81756 -16.1949 1.08583
    endloop
  endfacet
  facet normal 0.000919425 -0.00815286 -0.999966
    outer loop
      vertex 15.9372 -8.93972 0.0275869
      vertex -20.9598 -13.1564 0.0280409
      vertex 2.81756 -8.24877 0.00989056
    endloop
  endfacet
  facet normal -0.0636512 -0.144664 -0.987431
    outer loop
      vertex -24.4721 -15.0458 0.382229
      vertex -25.0087 -14.8097 0.382229
      vertex -24.5881 -13.3372 0.139387
    endloop
  endfacet
  facet normal -0.51379 -0.499698 0.697367
    outer loop
      vertex -21.4802 -20.8766 9.51765
      vertex -22.1244 -21.5389 8.56846
      vertex -21.5535 -22.1259 8.56846
    endloop
  endfacet
  facet normal 0.000812479 -0.00763473 -0.999971
    outer loop
      vertex -20.9598 -13.1564 0.0280409
      vertex -23.914 -11.8396 0.0155869
      vertex 2.81756 -8.24877 0.00989056
    endloop
  endfacet
  facet normal 0.385342 0.0391114 -0.921944
    outer loop
      vertex 35.8112 7.48015 1.57259
      vertex 34.6342 9.61668 1.17128
      vertex 35.5759 9.79843 1.57259
    endloop
  endfacet
  facet normal 0.629319 0.19675 0.751829
    outer loop
      vertex 36.0559 9.89108 2.433
      vertex 35.3311 12.2094 2.433
      vertex 35.5759 9.79843 2.85903
    endloop
  endfacet
  facet normal 0.307156 0.592256 0.744908
    outer loop
      vertex 28.438 18.8974 2.433
      vertex 28.2507 18.4587 2.85903
      vertex 30.64 17.7554 2.433
    endloop
  endfacet
  facet normal 0.763505 0.645802 0
    outer loop
      vertex 34.1541 14.3459 2.433
      vertex 32.5701 16.2186 1.99862
      vertex 32.5701 16.2186 2.433
    endloop
  endfacet
  facet normal 0.763505 0.645802 0
    outer loop
      vertex 32.5701 16.2186 1.99862
      vertex 34.1541 14.3459 2.433
      vertex 34.1541 14.3459 1.99862
    endloop
  endfacet
  facet normal -0.028448 0.924924 0.379085
    outer loop
      vertex -1.16154 18.3581 4.18855
      vertex -1.16154 18.0575 4.92198
      vertex 23.5638 19.8381 2.433
    endloop
  endfacet
  facet normal -0.141731 0.126161 -0.981833
    outer loop
      vertex -14.9499 8.46447 0.178224
      vertex -15.19 10.6112 0.488729
      vertex -14.8837 10.9553 0.488729
    endloop
  endfacet
  facet normal 0.629262 0.196753 0.751876
    outer loop
      vertex 35.3311 12.2094 2.433
      vertex 34.8789 12.0276 2.85903
      vertex 35.5759 9.79843 2.85903
    endloop
  endfacet
  facet normal 0.164002 0.0512745 -0.985127
    outer loop
      vertex 33.2671 9.35284 0.810115
      vertex 31.5271 9.01703 0.502965
      vertex 32.7041 11.1536 0.810115
    endloop
  endfacet
  facet normal 0.0636698 0.666414 -0.742858
    outer loop
      vertex 26.0486 19.6007 1.99862
      vertex 23.5638 19.3632 1.57259
      vertex 23.5638 19.8381 1.99862
    endloop
  endfacet
  facet normal 0.0951078 0.995467 -0
    outer loop
      vertex 26.0486 19.6007 1.99862
      vertex 23.5638 19.8381 2.433
      vertex 26.0486 19.6007 2.433
    endloop
  endfacet
  facet normal 0.0951078 0.995467 0
    outer loop
      vertex 23.5638 19.8381 2.433
      vertex 26.0486 19.6007 1.99862
      vertex 23.5638 19.8381 1.99862
    endloop
  endfacet
  facet normal 0.0217074 -0.15135 -0.988242
    outer loop
      vertex 3.67933 -13.5622 0.466269
      vertex 2.81756 -13.6858 0.466269
      vertex 15.9372 -8.93972 0.0275869
    endloop
  endfacet
  facet normal 0.276736 -0.8565 0.435688
    outer loop
      vertex 18.1417 -14.2716 7.39222
      vertex 16.9086 -14.1422 8.42983
      vertex 17.0015 -14.64 7.39222
    endloop
  endfacet
  facet normal -0.474039 -0.114801 0.872988
    outer loop
      vertex -21.7927 -13.8962 11.396
      vertex -22.3123 -15.073 10.9591
      vertex -21.6681 -14.4107 11.396
    endloop
  endfacet
  facet normal -0.733507 -0.503858 0.456174
    outer loop
      vertex -22.1244 -21.5389 8.56846
      vertex -28.0202 -16.932 4.17674
      vertex -22.2235 -22.3495 7.51378
    endloop
  endfacet
  facet normal 0.159657 0.2005 -0.966597
    outer loop
      vertex 30.5595 14.2677 0.810115
      vertex 29.0603 15.4615 0.810115
      vertex 29.8347 16.586 1.17128
    endloop
  endfacet
  facet normal -0.0572272 -0.201678 -0.977779
    outer loop
      vertex -20.9598 -17.523 0.687613
      vertex -24.4721 -15.0458 0.382229
      vertex -20.9598 -15.405 0.250751
    endloop
  endfacet
  facet normal -0.335659 0.0227699 -0.941708
    outer loop
      vertex -26.7746 -10.9769 0.382229
      vertex -27.7637 -10.9769 0.73478
      vertex -26.7197 -10.1676 0.382229
    endloop
  endfacet
  facet normal -0.000964281 0.00962172 -0.999953
    outer loop
      vertex -1.16154 11.3079 0.0183678
      vertex -8.36776 11.8805 0.0308266
      vertex -8.3039 11.8869 0.0308266
    endloop
  endfacet
  facet normal -0.623357 -0.042318 -0.780791
    outer loop
      vertex -28.5148 -12.3041 1.18349
      vertex -29.2658 -10.9769 1.71113
      vertex -28.6049 -10.9769 1.18349
    endloop
  endfacet
  facet normal -0.788704 -0.0535456 0.612436
    outer loop
      vertex -29.2658 -10.9769 4.76301
      vertex -29.6095 -12.6199 4.17674
      vertex -29.163 -12.4911 4.76301
    endloop
  endfacet
  facet normal 0.339549 -0.0372776 0.939849
    outer loop
      vertex 22.1946 6.63094 10.8785
      vertex 20.9572 6.29439 11.3122
      vertex 22.1346 6.08442 10.8785
    endloop
  endfacet
  facet normal 0.506129 0.428103 0.748706
    outer loop
      vertex 34.1541 14.3459 2.433
      vertex 32.5701 16.2186 2.433
      vertex 33.7471 14.082 2.85903
    endloop
  endfacet
  facet normal 0.763503 -0.645804 0
    outer loop
      vertex 32.5701 -1.25827 2.433
      vertex 34.1541 0.614416 1.99862
      vertex 34.1541 0.614416 2.433
    endloop
  endfacet
  facet normal 0.763503 -0.645804 0
    outer loop
      vertex 34.1541 0.614416 1.99862
      vertex 32.5701 -1.25827 2.433
      vertex 32.5701 -1.25827 1.99862
    endloop
  endfacet
  facet normal 0.164294 0.0556318 0.984841
    outer loop
      vertex 20.8477 7.29109 11.3122
      vertex 19.6704 6.85384 11.5333
      vertex 19.7074 6.74457 11.5333
    endloop
  endfacet
  facet normal 0.522128 -0.148674 0.839809
    outer loop
      vertex 19.7677 -9.12668 10.1578
      vertex 19.5384 -9.93196 10.1578
      vertex 35.5759 5.16188 2.85903
    endloop
  endfacet
  facet normal 0.595076 -0.2828 0.752269
    outer loop
      vertex 34.8789 2.93269 2.85903
      vertex 19.5384 -9.93196 10.1578
      vertex 35.3311 2.75095 2.433
    endloop
  endfacet
  facet normal 0.0696255 -0.415657 0.906853
    outer loop
      vertex -9.89664 -12.5924 12.6092
      vertex -20.9598 -19.4293 10.3249
      vertex -9.67747 -14.1477 11.8795
    endloop
  endfacet
  facet normal 0.0377965 0.395381 -0.917739
    outer loop
      vertex 25.7658 18.2212 1.17128
      vertex 23.5638 18.4317 1.17128
      vertex 23.5638 19.3632 1.57259
    endloop
  endfacet
  facet normal 0.174042 -0.839892 -0.514092
    outer loop
      vertex 19.6427 -15.6202 3.03914
      vertex 18.6861 -15.4219 2.39132
      vertex 19.6059 -15.2313 2.39132
    endloop
  endfacet
  facet normal -0.248645 -0.744663 -0.619396
    outer loop
      vertex -20.9598 -23.2014 4.13292
      vertex -21.604 -22.9863 4.13292
      vertex -21.5535 -22.1259 3.07824
    endloop
  endfacet
  facet normal -0.724793 0.267101 -0.635085
    outer loop
      vertex -28.8584 -8.00676 1.71113
      vertex -29.279 -7.75411 2.2974
      vertex -28.3639 -6.66491 1.71113
    endloop
  endfacet
  facet normal 0.0953566 -0.48399 0.869862
    outer loop
      vertex 16.3999 -11.4177 10.7818
      vertex -20.9598 -21.0504 9.51765
      vertex 16.6019 -12.4994 10.1578
    endloop
  endfacet
  facet normal -0.915123 -0.191379 -0.354857
    outer loop
      vertex -29.4935 -14.3286 2.91978
      vertex -29.8371 -12.6856 2.91978
      vertex -29.6095 -12.6199 2.2974
    endloop
  endfacet
  facet normal -0.174888 0.062295 0.982616
    outer loop
      vertex -14.9342 4.40254 12.108
      vertex -13.1628 4.43059 12.4215
      vertex -13.2083 5.02055 12.376
    endloop
  endfacet
  facet normal -0.174874 0.062253 0.982621
    outer loop
      vertex -14.9342 4.40254 12.108
      vertex -13.2083 5.02055 12.376
      vertex -13.345 5.47943 12.3226
    endloop
  endfacet
  facet normal -0.176008 0.0614197 0.982471
    outer loop
      vertex -13.6642 5.86359 12.2414
      vertex -13.345 5.47943 12.3226
      vertex -13.5728 5.80719 12.2613
    endloop
  endfacet
  facet normal -0.174932 0.0623417 0.982605
    outer loop
      vertex -13.345 5.47943 12.3226
      vertex -13.6642 5.86359 12.2414
      vertex -14.9342 4.40254 12.108
    endloop
  endfacet
  facet normal -0.174888 0.062261 0.982618
    outer loop
      vertex -13.1628 4.43059 12.4215
      vertex -14.9342 4.40254 12.108
      vertex -13.1628 1.37515 12.6151
    endloop
  endfacet
  facet normal -0.174924 0.0622744 0.982611
    outer loop
      vertex -12.2853 7.44998 12.3863
      vertex -10.4776 7.34594 12.7147
      vertex -8.60633 11.6823 12.773
    endloop
  endfacet
  facet normal -0.174889 0.0627979 0.982583
    outer loop
      vertex -12.0656 7.33113 12.433
      vertex -10.4776 7.34594 12.7147
      vertex -12.2853 7.44998 12.3863
    endloop
  endfacet
  facet normal -0.1749 0.0522739 0.983198
    outer loop
      vertex -10.4776 7.34594 12.7147
      vertex -12.0656 7.33113 12.433
      vertex -10.4895 7.33998 12.7129
    endloop
  endfacet
  facet normal -0.174865 0.0620879 0.982633
    outer loop
      vertex -11.8656 7.18697 12.4777
      vertex -10.7042 7.19612 12.6838
      vertex -12.0656 7.33113 12.433
    endloop
  endfacet
  facet normal -0.174885 0.0623003 0.982616
    outer loop
      vertex -11.6878 7.01891 12.52
      vertex -10.8973 7.02667 12.6602
      vertex -11.8656 7.18697 12.4777
    endloop
  endfacet
  facet normal -0.174861 0.0625012 0.982607
    outer loop
      vertex -11.5322 6.82695 12.5599
      vertex -11.0686 6.83167 12.6421
      vertex -11.6878 7.01891 12.52
    endloop
  endfacet
  facet normal -0.174847 0.0621994 0.982629
    outer loop
      vertex -11.2184 6.6111 12.6294
      vertex -11.5322 6.82695 12.5599
      vertex -11.3988 6.6111 12.5973
    endloop
  endfacet
  facet normal -0.174861 0.0621788 0.982628
    outer loop
      vertex -11.0686 6.83167 12.6421
      vertex -11.5322 6.82695 12.5599
      vertex -11.2184 6.6111 12.6294
    endloop
  endfacet
  facet normal -0.174884 0.062423 0.982608
    outer loop
      vertex -10.8973 7.02667 12.6602
      vertex -11.6878 7.01891 12.52
      vertex -11.0686 6.83167 12.6421
    endloop
  endfacet
  facet normal -0.174864 0.0624176 0.982612
    outer loop
      vertex -10.7042 7.19612 12.6838
      vertex -11.8656 7.18697 12.4777
      vertex -10.8973 7.02667 12.6602
    endloop
  endfacet
  facet normal -0.174854 0.0621907 0.982628
    outer loop
      vertex -10.4895 7.33998 12.7129
      vertex -12.0656 7.33113 12.433
      vertex -10.7042 7.19612 12.6838
    endloop
  endfacet
  facet normal 0.625739 -0.344715 0.69973
    outer loop
      vertex 35.3311 2.75095 2.433
      vertex 19.8981 -11.1952 9.36366
      vertex 34.1541 0.614416 2.433
    endloop
  endfacet
  facet normal 0.310495 -0.155801 0.93772
    outer loop
      vertex 17.5192 -9.0409 11.2116
      vertex 17.3488 -9.38049 11.2116
      vertex 18.5819 -9.50989 10.7818
    endloop
  endfacet
  facet normal -0.6855 -0.046539 0.726583
    outer loop
      vertex -22.5552 -13.0857 10.9591
      vertex -29.2658 -10.9769 4.76301
      vertex -29.163 -12.4911 4.76301
    endloop
  endfacet
  facet normal 0.0615429 0.615885 0.785428
    outer loop
      vertex -7.99676 13.1186 12.0479
      vertex -8.3039 12.5369 12.5281
      vertex -8.11476 12.518 12.5281
    endloop
  endfacet
  facet normal 0.0107737 -0.0168788 -0.999799
    outer loop
      vertex 18.8709 -6.43833 0.0162239
      vertex 16.1617 -8.84069 0.0275869
      vertex 18.7803 -6.49616 0.0162239
    endloop
  endfacet
  facet normal 0.0621893 -0.308451 -0.949205
    outer loop
      vertex 18.6861 -13.5147 1.23188
      vertex 4.01558 -16.0231 1.08583
      vertex 18.6861 -12.0774 0.764819
    endloop
  endfacet
  facet normal -0.172809 -0.437818 -0.8823
    outer loop
      vertex -21.4802 -20.8766 2.12906
      vertex -24.8292 -17.6492 1.18349
      vertex -21.3869 -19.2867 1.32184
    endloop
  endfacet
  facet normal -0.000428924 8.95467e-05 -1
    outer loop
      vertex -13.7987 -0.704202 0.0119028
      vertex -24.4974 -10.8087 0.0155869
      vertex -24.4636 -10.6468 0.0155869
    endloop
  endfacet
  facet normal -0.296586 0.812939 -0.501166
    outer loop
      vertex -14.5652 17.3008 2.93752
      vertex -15.2118 17.0649 2.93752
      vertex -14.5652 17.7914 3.73332
    endloop
  endfacet
  facet normal 0.063925 -0.308417 -0.949101
    outer loop
      vertex 19.4291 -13.3607 1.23188
      vertex 18.6861 -13.5147 1.23188
      vertex 18.6861 -12.0774 0.764819
    endloop
  endfacet
  facet normal 0.0163036 0.0314329 -0.999373
    outer loop
      vertex 25.6279 10.4773 0.0954113
      vertex 24.2607 8.49218 0.0106697
      vertex 24.9855 10.8105 0.0954113
    endloop
  endfacet
  facet normal -0.427735 0.380637 -0.819853
    outer loop
      vertex -15.0875 14.7505 1.51325
      vertex -15.7341 15.477 2.18789
      vertex -15.1611 16.1209 2.18789
    endloop
  endfacet
  facet normal -0.296569 0.812935 0.501182
    outer loop
      vertex -14.5652 17.7914 4.54471
      vertex -15.2376 17.5461 4.54471
      vertex -15.2118 17.0649 5.3405
    endloop
  endfacet
  facet normal -0.732859 0.388739 0.55839
    outer loop
      vertex -15.8336 16.3662 5.3405
      vertex -28.7424 -6.29811 4.17674
      vertex -15.7341 15.477 6.09013
    endloop
  endfacet
  facet normal -0.423783 -0.356108 -0.832824
    outer loop
      vertex -26.8873 -17.4304 1.71113
      vertex -27.231 -15.7874 1.18349
      vertex -26.5201 -16.6334 1.18349
    endloop
  endfacet
  facet normal -0.098319 0.208586 -0.97305
    outer loop
      vertex -14.8837 10.9553 0.488729
      vertex -14.9938 13.0063 0.939512
      vertex -8.42917 11.8616 0.0308266
    endloop
  endfacet
  facet normal -0.191674 0.0706577 -0.978912
    outer loop
      vertex -25.3787 -9.55764 0.139387
      vertex -26.5569 -9.38935 0.382229
      vertex -26.2925 -8.67211 0.382229
    endloop
  endfacet
  facet normal 0.0628927 -0.438606 -0.896476
    outer loop
      vertex 4.11749 -16.7689 1.45786
      vertex 2.81756 -16.9553 1.45786
      vertex 2.81756 -16.1949 1.08583
    endloop
  endfacet
  facet normal 0.506129 0.428103 -0.748706
    outer loop
      vertex 33.7471 14.082 1.57259
      vertex 32.5701 16.2186 1.99862
      vertex 34.1541 14.3459 1.99862
    endloop
  endfacet
  facet normal 0.875882 0.482525 0
    outer loop
      vertex 35.3311 12.2094 2.433
      vertex 34.1541 14.3459 1.99862
      vertex 34.1541 14.3459 2.433
    endloop
  endfacet
  facet normal 0.875882 0.482525 0
    outer loop
      vertex 34.1541 14.3459 1.99862
      vertex 35.3311 12.2094 2.433
      vertex 35.3311 12.2094 1.99862
    endloop
  endfacet
  facet normal 0.326152 0.110348 0.938855
    outer loop
      vertex 21.9568 7.70297 10.8785
      vertex 20.9572 6.96748 11.3122
      vertex 22.1346 7.17745 10.8785
    endloop
  endfacet
  facet normal 0.578836 0.318881 0.750509
    outer loop
      vertex 34.1541 14.3459 2.433
      vertex 33.7471 14.082 2.85903
      vertex 35.3311 12.2094 2.433
    endloop
  endfacet
  facet normal 0.474175 -0.74271 -0.4728
    outer loop
      vertex 19.6427 -15.6202 3.03914
      vertex 19.6059 -15.2313 2.39132
      vertex 20.4904 -14.6666 2.39132
    endloop
  endfacet
  facet normal 0.754285 -0.656547 0
    outer loop
      vertex 21.4103 -14.0794 3.03914
      vertex 32.5701 -1.25827 2.433
      vertex 21.4103 -14.0794 3.69966
    endloop
  endfacet
  facet normal 0.754285 -0.656547 0
    outer loop
      vertex 32.5701 -1.25827 2.433
      vertex 21.4103 -14.0794 3.03914
      vertex 32.5701 -1.25827 1.99862
    endloop
  endfacet
  facet normal -0.218746 0.59958 -0.769841
    outer loop
      vertex -14.5652 16.3383 2.18789
      vertex -15.2118 17.0649 2.93752
      vertex -14.5652 17.3008 2.93752
    endloop
  endfacet
  facet normal 0.181875 0.350698 -0.918658
    outer loop
      vertex 30.3681 17.3606 1.57259
      vertex 27.8833 17.598 1.17128
      vertex 28.2507 18.4587 1.57259
    endloop
  endfacet
  facet normal -0.00316825 0.0316132 0.999495
    outer loop
      vertex -8.36776 11.8805 12.773
      vertex -8.79243 7.712 12.9035
      vertex -8.3039 11.8869 12.773
    endloop
  endfacet
  facet normal -0.00238755 0.0315338 0.9995
    outer loop
      vertex -8.79243 7.712 12.9035
      vertex -8.36776 11.8805 12.773
      vertex -8.84142 7.71463 12.9033
    endloop
  endfacet
  facet normal -0.00276242 0.0315892 0.999497
    outer loop
      vertex -9.04468 5.9269 12.9592
      vertex -10.5305 -7.14081 13.3681
      vertex -9.00424 5.90196 12.9601
    endloop
  endfacet
  facet normal 0.414342 0.520381 0.746675
    outer loop
      vertex 30.64 17.7554 2.433
      vertex 30.3681 17.3606 2.85903
      vertex 32.5701 16.2186 2.433
    endloop
  endfacet
  facet normal 0.414342 0.520381 -0.746675
    outer loop
      vertex 32.5701 16.2186 1.99862
      vertex 30.3681 17.3606 1.57259
      vertex 30.64 17.7554 1.99862
    endloop
  endfacet
  facet normal -0.706489 -0.390032 0.590549
    outer loop
      vertex -21.9806 -20.3622 9.51765
      vertex -22.4418 -19.5268 9.51765
      vertex -22.1244 -21.5389 8.56846
    endloop
  endfacet
  facet normal -0.0700032 -0.209745 0.975247
    outer loop
      vertex -10.9208 -10.8642 13.1118
      vertex -21.2771 -17.4171 10.9591
      vertex -20.9598 -17.523 10.9591
    endloop
  endfacet
  facet normal -0.470405 -0.0319345 -0.881872
    outer loop
      vertex -28.5148 -12.3041 1.18349
      vertex -28.6049 -10.9769 1.18349
      vertex -27.7637 -10.9769 0.73478
    endloop
  endfacet
  facet normal -0.474032 0.114811 0.87299
    outer loop
      vertex -21.6681 -9.60965 11.396
      vertex -22.3123 -8.94736 10.9591
      vertex -21.7927 -10.1241 11.396
    endloop
  endfacet
  facet normal -0.935075 0.0635169 0.348711
    outer loop
      vertex -29.6095 -9.33396 4.17674
      vertex -29.9532 -10.9769 3.55436
      vertex -29.7211 -10.9769 4.17674
    endloop
  endfacet
  facet normal -0.307046 -0.0274199 0.9513
    outer loop
      vertex -21.2915 -12.2338 11.6187
      vertex -21.9423 -12.6725 11.396
      vertex -21.2723 -12.4488 11.6187
    endloop
  endfacet
  facet normal -0.803025 0.454455 -0.385515
    outer loop
      vertex -28.0202 -5.02192 2.2974
      vertex -28.9354 -6.11112 2.91978
      vertex -28.1843 -4.78392 2.91978
    endloop
  endfacet
  facet normal -0.935076 -0.0635146 0.348711
    outer loop
      vertex -29.7211 -10.9769 4.17674
      vertex -29.9532 -10.9769 3.55436
      vertex -29.6095 -12.6199 4.17674
    endloop
  endfacet
  facet normal 0.480617 -0.752846 0.449701
    outer loop
      vertex 20.5625 -15.033 3.69966
      vertex 18.9278 -13.2511 8.42983
      vertex 19.6427 -15.6202 3.69966
    endloop
  endfacet
  facet normal -0.133087 -0.0895473 0.987051
    outer loop
      vertex -21.0892 -13.0692 11.6187
      vertex -21.3431 -15.1466 11.396
      vertex -11.0082 -8.76868 13.3681
    endloop
  endfacet
  facet normal -0.572899 0.0166714 0.819456
    outer loop
      vertex -22.5552 -10.9346 10.9591
      vertex -22.5865 -12.0102 10.9591
      vertex -21.9423 -11.3479 11.396
    endloop
  endfacet
  facet normal -0.318185 -0.00922416 0.947984
    outer loop
      vertex -21.298 -12.0102 11.6187
      vertex -21.9615 -12.0102 11.396
      vertex -21.9423 -12.6725 11.396
    endloop
  endfacet
  facet normal -0.381943 0.257579 0.887566
    outer loop
      vertex -9.10999 12.1007 12.5281
      vertex -13.0778 7.67886 12.1039
      vertex -13.0636 7.67614 12.1108
    endloop
  endfacet
  facet normal -0.377056 0.252863 0.891004
    outer loop
      vertex -13.0778 7.67886 12.1039
      vertex -9.10999 12.1007 12.5281
      vertex -13.0875 7.6799 12.0995
    endloop
  endfacet
  facet normal -0.378932 0.254684 0.889689
    outer loop
      vertex -15.1628 5.37321 11.8759
      vertex -14.5145 6.05238 11.9576
      vertex -14.5547 6.04916 11.9414
    endloop
  endfacet
  facet normal -0.379439 0.255213 0.889321
    outer loop
      vertex -14.5145 6.05238 11.9576
      vertex -15.1628 5.37321 11.8759
      vertex -15.2889 5.18573 11.8759
    endloop
  endfacet
  facet normal -0.571148 0.205392 0.794736
    outer loop
      vertex -22.176 -5.8414 10.3249
      vertex -22.5078 -6.76406 10.3249
      vertex -21.8635 -7.42636 10.9591
    endloop
  endfacet
  facet normal 0.241071 -0.0753716 -0.967576
    outer loop
      vertex 34.6342 5.34362 1.17128
      vertex 32.7041 3.80674 0.810115
      vertex 33.2671 5.60746 0.810115
    endloop
  endfacet
  facet normal 0.170922 0.0187915 0.985105
    outer loop
      vertex 20.9572 6.96748 11.3122
      vertex 19.7074 6.74457 11.5333
      vertex 20.9942 6.63094 11.3122
    endloop
  endfacet
  facet normal 0.106864 -0.613682 -0.782288
    outer loop
      vertex 18.6861 -15.4219 2.39132
      vertex 4.11749 -16.7689 1.45786
      vertex 18.6861 -14.644 1.78108
    endloop
  endfacet
  facet normal 0.483297 -0.452606 -0.749381
    outer loop
      vertex 32.5701 -1.25827 1.99862
      vertex 20.349 -13.9479 1.78108
      vertex 32.224 -0.922459 1.57259
    endloop
  endfacet
  facet normal 0.222112 0.122365 -0.967312
    outer loop
      vertex 33.9919 11.6711 1.17128
      vertex 32.7041 11.1536 0.810115
      vertex 32.9488 13.5645 1.17128
    endloop
  endfacet
  facet normal 0.110491 0.0345422 -0.993277
    outer loop
      vertex 29.481 8.62215 0.26164
      vertex 29.1377 9.72027 0.26164
      vertex 31.065 10.4948 0.502965
    endloop
  endfacet
  facet normal -0.0011758 0.00102039 -0.999999
    outer loop
      vertex -13.7493 -0.591267 0.0119028
      vertex -14.6951 6.18556 0.0199299
      vertex -13.7081 -0.543792 0.0119028
    endloop
  endfacet
  facet normal -0.000461896 0.00219557 -0.999997
    outer loop
      vertex 5.61 9.49952 0.0112629
      vertex -6.29663 8.45367 0.0144663
      vertex -1.24643 11.2931 0.0183678
    endloop
  endfacet
  facet normal -0.196556 0.118791 -0.97327
    outer loop
      vertex -14.9499 8.46447 0.178224
      vertex -25.9368 -8.04345 0.382229
      vertex -15.19 10.6112 0.488729
    endloop
  endfacet
  facet normal -0.102721 -0.314017 -0.943844
    outer loop
      vertex -20.9598 -19.4293 1.32184
      vertex -24.6651 -16.4527 0.73478
      vertex -20.9598 -17.523 0.687613
    endloop
  endfacet
  facet normal -0.915062 0.191428 -0.354987
    outer loop
      vertex -29.279 -7.75411 2.2974
      vertex -29.6095 -9.33396 2.2974
      vertex -29.4935 -7.62531 2.91978
    endloop
  endfacet
  facet normal -0.687206 0.611571 -0.392081
    outer loop
      vertex -15.2118 17.0649 2.93752
      vertex -15.8336 16.3662 2.93752
      vertex -15.2376 17.5461 3.73332
    endloop
  endfacet
  facet normal 0.00703746 0.0737102 -0.997255
    outer loop
      vertex 24.2886 11.0156 0.0954113
      vertex 23.5638 11.0848 0.0954113
      vertex 24.7408 13.2214 0.26164
    endloop
  endfacet
  facet normal 0.414325 0.520331 -0.74672
    outer loop
      vertex 32.224 15.8828 1.57259
      vertex 30.3681 17.3606 1.57259
      vertex 32.5701 16.2186 1.99862
    endloop
  endfacet
  facet normal 0.578856 -0.318887 -0.750491
    outer loop
      vertex 34.1541 0.614416 1.99862
      vertex 33.7471 0.878263 1.57259
      vertex 35.3311 2.75095 1.99862
    endloop
  endfacet
  facet normal -0.000163446 -0.000370109 -1
    outer loop
      vertex 2.68441 -8.22968 0.00989056
      vertex -24.1416 -11.7739 0.0155869
      vertex 2.55638 -8.17314 0.00989056
    endloop
  endfacet
  facet normal -0.0245399 0.308432 -0.95093
    outer loop
      vertex 23.5638 18.4317 1.17128
      vertex -1.16154 14.242 0.450428
      vertex -1.16154 15.5229 0.865885
    endloop
  endfacet
  facet normal 0.000171142 0.00456968 -0.99999
    outer loop
      vertex 5.61 9.49952 0.0112629
      vertex -1.16154 11.3079 0.0183678
      vertex 23.5638 8.69731 0.0106697
    endloop
  endfacet
  facet normal -0.103953 0.338796 0.935099
    outer loop
      vertex -8.49304 12.518 12.5281
      vertex -8.6749 12.4622 12.5281
      vertex -8.36776 11.8805 12.773
    endloop
  endfacet
  facet normal -0.678273 0.343206 0.649735
    outer loop
      vertex -17.8851 4.55178 9.77974
      vertex -28.7424 -6.29811 4.17674
      vertex -17.8851 3.78135 10.1867
    endloop
  endfacet
  facet normal -0.501537 0.446312 0.741125
    outer loop
      vertex -15.1611 16.1209 6.09013
      vertex -15.7341 15.477 6.09013
      vertex -9.41714 12.6824 12.0479
    endloop
  endfacet
  facet normal 0.18881 0.641467 -0.743553
    outer loop
      vertex 28.2507 18.4587 1.57259
      vertex 26.0486 19.6007 1.99862
      vertex 28.438 18.8974 1.99862
    endloop
  endfacet
  facet normal -0.303874 0.184136 -0.934748
    outer loop
      vertex -15.19 10.6112 0.488729
      vertex -26.6362 -7.02912 0.73478
      vertex -15.406 12.5431 0.939512
    endloop
  endfacet
  facet normal -0.0290319 0.924909 0.379079
    outer loop
      vertex -1.16154 18.3581 4.18855
      vertex -14.5652 17.7914 4.54471
      vertex -1.16154 18.0575 4.92198
    endloop
  endfacet
  facet normal -0.0820455 -0.046438 -0.995546
    outer loop
      vertex -25.1596 -12.7834 0.139387
      vertex -25.3787 -12.3963 0.139387
      vertex -24.4086 -11.4562 0.0155869
    endloop
  endfacet
  facet normal 0.0322209 -0.290075 -0.956461
    outer loop
      vertex 2.81756 -16.1949 1.08583
      vertex -20.9598 -17.523 0.687613
      vertex 2.81756 -15.0909 0.75101
    endloop
  endfacet
  facet normal 0.0232678 -0.201955 -0.979118
    outer loop
      vertex 2.81756 -15.0909 0.75101
      vertex -20.9598 -17.523 0.687613
      vertex -20.9598 -15.405 0.250751
    endloop
  endfacet
  facet normal 0.655127 0.06652 0.752585
    outer loop
      vertex 36.0559 9.89108 2.433
      vertex 35.5759 9.79843 2.85903
      vertex 36.3007 7.48015 2.433
    endloop
  endfacet
  facet normal 0.358867 -0.562099 -0.745157
    outer loop
      vertex 20.4904 -14.6666 2.39132
      vertex 19.6059 -15.2313 2.39132
      vertex 20.349 -13.9479 1.78108
    endloop
  endfacet
  facet normal 0.298769 0.252696 -0.920262
    outer loop
      vertex 33.7471 14.082 1.57259
      vertex 31.5451 15.224 1.17128
      vertex 32.224 15.8828 1.57259
    endloop
  endfacet
  facet normal 0.121468 -0.593151 0.795875
    outer loop
      vertex -20.9598 -21.0504 9.51765
      vertex -20.9598 -22.324 8.56846
      vertex 16.6019 -12.4994 10.1578
    endloop
  endfacet
  facet normal 0.673256 -0.598581 0.434082
    outer loop
      vertex 21.3056 -13.7497 4.34749
      vertex 19.7766 -12.509 8.42983
      vertex 20.4904 -14.6666 4.34749
    endloop
  endfacet
  facet normal -0.401182 0.142692 0.904816
    outer loop
      vertex -15.7862 4.20365 11.8201
      vertex -15.7876 4.1883 11.8219
      vertex -15.3923 4.95728 11.8759
    endloop
  endfacet
  facet normal -0.409723 0.147461 0.900212
    outer loop
      vertex -21.8635 -7.42636 10.9591
      vertex -17.8851 0.107726 11.5357
      vertex -17.8851 0.187088 11.5227
    endloop
  endfacet
  facet normal -0.409025 0.147063 0.900595
    outer loop
      vertex -17.8851 0.107726 11.5357
      vertex -21.8635 -7.42636 10.9591
      vertex -22.11 -8.11195 10.9591
    endloop
  endfacet
  facet normal 0.0935754 0.343949 0.934314
    outer loop
      vertex 4.77755 10.5556 11.9593
      vertex -8.11476 12.518 12.5281
      vertex 4.64775 10.5556 11.9723
    endloop
  endfacet
  facet normal 0.0936894 0.344791 0.933992
    outer loop
      vertex 5.69595 10.3944 11.9267
      vertex 19.4455 8.32286 11.3122
      vertex 5.69595 10.4158 11.9188
    endloop
  endfacet
  facet normal 0.0936191 0.344265 0.934193
    outer loop
      vertex 19.4455 8.32286 11.3122
      vertex 5.69595 10.3944 11.9267
      vertex 19.8065 8.22469 11.3122
    endloop
  endfacet
  facet normal 0.0838022 0.66313 0.743799
    outer loop
      vertex 26.0486 19.6007 2.433
      vertex -7.99676 13.1186 12.0479
      vertex 25.9532 19.1349 2.85903
    endloop
  endfacet
  facet normal 0.323428 -0.567906 0.756887
    outer loop
      vertex 18.0543 -11.8585 10.1578
      vertex 17.6947 -13.1217 9.36366
      vertex 18.5435 -12.6383 9.36366
    endloop
  endfacet
  facet normal 0.199079 -0.876492 0.438326
    outer loop
      vertex 16.9086 -14.1422 8.42983
      vertex -20.9598 -23.2014 7.51378
      vertex 17.0015 -14.64 7.39222
    endloop
  endfacet
  facet normal 0.310498 -0.155781 0.937722
    outer loop
      vertex 18.5819 -9.50989 10.7818
      vertex 17.3488 -9.38049 11.2116
      vertex 18.3052 -10.0614 10.7818
    endloop
  endfacet
  facet normal -0.248468 -0.744651 -0.619483
    outer loop
      vertex -20.9598 -23.2014 4.13292
      vertex -21.5535 -22.1259 3.07824
      vertex -20.9598 -22.324 3.07824
    endloop
  endfacet
  facet normal -0.248645 -0.744663 0.619396
    outer loop
      vertex -21.5535 -22.1259 8.56846
      vertex -21.604 -22.9863 7.51378
      vertex -20.9598 -23.2014 7.51378
    endloop
  endfacet
  facet normal 0.0284731 -0.198531 -0.979681
    outer loop
      vertex 3.86763 -14.9403 0.75101
      vertex 2.81756 -15.0909 0.75101
      vertex 2.81756 -13.6858 0.466269
    endloop
  endfacet
  facet normal -0.724611 -0.63528 0.267131
    outer loop
      vertex -22.2235 -22.3495 7.51378
      vertex -27.2692 -18.2592 3.55436
      vertex -22.274 -22.7627 6.39414
    endloop
  endfacet
  facet normal 0.0246411 0.257917 -0.965853
    outer loop
      vertex 25.4939 16.8948 0.810115
      vertex 23.5638 17.0792 0.810115
      vertex 23.5638 18.4317 1.17128
    endloop
  endfacet
  facet normal 0.307158 0.592275 -0.744892
    outer loop
      vertex 30.3681 17.3606 1.57259
      vertex 28.2507 18.4587 1.57259
      vertex 30.64 17.7554 1.99862
    endloop
  endfacet
  facet normal 0.0636727 0.666402 -0.742869
    outer loop
      vertex 25.9532 19.1349 1.57259
      vertex 23.5638 19.3632 1.57259
      vertex 26.0486 19.6007 1.99862
    endloop
  endfacet
  facet normal 0.0377739 0.395344 -0.917756
    outer loop
      vertex 25.7658 18.2212 1.17128
      vertex 23.5638 19.3632 1.57259
      vertex 25.9532 19.1349 1.57259
    endloop
  endfacet
  facet normal -0.00353655 0.829595 0.558355
    outer loop
      vertex -1.16154 18.0575 4.92198
      vertex -8.3039 13.7003 11.3506
      vertex 23.5638 19.8381 2.433
    endloop
  endfacet
  facet normal -0.0295261 0.929464 0.367728
    outer loop
      vertex 23.5638 19.8381 2.433
      vertex -14.5652 17.7914 4.54471
      vertex -1.16154 18.3581 4.18855
    endloop
  endfacet
  facet normal 0.0669912 0.701178 0.709832
    outer loop
      vertex 23.5638 19.8381 2.433
      vertex -8.3039 13.1492 12.0479
      vertex 26.0486 19.6007 2.433
    endloop
  endfacet
  facet normal 0.258867 0.499158 0.82694
    outer loop
      vertex 28.2507 18.4587 2.85903
      vertex 21.4062 9.76557 10.249
      vertex 30.3681 17.3606 2.85903
    endloop
  endfacet
  facet normal -0.572855 0.016607 0.819488
    outer loop
      vertex -21.9423 -11.3479 11.396
      vertex -22.5865 -12.0102 10.9591
      vertex -21.9615 -12.0102 11.396
    endloop
  endfacet
  facet normal -0.402749 -0.144804 0.903784
    outer loop
      vertex -21.5163 -14.8328 11.396
      vertex -22.11 -15.9084 10.9591
      vertex -21.8635 -16.594 10.9591
    endloop
  endfacet
  facet normal -0.915064 -0.191423 0.354986
    outer loop
      vertex -29.279 -14.1998 4.17674
      vertex -29.6095 -12.6199 4.17674
      vertex -29.4935 -14.3286 3.55436
    endloop
  endfacet
  facet normal -0.248468 -0.744651 0.619483
    outer loop
      vertex -20.9598 -22.324 8.56846
      vertex -21.5535 -22.1259 8.56846
      vertex -20.9598 -23.2014 7.51378
    endloop
  endfacet
  facet normal 0.326145 0.110358 0.938856
    outer loop
      vertex 21.9568 7.70297 10.8785
      vertex 20.8477 7.29109 11.3122
      vertex 20.9572 6.96748 11.3122
    endloop
  endfacet
  facet normal -0.513735 -0.499753 0.697368
    outer loop
      vertex -21.9806 -20.3622 9.51765
      vertex -22.1244 -21.5389 8.56846
      vertex -21.4802 -20.8766 9.51765
    endloop
  endfacet
  facet normal -0.590314 -0.325895 0.738459
    outer loop
      vertex -21.7976 -18.8645 10.3249
      vertex -22.4418 -19.5268 9.51765
      vertex -21.9806 -20.3622 9.51765
    endloop
  endfacet
  facet normal -0.111295 0.30514 -0.945782
    outer loop
      vertex -14.5652 13.1627 0.939512
      vertex -15.0875 14.7505 1.51325
      vertex -14.5652 14.941 1.51325
    endloop
  endfacet
  facet normal -0.788704 0.0535477 -0.612437
    outer loop
      vertex -29.2658 -10.9769 1.71113
      vertex -29.6095 -9.33396 2.2974
      vertex -29.163 -9.46276 1.71113
    endloop
  endfacet
  facet normal -5.75226e-05 -0.00018718 -1
    outer loop
      vertex 2.68441 -8.22968 0.00989056
      vertex -1.53573 2.39104 0.00814533
      vertex -1.37996 2.34317 0.00814533
    endloop
  endfacet
  facet normal -0.788704 -0.0535456 -0.612436
    outer loop
      vertex -29.163 -12.4911 1.71113
      vertex -29.6095 -12.6199 2.2974
      vertex -29.2658 -10.9769 1.71113
    endloop
  endfacet
  facet normal -0.767889 -0.160645 -0.620113
    outer loop
      vertex -28.8584 -13.9471 1.71113
      vertex -29.6095 -12.6199 2.2974
      vertex -29.163 -12.4911 1.71113
    endloop
  endfacet
  facet normal -0.788667 -0.0535698 -0.612482
    outer loop
      vertex -29.6095 -12.6199 2.2974
      vertex -29.7211 -10.9769 2.2974
      vertex -29.2658 -10.9769 1.71113
    endloop
  endfacet
  facet normal -0.340485 0.629146 0.698745
    outer loop
      vertex -8.90638 13.0279 12.0479
      vertex -15.2118 17.0649 5.3405
      vertex -9.17856 12.8806 12.0479
    endloop
  endfacet
  facet normal -0.188189 0.055595 0.980558
    outer loop
      vertex -14.9342 4.40254 12.108
      vertex -14.9602 4.31453 12.108
      vertex -14.3505 1.39047 12.3908
    endloop
  endfacet
  facet normal -0.788704 0.0535477 0.612437
    outer loop
      vertex -29.163 -9.46276 4.76301
      vertex -29.6095 -9.33396 4.17674
      vertex -29.2658 -10.9769 4.76301
    endloop
  endfacet
  facet normal -0.650631 -0.157536 0.742874
    outer loop
      vertex -22.3123 -15.073 10.9591
      vertex -22.78 -16.132 10.3249
      vertex -22.5078 -17.2562 10.3249
    endloop
  endfacet
  facet normal 0.0759567 -0.268562 0.960263
    outer loop
      vertex 16.1755 -10.2157 11.2116
      vertex -10.1402 -10.8642 13.1118
      vertex -9.89664 -12.5924 12.6092
    endloop
  endfacet
  facet normal -0.298904 -0.290763 0.908908
    outer loop
      vertex -21.2771 -17.4171 10.9591
      vertex -21.7976 -18.8645 10.3249
      vertex -21.3869 -19.2867 10.3249
    endloop
  endfacet
  facet normal 0.0731561 -0.125278 0.989421
    outer loop
      vertex 16.1617 -8.84069 11.4307
      vertex -10.2719 -8.97539 13.3681
      vertex -9.76484 -10.7035 13.1118
    endloop
  endfacet
  facet normal -0.304387 0.183824 0.934643
    outer loop
      vertex -9.10999 12.1007 12.5281
      vertex -12.7916 7.62388 12.2096
      vertex -8.57608 11.7396 12.773
    endloop
  endfacet
  facet normal -0.302656 0.182341 0.935495
    outer loop
      vertex -9.10999 12.1007 12.5281
      vertex -12.7945 7.62471 12.2085
      vertex -12.7916 7.62388 12.2096
    endloop
  endfacet
  facet normal -0.304248 0.183707 0.934711
    outer loop
      vertex -12.7945 7.62471 12.2085
      vertex -9.10999 12.1007 12.5281
      vertex -13.0636 7.67614 12.1108
    endloop
  endfacet
  facet normal -0.304047 0.183558 0.934806
    outer loop
      vertex -14.5145 6.05238 11.9576
      vertex -15.2889 5.18573 11.8759
      vertex -14.3911 6.06224 11.9958
    endloop
  endfacet
  facet normal -0.872697 0.321658 -0.367337
    outer loop
      vertex -29.279 -7.75411 2.2974
      vertex -29.4935 -7.62531 2.91978
      vertex -28.9354 -6.11112 2.91978
    endloop
  endfacet
  facet normal -0.788667 0.0535718 0.612482
    outer loop
      vertex -29.6095 -9.33396 4.17674
      vertex -29.7211 -10.9769 4.17674
      vertex -29.2658 -10.9769 4.76301
    endloop
  endfacet
  facet normal 0.298777 -0.252714 -0.920254
    outer loop
      vertex 33.7471 0.878263 1.57259
      vertex 31.5451 -0.263739 1.17128
      vertex 32.9488 1.39582 1.17128
    endloop
  endfacet
  facet normal 0.667582 -0.613775 -0.421444
    outer loop
      vertex 20.5625 -15.033 3.03914
      vertex 20.4904 -14.6666 2.39132
      vertex 32.5701 -1.25827 1.99862
    endloop
  endfacet
  facet normal 0.109985 -0.701804 -0.703829
    outer loop
      vertex 18.6861 -15.4219 2.39132
      vertex -20.9598 -22.324 3.07824
      vertex 4.11749 -16.7689 1.45786
    endloop
  endfacet
  facet normal -0.201569 -0.458231 -0.865676
    outer loop
      vertex -24.9581 -18.5893 1.71113
      vertex -25.7092 -17.2621 1.18349
      vertex -24.8292 -17.6492 1.18349
    endloop
  endfacet
  facet normal 0.0415872 -0.28997 -0.956132
    outer loop
      vertex 4.01558 -16.0231 1.08583
      vertex 2.81756 -15.0909 0.75101
      vertex 3.86763 -14.9403 0.75101
    endloop
  endfacet
  facet normal 0.0628966 -0.438599 -0.896479
    outer loop
      vertex 4.11749 -16.7689 1.45786
      vertex 2.81756 -16.1949 1.08583
      vertex 4.01558 -16.0231 1.08583
    endloop
  endfacet
  facet normal -3.62527e-05 3.1672e-06 -1
    outer loop
      vertex 17.4662 1.60996 0.00743294
      vertex -2.04833 3.16818 0.00814533
      vertex 17.4716 1.67177 0.00743294
    endloop
  endfacet
  facet normal 0.000986454 -0.00688037 -0.999976
    outer loop
      vertex 15.9372 -8.93972 0.0275869
      vertex 2.81756 -8.24877 0.00989056
      vertex 2.95071 -8.22968 0.00989056
    endloop
  endfacet
  facet normal 0.0335032 0.113837 -0.992934
    outer loop
      vertex 25.8726 12.8883 0.26164
      vertex 24.7408 13.2214 0.26164
      vertex 26.6709 14.7583 0.502965
    endloop
  endfacet
  facet normal 0.0715265 -0.00726539 -0.997412
    outer loop
      vertex 29.481 6.33815 0.26164
      vertex 27.279 7.48015 0.0954113
      vertex 29.597 7.48015 0.26164
    endloop
  endfacet
  facet normal -0.0026167 0.00484004 -0.999985
    outer loop
      vertex -8.42917 11.8616 0.0308266
      vertex -14.6314 6.25712 0.0199299
      vertex -8.48577 11.831 0.0308266
    endloop
  endfacet
  facet normal -0.0690435 0.061443 -0.99572
    outer loop
      vertex -14.6314 6.25712 0.0199299
      vertex -14.9499 8.46447 0.178224
      vertex -14.7613 8.6764 0.178224
    endloop
  endfacet
  facet normal -0.222314 0.197892 -0.954681
    outer loop
      vertex -14.8837 10.9553 0.488729
      vertex -15.19 10.6112 0.488729
      vertex -14.9938 13.0063 0.939512
    endloop
  endfacet
  facet normal -0.168369 0.0952901 -0.981107
    outer loop
      vertex -25.3787 -9.55764 0.139387
      vertex -25.9368 -8.04345 0.382229
      vertex -25.1596 -9.17051 0.139387
    endloop
  endfacet
  facet normal -0.0600064 0.334102 -0.940625
    outer loop
      vertex -8.36776 11.8805 0.0308266
      vertex -14.5652 14.941 1.51325
      vertex -1.71099 15.4271 0.865885
    endloop
  endfacet
  facet normal 0.00343894 0.0360194 -0.999345
    outer loop
      vertex 24.2886 11.0156 0.0954113
      vertex -1.16154 11.3079 0.0183678
      vertex 23.5638 11.0848 0.0954113
    endloop
  endfacet
  facet normal -0.505038 0.285808 -0.814402
    outer loop
      vertex -27.231 -6.16651 1.18349
      vertex -27.8144 -7.19741 1.18349
      vertex -27.6983 -5.48876 1.71113
    endloop
  endfacet
  facet normal -0.29657 0.812938 -0.501177
    outer loop
      vertex -15.2118 17.0649 2.93752
      vertex -15.2376 17.5461 3.73332
      vertex -14.5652 17.7914 3.73332
    endloop
  endfacet
  facet normal 0.298783 0.252728 -0.920249
    outer loop
      vertex 32.9488 13.5645 1.17128
      vertex 31.5451 15.224 1.17128
      vertex 33.7471 14.082 1.57259
    endloop
  endfacet
  facet normal 0.50618 0.428122 -0.748661
    outer loop
      vertex 33.7471 14.082 1.57259
      vertex 32.224 15.8828 1.57259
      vertex 32.5701 16.2186 1.99862
    endloop
  endfacet
  facet normal 0.101823 0.0560917 -0.99322
    outer loop
      vertex 29.1377 9.72027 0.26164
      vertex 28.5802 10.7323 0.26164
      vertex 31.065 10.4948 0.502965
    endloop
  endfacet
  facet normal 0.101823 0.0560926 -0.99322
    outer loop
      vertex 31.065 10.4948 0.502965
      vertex 28.5802 10.7323 0.26164
      vertex 30.3147 11.8568 0.502965
    endloop
  endfacet
  facet normal 0.25074 0.0254551 -0.96772
    outer loop
      vertex 34.8511 7.48015 1.17128
      vertex 33.4572 7.48015 0.810115
      vertex 34.6342 9.61668 1.17128
    endloop
  endfacet
  facet normal 0.298777 -0.252714 -0.920254
    outer loop
      vertex 32.224 -0.922459 1.57259
      vertex 31.5451 -0.263739 1.17128
      vertex 33.7471 0.878263 1.57259
    endloop
  endfacet
  facet normal 0.194621 0.16461 -0.966968
    outer loop
      vertex 31.7898 12.8131 0.810115
      vertex 30.5595 14.2677 0.810115
      vertex 31.5451 15.224 1.17128
    endloop
  endfacet
  facet normal 0.181875 0.350702 -0.918656
    outer loop
      vertex 29.8347 16.586 1.17128
      vertex 27.8833 17.598 1.17128
      vertex 30.3681 17.3606 1.57259
    endloop
  endfacet
  facet normal 0.0633859 0.0349176 -0.997378
    outer loop
      vertex 29.1377 9.72027 0.26164
      vertex 26.6529 9.48281 0.0954113
      vertex 28.5802 10.7323 0.26164
    endloop
  endfacet
  facet normal -0.0500898 -0.0646225 -0.996652
    outer loop
      vertex -24.5881 -13.3372 0.139387
      vertex -24.8927 -13.1011 0.139387
      vertex -24.2445 -11.6942 0.0155869
    endloop
  endfacet
  facet normal -0.0155479 0.257964 -0.966029
    outer loop
      vertex 23.5638 17.0792 0.810115
      vertex -1.16154 14.242 0.450428
      vertex 23.5638 18.4317 1.17128
    endloop
  endfacet
  facet normal 0.0167806 0.175641 -0.984311
    outer loop
      vertex 25.4939 16.8948 0.810115
      vertex 23.5638 15.3579 0.502965
      vertex 23.5638 17.0792 0.810115
    endloop
  endfacet
  facet normal -0.646142 0.294325 0.704183
    outer loop
      vertex -22.4418 -4.4935 9.51765
      vertex -17.8851 1.85336 11.046
      vertex -17.8851 2.45269 10.7955
    endloop
  endfacet
  facet normal -0.646137 0.29432 0.704189
    outer loop
      vertex -17.8851 1.85336 11.046
      vertex -22.4418 -4.4935 9.51765
      vertex -22.176 -5.8414 10.3249
    endloop
  endfacet
  facet normal -0.650634 0.157528 0.742873
    outer loop
      vertex -22.5078 -6.76406 10.3249
      vertex -22.78 -7.88832 10.3249
      vertex -22.3123 -8.94736 10.9591
    endloop
  endfacet
  facet normal -0.251794 0.0609845 0.965858
    outer loop
      vertex -21.6681 -9.60965 11.396
      vertex -21.7927 -10.1241 11.396
      vertex -21.241 -11.3733 11.6187
    endloop
  endfacet
  facet normal -0.295094 0.545273 0.7846
    outer loop
      vertex -8.90638 13.0279 12.0479
      vertex -9.17856 12.8806 12.0479
      vertex -8.84251 12.3715 12.5281
    endloop
  endfacet
  facet normal -0.522869 0.411121 0.746718
    outer loop
      vertex -15.7341 15.477 6.09013
      vertex -14.011 7.70576 11.5753
      vertex -9.61293 12.4409 12.0479
    endloop
  endfacet
  facet normal -0.522675 0.411221 0.746799
    outer loop
      vertex -14.011 7.70576 11.5753
      vertex -15.7341 15.477 6.09013
      vertex -14.2189 7.67996 11.444
    endloop
  endfacet
  facet normal -0.522919 0.411101 0.746694
    outer loop
      vertex -14.2189 7.67996 11.444
      vertex -15.7341 15.477 6.09013
      vertex -14.4703 7.62718 11.297
    endloop
  endfacet
  facet normal -0.522805 0.411153 0.746745
    outer loop
      vertex -14.4703 7.62718 11.297
      vertex -15.7341 15.477 6.09013
      vertex -14.7178 7.5533 11.1644
    endloop
  endfacet
  facet normal -0.522781 0.411164 0.746756
    outer loop
      vertex -14.7178 7.5533 11.1644
      vertex -15.7341 15.477 6.09013
      vertex -14.9615 7.4583 11.0461
    endloop
  endfacet
  facet normal -0.523059 0.411054 0.746622
    outer loop
      vertex -14.9615 7.4583 11.0461
      vertex -15.7341 15.477 6.09013
      vertex -15.1928 7.33998 10.9492
    endloop
  endfacet
  facet normal -0.522865 0.411125 0.746719
    outer loop
      vertex -15.1928 7.33998 10.9492
      vertex -15.7341 15.477 6.09013
      vertex -15.4036 7.19612 10.8808
    endloop
  endfacet
  facet normal -0.522172 0.411359 0.747075
    outer loop
      vertex -15.4036 7.19612 10.8808
      vertex -15.7341 15.477 6.09013
      vertex -15.4807 7.12749 10.8647
    endloop
  endfacet
  facet normal -0.664472 0.357887 0.656044
    outer loop
      vertex -15.9816 6.6111 10.676
      vertex -15.6648 6.94522 10.8146
      vertex -15.7341 15.477 6.09013
    endloop
  endfacet
  facet normal -0.665092 0.358983 0.654816
    outer loop
      vertex -15.6648 6.94522 10.8146
      vertex -15.9816 6.6111 10.676
      vertex -15.7636 6.83167 10.7765
    endloop
  endfacet
  facet normal -0.664847 0.358511 0.655322
    outer loop
      vertex -15.7636 6.83167 10.7765
      vertex -15.9816 6.6111 10.676
      vertex -15.9128 6.6111 10.7458
    endloop
  endfacet
  facet normal -0.681906 0.350973 0.641734
    outer loop
      vertex -17.8851 7.5833 8.12176
      vertex -28.7424 -6.29811 4.17674
      vertex -17.8851 4.55178 9.77974
    endloop
  endfacet
  facet normal -0.681912 0.350981 0.641723
    outer loop
      vertex -28.7424 -6.29811 4.17674
      vertex -17.8851 7.5833 8.12176
      vertex -15.7341 15.477 6.09013
    endloop
  endfacet
  facet normal -0.681902 0.350981 0.641734
    outer loop
      vertex -16.3017 7.5833 9.80427
      vertex -15.7341 15.477 6.09013
      vertex -17.8851 7.5833 8.12176
    endloop
  endfacet
  facet normal -0.680489 0.352138 0.642599
    outer loop
      vertex -15.9816 6.6111 10.676
      vertex -16.3017 7.5833 9.80427
      vertex -16.024 6.6111 10.6311
    endloop
  endfacet
  facet normal -0.681793 0.351018 0.641829
    outer loop
      vertex -16.3017 7.5833 9.80427
      vertex -15.9816 6.6111 10.676
      vertex -15.7341 15.477 6.09013
    endloop
  endfacet
  facet normal 0.0223998 0.784357 0.619905
    outer loop
      vertex -8.3039 13.7003 11.3506
      vertex -8.3039 13.1492 12.0479
      vertex 23.5638 19.8381 2.433
    endloop
  endfacet
  facet normal -0.0308183 0.842956 0.5371
    outer loop
      vertex -1.16154 18.0575 4.92198
      vertex -14.5652 17.3008 5.3405
      vertex -8.3039 13.7003 11.3506
    endloop
  endfacet
  facet normal -0.810609 0.441969 0.384157
    outer loop
      vertex -15.8336 16.3662 5.3405
      vertex -28.9354 -6.11112 3.55436
      vertex -28.7424 -6.29811 4.17674
    endloop
  endfacet
  facet normal -0.795866 0.465075 -0.387688
    outer loop
      vertex -28.0202 -5.02192 2.2974
      vertex -28.1843 -4.78392 2.91978
      vertex -15.8336 16.3662 2.93752
    endloop
  endfacet
  facet normal -0.218743 0.599581 -0.76984
    outer loop
      vertex -15.1611 16.1209 2.18789
      vertex -15.2118 17.0649 2.93752
      vertex -14.5652 16.3383 2.18789
    endloop
  endfacet
  facet normal -0.0600486 0.590301 -0.804946
    outer loop
      vertex 21.1745 19.1349 1.57259
      vertex -14.5652 16.3383 2.18789
      vertex -1.16154 17.468 2.01644
    endloop
  endfacet
  facet normal 0.0910085 -0.634681 -0.767396
    outer loop
      vertex 4.11749 -16.7689 1.45786
      vertex -20.9598 -22.324 3.07824
      vertex 2.81756 -16.9553 1.45786
    endloop
  endfacet
  facet normal 0.0514315 -0.445152 -0.893977
    outer loop
      vertex 2.81756 -16.9553 1.45786
      vertex -20.9598 -21.0504 2.12906
      vertex -20.9598 -19.4293 1.32184
    endloop
  endfacet
  facet normal -0.197792 -0.459007 -0.866136
    outer loop
      vertex -21.4802 -20.8766 2.12906
      vertex -24.9581 -18.5893 1.71113
      vertex -24.8292 -17.6492 1.18349
    endloop
  endfacet
  facet normal -0.147244 -0.440883 -0.885404
    outer loop
      vertex -20.9598 -21.0504 2.12906
      vertex -21.4802 -20.8766 2.12906
      vertex -20.9598 -19.4293 1.32184
    endloop
  endfacet
  facet normal 0.17113 -0.138289 -0.975495
    outer loop
      vertex 31.7898 2.14719 0.810115
      vertex 19.9765 -9.56352 0.397855
      vertex 24.1621 -3.88565 0.327223
    endloop
  endfacet
  facet normal -0.0449121 -0.134392 -0.98991
    outer loop
      vertex -21.1552 -15.3397 0.250751
      vertex -24.2577 -13.4826 0.139387
      vertex -20.9598 -15.405 0.250751
    endloop
  endfacet
  facet normal 0.341153 -0.187949 -0.921026
    outer loop
      vertex 33.7471 0.878263 1.57259
      vertex 32.9488 1.39582 1.17128
      vertex 33.9919 3.28919 1.17128
    endloop
  endfacet
  facet normal 0.629318 -0.196753 -0.751829
    outer loop
      vertex 36.0559 5.06923 1.99862
      vertex 35.3311 2.75095 1.99862
      vertex 35.5759 5.16188 1.57259
    endloop
  endfacet
  facet normal 0.655127 -0.0665202 -0.752585
    outer loop
      vertex 36.0559 5.06923 1.99862
      vertex 35.5759 5.16188 1.57259
      vertex 36.3007 7.48015 1.99862
    endloop
  endfacet
  facet normal 0.341163 0.187951 -0.921022
    outer loop
      vertex 33.9919 11.6711 1.17128
      vertex 32.9488 13.5645 1.17128
      vertex 33.7471 14.082 1.57259
    endloop
  endfacet
  facet normal 0.370402 0.115814 -0.921623
    outer loop
      vertex 35.5759 9.79843 1.57259
      vertex 34.6342 9.61668 1.17128
      vertex 34.8789 12.0276 1.57259
    endloop
  endfacet
  facet normal 0.4845 0.15149 0.861574
    outer loop
      vertex 34.8789 12.0276 2.85903
      vertex 22.1346 7.17745 10.8785
      vertex 35.5759 9.79843 2.85903
    endloop
  endfacet
  facet normal 0.448285 0.250262 0.858143
    outer loop
      vertex 33.7471 14.082 2.85903
      vertex 21.9568 7.70297 10.8785
      vertex 22.9549 8.07365 10.249
    endloop
  endfacet
  facet normal 0.50618 0.428122 0.748661
    outer loop
      vertex 32.5701 16.2186 2.433
      vertex 32.224 15.8828 2.85903
      vertex 33.7471 14.082 2.85903
    endloop
  endfacet
  facet normal 0.509739 -0.0517375 0.858772
    outer loop
      vertex 35.8112 7.48015 2.85903
      vertex 23.2749 6.63094 10.249
      vertex 35.5759 5.16188 2.85903
    endloop
  endfacet
  facet normal 0.655058 -0.0664871 0.752648
    outer loop
      vertex 35.8112 7.48015 2.85903
      vertex 35.5759 5.16188 2.85903
      vertex 36.3007 7.48015 2.433
    endloop
  endfacet
  facet normal 0.414325 0.520331 0.74672
    outer loop
      vertex 32.5701 16.2186 2.433
      vertex 30.3681 17.3606 2.85903
      vertex 32.224 15.8828 2.85903
    endloop
  endfacet
  facet normal 0.24413 0.509308 0.825231
    outer loop
      vertex 28.2507 18.4587 2.85903
      vertex 20.6793 10.114 10.249
      vertex 21.4062 9.76557 10.249
    endloop
  endfacet
  facet normal 0.132643 0.121268 0.983717
    outer loop
      vertex 20.4307 7.85074 11.3122
      vertex 19.5296 7.04282 11.5333
      vertex 19.6103 6.95455 11.5333
    endloop
  endfacet
  facet normal -0.0615429 0.615885 0.785428
    outer loop
      vertex -8.3039 12.5369 12.5281
      vertex -8.61104 13.1186 12.0479
      vertex -8.49304 12.518 12.5281
    endloop
  endfacet
  facet normal -0.557238 -0.0498448 0.828855
    outer loop
      vertex -21.9423 -12.6725 11.396
      vertex -22.5552 -13.0857 10.9591
      vertex -22.4627 -14.1198 10.9591
    endloop
  endfacet
  facet normal -0.0558647 -0.130423 0.989883
    outer loop
      vertex -10.789 -8.97539 13.3681
      vertex -10.9208 -10.8642 13.1118
      vertex -10.6623 -9.02966 13.3681
    endloop
  endfacet
  facet normal 0.506166 -0.428129 -0.748667
    outer loop
      vertex 32.5701 -1.25827 1.99862
      vertex 32.224 -0.922459 1.57259
      vertex 33.7471 0.878263 1.57259
    endloop
  endfacet
  facet normal 0.458486 -0.230065 0.858406
    outer loop
      vertex 19.5384 -9.93196 10.1578
      vertex 18.5819 -9.50989 10.7818
      vertex 19.166 -10.6741 10.1578
    endloop
  endfacet
  facet normal -0.675465 -0.737392 0
    outer loop
      vertex -27.2692 -18.2592 3.55436
      vertex -21.6298 -23.425 5.25256
      vertex -21.6298 -23.425 6.39414
    endloop
  endfacet
  facet normal -0.675465 -0.737392 0
    outer loop
      vertex -21.6298 -23.425 5.25256
      vertex -27.2692 -18.2592 3.55436
      vertex -27.2692 -18.2592 2.91978
    endloop
  endfacet
  facet normal -0.509965 -0.738231 -0.441532
    outer loop
      vertex -21.604 -22.9863 4.13292
      vertex -26.2251 -19.0685 2.91978
      vertex -26.1363 -18.7576 2.2974
    endloop
  endfacet
  facet normal 0.204219 -0.900042 0.384992
    outer loop
      vertex 17.0015 -14.64 7.39222
      vertex -20.9598 -23.2014 7.51378
      vertex 19.6427 -15.6202 3.69966
    endloop
  endfacet
  facet normal 0.277982 -0.860355 0.427217
    outer loop
      vertex 18.1417 -14.2716 7.39222
      vertex 17.0015 -14.64 7.39222
      vertex 19.6427 -15.6202 3.69966
    endloop
  endfacet
  facet normal 0.538096 -0.842883 0
    outer loop
      vertex 19.6427 -15.6202 3.03914
      vertex 20.5625 -15.033 3.69966
      vertex 19.6427 -15.6202 3.69966
    endloop
  endfacet
  facet normal 0.538096 -0.842883 0
    outer loop
      vertex 20.5625 -15.033 3.69966
      vertex 19.6427 -15.6202 3.03914
      vertex 20.5625 -15.033 3.03914
    endloop
  endfacet
  facet normal 0.307156 0.592256 -0.744908
    outer loop
      vertex 30.64 17.7554 1.99862
      vertex 28.2507 18.4587 1.57259
      vertex 28.438 18.8974 1.99862
    endloop
  endfacet
  facet normal 0.188787 0.641434 -0.743587
    outer loop
      vertex 28.2507 18.4587 1.57259
      vertex 25.9532 19.1349 1.57259
      vertex 26.0486 19.6007 1.99862
    endloop
  endfacet
  facet normal -0.0694004 0.849187 -0.523512
    outer loop
      vertex 23.5638 19.8381 1.99862
      vertex -14.5652 17.3008 2.93752
      vertex -14.5652 17.7914 3.73332
    endloop
  endfacet
  facet normal -0.711234 -0.262095 0.652267
    outer loop
      vertex -22.4418 -19.5268 9.51765
      vertex -28.8584 -13.9471 4.76301
      vertex -28.3639 -15.289 4.76301
    endloop
  endfacet
  facet normal -0.76788 -0.160633 0.620127
    outer loop
      vertex -28.8584 -13.9471 4.76301
      vertex -29.6095 -12.6199 4.17674
      vertex -29.279 -14.1998 4.17674
    endloop
  endfacet
  facet normal -0.708355 -0.688997 0.15335
    outer loop
      vertex -22.274 -22.7627 6.39414
      vertex -27.2692 -18.2592 3.55436
      vertex -21.6298 -23.425 6.39414
    endloop
  endfacet
  facet normal -0.195544 -0.586039 0.786333
    outer loop
      vertex -20.9598 -21.0504 9.51765
      vertex -21.5535 -22.1259 8.56846
      vertex -20.9598 -22.324 8.56846
    endloop
  endfacet
  facet normal 0.0843409 -0.444167 0.891965
    outer loop
      vertex -20.9598 -19.4293 10.3249
      vertex -20.9598 -21.0504 9.51765
      vertex 16.3999 -11.4177 10.7818
    endloop
  endfacet
  facet normal -0.307031 0.0274781 0.951303
    outer loop
      vertex -21.8853 -10.711 11.396
      vertex -21.9423 -11.3479 11.396
      vertex -21.2723 -11.5715 11.6187
    endloop
  endfacet
  facet normal -0.571209 -0.205372 0.794697
    outer loop
      vertex -22.11 -15.9084 10.9591
      vertex -22.176 -18.1789 10.3249
      vertex -21.8635 -16.594 10.9591
    endloop
  endfacet
  facet normal -0.455935 -0.251686 0.853685
    outer loop
      vertex -21.5823 -17.1034 10.9591
      vertex -21.8635 -16.594 10.9591
      vertex -21.7976 -18.8645 10.3249
    endloop
  endfacet
  facet normal -0.872732 0.32164 0.367269
    outer loop
      vertex -28.9354 -6.11112 3.55436
      vertex -29.279 -7.75411 4.17674
      vertex -28.7424 -6.29811 4.17674
    endloop
  endfacet
  facet normal -0.803021 -0.454429 -0.385554
    outer loop
      vertex -28.0202 -16.932 2.2974
      vertex -28.9354 -15.8428 2.91978
      vertex -28.7424 -15.6558 2.2974
    endloop
  endfacet
  facet normal -0.564946 -0.208168 -0.798437
    outer loop
      vertex -27.8144 -14.7565 1.18349
      vertex -28.3639 -15.289 1.71113
      vertex -28.2478 -13.5803 1.18349
    endloop
  endfacet
  facet normal -0.872697 -0.321657 0.367337
    outer loop
      vertex -29.279 -14.1998 4.17674
      vertex -29.4935 -14.3286 3.55436
      vertex -28.9354 -15.8428 3.55436
    endloop
  endfacet
  facet normal -0.257664 0.153884 -0.953902
    outer loop
      vertex -25.9368 -8.04345 0.382229
      vertex -26.6362 -7.02912 0.73478
      vertex -15.19 10.6112 0.488729
    endloop
  endfacet
  facet normal -0.335663 -0.0227674 -0.941707
    outer loop
      vertex -26.7197 -11.7863 0.382229
      vertex -27.6898 -12.0662 0.73478
      vertex -26.7746 -10.9769 0.382229
    endloop
  endfacet
  facet normal -0.87273 -0.32164 0.367273
    outer loop
      vertex -28.7424 -15.6558 4.17674
      vertex -29.279 -14.1998 4.17674
      vertex -28.9354 -15.8428 3.55436
    endloop
  endfacet
  facet normal -0.470432 -0.0319149 -0.881859
    outer loop
      vertex -27.6898 -12.0662 0.73478
      vertex -28.5148 -12.3041 1.18349
      vertex -27.7637 -10.9769 0.73478
    endloop
  endfacet
  facet normal -0.432271 -0.557636 -0.708649
    outer loop
      vertex -26.1363 -18.7576 2.2974
      vertex -26.8873 -17.4304 1.71113
      vertex -25.9621 -18.1476 1.71113
    endloop
  endfacet
  facet normal -0.145123 -0.32991 -0.932791
    outer loop
      vertex -24.8292 -17.6492 1.18349
      vertex -25.7092 -17.2621 1.18349
      vertex -24.6651 -16.4527 0.73478
    endloop
  endfacet
  facet normal -0.551895 -0.711868 -0.434346
    outer loop
      vertex -26.2251 -19.0685 2.91978
      vertex -27.1402 -17.9793 2.2974
      vertex -26.1363 -18.7576 2.2974
    endloop
  endfacet
  facet normal -0.765645 -0.643263 0
    outer loop
      vertex -27.2692 -18.2592 2.91978
      vertex -28.1843 -17.17 3.55436
      vertex -28.1843 -17.17 2.91978
    endloop
  endfacet
  facet normal -0.765645 -0.643263 0
    outer loop
      vertex -28.1843 -17.17 3.55436
      vertex -27.2692 -18.2592 2.91978
      vertex -27.2692 -18.2592 3.55436
    endloop
  endfacet
  facet normal -0.402714 -0.144828 0.903796
    outer loop
      vertex -21.6681 -14.4107 11.396
      vertex -22.11 -15.9084 10.9591
      vertex -21.5163 -14.8328 11.396
    endloop
  endfacet
  facet normal -0.4039 0.144235 0.903361
    outer loop
      vertex -22.11 -8.11195 10.9591
      vertex -17.8851 0 11.5529
      vertex -17.8851 0.107726 11.5357
    endloop
  endfacet
  facet normal -0.404016 0.144299 0.903299
    outer loop
      vertex -17.8851 0 11.5529
      vertex -22.11 -8.11195 10.9591
      vertex -21.6681 -9.60965 11.396
    endloop
  endfacet
  facet normal -0.403863 0.144238 0.903377
    outer loop
      vertex -17.5281 0 11.7125
      vertex -17.8851 0 11.5529
      vertex -21.6681 -9.60965 11.396
    endloop
  endfacet
  facet normal -0.404264 0.144392 0.903173
    outer loop
      vertex -15.8025 4.03024 11.8405
      vertex -15.3923 4.95728 11.8759
      vertex -15.7876 4.1883 11.8219
    endloop
  endfacet
  facet normal -0.400299 0.142559 0.905228
    outer loop
      vertex -15.3923 4.95728 11.8759
      vertex -15.8025 4.03024 11.8405
      vertex -15.8032 4.00351 11.8444
    endloop
  endfacet
  facet normal -0.5248 0.0828139 0.847188
    outer loop
      vertex -22.3123 -8.94736 10.9591
      vertex -22.4627 -9.90046 10.9591
      vertex -21.7927 -10.1241 11.396
    endloop
  endfacet
  facet normal -0.545763 0.246995 0.80071
    outer loop
      vertex -15.4892 5.4236 11.666
      vertex -15.2889 5.18573 11.8759
      vertex -15.4517 5.48085 11.6739
    endloop
  endfacet
  facet normal -0.545576 0.247207 0.800772
    outer loop
      vertex -15.2889 5.18573 11.8759
      vertex -15.4892 5.4236 11.666
      vertex -15.5326 5.31972 11.6685
    endloop
  endfacet
  facet normal -0.681604 -0.0198366 0.731452
    outer loop
      vertex -22.5865 -12.0102 10.9591
      vertex -29.2658 -10.9769 4.76301
      vertex -22.5552 -13.0857 10.9591
    endloop
  endfacet
  facet normal -0.185455 0.0406507 0.981812
    outer loop
      vertex -13.1628 1.17139 12.6252
      vertex -21.241 -11.3733 11.6187
      vertex -13.1628 0 12.6737
    endloop
  endfacet
  facet normal -0.185027 0.0406527 0.981892
    outer loop
      vertex -13.1628 0 12.6737
      vertex -12.3789 -7.01366 13.1118
      vertex -12.9898 0 12.7063
    endloop
  endfacet
  facet normal -0.185396 0.0406073 0.981825
    outer loop
      vertex -12.3789 -7.01366 13.1118
      vertex -13.1628 0 12.6737
      vertex -21.241 -11.3733 11.6187
    endloop
  endfacet
  facet normal 0.524798 -0.404292 0.749089
    outer loop
      vertex 19.8981 -11.1952 9.36366
      vertex 19.166 -10.6741 10.1578
      vertex 19.2875 -11.9878 9.36366
    endloop
  endfacet
  facet normal -0.181013 0.0285859 0.983065
    outer loop
      vertex -21.241 -11.3733 11.6187
      vertex -21.2723 -11.5715 11.6187
      vertex -11.193 -7.90836 13.3681
    endloop
  endfacet
  facet normal -0.0188832 -0.135729 0.990566
    outer loop
      vertex -10.6623 -9.02966 13.3681
      vertex -10.9208 -10.8642 13.1118
      vertex -10.5305 -10.9185 13.1118
    endloop
  endfacet
  facet normal 0.075759 -0.234392 0.969186
    outer loop
      vertex 16.5214 -10.1039 11.2116
      vertex -10.1402 -10.8642 13.1118
      vertex 16.1755 -10.2157 11.2116
    endloop
  endfacet
  facet normal -0.318162 -0.00924891 0.947991
    outer loop
      vertex -21.298 -12.0102 11.6187
      vertex -21.9423 -12.6725 11.396
      vertex -21.2915 -12.2338 11.6187
    endloop
  endfacet
  facet normal 0.00382064 0.0308139 0.999518
    outer loop
      vertex -10.5305 -7.14081 13.3681
      vertex -8.9235 5.85217 12.9614
      vertex -8.963 5.87653 12.9608
    endloop
  endfacet
  facet normal 0.00427756 0.0307574 0.999518
    outer loop
      vertex -8.9235 5.85217 12.9614
      vertex -10.5305 -7.14081 13.3681
      vertex -10.3987 -7.15914 13.3681
    endloop
  endfacet
  facet normal 0.0050767 0.0306596 0.999517
    outer loop
      vertex -8.24004 11.8805 12.773
      vertex -8.7423 7.70931 12.9035
      vertex -8.71313 7.70774 12.9034
    endloop
  endfacet
  facet normal -0.0288335 0.0347122 0.998981
    outer loop
      vertex -8.53537 11.7898 12.773
      vertex -9.0056 7.72125 12.9008
      vertex -8.48577 11.831 12.773
    endloop
  endfacet
  facet normal -0.0298705 0.0348309 0.998947
    outer loop
      vertex -9.0056 7.72125 12.9008
      vertex -8.53537 11.7898 12.773
      vertex -9.04071 7.71982 12.8998
    endloop
  endfacet
  facet normal -0.0306207 0.0349428 0.99892
    outer loop
      vertex -9.25212 6.01706 12.9529
      vertex -10.9058 -7.30152 13.3681
      vertex -9.22177 6.01221 12.954
    endloop
  endfacet
  facet normal 0.0498963 0.0297762 0.99831
    outer loop
      vertex 19.6103 6.95455 11.5333
      vertex 16.9155 7.33971 11.6565
      vertex 19.6704 6.85384 11.5333
    endloop
  endfacet
  facet normal 0.0496718 0.0281873 0.998368
    outer loop
      vertex 19.6103 6.95455 11.5333
      vertex 16.8091 7.3997 11.6601
      vertex 16.9155 7.33971 11.6565
    endloop
  endfacet
  facet normal 0.0500634 0.0306779 0.998275
    outer loop
      vertex 16.8091 7.3997 11.6601
      vertex 19.6103 6.95455 11.5333
      vertex 16.5967 7.47623 11.6684
    endloop
  endfacet
  facet normal 0.0497798 0.0288918 0.998342
    outer loop
      vertex 3.62645 9.72147 12.2501
      vertex -8.03171 11.7396 12.773
      vertex 3.62645 9.68346 12.2512
    endloop
  endfacet
  facet normal 0.0493117 0.0261943 0.99844
    outer loop
      vertex 5.69595 9.36322 12.1573
      vertex 15.1607 7.7222 11.7329
      vertex 15.1837 7.72083 11.7318
    endloop
  endfacet
  facet normal 0.0499436 0.0298737 0.998305
    outer loop
      vertex 5.69595 9.36322 12.1573
      vertex 14.8274 7.70798 11.75
      vertex 15.1607 7.7222 11.7329
    endloop
  endfacet
  facet normal 0.0497871 0.029002 0.998339
    outer loop
      vertex 14.8274 7.70798 11.75
      vertex 5.69595 9.36322 12.1573
      vertex 5.69595 9.31847 12.1586
    endloop
  endfacet
  facet normal 0.400468 0.338712 0.85141
    outer loop
      vertex 32.224 15.8828 2.85903
      vertex 22.5663 8.72543 10.249
      vertex 33.7471 14.082 2.85903
    endloop
  endfacet
  facet normal 0.385781 0.353105 0.852344
    outer loop
      vertex 22.0434 9.29672 10.249
      vertex 21.2795 8.61179 10.8785
      vertex 22.5663 8.72543 10.249
    endloop
  endfacet
  facet normal -0.181677 0.592109 0.785112
    outer loop
      vertex -8.49304 12.518 12.5281
      vertex -8.90638 13.0279 12.0479
      vertex -8.6749 12.4622 12.5281
    endloop
  endfacet
  facet normal -0.463754 0.311663 0.829336
    outer loop
      vertex -15.4517 5.48085 11.6739
      vertex -15.1628 5.37321 11.8759
      vertex -15.3828 5.5863 11.6728
    endloop
  endfacet
  facet normal -0.463663 0.311862 0.829312
    outer loop
      vertex -15.1628 5.37321 11.8759
      vertex -15.4517 5.48085 11.6739
      vertex -15.2889 5.18573 11.8759
    endloop
  endfacet
  facet normal -0.184571 0.056536 0.981192
    outer loop
      vertex -13.1628 1.37515 12.6151
      vertex -14.3505 1.39047 12.3908
      vertex -13.1628 1.27449 12.6209
    endloop
  endfacet
  facet normal -0.184575 0.0563556 0.981201
    outer loop
      vertex -14.3505 1.39047 12.3908
      vertex -13.1628 1.37515 12.6151
      vertex -14.9342 4.40254 12.108
    endloop
  endfacet
  facet normal -0.557186 -0.0498737 0.828889
    outer loop
      vertex -21.9423 -12.6725 11.396
      vertex -22.4627 -14.1198 10.9591
      vertex -21.8853 -13.3093 11.396
    endloop
  endfacet
  facet normal -0.667895 0.161707 0.726476
    outer loop
      vertex -22.5078 -6.76406 10.3249
      vertex -28.8584 -8.00676 4.76301
      vertex -22.78 -7.88832 10.3249
    endloop
  endfacet
  facet normal -0.915062 0.191428 0.354987
    outer loop
      vertex -29.4935 -7.62531 3.55436
      vertex -29.6095 -9.33396 4.17674
      vertex -29.279 -7.75411 4.17674
    endloop
  endfacet
  facet normal 0.679234 -0.603874 0.417105
    outer loop
      vertex 21.3056 -13.7497 4.34749
      vertex 20.5625 -15.033 3.69966
      vertex 21.4103 -14.0794 3.69966
    endloop
  endfacet
  facet normal 0.629318 -0.196753 0.751829
    outer loop
      vertex 35.5759 5.16188 2.85903
      vertex 35.3311 2.75095 2.433
      vertex 36.0559 5.06923 2.433
    endloop
  endfacet
  facet normal -3.7987e-05 -2.00436e-05 -1
    outer loop
      vertex -1.90839 2.70085 0.00814533
      vertex -1.98512 2.84627 0.00814533
      vertex 17.5136 1.43396 0.00743294
    endloop
  endfacet
  facet normal 0.141177 -0.0986199 -0.98506
    outer loop
      vertex 31.7898 2.14719 0.810115
      vertex 24.5472 -3.39743 0.327223
      vertex 30.3147 3.1035 0.502965
    endloop
  endfacet
  facet normal -0.263847 -0.149277 -0.952943
    outer loop
      vertex -26.6362 -14.9248 0.73478
      vertex -27.1149 -14.0787 0.73478
      vertex -25.9368 -13.9104 0.382229
    endloop
  endfacet
  facet normal 0.000186582 0.000309801 -1
    outer loop
      vertex 17.9029 1.87337 0.00743294
      vertex 17.8543 1.90264 0.00743294
      vertex 24.2607 8.49218 0.0106697
    endloop
  endfacet
  facet normal -0.0820489 0.0464364 -0.995546
    outer loop
      vertex -24.4086 -10.4977 0.0155869
      vertex -25.3787 -9.55764 0.139387
      vertex -25.1596 -9.17051 0.139387
    endloop
  endfacet
  facet normal 0.068779 -0.0215021 -0.9974
    outer loop
      vertex 29.1377 5.24003 0.26164
      vertex 27.2076 6.77691 0.0954113
      vertex 29.481 6.33815 0.26164
    endloop
  endfacet
  facet normal 0.151122 -0.0832525 -0.985003
    outer loop
      vertex 32.7041 3.80674 0.810115
      vertex 30.3147 3.1035 0.502965
      vertex 31.065 4.46546 0.502965
    endloop
  endfacet
  facet normal -0.00137971 0.00448296 -0.999989
    outer loop
      vertex -1.24643 11.2931 0.0183678
      vertex -8.42917 11.8616 0.0308266
      vertex -8.36776 11.8805 0.0308266
    endloop
  endfacet
  facet normal 0.0338799 0.0653195 -0.997289
    outer loop
      vertex 25.6279 10.4773 0.0954113
      vertex 24.9855 10.8105 0.0954113
      vertex 26.9157 12.3473 0.26164
    endloop
  endfacet
  facet normal -0.00154256 0.00386761 -0.999991
    outer loop
      vertex -6.61342 8.35575 0.0144663
      vertex -8.42917 11.8616 0.0308266
      vertex -6.46148 8.41635 0.0144663
    endloop
  endfacet
  facet normal -0.00115047 0.00102411 -0.999999
    outer loop
      vertex -13.7081 -0.543792 0.0119028
      vertex -14.6951 6.18556 0.0199299
      vertex -14.6314 6.25712 0.0199299
    endloop
  endfacet
  facet normal -0.222379 0.197895 -0.954665
    outer loop
      vertex -15.19 10.6112 0.488729
      vertex -15.406 12.5431 0.939512
      vertex -14.9938 13.0063 0.939512
    endloop
  endfacet
  facet normal -0.168396 0.0952796 -0.981104
    outer loop
      vertex -25.3787 -9.55764 0.139387
      vertex -26.2925 -8.67211 0.382229
      vertex -25.9368 -8.04345 0.382229
    endloop
  endfacet
  facet normal -0.0690272 0.0614454 -0.995721
    outer loop
      vertex -14.6951 6.18556 0.0199299
      vertex -14.9499 8.46447 0.178224
      vertex -14.6314 6.25712 0.0199299
    endloop
  endfacet
  facet normal -0.164999 0.0976868 -0.981444
    outer loop
      vertex -25.1596 -9.17051 0.139387
      vertex -25.9368 -8.04345 0.382229
      vertex -14.9499 8.46447 0.178224
    endloop
  endfacet
  facet normal 0.0018161 0.118393 -0.992965
    outer loop
      vertex 23.5638 13.3339 0.26164
      vertex -8.3039 11.8869 0.0308266
      vertex 23.5638 15.3579 0.502965
    endloop
  endfacet
  facet normal -0.0456697 0.308203 -0.950224
    outer loop
      vertex -1.16154 14.242 0.450428
      vertex -8.36776 11.8805 0.0308266
      vertex -1.16154 15.5229 0.865885
    endloop
  endfacet
  facet normal -0.0903517 0.247601 -0.96464
    outer loop
      vertex -8.42917 11.8616 0.0308266
      vertex -14.9938 13.0063 0.939512
      vertex -14.5652 13.1627 0.939512
    endloop
  endfacet
  facet normal -0.315895 0.281113 -0.906193
    outer loop
      vertex -14.9938 13.0063 0.939512
      vertex -15.406 12.5431 0.939512
      vertex -15.0875 14.7505 1.51325
    endloop
  endfacet
  facet normal -0.62336 0.042322 -0.780789
    outer loop
      vertex -28.5148 -9.64975 1.18349
      vertex -29.2658 -10.9769 1.71113
      vertex -29.163 -9.46276 1.71113
    endloop
  endfacet
  facet normal -0.111343 0.305124 -0.945781
    outer loop
      vertex -14.9938 13.0063 0.939512
      vertex -15.0875 14.7505 1.51325
      vertex -14.5652 13.1627 0.939512
    endloop
  endfacet
  facet normal 0.244963 0.307637 -0.919431
    outer loop
      vertex 31.5451 15.224 1.17128
      vertex 30.3681 17.3606 1.57259
      vertex 32.224 15.8828 1.57259
    endloop
  endfacet
  facet normal 0.578836 0.318881 -0.750509
    outer loop
      vertex 35.3311 12.2094 1.99862
      vertex 33.7471 14.082 1.57259
      vertex 34.1541 14.3459 1.99862
    endloop
  endfacet
  facet normal 0.57885 0.318897 -0.750491
    outer loop
      vertex 34.8789 12.0276 1.57259
      vertex 33.7471 14.082 1.57259
      vertex 35.3311 12.2094 1.99862
    endloop
  endfacet
  facet normal 0.370425 0.115811 -0.921615
    outer loop
      vertex 34.6342 9.61668 1.17128
      vertex 33.9919 11.6711 1.17128
      vertex 34.8789 12.0276 1.57259
    endloop
  endfacet
  facet normal 0.385358 0.0391215 -0.921937
    outer loop
      vertex 34.8511 7.48015 1.17128
      vertex 34.6342 9.61668 1.17128
      vertex 35.8112 7.48015 1.57259
    endloop
  endfacet
  facet normal 0.385343 -0.0391116 -0.921944
    outer loop
      vertex 35.5759 5.16188 1.57259
      vertex 34.6342 5.34362 1.17128
      vertex 35.8112 7.48015 1.57259
    endloop
  endfacet
  facet normal 0.222104 -0.122365 -0.967314
    outer loop
      vertex 32.9488 1.39582 1.17128
      vertex 31.7898 2.14719 0.810115
      vertex 32.7041 3.80674 0.810115
    endloop
  endfacet
  facet normal 0.0008899 -0.00139417 -0.999999
    outer loop
      vertex 18.8709 -6.43833 0.0162239
      vertex 18.7803 -6.49616 0.0162239
      vertex 22.3301 -2.16451 0.0133438
    endloop
  endfacet
  facet normal 0.151123 -0.0832588 -0.985002
    outer loop
      vertex 31.7898 2.14719 0.810115
      vertex 30.3147 3.1035 0.502965
      vertex 32.7041 3.80674 0.810115
    endloop
  endfacet
  facet normal 0.110484 -0.0345472 -0.993277
    outer loop
      vertex 31.065 4.46546 0.502965
      vertex 29.481 6.33815 0.26164
      vertex 31.5271 5.94328 0.502965
    endloop
  endfacet
  facet normal 0.15966 0.200501 -0.966596
    outer loop
      vertex 30.5595 14.2677 0.810115
      vertex 29.8347 16.586 1.17128
      vertex 31.5451 15.224 1.17128
    endloop
  endfacet
  facet normal 0.194606 0.164609 -0.966971
    outer loop
      vertex 31.7898 12.8131 0.810115
      vertex 31.5451 15.224 1.17128
      vertex 32.9488 13.5645 1.17128
    endloop
  endfacet
  facet normal 0.0732351 0.0919664 -0.993065
    outer loop
      vertex 27.8299 11.6193 0.26164
      vertex 26.9157 12.3473 0.26164
      vertex 28.0746 14.0303 0.502965
    endloop
  endfacet
  facet normal 0.0892397 0.0754865 -0.993146
    outer loop
      vertex 28.5802 10.7323 0.26164
      vertex 27.8299 11.6193 0.26164
      vertex 30.3147 11.8568 0.502965
    endloop
  endfacet
  facet normal 0.0455958 0.0572578 -0.997318
    outer loop
      vertex 27.8299 11.6193 0.26164
      vertex 26.1909 10.0291 0.0954113
      vertex 26.9157 12.3473 0.26164
    endloop
  endfacet
  facet normal 0.0730187 0.248061 -0.965989
    outer loop
      vertex 27.3498 16.3485 0.810115
      vertex 25.4939 16.8948 0.810115
      vertex 25.7658 18.2212 1.17128
    endloop
  endfacet
  facet normal -0.661728 0.308374 0.68339
    outer loop
      vertex -17.8851 3.65537 10.2528
      vertex -22.4418 -4.4935 9.51765
      vertex -17.8851 2.45269 10.7955
    endloop
  endfacet
  facet normal -0.661734 0.308378 0.683382
    outer loop
      vertex -22.4418 -4.4935 9.51765
      vertex -17.8851 3.65537 10.2528
      vertex -28.3639 -6.66491 4.76301
    endloop
  endfacet
  facet normal -0.677653 0.34167 0.65119
    outer loop
      vertex -28.7424 -6.29811 4.17674
      vertex -17.8851 3.65537 10.2528
      vertex -17.8851 3.78135 10.1867
    endloop
  endfacet
  facet normal -0.677637 0.34163 0.651228
    outer loop
      vertex -17.8851 3.65537 10.2528
      vertex -28.7424 -6.29811 4.17674
      vertex -28.3639 -6.66491 4.76301
    endloop
  endfacet
  facet normal -0.638506 0.289219 0.713206
    outer loop
      vertex -17.8851 1.85336 11.046
      vertex -22.176 -5.8414 10.3249
      vertex -17.8851 1.80626 11.0651
    endloop
  endfacet
  facet normal -0.295071 0.545279 0.784605
    outer loop
      vertex -8.6749 12.4622 12.5281
      vertex -8.90638 13.0279 12.0479
      vertex -8.84251 12.3715 12.5281
    endloop
  endfacet
  facet normal -0.181814 0.592027 0.785142
    outer loop
      vertex -8.61104 13.1186 12.0479
      vertex -8.90638 13.0279 12.0479
      vertex -8.49304 12.518 12.5281
    endloop
  endfacet
  facet normal -0.222951 0.725978 0.650576
    outer loop
      vertex -8.61104 13.1186 12.0479
      vertex -14.5652 17.3008 5.3405
      vertex -8.90638 13.0279 12.0479
    endloop
  endfacet
  facet normal -0.0453282 0.0367592 0.998296
    outer loop
      vertex -8.57608 11.7396 12.773
      vertex -9.05937 7.71906 12.8991
      vertex -8.53537 11.7898 12.773
    endloop
  endfacet
  facet normal -0.0455128 0.0367811 0.998286
    outer loop
      vertex -9.05937 7.71906 12.8991
      vertex -8.57608 11.7396 12.773
      vertex -9.08658 7.71796 12.8979
    endloop
  endfacet
  facet normal -0.0450066 0.0367204 0.998312
    outer loop
      vertex -9.30148 6.02495 12.9505
      vertex -11.0082 -7.42011 13.3681
      vertex -9.27793 6.02119 12.9517
    endloop
  endfacet
  facet normal -0.256325 0.702586 0.66383
    outer loop
      vertex -14.5652 17.3008 5.3405
      vertex -15.2118 17.0649 5.3405
      vertex -8.90638 13.0279 12.0479
    endloop
  endfacet
  facet normal -0.788667 -0.0535698 0.612482
    outer loop
      vertex -29.2658 -10.9769 4.76301
      vertex -29.7211 -10.9769 4.17674
      vertex -29.6095 -12.6199 4.17674
    endloop
  endfacet
  facet normal -0.0622484 0.433948 -0.898785
    outer loop
      vertex -1.16154 15.5229 0.865885
      vertex -14.5652 14.941 1.51325
      vertex -14.5652 16.3383 2.18789
    endloop
  endfacet
  facet normal -0.0597902 0.586362 -0.80784
    outer loop
      vertex -1.16154 16.6122 1.39466
      vertex -14.5652 16.3383 2.18789
      vertex 21.1745 19.1349 1.57259
    endloop
  endfacet
  facet normal -0.217805 -0.183015 -0.95868
    outer loop
      vertex -26.0528 -15.6191 0.73478
      vertex -26.6362 -14.9248 0.73478
      vertex -25.9368 -13.9104 0.382229
    endloop
  endfacet
  facet normal -0.215721 -0.0146319 -0.976345
    outer loop
      vertex -26.7197 -11.7863 0.382229
      vertex -26.7746 -10.9769 0.382229
      vertex -25.6417 -11.4753 0.139387
    endloop
  endfacet
  facet normal 0.0800263 -0.595655 -0.799244
    outer loop
      vertex 2.81756 -16.9553 1.45786
      vertex -20.9598 -22.324 3.07824
      vertex -20.9598 -21.0504 2.12906
    endloop
  endfacet
  facet normal -0.147206 -0.440897 -0.885404
    outer loop
      vertex -20.9598 -19.4293 1.32184
      vertex -21.4802 -20.8766 2.12906
      vertex -21.3869 -19.2867 1.32184
    endloop
  endfacet
  facet normal -0.195543 -0.586036 -0.786337
    outer loop
      vertex -20.9598 -22.324 3.07824
      vertex -21.5535 -22.1259 3.07824
      vertex -20.9598 -21.0504 2.12906
    endloop
  endfacet
  facet normal -0.207936 -0.472646 -0.856369
    outer loop
      vertex -21.4802 -20.8766 2.12906
      vertex -25.9621 -18.1476 1.71113
      vertex -24.9581 -18.5893 1.71113
    endloop
  endfacet
  facet normal 0.0834146 -0.435672 -0.896232
    outer loop
      vertex 4.11749 -16.7689 1.45786
      vertex 4.01558 -16.0231 1.08583
      vertex 18.6861 -13.5147 1.23188
    endloop
  endfacet
  facet normal 0.0415833 -0.289974 -0.956131
    outer loop
      vertex 4.01558 -16.0231 1.08583
      vertex 2.81756 -16.1949 1.08583
      vertex 2.81756 -15.0909 0.75101
    endloop
  endfacet
  facet normal 0.747349 -0.664432 0
    outer loop
      vertex 20.5625 -15.033 3.69966
      vertex 21.4103 -14.0794 3.03914
      vertex 21.4103 -14.0794 3.69966
    endloop
  endfacet
  facet normal 0.747349 -0.664432 0
    outer loop
      vertex 21.4103 -14.0794 3.03914
      vertex 20.5625 -15.033 3.69966
      vertex 20.5625 -15.033 3.03914
    endloop
  endfacet
  facet normal 0.288073 -0.26391 -0.920525
    outer loop
      vertex 32.224 -0.922459 1.57259
      vertex 19.8822 -11.5767 0.764819
      vertex 31.5451 -0.263739 1.17128
    endloop
  endfacet
  facet normal 0.655127 0.06652 -0.752585
    outer loop
      vertex 36.3007 7.48015 1.99862
      vertex 35.5759 9.79843 1.57259
      vertex 36.0559 9.89108 1.99862
    endloop
  endfacet
  facet normal 0.629319 0.19675 -0.751829
    outer loop
      vertex 35.5759 9.79843 1.57259
      vertex 35.3311 12.2094 1.99862
      vertex 36.0559 9.89108 1.99862
    endloop
  endfacet
  facet normal 0.341163 -0.187949 -0.921023
    outer loop
      vertex 34.8789 2.93269 1.57259
      vertex 33.7471 0.878263 1.57259
      vertex 33.9919 3.28919 1.17128
    endloop
  endfacet
  facet normal 0.95444 -0.298402 0
    outer loop
      vertex 35.3311 2.75095 2.433
      vertex 36.0559 5.06923 1.99862
      vertex 36.0559 5.06923 2.433
    endloop
  endfacet
  facet normal 0.95444 -0.298402 0
    outer loop
      vertex 36.0559 5.06923 1.99862
      vertex 35.3311 2.75095 2.433
      vertex 35.3311 2.75095 1.99862
    endloop
  endfacet
  facet normal 0.170568 0.0173146 -0.985194
    outer loop
      vertex 33.4572 7.48015 0.810115
      vertex 31.5271 9.01703 0.502965
      vertex 33.2671 9.35284 0.810115
    endloop
  endfacet
  facet normal 0.341162 0.187951 -0.921023
    outer loop
      vertex 33.9919 11.6711 1.17128
      vertex 33.7471 14.082 1.57259
      vertex 34.8789 12.0276 1.57259
    endloop
  endfacet
  facet normal 0.655058 0.0664868 0.752648
    outer loop
      vertex 36.3007 7.48015 2.433
      vertex 35.5759 9.79843 2.85903
      vertex 35.8112 7.48015 2.85903
    endloop
  endfacet
  facet normal 0.491873 -0.116505 0.862837
    outer loop
      vertex 22.1346 6.08442 10.8785
      vertex 18.7523 -8.91151 10.7818
      vertex 23.1941 5.89545 10.249
    endloop
  endfacet
  facet normal 0.57885 0.318897 0.750491
    outer loop
      vertex 35.3311 12.2094 2.433
      vertex 33.7471 14.082 2.85903
      vertex 34.8789 12.0276 2.85903
    endloop
  endfacet
  facet normal 0.48045 0.162551 0.861827
    outer loop
      vertex 34.8789 12.0276 2.85903
      vertex 21.9568 7.70297 10.8785
      vertex 22.1346 7.17745 10.8785
    endloop
  endfacet
  facet normal 0.29999 0.178884 0.93702
    outer loop
      vertex 21.668 8.18729 10.8785
      vertex 20.6699 7.58933 11.3122
      vertex 21.9568 7.70297 10.8785
    endloop
  endfacet
  facet normal 0.0657653 0.12397 0.990104
    outer loop
      vertex 3.62645 9.83222 12.2429
      vertex -8.12203 11.831 12.773
      vertex 3.62645 9.82024 12.2444
    endloop
  endfacet
  facet normal 0.0652176 0.120631 0.990553
    outer loop
      vertex -8.12203 11.831 12.773
      vertex 3.62645 9.83222 12.2429
      vertex -8.17863 11.8616 12.773
    endloop
  endfacet
  facet normal 0.0641399 0.114171 0.991388
    outer loop
      vertex 5.69595 9.47646 12.15
      vertex 5.69595 9.46604 12.1512
      vertex 19.4311 7.11526 11.5333
    endloop
  endfacet
  facet normal 0.16562 -0.758142 0.630707
    outer loop
      vertex -20.9598 -22.324 8.56846
      vertex -20.9598 -23.2014 7.51378
      vertex 16.7736 -13.4194 9.36366
    endloop
  endfacet
  facet normal 0.339549 0.0372783 0.939849
    outer loop
      vertex 22.1346 7.17745 10.8785
      vertex 20.9572 6.96748 11.3122
      vertex 22.1946 6.63094 10.8785
    endloop
  endfacet
  facet normal 0.460388 0.887718 -0
    outer loop
      vertex 30.64 17.7554 1.99862
      vertex 28.438 18.8974 2.433
      vertex 30.64 17.7554 2.433
    endloop
  endfacet
  facet normal 0.460388 0.887718 0
    outer loop
      vertex 28.438 18.8974 2.433
      vertex 30.64 17.7554 1.99862
      vertex 28.438 18.8974 1.99862
    endloop
  endfacet
  facet normal 0.14263 0.524508 0.839374
    outer loop
      vertex 20.6793 10.114 10.249
      vertex 19.8905 10.3285 10.249
      vertex 20.2658 9.21905 10.8785
    endloop
  endfacet
  facet normal 0.109917 0.531943 0.839616
    outer loop
      vertex 19.8905 10.3285 10.249
      vertex -8.11476 12.518 12.5281
      vertex 19.6797 9.37846 10.8785
    endloop
  endfacet
  facet normal 0.00309658 0.0308981 0.999518
    outer loop
      vertex -8.3039 11.8869 12.773
      vertex -8.7423 7.70931 12.9035
      vertex -8.24004 11.8805 12.773
    endloop
  endfacet
  facet normal 0.00166606 0.0310482 0.999517
    outer loop
      vertex -8.7423 7.70931 12.9035
      vertex -8.3039 11.8869 12.773
      vertex -8.79243 7.712 12.9035
    endloop
  endfacet
  facet normal 0.00215867 0.031014 0.999517
    outer loop
      vertex -9.00424 5.90196 12.9601
      vertex -10.5305 -7.14081 13.3681
      vertex -8.963 5.87653 12.9608
    endloop
  endfacet
  facet normal 0.105122 0.608332 0.78669
    outer loop
      vertex -7.99676 13.1186 12.0479
      vertex -8.11476 12.518 12.5281
      vertex 25.9532 19.1349 2.85903
    endloop
  endfacet
  facet normal 0.0871667 0.287643 0.953763
    outer loop
      vertex 3.62645 10.3337 12.1549
      vertex -8.17863 11.8616 12.773
      vertex 3.62645 10.3274 12.1568
    endloop
  endfacet
  facet normal 0.0863741 0.280647 0.955917
    outer loop
      vertex -8.17863 11.8616 12.773
      vertex 3.62645 10.3337 12.1549
      vertex -8.24004 11.8805 12.773
    endloop
  endfacet
  facet normal 0.0860982 0.278292 0.95663
    outer loop
      vertex 5.69595 10.064 12.0471
      vertex 5.69595 10.0585 12.0487
      vertex 19.8065 8.22469 11.3122
    endloop
  endfacet
  facet normal 0.0799473 -0.322349 0.943239
    outer loop
      vertex 16.1755 -10.2157 11.2116
      vertex -9.89664 -12.5924 12.6092
      vertex 16.3999 -11.4177 10.7818
    endloop
  endfacet
  facet normal 0.073347 -0.0564881 0.995705
    outer loop
      vertex 16.3334 -8.6577 11.4307
      vertex -10.0528 -8.76868 13.3681
      vertex 16.256 -8.7582 11.4307
    endloop
  endfacet
  facet normal 0.331906 -0.0802327 0.939894
    outer loop
      vertex 20.9572 6.29439 11.3122
      vertex 17.6241 -8.67242 11.2116
      vertex 22.1346 6.08442 10.8785
    endloop
  endfacet
  facet normal 0.679214 -0.603877 0.417134
    outer loop
      vertex 21.3056 -13.7497 4.34749
      vertex 20.4904 -14.6666 4.34749
      vertex 20.5625 -15.033 3.69966
    endloop
  endfacet
  facet normal 0.585643 -0.669847 0.456428
    outer loop
      vertex 19.7766 -12.509 8.42983
      vertex 18.9278 -13.2511 8.42983
      vertex 20.4904 -14.6666 4.34749
    endloop
  endfacet
  facet normal 0.202981 -0.979183 0
    outer loop
      vertex 18.6861 -15.8185 3.03914
      vertex 19.6427 -15.6202 3.69966
      vertex 18.6861 -15.8185 3.69966
    endloop
  endfacet
  facet normal 0.202981 -0.979183 0
    outer loop
      vertex 19.6427 -15.6202 3.69966
      vertex 18.6861 -15.8185 3.03914
      vertex 19.6427 -15.6202 3.03914
    endloop
  endfacet
  facet normal -0.565344 -0.763498 -0.312183
    outer loop
      vertex -21.6298 -23.425 5.25256
      vertex -26.2251 -19.0685 2.91978
      vertex -21.604 -22.9863 4.13292
    endloop
  endfacet
  facet normal 0.193758 -0.981049 0
    outer loop
      vertex -20.9598 -23.6486 5.25256
      vertex 18.6861 -15.8185 3.69966
      vertex -20.9598 -23.6486 6.39414
    endloop
  endfacet
  facet normal 0.193758 -0.981049 0
    outer loop
      vertex 18.6861 -15.8185 3.69966
      vertex -20.9598 -23.6486 5.25256
      vertex 18.6861 -15.8185 3.03914
    endloop
  endfacet
  facet normal 0.203868 -0.909161 0.363132
    outer loop
      vertex -20.9598 -23.2014 7.51378
      vertex -20.9598 -23.6486 6.39414
      vertex 19.6427 -15.6202 3.69966
    endloop
  endfacet
  facet normal -0.551776 -0.711861 -0.434508
    outer loop
      vertex -26.2251 -19.0685 2.91978
      vertex -27.2692 -18.2592 2.91978
      vertex -27.1402 -17.9793 2.2974
    endloop
  endfacet
  facet normal -0.915064 -0.191423 -0.354986
    outer loop
      vertex -29.4935 -14.3286 2.91978
      vertex -29.6095 -12.6199 2.2974
      vertex -29.279 -14.1998 2.2974
    endloop
  endfacet
  facet normal 0.388866 -0.368039 -0.844589
    outer loop
      vertex 20.349 -13.9479 1.78108
      vertex 20.1436 -12.9046 1.23188
      vertex 32.224 -0.922459 1.57259
    endloop
  endfacet
  facet normal 0.474144 -0.742706 -0.472837
    outer loop
      vertex 20.5625 -15.033 3.03914
      vertex 19.6427 -15.6202 3.03914
      vertex 20.4904 -14.6666 2.39132
    endloop
  endfacet
  facet normal -0.870298 0.492526 0
    outer loop
      vertex -28.9354 -6.11112 2.91978
      vertex -28.1843 -4.78392 3.55436
      vertex -28.1843 -4.78392 2.91978
    endloop
  endfacet
  facet normal -0.870298 0.492526 0
    outer loop
      vertex -28.1843 -4.78392 3.55436
      vertex -28.9354 -6.11112 2.91978
      vertex -28.9354 -6.11112 3.55436
    endloop
  endfacet
  facet normal -0.0536011 0.998562 0
    outer loop
      vertex 23.5638 19.8381 2.433
      vertex -14.5652 17.7914 3.73332
      vertex -14.5652 17.7914 4.54471
    endloop
  endfacet
  facet normal -0.0536011 0.998562 0
    outer loop
      vertex -14.5652 17.7914 3.73332
      vertex 23.5638 19.8381 2.433
      vertex 23.5638 19.8381 1.99862
    endloop
  endfacet
  facet normal 0.282364 0.959307 -0
    outer loop
      vertex 28.438 18.8974 1.99862
      vertex 26.0486 19.6007 2.433
      vertex 28.438 18.8974 2.433
    endloop
  endfacet
  facet normal 0.282364 0.959307 0
    outer loop
      vertex 26.0486 19.6007 2.433
      vertex 28.438 18.8974 1.99862
      vertex 26.0486 19.6007 1.99862
    endloop
  endfacet
  facet normal -0.0351824 0.395419 -0.917827
    outer loop
      vertex 23.5638 18.4317 1.17128
      vertex -1.16154 15.5229 0.865885
      vertex 23.5638 19.3632 1.57259
    endloop
  endfacet
  facet normal -0.0411885 0.431062 -0.901382
    outer loop
      vertex 23.5638 19.3632 1.57259
      vertex -1.16154 15.5229 0.865885
      vertex 21.1745 19.1349 1.57259
    endloop
  endfacet
  facet normal -0.697728 -0.168939 0.696158
    outer loop
      vertex -22.78 -16.132 10.3249
      vertex -28.8584 -13.9471 4.76301
      vertex -22.5078 -17.2562 10.3249
    endloop
  endfacet
  facet normal -0.708921 -0.254866 0.657628
    outer loop
      vertex -22.846 -18.4025 9.51765
      vertex -28.8584 -13.9471 4.76301
      vertex -22.4418 -19.5268 9.51765
    endloop
  endfacet
  facet normal -0.803025 -0.454455 -0.385515
    outer loop
      vertex -28.1843 -17.17 2.91978
      vertex -28.9354 -15.8428 2.91978
      vertex -28.0202 -16.932 2.2974
    endloop
  endfacet
  facet normal -0.724786 -0.267089 0.635097
    outer loop
      vertex -28.8584 -13.9471 4.76301
      vertex -29.279 -14.1998 4.17674
      vertex -28.3639 -15.289 4.76301
    endloop
  endfacet
  facet normal -0.729126 -0.412612 0.54601
    outer loop
      vertex -22.1244 -21.5389 8.56846
      vertex -28.7424 -15.6558 4.17674
      vertex -28.0202 -16.932 4.17674
    endloop
  endfacet
  facet normal -0.706471 -0.390038 0.590568
    outer loop
      vertex -22.4418 -19.5268 9.51765
      vertex -22.6506 -20.5858 8.56846
      vertex -22.1244 -21.5389 8.56846
    endloop
  endfacet
  facet normal -0.309721 -0.170973 0.935329
    outer loop
      vertex -21.3431 -15.1466 11.396
      vertex -21.8635 -16.594 10.9591
      vertex -21.5823 -17.1034 10.9591
    endloop
  endfacet
  facet normal -0.10478 -0.313946 0.943641
    outer loop
      vertex -21.2771 -17.4171 10.9591
      vertex -21.3869 -19.2867 10.3249
      vertex -20.9598 -17.523 10.9591
    endloop
  endfacet
  facet normal -0.147248 -0.440896 0.885397
    outer loop
      vertex -20.9598 -19.4293 10.3249
      vertex -21.4802 -20.8766 9.51765
      vertex -20.9598 -21.0504 9.51765
    endloop
  endfacet
  facet normal -0.195698 -0.585968 0.786349
    outer loop
      vertex -21.4802 -20.8766 9.51765
      vertex -21.5535 -22.1259 8.56846
      vertex -20.9598 -21.0504 9.51765
    endloop
  endfacet
  facet normal -0.309746 -0.170962 0.935323
    outer loop
      vertex -21.5163 -14.8328 11.396
      vertex -21.8635 -16.594 10.9591
      vertex -21.3431 -15.1466 11.396
    endloop
  endfacet
  facet normal -0.708781 -0.254269 0.65801
    outer loop
      vertex -22.5078 -17.2562 10.3249
      vertex -28.8584 -13.9471 4.76301
      vertex -22.846 -18.4025 9.51765
    endloop
  endfacet
  facet normal -0.571151 -0.205384 0.794735
    outer loop
      vertex -22.11 -15.9084 10.9591
      vertex -22.5078 -17.2562 10.3249
      vertex -22.176 -18.1789 10.3249
    endloop
  endfacet
  facet normal -0.666413 0.226898 0.710219
    outer loop
      vertex -28.6781 -7.24918 4.69016
      vertex -28.8584 -8.00676 4.76301
      vertex -22.5078 -6.76406 10.3249
    endloop
  endfacet
  facet normal -0.669836 0.140766 0.729043
    outer loop
      vertex -22.78 -7.88832 10.3249
      vertex -28.8584 -8.00676 4.76301
      vertex -22.3123 -8.94736 10.9591
    endloop
  endfacet
  facet normal -0.423199 0.25614 -0.869077
    outer loop
      vertex -15.406 12.5431 0.939512
      vertex -27.231 -6.16651 1.18349
      vertex -15.5898 14.1861 1.51325
    endloop
  endfacet
  facet normal -0.767889 0.160645 -0.620113
    outer loop
      vertex -29.163 -9.46276 1.71113
      vertex -29.6095 -9.33396 2.2974
      vertex -28.8584 -8.00676 1.71113
    endloop
  endfacet
  facet normal -0.000306598 -3.91421e-05 -1
    outer loop
      vertex -2.03237 3.00407 0.00814533
      vertex -24.4974 -11.1452 0.0155869
      vertex -13.7987 -0.826441 0.0119028
    endloop
  endfacet
  facet normal -0.422156 -0.155554 -0.893077
    outer loop
      vertex -27.8144 -14.7565 1.18349
      vertex -28.2478 -13.5803 1.18349
      vertex -27.1149 -14.0787 0.73478
    endloop
  endfacet
  facet normal -0.803021 -0.454429 0.385554
    outer loop
      vertex -28.7424 -15.6558 4.17674
      vertex -28.9354 -15.8428 3.55436
      vertex -28.0202 -16.932 4.17674
    endloop
  endfacet
  facet normal -0.872697 -0.321657 -0.367337
    outer loop
      vertex -28.9354 -15.8428 2.91978
      vertex -29.4935 -14.3286 2.91978
      vertex -29.279 -14.1998 2.2974
    endloop
  endfacet
  facet normal -0.65658 -0.371584 -0.656375
    outer loop
      vertex -27.6983 -16.4651 1.71113
      vertex -28.7424 -15.6558 2.2974
      vertex -28.3639 -15.289 1.71113
    endloop
  endfacet
  facet normal -0.564917 -0.208176 -0.798456
    outer loop
      vertex -28.3639 -15.289 1.71113
      vertex -28.8584 -13.9471 1.71113
      vertex -28.2478 -13.5803 1.18349
    endloop
  endfacet
  facet normal -0.731068 -0.614213 0.297123
    outer loop
      vertex -22.2235 -22.3495 7.51378
      vertex -28.1843 -17.17 3.55436
      vertex -27.2692 -18.2592 3.55436
    endloop
  endfacet
  facet normal -0.737987 -0.542095 0.40188
    outer loop
      vertex -28.0202 -16.932 4.17674
      vertex -28.1843 -17.17 3.55436
      vertex -22.2235 -22.3495 7.51378
    endloop
  endfacet
  facet normal -0.505031 -0.285816 -0.814403
    outer loop
      vertex -27.6983 -16.4651 1.71113
      vertex -28.3639 -15.289 1.71113
      vertex -27.8144 -14.7565 1.18349
    endloop
  endfacet
  facet normal -0.698734 -0.587047 -0.408836
    outer loop
      vertex -27.2692 -18.2592 2.91978
      vertex -28.1843 -17.17 2.91978
      vertex -27.1402 -17.9793 2.2974
    endloop
  endfacet
  facet normal -0.55719 0.0498663 0.828886
    outer loop
      vertex -21.8853 -10.711 11.396
      vertex -22.4627 -9.90046 10.9591
      vertex -21.9423 -11.3479 11.396
    endloop
  endfacet
  facet normal -0.160751 -0.025386 0.986668
    outer loop
      vertex -11.193 -8.28043 13.3681
      vertex -21.2723 -12.4488 11.6187
      vertex -21.241 -12.647 11.6187
    endloop
  endfacet
  facet normal -0.259388 0.138401 0.955805
    outer loop
      vertex -13.6836 5.87552 12.2358
      vertex -14.8993 4.47968 12.108
      vertex -13.6811 5.87399 12.2367
    endloop
  endfacet
  facet normal -0.255638 0.134957 0.957307
    outer loop
      vertex -12.305 7.45826 12.3808
      vertex -8.60633 11.6823 12.773
      vertex -8.57608 11.7396 12.773
    endloop
  endfacet
  facet normal -0.251142 0.130858 0.959064
    outer loop
      vertex -8.60633 11.6823 12.773
      vertex -12.305 7.45826 12.3808
      vertex -12.299 7.45585 12.3827
    endloop
  endfacet
  facet normal -0.308006 0.139408 0.941115
    outer loop
      vertex -15.2889 5.18573 11.8759
      vertex -15.3923 4.95728 11.8759
      vertex -14.9342 4.40254 12.108
    endloop
  endfacet
  facet normal -0.121666 -0.105056 0.986996
    outer loop
      vertex -11.0082 -8.76868 13.3681
      vertex -11.642 -10.4426 13.1118
      vertex -10.9058 -8.88727 13.3681
    endloop
  endfacet
  facet normal -0.664955 0.239126 0.707569
    outer loop
      vertex -22.176 -5.8414 10.3249
      vertex -28.6781 -7.24918 4.69016
      vertex -22.5078 -6.76406 10.3249
    endloop
  endfacet
  facet normal -0.474046 0.114793 0.872985
    outer loop
      vertex -22.11 -8.11195 10.9591
      vertex -22.3123 -8.94736 10.9591
      vertex -21.6681 -9.60965 11.396
    endloop
  endfacet
  facet normal -0.678315 0.019739 0.734506
    outer loop
      vertex -22.5552 -10.9346 10.9591
      vertex -29.2658 -10.9769 4.76301
      vertex -22.5865 -12.0102 10.9591
    endloop
  endfacet
  facet normal -0.557234 0.0498425 0.828859
    outer loop
      vertex -22.4627 -9.90046 10.9591
      vertex -22.5552 -10.9346 10.9591
      vertex -21.9423 -11.3479 11.396
    endloop
  endfacet
  facet normal -0.767889 -0.160645 0.620113
    outer loop
      vertex -29.163 -12.4911 4.76301
      vertex -29.6095 -12.6199 4.17674
      vertex -28.8584 -13.9471 4.76301
    endloop
  endfacet
  facet normal -0.695847 -0.145574 0.703282
    outer loop
      vertex -22.78 -16.132 10.3249
      vertex -29.163 -12.4911 4.76301
      vertex -28.8584 -13.9471 4.76301
    endloop
  endfacet
  facet normal -0.156454 -0.0863539 0.983903
    outer loop
      vertex -21.0892 -13.0692 11.6187
      vertex -21.5163 -14.8328 11.396
      vertex -21.3431 -15.1466 11.396
    endloop
  endfacet
  facet normal -0.650595 -0.157548 0.742903
    outer loop
      vertex -22.3123 -15.073 10.9591
      vertex -22.5078 -17.2562 10.3249
      vertex -22.11 -15.9084 10.9591
    endloop
  endfacet
  facet normal -0.205275 0.0517208 0.977337
    outer loop
      vertex -15.8156 2.18748 12.0409
      vertex -14.3505 1.39047 12.3908
      vertex -14.9602 4.31453 12.108
    endloop
  endfacet
  facet normal -0.205266 0.0517379 0.977338
    outer loop
      vertex -15.8156 0 12.1567
      vertex -14.3505 1.39047 12.3908
      vertex -15.8156 2.18748 12.0409
    endloop
  endfacet
  facet normal -0.205233 0.0517016 0.977347
    outer loop
      vertex -15.8156 0 12.1567
      vertex -21.199 -11.1996 11.6187
      vertex -14.3505 1.39047 12.3908
    endloop
  endfacet
  facet normal -0.205331 0.0517501 0.977323
    outer loop
      vertex -21.199 -11.1996 11.6187
      vertex -15.8156 0 12.1567
      vertex -16.6952 0 11.9719
    endloop
  endfacet
  facet normal -0.186185 0.0409422 0.981661
    outer loop
      vertex -14.3505 1.39047 12.3908
      vertex -13.1628 1.17139 12.6252
      vertex -13.1628 1.27449 12.6209
    endloop
  endfacet
  facet normal -0.186153 0.0411124 0.98166
    outer loop
      vertex -13.1628 1.17139 12.6252
      vertex -14.3505 1.39047 12.3908
      vertex -21.241 -11.3733 11.6187
    endloop
  endfacet
  facet normal 0.0535276 0.0507681 0.997275
    outer loop
      vertex 3.62645 9.77782 12.2475
      vertex -8.07242 11.7898 12.773
      vertex 3.62645 9.74639 12.2491
    endloop
  endfacet
  facet normal 0.0531584 0.0485996 0.997403
    outer loop
      vertex 19.5296 7.04282 11.5333
      vertex 16.5714 7.48535 11.6694
      vertex 19.6103 6.95455 11.5333
    endloop
  endfacet
  facet normal 0.0533566 0.0499481 0.997326
    outer loop
      vertex 19.5296 7.04282 11.5333
      vertex 16.3119 7.57886 11.6786
      vertex 16.5714 7.48535 11.6694
    endloop
  endfacet
  facet normal 0.0524798 0.0446034 0.997625
    outer loop
      vertex 19.5296 7.04282 11.5333
      vertex 15.7624 7.68636 11.7027
      vertex 16.3119 7.57886 11.6786
    endloop
  endfacet
  facet normal 0.0529721 0.0475278 0.997464
    outer loop
      vertex 5.69595 9.42191 12.1546
      vertex 15.7624 7.68636 11.7027
      vertex 19.5296 7.04282 11.5333
    endloop
  endfacet
  facet normal 0.0530468 0.0479674 0.997439
    outer loop
      vertex 5.69595 9.42191 12.1546
      vertex 15.2437 7.71726 11.7288
      vertex 15.7624 7.68636 11.7027
    endloop
  endfacet
  facet normal 0.0531468 0.0485356 0.997406
    outer loop
      vertex 15.2437 7.71726 11.7288
      vertex 5.69595 9.42191 12.1546
      vertex 5.69595 9.38492 12.1564
    endloop
  endfacet
  facet normal 0.0352095 0.352356 0.935204
    outer loop
      vertex -8.3039 12.5369 12.5281
      vertex -8.3039 11.8869 12.773
      vertex -8.11476 12.518 12.5281
    endloop
  endfacet
  facet normal -0.00355427 -0.315673 0.948861
    outer loop
      vertex -20.9598 -17.523 10.9591
      vertex -20.9598 -19.4293 10.3249
      vertex -10.5305 -12.6805 12.6092
    endloop
  endfacet
  facet normal 0.0549361 -0.395253 0.916928
    outer loop
      vertex -10.5305 -12.6805 12.6092
      vertex -20.9598 -19.4293 10.3249
      vertex -9.89664 -12.5924 12.6092
    endloop
  endfacet
  facet normal -0.104817 -0.313936 0.943641
    outer loop
      vertex -20.9598 -17.523 10.9591
      vertex -21.3869 -19.2867 10.3249
      vertex -20.9598 -19.4293 10.3249
    endloop
  endfacet
  facet normal -0.405775 -0.394732 0.824338
    outer loop
      vertex -21.7976 -18.8645 10.3249
      vertex -21.9806 -20.3622 9.51765
      vertex -21.4802 -20.8766 9.51765
    endloop
  endfacet
  facet normal -0.0275665 0.0345532 0.999023
    outer loop
      vertex -8.48577 11.831 12.773
      vertex -9.0056 7.72125 12.9008
      vertex -8.98269 7.72218 12.9014
    endloop
  endfacet
  facet normal -0.026055 0.0343688 0.99907
    outer loop
      vertex -9.22177 6.01221 12.954
      vertex -10.789 -7.2134 13.3681
      vertex -9.1901 6.00715 12.955
    endloop
  endfacet
  facet normal -0.0259174 0.0343527 0.999074
    outer loop
      vertex -10.789 -7.2134 13.3681
      vertex -9.22177 6.01221 12.954
      vertex -10.9058 -7.30152 13.3681
    endloop
  endfacet
  facet normal -0.211846 0.0953101 0.972644
    outer loop
      vertex -14.8993 4.47968 12.108
      vertex -13.6642 5.86359 12.2414
      vertex -13.6811 5.87399 12.2367
    endloop
  endfacet
  facet normal -0.212983 0.0963588 0.972293
    outer loop
      vertex -13.6642 5.86359 12.2414
      vertex -14.8993 4.47968 12.108
      vertex -14.9342 4.40254 12.108
    endloop
  endfacet
  facet normal -0.210794 0.0943355 0.972968
    outer loop
      vertex -8.60633 11.6823 12.773
      vertex -12.2879 7.45139 12.3856
      vertex -12.2853 7.44998 12.3863
    endloop
  endfacet
  facet normal -0.214611 0.097764 0.971794
    outer loop
      vertex -12.2879 7.45139 12.3856
      vertex -8.60633 11.6823 12.773
      vertex -12.299 7.45585 12.3827
    endloop
  endfacet
  facet normal -0.00424538 0.0317558 0.999487
    outer loop
      vertex -10.6623 -7.15914 13.3681
      vertex -9.04468 5.9269 12.9592
      vertex -9.08243 5.95018 12.9583
    endloop
  endfacet
  facet normal -0.0044194 0.0317773 0.999485
    outer loop
      vertex -9.04468 5.9269 12.9592
      vertex -10.6623 -7.15914 13.3681
      vertex -10.5305 -7.14081 13.3681
    endloop
  endfacet
  facet normal -0.00537245 0.0318725 0.999478
    outer loop
      vertex -8.36776 11.8805 12.773
      vertex -8.86961 7.71615 12.9031
      vertex -8.84142 7.71463 12.9033
    endloop
  endfacet
  facet normal 0.00878762 0.0302456 0.999504
    outer loop
      vertex -8.9235 5.85217 12.9614
      vertex -10.3987 -7.15914 13.3681
      vertex -8.88295 5.82717 12.9618
    endloop
  endfacet
  facet normal 0.00928891 0.0301816 0.999501
    outer loop
      vertex -8.71313 7.70774 12.9034
      vertex -8.17863 11.8616 12.773
      vertex -8.24004 11.8805 12.773
    endloop
  endfacet
  facet normal 0.00971511 0.0301267 0.999499
    outer loop
      vertex -8.17863 11.8616 12.773
      vertex -8.71313 7.70774 12.9034
      vertex -8.66376 7.70509 12.903
    endloop
  endfacet
  facet normal 0.0468726 0.0260833 0.99856
    outer loop
      vertex -8.6552 5.52609 12.9645
      vertex -9.96877 -7.56461 13.3681
      vertex -8.63385 5.49538 12.9643
    endloop
  endfacet
  facet normal 0.0489724 0.0258537 0.998465
    outer loop
      vertex -8.43843 7.68639 12.8979
      vertex -8.00146 11.6823 12.773
      vertex -8.03171 11.7396 12.773
    endloop
  endfacet
  facet normal 0.0474355 0.0260239 0.998535
    outer loop
      vertex -8.00146 11.6823 12.773
      vertex -8.43843 7.68639 12.8979
      vertex -8.41041 7.68136 12.8967
    endloop
  endfacet
  facet normal -0.148742 -0.0535097 0.987427
    outer loop
      vertex -11.1546 -8.45932 13.3681
      vertex -21.199 -12.8207 11.6187
      vertex -21.1477 -12.9633 11.6187
    endloop
  endfacet
  facet normal 0.108717 0.147766 0.983029
    outer loop
      vertex 20.1391 8.06528 11.3122
      vertex 19.5296 7.04282 11.5333
      vertex 20.4307 7.85074 11.3122
    endloop
  endfacet
  facet normal 0.299995 0.178846 0.937026
    outer loop
      vertex 21.9568 7.70297 10.8785
      vertex 20.6699 7.58933 11.3122
      vertex 20.8477 7.29109 11.3122
    endloop
  endfacet
  facet normal 0.262334 0.240045 0.934644
    outer loop
      vertex 21.2795 8.61179 10.8785
      vertex 20.4307 7.85074 11.3122
      vertex 20.6699 7.58933 11.3122
    endloop
  endfacet
  facet normal -0.545592 0.247175 0.800771
    outer loop
      vertex -15.5861 5.19191 11.6715
      vertex -15.2889 5.18573 11.8759
      vertex -15.5326 5.31972 11.6685
    endloop
  endfacet
  facet normal -0.545626 0.246959 0.800814
    outer loop
      vertex -15.2889 5.18573 11.8759
      vertex -15.5861 5.19191 11.6715
      vertex -15.3923 4.95728 11.8759
    endloop
  endfacet
  facet normal -0.335887 0.113826 0.934999
    outer loop
      vertex -15.8032 4.00351 11.8444
      vertex -14.9342 4.40254 12.108
      vertex -15.3923 4.95728 11.8759
    endloop
  endfacet
  facet normal -0.335973 0.114051 0.934941
    outer loop
      vertex -15.8156 3.5694 11.8929
      vertex -14.9342 4.40254 12.108
      vertex -15.8032 4.00351 11.8444
    endloop
  endfacet
  facet normal -0.335839 0.113892 0.935008
    outer loop
      vertex -14.9342 4.40254 12.108
      vertex -15.8156 3.5694 11.8929
      vertex -15.8156 2.56865 12.0148
    endloop
  endfacet
  facet normal -0.335966 0.113947 0.934956
    outer loop
      vertex -17.5281 0 11.7125
      vertex -21.6681 -9.60965 11.396
      vertex -17.05 0 11.8843
    endloop
  endfacet
  facet normal -0.0772442 0.040779 0.996178
    outer loop
      vertex -8.60633 11.6823 12.773
      vertex -9.10033 7.7174 12.897
      vertex -8.57608 11.7396 12.773
    endloop
  endfacet
  facet normal -0.0783716 0.0409165 0.996084
    outer loop
      vertex -9.10033 7.7174 12.897
      vertex -8.60633 11.6823 12.773
      vertex -9.11851 7.71666 12.8956
    endloop
  endfacet
  facet normal -0.0756463 0.040579 0.996309
    outer loop
      vertex -9.33629 6.03052 12.9477
      vertex -11.0922 -7.56461 13.3681
      vertex -9.32052 6.028 12.949
    endloop
  endfacet
  facet normal -0.181723 0.0409749 0.982496
    outer loop
      vertex -12.826 0 12.7366
      vertex -12.3789 -7.01366 13.1118
      vertex -11.1546 -7.72948 13.3681
    endloop
  endfacet
  facet normal -0.181743 0.0409734 0.982492
    outer loop
      vertex -12.3789 -7.01366 13.1118
      vertex -12.826 0 12.7366
      vertex -12.9898 0 12.7063
    endloop
  endfacet
  facet normal -0.2768 0.224418 0.934355
    outer loop
      vertex -8.98943 12.2494 12.5281
      vertex -9.10999 12.1007 12.5281
      vertex -8.57608 11.7396 12.773
    endloop
  endfacet
  facet normal -0.0389247 0.0359442 0.998595
    outer loop
      vertex -8.53537 11.7898 12.773
      vertex -9.05937 7.71906 12.8991
      vertex -9.04071 7.71982 12.8998
    endloop
  endfacet
  facet normal -0.0406364 0.0361739 0.998519
    outer loop
      vertex -9.27793 6.02119 12.9517
      vertex -10.9058 -7.30152 13.3681
      vertex -9.25212 6.01706 12.9529
    endloop
  endfacet
  facet normal -0.0420975 0.0363503 0.998452
    outer loop
      vertex -10.9058 -7.30152 13.3681
      vertex -9.27793 6.02119 12.9517
      vertex -11.0082 -7.42011 13.3681
    endloop
  endfacet
  facet normal -0.492089 0.378848 0.783788
    outer loop
      vertex -9.61293 12.4409 12.0479
      vertex -13.7834 7.71898 11.7119
      vertex -9.10999 12.1007 12.5281
    endloop
  endfacet
  facet normal -0.492121 0.378879 0.783752
    outer loop
      vertex -9.61293 12.4409 12.0479
      vertex -13.9636 7.71164 11.6023
      vertex -13.7834 7.71898 11.7119
    endloop
  endfacet
  facet normal -0.492993 0.379774 0.782771
    outer loop
      vertex -13.9636 7.71164 11.6023
      vertex -9.61293 12.4409 12.0479
      vertex -14.011 7.70576 11.5753
    endloop
  endfacet
  facet normal -0.580819 0.39073 0.714128
    outer loop
      vertex -15.5939 7.02667 10.8277
      vertex -15.7341 15.477 6.09013
      vertex -15.6648 6.94522 10.8146
    endloop
  endfacet
  facet normal -0.58121 0.390589 0.713887
    outer loop
      vertex -15.7341 15.477 6.09013
      vertex -15.5939 7.02667 10.8277
      vertex -15.4807 7.12749 10.8647
    endloop
  endfacet
  facet normal 0.391372 -0.687208 0.612023
    outer loop
      vertex 18.5435 -12.6383 9.36366
      vertex 17.6947 -13.1217 9.36366
      vertex 18.9278 -13.2511 8.42983
    endloop
  endfacet
  facet normal 0.137253 -0.105732 0.984877
    outer loop
      vertex 17.3488 -9.38049 11.2116
      vertex 16.256 -8.7582 11.4307
      vertex 17.1195 -9.67815 11.2116
    endloop
  endfacet
  facet normal 0.239703 -0.213087 -0.947173
    outer loop
      vertex 31.5451 -0.263739 1.17128
      vertex 19.8822 -11.5767 0.764819
      vertex 20.4226 -10.9688 0.764819
    endloop
  endfacet
  facet normal 0.132046 -0.117406 -0.984266
    outer loop
      vertex 19.5749 -10.0152 0.397855
      vertex 19.2334 -8.2802 0.145085
      vertex 19.9765 -9.56352 0.397855
    endloop
  endfacet
  facet normal 0.52153 -0.490303 -0.698291
    outer loop
      vertex 20.4904 -14.6666 2.39132
      vertex 20.349 -13.9479 1.78108
      vertex 32.5701 -1.25827 1.99862
    endloop
  endfacet
  facet normal 0.0834484 -0.435818 -0.896158
    outer loop
      vertex 18.6861 -14.644 1.78108
      vertex 4.11749 -16.7689 1.45786
      vertex 18.6861 -13.5147 1.23188
    endloop
  endfacet
  facet normal 0.187045 -0.292986 -0.937643
    outer loop
      vertex 19.4291 -13.3607 1.23188
      vertex 19.2959 -11.951 0.764819
      vertex 19.8822 -11.5767 0.764819
    endloop
  endfacet
  facet normal 0.00756812 -0.0132988 -0.999883
    outer loop
      vertex 16.1617 -8.84069 0.0275869
      vertex 16.054 -8.90198 0.0275869
      vertex 18.7803 -6.49616 0.0162239
    endloop
  endfacet
  facet normal -0.000109871 -0.000768434 -1
    outer loop
      vertex -23.914 -11.8396 0.0155869
      vertex -24.0301 -11.823 0.0155869
      vertex 2.81756 -8.24877 0.00989056
    endloop
  endfacet
  facet normal -0.0019907 -0.0139229 -0.999901
    outer loop
      vertex -20.9598 -13.1564 0.0280409
      vertex -24.0301 -11.823 0.0155869
      vertex -23.914 -11.8396 0.0155869
    endloop
  endfacet
  facet normal -0.233625 -0.301331 -0.924456
    outer loop
      vertex -25.7092 -17.2621 1.18349
      vertex -26.5201 -16.6334 1.18349
      vertex -26.0528 -15.6191 0.73478
    endloop
  endfacet
  facet normal 0.0194682 -0.145249 -0.989204
    outer loop
      vertex 2.81756 -13.6858 0.466269
      vertex -20.9598 -15.405 0.250751
      vertex 15.9372 -8.93972 0.0275869
    endloop
  endfacet
  facet normal -0.0967467 0.0581993 -0.993606
    outer loop
      vertex -14.6951 6.18556 0.0199299
      vertex -25.1596 -9.17051 0.139387
      vertex -14.9499 8.46447 0.178224
    endloop
  endfacet
  facet normal -0.000729459 0.000413006 -1
    outer loop
      vertex -13.7493 -0.591267 0.0119028
      vertex -24.4086 -10.4977 0.0155869
      vertex -24.3346 -10.367 0.0155869
    endloop
  endfacet
  facet normal -2.44213e-05 -0.00021935 -1
    outer loop
      vertex 17.7469 1.29317 0.00743294
      vertex 2.81756 -8.24877 0.00989056
      vertex 17.6922 1.29926 0.00743294
    endloop
  endfacet
  facet normal -0.000460166 0.000399344 -1
    outer loop
      vertex -1.80512 3.76297 0.00814533
      vertex -13.7493 -0.591267 0.0119028
      vertex -13.7081 -0.543792 0.0119028
    endloop
  endfacet
  facet normal 0.0344174 -0.0034944 -0.999401
    outer loop
      vertex 27.2076 6.77691 0.0954113
      vertex 24.8183 7.48015 0.0106697
      vertex 27.279 7.48015 0.0954113
    endloop
  endfacet
  facet normal 0.0034326 0.0354616 -0.999365
    outer loop
      vertex 23.8085 8.67392 0.0106697
      vertex -1.16154 11.3079 0.0183678
      vertex 24.2886 11.0156 0.0954113
    endloop
  endfacet
  facet normal -3.28763e-05 3.95414e-05 -1
    outer loop
      vertex 17.591 1.87337 0.00743294
      vertex -1.80512 3.76297 0.00814533
      vertex -1.67929 3.86759 0.00814533
    endloop
  endfacet
  facet normal -0.000181501 -0.000236237 -1
    outer loop
      vertex 2.55638 -8.17314 0.00989056
      vertex -24.1416 -11.7739 0.0155869
      vertex -1.67929 2.46877 0.00814533
    endloop
  endfacet
  facet normal 0.0740993 -0.038065 -0.996524
    outer loop
      vertex 23.558 -2.70973 0.119328
      vertex 22.5077 -1.97968 0.0133438
      vertex 23.7342 -2.36673 0.119328
    endloop
  endfacet
  facet normal 0.000848032 -0.00409035 -0.999991
    outer loop
      vertex 18.6861 -6.51569 0.0162239
      vertex 2.95071 -8.22968 0.00989056
      vertex 18.7803 -6.49616 0.0162239
    endloop
  endfacet
  facet normal 0.114904 0.0116632 -0.993308
    outer loop
      vertex 31.6831 7.48015 0.502965
      vertex 29.481 8.62215 0.26164
      vertex 31.5271 9.01703 0.502965
    endloop
  endfacet
  facet normal 0.0715265 0.00726539 -0.997412
    outer loop
      vertex 29.597 7.48015 0.26164
      vertex 27.279 7.48015 0.0954113
      vertex 29.481 8.62215 0.26164
    endloop
  endfacet
  facet normal -0.00118759 0.00681181 -0.999976
    outer loop
      vertex -1.24643 11.2931 0.0183678
      vertex -8.36776 11.8805 0.0308266
      vertex -1.16154 11.3079 0.0183678
    endloop
  endfacet
  facet normal -0.0248437 0.247893 -0.968469
    outer loop
      vertex -8.3039 11.8869 0.0308266
      vertex -8.36776 11.8805 0.0308266
      vertex -1.16154 14.242 0.450428
    endloop
  endfacet
  facet normal -0.000414422 0.00237705 -0.999997
    outer loop
      vertex 5.61 9.49952 0.0112629
      vertex -1.24643 11.2931 0.0183678
      vertex -1.16154 11.3079 0.0183678
    endloop
  endfacet
  facet normal -0.000478016 0.00088285 -0.999999
    outer loop
      vertex -1.67929 3.86759 0.00814533
      vertex -6.61342 8.35575 0.0144663
      vertex -1.53573 3.94532 0.00814533
    endloop
  endfacet
  facet normal -0.000520744 0.00230023 -0.999997
    outer loop
      vertex -6.29663 8.45367 0.0144663
      vertex -6.46148 8.41635 0.0144663
      vertex -1.24643 11.2931 0.0183678
    endloop
  endfacet
  facet normal -0.00142301 0.00393588 -0.999991
    outer loop
      vertex -6.46148 8.41635 0.0144663
      vertex -8.42917 11.8616 0.0308266
      vertex -1.24643 11.2931 0.0183678
    endloop
  endfacet
  facet normal -0.000589727 0.000756282 -1
    outer loop
      vertex -1.67929 3.86759 0.00814533
      vertex -13.7081 -0.543792 0.0119028
      vertex -6.74659 8.2742 0.0144663
    endloop
  endfacet
  facet normal -0.00055889 0.000672196 -1
    outer loop
      vertex -1.80512 3.76297 0.00814533
      vertex -13.7081 -0.543792 0.0119028
      vertex -1.67929 3.86759 0.00814533
    endloop
  endfacet
  facet normal -0.00096157 0.00104975 -0.999999
    outer loop
      vertex -13.7081 -0.543792 0.0119028
      vertex -14.6314 6.25712 0.0199299
      vertex -6.85588 8.17482 0.0144663
    endloop
  endfacet
  facet normal -0.00167568 0.00379866 -0.999991
    outer loop
      vertex -6.61342 8.35575 0.0144663
      vertex -14.6314 6.25712 0.0199299
      vertex -8.42917 11.8616 0.0308266
    endloop
  endfacet
  facet normal -0.105512 -0.00717665 -0.994392
    outer loop
      vertex -25.6417 -11.4753 0.139387
      vertex -25.6756 -10.9769 0.139387
      vertex -24.4974 -11.1452 0.0155869
    endloop
  endfacet
  facet normal -0.093561 0.0344867 -0.995016
    outer loop
      vertex -24.4086 -10.4977 0.0155869
      vertex -25.5415 -9.99931 0.139387
      vertex -25.3787 -9.55764 0.139387
    endloop
  endfacet
  facet normal -0.141768 0.126162 -0.981827
    outer loop
      vertex -14.7613 8.6764 0.178224
      vertex -14.9499 8.46447 0.178224
      vertex -14.8837 10.9553 0.488729
    endloop
  endfacet
  facet normal -0.0547308 0.0622663 -0.996558
    outer loop
      vertex -14.6314 6.25712 0.0199299
      vertex -14.7613 8.6764 0.178224
      vertex -8.53537 11.7898 0.0308266
    endloop
  endfacet
  facet normal -0.0840272 0.273022 -0.958331
    outer loop
      vertex -8.42917 11.8616 0.0308266
      vertex -14.5652 13.1627 0.939512
      vertex -8.36776 11.8805 0.0308266
    endloop
  endfacet
  facet normal -0.0757956 0.306165 -0.948956
    outer loop
      vertex -8.36776 11.8805 0.0308266
      vertex -14.5652 13.1627 0.939512
      vertex -14.5652 14.941 1.51325
    endloop
  endfacet
  facet normal 0.0730028 0.248048 -0.965993
    outer loop
      vertex 27.3498 16.3485 0.810115
      vertex 25.7658 18.2212 1.17128
      vertex 27.8833 17.598 1.17128
    endloop
  endfacet
  facet normal 0.0246573 0.257936 -0.965847
    outer loop
      vertex 25.4939 16.8948 0.810115
      vertex 23.5638 18.4317 1.17128
      vertex 25.7658 18.2212 1.17128
    endloop
  endfacet
  facet normal -0.564921 0.208168 -0.798455
    outer loop
      vertex -28.2478 -8.37356 1.18349
      vertex -28.8584 -8.00676 1.71113
      vertex -27.8144 -7.19741 1.18349
    endloop
  endfacet
  facet normal -0.156626 0.429425 -0.889417
    outer loop
      vertex -14.5652 14.941 1.51325
      vertex -15.0875 14.7505 1.51325
      vertex -14.5652 16.3383 2.18789
    endloop
  endfacet
  facet normal 0.118583 0.228676 -0.966253
    outer loop
      vertex 29.0603 15.4615 0.810115
      vertex 27.3498 16.3485 0.810115
      vertex 29.8347 16.586 1.17128
    endloop
  endfacet
  facet normal 0.118585 0.228662 -0.966256
    outer loop
      vertex 29.8347 16.586 1.17128
      vertex 27.3498 16.3485 0.810115
      vertex 27.8833 17.598 1.17128
    endloop
  endfacet
  facet normal 0.250743 0.0254533 -0.967719
    outer loop
      vertex 33.4572 7.48015 0.810115
      vertex 33.2671 9.35284 0.810115
      vertex 34.6342 9.61668 1.17128
    endloop
  endfacet
  facet normal 0.385358 -0.0391215 -0.921937
    outer loop
      vertex 35.8112 7.48015 1.57259
      vertex 34.6342 5.34362 1.17128
      vertex 34.8511 7.48015 1.17128
    endloop
  endfacet
  facet normal 0.25074 -0.0254551 -0.96772
    outer loop
      vertex 34.6342 5.34362 1.17128
      vertex 33.4572 7.48015 0.810115
      vertex 34.8511 7.48015 1.17128
    endloop
  endfacet
  facet normal 0.250743 -0.0254533 -0.967719
    outer loop
      vertex 34.6342 5.34362 1.17128
      vertex 33.2671 5.60746 0.810115
      vertex 33.4572 7.48015 0.810115
    endloop
  endfacet
  facet normal 0.655058 0.0664868 -0.752648
    outer loop
      vertex 35.8112 7.48015 1.57259
      vertex 35.5759 9.79843 1.57259
      vertex 36.3007 7.48015 1.99862
    endloop
  endfacet
  facet normal 0.655058 -0.0664871 -0.752648
    outer loop
      vertex 36.3007 7.48015 1.99862
      vertex 35.5759 5.16188 1.57259
      vertex 35.8112 7.48015 1.57259
    endloop
  endfacet
  facet normal 0.170567 0.0173133 -0.985194
    outer loop
      vertex 31.6831 7.48015 0.502965
      vertex 31.5271 9.01703 0.502965
      vertex 33.4572 7.48015 0.810115
    endloop
  endfacet
  facet normal 0.164001 -0.0512755 -0.985127
    outer loop
      vertex 32.7041 3.80674 0.810115
      vertex 31.5271 5.94328 0.502965
      vertex 33.2671 5.60746 0.810115
    endloop
  endfacet
  facet normal 0.110483 0.0345483 -0.993277
    outer loop
      vertex 31.5271 9.01703 0.502965
      vertex 29.481 8.62215 0.26164
      vertex 31.065 10.4948 0.502965
    endloop
  endfacet
  facet normal 0.163994 -0.0512794 -0.985128
    outer loop
      vertex 32.7041 3.80674 0.810115
      vertex 31.065 4.46546 0.502965
      vertex 31.5271 5.94328 0.502965
    endloop
  endfacet
  facet normal 0.132444 0.112021 -0.98484
    outer loop
      vertex 31.7898 12.8131 0.810115
      vertex 30.3147 11.8568 0.502965
      vertex 30.5595 14.2677 0.810115
    endloop
  endfacet
  facet normal 0.0555566 0.0469945 -0.997349
    outer loop
      vertex 28.5802 10.7323 0.26164
      vertex 26.1909 10.0291 0.0954113
      vertex 27.8299 11.6193 0.26164
    endloop
  endfacet
  facet normal 0.132446 0.112021 -0.98484
    outer loop
      vertex 30.3147 11.8568 0.502965
      vertex 29.305 13.0506 0.502965
      vertex 30.5595 14.2677 0.810115
    endloop
  endfacet
  facet normal 0.151119 0.0832488 -0.985004
    outer loop
      vertex 31.065 10.4948 0.502965
      vertex 30.3147 11.8568 0.502965
      vertex 32.7041 11.1536 0.810115
    endloop
  endfacet
  facet normal 0.108673 0.136474 -0.984665
    outer loop
      vertex 30.5595 14.2677 0.810115
      vertex 28.0746 14.0303 0.502965
      vertex 29.0603 15.4615 0.810115
    endloop
  endfacet
  facet normal 0.108672 0.136481 -0.984664
    outer loop
      vertex 29.305 13.0506 0.502965
      vertex 28.0746 14.0303 0.502965
      vertex 30.5595 14.2677 0.810115
    endloop
  endfacet
  facet normal 0.0732283 0.0919671 -0.993066
    outer loop
      vertex 29.305 13.0506 0.502965
      vertex 27.8299 11.6193 0.26164
      vertex 28.0746 14.0303 0.502965
    endloop
  endfacet
  facet normal 0.0544147 0.104917 -0.992991
    outer loop
      vertex 26.9157 12.3473 0.26164
      vertex 25.8726 12.8883 0.26164
      vertex 26.6709 14.7583 0.502965
    endloop
  endfacet
  facet normal -0.663323 0.269675 0.698053
    outer loop
      vertex -28.3639 -6.66491 4.76301
      vertex -28.6781 -7.24918 4.69016
      vertex -22.176 -5.8414 10.3249
    endloop
  endfacet
  facet normal -0.705374 0.299204 0.642592
    outer loop
      vertex -28.3639 -6.66491 4.76301
      vertex -28.7424 -6.29811 4.17674
      vertex -28.6781 -7.24918 4.69016
    endloop
  endfacet
  facet normal -0.0779631 0.782166 0.618173
    outer loop
      vertex -8.3039 13.7003 11.3506
      vertex -8.71724 13.6591 11.3506
      vertex -8.3039 13.1492 12.0479
    endloop
  endfacet
  facet normal -0.0812759 0.815403 0.57316
    outer loop
      vertex -8.3039 13.7003 11.3506
      vertex -14.5652 17.3008 5.3405
      vertex -8.71724 13.6591 11.3506
    endloop
  endfacet
  facet normal -0.687205 0.61157 0.392085
    outer loop
      vertex -15.2376 17.5461 4.54471
      vertex -15.8336 16.3662 5.3405
      vertex -15.2118 17.0649 5.3405
    endloop
  endfacet
  facet normal -0.296585 0.812936 0.501171
    outer loop
      vertex -14.5652 17.7914 4.54471
      vertex -15.2118 17.0649 5.3405
      vertex -14.5652 17.3008 5.3405
    endloop
  endfacet
  facet normal -0.558659 0.497172 0.663867
    outer loop
      vertex -15.2118 17.0649 5.3405
      vertex -15.8336 16.3662 5.3405
      vertex -15.1611 16.1209 6.09013
    endloop
  endfacet
  facet normal -0.55867 0.497155 0.663871
    outer loop
      vertex -15.1611 16.1209 6.09013
      vertex -15.8336 16.3662 5.3405
      vertex -15.7341 15.477 6.09013
    endloop
  endfacet
  facet normal -0.420376 0.550304 0.721422
    outer loop
      vertex -9.17856 12.8806 12.0479
      vertex -15.2118 17.0649 5.3405
      vertex -15.1611 16.1209 6.09013
    endloop
  endfacet
  facet normal -0.438498 0.527835 0.727399
    outer loop
      vertex -9.17856 12.8806 12.0479
      vertex -15.1611 16.1209 6.09013
      vertex -9.41714 12.6824 12.0479
    endloop
  endfacet
  facet normal -0.830761 0.459249 0.314526
    outer loop
      vertex -15.8843 16.8195 4.54471
      vertex -28.9354 -6.11112 3.55436
      vertex -15.8336 16.3662 5.3405
    endloop
  endfacet
  facet normal -0.868463 0.491488 0.0649046
    outer loop
      vertex -28.1843 -4.78392 3.55436
      vertex -28.9354 -6.11112 3.55436
      vertex -15.8843 16.8195 4.54471
    endloop
  endfacet
  facet normal -0.915127 0.191381 0.354846
    outer loop
      vertex -29.4935 -7.62531 3.55436
      vertex -29.8371 -9.2683 3.55436
      vertex -29.6095 -9.33396 4.17674
    endloop
  endfacet
  facet normal -0.938295 0.345837 0
    outer loop
      vertex -29.4935 -7.62531 2.91978
      vertex -28.9354 -6.11112 3.55436
      vertex -28.9354 -6.11112 2.91978
    endloop
  endfacet
  facet normal -0.938295 0.345837 0
    outer loop
      vertex -28.9354 -6.11112 3.55436
      vertex -29.4935 -7.62531 2.91978
      vertex -29.4935 -7.62531 3.55436
    endloop
  endfacet
  facet normal -0.0626431 0.666457 -0.742907
    outer loop
      vertex 23.5638 19.3632 1.57259
      vertex -14.5652 17.3008 2.93752
      vertex 23.5638 19.8381 1.99862
    endloop
  endfacet
  facet normal -0.0623232 0.65225 -0.755437
    outer loop
      vertex 21.1745 19.1349 1.57259
      vertex -14.5652 17.3008 2.93752
      vertex 23.5638 19.3632 1.57259
    endloop
  endfacet
  facet normal -0.0421178 0.436307 -0.898812
    outer loop
      vertex 21.1745 19.1349 1.57259
      vertex -1.16154 15.5229 0.865885
      vertex -1.16154 16.6122 1.39466
    endloop
  endfacet
  facet normal -0.062043 0.435853 -0.897877
    outer loop
      vertex -1.16154 15.5229 0.865885
      vertex -14.5652 16.3383 2.18789
      vertex -1.16154 16.6122 1.39466
    endloop
  endfacet
  facet normal -0.201599 -0.458242 -0.865663
    outer loop
      vertex -24.9581 -18.5893 1.71113
      vertex -25.9621 -18.1476 1.71113
      vertex -25.7092 -17.2621 1.18349
    endloop
  endfacet
  facet normal 0.0335054 -0.31551 -0.948331
    outer loop
      vertex 2.81756 -16.1949 1.08583
      vertex -20.9598 -19.4293 1.32184
      vertex -20.9598 -17.523 0.687613
    endloop
  endfacet
  facet normal -0.195697 -0.585964 -0.786352
    outer loop
      vertex -20.9598 -21.0504 2.12906
      vertex -21.5535 -22.1259 3.07824
      vertex -21.4802 -20.8766 2.12906
    endloop
  endfacet
  facet normal -0.275714 -0.57121 -0.773111
    outer loop
      vertex -21.5535 -22.1259 3.07824
      vertex -25.9621 -18.1476 1.71113
      vertex -21.4802 -20.8766 2.12906
    endloop
  endfacet
  facet normal 0.0284743 -0.19853 -0.979681
    outer loop
      vertex 3.86763 -14.9403 0.75101
      vertex 2.81756 -13.6858 0.466269
      vertex 3.67933 -13.5622 0.466269
    endloop
  endfacet
  facet normal 0.195536 -0.163206 -0.967021
    outer loop
      vertex 32.9488 1.39582 1.17128
      vertex 19.9765 -9.56352 0.397855
      vertex 31.7898 2.14719 0.810115
    endloop
  endfacet
  facet normal 0.370425 -0.11581 -0.921615
    outer loop
      vertex 34.8789 2.93269 1.57259
      vertex 33.9919 3.28919 1.17128
      vertex 34.6342 5.34362 1.17128
    endloop
  endfacet
  facet normal 0.370403 -0.115814 -0.921623
    outer loop
      vertex 34.8789 2.93269 1.57259
      vertex 34.6342 5.34362 1.17128
      vertex 35.5759 5.16188 1.57259
    endloop
  endfacet
  facet normal 0.506148 -0.428122 -0.748682
    outer loop
      vertex 34.1541 0.614416 1.99862
      vertex 32.5701 -1.25827 1.99862
      vertex 33.7471 0.878263 1.57259
    endloop
  endfacet
  facet normal 0.994885 0.101018 0
    outer loop
      vertex 36.3007 7.48015 2.433
      vertex 36.0559 9.89108 1.99862
      vertex 36.0559 9.89108 2.433
    endloop
  endfacet
  facet normal 0.994885 0.101018 0
    outer loop
      vertex 36.0559 9.89108 1.99862
      vertex 36.3007 7.48015 2.433
      vertex 36.3007 7.48015 1.99862
    endloop
  endfacet
  facet normal 0.954442 0.298397 0
    outer loop
      vertex 36.0559 9.89108 2.433
      vertex 35.3311 12.2094 1.99862
      vertex 35.3311 12.2094 2.433
    endloop
  endfacet
  facet normal 0.954442 0.298397 0
    outer loop
      vertex 35.3311 12.2094 1.99862
      vertex 36.0559 9.89108 2.433
      vertex 36.0559 9.89108 1.99862
    endloop
  endfacet
  facet normal 0.241071 0.0753692 -0.967576
    outer loop
      vertex 34.6342 9.61668 1.17128
      vertex 32.7041 11.1536 0.810115
      vertex 33.9919 11.6711 1.17128
    endloop
  endfacet
  facet normal 0.241072 0.07537 -0.967576
    outer loop
      vertex 33.2671 9.35284 0.810115
      vertex 32.7041 11.1536 0.810115
      vertex 34.6342 9.61668 1.17128
    endloop
  endfacet
  facet normal 0.504577 0.0512134 0.861846
    outer loop
      vertex 35.5759 9.79843 2.85903
      vertex 23.2749 6.63094 10.249
      vertex 35.8112 7.48015 2.85903
    endloop
  endfacet
  facet normal 0.502713 0.0552274 0.862687
    outer loop
      vertex 23.1941 7.36643 10.249
      vertex 22.1346 7.17745 10.8785
      vertex 23.2749 6.63094 10.249
    endloop
  endfacet
  facet normal 0.629275 -0.196755 0.751864
    outer loop
      vertex 35.5759 5.16188 2.85903
      vertex 34.8789 2.93269 2.85903
      vertex 35.3311 2.75095 2.433
    endloop
  endfacet
  facet normal 0.655127 -0.0665202 0.752585
    outer loop
      vertex 36.3007 7.48015 2.433
      vertex 35.5759 5.16188 2.85903
      vertex 36.0559 5.06923 2.433
    endloop
  endfacet
  facet normal 0.151346 0.0902271 0.984354
    outer loop
      vertex 20.6699 7.58933 11.3122
      vertex 19.6103 6.95455 11.5333
      vertex 20.8477 7.29109 11.3122
    endloop
  endfacet
  facet normal 0.0381326 -0.274091 0.960947
    outer loop
      vertex -10.1402 -10.8642 13.1118
      vertex -10.5305 -10.9185 13.1118
      vertex -9.89664 -12.5924 12.6092
    endloop
  endfacet
  facet normal 0.33688 0.423072 0.841143
    outer loop
      vertex 30.3681 17.3606 2.85903
      vertex 22.0434 9.29672 10.249
      vertex 32.224 15.8828 2.85903
    endloop
  endfacet
  facet normal 0.387825 0.354975 0.850638
    outer loop
      vertex 32.224 15.8828 2.85903
      vertex 22.0434 9.29672 10.249
      vertex 22.5663 8.72543 10.249
    endloop
  endfacet
  facet normal 0.321803 0.437352 0.839742
    outer loop
      vertex 30.3681 17.3606 2.85903
      vertex 21.4062 9.76557 10.249
      vertex 22.0434 9.29672 10.249
    endloop
  endfacet
  facet normal 0.18881 0.641467 0.743553
    outer loop
      vertex 28.438 18.8974 2.433
      vertex 26.0486 19.6007 2.433
      vertex 28.2507 18.4587 2.85903
    endloop
  endfacet
  facet normal 0.112684 -0.128885 0.985236
    outer loop
      vertex 17.1195 -9.67815 11.2116
      vertex 16.1617 -8.84069 11.4307
      vertex 16.8401 -9.92243 11.2116
    endloop
  endfacet
  facet normal 0.339562 0.0373322 0.939843
    outer loop
      vertex 22.1946 6.63094 10.8785
      vertex 20.9572 6.96748 11.3122
      vertex 20.9942 6.63094 11.3122
    endloop
  endfacet
  facet normal 0.502701 -0.0551893 0.862697
    outer loop
      vertex 22.1946 6.63094 10.8785
      vertex 22.1346 6.08442 10.8785
      vertex 23.2749 6.63094 10.249
    endloop
  endfacet
  facet normal 0.502701 0.0551903 0.862697
    outer loop
      vertex 23.2749 6.63094 10.249
      vertex 22.1346 7.17745 10.8785
      vertex 22.1946 6.63094 10.8785
    endloop
  endfacet
  facet normal 0.166263 0.564905 0.808232
    outer loop
      vertex 25.9532 19.1349 2.85903
      vertex 20.6793 10.114 10.249
      vertex 28.2507 18.4587 2.85903
    endloop
  endfacet
  facet normal 0.188787 0.641434 0.743587
    outer loop
      vertex 26.0486 19.6007 2.433
      vertex 25.9532 19.1349 2.85903
      vertex 28.2507 18.4587 2.85903
    endloop
  endfacet
  facet normal 0.622894 0.782306 -0
    outer loop
      vertex 32.5701 16.2186 1.99862
      vertex 30.64 17.7554 2.433
      vertex 32.5701 16.2186 2.433
    endloop
  endfacet
  facet normal 0.622894 0.782306 0
    outer loop
      vertex 30.64 17.7554 2.433
      vertex 32.5701 16.2186 1.99862
      vertex 30.64 17.7554 1.99862
    endloop
  endfacet
  facet normal 0.0977983 0.359573 0.927978
    outer loop
      vertex 20.2658 9.21905 10.8785
      vertex 19.6797 9.37846 10.8785
      vertex 19.8065 8.22469 11.3122
    endloop
  endfacet
  facet normal 0.142659 0.524513 0.839366
    outer loop
      vertex 19.8905 10.3285 10.249
      vertex 19.6797 9.37846 10.8785
      vertex 20.2658 9.21905 10.8785
    endloop
  endfacet
  facet normal -0.0613663 0.615949 0.785392
    outer loop
      vertex -8.3039 13.1492 12.0479
      vertex -8.61104 13.1186 12.0479
      vertex -8.3039 12.5369 12.5281
    endloop
  endfacet
  facet normal 0.0353101 0.352328 0.93521
    outer loop
      vertex -8.11476 12.518 12.5281
      vertex -8.3039 11.8869 12.773
      vertex -8.24004 11.8805 12.773
    endloop
  endfacet
  facet normal 0.0838679 -0.442025 0.893074
    outer loop
      vertex -9.67747 -14.1477 11.8795
      vertex -20.9598 -19.4293 10.3249
      vertex 16.3999 -11.4177 10.7818
    endloop
  endfacet
  facet normal 0.0814955 -0.413897 0.906668
    outer loop
      vertex 16.3999 -11.4177 10.7818
      vertex -9.89664 -12.5924 12.6092
      vertex -9.67747 -14.1477 11.8795
    endloop
  endfacet
  facet normal 0.168651 -0.767514 0.618449
    outer loop
      vertex 16.7736 -13.4194 9.36366
      vertex -20.9598 -23.2014 7.51378
      vertex 16.9086 -14.1422 8.42983
    endloop
  endfacet
  facet normal 0.699325 -0.567633 0.43444
    outer loop
      vertex 34.1541 0.614416 2.433
      vertex 19.7766 -12.509 8.42983
      vertex 21.3056 -13.7497 4.34749
    endloop
  endfacet
  facet normal 0.166662 -0.292619 0.941593
    outer loop
      vertex 17.4792 -10.9414 10.7818
      vertex 16.5214 -10.1039 11.2116
      vertex 16.9616 -11.2362 10.7818
    endloop
  endfacet
  facet normal -0.0905524 -0.120054 0.988629
    outer loop
      vertex -10.789 -8.97539 13.3681
      vertex -11.642 -10.4426 13.1118
      vertex -11.2961 -10.7035 13.1118
    endloop
  endfacet
  facet normal 0.339562 -0.0373311 0.939843
    outer loop
      vertex 20.9942 6.63094 11.3122
      vertex 20.9572 6.29439 11.3122
      vertex 22.1946 6.63094 10.8785
    endloop
  endfacet
  facet normal 0.170613 -0.0446116 0.984328
    outer loop
      vertex 20.9572 6.29439 11.3122
      vertex 16.4264 -8.41861 11.4307
      vertex 17.6241 -8.67242 11.2116
    endloop
  endfacet
  facet normal -0.316568 -0.94857 0
    outer loop
      vertex -21.6298 -23.425 5.25256
      vertex -20.9598 -23.6486 6.39414
      vertex -21.6298 -23.425 6.39414
    endloop
  endfacet
  facet normal -0.316568 -0.94857 -0
    outer loop
      vertex -20.9598 -23.6486 6.39414
      vertex -21.6298 -23.425 5.25256
      vertex -20.9598 -23.6486 5.25256
    endloop
  endfacet
  facet normal -0.411687 -0.696399 -0.587829
    outer loop
      vertex -21.604 -22.9863 4.13292
      vertex -26.1363 -18.7576 2.2974
      vertex -21.5535 -22.1259 3.07824
    endloop
  endfacet
  facet normal 0.121841 -0.763031 -0.634774
    outer loop
      vertex 18.6861 -15.4219 2.39132
      vertex -20.9598 -23.2014 4.13292
      vertex -20.9598 -22.324 3.07824
    endloop
  endfacet
  facet normal 0.160592 -0.916611 -0.366107
    outer loop
      vertex 18.6861 -15.8185 3.03914
      vertex -20.9598 -23.6486 5.25256
      vertex -20.9598 -23.2014 4.13292
    endloop
  endfacet
  facet normal -0.296024 -0.887012 -0.354372
    outer loop
      vertex -20.9598 -23.6486 5.25256
      vertex -21.6298 -23.425 5.25256
      vertex -21.604 -22.9863 4.13292
    endloop
  endfacet
  facet normal -0.613869 -0.597032 0.516447
    outer loop
      vertex -21.5535 -22.1259 8.56846
      vertex -22.1244 -21.5389 8.56846
      vertex -21.604 -22.9863 7.51378
    endloop
  endfacet
  facet normal 0.200989 -0.969574 0.139748
    outer loop
      vertex 19.6427 -15.6202 3.69966
      vertex -20.9598 -23.6486 6.39414
      vertex 18.6861 -15.8185 3.69966
    endloop
  endfacet
  facet normal -0.591566 -0.763196 -0.259964
    outer loop
      vertex -21.6298 -23.425 5.25256
      vertex -27.2692 -18.2592 2.91978
      vertex -26.2251 -19.0685 2.91978
    endloop
  endfacet
  facet normal -0.698731 -0.587113 -0.408745
    outer loop
      vertex -27.1402 -17.9793 2.2974
      vertex -28.1843 -17.17 2.91978
      vertex -28.0202 -16.932 2.2974
    endloop
  endfacet
  facet normal 0.0613663 0.615949 0.785392
    outer loop
      vertex -8.3039 13.1492 12.0479
      vertex -8.3039 12.5369 12.5281
      vertex -7.99676 13.1186 12.0479
    endloop
  endfacet
  facet normal 0.0693382 0.695965 0.71472
    outer loop
      vertex 26.0486 19.6007 2.433
      vertex -8.3039 13.1492 12.0479
      vertex -7.99676 13.1186 12.0479
    endloop
  endfacet
  facet normal -0.726695 -0.401203 0.557629
    outer loop
      vertex -22.6506 -20.5858 8.56846
      vertex -28.7424 -15.6558 4.17674
      vertex -22.1244 -21.5389 8.56846
    endloop
  endfacet
  facet normal -0.722684 -0.376842 0.579412
    outer loop
      vertex -22.4418 -19.5268 9.51765
      vertex -28.7424 -15.6558 4.17674
      vertex -22.6506 -20.5858 8.56846
    endloop
  endfacet
  facet normal -0.997699 0.067794 0
    outer loop
      vertex -29.9532 -10.9769 2.91978
      vertex -29.8371 -9.2683 3.55436
      vertex -29.8371 -9.2683 2.91978
    endloop
  endfacet
  facet normal -0.997699 0.067794 0
    outer loop
      vertex -29.8371 -9.2683 3.55436
      vertex -29.9532 -10.9769 2.91978
      vertex -29.9532 -10.9769 3.55436
    endloop
  endfacet
  facet normal -0.87273 -0.32164 -0.367273
    outer loop
      vertex -28.9354 -15.8428 2.91978
      vertex -29.279 -14.1998 2.2974
      vertex -28.7424 -15.6558 2.2974
    endloop
  endfacet
  facet normal -0.590361 -0.325835 0.738447
    outer loop
      vertex -22.176 -18.1789 10.3249
      vertex -22.4418 -19.5268 9.51765
      vertex -21.7976 -18.8645 10.3249
    endloop
  endfacet
  facet normal -0.456001 -0.251679 0.853651
    outer loop
      vertex -21.8635 -16.594 10.9591
      vertex -22.176 -18.1789 10.3249
      vertex -21.7976 -18.8645 10.3249
    endloop
  endfacet
  facet normal -0.677818 0.0460193 0.733788
    outer loop
      vertex -29.163 -9.46276 4.76301
      vertex -29.2658 -10.9769 4.76301
      vertex -22.5552 -10.9346 10.9591
    endloop
  endfacet
  facet normal -0.675571 0.0604273 0.734815
    outer loop
      vertex -22.4627 -9.90046 10.9591
      vertex -29.163 -9.46276 4.76301
      vertex -22.5552 -10.9346 10.9591
    endloop
  endfacet
  facet normal -0.365088 0.218947 -0.904861
    outer loop
      vertex -26.6362 -7.02912 0.73478
      vertex -27.231 -6.16651 1.18349
      vertex -15.406 12.5431 0.939512
    endloop
  endfacet
  facet normal -0.422201 0.155577 -0.893052
    outer loop
      vertex -27.4707 -8.8404 0.73478
      vertex -28.2478 -8.37356 1.18349
      vertex -27.8144 -7.19741 1.18349
    endloop
  endfacet
  facet normal -0.803022 0.454432 -0.385548
    outer loop
      vertex -28.7424 -6.29811 2.2974
      vertex -28.9354 -6.11112 2.91978
      vertex -28.0202 -5.02192 2.2974
    endloop
  endfacet
  facet normal -0.374101 0.211671 -0.902908
    outer loop
      vertex -27.1149 -7.87516 0.73478
      vertex -27.8144 -7.19741 1.18349
      vertex -26.6362 -7.02912 0.73478
    endloop
  endfacet
  facet normal -0.263846 0.149286 -0.952942
    outer loop
      vertex -26.2925 -8.67211 0.382229
      vertex -27.1149 -7.87516 0.73478
      vertex -25.9368 -8.04345 0.382229
    endloop
  endfacet
  facet normal -0.604055 0.12637 -0.78686
    outer loop
      vertex -28.5148 -9.64975 1.18349
      vertex -29.163 -9.46276 1.71113
      vertex -28.8584 -8.00676 1.71113
    endloop
  endfacet
  facet normal -0.323474 -0.0676723 -0.943814
    outer loop
      vertex -27.4707 -13.1135 0.73478
      vertex -27.6898 -12.0662 0.73478
      vertex -26.5569 -12.5645 0.382229
    endloop
  endfacet
  facet normal -0.335659 -0.0227717 -0.941708
    outer loop
      vertex -27.6898 -12.0662 0.73478
      vertex -27.7637 -10.9769 0.73478
      vertex -26.7746 -10.9769 0.382229
    endloop
  endfacet
  facet normal -0.21572 0.0146337 -0.976346
    outer loop
      vertex -25.6417 -10.4786 0.139387
      vertex -26.7746 -10.9769 0.382229
      vertex -26.7197 -10.1676 0.382229
    endloop
  endfacet
  facet normal -0.215738 0.014677 -0.976341
    outer loop
      vertex -25.6756 -10.9769 0.139387
      vertex -26.7746 -10.9769 0.382229
      vertex -25.6417 -10.4786 0.139387
    endloop
  endfacet
  facet normal -0.604054 -0.12637 -0.78686
    outer loop
      vertex -28.8584 -13.9471 1.71113
      vertex -29.163 -12.4911 1.71113
      vertex -28.5148 -12.3041 1.18349
    endloop
  endfacet
  facet normal -0.62336 -0.0423203 -0.780789
    outer loop
      vertex -29.163 -12.4911 1.71113
      vertex -29.2658 -10.9769 1.71113
      vertex -28.5148 -12.3041 1.18349
    endloop
  endfacet
  facet normal -0.604043 -0.126375 -0.786868
    outer loop
      vertex -28.2478 -13.5803 1.18349
      vertex -28.8584 -13.9471 1.71113
      vertex -28.5148 -12.3041 1.18349
    endloop
  endfacet
  facet normal -0.263843 -0.149298 -0.952941
    outer loop
      vertex -25.9368 -13.9104 0.382229
      vertex -27.1149 -14.0787 0.73478
      vertex -26.2925 -13.2818 0.382229
    endloop
  endfacet
  facet normal -0.559917 -0.470474 -0.682017
    outer loop
      vertex -27.1402 -17.9793 2.2974
      vertex -28.0202 -16.932 2.2974
      vertex -26.8873 -17.4304 1.71113
    endloop
  endfacet
  facet normal -0.432333 -0.55765 -0.7086
    outer loop
      vertex -26.1363 -18.7576 2.2974
      vertex -27.1402 -17.9793 2.2974
      vertex -26.8873 -17.4304 1.71113
    endloop
  endfacet
  facet normal -0.50505 -0.285814 -0.814392
    outer loop
      vertex -27.6983 -16.4651 1.71113
      vertex -27.8144 -14.7565 1.18349
      vertex -27.231 -15.7874 1.18349
    endloop
  endfacet
  facet normal -0.423864 -0.356111 -0.832781
    outer loop
      vertex -26.8873 -17.4304 1.71113
      vertex -27.6983 -16.4651 1.71113
      vertex -27.231 -15.7874 1.18349
    endloop
  endfacet
  facet normal -0.156365 -0.0863771 0.983915
    outer loop
      vertex -21.1477 -12.9633 11.6187
      vertex -21.5163 -14.8328 11.396
      vertex -21.0892 -13.0692 11.6187
    endloop
  endfacet
  facet normal -0.524803 0.0828024 0.847187
    outer loop
      vertex -21.7927 -10.1241 11.396
      vertex -22.4627 -9.90046 10.9591
      vertex -21.8853 -10.711 11.396
    endloop
  endfacet
  facet normal -0.182706 0.0392464 0.982384
    outer loop
      vertex -12.3789 -7.01366 13.1118
      vertex -12.4927 -7.54344 13.1118
      vertex -11.193 -7.90836 13.3681
    endloop
  endfacet
  facet normal -0.121705 -0.105041 0.986993
    outer loop
      vertex -11.0082 -8.76868 13.3681
      vertex -11.9452 -10.0913 13.1118
      vertex -11.642 -10.4426 13.1118
    endloop
  endfacet
  facet normal -0.284792 0.044934 0.957536
    outer loop
      vertex -21.7927 -10.1241 11.396
      vertex -21.8853 -10.711 11.396
      vertex -21.2723 -11.5715 11.6187
    endloop
  endfacet
  facet normal -0.208619 -0.0750259 0.975115
    outer loop
      vertex -21.1477 -12.9633 11.6187
      vertex -21.6681 -14.4107 11.396
      vertex -21.5163 -14.8328 11.396
    endloop
  endfacet
  facet normal -0.23863 0.0654228 0.968904
    outer loop
      vertex -21.6681 -9.60965 11.396
      vertex -16.6952 0 11.9719
      vertex -17.0387 0 11.8873
    endloop
  endfacet
  facet normal -0.238496 0.0653512 0.968942
    outer loop
      vertex -16.6952 0 11.9719
      vertex -21.6681 -9.60965 11.396
      vertex -21.199 -11.1996 11.6187
    endloop
  endfacet
  facet normal -0.238458 0.0653301 0.968953
    outer loop
      vertex -15.8156 2.53899 12.0172
      vertex -15.8156 2.18748 12.0409
      vertex -14.9602 4.31453 12.108
    endloop
  endfacet
  facet normal -0.263828 0.0779403 0.961416
    outer loop
      vertex -15.8156 2.56865 12.0148
      vertex -14.9602 4.31453 12.108
      vertex -14.9342 4.40254 12.108
    endloop
  endfacet
  facet normal -0.263555 0.0778019 0.961502
    outer loop
      vertex -14.9602 4.31453 12.108
      vertex -15.8156 2.56865 12.0148
      vertex -15.8156 2.53899 12.0172
    endloop
  endfacet
  facet normal -0.255894 0.0739973 0.963869
    outer loop
      vertex -17.05 0 11.8843
      vertex -21.6681 -9.60965 11.396
      vertex -17.0387 0 11.8873
    endloop
  endfacet
  facet normal -0.669943 0.140154 0.729063
    outer loop
      vertex -28.8584 -8.00676 4.76301
      vertex -29.163 -9.46276 4.76301
      vertex -22.3123 -8.94736 10.9591
    endloop
  endfacet
  facet normal -0.671382 0.105945 0.7335
    outer loop
      vertex -22.3123 -8.94736 10.9591
      vertex -29.163 -9.46276 4.76301
      vertex -22.4627 -9.90046 10.9591
    endloop
  endfacet
  facet normal -0.650586 0.157544 0.742912
    outer loop
      vertex -22.11 -8.11195 10.9591
      vertex -22.5078 -6.76406 10.3249
      vertex -22.3123 -8.94736 10.9591
    endloop
  endfacet
  facet normal -0.571171 0.205361 0.794727
    outer loop
      vertex -21.8635 -7.42636 10.9591
      vertex -22.5078 -6.76406 10.3249
      vertex -22.11 -8.11195 10.9591
    endloop
  endfacet
  facet normal -0.572901 -0.016673 0.819455
    outer loop
      vertex -21.9423 -12.6725 11.396
      vertex -22.5865 -12.0102 10.9591
      vertex -22.5552 -13.0857 10.9591
    endloop
  endfacet
  facet normal -0.572855 -0.016607 0.819488
    outer loop
      vertex -21.9615 -12.0102 11.396
      vertex -22.5865 -12.0102 10.9591
      vertex -21.9423 -12.6725 11.396
    endloop
  endfacet
  facet normal -0.68566 -0.0613321 0.725334
    outer loop
      vertex -22.5552 -13.0857 10.9591
      vertex -29.163 -12.4911 4.76301
      vertex -22.4627 -14.1198 10.9591
    endloop
  endfacet
  facet normal -0.474044 -0.114794 0.872986
    outer loop
      vertex -21.6681 -14.4107 11.396
      vertex -22.3123 -15.073 10.9591
      vertex -22.11 -15.9084 10.9591
    endloop
  endfacet
  facet normal -0.157178 -0.0337393 0.986994
    outer loop
      vertex -11.193 -8.28043 13.3681
      vertex -21.241 -12.647 11.6187
      vertex -11.1546 -8.45932 13.3681
    endloop
  endfacet
  facet normal 0.0587244 0.00640837 0.998254
    outer loop
      vertex 18.2221 6.00869 11.6254
      vertex 19.7198 6.63094 11.5333
      vertex 19.7074 6.74457 11.5333
    endloop
  endfacet
  facet normal 0.0587383 0.00644105 0.998253
    outer loop
      vertex 19.7198 6.63094 11.5333
      vertex 18.2335 5.98863 11.6249
      vertex 18.2604 5.9138 11.6238
    endloop
  endfacet
  facet normal 0.058026 0.00809351 0.998282
    outer loop
      vertex 19.7198 6.63094 11.5333
      vertex 18.2221 6.00869 11.6254
      vertex 18.2335 5.98863 11.6249
    endloop
  endfacet
  facet normal 0.0587193 0.00648763 0.998253
    outer loop
      vertex 8.06996 0.978876 12.2552
      vertex -9.8679 -7.90836 13.3681
      vertex 8.10821 0.92503 12.2533
    endloop
  endfacet
  facet normal 0.0589774 0.00598399 0.998241
    outer loop
      vertex 9.79099 1.83155 12.1485
      vertex 11.6769 2.67865 12.032
      vertex 11.6588 2.75695 12.0326
    endloop
  endfacet
  facet normal 0.0588996 0.00615762 0.998245
    outer loop
      vertex 11.6769 2.67865 12.032
      vertex 9.79099 1.83155 12.1485
      vertex 9.83437 1.77326 12.1463
    endloop
  endfacet
  facet normal 0.105481 0.015894 0.994294
    outer loop
      vertex 16.5511 5.18081 11.7291
      vertex 16.5705 5.08334 11.7286
      vertex 16.5547 5.16943 11.7289
    endloop
  endfacet
  facet normal 0.0586448 0.00655156 0.998257
    outer loop
      vertex 16.5511 5.18081 11.7291
      vertex 15.6943 4.65279 11.7829
      vertex 16.5705 5.08334 11.7286
    endloop
  endfacet
  facet normal 0.0587488 0.00638231 0.998252
    outer loop
      vertex 15.6943 4.65279 11.7829
      vertex 16.5511 5.18081 11.7291
      vertex 15.4853 4.65279 11.7952
    endloop
  endfacet
  facet normal -0.298874 -0.290776 0.908913
    outer loop
      vertex -21.5823 -17.1034 10.9591
      vertex -21.7976 -18.8645 10.3249
      vertex -21.2771 -17.4171 10.9591
    endloop
  endfacet
  facet normal -0.196096 -0.190783 0.961846
    outer loop
      vertex -21.3431 -15.1466 11.396
      vertex -21.5823 -17.1034 10.9591
      vertex -21.2771 -17.4171 10.9591
    endloop
  endfacet
  facet normal -0.147673 -0.0558945 0.987456
    outer loop
      vertex -11.1546 -8.45932 13.3681
      vertex -21.1477 -12.9633 11.6187
      vertex -11.0922 -8.62418 13.3681
    endloop
  endfacet
  facet normal -0.307049 0.0274202 0.951299
    outer loop
      vertex -21.2723 -11.5715 11.6187
      vertex -21.9423 -11.3479 11.396
      vertex -21.2915 -11.7865 11.6187
    endloop
  endfacet
  facet normal 0.159126 0.332008 0.929758
    outer loop
      vertex 20.806 8.96018 10.8785
      vertex 19.8065 8.22469 11.3122
      vertex 20.1391 8.06528 11.3122
    endloop
  endfacet
  facet normal 0.056585 0.0688737 0.996019
    outer loop
      vertex 3.62645 9.79662 12.2462
      vertex -8.07242 11.7898 12.773
      vertex 3.62645 9.77782 12.2475
    endloop
  endfacet
  facet normal 0.0564309 0.0679499 0.996092
    outer loop
      vertex -8.07242 11.7898 12.773
      vertex 3.62645 9.79662 12.2462
      vertex -8.12203 11.831 12.773
    endloop
  endfacet
  facet normal 0.056266 0.0670202 0.996164
    outer loop
      vertex 5.69595 9.43826 12.1535
      vertex 5.69595 9.42191 12.1546
      vertex 19.5296 7.04282 11.5333
    endloop
  endfacet
  facet normal -0.556376 0.234813 0.797063
    outer loop
      vertex -15.6067 5.14276 11.6716
      vertex -15.3923 4.95728 11.8759
      vertex -15.5861 5.19191 11.6715
    endloop
  endfacet
  facet normal -0.556312 0.234906 0.79708
    outer loop
      vertex -15.698 4.81694 11.7039
      vertex -15.3923 4.95728 11.8759
      vertex -15.6067 5.14276 11.6716
    endloop
  endfacet
  facet normal -0.556348 0.235077 0.797004
    outer loop
      vertex -15.7633 4.44609 11.7677
      vertex -15.3923 4.95728 11.8759
      vertex -15.698 4.81694 11.7039
    endloop
  endfacet
  facet normal -0.555591 0.234373 0.797739
    outer loop
      vertex -15.3923 4.95728 11.8759
      vertex -15.7633 4.44609 11.7677
      vertex -15.7721 4.35273 11.789
    endloop
  endfacet
  facet normal -0.556231 0.234934 0.797128
    outer loop
      vertex -17.8851 1.80626 11.0651
      vertex -22.176 -5.8414 10.3249
      vertex -17.8851 0.98923 11.3059
    endloop
  endfacet
  facet normal -0.537421 0.220628 0.813942
    outer loop
      vertex -15.7721 4.35273 11.789
      vertex -15.7862 4.20365 11.8201
      vertex -15.3923 4.95728 11.8759
    endloop
  endfacet
  facet normal -0.536688 0.220155 0.814554
    outer loop
      vertex -22.176 -5.8414 10.3249
      vertex -17.8851 0.187088 11.5227
      vertex -17.8851 0.98923 11.3059
    endloop
  endfacet
  facet normal -0.536661 0.220131 0.814578
    outer loop
      vertex -17.8851 0.187088 11.5227
      vertex -22.176 -5.8414 10.3249
      vertex -21.8635 -7.42636 10.9591
    endloop
  endfacet
  facet normal -0.318166 0.00924488 0.94799
    outer loop
      vertex -21.2915 -11.7865 11.6187
      vertex -21.9423 -11.3479 11.396
      vertex -21.298 -12.0102 11.6187
    endloop
  endfacet
  facet normal -0.0720886 0.0401048 0.996592
    outer loop
      vertex -9.32052 6.028 12.949
      vertex -11.0082 -7.42011 13.3681
      vertex -9.30148 6.02495 12.9505
    endloop
  endfacet
  facet normal -0.0681569 0.0396206 0.996888
    outer loop
      vertex -11.0082 -7.42011 13.3681
      vertex -9.32052 6.028 12.949
      vertex -11.0922 -7.56461 13.3681
    endloop
  endfacet
  facet normal -0.0668637 0.0394508 0.996982
    outer loop
      vertex -8.57608 11.7396 12.773
      vertex -9.10033 7.7174 12.897
      vertex -9.08658 7.71796 12.8979
    endloop
  endfacet
  facet normal -0.0180614 0.0334077 0.999279
    outer loop
      vertex -8.48577 11.831 12.773
      vertex -8.94154 7.72001 12.9022
      vertex -8.42917 11.8616 12.773
    endloop
  endfacet
  facet normal -0.0178412 0.0333834 0.999283
    outer loop
      vertex -8.48577 11.831 12.773
      vertex -8.98225 7.7222 12.9014
      vertex -8.94154 7.72001 12.9022
    endloop
  endfacet
  facet normal -0.00142759 0.0314071 0.999506
    outer loop
      vertex -8.98225 7.7222 12.9014
      vertex -8.48577 11.831 12.773
      vertex -8.98269 7.72218 12.9014
    endloop
  endfacet
  facet normal -0.0116529 0.0481447 0.998772
    outer loop
      vertex -9.1901 6.00715 12.955
      vertex -9.15496 5.99491 12.956
      vertex -9.16945 6.00385 12.9554
    endloop
  endfacet
  facet normal -0.0168516 0.0332631 0.999305
    outer loop
      vertex -9.15496 5.99491 12.956
      vertex -9.1901 6.00715 12.955
      vertex -10.789 -7.2134 13.3681
    endloop
  endfacet
  facet normal -0.168787 0.312201 0.934902
    outer loop
      vertex -8.42917 11.8616 12.773
      vertex -8.84251 12.3715 12.5281
      vertex -8.48577 11.831 12.773
    endloop
  endfacet
  facet normal -0.279786 0.156895 0.947156
    outer loop
      vertex -14.3017 6.0694 12.0211
      vertex -13.6836 5.87552 12.2358
      vertex -13.8916 6.00385 12.1531
    endloop
  endfacet
  facet normal -0.280555 0.157225 0.946873
    outer loop
      vertex -14.8993 4.47968 12.108
      vertex -14.3017 6.0694 12.0211
      vertex -14.3911 6.06224 11.9958
    endloop
  endfacet
  facet normal -0.279769 0.156944 0.947152
    outer loop
      vertex -14.3017 6.0694 12.0211
      vertex -14.8993 4.47968 12.108
      vertex -13.6836 5.87552 12.2358
    endloop
  endfacet
  facet normal -0.279755 0.156987 0.947149
    outer loop
      vertex -14.8993 4.47968 12.108
      vertex -14.3911 6.06224 11.9958
      vertex -15.2889 5.18573 11.8759
    endloop
  endfacet
  facet normal -0.279702 0.156843 0.947189
    outer loop
      vertex -8.57608 11.7396 12.773
      vertex -12.5312 7.54887 12.299
      vertex -12.305 7.45826 12.3808
    endloop
  endfacet
  facet normal -0.279913 0.157054 0.947092
    outer loop
      vertex -12.5312 7.54887 12.299
      vertex -8.57608 11.7396 12.773
      vertex -12.7916 7.62388 12.2096
    endloop
  endfacet
  facet normal -0.308066 0.139377 0.9411
    outer loop
      vertex -14.8993 4.47968 12.108
      vertex -15.2889 5.18573 11.8759
      vertex -14.9342 4.40254 12.108
    endloop
  endfacet
  facet normal -0.145466 0.0493927 0.98813
    outer loop
      vertex -8.60633 11.6823 12.773
      vertex -9.24199 7.71164 12.8779
      vertex -9.12696 7.71632 12.8946
    endloop
  endfacet
  facet normal -0.145296 0.0493661 0.988156
    outer loop
      vertex -8.60633 11.6823 12.773
      vertex -9.49895 7.67996 12.8417
      vertex -9.24199 7.71164 12.8779
    endloop
  endfacet
  facet normal -0.145159 0.0493361 0.988177
    outer loop
      vertex -8.60633 11.6823 12.773
      vertex -9.75311 7.62718 12.807
      vertex -9.49895 7.67996 12.8417
    endloop
  endfacet
  facet normal -0.144993 0.0492894 0.988204
    outer loop
      vertex -8.60633 11.6823 12.773
      vertex -10.0045 7.5533 12.7738
      vertex -9.75311 7.62718 12.807
    endloop
  endfacet
  facet normal -0.145208 0.049362 0.988169
    outer loop
      vertex -8.60633 11.6823 12.773
      vertex -10.2532 7.4583 12.742
      vertex -10.0045 7.5533 12.7738
    endloop
  endfacet
  facet normal -0.144876 0.0492324 0.988224
    outer loop
      vertex -10.2532 7.4583 12.742
      vertex -8.60633 11.6823 12.773
      vertex -10.4776 7.34594 12.7147
    endloop
  endfacet
  facet normal -0.145212 0.0504448 0.988114
    outer loop
      vertex -9.88832 6.04607 12.8661
      vertex -9.34802 6.03239 12.9462
      vertex -9.57945 6.0694 12.9103
    endloop
  endfacet
  facet normal -0.145056 0.0492846 0.988195
    outer loop
      vertex -10.7462 5.4861 12.7681
      vertex -9.88832 6.04607 12.8661
      vertex -10.1594 5.97606 12.8298
    endloop
  endfacet
  facet normal -0.144617 0.0487473 0.988286
    outer loop
      vertex -10.7462 5.4861 12.7681
      vertex -10.1594 5.97606 12.8298
      vertex -10.3928 5.85941 12.8014
    endloop
  endfacet
  facet normal -0.145756 0.0498451 0.988064
    outer loop
      vertex -10.7462 5.4861 12.7681
      vertex -10.3928 5.85941 12.8014
      vertex -10.5883 5.69608 12.7808
    endloop
  endfacet
  facet normal -0.144955 0.049126 0.988218
    outer loop
      vertex -10.8711 5.23222 12.7624
      vertex -9.88832 6.04607 12.8661
      vertex -10.7462 5.4861 12.7681
    endloop
  endfacet
  facet normal -0.145243 0.0494803 0.988158
    outer loop
      vertex -9.88832 6.04607 12.8661
      vertex -10.8711 5.23222 12.7624
      vertex -9.34802 6.03239 12.9462
    endloop
  endfacet
  facet normal -0.145305 0.0496025 0.988143
    outer loop
      vertex -10.9684 4.93723 12.7629
      vertex -9.34802 6.03239 12.9462
      vertex -10.8711 5.23222 12.7624
    endloop
  endfacet
  facet normal -0.145158 0.0493794 0.988176
    outer loop
      vertex -11.0378 4.60114 12.7695
      vertex -9.34802 6.03239 12.9462
      vertex -10.9684 4.93723 12.7629
    endloop
  endfacet
  facet normal -0.1451 0.0493098 0.988187
    outer loop
      vertex -11.0795 4.22392 12.7822
      vertex -9.34802 6.03239 12.9462
      vertex -11.0378 4.60114 12.7695
    endloop
  endfacet
  facet normal -0.145017 0.049229 0.988204
    outer loop
      vertex -11.0934 3.80559 12.801
      vertex -9.34802 6.03239 12.9462
      vertex -11.0795 4.22392 12.7822
    endloop
  endfacet
  facet normal -0.145184 0.049362 0.988172
    outer loop
      vertex -11.0934 0 12.9911
      vertex -9.34802 6.03239 12.9462
      vertex -11.0934 3.80559 12.801
    endloop
  endfacet
  facet normal -0.145132 0.049347 0.988181
    outer loop
      vertex -11.0934 0 12.9911
      vertex -11.1546 -7.72948 13.3681
      vertex -9.34802 6.03239 12.9462
    endloop
  endfacet
  facet normal -0.145153 0.049347 0.988178
    outer loop
      vertex -11.1546 -7.72948 13.3681
      vertex -11.0934 0 12.9911
      vertex -12.826 0 12.7366
    endloop
  endfacet
  facet normal -0.119226 0.0460606 0.991798
    outer loop
      vertex -8.60633 11.6823 12.773
      vertex -9.12696 7.71632 12.8946
      vertex -9.11851 7.71666 12.8956
    endloop
  endfacet
  facet normal -0.119475 0.0460993 0.991766
    outer loop
      vertex -9.34802 6.03239 12.9462
      vertex -11.0922 -7.56461 13.3681
      vertex -9.33629 6.03052 12.9477
    endloop
  endfacet
  facet normal -0.122939 0.0465299 0.991323
    outer loop
      vertex -11.0922 -7.56461 13.3681
      vertex -9.34802 6.03239 12.9462
      vertex -11.1546 -7.72948 13.3681
    endloop
  endfacet
  facet normal -0.104228 0.338659 0.935119
    outer loop
      vertex -8.36776 11.8805 12.773
      vertex -8.6749 12.4622 12.5281
      vertex -8.42917 11.8616 12.773
    endloop
  endfacet
  facet normal -0.168897 0.312115 0.934911
    outer loop
      vertex -8.6749 12.4622 12.5281
      vertex -8.84251 12.3715 12.5281
      vertex -8.42917 11.8616 12.773
    endloop
  endfacet
  facet normal -0.396822 0.477487 0.783925
    outer loop
      vertex -8.84251 12.3715 12.5281
      vertex -9.17856 12.8806 12.0479
      vertex -8.98943 12.2494 12.5281
    endloop
  endfacet
  facet normal -0.396714 0.477538 0.783949
    outer loop
      vertex -9.17856 12.8806 12.0479
      vertex -9.41714 12.6824 12.0479
      vertex -8.98943 12.2494 12.5281
    endloop
  endfacet
  facet normal -0.446994 0.321231 0.834869
    outer loop
      vertex -9.10999 12.1007 12.5281
      vertex -13.3811 7.71136 11.9302
      vertex -13.0875 7.6799 12.0995
    endloop
  endfacet
  facet normal -0.446959 0.321192 0.834903
    outer loop
      vertex -9.10999 12.1007 12.5281
      vertex -13.7045 7.7222 11.7529
      vertex -13.3811 7.71136 11.9302
    endloop
  endfacet
  facet normal -0.446961 0.321194 0.834901
    outer loop
      vertex -13.7045 7.7222 11.7529
      vertex -9.10999 12.1007 12.5281
      vertex -13.7834 7.71898 11.7119
    endloop
  endfacet
  facet normal -0.447109 0.321293 0.834784
    outer loop
      vertex -15.1628 5.37321 11.8759
      vertex -14.6247 6.04356 11.9061
      vertex -14.905 5.96606 11.7858
    endloop
  endfacet
  facet normal -0.446792 0.321187 0.834994
    outer loop
      vertex -15.1628 5.37321 11.8759
      vertex -14.905 5.96606 11.7858
      vertex -15.1425 5.8369 11.7084
    endloop
  endfacet
  facet normal -0.44679 0.321025 0.835058
    outer loop
      vertex -14.6247 6.04356 11.9061
      vertex -15.1628 5.37321 11.8759
      vertex -14.5547 6.04916 11.9414
    endloop
  endfacet
  facet normal -0.447065 0.321152 0.834862
    outer loop
      vertex -15.1628 5.37321 11.8759
      vertex -15.1425 5.8369 11.7084
      vertex -15.285 5.70456 11.683
    endloop
  endfacet
  facet normal -0.464094 0.311565 0.829183
    outer loop
      vertex -15.3372 5.65608 11.672
      vertex -15.1628 5.37321 11.8759
      vertex -15.285 5.70456 11.683
    endloop
  endfacet
  facet normal -0.463255 0.312238 0.829399
    outer loop
      vertex -15.1628 5.37321 11.8759
      vertex -15.3372 5.65608 11.672
      vertex -15.3828 5.5863 11.6728
    endloop
  endfacet
  facet normal -0.482958 0.391546 0.783226
    outer loop
      vertex -9.41714 12.6824 12.0479
      vertex -9.61293 12.4409 12.0479
      vertex -8.98943 12.2494 12.5281
    endloop
  endfacet
  facet normal -0.517605 0.419635 0.745648
    outer loop
      vertex -9.41714 12.6824 12.0479
      vertex -15.7341 15.477 6.09013
      vertex -9.61293 12.4409 12.0479
    endloop
  endfacet
  facet normal 0.169815 -0.0483435 0.984289
    outer loop
      vertex 17.6241 -8.67242 11.2116
      vertex 16.4264 -8.41861 11.4307
      vertex 17.5192 -9.0409 11.2116
    endloop
  endfacet
  facet normal 0.17091 -0.0186491 0.98511
    outer loop
      vertex 19.7198 6.63094 11.5333
      vertex 19.7074 6.5173 11.5333
      vertex 20.9942 6.63094 11.3122
    endloop
  endfacet
  facet normal 0.50354 -0.120047 0.855591
    outer loop
      vertex 23.1941 5.89545 10.249
      vertex 19.7677 -9.12668 10.1578
      vertex 35.5759 5.16188 2.85903
    endloop
  endfacet
  facet normal 0.53434 -0.167072 0.828594
    outer loop
      vertex 35.5759 5.16188 2.85903
      vertex 19.5384 -9.93196 10.1578
      vertex 34.8789 2.93269 2.85903
    endloop
  endfacet
  facet normal 0.0266838 -0.164337 -0.986043
    outer loop
      vertex 16.1755 -10.2157 0.246695
      vertex 3.67933 -13.5622 0.466269
      vertex 15.9372 -8.93972 0.0275869
    endloop
  endfacet
  facet normal 0.0816809 -0.127924 -0.988415
    outer loop
      vertex 19.5749 -10.0152 0.397855
      vertex 19.1392 -10.2934 0.397855
      vertex 19.2334 -8.2802 0.145085
    endloop
  endfacet
  facet normal 0.126894 -0.612227 -0.780433
    outer loop
      vertex 19.5338 -14.4683 1.78108
      vertex 18.6861 -15.4219 2.39132
      vertex 18.6861 -14.644 1.78108
    endloop
  endfacet
  facet normal 0.0902771 -0.435558 -0.895622
    outer loop
      vertex 19.5338 -14.4683 1.78108
      vertex 18.6861 -13.5147 1.23188
      vertex 19.4291 -13.3607 1.23188
    endloop
  endfacet
  facet normal 0.0639286 -0.308415 -0.949101
    outer loop
      vertex 19.4291 -13.3607 1.23188
      vertex 18.6861 -12.0774 0.764819
      vertex 19.2959 -11.951 0.764819
    endloop
  endfacet
  facet normal 0.261034 -0.40892 -0.87444
    outer loop
      vertex 20.349 -13.9479 1.78108
      vertex 19.4291 -13.3607 1.23188
      vertex 20.1436 -12.9046 1.23188
    endloop
  endfacet
  facet normal 0.00240766 -0.00745137 -0.999969
    outer loop
      vertex 16.054 -8.90198 0.0275869
      vertex 15.9372 -8.93972 0.0275869
      vertex 18.7803 -6.49616 0.0162239
    endloop
  endfacet
  facet normal 0.00618374 -0.00180587 -0.999979
    outer loop
      vertex 22.6039 -1.73819 0.0133438
      vertex 22.5672 -1.86386 0.0133438
      vertex 24.7942 7.2427 0.0106697
    endloop
  endfacet
  facet normal 0.129379 -0.202658 -0.970665
    outer loop
      vertex 19.2959 -11.951 0.764819
      vertex 19.1392 -10.2934 0.397855
      vertex 19.8822 -11.5767 0.764819
    endloop
  endfacet
  facet normal 0.211676 -0.183482 -0.959962
    outer loop
      vertex 20.4226 -10.9688 0.764819
      vertex 19.9765 -9.56352 0.397855
      vertex 31.5451 -0.263739 1.17128
    endloop
  endfacet
  facet normal -0.000110016 -0.000767345 -1
    outer loop
      vertex 2.81756 -8.24877 0.00989056
      vertex -24.0301 -11.823 0.0155869
      vertex 2.68441 -8.22968 0.00989056
    endloop
  endfacet
  facet normal -0.000163338 -0.000370921 -1
    outer loop
      vertex -24.0301 -11.823 0.0155869
      vertex -24.1416 -11.7739 0.0155869
      vertex 2.68441 -8.22968 0.00989056
    endloop
  endfacet
  facet normal -0.100673 -0.22882 -0.968249
    outer loop
      vertex -24.6651 -16.4527 0.73478
      vertex -25.3872 -16.135 0.73478
      vertex -24.4721 -15.0458 0.382229
    endloop
  endfacet
  facet normal -0.0906652 -0.271653 -0.958115
    outer loop
      vertex -20.9598 -17.523 0.687613
      vertex -24.6651 -16.4527 0.73478
      vertex -21.2771 -17.4171 0.687613
    endloop
  endfacet
  facet normal -0.0308856 -0.0701373 -0.997059
    outer loop
      vertex -24.0301 -11.823 0.0155869
      vertex -24.5881 -13.3372 0.139387
      vertex -24.1416 -11.7739 0.0155869
    endloop
  endfacet
  facet normal -0.168392 -0.0952866 -0.981104
    outer loop
      vertex -25.9368 -13.9104 0.382229
      vertex -26.2925 -13.2818 0.382229
      vertex -25.3787 -12.3963 0.139387
    endloop
  endfacet
  facet normal -0.000308973 -3.18477e-05 -1
    outer loop
      vertex -13.7987 -0.826441 0.0119028
      vertex -13.805 -0.765321 0.0119028
      vertex -2.03237 3.00407 0.00814533
    endloop
  endfacet
  facet normal -0.101504 0.0211912 -0.994609
    outer loop
      vertex -24.4974 -10.8087 0.0155869
      vertex -25.5415 -9.99931 0.139387
      vertex -24.4636 -10.6468 0.0155869
    endloop
  endfacet
  facet normal -0.000187913 -0.000226031 -1
    outer loop
      vertex -1.67929 2.46877 0.00814533
      vertex -24.2445 -11.6942 0.0155869
      vertex -1.80512 2.57338 0.00814533
    endloop
  endfacet
  facet normal -0.145141 -0.32989 -0.932795
    outer loop
      vertex -24.6651 -16.4527 0.73478
      vertex -25.7092 -17.2621 1.18349
      vertex -25.3872 -16.135 0.73478
    endloop
  endfacet
  facet normal -0.207615 0.0434305 -0.977246
    outer loop
      vertex -25.6417 -10.4786 0.139387
      vertex -26.7197 -10.1676 0.382229
      vertex -26.5569 -9.38935 0.382229
    endloop
  endfacet
  facet normal -0.101485 0.0212164 -0.994611
    outer loop
      vertex -24.4974 -10.8087 0.0155869
      vertex -25.6417 -10.4786 0.139387
      vertex -25.5415 -9.99931 0.139387
    endloop
  endfacet
  facet normal 0.000911734 -0.000522337 -0.999999
    outer loop
      vertex 22.5077 -1.97968 0.0133438
      vertex 17.9803 1.43396 0.00743294
      vertex 24.6069 6.80394 0.0106697
    endloop
  endfacet
  facet normal -0.000331047 3.41235e-05 -1
    outer loop
      vertex -2.03237 3.33228 0.00814533
      vertex -13.805 -0.765321 0.0119028
      vertex -13.7987 -0.704202 0.0119028
    endloop
  endfacet
  facet normal 0.0740988 -0.0380666 -0.996524
    outer loop
      vertex 23.7342 -2.36673 0.119328
      vertex 22.5077 -1.97968 0.0133438
      vertex 22.5672 -1.86386 0.0133438
    endloop
  endfacet
  facet normal -0.0673828 -0.0566083 -0.99612
    outer loop
      vertex -24.8927 -13.1011 0.139387
      vertex -25.1596 -12.7834 0.139387
      vertex -24.2445 -11.6942 0.0155869
    endloop
  endfacet
  facet normal 4.22285e-05 0.000441783 -1
    outer loop
      vertex 23.8085 8.67392 0.0106697
      vertex 17.7469 1.92675 0.00743294
      vertex 23.5638 8.69731 0.0106697
    endloop
  endfacet
  facet normal 0.0641914 -0.0570697 -0.996304
    outer loop
      vertex 19.4807 -8.00205 0.145085
      vertex 18.8709 -6.43833 0.0162239
      vertex 18.9544 -6.34441 0.0162239
    endloop
  endfacet
  facet normal 0.0163074 0.0314318 -0.999373
    outer loop
      vertex 24.2607 8.49218 0.0106697
      vertex 24.0439 8.60466 0.0106697
      vertex 24.9855 10.8105 0.0954113
    endloop
  endfacet
  facet normal -8.80115e-05 -0.000199294 -1
    outer loop
      vertex 2.55638 -8.17314 0.00989056
      vertex -1.53573 2.39104 0.00814533
      vertex 2.68441 -8.22968 0.00989056
    endloop
  endfacet
  facet normal 0.000532026 -0.00120473 -0.999999
    outer loop
      vertex 18.7803 -6.49616 0.0162239
      vertex 2.95071 -8.22968 0.00989056
      vertex 3.07874 -8.17314 0.00989056
    endloop
  endfacet
  facet normal 0.00104176 -0.00586895 -0.999982
    outer loop
      vertex 15.9372 -8.93972 0.0275869
      vertex 2.95071 -8.22968 0.00989056
      vertex 18.6861 -6.51569 0.0162239
    endloop
  endfacet
  facet normal 0.0532964 -0.0834808 -0.995083
    outer loop
      vertex 18.9651 -8.45149 0.145085
      vertex 16.1617 -8.84069 0.0275869
      vertex 19.2334 -8.2802 0.145085
    endloop
  endfacet
  facet normal 0.055092 -0.0968087 -0.993777
    outer loop
      vertex 18.9651 -8.45149 0.145085
      vertex 16.054 -8.90198 0.0275869
      vertex 16.1617 -8.84069 0.0275869
    endloop
  endfacet
  facet normal 0.094596 -0.0485942 -0.994329
    outer loop
      vertex 29.1377 5.24003 0.26164
      vertex 23.558 -2.70973 0.119328
      vertex 23.7342 -2.36673 0.119328
    endloop
  endfacet
  facet normal 0.000788761 -0.000372995 -1
    outer loop
      vertex 24.7228 7.01437 0.0106697
      vertex 17.9803 1.43396 0.00743294
      vertex 18.0062 1.48873 0.00743294
    endloop
  endfacet
  facet normal 0.0387345 -0.0113118 -0.999186
    outer loop
      vertex 27.2076 6.77691 0.0954113
      vertex 22.5672 -1.86386 0.0133438
      vertex 22.6039 -1.73819 0.0133438
    endloop
  endfacet
  facet normal 0.0422805 -0.0132177 -0.999018
    outer loop
      vertex 26.9962 6.10069 0.0954113
      vertex 22.5672 -1.86386 0.0133438
      vertex 27.2076 6.77691 0.0954113
    endloop
  endfacet
  facet normal 0.0305017 0.0167996 -0.999394
    outer loop
      vertex 24.7228 7.94594 0.0106697
      vertex 24.6069 8.15637 0.0106697
      vertex 26.6529 9.48281 0.0954113
    endloop
  endfacet
  facet normal 0.055559 0.0469865 -0.997349
    outer loop
      vertex 26.6529 9.48281 0.0954113
      vertex 26.1909 10.0291 0.0954113
      vertex 28.5802 10.7323 0.26164
    endloop
  endfacet
  facet normal 0.000319356 0.000175894 -1
    outer loop
      vertex 24.7228 7.94594 0.0106697
      vertex 17.9803 1.78596 0.00743294
      vertex 24.6069 8.15637 0.0106697
    endloop
  endfacet
  facet normal 0.0100353 0.034108 -0.999368
    outer loop
      vertex 24.0439 8.60466 0.0106697
      vertex 23.8085 8.67392 0.0106697
      vertex 24.2886 11.0156 0.0954113
    endloop
  endfacet
  facet normal 0.0455851 0.0572611 -0.997318
    outer loop
      vertex 26.1909 10.0291 0.0954113
      vertex 25.6279 10.4773 0.0954113
      vertex 26.9157 12.3473 0.26164
    endloop
  endfacet
  facet normal 0.0219355 0.027554 -0.99938
    outer loop
      vertex 26.1909 10.0291 0.0954113
      vertex 24.4508 8.34081 0.0106697
      vertex 25.6279 10.4773 0.0954113
    endloop
  endfacet
  facet normal 0.02086 0.0708776 -0.997267
    outer loop
      vertex 24.9855 10.8105 0.0954113
      vertex 24.7408 13.2214 0.26164
      vertex 25.8726 12.8883 0.26164
    endloop
  endfacet
  facet normal 0.0338786 0.0653212 -0.997289
    outer loop
      vertex 26.9157 12.3473 0.26164
      vertex 24.9855 10.8105 0.0954113
      vertex 25.8726 12.8883 0.26164
    endloop
  endfacet
  facet normal -0.000391736 0.000982184 -0.999999
    outer loop
      vertex -1.53573 3.94532 0.00814533
      vertex -6.61342 8.35575 0.0144663
      vertex -6.46148 8.41635 0.0144663
    endloop
  endfacet
  facet normal -0.000357701 0.00101968 -0.999999
    outer loop
      vertex -1.53573 3.94532 0.00814533
      vertex -6.46148 8.41635 0.0144663
      vertex 5.53869 9.48441 0.0112629
    endloop
  endfacet
  facet normal -0.000459541 0.00216875 -0.999998
    outer loop
      vertex 5.53869 9.48441 0.0112629
      vertex -6.29663 8.45367 0.0144663
      vertex 5.61 9.49952 0.0112629
    endloop
  endfacet
  facet normal -0.000439886 0.00194306 -0.999998
    outer loop
      vertex 5.53869 9.48441 0.0112629
      vertex -6.46148 8.41635 0.0144663
      vertex -6.29663 8.45367 0.0144663
    endloop
  endfacet
  facet normal -0.00119008 0.00194338 -0.999997
    outer loop
      vertex -6.74659 8.2742 0.0144663
      vertex -14.6314 6.25712 0.0199299
      vertex -6.61342 8.35575 0.0144663
    endloop
  endfacet
  facet normal -0.000515441 0.000841707 -1
    outer loop
      vertex -1.67929 3.86759 0.00814533
      vertex -6.74659 8.2742 0.0144663
      vertex -6.61342 8.35575 0.0144663
    endloop
  endfacet
  facet normal -0.0807892 0.0473094 -0.995608
    outer loop
      vertex -24.3346 -10.367 0.0155869
      vertex -25.1596 -9.17051 0.139387
      vertex -14.6951 6.18556 0.0199299
    endloop
  endfacet
  facet normal -0.00127731 0.00100622 -0.999999
    outer loop
      vertex -13.7493 -0.591267 0.0119028
      vertex -24.3346 -10.367 0.0155869
      vertex -14.6951 6.18556 0.0199299
    endloop
  endfacet
  facet normal -0.059232 0.0713085 -0.995694
    outer loop
      vertex -8.53537 11.7898 0.0308266
      vertex -14.7613 8.6764 0.178224
      vertex -8.48577 11.831 0.0308266
    endloop
  endfacet
  facet normal -0.0192886 0.0232212 -0.999544
    outer loop
      vertex -8.48577 11.831 0.0308266
      vertex -14.6314 6.25712 0.0199299
      vertex -8.53537 11.7898 0.0308266
    endloop
  endfacet
  facet normal 0.00371624 0.0673112 -0.997725
    outer loop
      vertex -1.16154 11.3079 0.0183678
      vertex -8.3039 11.8869 0.0308266
      vertex 23.5638 11.0848 0.0954113
    endloop
  endfacet
  facet normal 0.0113155 0.118386 -0.992903
    outer loop
      vertex 24.7408 13.2214 0.26164
      vertex 23.5638 13.3339 0.26164
      vertex 23.5638 15.3579 0.502965
    endloop
  endfacet
  facet normal -0.00885905 0.201377 -0.979474
    outer loop
      vertex 23.5638 17.0792 0.810115
      vertex -8.3039 11.8869 0.0308266
      vertex -1.16154 14.242 0.450428
    endloop
  endfacet
  facet normal -0.00454813 0.175664 -0.98444
    outer loop
      vertex 23.5638 15.3579 0.502965
      vertex -8.3039 11.8869 0.0308266
      vertex 23.5638 17.0792 0.810115
    endloop
  endfacet
  facet normal 0.111923 0.380276 -0.918076
    outer loop
      vertex 28.2507 18.4587 1.57259
      vertex 25.7658 18.2212 1.17128
      vertex 25.9532 19.1349 1.57259
    endloop
  endfacet
  facet normal 0.111922 0.380285 -0.918072
    outer loop
      vertex 27.8833 17.598 1.17128
      vertex 25.7658 18.2212 1.17128
      vertex 28.2507 18.4587 1.57259
    endloop
  endfacet
  facet normal 0.163992 0.0512803 -0.985128
    outer loop
      vertex 31.5271 9.01703 0.502965
      vertex 31.065 10.4948 0.502965
      vertex 32.7041 11.1536 0.810115
    endloop
  endfacet
  facet normal 0.114908 0.0116719 -0.993308
    outer loop
      vertex 29.597 7.48015 0.26164
      vertex 29.481 8.62215 0.26164
      vertex 31.6831 7.48015 0.502965
    endloop
  endfacet
  facet normal 0.241069 -0.0753681 -0.967577
    outer loop
      vertex 33.9919 3.28919 1.17128
      vertex 32.7041 3.80674 0.810115
      vertex 34.6342 5.34362 1.17128
    endloop
  endfacet
  facet normal 0.222108 -0.122364 -0.967313
    outer loop
      vertex 32.9488 1.39582 1.17128
      vertex 32.7041 3.80674 0.810115
      vertex 33.9919 3.28919 1.17128
    endloop
  endfacet
  facet normal 0.0544128 0.104917 -0.992991
    outer loop
      vertex 26.9157 12.3473 0.26164
      vertex 26.6709 14.7583 0.502965
      vertex 28.0746 14.0303 0.502965
    endloop
  endfacet
  facet normal 0.0892405 0.0754784 -0.993146
    outer loop
      vertex 30.3147 11.8568 0.502965
      vertex 27.8299 11.6193 0.26164
      vertex 29.305 13.0506 0.502965
    endloop
  endfacet
  facet normal 0.0497058 0.168913 -0.984377
    outer loop
      vertex 26.6709 14.7583 0.502965
      vertex 25.1478 15.2065 0.502965
      vertex 27.3498 16.3485 0.810115
    endloop
  endfacet
  facet normal 0.0334997 0.113841 -0.992934
    outer loop
      vertex 26.6709 14.7583 0.502965
      vertex 24.7408 13.2214 0.26164
      vertex 25.1478 15.2065 0.502965
    endloop
  endfacet
  facet normal 0.0807436 0.155686 -0.984501
    outer loop
      vertex 28.0746 14.0303 0.502965
      vertex 26.6709 14.7583 0.502965
      vertex 27.3498 16.3485 0.810115
    endloop
  endfacet
  facet normal 0.0807312 0.155683 -0.984503
    outer loop
      vertex 28.0746 14.0303 0.502965
      vertex 27.3498 16.3485 0.810115
      vertex 29.0603 15.4615 0.810115
    endloop
  endfacet
  facet normal -0.0779276 0.782179 0.618161
    outer loop
      vertex -8.3039 13.1492 12.0479
      vertex -8.71724 13.6591 11.3506
      vertex -8.61104 13.1186 12.0479
    endloop
  endfacet
  facet normal -0.158447 0.76855 0.61986
    outer loop
      vertex -8.71724 13.6591 11.3506
      vertex -14.5652 17.3008 5.3405
      vertex -8.61104 13.1186 12.0479
    endloop
  endfacet
  facet normal -0.342719 0.939438 0
    outer loop
      vertex -14.5652 17.7914 3.73332
      vertex -15.2376 17.5461 4.54471
      vertex -14.5652 17.7914 4.54471
    endloop
  endfacet
  facet normal -0.342719 0.939438 0
    outer loop
      vertex -15.2376 17.5461 4.54471
      vertex -14.5652 17.7914 3.73332
      vertex -15.2376 17.5461 3.73332
    endloop
  endfacet
  facet normal -0.978824 0.204702 0
    outer loop
      vertex -29.8371 -9.2683 2.91978
      vertex -29.4935 -7.62531 3.55436
      vertex -29.4935 -7.62531 2.91978
    endloop
  endfacet
  facet normal -0.978824 0.204702 0
    outer loop
      vertex -29.4935 -7.62531 3.55436
      vertex -29.8371 -9.2683 2.91978
      vertex -29.8371 -9.2683 3.55436
    endloop
  endfacet
  facet normal -0.872697 0.321658 0.367337
    outer loop
      vertex -28.9354 -6.11112 3.55436
      vertex -29.4935 -7.62531 3.55436
      vertex -29.279 -7.75411 4.17674
    endloop
  endfacet
  facet normal -0.315866 0.281112 -0.906203
    outer loop
      vertex -15.406 12.5431 0.939512
      vertex -15.5898 14.1861 1.51325
      vertex -15.0875 14.7505 1.51325
    endloop
  endfacet
  facet normal -0.767884 0.160639 -0.62012
    outer loop
      vertex -28.8584 -8.00676 1.71113
      vertex -29.6095 -9.33396 2.2974
      vertex -29.279 -7.75411 2.2974
    endloop
  endfacet
  facet normal -0.915127 0.191381 -0.354846
    outer loop
      vertex -29.6095 -9.33396 2.2974
      vertex -29.8371 -9.2683 2.91978
      vertex -29.4935 -7.62531 2.91978
    endloop
  endfacet
  facet normal -0.0617621 0.613288 -0.787441
    outer loop
      vertex -1.16154 17.468 2.01644
      vertex -14.5652 16.3383 2.18789
      vertex -14.5652 17.3008 2.93752
    endloop
  endfacet
  facet normal -0.0616204 0.616739 -0.784752
    outer loop
      vertex -1.16154 17.468 2.01644
      vertex -14.5652 17.3008 2.93752
      vertex 21.1745 19.1349 1.57259
    endloop
  endfacet
  facet normal -0.0575018 0.329795 -0.9423
    outer loop
      vertex -1.16154 15.5229 0.865885
      vertex -8.36776 11.8805 0.0308266
      vertex -1.71099 15.4271 0.865885
    endloop
  endfacet
  facet normal -0.0602275 0.345428 -0.936511
    outer loop
      vertex -1.71099 15.4271 0.865885
      vertex -14.5652 14.941 1.51325
      vertex -1.16154 15.5229 0.865885
    endloop
  endfacet
  facet normal -0.121277 -0.333922 -0.934766
    outer loop
      vertex -21.3869 -19.2867 1.32184
      vertex -24.8292 -17.6492 1.18349
      vertex -24.6651 -16.4527 0.73478
    endloop
  endfacet
  facet normal -0.106162 -0.317965 -0.94214
    outer loop
      vertex -21.3869 -19.2867 1.32184
      vertex -24.6651 -16.4527 0.73478
      vertex -20.9598 -19.4293 1.32184
    endloop
  endfacet
  facet normal -0.321808 -0.415138 -0.85094
    outer loop
      vertex -25.9621 -18.1476 1.71113
      vertex -26.8873 -17.4304 1.71113
      vertex -25.7092 -17.2621 1.18349
    endloop
  endfacet
  facet normal -0.321823 -0.415089 -0.850959
    outer loop
      vertex -25.7092 -17.2621 1.18349
      vertex -26.8873 -17.4304 1.71113
      vertex -26.5201 -16.6334 1.18349
    endloop
  endfacet
  facet normal 0.0356871 -0.197537 -0.979646
    outer loop
      vertex 3.86763 -14.9403 0.75101
      vertex 3.67933 -13.5622 0.466269
      vertex 16.1755 -10.2157 0.246695
    endloop
  endfacet
  facet normal 0.0460731 -0.160697 -0.985928
    outer loop
      vertex 16.1755 -10.2157 0.246695
      vertex 15.9372 -8.93972 0.0275869
      vertex 19.1392 -10.2934 0.397855
    endloop
  endfacet
  facet normal 0.0902767 -0.435558 -0.895622
    outer loop
      vertex 19.5338 -14.4683 1.78108
      vertex 18.6861 -14.644 1.78108
      vertex 18.6861 -13.5147 1.23188
    endloop
  endfacet
  facet normal 0.261039 -0.408914 -0.874442
    outer loop
      vertex 19.5338 -14.4683 1.78108
      vertex 19.4291 -13.3607 1.23188
      vertex 20.349 -13.9479 1.78108
    endloop
  endfacet
  facet normal 0.578871 -0.318905 -0.750472
    outer loop
      vertex 35.3311 2.75095 1.99862
      vertex 33.7471 0.878263 1.57259
      vertex 34.8789 2.93269 1.57259
    endloop
  endfacet
  facet normal 0.629275 -0.196755 -0.751864
    outer loop
      vertex 35.3311 2.75095 1.99862
      vertex 34.8789 2.93269 1.57259
      vertex 35.5759 5.16188 1.57259
    endloop
  endfacet
  facet normal 0.736588 -0.654865 -0.169084
    outer loop
      vertex 21.4103 -14.0794 3.03914
      vertex 20.5625 -15.033 3.03914
      vertex 32.5701 -1.25827 1.99862
    endloop
  endfacet
  facet normal 0.151123 0.0832609 -0.985002
    outer loop
      vertex 32.7041 11.1536 0.810115
      vertex 30.3147 11.8568 0.502965
      vertex 31.7898 12.8131 0.810115
    endloop
  endfacet
  facet normal 0.2221 0.122366 -0.967315
    outer loop
      vertex 32.7041 11.1536 0.810115
      vertex 31.7898 12.8131 0.810115
      vertex 32.9488 13.5645 1.17128
    endloop
  endfacet
  facet normal 0.503679 0.0553335 0.862117
    outer loop
      vertex 35.5759 9.79843 2.85903
      vertex 23.1941 7.36643 10.249
      vertex 23.2749 6.63094 10.249
    endloop
  endfacet
  facet normal 0.48948 0.128683 0.862467
    outer loop
      vertex 35.5759 9.79843 2.85903
      vertex 22.1346 7.17745 10.8785
      vertex 23.1941 7.36643 10.249
    endloop
  endfacet
  facet normal 0.509251 -0.0559457 0.858798
    outer loop
      vertex 23.2749 6.63094 10.249
      vertex 23.1941 5.89545 10.249
      vertex 35.5759 5.16188 2.85903
    endloop
  endfacet
  facet normal 0.502714 -0.0552275 0.862687
    outer loop
      vertex 23.2749 6.63094 10.249
      vertex 22.1346 6.08442 10.8785
      vertex 23.1941 5.89545 10.249
    endloop
  endfacet
  facet normal 0.994885 -0.101019 0
    outer loop
      vertex 36.0559 5.06923 2.433
      vertex 36.3007 7.48015 1.99862
      vertex 36.3007 7.48015 2.433
    endloop
  endfacet
  facet normal 0.994885 -0.101019 0
    outer loop
      vertex 36.3007 7.48015 1.99862
      vertex 36.0559 5.06923 2.433
      vertex 36.0559 5.06923 1.99862
    endloop
  endfacet
  facet normal 0.454075 0.236249 0.859071
    outer loop
      vertex 22.9549 8.07365 10.249
      vertex 21.9568 7.70297 10.8785
      vertex 34.8789 12.0276 2.85903
    endloop
  endfacet
  facet normal 0.449688 0.24774 0.858141
    outer loop
      vertex 33.7471 14.082 2.85903
      vertex 22.9549 8.07365 10.249
      vertex 34.8789 12.0276 2.85903
    endloop
  endfacet
  facet normal 0.314727 0.427749 0.847336
    outer loop
      vertex 22.0434 9.29672 10.249
      vertex 20.806 8.96018 10.8785
      vertex 21.2795 8.61179 10.8785
    endloop
  endfacet
  facet normal 0.441219 0.263099 0.857965
    outer loop
      vertex 33.7471 14.082 2.85903
      vertex 21.668 8.18729 10.8785
      vertex 21.9568 7.70297 10.8785
    endloop
  endfacet
  facet normal 0.23259 0.48536 0.84281
    outer loop
      vertex 20.6793 10.114 10.249
      vertex 20.2658 9.21905 10.8785
      vertex 20.806 8.96018 10.8785
    endloop
  endfacet
  facet normal 0.132586 0.121321 0.983719
    outer loop
      vertex 20.4307 7.85074 11.3122
      vertex 19.6103 6.95455 11.5333
      vertex 20.6699 7.58933 11.3122
    endloop
  endfacet
  facet normal 0.16431 0.0555977 0.984841
    outer loop
      vertex 20.8477 7.29109 11.3122
      vertex 19.7074 6.74457 11.5333
      vertex 20.9572 6.96748 11.3122
    endloop
  endfacet
  facet normal 0.151324 0.0903048 0.984351
    outer loop
      vertex 20.8477 7.29109 11.3122
      vertex 19.6103 6.95455 11.5333
      vertex 19.6704 6.85384 11.5333
    endloop
  endfacet
  facet normal 0.111257 0.592764 0.797654
    outer loop
      vertex 25.9532 19.1349 2.85903
      vertex -8.11476 12.518 12.5281
      vertex 19.8905 10.3285 10.249
    endloop
  endfacet
  facet normal 0.155061 0.57022 0.806725
    outer loop
      vertex 25.9532 19.1349 2.85903
      vertex 19.8905 10.3285 10.249
      vertex 20.6793 10.114 10.249
    endloop
  endfacet
  facet normal 0.262307 0.240062 0.934647
    outer loop
      vertex 21.2795 8.61179 10.8785
      vertex 20.6699 7.58933 11.3122
      vertex 21.668 8.18729 10.8785
    endloop
  endfacet
  facet normal 0.159111 0.332027 0.929754
    outer loop
      vertex 20.2658 9.21905 10.8785
      vertex 19.8065 8.22469 11.3122
      vertex 20.806 8.96018 10.8785
    endloop
  endfacet
  facet normal 0.0977817 0.359572 0.92798
    outer loop
      vertex 19.6797 9.37846 10.8785
      vertex 19.4455 8.32286 11.3122
      vertex 19.8065 8.22469 11.3122
    endloop
  endfacet
  facet normal 0.0957365 0.35982 0.928097
    outer loop
      vertex 5.69595 10.4158 11.9188
      vertex 19.6797 9.37846 10.8785
      vertex 5.69595 10.5556 11.8646
    endloop
  endfacet
  facet normal 0.0957041 0.359724 0.928138
    outer loop
      vertex 5.69595 10.5556 11.8646
      vertex -8.11476 12.518 12.5281
      vertex 4.77755 10.5556 11.9593
    endloop
  endfacet
  facet normal 0.095754 0.36013 0.927975
    outer loop
      vertex -8.11476 12.518 12.5281
      vertex 5.69595 10.5556 11.8646
      vertex 19.6797 9.37846 10.8785
    endloop
  endfacet
  facet normal 0.0957462 0.360037 0.928012
    outer loop
      vertex 19.6797 9.37846 10.8785
      vertex 5.69595 10.4158 11.9188
      vertex 19.4455 8.32286 11.3122
    endloop
  endfacet
  facet normal -0.0352095 0.352356 0.935204
    outer loop
      vertex -8.3039 12.5369 12.5281
      vertex -8.49304 12.518 12.5281
      vertex -8.3039 11.8869 12.773
    endloop
  endfacet
  facet normal -0.0353101 0.352328 0.93521
    outer loop
      vertex -8.3039 11.8869 12.773
      vertex -8.49304 12.518 12.5281
      vertex -8.36776 11.8805 12.773
    endloop
  endfacet
  facet normal 0.522799 -0.597968 0.607548
    outer loop
      vertex 19.7766 -12.509 8.42983
      vertex 18.5435 -12.6383 9.36366
      vertex 18.9278 -13.2511 8.42983
    endloop
  endfacet
  facet normal 0.559047 -0.6935 0.454449
    outer loop
      vertex 20.4904 -14.6666 4.34749
      vertex 18.9278 -13.2511 8.42983
      vertex 20.5625 -15.033 3.69966
    endloop
  endfacet
  facet normal -0.0758616 -0.200951 0.97666
    outer loop
      vertex -21.1552 -15.3397 11.396
      vertex -21.2771 -17.4171 10.9591
      vertex -10.9208 -10.8642 13.1118
    endloop
  endfacet
  facet normal 0.0450018 0.0262747 0.998641
    outer loop
      vertex -10.0528 -7.42011 13.3681
      vertex -8.6552 5.52609 12.9645
      vertex -8.68294 5.566 12.9647
    endloop
  endfacet
  facet normal 0.045154 0.026258 0.998635
    outer loop
      vertex -8.6552 5.52609 12.9645
      vertex -10.0528 -7.42011 13.3681
      vertex -9.96877 -7.56461 13.3681
    endloop
  endfacet
  facet normal 0.0438027 0.0263794 0.998692
    outer loop
      vertex -8.03171 11.7396 12.773
      vertex -8.45888 7.69006 12.8987
      vertex -8.43843 7.68639 12.8979
    endloop
  endfacet
  facet normal -0.296171 -0.887 -0.35428
    outer loop
      vertex -20.9598 -23.6486 5.25256
      vertex -21.604 -22.9863 4.13292
      vertex -20.9598 -23.2014 4.13292
    endloop
  endfacet
  facet normal -0.296024 -0.887012 0.354372
    outer loop
      vertex -21.604 -22.9863 7.51378
      vertex -21.6298 -23.425 6.39414
      vertex -20.9598 -23.6486 6.39414
    endloop
  endfacet
  facet normal -0.296171 -0.887 0.35428
    outer loop
      vertex -20.9598 -23.2014 7.51378
      vertex -21.604 -22.9863 7.51378
      vertex -20.9598 -23.6486 6.39414
    endloop
  endfacet
  facet normal -0.688521 -0.669704 0.278271
    outer loop
      vertex -21.604 -22.9863 7.51378
      vertex -22.274 -22.7627 6.39414
      vertex -21.6298 -23.425 6.39414
    endloop
  endfacet
  facet normal -0.688474 -0.66977 0.27823
    outer loop
      vertex -22.2235 -22.3495 7.51378
      vertex -22.274 -22.7627 6.39414
      vertex -21.604 -22.9863 7.51378
    endloop
  endfacet
  facet normal -0.724804 -0.267122 0.635063
    outer loop
      vertex -28.3639 -15.289 4.76301
      vertex -29.279 -14.1998 4.17674
      vertex -28.7424 -15.6558 4.17674
    endloop
  endfacet
  facet normal -0.715393 -0.282929 0.638877
    outer loop
      vertex -28.3639 -15.289 4.76301
      vertex -28.7424 -15.6558 4.17674
      vertex -22.4418 -19.5268 9.51765
    endloop
  endfacet
  facet normal -0.935092 -0.0635361 -0.348664
    outer loop
      vertex -29.8371 -12.6856 2.91978
      vertex -29.9532 -10.9769 2.91978
      vertex -29.6095 -12.6199 2.2974
    endloop
  endfacet
  facet normal -0.978825 -0.204701 0
    outer loop
      vertex -29.4935 -14.3286 2.91978
      vertex -29.8371 -12.6856 3.55436
      vertex -29.8371 -12.6856 2.91978
    endloop
  endfacet
  facet normal -0.978825 -0.204701 0
    outer loop
      vertex -29.8371 -12.6856 3.55436
      vertex -29.4935 -14.3286 2.91978
      vertex -29.4935 -14.3286 3.55436
    endloop
  endfacet
  facet normal -0.76788 -0.160633 -0.620127
    outer loop
      vertex -29.279 -14.1998 2.2974
      vertex -29.6095 -12.6199 2.2974
      vertex -28.8584 -13.9471 1.71113
    endloop
  endfacet
  facet normal -0.870298 -0.492526 0
    outer loop
      vertex -28.1843 -17.17 2.91978
      vertex -28.9354 -15.8428 3.55436
      vertex -28.9354 -15.8428 2.91978
    endloop
  endfacet
  facet normal -0.870298 -0.492526 0
    outer loop
      vertex -28.9354 -15.8428 3.55436
      vertex -28.1843 -17.17 2.91978
      vertex -28.1843 -17.17 3.55436
    endloop
  endfacet
  facet normal -0.915123 -0.191379 0.354857
    outer loop
      vertex -29.6095 -12.6199 4.17674
      vertex -29.8371 -12.6856 3.55436
      vertex -29.4935 -14.3286 3.55436
    endloop
  endfacet
  facet normal -0.405784 -0.394732 0.824334
    outer loop
      vertex -21.3869 -19.2867 10.3249
      vertex -21.7976 -18.8645 10.3249
      vertex -21.4802 -20.8766 9.51765
    endloop
  endfacet
  facet normal -0.147211 -0.440909 0.885397
    outer loop
      vertex -21.3869 -19.2867 10.3249
      vertex -21.4802 -20.8766 9.51765
      vertex -20.9598 -19.4293 10.3249
    endloop
  endfacet
  facet normal -0.70827 -0.254692 0.658396
    outer loop
      vertex -22.5078 -17.2562 10.3249
      vertex -22.846 -18.4025 9.51765
      vertex -22.176 -18.1789 10.3249
    endloop
  endfacet
  facet normal -0.708289 -0.254639 0.658397
    outer loop
      vertex -22.176 -18.1789 10.3249
      vertex -22.846 -18.4025 9.51765
      vertex -22.4418 -19.5268 9.51765
    endloop
  endfacet
  facet normal -0.816871 0.477287 -0.323912
    outer loop
      vertex -15.8336 16.3662 2.93752
      vertex -28.1843 -4.78392 2.91978
      vertex -15.8843 16.8195 3.73332
    endloop
  endfacet
  facet normal -0.604043 0.126376 -0.786868
    outer loop
      vertex -28.5148 -9.64975 1.18349
      vertex -28.8584 -8.00676 1.71113
      vertex -28.2478 -8.37356 1.18349
    endloop
  endfacet
  facet normal -0.156669 0.429435 -0.889405
    outer loop
      vertex -15.0875 14.7505 1.51325
      vertex -15.1611 16.1209 2.18789
      vertex -14.5652 16.3383 2.18789
    endloop
  endfacet
  facet normal -0.263846 0.149287 -0.952942
    outer loop
      vertex -25.9368 -8.04345 0.382229
      vertex -27.1149 -7.87516 0.73478
      vertex -26.6362 -7.02912 0.73478
    endloop
  endfacet
  facet normal -0.299353 0.110352 -0.94774
    outer loop
      vertex -26.5569 -9.38935 0.382229
      vertex -27.4707 -8.8404 0.73478
      vertex -26.2925 -8.67211 0.382229
    endloop
  endfacet
  facet normal -0.101504 -0.0211911 -0.994609
    outer loop
      vertex -24.4636 -11.3071 0.0155869
      vertex -25.5415 -11.9546 0.139387
      vertex -24.4974 -11.1452 0.0155869
    endloop
  endfacet
  facet normal -0.310759 -0.261122 -0.913917
    outer loop
      vertex -26.0528 -15.6191 0.73478
      vertex -27.231 -15.7874 1.18349
      vertex -26.6362 -14.9248 0.73478
    endloop
  endfacet
  facet normal -0.454338 -0.0950542 -0.885744
    outer loop
      vertex -28.2478 -13.5803 1.18349
      vertex -28.5148 -12.3041 1.18349
      vertex -27.6898 -12.0662 0.73478
    endloop
  endfacet
  facet normal -0.454344 -0.0950509 -0.885741
    outer loop
      vertex -27.4707 -13.1135 0.73478
      vertex -28.2478 -13.5803 1.18349
      vertex -27.6898 -12.0662 0.73478
    endloop
  endfacet
  facet normal -0.374105 -0.211711 -0.902898
    outer loop
      vertex -27.231 -15.7874 1.18349
      vertex -27.8144 -14.7565 1.18349
      vertex -26.6362 -14.9248 0.73478
    endloop
  endfacet
  facet normal -0.374102 -0.211657 -0.902911
    outer loop
      vertex -26.6362 -14.9248 0.73478
      vertex -27.8144 -14.7565 1.18349
      vertex -27.1149 -14.0787 0.73478
    endloop
  endfacet
  facet normal -0.559914 -0.470413 -0.682062
    outer loop
      vertex -26.8873 -17.4304 1.71113
      vertex -28.0202 -16.932 2.2974
      vertex -27.6983 -16.4651 1.71113
    endloop
  endfacet
  facet normal -0.656571 -0.371553 -0.656401
    outer loop
      vertex -28.0202 -16.932 2.2974
      vertex -28.7424 -15.6558 2.2974
      vertex -27.6983 -16.4651 1.71113
    endloop
  endfacet
  facet normal -0.284719 0.0449632 0.957556
    outer loop
      vertex -21.241 -11.3733 11.6187
      vertex -21.7927 -10.1241 11.396
      vertex -21.2723 -11.5715 11.6187
    endloop
  endfacet
  facet normal -0.318185 0.00922416 0.947984
    outer loop
      vertex -21.9423 -11.3479 11.396
      vertex -21.9615 -12.0102 11.396
      vertex -21.298 -12.0102 11.6187
    endloop
  endfacet
  facet normal -0.184986 0.0397362 0.981937
    outer loop
      vertex -12.3789 -7.01366 13.1118
      vertex -21.241 -11.3733 11.6187
      vertex -12.4927 -7.54344 13.1118
    endloop
  endfacet
  facet normal -0.251991 0.0609306 0.965809
    outer loop
      vertex -21.199 -11.1996 11.6187
      vertex -21.6681 -9.60965 11.396
      vertex -21.241 -11.3733 11.6187
    endloop
  endfacet
  facet normal -0.198671 0.048038 0.978888
    outer loop
      vertex -21.199 -11.1996 11.6187
      vertex -21.241 -11.3733 11.6187
      vertex -14.3505 1.39047 12.3908
    endloop
  endfacet
  facet normal -0.689035 -0.108719 0.716527
    outer loop
      vertex -22.4627 -14.1198 10.9591
      vertex -29.163 -12.4911 4.76301
      vertex -22.3123 -15.073 10.9591
    endloop
  endfacet
  facet normal -0.690657 -0.121872 0.71284
    outer loop
      vertex -22.3123 -15.073 10.9591
      vertex -29.163 -12.4911 4.76301
      vertex -22.78 -16.132 10.3249
    endloop
  endfacet
  facet normal -0.524804 -0.0828058 0.847186
    outer loop
      vertex -21.8853 -13.3093 11.396
      vertex -22.4627 -14.1198 10.9591
      vertex -22.3123 -15.073 10.9591
    endloop
  endfacet
  facet normal -0.524809 -0.0828035 0.847183
    outer loop
      vertex -21.8853 -13.3093 11.396
      vertex -22.3123 -15.073 10.9591
      vertex -21.7927 -13.8962 11.396
    endloop
  endfacet
  facet normal 0.0177407 0.0337611 0.999272
    outer loop
      vertex -8.88295 5.82717 12.9618
      vertex -8.84407 5.79786 12.9621
      vertex -8.85056 5.80719 12.9619
    endloop
  endfacet
  facet normal 0.0145784 0.0295682 0.999456
    outer loop
      vertex -10.3987 -7.15914 13.3681
      vertex -8.84407 5.79786 12.9621
      vertex -8.88295 5.82717 12.9618
    endloop
  endfacet
  facet normal 0.012747 0.0297885 0.999475
    outer loop
      vertex -8.84407 5.79786 12.9621
      vertex -10.3987 -7.15914 13.3681
      vertex -10.2719 -7.2134 13.3681
    endloop
  endfacet
  facet normal 0.0120099 0.0298583 0.999482
    outer loop
      vertex -8.17863 11.8616 12.773
      vertex -8.66376 7.70509 12.903
      vertex -8.63494 7.70354 12.9027
    endloop
  endfacet
  facet normal 0.0690969 -0.0144143 0.997506
    outer loop
      vertex -9.8679 -8.28043 13.3681
      vertex 8.2513 0.723602 12.2431
      vertex 8.21894 0.769167 12.246
    endloop
  endfacet
  facet normal 0.0693385 -0.0149034 0.997482
    outer loop
      vertex 8.2513 0.723602 12.2431
      vertex -9.8679 -8.28043 13.3681
      vertex -9.90635 -8.45932 13.3681
    endloop
  endfacet
  facet normal 0.0656253 -0.00756219 0.997816
    outer loop
      vertex 19.7074 6.5173 11.5333
      vertex 18.2972 5.81172 11.6207
      vertex 18.2995 5.80529 11.6205
    endloop
  endfacet
  facet normal 0.0693834 -0.0150158 0.997477
    outer loop
      vertex 9.94058 1.63058 12.1392
      vertex 11.7229 2.47928 12.028
      vertex 11.714 2.51787 12.0292
    endloop
  endfacet
  facet normal 0.0697811 -0.0158564 0.997436
    outer loop
      vertex 11.7229 2.47928 12.028
      vertex 9.94058 1.63058 12.1392
      vertex 9.96905 1.59232 12.1366
    endloop
  endfacet
  facet normal 0.0716759 -0.0193837 0.99724
    outer loop
      vertex 16.5932 4.95917 11.7265
      vertex 16.0206 4.65279 11.7617
      vertex 16.596 4.9438 11.726
    endloop
  endfacet
  facet normal 0.0678483 -0.0121864 0.997621
    outer loop
      vertex 16.0206 4.65279 11.7617
      vertex 16.5932 4.95917 11.7265
      vertex 15.9809 4.65279 11.7644
    endloop
  endfacet
  facet normal -0.196063 -0.190783 0.961853
    outer loop
      vertex -21.1552 -15.3397 11.396
      vertex -21.3431 -15.1466 11.396
      vertex -21.2771 -17.4171 10.9591
    endloop
  endfacet
  facet normal -0.118513 -0.115322 0.986233
    outer loop
      vertex -11.642 -10.4426 13.1118
      vertex -21.3431 -15.1466 11.396
      vertex -21.1552 -15.3397 11.396
    endloop
  endfacet
  facet normal -0.182722 0.0392248 0.982382
    outer loop
      vertex -11.1546 -7.72948 13.3681
      vertex -12.3789 -7.01366 13.1118
      vertex -11.193 -7.90836 13.3681
    endloop
  endfacet
  facet normal -0.183536 0.0362642 0.982344
    outer loop
      vertex -12.4927 -7.54344 13.1118
      vertex -21.241 -11.3733 11.6187
      vertex -11.193 -7.90836 13.3681
    endloop
  endfacet
  facet normal 0.07358 0.17159 0.982417
    outer loop
      vertex 3.62645 10.3274 12.1568
      vertex -8.17863 11.8616 12.773
      vertex 3.62645 9.84704 12.2407
    endloop
  endfacet
  facet normal 0.0735976 0.17176 0.982386
    outer loop
      vertex 5.69595 10.0585 12.0487
      vertex 19.3188 7.16908 11.5333
      vertex 19.8065 8.22469 11.3122
    endloop
  endfacet
  facet normal 0.0735908 0.171727 0.982392
    outer loop
      vertex 19.3188 7.16908 11.5333
      vertex 5.69595 10.0585 12.0487
      vertex 5.69595 9.49387 12.1474
    endloop
  endfacet
  facet normal 0.0301335 0.027841 0.999158
    outer loop
      vertex -8.07242 11.7898 12.773
      vertex -8.51889 7.69731 12.9005
      vertex -8.49446 7.69599 12.8998
    endloop
  endfacet
  facet normal 0.0306617 0.0278033 0.999143
    outer loop
      vertex -10.1552 -7.30152 13.3681
      vertex -8.71002 5.60497 12.9646
      vertex -8.74211 5.65114 12.9643
    endloop
  endfacet
  facet normal 0.0320214 0.0276498 0.999105
    outer loop
      vertex -8.71002 5.60497 12.9646
      vertex -10.1552 -7.30152 13.3681
      vertex -10.0528 -7.42011 13.3681
    endloop
  endfacet
  facet normal 0.0159104 0.029429 0.99944
    outer loop
      vertex -8.63494 7.70354 12.9027
      vertex -8.12203 11.831 12.773
      vertex -8.17863 11.8616 12.773
    endloop
  endfacet
  facet normal 0.0165652 0.0293473 0.999432
    outer loop
      vertex -8.12203 11.831 12.773
      vertex -8.63494 7.70354 12.9027
      vertex -8.58826 7.70103 12.902
    endloop
  endfacet
  facet normal 0.0142564 0.0296224 0.999459
    outer loop
      vertex -8.84407 5.79786 12.9621
      vertex -10.2719 -7.2134 13.3681
      vertex -8.80883 5.74716 12.9631
    endloop
  endfacet
  facet normal 0.214657 0.291759 0.932094
    outer loop
      vertex 20.806 8.96018 10.8785
      vertex 20.1391 8.06528 11.3122
      vertex 20.4307 7.85074 11.3122
    endloop
  endfacet
  facet normal -0.227204 0.273528 0.934645
    outer loop
      vertex -8.48577 11.831 12.773
      vertex -8.84251 12.3715 12.5281
      vertex -8.53537 11.7898 12.773
    endloop
  endfacet
  facet normal -0.0136337 0.0328627 0.999367
    outer loop
      vertex -8.42917 11.8616 12.773
      vertex -8.94154 7.72001 12.9022
      vertex -8.91557 7.71862 12.9026
    endloop
  endfacet
  facet normal -0.0144121 0.03296 0.999353
    outer loop
      vertex -9.15496 5.99491 12.956
      vertex -10.6623 -7.15914 13.3681
      vertex -9.12044 5.97362 12.9572
    endloop
  endfacet
  facet normal -0.0141001 0.0329244 0.999358
    outer loop
      vertex -10.6623 -7.15914 13.3681
      vertex -9.15496 5.99491 12.956
      vertex -10.789 -7.2134 13.3681
    endloop
  endfacet
  facet normal -0.00997968 0.032426 0.999424
    outer loop
      vertex -8.42917 11.8616 12.773
      vertex -8.86961 7.71615 12.9031
      vertex -8.36776 11.8805 12.773
    endloop
  endfacet
  facet normal -0.00913503 0.0323366 0.999435
    outer loop
      vertex -8.86961 7.71615 12.9031
      vertex -8.42917 11.8616 12.773
      vertex -8.91557 7.71862 12.9026
    endloop
  endfacet
  facet normal -0.00898874 0.0323259 0.999437
    outer loop
      vertex -9.12044 5.97362 12.9572
      vertex -10.6623 -7.15914 13.3681
      vertex -9.08243 5.95018 12.9583
    endloop
  endfacet
  facet normal -0.227283 0.273484 0.934639
    outer loop
      vertex -8.84251 12.3715 12.5281
      vertex -8.98943 12.2494 12.5281
      vertex -8.53537 11.7898 12.773
    endloop
  endfacet
  facet normal -0.276767 0.224446 0.934358
    outer loop
      vertex -8.53537 11.7898 12.773
      vertex -8.98943 12.2494 12.5281
      vertex -8.57608 11.7396 12.773
    endloop
  endfacet
  facet normal 0.166537 -0.0433504 0.985082
    outer loop
      vertex 19.7074 6.5173 11.5333
      vertex 16.4264 -8.41861 11.4307
      vertex 20.9572 6.29439 11.3122
    endloop
  endfacet
  facet normal 0.0380976 -0.274104 0.960945
    outer loop
      vertex -10.5305 -10.9185 13.1118
      vertex -10.5305 -12.6805 12.6092
      vertex -9.89664 -12.5924 12.6092
    endloop
  endfacet
  facet normal 0.0733577 -0.027775 0.996919
    outer loop
      vertex -9.90635 -8.45932 13.3681
      vertex -9.96877 -8.62418 13.3681
      vertex 16.3909 -8.54303 11.4307
    endloop
  endfacet
  facet normal 0.156527 -0.0785426 0.984546
    outer loop
      vertex 17.5192 -9.0409 11.2116
      vertex 16.3909 -8.54303 11.4307
      vertex 17.3488 -9.38049 11.2116
    endloop
  endfacet
  facet normal 0.018866 -0.135728 0.990566
    outer loop
      vertex -10.5305 -9.04798 13.3681
      vertex -10.5305 -10.9185 13.1118
      vertex -10.3987 -9.02966 13.3681
    endloop
  endfacet
  facet normal 0.169763 -0.0484374 0.984294
    outer loop
      vertex 16.4264 -8.41861 11.4307
      vertex 16.3909 -8.54303 11.4307
      vertex 17.5192 -9.0409 11.2116
    endloop
  endfacet
  facet normal 0.35882 -0.562088 -0.745188
    outer loop
      vertex 19.6059 -15.2313 2.39132
      vertex 19.5338 -14.4683 1.78108
      vertex 20.349 -13.9479 1.78108
    endloop
  endfacet
  facet normal 0.126862 -0.61221 -0.780452
    outer loop
      vertex 19.6059 -15.2313 2.39132
      vertex 18.6861 -15.4219 2.39132
      vertex 19.5338 -14.4683 1.78108
    endloop
  endfacet
  facet normal 0.0600838 -0.130136 -0.989674
    outer loop
      vertex 19.1392 -10.2934 0.397855
      vertex 16.054 -8.90198 0.0275869
      vertex 18.9651 -8.45149 0.145085
    endloop
  endfacet
  facet normal 0.164569 -0.12981 -0.977786
    outer loop
      vertex 31.7898 2.14719 0.810115
      vertex 24.1621 -3.88565 0.327223
      vertex 24.5472 -3.39743 0.327223
    endloop
  endfacet
  facet normal 0.13205 -0.117404 -0.984266
    outer loop
      vertex 19.9765 -9.56352 0.397855
      vertex 19.2334 -8.2802 0.145085
      vertex 19.4807 -8.00205 0.145085
    endloop
  endfacet
  facet normal 0.133731 -0.105508 -0.985385
    outer loop
      vertex 24.1621 -3.88565 0.327223
      vertex 23.3208 -3.01038 0.119328
      vertex 23.558 -2.70973 0.119328
    endloop
  endfacet
  facet normal 0.00111171 -0.000571115 -0.999999
    outer loop
      vertex 22.5672 -1.86386 0.0133438
      vertex 22.5077 -1.97968 0.0133438
      vertex 24.7228 7.01437 0.0106697
    endloop
  endfacet
  facet normal 0.0641897 -0.0570703 -0.996305
    outer loop
      vertex 19.2334 -8.2802 0.145085
      vertex 18.8709 -6.43833 0.0162239
      vertex 19.4807 -8.00205 0.145085
    endloop
  endfacet
  facet normal -0.000113187 -0.000209047 -1
    outer loop
      vertex 2.55638 -8.17314 0.00989056
      vertex -1.67929 2.46877 0.00814533
      vertex -1.53573 2.39104 0.00814533
    endloop
  endfacet
  facet normal 0.00037376 0.000116877 -1
    outer loop
      vertex 24.7942 7.71761 0.0106697
      vertex 18.0062 1.73119 0.00743294
      vertex 24.7228 7.94594 0.0106697
    endloop
  endfacet
  facet normal -0.0795417 -0.232021 -0.969453
    outer loop
      vertex -21.2771 -17.4171 0.687613
      vertex -24.6651 -16.4527 0.73478
      vertex -24.4721 -15.0458 0.382229
    endloop
  endfacet
  facet normal -0.0758308 -0.227206 -0.97089
    outer loop
      vertex -21.2771 -17.4171 0.687613
      vertex -24.4721 -15.0458 0.382229
      vertex -20.9598 -17.523 0.687613
    endloop
  endfacet
  facet normal -0.0308683 -0.0701436 -0.997059
    outer loop
      vertex -24.2577 -13.4826 0.139387
      vertex -24.5881 -13.3372 0.139387
      vertex -24.0301 -11.823 0.0155869
    endloop
  endfacet
  facet normal -0.0267347 -0.0707164 -0.997138
    outer loop
      vertex -21.0258 -13.1344 0.0280409
      vertex -24.2577 -13.4826 0.139387
      vertex -24.0301 -11.823 0.0155869
    endloop
  endfacet
  facet normal -0.000397162 0.000223644 -1
    outer loop
      vertex -1.90839 3.63551 0.00814533
      vertex -13.7798 -0.645431 0.0119028
      vertex -13.7493 -0.591267 0.0119028
    endloop
  endfacet
  facet normal -0.000725082 0.000408297 -1
    outer loop
      vertex -13.7798 -0.645431 0.0119028
      vertex -24.4086 -10.4977 0.0155869
      vertex -13.7493 -0.591267 0.0119028
    endloop
  endfacet
  facet normal -0.215738 -0.014674 -0.976341
    outer loop
      vertex -25.6417 -11.4753 0.139387
      vertex -26.7746 -10.9769 0.382229
      vertex -25.6756 -10.9769 0.139387
    endloop
  endfacet
  facet normal -0.000313212 -3.22846e-05 -1
    outer loop
      vertex -13.7987 -0.826441 0.0119028
      vertex -24.4974 -11.1452 0.0155869
      vertex -13.805 -0.765321 0.0119028
    endloop
  endfacet
  facet normal -0.20764 0.043409 -0.977242
    outer loop
      vertex -25.6417 -10.4786 0.139387
      vertex -26.5569 -9.38935 0.382229
      vertex -25.5415 -9.99931 0.139387
    endloop
  endfacet
  facet normal -0.191675 0.0706515 -0.978912
    outer loop
      vertex -25.5415 -9.99931 0.139387
      vertex -26.5569 -9.38935 0.382229
      vertex -25.3787 -9.55764 0.139387
    endloop
  endfacet
  facet normal -0.335662 0.0227751 -0.941707
    outer loop
      vertex -26.7197 -10.1676 0.382229
      vertex -27.7637 -10.9769 0.73478
      vertex -27.6898 -9.88775 0.73478
    endloop
  endfacet
  facet normal -0.470428 0.031919 -0.881861
    outer loop
      vertex -27.7637 -10.9769 0.73478
      vertex -28.5148 -9.64975 1.18349
      vertex -27.6898 -9.88775 0.73478
    endloop
  endfacet
  facet normal 0.000819273 -0.000645669 -0.999999
    outer loop
      vertex 22.4277 -2.08119 0.0133438
      vertex 17.9454 1.38596 0.00743294
      vertex 22.5077 -1.97968 0.0133438
    endloop
  endfacet
  facet normal -0.000446451 0.000361721 -1
    outer loop
      vertex -1.90839 3.63551 0.00814533
      vertex -13.7493 -0.591267 0.0119028
      vertex -1.80512 3.76297 0.00814533
    endloop
  endfacet
  facet normal -3.94179e-05 -4.25193e-05 -1
    outer loop
      vertex 17.591 1.34656 0.00743294
      vertex -1.80512 2.57338 0.00814533
      vertex 17.5485 1.38596 0.00743294
    endloop
  endfacet
  facet normal 0.000576276 -0.00095685 -0.999999
    outer loop
      vertex 22.3301 -2.16451 0.0133438
      vertex 17.8543 1.31729 0.00743294
      vertex 17.9029 1.34656 0.00743294
    endloop
  endfacet
  facet normal -0.00035906 0.000115469 -1
    outer loop
      vertex -1.98512 3.49008 0.00814533
      vertex -13.7987 -0.704202 0.0119028
      vertex -13.7798 -0.645431 0.0119028
    endloop
  endfacet
  facet normal -3.50798e-05 1.66528e-05 -1
    outer loop
      vertex 17.4876 1.73119 0.00743294
      vertex -1.98512 3.49008 0.00814533
      vertex 17.5136 1.78596 0.00743294
    endloop
  endfacet
  facet normal -3.97529e-05 -4.78168e-05 -1
    outer loop
      vertex -1.67929 2.46877 0.00814533
      vertex -1.80512 2.57338 0.00814533
      vertex 17.591 1.34656 0.00743294
    endloop
  endfacet
  facet normal 0.000843276 -0.000613132 -0.999999
    outer loop
      vertex 22.5077 -1.97968 0.0133438
      vertex 17.9454 1.38596 0.00743294
      vertex 17.9803 1.43396 0.00743294
    endloop
  endfacet
  facet normal -0.000309532 -3.01025e-05 -1
    outer loop
      vertex -2.03237 3.00407 0.00814533
      vertex -13.805 -0.765321 0.0119028
      vertex -2.04833 3.16818 0.00814533
    endloop
  endfacet
  facet normal 3.46473e-05 -0.000311769 -1
    outer loop
      vertex 17.8017 1.29926 0.00743294
      vertex 2.81756 -8.24877 0.00989056
      vertex 17.7469 1.29317 0.00743294
    endloop
  endfacet
  facet normal 0.000550549 -0.000989921 -0.999999
    outer loop
      vertex 22.2188 -2.22641 0.0133438
      vertex 17.8543 1.31729 0.00743294
      vertex 22.3301 -2.16451 0.0133438
    endloop
  endfacet
  facet normal 0.0491006 -0.0600876 -0.996985
    outer loop
      vertex 19.2334 -8.2802 0.145085
      vertex 16.1617 -8.84069 0.0275869
      vertex 18.8709 -6.43833 0.0162239
    endloop
  endfacet
  facet normal 0.000220636 0.000277089 -1
    outer loop
      vertex 24.4508 8.34081 0.0106697
      vertex 17.9029 1.87337 0.00743294
      vertex 24.2607 8.49218 0.0106697
    endloop
  endfacet
  facet normal 0.068779 0.0215021 -0.9974
    outer loop
      vertex 29.481 8.62215 0.26164
      vertex 27.2076 8.18339 0.0954113
      vertex 29.1377 9.72027 0.26164
    endloop
  endfacet
  facet normal 0.170567 -0.0173134 -0.985194
    outer loop
      vertex 33.4572 7.48015 0.810115
      vertex 31.5271 5.94328 0.502965
      vertex 31.6831 7.48015 0.502965
    endloop
  endfacet
  facet normal 0.170568 -0.0173146 -0.985194
    outer loop
      vertex 33.2671 5.60746 0.810115
      vertex 31.5271 5.94328 0.502965
      vertex 33.4572 7.48015 0.810115
    endloop
  endfacet
  facet normal 0.0715282 -0.00726226 -0.997412
    outer loop
      vertex 29.481 6.33815 0.26164
      vertex 27.2076 6.77691 0.0954113
      vertex 27.279 7.48015 0.0954113
    endloop
  endfacet
  facet normal 0.102579 -0.0542166 -0.993246
    outer loop
      vertex 31.065 4.46546 0.502965
      vertex 23.558 -2.70973 0.119328
      vertex 29.1377 5.24003 0.26164
    endloop
  endfacet
  facet normal 0.0649464 -0.0512399 -0.996572
    outer loop
      vertex 23.3208 -3.01038 0.119328
      vertex 22.5077 -1.97968 0.0133438
      vertex 23.558 -2.70973 0.119328
    endloop
  endfacet
  facet normal 0.000692136 -0.000810759 -0.999999
    outer loop
      vertex 22.3301 -2.16451 0.0133438
      vertex 17.9029 1.34656 0.00743294
      vertex 22.4277 -2.08119 0.0133438
    endloop
  endfacet
  facet normal 0.00430837 -0.00134725 -0.99999
    outer loop
      vertex 24.7942 7.2427 0.0106697
      vertex 22.5672 -1.86386 0.0133438
      vertex 24.7228 7.01437 0.0106697
    endloop
  endfacet
  facet normal 0.0334597 -0.00845787 -0.999404
    outer loop
      vertex 27.2076 6.77691 0.0954113
      vertex 22.6039 -1.73819 0.0133438
      vertex 24.7942 7.2427 0.0106697
    endloop
  endfacet
  facet normal 0.0267337 0.0226088 -0.999387
    outer loop
      vertex 26.6529 9.48281 0.0954113
      vertex 24.4508 8.34081 0.0106697
      vertex 26.1909 10.0291 0.0954113
    endloop
  endfacet
  facet normal 0.0715282 0.00726226 -0.997412
    outer loop
      vertex 27.279 7.48015 0.0954113
      vertex 27.2076 8.18339 0.0954113
      vertex 29.481 8.62215 0.26164
    endloop
  endfacet
  facet normal 4.84002e-05 0.000436239 -1
    outer loop
      vertex 17.8017 1.92067 0.00743294
      vertex 17.7469 1.92675 0.00743294
      vertex 23.8085 8.67392 0.0106697
    endloop
  endfacet
  facet normal 0.0344174 0.0034944 -0.999401
    outer loop
      vertex 27.279 7.48015 0.0954113
      vertex 24.8183 7.48015 0.0106697
      vertex 27.2076 8.18339 0.0954113
    endloop
  endfacet
  facet normal 0.010038 0.0341077 -0.999368
    outer loop
      vertex 24.9855 10.8105 0.0954113
      vertex 24.0439 8.60466 0.0106697
      vertex 24.2886 11.0156 0.0954113
    endloop
  endfacet
  facet normal 0.0208595 0.0708776 -0.997267
    outer loop
      vertex 24.9855 10.8105 0.0954113
      vertex 24.2886 11.0156 0.0954113
      vertex 24.7408 13.2214 0.26164
    endloop
  endfacet
  facet normal -0.000964177 0.00106032 -0.999999
    outer loop
      vertex -6.85588 8.17482 0.0144663
      vertex -14.6314 6.25712 0.0199299
      vertex -6.74659 8.2742 0.0144663
    endloop
  endfacet
  facet normal -0.00093702 0.00103046 -0.999999
    outer loop
      vertex -6.74659 8.2742 0.0144663
      vertex -13.7081 -0.543792 0.0119028
      vertex -6.85588 8.17482 0.0144663
    endloop
  endfacet
  facet normal -0.0884493 0.12981 -0.987586
    outer loop
      vertex -14.7613 8.6764 0.178224
      vertex -14.8837 10.9553 0.488729
      vertex -8.48577 11.831 0.0308266
    endloop
  endfacet
  facet normal -0.0939439 0.173765 -0.980296
    outer loop
      vertex -8.48577 11.831 0.0308266
      vertex -14.8837 10.9553 0.488729
      vertex -8.42917 11.8616 0.0308266
    endloop
  endfacet
  facet normal 0.00387631 0.0737074 -0.997272
    outer loop
      vertex 23.5638 11.0848 0.0954113
      vertex -8.3039 11.8869 0.0308266
      vertex 23.5638 13.3339 0.26164
    endloop
  endfacet
  facet normal 0.00704498 0.0737061 -0.997255
    outer loop
      vertex 24.7408 13.2214 0.26164
      vertex 23.5638 11.0848 0.0954113
      vertex 23.5638 13.3339 0.26164
    endloop
  endfacet
  facet normal 0.0497157 0.168895 -0.984379
    outer loop
      vertex 27.3498 16.3485 0.810115
      vertex 25.1478 15.2065 0.502965
      vertex 25.4939 16.8948 0.810115
    endloop
  endfacet
  facet normal 0.0167872 0.175633 -0.984313
    outer loop
      vertex 25.1478 15.2065 0.502965
      vertex 23.5638 15.3579 0.502965
      vertex 25.4939 16.8948 0.810115
    endloop
  endfacet
  facet normal -0.68715 0.611588 0.392153
    outer loop
      vertex -15.2376 17.5461 4.54471
      vertex -15.8843 16.8195 4.54471
      vertex -15.8336 16.3662 5.3405
    endloop
  endfacet
  facet normal -0.687152 0.61159 -0.392149
    outer loop
      vertex -15.8336 16.3662 2.93752
      vertex -15.8843 16.8195 3.73332
      vertex -15.2376 17.5461 3.73332
    endloop
  endfacet
  facet normal -0.746984 0.664842 0
    outer loop
      vertex -15.8843 16.8195 3.73332
      vertex -15.2376 17.5461 4.54471
      vertex -15.2376 17.5461 3.73332
    endloop
  endfacet
  facet normal -0.746984 0.664842 0
    outer loop
      vertex -15.2376 17.5461 4.54471
      vertex -15.8843 16.8195 3.73332
      vertex -15.8843 16.8195 4.54471
    endloop
  endfacet
  facet normal -0.73835 0.23646 0.631606
    outer loop
      vertex -28.6781 -7.24918 4.69016
      vertex -29.279 -7.75411 4.17674
      vertex -28.8584 -8.00676 4.76301
    endloop
  endfacet
  facet normal -0.74773 0.275571 0.604119
    outer loop
      vertex -28.7424 -6.29811 4.17674
      vertex -29.279 -7.75411 4.17674
      vertex -28.6781 -7.24918 4.69016
    endloop
  endfacet
  facet normal -0.767889 0.160645 0.620113
    outer loop
      vertex -28.8584 -8.00676 4.76301
      vertex -29.6095 -9.33396 4.17674
      vertex -29.163 -9.46276 4.76301
    endloop
  endfacet
  facet normal -0.767884 0.160639 0.62012
    outer loop
      vertex -29.279 -7.75411 4.17674
      vertex -29.6095 -9.33396 4.17674
      vertex -28.8584 -8.00676 4.76301
    endloop
  endfacet
  facet normal -0.724804 0.267122 -0.635063
    outer loop
      vertex -28.3639 -6.66491 1.71113
      vertex -29.279 -7.75411 2.2974
      vertex -28.7424 -6.29811 2.2974
    endloop
  endfacet
  facet normal -0.872732 0.32164 -0.367269
    outer loop
      vertex -28.7424 -6.29811 2.2974
      vertex -29.279 -7.75411 2.2974
      vertex -28.9354 -6.11112 2.91978
    endloop
  endfacet
  facet normal -0.9977 -0.0677901 0
    outer loop
      vertex -29.8371 -12.6856 2.91978
      vertex -29.9532 -10.9769 3.55436
      vertex -29.9532 -10.9769 2.91978
    endloop
  endfacet
  facet normal -0.9977 -0.0677901 0
    outer loop
      vertex -29.9532 -10.9769 3.55436
      vertex -29.8371 -12.6856 2.91978
      vertex -29.8371 -12.6856 3.55436
    endloop
  endfacet
  facet normal -0.935093 0.0635399 0.34866
    outer loop
      vertex -29.8371 -9.2683 3.55436
      vertex -29.9532 -10.9769 3.55436
      vertex -29.6095 -9.33396 4.17674
    endloop
  endfacet
  facet normal 0.0816697 -0.127923 -0.988416
    outer loop
      vertex 19.1392 -10.2934 0.397855
      vertex 18.9651 -8.45149 0.145085
      vertex 19.2334 -8.2802 0.145085
    endloop
  endfacet
  facet normal 0.201483 -0.17042 -0.964553
    outer loop
      vertex 31.5451 -0.263739 1.17128
      vertex 19.9765 -9.56352 0.397855
      vertex 32.9488 1.39582 1.17128
    endloop
  endfacet
  facet normal 0.000520137 -0.00109341 -0.999999
    outer loop
      vertex 18.7803 -6.49616 0.0162239
      vertex 3.07874 -8.17314 0.00989056
      vertex 22.2188 -2.22641 0.0133438
    endloop
  endfacet
  facet normal 0.0494422 -0.153017 -0.986986
    outer loop
      vertex 19.1392 -10.2934 0.397855
      vertex 15.9372 -8.93972 0.0275869
      vertex 16.054 -8.90198 0.0275869
    endloop
  endfacet
  facet normal 0.187024 -0.292982 -0.937648
    outer loop
      vertex 20.1436 -12.9046 1.23188
      vertex 19.4291 -13.3607 1.23188
      vertex 19.8822 -11.5767 0.764819
    endloop
  endfacet
  facet normal 0.29 -0.266239 -0.919248
    outer loop
      vertex 20.1436 -12.9046 1.23188
      vertex 19.8822 -11.5767 0.764819
      vertex 32.224 -0.922459 1.57259
    endloop
  endfacet
  facet normal 0.875886 -0.482519 0
    outer loop
      vertex 34.1541 0.614416 2.433
      vertex 35.3311 2.75095 1.99862
      vertex 35.3311 2.75095 2.433
    endloop
  endfacet
  facet normal 0.875886 -0.482519 0
    outer loop
      vertex 35.3311 2.75095 1.99862
      vertex 34.1541 0.614416 2.433
      vertex 34.1541 0.614416 1.99862
    endloop
  endfacet
  facet normal 0.750091 -0.63446 0.186611
    outer loop
      vertex 34.1541 0.614416 2.433
      vertex 21.4103 -14.0794 3.69966
      vertex 32.5701 -1.25827 2.433
    endloop
  endfacet
  facet normal 0.706755 -0.577768 0.408266
    outer loop
      vertex 34.1541 0.614416 2.433
      vertex 21.3056 -13.7497 4.34749
      vertex 21.4103 -14.0794 3.69966
    endloop
  endfacet
  facet normal 0.23265 0.485358 0.842794
    outer loop
      vertex 21.4062 9.76557 10.249
      vertex 20.6793 10.114 10.249
      vertex 20.806 8.96018 10.8785
    endloop
  endfacet
  facet normal 0.314731 0.427741 0.847338
    outer loop
      vertex 21.4062 9.76557 10.249
      vertex 20.806 8.96018 10.8785
      vertex 22.0434 9.29672 10.249
    endloop
  endfacet
  facet normal 0.27679 -0.856453 0.435747
    outer loop
      vertex 17.9594 -13.8026 8.42983
      vertex 16.9086 -14.1422 8.42983
      vertex 18.1417 -14.2716 7.39222
    endloop
  endfacet
  facet normal 0.24238 -0.749938 0.615504
    outer loop
      vertex 17.6947 -13.1217 9.36366
      vertex 16.7736 -13.4194 9.36366
      vertex 16.9086 -14.1422 8.42983
    endloop
  endfacet
  facet normal 0.27251 -0.209926 0.938973
    outer loop
      vertex 17.3488 -9.38049 11.2116
      vertex 17.1195 -9.67815 11.2116
      vertex 17.9329 -10.5447 10.7818
    endloop
  endfacet
  facet normal 0.272512 -0.209924 0.938972
    outer loop
      vertex 18.3052 -10.0614 10.7818
      vertex 17.3488 -9.38049 11.2116
      vertex 17.9329 -10.5447 10.7818
    endloop
  endfacet
  facet normal 0.133363 -0.633212 0.762402
    outer loop
      vertex 16.6019 -12.4994 10.1578
      vertex -20.9598 -22.324 8.56846
      vertex 16.7736 -13.4194 9.36366
    endloop
  endfacet
  facet normal 0.223962 -0.256161 0.940331
    outer loop
      vertex 17.1195 -9.67815 11.2116
      vertex 16.8401 -9.92243 11.2116
      vertex 17.4792 -10.9414 10.7818
    endloop
  endfacet
  facet normal 0.0749594 -0.175089 0.981695
    outer loop
      vertex -9.76484 -10.7035 13.1118
      vertex -10.1402 -10.8642 13.1118
      vertex 16.5214 -10.1039 11.2116
    endloop
  endfacet
  facet normal 0.170922 -0.018791 0.985105
    outer loop
      vertex 20.9942 6.63094 11.3122
      vertex 19.7074 6.5173 11.5333
      vertex 20.9572 6.29439 11.3122
    endloop
  endfacet
  facet normal 0.223975 -0.256157 0.940329
    outer loop
      vertex 17.9329 -10.5447 10.7818
      vertex 17.1195 -9.67815 11.2116
      vertex 17.4792 -10.9414 10.7818
    endloop
  endfacet
  facet normal 0.199947 -0.618584 0.759852
    outer loop
      vertex 17.3577 -12.2551 10.1578
      vertex 16.6019 -12.4994 10.1578
      vertex 16.7736 -13.4194 9.36366
    endloop
  endfacet
  facet normal 0.142934 -0.844109 -0.516769
    outer loop
      vertex 18.6861 -15.8185 3.03914
      vertex -20.9598 -23.2014 4.13292
      vertex 18.6861 -15.4219 2.39132
    endloop
  endfacet
  facet normal 0.174096 -0.839841 -0.514157
    outer loop
      vertex 19.6427 -15.6202 3.03914
      vertex 18.6861 -15.8185 3.03914
      vertex 18.6861 -15.4219 2.39132
    endloop
  endfacet
  facet normal -0.724786 -0.267089 -0.635097
    outer loop
      vertex -28.3639 -15.289 1.71113
      vertex -29.279 -14.1998 2.2974
      vertex -28.8584 -13.9471 1.71113
    endloop
  endfacet
  facet normal -0.724804 -0.267122 -0.635063
    outer loop
      vertex -28.7424 -15.6558 2.2974
      vertex -29.279 -14.1998 2.2974
      vertex -28.3639 -15.289 1.71113
    endloop
  endfacet
  facet normal -0.935076 -0.0635146 -0.348711
    outer loop
      vertex -29.6095 -12.6199 2.2974
      vertex -29.9532 -10.9769 2.91978
      vertex -29.7211 -10.9769 2.2974
    endloop
  endfacet
  facet normal -0.788667 0.0535718 -0.612482
    outer loop
      vertex -29.2658 -10.9769 1.71113
      vertex -29.7211 -10.9769 2.2974
      vertex -29.6095 -9.33396 2.2974
    endloop
  endfacet
  facet normal -0.803025 -0.454455 0.385515
    outer loop
      vertex -28.0202 -16.932 4.17674
      vertex -28.9354 -15.8428 3.55436
      vertex -28.1843 -17.17 3.55436
    endloop
  endfacet
  facet normal -0.935075 0.0635169 -0.348711
    outer loop
      vertex -29.7211 -10.9769 2.2974
      vertex -29.9532 -10.9769 2.91978
      vertex -29.6095 -9.33396 2.2974
    endloop
  endfacet
  facet normal -0.935093 0.0635399 -0.34866
    outer loop
      vertex -29.6095 -9.33396 2.2974
      vertex -29.9532 -10.9769 2.91978
      vertex -29.8371 -9.2683 2.91978
    endloop
  endfacet
  facet normal -0.494055 0.295834 -0.817552
    outer loop
      vertex -27.231 -6.16651 1.18349
      vertex -27.6983 -5.48876 1.71113
      vertex -15.5898 14.1861 1.51325
    endloop
  endfacet
  facet normal -0.558659 0.497172 -0.663867
    outer loop
      vertex -15.1611 16.1209 2.18789
      vertex -15.8336 16.3662 2.93752
      vertex -15.2118 17.0649 2.93752
    endloop
  endfacet
  facet normal -0.869019 0.494779 0
    outer loop
      vertex -28.1843 -4.78392 3.55436
      vertex -15.8843 16.8195 3.73332
      vertex -28.1843 -4.78392 2.91978
    endloop
  endfacet
  facet normal -0.869019 0.494779 0
    outer loop
      vertex -15.8843 16.8195 3.73332
      vertex -28.1843 -4.78392 3.55436
      vertex -15.8843 16.8195 4.54471
    endloop
  endfacet
  facet normal -0.556771 0.335008 -0.760116
    outer loop
      vertex -15.5898 14.1861 1.51325
      vertex -27.6983 -5.48876 1.71113
      vertex -15.7341 15.477 2.18789
    endloop
  endfacet
  facet normal -0.427716 0.380655 -0.819854
    outer loop
      vertex -15.5898 14.1861 1.51325
      vertex -15.7341 15.477 2.18789
      vertex -15.0875 14.7505 1.51325
    endloop
  endfacet
  facet normal -0.470405 0.0319357 -0.881872
    outer loop
      vertex -27.7637 -10.9769 0.73478
      vertex -28.6049 -10.9769 1.18349
      vertex -28.5148 -9.64975 1.18349
    endloop
  endfacet
  facet normal -0.623357 0.0423196 -0.780791
    outer loop
      vertex -28.6049 -10.9769 1.18349
      vertex -29.2658 -10.9769 1.71113
      vertex -28.5148 -9.64975 1.18349
    endloop
  endfacet
  facet normal -0.564931 0.208189 -0.798442
    outer loop
      vertex -27.8144 -7.19741 1.18349
      vertex -28.8584 -8.00676 1.71113
      vertex -28.3639 -6.66491 1.71113
    endloop
  endfacet
  facet normal -0.374103 0.21171 -0.902899
    outer loop
      vertex -26.6362 -7.02912 0.73478
      vertex -27.8144 -7.19741 1.18349
      vertex -27.231 -6.16651 1.18349
    endloop
  endfacet
  facet normal -0.100678 -0.228817 -0.968249
    outer loop
      vertex -24.4721 -15.0458 0.382229
      vertex -25.3872 -16.135 0.73478
      vertex -25.0087 -14.8097 0.382229
    endloop
  endfacet
  facet normal -0.323473 -0.0676709 -0.943814
    outer loop
      vertex -26.5569 -12.5645 0.382229
      vertex -27.6898 -12.0662 0.73478
      vertex -26.7197 -11.7863 0.382229
    endloop
  endfacet
  facet normal -0.191679 -0.0706539 -0.978911
    outer loop
      vertex -26.2925 -13.2818 0.382229
      vertex -26.5569 -12.5645 0.382229
      vertex -25.3787 -12.3963 0.139387
    endloop
  endfacet
  facet normal -0.299353 -0.110343 -0.947741
    outer loop
      vertex -26.2925 -13.2818 0.382229
      vertex -27.4707 -13.1135 0.73478
      vertex -26.5569 -12.5645 0.382229
    endloop
  endfacet
  facet normal -0.310757 -0.261132 -0.913915
    outer loop
      vertex -26.5201 -16.6334 1.18349
      vertex -27.231 -15.7874 1.18349
      vertex -26.0528 -15.6191 0.73478
    endloop
  endfacet
  facet normal -0.168367 -0.0952964 -0.981107
    outer loop
      vertex -25.1596 -12.7834 0.139387
      vertex -25.9368 -13.9104 0.382229
      vertex -25.3787 -12.3963 0.139387
    endloop
  endfacet
  facet normal -0.168946 -0.00491121 0.985613
    outer loop
      vertex -11.206 -8.0944 13.3681
      vertex -21.298 -12.0102 11.6187
      vertex -21.2915 -12.2338 11.6187
    endloop
  endfacet
  facet normal -0.284782 -0.0449324 0.957539
    outer loop
      vertex -21.241 -12.647 11.6187
      vertex -21.8853 -13.3093 11.396
      vertex -21.7927 -13.8962 11.396
    endloop
  endfacet
  facet normal 0.0595703 0.00475075 0.998213
    outer loop
      vertex -9.8679 -7.90836 13.3681
      vertex 8.14785 0.869224 12.2512
      vertex 8.10821 0.92503 12.2533
    endloop
  endfacet
  facet normal 0.0598496 0.0041757 0.998199
    outer loop
      vertex 8.14785 0.869224 12.2512
      vertex -9.8679 -7.90836 13.3681
      vertex -9.85492 -8.0944 13.3681
    endloop
  endfacet
  facet normal 0.0629314 -0.00212185 0.998016
    outer loop
      vertex 19.7198 6.63094 11.5333
      vertex 18.2604 5.9138 11.6238
      vertex 18.2633 5.90574 11.6236
    endloop
  endfacet
  facet normal 0.0593894 0.005158 0.998222
    outer loop
      vertex 9.83437 1.77326 12.1463
      vertex 11.6877 2.63171 12.0316
      vertex 11.6769 2.67865 12.032
    endloop
  endfacet
  facet normal 0.059859 0.00414104 0.998198
    outer loop
      vertex 11.6877 2.63171 12.0316
      vertex 9.83437 1.77326 12.1463
      vertex 9.8693 1.72634 12.1444
    endloop
  endfacet
  facet normal 0.0616486 0.000531994 0.998098
    outer loop
      vertex 16.5705 5.08334 11.7286
      vertex 15.7469 4.65279 11.7797
      vertex 16.5739 5.06457 11.7284
    endloop
  endfacet
  facet normal 0.0607241 0.00230686 0.998152
    outer loop
      vertex 15.7469 4.65279 11.7797
      vertex 16.5705 5.08334 11.7286
      vertex 15.6943 4.65279 11.7829
    endloop
  endfacet
  facet normal -0.1249 -0.102746 0.986835
    outer loop
      vertex -11.0082 -8.76868 13.3681
      vertex -21.3431 -15.1466 11.396
      vertex -11.9452 -10.0913 13.1118
    endloop
  endfacet
  facet normal -0.123028 -0.106183 0.986706
    outer loop
      vertex -11.9452 -10.0913 13.1118
      vertex -21.3431 -15.1466 11.396
      vertex -11.642 -10.4426 13.1118
    endloop
  endfacet
  facet normal 0.033854 0.0274541 0.99905
    outer loop
      vertex -8.49446 7.69599 12.8998
      vertex -8.03171 11.7396 12.773
      vertex -8.07242 11.7898 12.773
    endloop
  endfacet
  facet normal 0.0361415 0.0271964 0.998977
    outer loop
      vertex -8.03171 11.7396 12.773
      vertex -8.49084 7.6958 12.8997
      vertex -8.45888 7.69006 12.8987
    endloop
  endfacet
  facet normal 0.0290717 0.0280056 0.999185
    outer loop
      vertex -8.03171 11.7396 12.773
      vertex -8.49446 7.69599 12.8998
      vertex -8.49084 7.6958 12.8997
    endloop
  endfacet
  facet normal 0.0355696 0.0272806 0.998995
    outer loop
      vertex -8.71002 5.60497 12.9646
      vertex -10.0528 -7.42011 13.3681
      vertex -8.68294 5.566 12.9647
    endloop
  endfacet
  facet normal 0.0516884 0.0400425 0.99786
    outer loop
      vertex 3.62645 9.74639 12.2491
      vertex -8.03171 11.7396 12.773
      vertex 3.62645 9.72147 12.2501
    endloop
  endfacet
  facet normal 0.0520549 0.0422142 0.997752
    outer loop
      vertex -8.03171 11.7396 12.773
      vertex 3.62645 9.74639 12.2491
      vertex -8.07242 11.7898 12.773
    endloop
  endfacet
  facet normal 0.0496497 0.0282642 0.998367
    outer loop
      vertex 19.6103 6.95455 11.5333
      vertex 16.5714 7.48535 11.6694
      vertex 16.5967 7.47623 11.6684
    endloop
  endfacet
  facet normal 0.0525674 0.0451702 0.997595
    outer loop
      vertex 5.69595 9.38492 12.1564
      vertex 15.1837 7.72083 11.7318
      vertex 15.2437 7.71726 11.7288
    endloop
  endfacet
  facet normal 0.0519121 0.0413832 0.997794
    outer loop
      vertex 15.1837 7.72083 11.7318
      vertex 5.69595 9.38492 12.1564
      vertex 5.69595 9.36322 12.1573
    endloop
  endfacet
  facet normal 0.0694919 0.146484 0.986769
    outer loop
      vertex 3.62645 9.84704 12.2407
      vertex -8.17863 11.8616 12.773
      vertex 3.62645 9.83222 12.2429
    endloop
  endfacet
  facet normal 0.0696207 0.147343 0.986632
    outer loop
      vertex 5.69595 9.47646 12.15
      vertex 19.3188 7.16908 11.5333
      vertex 5.69595 9.49387 12.1474
    endloop
  endfacet
  facet normal 0.0691124 0.144209 0.987131
    outer loop
      vertex 19.3188 7.16908 11.5333
      vertex 5.69595 9.47646 12.15
      vertex 19.4311 7.11526 11.5333
    endloop
  endfacet
  facet normal 0.058853 0.082368 0.994863
    outer loop
      vertex 5.69595 9.43826 12.1535
      vertex 19.4311 7.11526 11.5333
      vertex 5.69595 9.46604 12.1512
    endloop
  endfacet
  facet normal 0.0583545 0.0793473 0.995138
    outer loop
      vertex 19.4311 7.11526 11.5333
      vertex 5.69595 9.43826 12.1535
      vertex 19.5296 7.04282 11.5333
    endloop
  endfacet
  facet normal 0.0577714 0.0758594 0.995444
    outer loop
      vertex 3.62645 9.82024 12.2444
      vertex -8.12203 11.831 12.773
      vertex 3.62645 9.79662 12.2462
    endloop
  endfacet
  facet normal 0.0558232 -0.130429 0.989885
    outer loop
      vertex -10.2719 -8.97539 13.3681
      vertex -10.3987 -9.02966 13.3681
      vertex -10.1402 -10.8642 13.1118
    endloop
  endfacet
  facet normal -0.10554 -0.139924 0.984522
    outer loop
      vertex -11.642 -10.4426 13.1118
      vertex -21.1552 -15.3397 11.396
      vertex -11.2961 -10.7035 13.1118
    endloop
  endfacet
  facet normal 0.11049 -0.034542 -0.993277
    outer loop
      vertex 31.065 4.46546 0.502965
      vertex 29.1377 5.24003 0.26164
      vertex 29.481 6.33815 0.26164
    endloop
  endfacet
  facet normal 0.107128 -0.0590168 -0.992492
    outer loop
      vertex 30.3147 3.1035 0.502965
      vertex 23.558 -2.70973 0.119328
      vertex 31.065 4.46546 0.502965
    endloop
  endfacet
  facet normal -0.000278539 -8.34029e-05 -1
    outer loop
      vertex -1.98512 2.84627 0.00814533
      vertex -24.4636 -11.3071 0.0155869
      vertex -2.03237 3.00407 0.00814533
    endloop
  endfacet
  facet normal -0.0002162 -0.000181543 -1
    outer loop
      vertex -24.2445 -11.6942 0.0155869
      vertex -24.3346 -11.5869 0.0155869
      vertex -1.80512 2.57338 0.00814533
    endloop
  endfacet
  facet normal -0.0673988 -0.0565949 -0.99612
    outer loop
      vertex -24.2445 -11.6942 0.0155869
      vertex -25.1596 -12.7834 0.139387
      vertex -24.3346 -11.5869 0.0155869
    endloop
  endfacet
  facet normal 0.0232375 -0.198557 -0.979814
    outer loop
      vertex 2.81756 -15.0909 0.75101
      vertex -20.9598 -15.405 0.250751
      vertex 2.81756 -13.6858 0.466269
    endloop
  endfacet
  facet normal -0.0636631 -0.144665 -0.987431
    outer loop
      vertex -24.4721 -15.0458 0.382229
      vertex -24.5881 -13.3372 0.139387
      vertex -24.2577 -13.4826 0.139387
    endloop
  endfacet
  facet normal -0.000390884 0.000206233 -1
    outer loop
      vertex -1.98512 3.49008 0.00814533
      vertex -13.7798 -0.645431 0.0119028
      vertex -1.90839 3.63551 0.00814533
    endloop
  endfacet
  facet normal -0.105507 -0.00714666 -0.994393
    outer loop
      vertex -24.4974 -11.1452 0.0155869
      vertex -25.6756 -10.9769 0.139387
      vertex -24.5088 -10.9769 0.0155869
    endloop
  endfacet
  facet normal -0.000381489 3.9323e-05 -1
    outer loop
      vertex -13.805 -0.765321 0.0119028
      vertex -24.4974 -10.8087 0.0155869
      vertex -13.7987 -0.704202 0.0119028
    endloop
  endfacet
  facet normal -0.0935509 -0.034509 -0.995016
    outer loop
      vertex -24.4086 -11.4562 0.0155869
      vertex -25.5415 -11.9546 0.139387
      vertex -24.4636 -11.3071 0.0155869
    endloop
  endfacet
  facet normal -0.0935616 -0.0344846 -0.995016
    outer loop
      vertex -25.3787 -12.3963 0.139387
      vertex -25.5415 -11.9546 0.139387
      vertex -24.4086 -11.4562 0.0155869
    endloop
  endfacet
  facet normal -0.105511 0.00717806 -0.994392
    outer loop
      vertex -24.4974 -10.8087 0.0155869
      vertex -25.6756 -10.9769 0.139387
      vertex -25.6417 -10.4786 0.139387
    endloop
  endfacet
  facet normal -0.105507 0.00715091 -0.994393
    outer loop
      vertex -24.5088 -10.9769 0.0155869
      vertex -25.6756 -10.9769 0.139387
      vertex -24.4974 -10.8087 0.0155869
    endloop
  endfacet
  facet normal -0.323479 0.06767 -0.943813
    outer loop
      vertex -26.5569 -9.38935 0.382229
      vertex -27.6898 -9.88775 0.73478
      vertex -27.4707 -8.8404 0.73478
    endloop
  endfacet
  facet normal -0.323478 0.0676674 -0.943813
    outer loop
      vertex -26.7197 -10.1676 0.382229
      vertex -27.6898 -9.88775 0.73478
      vertex -26.5569 -9.38935 0.382229
    endloop
  endfacet
  facet normal -3.1557e-05 5.22896e-05 -1
    outer loop
      vertex 17.591 1.87337 0.00743294
      vertex -1.67929 3.86759 0.00814533
      vertex 17.6395 1.90264 0.00743294
    endloop
  endfacet
  facet normal 0.000269451 0.000228048 -1
    outer loop
      vertex 24.6069 8.15637 0.0106697
      vertex 17.9454 1.83397 0.00743294
      vertex 24.4508 8.34081 0.0106697
    endloop
  endfacet
  facet normal -3.32358e-05 3.58508e-05 -1
    outer loop
      vertex 17.5485 1.83397 0.00743294
      vertex -1.80512 3.76297 0.00814533
      vertex 17.591 1.87337 0.00743294
    endloop
  endfacet
  facet normal 0.000287521 0.000209009 -1
    outer loop
      vertex 17.9803 1.78596 0.00743294
      vertex 17.9454 1.83397 0.00743294
      vertex 24.6069 8.15637 0.0106697
    endloop
  endfacet
  facet normal -3.56206e-05 1.06659e-05 -1
    outer loop
      vertex 17.4876 1.73119 0.00743294
      vertex -2.03237 3.33228 0.00814533
      vertex -1.98512 3.49008 0.00814533
    endloop
  endfacet
  facet normal -0.000355899 0.000106567 -1
    outer loop
      vertex -2.03237 3.33228 0.00814533
      vertex -13.7987 -0.704202 0.0119028
      vertex -1.98512 3.49008 0.00814533
    endloop
  endfacet
  facet normal 0.000239331 0.000258162 -1
    outer loop
      vertex 17.9454 1.83397 0.00743294
      vertex 17.9029 1.87337 0.00743294
      vertex 24.4508 8.34081 0.0106697
    endloop
  endfacet
  facet normal -0.000182164 -0.000235191 -1
    outer loop
      vertex -24.1416 -11.7739 0.0155869
      vertex -24.2445 -11.6942 0.0155869
      vertex -1.67929 2.46877 0.00814533
    endloop
  endfacet
  facet normal -0.0500578 -0.0646293 -0.996653
    outer loop
      vertex -24.1416 -11.7739 0.0155869
      vertex -24.5881 -13.3372 0.139387
      vertex -24.2445 -11.6942 0.0155869
    endloop
  endfacet
  facet normal 0.000679465 -0.00122172 -0.999999
    outer loop
      vertex 22.3301 -2.16451 0.0133438
      vertex 18.7803 -6.49616 0.0162239
      vertex 22.2188 -2.22641 0.0133438
    endloop
  endfacet
  facet normal 0.000718886 -0.000775448 -0.999999
    outer loop
      vertex 22.4277 -2.08119 0.0133438
      vertex 17.9029 1.34656 0.00743294
      vertex 17.9454 1.38596 0.00743294
    endloop
  endfacet
  facet normal 0.114908 -0.0116719 -0.993308
    outer loop
      vertex 31.6831 7.48015 0.502965
      vertex 29.481 6.33815 0.26164
      vertex 29.597 7.48015 0.26164
    endloop
  endfacet
  facet normal 0.114904 -0.0116633 -0.993308
    outer loop
      vertex 31.5271 5.94328 0.502965
      vertex 29.481 6.33815 0.26164
      vertex 31.6831 7.48015 0.502965
    endloop
  endfacet
  facet normal 0.0649817 -0.051212 -0.996571
    outer loop
      vertex 23.3208 -3.01038 0.119328
      vertex 22.4277 -2.08119 0.0133438
      vertex 22.5077 -1.97968 0.0133438
    endloop
  endfacet
  facet normal 0.06363 -0.0525134 -0.996591
    outer loop
      vertex 23.3208 -3.01038 0.119328
      vertex 18.9544 -6.34441 0.0162239
      vertex 22.4277 -2.08119 0.0133438
    endloop
  endfacet
  facet normal -1.88873e-05 0.000169923 -1
    outer loop
      vertex 17.6922 1.92067 0.00743294
      vertex -1.37996 3.99319 0.00814533
      vertex 17.7469 1.92675 0.00743294
    endloop
  endfacet
  facet normal -3.10438e-05 5.73351e-05 -1
    outer loop
      vertex 17.6395 1.90264 0.00743294
      vertex -1.67929 3.86759 0.00814533
      vertex -1.53573 3.94532 0.00814533
    endloop
  endfacet
  facet normal 0.000522561 -5.30374e-05 -1
    outer loop
      vertex 24.7942 7.2427 0.0106697
      vertex 18.0222 1.54816 0.00743294
      vertex 24.8183 7.48015 0.0106697
    endloop
  endfacet
  facet normal 0.0344177 -0.00349323 -0.999401
    outer loop
      vertex 27.2076 6.77691 0.0954113
      vertex 24.7942 7.2427 0.0106697
      vertex 24.8183 7.48015 0.0106697
    endloop
  endfacet
  facet normal 0.0267276 0.0226207 -0.999387
    outer loop
      vertex 24.6069 8.15637 0.0106697
      vertex 24.4508 8.34081 0.0106697
      vertex 26.6529 9.48281 0.0954113
    endloop
  endfacet
  facet normal 4.76172e-05 -0.000332123 -1
    outer loop
      vertex 2.95071 -8.22968 0.00989056
      vertex 2.81756 -8.24877 0.00989056
      vertex 17.8017 1.29926 0.00743294
    endloop
  endfacet
  facet normal 0.207883 -0.184834 -0.960532
    outer loop
      vertex 20.4226 -10.9688 0.764819
      vertex 19.5749 -10.0152 0.397855
      vertex 19.9765 -9.56352 0.397855
    endloop
  endfacet
  facet normal 0.139358 -0.114967 -0.983546
    outer loop
      vertex 19.9765 -9.56352 0.397855
      vertex 19.4807 -8.00205 0.145085
      vertex 24.1621 -3.88565 0.327223
    endloop
  endfacet
  facet normal 0.0565104 -0.287888 -0.955995
    outer loop
      vertex 4.01558 -16.0231 1.08583
      vertex 3.86763 -14.9403 0.75101
      vertex 18.6861 -12.0774 0.764819
    endloop
  endfacet
  facet normal 0.0442372 -0.211949 -0.976279
    outer loop
      vertex 19.2959 -11.951 0.764819
      vertex 16.1755 -10.2157 0.246695
      vertex 19.1392 -10.2934 0.397855
    endloop
  endfacet
  facet normal 0.108686 0.147785 0.98303
    outer loop
      vertex 20.1391 8.06528 11.3122
      vertex 19.4311 7.11526 11.5333
      vertex 19.5296 7.04282 11.5333
    endloop
  endfacet
  facet normal 0.214666 0.291755 0.932093
    outer loop
      vertex 20.806 8.96018 10.8785
      vertex 20.4307 7.85074 11.3122
      vertex 21.2795 8.61179 10.8785
    endloop
  endfacet
  facet normal 0.430097 0.28435 0.856832
    outer loop
      vertex 22.5663 8.72543 10.249
      vertex 21.668 8.18729 10.8785
      vertex 33.7471 14.082 2.85903
    endloop
  endfacet
  facet normal 0.385789 0.353072 0.852354
    outer loop
      vertex 22.5663 8.72543 10.249
      vertex 21.2795 8.61179 10.8785
      vertex 21.668 8.18729 10.8785
    endloop
  endfacet
  facet normal 0.0493628 0.0265187 0.998429
    outer loop
      vertex 3.62645 9.68346 12.2512
      vertex -8.00146 11.6823 12.773
      vertex 3.62645 9.65334 12.252
    endloop
  endfacet
  facet normal 0.049277 0.0260144 0.998446
    outer loop
      vertex -8.00146 11.6823 12.773
      vertex 3.62645 9.68346 12.2512
      vertex -8.03171 11.7396 12.773
    endloop
  endfacet
  facet normal 0.0512936 0.0377861 0.997969
    outer loop
      vertex 19.6704 6.85384 11.5333
      vertex 16.9155 7.33971 11.6565
      vertex 16.9288 7.33222 11.6561
    endloop
  endfacet
  facet normal 0.0490026 0.0245137 0.998498
    outer loop
      vertex 5.69595 9.31847 12.1586
      vertex 14.7855 7.7062 11.7521
      vertex 14.8274 7.70798 11.75
    endloop
  endfacet
  facet normal 0.0493756 0.0266348 0.998425
    outer loop
      vertex 14.7855 7.7062 11.7521
      vertex 5.69595 9.31847 12.1586
      vertex 5.69595 9.29223 12.1593
    endloop
  endfacet
  facet normal 0.0491096 0.025794 0.99846
    outer loop
      vertex -8.63385 5.49538 12.9643
      vertex -8.44055 4.43059 12.9823
      vertex -8.48611 5.02055 12.9693
    endloop
  endfacet
  facet normal 0.049252 0.025837 0.998452
    outer loop
      vertex 3.62645 9.65334 12.252
      vertex 1.69807 5.05559 12.4661
      vertex 3.62645 0 12.5018
    endloop
  endfacet
  facet normal 0.04949 0.0257368 0.998443
    outer loop
      vertex 3.62645 9.65334 12.252
      vertex 1.66557 5.57198 12.4544
      vertex 1.69807 5.05559 12.4661
    endloop
  endfacet
  facet normal 0.049275 0.0258404 0.998451
    outer loop
      vertex 3.62645 9.65334 12.252
      vertex 1.56807 6.03224 12.4473
      vertex 1.66557 5.57198 12.4544
    endloop
  endfacet
  facet normal 0.0491244 0.0259263 0.998456
    outer loop
      vertex 3.62645 9.65334 12.252
      vertex 1.40558 6.4364 12.4448
      vertex 1.56807 6.03224 12.4473
    endloop
  endfacet
  facet normal 0.0492182 0.0258614 0.998453
    outer loop
      vertex 3.62645 9.65334 12.252
      vertex 1.17807 6.78445 12.447
      vertex 1.40558 6.4364 12.4448
    endloop
  endfacet
  facet normal 0.0492978 0.0257933 0.998451
    outer loop
      vertex 3.62645 9.65334 12.252
      vertex 0.885574 7.07639 12.4539
      vertex 1.17807 6.78445 12.447
    endloop
  endfacet
  facet normal 0.0492576 0.0258361 0.998452
    outer loop
      vertex 3.62645 9.65334 12.252
      vertex 0.531952 7.31389 12.4652
      vertex 0.885574 7.07639 12.4539
    endloop
  endfacet
  facet normal 0.0492756 0.0258123 0.998452
    outer loop
      vertex 3.62645 9.65334 12.252
      vertex 0.121124 7.4986 12.4807
      vertex 0.531952 7.31389 12.4652
    endloop
  endfacet
  facet normal 0.0491467 0.0260221 0.998453
    outer loop
      vertex 3.62645 9.65334 12.252
      vertex -0.346924 7.63054 12.5003
      vertex 0.121124 7.4986 12.4807
    endloop
  endfacet
  facet normal 0.0493038 0.0257135 0.998453
    outer loop
      vertex 3.62645 9.65334 12.252
      vertex -0.872208 7.7097 12.5242
      vertex -0.346924 7.63054 12.5003
    endloop
  endfacet
  facet normal 0.0491731 0.0260158 0.998451
    outer loop
      vertex 3.62645 9.65334 12.252
      vertex -1.45471 7.7361 12.5522
      vertex -0.872208 7.7097 12.5242
    endloop
  endfacet
  facet normal 0.0492436 0.0258292 0.998453
    outer loop
      vertex -8.00146 11.6823 12.773
      vertex -1.45471 7.7361 12.5522
      vertex 3.62645 9.65334 12.252
    endloop
  endfacet
  facet normal 0.0493796 0.0260555 0.99844
    outer loop
      vertex -1.45471 7.7361 12.5522
      vertex -8.00146 11.6823 12.773
      vertex -1.77441 7.72887 12.5682
    endloop
  endfacet
  facet normal 0.0492926 0.0259181 0.998448
    outer loop
      vertex -1.77441 7.72887 12.5682
      vertex -8.00146 11.6823 12.773
      vertex -2.08913 7.7072 12.5843
    endloop
  endfacet
  facet normal 0.0492153 0.0258028 0.998455
    outer loop
      vertex -2.08913 7.7072 12.5843
      vertex -8.00146 11.6823 12.773
      vertex -2.39885 7.67108 12.6005
    endloop
  endfacet
  facet normal 0.0491426 0.025701 0.998461
    outer loop
      vertex -2.39885 7.67108 12.6005
      vertex -8.00146 11.6823 12.773
      vertex -2.70358 7.62051 12.6168
    endloop
  endfacet
  facet normal 0.049335 0.0259525 0.998445
    outer loop
      vertex -2.70358 7.62051 12.6168
      vertex -8.00146 11.6823 12.773
      vertex -3.00331 7.5555 12.6333
    endloop
  endfacet
  facet normal 0.0492263 0.0258874 0.998452
    outer loop
      vertex -3.67691 5.65279 12.7157
      vertex -6.37115 4.9444 12.8669
      vertex -4.21861 4.0486 12.784
    endloop
  endfacet
  facet normal 0.0491988 0.0257818 0.998456
    outer loop
      vertex -4.52361 3.79276 12.8056
      vertex -6.37115 4.9444 12.8669
      vertex -4.76082 3.48637 12.8252
    endloop
  endfacet
  facet normal 0.0492581 0.0258474 0.998452
    outer loop
      vertex -4.76082 3.48637 12.8252
      vertex -6.37115 4.9444 12.8669
      vertex -4.93027 3.12943 12.8428
    endloop
  endfacet
  facet normal 0.0491386 0.0257917 0.998459
    outer loop
      vertex -5.03192 2.72194 12.8584
      vertex -6.37115 4.9444 12.8669
      vertex -5.06581 2.26389 12.8719
    endloop
  endfacet
  facet normal 0.0493429 0.0259149 0.998446
    outer loop
      vertex -4.93027 3.12943 12.8428
      vertex -6.37115 4.9444 12.8669
      vertex -5.03192 2.72194 12.8584
    endloop
  endfacet
  facet normal 0.0491501 0.0257035 0.998461
    outer loop
      vertex -4.21861 4.0486 12.784
      vertex -6.37115 4.9444 12.8669
      vertex -4.52361 3.79276 12.8056
    endloop
  endfacet
  facet normal 0.0492674 0.0258175 0.998452
    outer loop
      vertex -4.35741 7.05559 12.713
      vertex -6.4767 5.98332 12.8453
      vertex -6.39754 5.4958 12.854
    endloop
  endfacet
  facet normal 0.049209 0.0259328 0.998452
    outer loop
      vertex -4.35741 7.05559 12.713
      vertex -6.60864 6.40694 12.8408
      vertex -6.4767 5.98332 12.8453
    endloop
  endfacet
  facet normal 0.0493067 0.0258864 0.998448
    outer loop
      vertex -8.00146 11.6823 12.773
      vertex -4.35741 7.05559 12.713
      vertex -4.1077 7.1778 12.6975
    endloop
  endfacet
  facet normal 0.049214 0.0258062 0.998455
    outer loop
      vertex -8.00146 11.6823 12.773
      vertex -4.1077 7.1778 12.6975
      vertex -3.84743 7.28889 12.6818
    endloop
  endfacet
  facet normal 0.0491245 0.0257215 0.998461
    outer loop
      vertex -8.00146 11.6823 12.773
      vertex -3.84743 7.28889 12.6818
      vertex -3.57661 7.38887 12.6659
    endloop
  endfacet
  facet normal 0.0492359 0.0258397 0.998453
    outer loop
      vertex -4.35741 7.05559 12.713
      vertex -6.79337 6.76666 12.8406
      vertex -6.60864 6.40694 12.8408
    endloop
  endfacet
  facet normal 0.0493036 0.0259064 0.998448
    outer loop
      vertex -8.00146 11.6823 12.773
      vertex -3.57661 7.38887 12.6659
      vertex -3.29524 7.47774 12.6497
    endloop
  endfacet
  facet normal 0.0492165 0.0258087 0.998455
    outer loop
      vertex -3.00331 7.5555 12.6333
      vertex -8.00146 11.6823 12.773
      vertex -3.29524 7.47774 12.6497
    endloop
  endfacet
  facet normal 0.0492469 0.0258393 0.998452
    outer loop
      vertex -4.35741 7.05559 12.713
      vertex -8.00146 11.6823 12.773
      vertex -7.32001 7.29999 12.8528
    endloop
  endfacet
  facet normal 0.0492527 0.0256993 0.998456
    outer loop
      vertex -4.35741 7.05559 12.713
      vertex -7.03085 7.0625 12.8447
      vertex -6.79337 6.76666 12.8406
    endloop
  endfacet
  facet normal 0.049253 0.025915 0.99845
    outer loop
      vertex -4.35741 7.05559 12.713
      vertex -7.32001 7.29999 12.8528
      vertex -7.03085 7.0625 12.8447
    endloop
  endfacet
  facet normal 0.0490038 0.0258017 0.998465
    outer loop
      vertex -7.32001 7.29999 12.8528
      vertex -8.00146 11.6823 12.773
      vertex -7.65973 7.4847 12.8647
    endloop
  endfacet
  facet normal 0.049409 0.0258343 0.998444
    outer loop
      vertex -8.00146 11.6823 12.773
      vertex -8.05002 7.61664 12.8806
      vertex -7.65973 7.4847 12.8647
    endloop
  endfacet
  facet normal 0.0492445 0.0258364 0.998453
    outer loop
      vertex -8.05002 7.61664 12.8806
      vertex -8.00146 11.6823 12.773
      vertex -8.41041 7.68136 12.8967
    endloop
  endfacet
  facet normal 0.0492397 0.0258323 0.998453
    outer loop
      vertex 1.69807 0 12.5969
      vertex 3.62645 0 12.5018
      vertex 1.69807 5.05559 12.4661
    endloop
  endfacet
  facet normal 0.0492397 0.0258487 0.998452
    outer loop
      vertex -9.96877 -7.56461 13.3681
      vertex 3.62645 0 12.5018
      vertex 1.69807 0 12.5969
    endloop
  endfacet
  facet normal 0.0492869 0.0257758 0.998452
    outer loop
      vertex -9.96877 -7.56461 13.3681
      vertex 1.69807 0 12.5969
      vertex 0.253677 0 12.6682
    endloop
  endfacet
  facet normal 0.0502775 0.0250419 0.998421
    outer loop
      vertex -0.401382 0.796692 12.6799
      vertex -0.149109 1.02779 12.6614
      vertex -0.204712 1.02779 12.6642
    endloop
  endfacet
  facet normal 0.0494242 0.0259749 0.99844
    outer loop
      vertex -0.149109 1.02779 12.6614
      vertex -0.401382 0.796692 12.6799
      vertex 0.253677 0 12.6682
    endloop
  endfacet
  facet normal 0.0492242 0.0258102 0.998454
    outer loop
      vertex -0.602493 0.592239 12.6951
      vertex 0.253677 0 12.6682
      vertex -0.401382 0.796692 12.6799
    endloop
  endfacet
  facet normal 0.049161 0.0257187 0.99846
    outer loop
      vertex -0.808044 0.414459 12.7098
      vertex 0.253677 0 12.6682
      vertex -0.602493 0.592239 12.6951
    endloop
  endfacet
  facet normal 0.0492735 0.0260082 0.998447
    outer loop
      vertex -1.01805 0.263351 12.7241
      vertex 0.253677 0 12.6682
      vertex -0.808044 0.414459 12.7098
    endloop
  endfacet
  facet normal 0.0492422 0.0258557 0.998452
    outer loop
      vertex -1.23251 0.138885 12.7379
      vertex 0.253677 0 12.6682
      vertex -1.01805 0.263351 12.7241
    endloop
  endfacet
  facet normal 0.0491901 0.0252895 0.998469
    outer loop
      vertex -1.46527 0.0388794 12.7519
      vertex 0.253677 0 12.6682
      vertex -1.23251 0.138885 12.7379
    endloop
  endfacet
  facet normal 0.0492095 0.0262024 0.998445
    outer loop
      vertex -1.73024 -0.0388794 12.767
      vertex 0.253677 0 12.6682
      vertex -1.46527 0.0388794 12.7519
    endloop
  endfacet
  facet normal 0.0492121 0.026077 0.998448
    outer loop
      vertex -2.02744 -0.0944519 12.7831
      vertex 0.253677 0 12.6682
      vertex -1.73024 -0.0388794 12.767
    endloop
  endfacet
  facet normal 0.0492212 0.0258647 0.998453
    outer loop
      vertex 0.253677 0 12.6682
      vertex -2.02744 -0.0944519 12.7831
      vertex -9.96877 -7.56461 13.3681
    endloop
  endfacet
  facet normal 0.0492099 0.0258767 0.998453
    outer loop
      vertex -9.96877 -7.56461 13.3681
      vertex -2.02744 -0.0944519 12.7831
      vertex -2.35687 -0.127777 12.8002
    endloop
  endfacet
  facet normal 0.0491765 0.0259109 0.998454
    outer loop
      vertex -9.96877 -7.56461 13.3681
      vertex -2.35687 -0.127777 12.8002
      vertex -2.71851 -0.138885 12.8183
    endloop
  endfacet
  facet normal 0.0492538 0.0258478 0.998452
    outer loop
      vertex -6.37115 0 12.9949
      vertex -5.06581 2.26389 12.8719
      vertex -6.37115 4.9444 12.8669
    endloop
  endfacet
  facet normal 0.0492063 0.0258753 0.998453
    outer loop
      vertex -5.06581 2.26389 12.8719
      vertex -6.37115 0 12.9949
      vertex -5.03914 1.80029 12.8826
    endloop
  endfacet
  facet normal 0.0491074 0.0259487 0.998456
    outer loop
      vertex -5.03914 1.80029 12.8826
      vertex -6.37115 0 12.9949
      vertex -4.95914 1.38724 12.8894
    endloop
  endfacet
  facet normal 0.0492336 0.0258199 0.998453
    outer loop
      vertex -4.95914 1.38724 12.8894
      vertex -6.37115 0 12.9949
      vertex -4.82581 1.02473 12.8922
    endloop
  endfacet
  facet normal 0.0493274 0.0256785 0.998453
    outer loop
      vertex -6.37115 0 12.9949
      vertex -4.63913 0.712784 12.891
      vertex -4.82581 1.02473 12.8922
    endloop
  endfacet
  facet normal 0.0491731 0.0260531 0.99845
    outer loop
      vertex -6.37115 0 12.9949
      vertex -4.39911 0.451385 12.886
      vertex -4.63913 0.712784 12.891
    endloop
  endfacet
  facet normal 0.0492785 0.025594 0.998457
    outer loop
      vertex -6.37115 0 12.9949
      vertex -4.11855 0.238892 12.8776
      vertex -4.39911 0.451385 12.886
    endloop
  endfacet
  facet normal 0.0492346 0.0260038 0.998449
    outer loop
      vertex -6.37115 0 12.9949
      vertex -3.8102 0.0735931 12.8667
      vertex -4.11855 0.238892 12.8776
    endloop
  endfacet
  facet normal 0.0492346 0.0260049 0.998449
    outer loop
      vertex -6.37115 0 12.9949
      vertex -3.47408 -0.0444489 12.8532
      vertex -3.8102 0.0735931 12.8667
    endloop
  endfacet
  facet normal 0.0492323 0.0258445 0.998453
    outer loop
      vertex -9.96877 -7.56461 13.3681
      vertex -3.47408 -0.0444489 12.8532
      vertex -6.37115 0 12.9949
    endloop
  endfacet
  facet normal 0.0492089 0.0258647 0.998454
    outer loop
      vertex -3.47408 -0.0444489 12.8532
      vertex -9.96877 -7.56461 13.3681
      vertex -3.11018 -0.11528 12.8371
    endloop
  endfacet
  facet normal 0.0492134 0.0258535 0.998454
    outer loop
      vertex -9.96877 -7.56461 13.3681
      vertex -6.37115 0 12.9949
      vertex -8.44055 0 13.0969
    endloop
  endfacet
  facet normal 0.0600161 0.0291802 0.997771
    outer loop
      vertex -8.63385 5.49538 12.9643
      vertex -8.48611 5.02055 12.9693
      vertex -8.62277 5.47943 12.9641
    endloop
  endfacet
  facet normal 0.0492844 0.0258256 0.998451
    outer loop
      vertex -8.44055 4.43059 12.9823
      vertex -8.63385 5.49538 12.9643
      vertex -8.44055 0 13.0969
    endloop
  endfacet
  facet normal 0.0492357 0.0258559 0.998452
    outer loop
      vertex 3.62645 0 12.5018
      vertex -9.96877 -7.56461 13.3681
      vertex 5.58135 0 12.4054
    endloop
  endfacet
  facet normal 0.0494694 0.0256245 0.998447
    outer loop
      vertex -3.11018 -0.11528 12.8371
      vertex -9.96877 -7.56461 13.3681
      vertex -2.71851 -0.138885 12.8183
    endloop
  endfacet
  facet normal 0.0493412 0.0258275 0.998448
    outer loop
      vertex -9.96877 -7.56461 13.3681
      vertex -8.44055 0 13.0969
      vertex -8.63385 5.49538 12.9643
    endloop
  endfacet
  facet normal 0.0491751 0.0261259 0.998448
    outer loop
      vertex -1.67691 4.68059 12.6423
      vertex -0.357407 5.05559 12.5675
      vertex -0.369919 5.28169 12.5622
    endloop
  endfacet
  facet normal 0.0493886 0.025662 0.99845
    outer loop
      vertex -1.67691 4.68059 12.6423
      vertex -0.369919 5.28169 12.5622
      vertex -0.40741 5.48224 12.5589
    endloop
  endfacet
  facet normal 0.0494046 0.0256365 0.99845
    outer loop
      vertex -1.67691 4.68059 12.6423
      vertex -0.40741 5.48224 12.5589
      vertex -0.46991 5.65721 12.5575
    endloop
  endfacet
  facet normal 0.0490619 0.0260606 0.998456
    outer loop
      vertex -1.67691 4.68059 12.6423
      vertex -0.46991 5.65721 12.5575
      vertex -0.557419 5.80663 12.5579
    endloop
  endfacet
  facet normal 0.0495093 0.025615 0.998445
    outer loop
      vertex -1.67691 4.68059 12.6423
      vertex -0.557419 5.80663 12.5579
      vertex -0.669907 5.9305 12.5603
    endloop
  endfacet
  facet normal 0.0489743 0.0260471 0.99846
    outer loop
      vertex -1.67691 4.68059 12.6423
      vertex -0.669907 5.9305 12.5603
      vertex -0.804642 6.0305 12.5643
    endloop
  endfacet
  facet normal 0.0493013 0.0258351 0.99845
    outer loop
      vertex -1.67691 4.68059 12.6423
      vertex -0.804642 6.0305 12.5643
      vertex -0.958817 6.10829 12.5699
    endloop
  endfacet
  facet normal 0.0491282 0.0259225 0.998456
    outer loop
      vertex -1.67691 4.68059 12.6423
      vertex -0.958817 6.10829 12.5699
      vertex -1.13243 6.16385 12.577
    endloop
  endfacet
  facet normal 0.0494448 0.0258058 0.998443
    outer loop
      vertex -1.67691 4.68059 12.6423
      vertex -1.13243 6.16385 12.577
      vertex -1.3255 6.19717 12.5857
    endloop
  endfacet
  facet normal 0.049277 0.0258449 0.998451
    outer loop
      vertex -1.67691 4.68059 12.6423
      vertex -1.3255 6.19717 12.5857
      vertex -1.53801 6.2083 12.5959
    endloop
  endfacet
  facet normal 0.0492806 0.0257557 0.998453
    outer loop
      vertex -0.357407 5.05559 12.5675
      vertex -1.67691 4.68059 12.6423
      vertex -0.357407 4.7222 12.5761
    endloop
  endfacet
  facet normal 0.0489259 0.0258773 0.998467
    outer loop
      vertex -1.75911 6.2019 12.6069
      vertex -1.67691 4.68059 12.6423
      vertex -1.53801 6.2083 12.5959
    endloop
  endfacet
  facet normal 0.0492818 0.0258961 0.998449
    outer loop
      vertex -1.97798 6.18274 12.6182
      vertex -1.67691 4.68059 12.6423
      vertex -1.75911 6.2019 12.6069
    endloop
  endfacet
  facet normal 0.0491819 0.0258762 0.998455
    outer loop
      vertex -2.19464 6.1508 12.6297
      vertex -1.67691 4.68059 12.6423
      vertex -1.97798 6.18274 12.6182
    endloop
  endfacet
  facet normal 0.0491332 0.0258591 0.998457
    outer loop
      vertex -2.19464 6.1508 12.6297
      vertex -2.32079 4.63753 12.6751
      vertex -1.67691 4.68059 12.6423
    endloop
  endfacet
  facet normal 0.0495535 0.0258235 0.998438
    outer loop
      vertex -2.40909 6.10608 12.6415
      vertex -2.32079 4.63753 12.6751
      vertex -2.19464 6.1508 12.6297
    endloop
  endfacet
  facet normal 0.0490023 0.025791 0.998466
    outer loop
      vertex -2.62131 6.0486 12.6534
      vertex -2.32079 4.63753 12.6751
      vertex -2.40909 6.10608 12.6415
    endloop
  endfacet
  facet normal 0.0494867 0.0258937 0.998439
    outer loop
      vertex -2.83243 5.98166 12.6656
      vertex -2.32079 4.63753 12.6751
      vertex -2.62131 6.0486 12.6534
    endloop
  endfacet
  facet normal 0.0492375 0.025799 0.998454
    outer loop
      vertex -2.83243 5.98166 12.6656
      vertex -2.8969 4.55278 12.7057
      vertex -2.32079 4.63753 12.6751
    endloop
  endfacet
  facet normal 0.0492452 0.0257986 0.998453
    outer loop
      vertex -3.04355 5.90862 12.6779
      vertex -2.8969 4.55278 12.7057
      vertex -2.83243 5.98166 12.6656
    endloop
  endfacet
  facet normal 0.0489805 0.0257703 0.998467
    outer loop
      vertex -3.25467 5.82945 12.6903
      vertex -2.8969 4.55278 12.7057
      vertex -3.04355 5.90862 12.6779
    endloop
  endfacet
  facet normal 0.0495834 0.0259388 0.998433
    outer loop
      vertex -3.46579 5.74417 12.703
      vertex -2.8969 4.55278 12.7057
      vertex -3.25467 5.82945 12.6903
    endloop
  endfacet
  facet normal 0.0493588 0.0258316 0.998447
    outer loop
      vertex -2.8969 4.55278 12.7057
      vertex -3.46579 5.74417 12.703
      vertex -3.40524 4.42639 12.7341
    endloop
  endfacet
  facet normal 0.0488916 0.0258107 0.998471
    outer loop
      vertex -3.67691 5.65279 12.7157
      vertex -3.40524 4.42639 12.7341
      vertex -3.46579 5.74417 12.703
    endloop
  endfacet
  facet normal 0.0490629 0.0258485 0.998461
    outer loop
      vertex -3.67691 5.65279 12.7157
      vertex -3.84581 4.25832 12.7601
      vertex -3.40524 4.42639 12.7341
    endloop
  endfacet
  facet normal 0.0494984 0.0257951 0.998441
    outer loop
      vertex -3.67691 5.65279 12.7157
      vertex -4.21861 4.0486 12.784
      vertex -3.84581 4.25832 12.7601
    endloop
  endfacet
  facet normal 0.0492652 0.0258203 0.998452
    outer loop
      vertex -6.39754 5.4958 12.854
      vertex -3.67691 5.65279 12.7157
      vertex -4.35741 7.05559 12.713
    endloop
  endfacet
  facet normal 0.0492713 0.025717 0.998454
    outer loop
      vertex -6.37115 4.9444 12.8669
      vertex -3.67691 5.65279 12.7157
      vertex -6.39754 5.4958 12.854
    endloop
  endfacet
  facet normal 0.0491746 0.0259037 0.998454
    outer loop
      vertex 19.6704 6.85384 11.5333
      vertex 17.9769 6.43779 11.6275
      vertex 18.1592 6.1187 11.6268
    endloop
  endfacet
  facet normal 0.0492396 0.02564 0.998458
    outer loop
      vertex 19.6704 6.85384 11.5333
      vertex 17.6468 6.82639 11.6338
      vertex 17.9769 6.43779 11.6275
    endloop
  endfacet
  facet normal 0.0492357 0.0258982 0.998451
    outer loop
      vertex 19.6704 6.85384 11.5333
      vertex 17.2541 7.14888 11.6448
      vertex 17.6468 6.82639 11.6338
    endloop
  endfacet
  facet normal 0.0492238 0.0257988 0.998455
    outer loop
      vertex 17.2541 7.14888 11.6448
      vertex 19.6704 6.85384 11.5333
      vertex 16.9288 7.33222 11.6561
    endloop
  endfacet
  facet normal 0.0492513 0.0256859 0.998456
    outer loop
      vertex 11.6497 4.73051 11.9838
      vertex 7.95985 4.29169 12.1771
      vertex 11.5955 4.25136 11.9988
    endloop
  endfacet
  facet normal 0.0492089 0.0260395 0.998449
    outer loop
      vertex 11.7399 5.17355 11.9678
      vertex 7.95985 4.29169 12.1771
      vertex 11.6497 4.73051 11.9838
    endloop
  endfacet
  facet normal 0.0492621 0.0258125 0.998452
    outer loop
      vertex 7.95985 4.29169 12.1771
      vertex 11.7399 5.17355 11.9678
      vertex 10.9738 7.5833 11.9433
    endloop
  endfacet
  facet normal 0.0490429 0.025743 0.998465
    outer loop
      vertex 11.8663 5.58047 11.9511
      vertex 10.9738 7.5833 11.9433
      vertex 11.7399 5.17355 11.9678
    endloop
  endfacet
  facet normal 0.0492178 0.0258209 0.998454
    outer loop
      vertex 12.0288 5.95129 11.9335
      vertex 10.9738 7.5833 11.9433
      vertex 11.8663 5.58047 11.9511
    endloop
  endfacet
  facet normal 0.0492816 0.0258621 0.99845
    outer loop
      vertex 12.2236 6.28659 11.9152
      vertex 10.9738 7.5833 11.9433
      vertex 12.0288 5.95129 11.9335
    endloop
  endfacet
  facet normal 0.0493106 0.0258902 0.998448
    outer loop
      vertex 12.4466 6.58688 11.8964
      vertex 10.9738 7.5833 11.9433
      vertex 12.2236 6.28659 11.9152
    endloop
  endfacet
  facet normal 0.0491642 0.0256731 0.998461
    outer loop
      vertex 12.698 6.85216 11.8772
      vertex 10.9738 7.5833 11.9433
      vertex 12.4466 6.58688 11.8964
    endloop
  endfacet
  facet normal 0.049293 0.0259782 0.998446
    outer loop
      vertex 12.9777 7.08243 11.8574
      vertex 10.9738 7.5833 11.9433
      vertex 12.698 6.85216 11.8772
    endloop
  endfacet
  facet normal 0.0492145 0.0256621 0.998459
    outer loop
      vertex 13.2857 7.27769 11.8372
      vertex 10.9738 7.5833 11.9433
      vertex 12.9777 7.08243 11.8574
    endloop
  endfacet
  facet normal 0.0492678 0.0260696 0.998445
    outer loop
      vertex 13.6185 7.43771 11.8166
      vertex 10.9738 7.5833 11.9433
      vertex 13.2857 7.27769 11.8372
    endloop
  endfacet
  facet normal 0.049263 0.0259798 0.998448
    outer loop
      vertex 13.9724 7.56218 11.7959
      vertex 10.9738 7.5833 11.9433
      vertex 13.6185 7.43771 11.8166
    endloop
  endfacet
  facet normal 0.049262 0.0258106 0.998452
    outer loop
      vertex 14.3474 7.65108 11.7751
      vertex 10.9738 7.5833 11.9433
      vertex 13.9724 7.56218 11.7959
    endloop
  endfacet
  facet normal 0.0492197 0.0257229 0.998457
    outer loop
      vertex 5.69595 9.29223 12.1593
      vertex 14.3474 7.65108 11.7751
      vertex 14.7435 7.70441 11.7542
    endloop
  endfacet
  facet normal 0.0489063 0.0239216 0.998517
    outer loop
      vertex 5.69595 9.29223 12.1593
      vertex 14.7435 7.70441 11.7542
      vertex 14.7855 7.7062 11.7521
    endloop
  endfacet
  facet normal 0.0492594 0.0259335 0.998449
    outer loop
      vertex 14.3474 7.65108 11.7751
      vertex 5.69595 9.29223 12.1593
      vertex 10.9738 7.5833 11.9433
    endloop
  endfacet
  facet normal 0.0492217 0.0258726 0.998453
    outer loop
      vertex 5.69595 5.8333 12.2488
      vertex 6.51535 5.27779 12.2228
      vertex 8.64035 7.5833 12.0583
    endloop
  endfacet
  facet normal 0.0492072 0.0257714 0.998456
    outer loop
      vertex 10.9738 7.5833 11.9433
      vertex 5.69595 9.29223 12.1593
      vertex 8.64035 7.5833 12.0583
    endloop
  endfacet
  facet normal 0.049244 0.025835 0.998453
    outer loop
      vertex 5.69595 5.8333 12.2488
      vertex 8.64035 7.5833 12.0583
      vertex 5.69595 9.29223 12.1593
    endloop
  endfacet
  facet normal 0.0491283 0.0257345 0.998461
    outer loop
      vertex 5.69456 5.66136 12.2533
      vertex 6.51535 5.27779 12.2228
      vertex 5.69595 5.8333 12.2488
    endloop
  endfacet
  facet normal 0.0493356 0.0261798 0.998439
    outer loop
      vertex 5.69038 5.48999 12.258
      vertex 6.51535 5.27779 12.2228
      vertex 5.69456 5.66136 12.2533
    endloop
  endfacet
  facet normal 0.0491619 0.0254999 0.998465
    outer loop
      vertex 6.51535 5.27779 12.2228
      vertex 5.69038 5.48999 12.258
      vertex 6.41647 5.17084 12.2304
    endloop
  endfacet
  facet normal 0.0494016 0.0260475 0.998439
    outer loop
      vertex 5.68343 5.31918 12.2628
      vertex 6.41647 5.17084 12.2304
      vertex 5.69038 5.48999 12.258
    endloop
  endfacet
  facet normal 0.0493322 0.0257021 0.998452
    outer loop
      vertex 6.41647 5.17084 12.2304
      vertex 5.68343 5.31918 12.2628
      vertex 6.31981 5.06113 12.238
    endloop
  endfacet
  facet normal 0.0494313 0.0259476 0.99844
    outer loop
      vertex 6.31981 5.06113 12.238
      vertex 5.68343 5.31918 12.2628
      vertex 6.22536 4.94862 12.2456
    endloop
  endfacet
  facet normal 0.0490194 0.0253435 0.998476
    outer loop
      vertex 5.67369 5.14891 12.2676
      vertex 6.22536 4.94862 12.2456
      vertex 5.68343 5.31918 12.2628
    endloop
  endfacet
  facet normal 0.0491332 0.0256584 0.998463
    outer loop
      vertex 6.22536 4.94862 12.2456
      vertex 5.67369 5.14891 12.2676
      vertex 6.13315 4.83334 12.2531
    endloop
  endfacet
  facet normal 0.0492173 0.0257812 0.998455
    outer loop
      vertex 5.66116 4.97919 12.2726
      vertex 6.13315 4.83334 12.2531
      vertex 5.67369 5.14891 12.2676
    endloop
  endfacet
  facet normal 0.0492497 0.0258866 0.998451
    outer loop
      vertex 6.13315 4.83334 12.2531
      vertex 5.66116 4.97919 12.2726
      vertex 6.04315 4.71529 12.2606
    endloop
  endfacet
  facet normal 0.0492555 0.025895 0.99845
    outer loop
      vertex 5.647 4.80948 12.2777
      vertex 6.04315 4.71529 12.2606
      vertex 5.66116 4.97919 12.2726
    endloop
  endfacet
  facet normal 0.0493438 0.0262691 0.998436
    outer loop
      vertex 6.04315 4.71529 12.2606
      vertex 5.647 4.80948 12.2777
      vertex 5.95483 4.59613 12.2681
    endloop
  endfacet
  facet normal 0.0493157 0.0262285 0.998439
    outer loop
      vertex 5.63229 4.63919 12.2829
      vertex 5.95483 4.59613 12.2681
      vertex 5.647 4.80948 12.2777
    endloop
  endfacet
  facet normal 0.0492911 0.0260419 0.998445
    outer loop
      vertex 5.95483 4.59613 12.2681
      vertex 5.63229 4.63919 12.2829
      vertex 5.8676 4.47752 12.2755
    endloop
  endfacet
  facet normal 0.0488794 0.0254411 0.998481
    outer loop
      vertex 5.61703 4.46835 12.288
      vertex 5.8676 4.47752 12.2755
      vertex 5.63229 4.63919 12.2829
    endloop
  endfacet
  facet normal 0.0488546 0.0260984 0.998465
    outer loop
      vertex 5.8676 4.47752 12.2755
      vertex 5.61703 4.46835 12.288
      vertex 5.78148 4.35945 12.2828
    endloop
  endfacet
  facet normal 0.0490239 0.0263548 0.99845
    outer loop
      vertex 5.60123 4.29695 12.2933
      vertex 5.78148 4.35945 12.2828
      vertex 5.61703 4.46835 12.288
    endloop
  endfacet
  facet normal 0.0493221 0.0254959 0.998457
    outer loop
      vertex 5.78148 4.35945 12.2828
      vertex 5.60123 4.29695 12.2933
      vertex 5.69647 4.24194 12.29
    endloop
  endfacet
  facet normal 0.0495595 0.0259082 0.998435
    outer loop
      vertex 5.69647 4.24194 12.29
      vertex 5.60123 4.29695 12.2933
      vertex 5.61255 4.125 12.2972
    endloop
  endfacet
  facet normal 0.0468643 0.0257338 0.99857
    outer loop
      vertex 5.61255 4.125 12.2972
      vertex 5.60123 4.29695 12.2933
      vertex 5.58485 4.125 12.2985
    endloop
  endfacet
  facet normal 0.0492542 0.0259797 0.998448
    outer loop
      vertex 11.5955 4.25136 11.9988
      vertex 7.95985 4.29169 12.1771
      vertex 11.5774 3.7361 12.0131
    endloop
  endfacet
  facet normal 0.0492333 0.0258425 0.998453
    outer loop
      vertex 9.67279 1.99035 12.1522
      vertex 11.5774 3.7361 12.0131
      vertex 7.95985 4.29169 12.1771
    endloop
  endfacet
  facet normal 0.0493557 0.0257087 0.99845
    outer loop
      vertex 11.5774 3.7361 12.0131
      vertex 9.67279 1.99035 12.1522
      vertex 11.5974 3.23166 12.0251
    endloop
  endfacet
  facet normal 0.0493037 0.0257895 0.998451
    outer loop
      vertex 11.5974 3.23166 12.0251
      vertex 9.67279 1.99035 12.1522
      vertex 11.6342 2.9445 12.0307
    endloop
  endfacet
  facet normal 0.0492467 0.0258764 0.998451
    outer loop
      vertex 5.69595 2.3611 12.3387
      vertex 7.94761 1.15111 12.259
      vertex 6.58485 3.0694 12.2765
    endloop
  endfacet
  facet normal 0.0492127 0.025813 0.998455
    outer loop
      vertex 7.94761 1.15111 12.259
      vertex 5.69595 2.3611 12.3387
      vertex 5.69595 0.0557512 12.3983
    endloop
  endfacet
  facet normal 0.0493941 0.0256738 0.998449
    outer loop
      vertex 15.1458 4.65279 11.8134
      vertex 16.4824 5.39859 11.7281
      vertex 16.3835 5.60831 11.7276
    endloop
  endfacet
  facet normal 0.0493392 0.025745 0.99845
    outer loop
      vertex 15.1458 4.65279 11.8134
      vertex 16.3835 5.60831 11.7276
      vertex 16.2579 5.7986 11.7289
    endloop
  endfacet
  facet normal 0.0492114 0.0258693 0.998453
    outer loop
      vertex 15.1458 4.65279 11.8134
      vertex 16.2579 5.7986 11.7289
      vertex 16.1035 5.96109 11.7323
    endloop
  endfacet
  facet normal 0.0489679 0.026048 0.998461
    outer loop
      vertex 15.1458 4.65279 11.8134
      vertex 16.1035 5.96109 11.7323
      vertex 15.918 6.08749 11.7381
    endloop
  endfacet
  facet normal 0.0494461 0.0257897 0.998444
    outer loop
      vertex 15.1458 4.65279 11.8134
      vertex 15.918 6.08749 11.7381
      vertex 15.7013 6.17776 11.7465
    endloop
  endfacet
  facet normal 0.0491756 0.0258888 0.998455
    outer loop
      vertex 15.1458 4.65279 11.8134
      vertex 15.7013 6.17776 11.7465
      vertex 15.4535 6.23193 11.7573
    endloop
  endfacet
  facet normal 0.0492893 0.0258664 0.99845
    outer loop
      vertex 15.1458 4.65279 11.8134
      vertex 15.4535 6.23193 11.7573
      vertex 15.1746 6.25 11.7706
    endloop
  endfacet
  facet normal 0.0490213 0.026342 0.99845
    outer loop
      vertex 16.4824 5.39859 11.7281
      vertex 15.1458 4.65279 11.8134
      vertex 16.5086 5.31572 11.729
    endloop
  endfacet
  facet normal 0.0493034 0.0258662 0.998449
    outer loop
      vertex 14.9438 6.23444 11.7824
      vertex 15.1458 4.65279 11.8134
      vertex 15.1746 6.25 11.7706
    endloop
  endfacet
  facet normal 0.0492541 0.0258599 0.998451
    outer loop
      vertex 14.7291 6.18777 11.7942
      vertex 15.1458 4.65279 11.8134
      vertex 14.9438 6.23444 11.7824
    endloop
  endfacet
  facet normal 0.0492018 0.0258458 0.998454
    outer loop
      vertex 14.5305 6.10999 11.806
      vertex 15.1458 4.65279 11.8134
      vertex 14.7291 6.18777 11.7942
    endloop
  endfacet
  facet normal 0.0491284 0.0258148 0.998459
    outer loop
      vertex 14.3479 6.0011 11.8178
      vertex 15.1458 4.65279 11.8134
      vertex 14.5305 6.10999 11.806
    endloop
  endfacet
  facet normal 0.0490995 0.0257977 0.998461
    outer loop
      vertex 14.1815 5.8611 11.8296
      vertex 15.1458 4.65279 11.8134
      vertex 14.3479 6.0011 11.8178
    endloop
  endfacet
  facet normal 0.0494345 0.0260653 0.998437
    outer loop
      vertex 14.0363 5.68831 11.8413
      vertex 15.1458 4.65279 11.8134
      vertex 14.1815 5.8611 11.8296
    endloop
  endfacet
  facet normal 0.0491094 0.0257163 0.998462
    outer loop
      vertex 13.9171 5.48109 11.8525
      vertex 15.1458 4.65279 11.8134
      vertex 14.0363 5.68831 11.8413
    endloop
  endfacet
  facet normal 0.0493331 0.0260492 0.998443
    outer loop
      vertex 13.8241 5.23943 11.8634
      vertex 15.1458 4.65279 11.8134
      vertex 13.9171 5.48109 11.8525
    endloop
  endfacet
  facet normal 0.0491761 0.0256939 0.99846
    outer loop
      vertex 13.7572 4.96333 11.8738
      vertex 15.1458 4.65279 11.8134
      vertex 13.8241 5.23943 11.8634
    endloop
  endfacet
  facet normal 0.0491722 0.0256761 0.99846
    outer loop
      vertex 15.1458 4.65279 11.8134
      vertex 13.7572 4.96333 11.8738
      vertex 13.7163 4.65279 11.8838
    endloop
  endfacet
  facet normal 0.0491785 0.0258799 0.998455
    outer loop
      vertex -1.16301 3.4861 12.6478
      vertex -0.357407 2.88889 12.6236
      vertex -0.357407 3.51389 12.6074
    endloop
  endfacet
  facet normal 0.0490445 0.0256987 0.998466
    outer loop
      vertex -0.357407 2.88889 12.6236
      vertex -1.16301 3.4861 12.6478
      vertex -0.375748 2.61307 12.6316
    endloop
  endfacet
  facet normal 0.0492945 0.0259245 0.998448
    outer loop
      vertex -0.375748 2.61307 12.6316
      vertex -1.16301 3.4861 12.6478
      vertex -0.430756 2.36334 12.6408
    endloop
  endfacet
  facet normal 0.0494267 0.0260107 0.998439
    outer loop
      vertex -1.53857 3.46275 12.667
      vertex -0.430756 2.36334 12.6408
      vertex -1.16301 3.4861 12.6478
    endloop
  endfacet
  facet normal 0.0492264 0.0258085 0.998454
    outer loop
      vertex -0.430756 2.36334 12.6408
      vertex -1.53857 3.46275 12.667
      vertex -0.52243 2.13972 12.6511
    endloop
  endfacet
  facet normal 0.0491058 0.0257159 0.998462
    outer loop
      vertex -0.52243 2.13972 12.6511
      vertex -1.53857 3.46275 12.667
      vertex -0.650787 1.9422 12.6625
    endloop
  endfacet
  facet normal 0.0493664 0.025868 0.998446
    outer loop
      vertex -0.650787 1.9422 12.6625
      vertex -1.53857 3.46275 12.667
      vertex -0.815811 1.7708 12.6751
    endloop
  endfacet
  facet normal 0.0490967 0.0257529 0.998462
    outer loop
      vertex -0.815811 1.7708 12.6751
      vertex -1.53857 3.46275 12.667
      vertex -1.00748 1.62831 12.6882
    endloop
  endfacet
  facet normal 0.0491121 0.0257573 0.998461
    outer loop
      vertex -1.86523 3.41498 12.6843
      vertex -1.00748 1.62831 12.6882
      vertex -1.53857 3.46275 12.667
    endloop
  endfacet
  facet normal 0.0494694 0.0259288 0.998439
    outer loop
      vertex -1.00748 1.62831 12.6882
      vertex -1.86523 3.41498 12.6843
      vertex -1.21581 1.51749 12.7014
    endloop
  endfacet
  facet normal 0.0490606 0.0257891 0.998463
    outer loop
      vertex -1.21581 1.51749 12.7014
      vertex -1.86523 3.41498 12.6843
      vertex -1.4408 1.43832 12.7145
    endloop
  endfacet
  facet normal 0.0494516 0.0258728 0.998441
    outer loop
      vertex -1.4408 1.43832 12.7145
      vertex -1.86523 3.41498 12.6843
      vertex -1.68246 1.39082 12.7277
    endloop
  endfacet
  facet normal 0.0493463 0.0258634 0.998447
    outer loop
      vertex -2.14302 3.34276 12.6999
      vertex -1.68246 1.39082 12.7277
      vertex -1.86523 3.41498 12.6843
    endloop
  endfacet
  facet normal 0.049049 0.0257935 0.998463
    outer loop
      vertex -1.68246 1.39082 12.7277
      vertex -2.14302 3.34276 12.6999
      vertex -1.94081 1.375 12.7408
    endloop
  endfacet
  facet normal 0.0492954 0.0258185 0.99845
    outer loop
      vertex -2.3719 3.24609 12.7137
      vertex -1.94081 1.375 12.7408
      vertex -2.14302 3.34276 12.6999
    endloop
  endfacet
  facet normal 0.0492061 0.025798 0.998455
    outer loop
      vertex -2.55191 3.125 12.7257
      vertex -1.94081 1.375 12.7408
      vertex -2.3719 3.24609 12.7137
    endloop
  endfacet
  facet normal 0.0488872 0.0256868 0.998474
    outer loop
      vertex -2.69193 2.98334 12.7362
      vertex -1.94081 1.375 12.7408
      vertex -2.55191 3.125 12.7257
    endloop
  endfacet
  facet normal 0.0494089 0.0259304 0.998442
    outer loop
      vertex -2.80081 2.82501 12.7457
      vertex -1.94081 1.375 12.7408
      vertex -2.69193 2.98334 12.7362
    endloop
  endfacet
  facet normal 0.0494422 0.0259502 0.99844
    outer loop
      vertex -2.87859 2.65001 12.7541
      vertex -1.94081 1.375 12.7408
      vertex -2.80081 2.82501 12.7457
    endloop
  endfacet
  facet normal 0.0490578 0.0256671 0.998466
    outer loop
      vertex -1.94081 1.375 12.7408
      vertex -2.87859 2.65001 12.7541
      vertex -2.11191 1.38304 12.749
    endloop
  endfacet
  facet normal 0.0489341 0.0255922 0.998474
    outer loop
      vertex -2.92526 2.45834 12.7613
      vertex -2.11191 1.38304 12.749
      vertex -2.87859 2.65001 12.7541
    endloop
  endfacet
  facet normal 0.0494042 0.0259546 0.998442
    outer loop
      vertex -2.26968 1.40721 12.7562
      vertex -2.94081 2.25 12.7675
      vertex -2.41412 1.44749 12.7623
    endloop
  endfacet
  facet normal 0.0486636 0.0254682 0.99849
    outer loop
      vertex -2.9297 2.07195 12.7715
      vertex -2.41412 1.44749 12.7623
      vertex -2.94081 2.25 12.7675
    endloop
  endfacet
  facet normal 0.0494966 0.0260182 0.998435
    outer loop
      vertex -2.94081 2.25 12.7675
      vertex -2.11191 1.38304 12.749
      vertex -2.92526 2.45834 12.7613
    endloop
  endfacet
  facet normal 0.0492362 0.0259415 0.99845
    outer loop
      vertex -2.41412 1.44749 12.7623
      vertex -2.9297 2.07195 12.7715
      vertex -2.54523 1.50389 12.7673
    endloop
  endfacet
  facet normal 0.0495596 0.0260785 0.998431
    outer loop
      vertex -2.11191 1.38304 12.749
      vertex -2.94081 2.25 12.7675
      vertex -2.26968 1.40721 12.7562
    endloop
  endfacet
  facet normal 0.0503449 0.0266925 0.998375
    outer loop
      vertex -2.89636 1.91556 12.774
      vertex -2.54523 1.50389 12.7673
      vertex -2.9297 2.07195 12.7715
    endloop
  endfacet
  facet normal 0.0485501 0.0251595 0.998504
    outer loop
      vertex -2.54523 1.50389 12.7673
      vertex -2.89636 1.91556 12.774
      vertex -2.66301 1.57639 12.7712
    endloop
  endfacet
  facet normal 0.0487224 0.0252782 0.998492
    outer loop
      vertex -2.84081 1.78084 12.7747
      vertex -2.66301 1.57639 12.7712
      vertex -2.89636 1.91556 12.774
    endloop
  endfacet
  facet normal 0.0503621 0.0267062 0.998374
    outer loop
      vertex -2.66301 1.57639 12.7712
      vertex -2.84081 1.78084 12.7747
      vertex -2.76302 1.66779 12.7738
    endloop
  endfacet
  facet normal 0.31667 -0.842225 0.436322
    outer loop
      vertex 19.6427 -15.6202 3.69966
      vertex 17.9594 -13.8026 8.42983
      vertex 18.1417 -14.2716 7.39222
    endloop
  endfacet
  facet normal 0.440848 -0.774101 0.454336
    outer loop
      vertex 18.9278 -13.2511 8.42983
      vertex 17.9594 -13.8026 8.42983
      vertex 19.6427 -15.6202 3.69966
    endloop
  endfacet
  facet normal 0.690046 -0.531497 0.491272
    outer loop
      vertex 20.4732 -11.6046 8.42983
      vertex 19.7766 -12.509 8.42983
      vertex 34.1541 0.614416 2.433
    endloop
  endfacet
  facet normal 0.433052 -0.495264 0.753113
    outer loop
      vertex 18.6649 -11.3246 10.1578
      vertex 18.0543 -11.8585 10.1578
      vertex 19.2875 -11.9878 9.36366
    endloop
  endfacet
  facet normal 0.339451 -0.0826045 0.93699
    outer loop
      vertex 22.1346 6.08442 10.8785
      vertex 17.6241 -8.67242 11.2116
      vertex 18.7523 -8.91151 10.7818
    endloop
  endfacet
  facet normal 0.336581 -0.0958188 0.936767
    outer loop
      vertex 17.6241 -8.67242 11.2116
      vertex 17.5192 -9.0409 11.2116
      vertex 18.5819 -9.50989 10.7818
    endloop
  endfacet
  facet normal 0.604862 -0.303468 0.73624
    outer loop
      vertex 20.3518 -10.2909 9.36366
      vertex 19.8981 -11.1952 9.36366
      vertex 35.3311 2.75095 2.433
    endloop
  endfacet
  facet normal 0.599104 -0.291897 0.745567
    outer loop
      vertex 35.3311 2.75095 2.433
      vertex 19.5384 -9.93196 10.1578
      vertex 20.3518 -10.2909 9.36366
    endloop
  endfacet
  facet normal 0.331847 -0.37952 0.863621
    outer loop
      vertex 18.6649 -11.3246 10.1578
      vertex 17.9329 -10.5447 10.7818
      vertex 18.0543 -11.8585 10.1578
    endloop
  endfacet
  facet normal 0.323329 -0.567905 0.75693
    outer loop
      vertex 18.0543 -11.8585 10.1578
      vertex 17.3577 -12.2551 10.1578
      vertex 17.6947 -13.1217 9.36366
    endloop
  endfacet
  facet normal -0.0358951 -0.258009 0.965476
    outer loop
      vertex -10.9208 -10.8642 13.1118
      vertex -20.9598 -17.523 10.9591
      vertex -10.5305 -10.9185 13.1118
    endloop
  endfacet
  facet normal -0.0247779 -0.274219 0.961348
    outer loop
      vertex -10.5305 -10.9185 13.1118
      vertex -20.9598 -17.523 10.9591
      vertex -10.5305 -12.6805 12.6092
    endloop
  endfacet
  facet normal 0.137264 -0.105714 0.984877
    outer loop
      vertex 16.3334 -8.6577 11.4307
      vertex 16.256 -8.7582 11.4307
      vertex 17.3488 -9.38049 11.2116
    endloop
  endfacet
  facet normal 0.112714 -0.128851 0.985237
    outer loop
      vertex 16.256 -8.7582 11.4307
      vertex 16.1617 -8.84069 11.4307
      vertex 17.1195 -9.67815 11.2116
    endloop
  endfacet
  facet normal -0.938295 -0.345835 0
    outer loop
      vertex -28.9354 -15.8428 2.91978
      vertex -29.4935 -14.3286 3.55436
      vertex -29.4935 -14.3286 2.91978
    endloop
  endfacet
  facet normal -0.938295 -0.345835 0
    outer loop
      vertex -29.4935 -14.3286 3.55436
      vertex -28.9354 -15.8428 2.91978
      vertex -28.9354 -15.8428 3.55436
    endloop
  endfacet
  facet normal -0.697287 0.414798 -0.58458
    outer loop
      vertex -15.7341 15.477 2.18789
      vertex -28.0202 -5.02192 2.2974
      vertex -15.8336 16.3662 2.93752
    endloop
  endfacet
  facet normal -0.55867 0.497155 -0.663871
    outer loop
      vertex -15.7341 15.477 2.18789
      vertex -15.8336 16.3662 2.93752
      vertex -15.1611 16.1209 2.18789
    endloop
  endfacet
  facet normal -0.656586 0.371564 -0.65638
    outer loop
      vertex -27.6983 -5.48876 1.71113
      vertex -28.7424 -6.29811 2.2974
      vertex -28.0202 -5.02192 2.2974
    endloop
  endfacet
  facet normal -0.645882 0.383585 -0.660075
    outer loop
      vertex -27.6983 -5.48876 1.71113
      vertex -28.0202 -5.02192 2.2974
      vertex -15.7341 15.477 2.18789
    endloop
  endfacet
  facet normal -0.299352 0.110345 -0.947741
    outer loop
      vertex -26.2925 -8.67211 0.382229
      vertex -27.4707 -8.8404 0.73478
      vertex -27.1149 -7.87516 0.73478
    endloop
  endfacet
  facet normal -0.422126 0.155601 -0.893084
    outer loop
      vertex -27.4707 -8.8404 0.73478
      vertex -27.8144 -7.19741 1.18349
      vertex -27.1149 -7.87516 0.73478
    endloop
  endfacet
  facet normal -0.454343 0.0950461 -0.885742
    outer loop
      vertex -27.6898 -9.88775 0.73478
      vertex -28.2478 -8.37356 1.18349
      vertex -27.4707 -8.8404 0.73478
    endloop
  endfacet
  facet normal -0.454329 0.0950531 -0.885748
    outer loop
      vertex -27.6898 -9.88775 0.73478
      vertex -28.5148 -9.64975 1.18349
      vertex -28.2478 -8.37356 1.18349
    endloop
  endfacet
  facet normal -0.138534 -0.116385 -0.983495
    outer loop
      vertex -25.5033 -14.4264 0.382229
      vertex -25.9368 -13.9104 0.382229
      vertex -25.1596 -12.7834 0.139387
    endloop
  endfacet
  facet normal -0.233551 -0.301321 -0.924478
    outer loop
      vertex -25.7092 -17.2621 1.18349
      vertex -26.0528 -15.6191 0.73478
      vertex -25.3872 -16.135 0.73478
    endloop
  endfacet
  facet normal -0.422179 -0.155627 -0.893054
    outer loop
      vertex -27.1149 -14.0787 0.73478
      vertex -28.2478 -13.5803 1.18349
      vertex -27.4707 -13.1135 0.73478
    endloop
  endfacet
  facet normal -0.299354 -0.11035 -0.94774
    outer loop
      vertex -27.1149 -14.0787 0.73478
      vertex -27.4707 -13.1135 0.73478
      vertex -26.2925 -13.2818 0.382229
    endloop
  endfacet
  facet normal -0.207615 -0.0434331 -0.977246
    outer loop
      vertex -26.5569 -12.5645 0.382229
      vertex -26.7197 -11.7863 0.382229
      vertex -25.6417 -11.4753 0.139387
    endloop
  endfacet
  facet normal -0.19168 -0.0706487 -0.978911
    outer loop
      vertex -25.3787 -12.3963 0.139387
      vertex -26.5569 -12.5645 0.382229
      vertex -25.5415 -11.9546 0.139387
    endloop
  endfacet
  facet normal -0.137287 -0.079807 0.987311
    outer loop
      vertex -11.0922 -8.62418 13.3681
      vertex -21.0892 -13.0692 11.6187
      vertex -11.0082 -8.76868 13.3681
    endloop
  endfacet
  facet normal -0.138711 -0.0766251 0.987364
    outer loop
      vertex -11.0922 -8.62418 13.3681
      vertex -21.1477 -12.9633 11.6187
      vertex -21.0892 -13.0692 11.6187
    endloop
  endfacet
  facet normal -0.251802 -0.0609806 0.965856
    outer loop
      vertex -21.241 -12.647 11.6187
      vertex -21.7927 -13.8962 11.396
      vertex -21.6681 -14.4107 11.396
    endloop
  endfacet
  facet normal -0.155586 -0.0376201 0.987106
    outer loop
      vertex -11.1546 -8.45932 13.3681
      vertex -21.241 -12.647 11.6187
      vertex -21.199 -12.8207 11.6187
    endloop
  endfacet
  facet normal -0.176545 0.0157659 0.984166
    outer loop
      vertex -21.2723 -11.5715 11.6187
      vertex -21.2915 -11.7865 11.6187
      vertex -11.193 -7.90836 13.3681
    endloop
  endfacet
  facet normal 0.0654777 -0.00714082 0.997828
    outer loop
      vertex 8.18459 0.817508 12.2486
      vertex -9.8679 -8.28043 13.3681
      vertex 8.21894 0.769167 12.246
    endloop
  endfacet
  facet normal 0.0654398 -0.00714056 0.997831
    outer loop
      vertex 18.266 5.89826 11.6234
      vertex 19.7074 6.5173 11.5333
      vertex 19.7198 6.63094 11.5333
    endloop
  endfacet
  facet normal 0.0655871 -0.00748547 0.997819
    outer loop
      vertex 19.7074 6.5173 11.5333
      vertex 18.266 5.89826 11.6234
      vertex 18.2972 5.81172 11.6207
    endloop
  endfacet
  facet normal 0.0650685 -0.00630869 0.997861
    outer loop
      vertex 9.90166 1.68286 12.1421
      vertex 11.714 2.51787 12.0292
      vertex 11.6978 2.58804 12.0307
    endloop
  endfacet
  facet normal 0.0652742 -0.00675737 0.997844
    outer loop
      vertex 11.714 2.51787 12.0292
      vertex 9.90166 1.68286 12.1421
      vertex 9.94058 1.63058 12.1392
    endloop
  endfacet
  facet normal 0.0649054 -0.00627408 0.997872
    outer loop
      vertex 16.5771 5.04709 11.7281
      vertex 15.9809 4.65279 11.7644
      vertex 16.5932 4.95917 11.7265
    endloop
  endfacet
  facet normal 0.0659123 -0.00780365 0.997795
    outer loop
      vertex 15.9809 4.65279 11.7644
      vertex 16.5771 5.04709 11.7281
      vertex 15.7947 4.65279 11.7767
    endloop
  endfacet
  facet normal 0.0214443 0.0288077 0.999355
    outer loop
      vertex -10.2719 -7.2134 13.3681
      vertex -8.77388 5.69686 12.9638
      vertex -8.80883 5.74716 12.9631
    endloop
  endfacet
  facet normal 0.0217277 0.0287747 0.99935
    outer loop
      vertex -8.77388 5.69686 12.9638
      vertex -10.2719 -7.2134 13.3681
      vertex -10.1552 -7.30152 13.3681
    endloop
  endfacet
  facet normal 0.0199258 0.0289664 0.999382
    outer loop
      vertex -8.12203 11.831 12.773
      vertex -8.58826 7.70103 12.902
      vertex -8.56106 7.69957 12.9015
    endloop
  endfacet
  facet normal 0.0237193 0.028561 0.999311
    outer loop
      vertex -8.56106 7.69957 12.9015
      vertex -8.07242 11.7898 12.773
      vertex -8.12203 11.831 12.773
    endloop
  endfacet
  facet normal 0.0252175 0.0283811 0.999279
    outer loop
      vertex -8.07242 11.7898 12.773
      vertex -8.56106 7.69957 12.9015
      vertex -8.51889 7.69731 12.9005
    endloop
  endfacet
  facet normal 0.0251553 0.0284083 0.99928
    outer loop
      vertex -8.77388 5.69686 12.9638
      vertex -10.1552 -7.30152 13.3681
      vertex -8.74211 5.65114 12.9643
    endloop
  endfacet
  facet normal -0.0905681 -0.120045 0.988629
    outer loop
      vertex -10.9058 -8.88727 13.3681
      vertex -11.642 -10.4426 13.1118
      vertex -10.789 -8.97539 13.3681
    endloop
  endfacet
  facet normal 0.0733394 -0.0426485 0.996395
    outer loop
      vertex -9.96877 -8.62418 13.3681
      vertex -10.0528 -8.76868 13.3681
      vertex 16.3334 -8.6577 11.4307
    endloop
  endfacet
  facet normal 0.133749 -0.105499 -0.985384
    outer loop
      vertex 24.1621 -3.88565 0.327223
      vertex 23.558 -2.70973 0.119328
      vertex 24.5472 -3.39743 0.327223
    endloop
  endfacet
  facet normal 0.139552 -0.0971681 -0.985436
    outer loop
      vertex 24.5472 -3.39743 0.327223
      vertex 23.558 -2.70973 0.119328
      vertex 30.3147 3.1035 0.502965
    endloop
  endfacet
  facet normal -0.0133808 -0.0401425 -0.999104
    outer loop
      vertex -21.0258 -13.1344 0.0280409
      vertex -24.0301 -11.823 0.0155869
      vertex -20.9598 -13.1564 0.0280409
    endloop
  endfacet
  facet normal -0.0259489 -0.0778468 -0.996628
    outer loop
      vertex -20.9598 -13.1564 0.0280409
      vertex -24.2577 -13.4826 0.139387
      vertex -21.0258 -13.1344 0.0280409
    endloop
  endfacet
  facet normal -0.0238427 -0.0985336 -0.994848
    outer loop
      vertex -20.9598 -15.405 0.250751
      vertex -24.2577 -13.4826 0.139387
      vertex -20.9598 -13.1564 0.0280409
    endloop
  endfacet
  facet normal 0.0112509 -0.0985554 -0.995068
    outer loop
      vertex 15.9372 -8.93972 0.0275869
      vertex -20.9598 -15.405 0.250751
      vertex -20.9598 -13.1564 0.0280409
    endloop
  endfacet
  facet normal -0.0820329 0.0464456 -0.995547
    outer loop
      vertex -24.4086 -10.4977 0.0155869
      vertex -25.1596 -9.17051 0.139387
      vertex -24.3346 -10.367 0.0155869
    endloop
  endfacet
  facet normal -0.000493352 0.000158656 -1
    outer loop
      vertex -13.7987 -0.704202 0.0119028
      vertex -24.4636 -10.6468 0.0155869
      vertex -13.7798 -0.645431 0.0119028
    endloop
  endfacet
  facet normal -0.00036798 2.49404e-05 -1
    outer loop
      vertex -13.805 -0.765321 0.0119028
      vertex -24.5088 -10.9769 0.0155869
      vertex -24.4974 -10.8087 0.0155869
    endloop
  endfacet
  facet normal -0.000323294 -2.18987e-05 -1
    outer loop
      vertex -24.4974 -11.1452 0.0155869
      vertex -24.5088 -10.9769 0.0155869
      vertex -13.805 -0.765321 0.0119028
    endloop
  endfacet
  facet normal -0.000292756 -6.1119e-05 -1
    outer loop
      vertex -24.4636 -11.3071 0.0155869
      vertex -24.4974 -11.1452 0.0155869
      vertex -2.03237 3.00407 0.00814533
    endloop
  endfacet
  facet normal -0.207643 -0.0434087 -0.977241
    outer loop
      vertex -25.5415 -11.9546 0.139387
      vertex -26.5569 -12.5645 0.382229
      vertex -25.6417 -11.4753 0.139387
    endloop
  endfacet
  facet normal -0.101485 -0.021216 -0.994611
    outer loop
      vertex -25.5415 -11.9546 0.139387
      vertex -25.6417 -11.4753 0.139387
      vertex -24.4974 -11.1452 0.0155869
    endloop
  endfacet
  facet normal 0.0219388 0.0275521 -0.99938
    outer loop
      vertex 24.4508 8.34081 0.0106697
      vertex 24.2607 8.49218 0.0106697
      vertex 25.6279 10.4773 0.0954113
    endloop
  endfacet
  facet normal -0.00021886 -0.00017731 -1
    outer loop
      vertex -1.80512 2.57338 0.00814533
      vertex -24.3346 -11.5869 0.0155869
      vertex -1.90839 2.70085 0.00814533
    endloop
  endfacet
  facet normal -7.26425e-06 0.00057688 -1
    outer loop
      vertex 23.5638 8.69731 0.0106697
      vertex -1.21797 4.00935 0.00814533
      vertex 5.61 9.49952 0.0112629
    endloop
  endfacet
  facet normal -4.1437e-05 -7.65303e-05 -1
    outer loop
      vertex -1.53573 2.39104 0.00814533
      vertex -1.67929 2.46877 0.00814533
      vertex 17.6395 1.31729 0.00743294
    endloop
  endfacet
  facet normal 0.0330945 0.0103488 -0.999399
    outer loop
      vertex 24.7942 7.71761 0.0106697
      vertex 24.7228 7.94594 0.0106697
      vertex 27.2076 8.18339 0.0954113
    endloop
  endfacet
  facet normal -3.49248e-05 1.84266e-05 -1
    outer loop
      vertex 17.5136 1.78596 0.00743294
      vertex -1.98512 3.49008 0.00814533
      vertex -1.90839 3.63551 0.00814533
    endloop
  endfacet
  facet normal 0.000335225 0.000158524 -1
    outer loop
      vertex 18.0062 1.73119 0.00743294
      vertex 17.9803 1.78596 0.00743294
      vertex 24.7228 7.94594 0.0106697
    endloop
  endfacet
  facet normal 1.36467e-05 0.000466339 -1
    outer loop
      vertex 17.7469 1.92675 0.00743294
      vertex -1.21797 4.00935 0.00814533
      vertex 23.5638 8.69731 0.0106697
    endloop
  endfacet
  facet normal -3.01657e-05 -0.000210401 -1
    outer loop
      vertex 2.81756 -8.24877 0.00989056
      vertex 2.68441 -8.22968 0.00989056
      vertex 17.6922 1.29926 0.00743294
    endloop
  endfacet
  facet normal -0.0820326 -0.0464454 -0.995547
    outer loop
      vertex -24.3346 -11.5869 0.0155869
      vertex -25.1596 -12.7834 0.139387
      vertex -24.4086 -11.4562 0.0155869
    endloop
  endfacet
  facet normal -3.7364e-05 -1.11879e-05 -1
    outer loop
      vertex -1.98512 2.84627 0.00814533
      vertex -2.03237 3.00407 0.00814533
      vertex 17.4876 1.48873 0.00743294
    endloop
  endfacet
  facet normal 0.00186161 -0.00218066 -0.999996
    outer loop
      vertex 22.4277 -2.08119 0.0133438
      vertex 18.8709 -6.43833 0.0162239
      vertex 22.3301 -2.16451 0.0133438
    endloop
  endfacet
  facet normal 0.00908668 -0.00807855 -0.999926
    outer loop
      vertex 18.9544 -6.34441 0.0162239
      vertex 18.8709 -6.43833 0.0162239
      vertex 22.4277 -2.08119 0.0133438
    endloop
  endfacet
  facet normal 0.000366005 -0.000828788 -1
    outer loop
      vertex 3.07874 -8.17314 0.00989056
      vertex 2.95071 -8.22968 0.00989056
      vertex 17.8543 1.31729 0.00743294
    endloop
  endfacet
  facet normal 0.000505299 -0.00104565 -0.999999
    outer loop
      vertex 22.2188 -2.22641 0.0133438
      vertex 3.07874 -8.17314 0.00989056
      vertex 17.8543 1.31729 0.00743294
    endloop
  endfacet
  facet normal 0.0754438 -0.034948 -0.996537
    outer loop
      vertex 23.7342 -2.36673 0.119328
      vertex 22.5672 -1.86386 0.0133438
      vertex 29.1377 5.24003 0.26164
    endloop
  endfacet
  facet normal 0.0666556 -0.026789 -0.997416
    outer loop
      vertex 29.1377 5.24003 0.26164
      vertex 22.5672 -1.86386 0.0133438
      vertex 26.9962 6.10069 0.0954113
    endloop
  endfacet
  facet normal -0.000243861 -0.000138069 -1
    outer loop
      vertex -24.3346 -11.5869 0.0155869
      vertex -24.4086 -11.4562 0.0155869
      vertex -1.90839 2.70085 0.00814533
    endloop
  endfacet
  facet normal 0.000882206 -0.000485899 -0.999999
    outer loop
      vertex 24.6069 6.80394 0.0106697
      vertex 17.9803 1.43396 0.00743294
      vertex 24.7228 7.01437 0.0106697
    endloop
  endfacet
  facet normal 0.000976442 -0.000537802 -0.999999
    outer loop
      vertex 24.7228 7.01437 0.0106697
      vertex 22.5077 -1.97968 0.0133438
      vertex 24.6069 6.80394 0.0106697
    endloop
  endfacet
  facet normal 0.0344178 0.00349309 -0.999401
    outer loop
      vertex 24.8183 7.48015 0.0106697
      vertex 24.7942 7.71761 0.0106697
      vertex 27.2076 8.18339 0.0954113
    endloop
  endfacet
  facet normal -3.78362e-05 -1.79613e-05 -1
    outer loop
      vertex 17.5136 1.43396 0.00743294
      vertex -1.98512 2.84627 0.00814533
      vertex 17.4876 1.48873 0.00743294
    endloop
  endfacet
  facet normal 0.000648818 -0.000202889 -1
    outer loop
      vertex 24.7228 7.01437 0.0106697
      vertex 18.0062 1.48873 0.00743294
      vertex 24.7942 7.2427 0.0106697
    endloop
  endfacet
  facet normal 0.000617833 -0.000166336 -1
    outer loop
      vertex 24.7942 7.2427 0.0106697
      vertex 18.0062 1.48873 0.00743294
      vertex 18.0222 1.54816 0.00743294
    endloop
  endfacet
  facet normal 0.0305002 0.0168015 -0.999394
    outer loop
      vertex 26.9962 8.85961 0.0954113
      vertex 24.7228 7.94594 0.0106697
      vertex 26.6529 9.48281 0.0954113
    endloop
  endfacet
  facet normal 0.063386 0.0349172 -0.997378
    outer loop
      vertex 26.9962 8.85961 0.0954113
      vertex 26.6529 9.48281 0.0954113
      vertex 29.1377 9.72027 0.26164
    endloop
  endfacet
  facet normal 0.207902 -0.184817 -0.960531
    outer loop
      vertex 19.8822 -11.5767 0.764819
      vertex 19.5749 -10.0152 0.397855
      vertex 20.4226 -10.9688 0.764819
    endloop
  endfacet
  facet normal 0.129394 -0.202649 -0.970665
    outer loop
      vertex 19.8822 -11.5767 0.764819
      vertex 19.1392 -10.2934 0.397855
      vertex 19.5749 -10.0152 0.397855
    endloop
  endfacet
  facet normal 0.0665268 -0.0563196 -0.996194
    outer loop
      vertex 19.4807 -8.00205 0.145085
      vertex 18.9544 -6.34441 0.0162239
      vertex 23.3208 -3.01038 0.119328
    endloop
  endfacet
  facet normal 0.132318 -0.106877 -0.985428
    outer loop
      vertex 24.1621 -3.88565 0.327223
      vertex 19.4807 -8.00205 0.145085
      vertex 23.3208 -3.01038 0.119328
    endloop
  endfacet
  facet normal 0.0423447 -0.214471 -0.975812
    outer loop
      vertex 18.6861 -12.0774 0.764819
      vertex 3.86763 -14.9403 0.75101
      vertex 16.1755 -10.2157 0.246695
    endloop
  endfacet
  facet normal 0.0440124 -0.212332 -0.976206
    outer loop
      vertex 18.6861 -12.0774 0.764819
      vertex 16.1755 -10.2157 0.246695
      vertex 19.2959 -11.951 0.764819
    endloop
  endfacet
  facet normal 0.0807412 0.168462 0.982396
    outer loop
      vertex 19.8065 8.22469 11.3122
      vertex 19.3188 7.16908 11.5333
      vertex 20.1391 8.06528 11.3122
    endloop
  endfacet
  facet normal 0.0807374 0.168465 0.982395
    outer loop
      vertex 20.1391 8.06528 11.3122
      vertex 19.3188 7.16908 11.5333
      vertex 19.4311 7.11526 11.5333
    endloop
  endfacet
  facet normal 0.0579883 0.00789821 0.998286
    outer loop
      vertex 19.7074 6.74457 11.5333
      vertex 18.2176 6.01645 11.6256
      vertex 18.2221 6.00869 11.6254
    endloop
  endfacet
  facet normal 0.0559526 0.0120865 0.99836
    outer loop
      vertex -9.90635 -7.72948 13.3681
      vertex 8.06996 0.978876 12.2552
      vertex 8.02894 1.03661 12.2568
    endloop
  endfacet
  facet normal 0.0559787 0.0120325 0.998359
    outer loop
      vertex 8.06996 0.978876 12.2552
      vertex -9.90635 -7.72948 13.3681
      vertex -9.8679 -7.90836 13.3681
    endloop
  endfacet
  facet normal 0.0553924 0.013279 0.998376
    outer loop
      vertex 9.75481 1.88015 12.1499
      vertex 11.6588 2.75695 12.0326
      vertex 11.6574 2.76279 12.0326
    endloop
  endfacet
  facet normal 0.0561353 0.0116747 0.998355
    outer loop
      vertex 9.75481 1.88015 12.1499
      vertex 11.6574 2.76279 12.0326
      vertex 11.6517 2.8073 12.0324
    endloop
  endfacet
  facet normal 0.0556671 0.0126815 0.998369
    outer loop
      vertex 11.6588 2.75695 12.0326
      vertex 9.75481 1.88015 12.1499
      vertex 9.79099 1.83155 12.1485
    endloop
  endfacet
  facet normal 0.0558451 0.0122574 0.998364
    outer loop
      vertex 16.5453 5.19909 11.7292
      vertex 15.4853 4.65279 11.7952
      vertex 16.5511 5.18081 11.7291
    endloop
  endfacet
  facet normal 0.0553694 0.0131823 0.998379
    outer loop
      vertex 15.4853 4.65279 11.7952
      vertex 16.5453 5.19909 11.7292
      vertex 15.4276 4.65279 11.7984
    endloop
  endfacet
  facet normal 0.0733196 -0.06331 0.995297
    outer loop
      vertex -10.0528 -8.76868 13.3681
      vertex -10.1552 -8.88727 13.3681
      vertex 16.256 -8.7582 11.4307
    endloop
  endfacet
  facet normal 0.104019 -0.0296791 0.994132
    outer loop
      vertex 19.7074 6.5173 11.5333
      vertex 16.3909 -8.54303 11.4307
      vertex 16.4264 -8.41861 11.4307
    endloop
  endfacet
  facet normal 0.661984 -0.445292 0.602903
    outer loop
      vertex 34.1541 0.614416 2.433
      vertex 19.8981 -11.1952 9.36366
      vertex 20.4732 -11.6046 8.42983
    endloop
  endfacet
  facet normal 0.632142 -0.486898 0.602766
    outer loop
      vertex 19.8981 -11.1952 9.36366
      vertex 19.7766 -12.509 8.42983
      vertex 20.4732 -11.6046 8.42983
    endloop
  endfacet
  facet normal 0.166635 -0.292647 0.941589
    outer loop
      vertex 16.8401 -9.92243 11.2116
      vertex 16.5214 -10.1039 11.2116
      vertex 17.4792 -10.9414 10.7818
    endloop
  endfacet
  facet normal 0.522806 -0.597952 0.607559
    outer loop
      vertex 19.2875 -11.9878 9.36366
      vertex 18.5435 -12.6383 9.36366
      vertex 19.7766 -12.509 8.42983
    endloop
  endfacet
  facet normal 0.496402 -0.141348 0.856508
    outer loop
      vertex 19.7677 -9.12668 10.1578
      vertex 18.7523 -8.91151 10.7818
      vertex 19.5384 -9.93196 10.1578
    endloop
  endfacet
  facet normal 0.501307 -0.119546 0.856971
    outer loop
      vertex 23.1941 5.89545 10.249
      vertex 18.7523 -8.91151 10.7818
      vertex 19.7677 -9.12668 10.1578
    endloop
  endfacet
  facet normal 0.632067 -0.486929 0.60282
    outer loop
      vertex 19.8981 -11.1952 9.36366
      vertex 19.2875 -11.9878 9.36366
      vertex 19.7766 -12.509 8.42983
    endloop
  endfacet
  facet normal 0.331841 -0.379522 0.863623
    outer loop
      vertex 17.9329 -10.5447 10.7818
      vertex 17.4792 -10.9414 10.7818
      vertex 18.0543 -11.8585 10.1578
    endloop
  endfacet
  facet normal 0.242366 -0.749935 0.615513
    outer loop
      vertex 17.6947 -13.1217 9.36366
      vertex 16.9086 -14.1422 8.42983
      vertex 17.9594 -13.8026 8.42983
    endloop
  endfacet
  facet normal 0.391367 -0.687216 0.612018
    outer loop
      vertex 18.9278 -13.2511 8.42983
      vertex 17.6947 -13.1217 9.36366
      vertex 17.9594 -13.8026 8.42983
    endloop
  endfacet
  facet normal -0.0811607 -0.189543 0.978512
    outer loop
      vertex -11.2961 -10.7035 13.1118
      vertex -21.1552 -15.3397 11.396
      vertex -10.9208 -10.8642 13.1118
    endloop
  endfacet
  facet normal -0.0558465 -0.130424 0.989884
    outer loop
      vertex -10.789 -8.97539 13.3681
      vertex -11.2961 -10.7035 13.1118
      vertex -10.9208 -10.8642 13.1118
    endloop
  endfacet
  facet normal -0.018866 -0.135728 0.990566
    outer loop
      vertex -10.5305 -9.04798 13.3681
      vertex -10.6623 -9.02966 13.3681
      vertex -10.5305 -10.9185 13.1118
    endloop
  endfacet
  facet normal 0.0188832 -0.135729 0.990566
    outer loop
      vertex -10.3987 -9.02966 13.3681
      vertex -10.5305 -10.9185 13.1118
      vertex -10.1402 -10.8642 13.1118
    endloop
  endfacet
  facet normal 0.073244 -0.0969992 0.992586
    outer loop
      vertex -10.1552 -8.88727 13.3681
      vertex -10.2719 -8.97539 13.3681
      vertex 16.1617 -8.84069 11.4307
    endloop
  endfacet
  facet normal 0.0746958 -0.150649 0.985761
    outer loop
      vertex 16.054 -8.90198 11.4307
      vertex -9.76484 -10.7035 13.1118
      vertex 16.5214 -10.1039 11.2116
    endloop
  endfacet
  facet normal 0.15656 -0.0785051 0.984544
    outer loop
      vertex 16.3909 -8.54303 11.4307
      vertex 16.3334 -8.6577 11.4307
      vertex 17.3488 -9.38049 11.2116
    endloop
  endfacet
  facet normal 0.073364 -0.0367875 0.996627
    outer loop
      vertex 16.3909 -8.54303 11.4307
      vertex -9.96877 -8.62418 13.3681
      vertex 16.3334 -8.6577 11.4307
    endloop
  endfacet
  facet normal -0.505038 0.285808 -0.814402
    outer loop
      vertex -27.8144 -7.19741 1.18349
      vertex -28.3639 -6.66491 1.71113
      vertex -27.6983 -5.48876 1.71113
    endloop
  endfacet
  facet normal -0.656589 0.371573 -0.656373
    outer loop
      vertex -28.3639 -6.66491 1.71113
      vertex -28.7424 -6.29811 2.2974
      vertex -27.6983 -5.48876 1.71113
    endloop
  endfacet
  facet normal -0.138536 -0.116384 -0.983495
    outer loop
      vertex -24.8927 -13.1011 0.139387
      vertex -25.5033 -14.4264 0.382229
      vertex -25.1596 -12.7834 0.139387
    endloop
  endfacet
  facet normal -0.10316 -0.13309 -0.985721
    outer loop
      vertex -24.5881 -13.3372 0.139387
      vertex -25.5033 -14.4264 0.382229
      vertex -24.8927 -13.1011 0.139387
    endloop
  endfacet
  facet normal -0.251988 -0.0609298 0.96581
    outer loop
      vertex -21.241 -12.647 11.6187
      vertex -21.6681 -14.4107 11.396
      vertex -21.199 -12.8207 11.6187
    endloop
  endfacet
  facet normal -0.208587 -0.0750386 0.975121
    outer loop
      vertex -21.199 -12.8207 11.6187
      vertex -21.6681 -14.4107 11.396
      vertex -21.1477 -12.9633 11.6187
    endloop
  endfacet
  facet normal -0.307026 -0.027482 0.951304
    outer loop
      vertex -21.2723 -12.4488 11.6187
      vertex -21.9423 -12.6725 11.396
      vertex -21.8853 -13.3093 11.396
    endloop
  endfacet
  facet normal -0.284749 -0.0449679 0.957547
    outer loop
      vertex -21.2723 -12.4488 11.6187
      vertex -21.8853 -13.3093 11.396
      vertex -21.241 -12.647 11.6187
    endloop
  endfacet
  facet normal -0.172686 0.00501769 0.984964
    outer loop
      vertex -21.2915 -11.7865 11.6187
      vertex -21.298 -12.0102 11.6187
      vertex -11.206 -8.0944 13.3681
    endloop
  endfacet
  facet normal -0.175242 0.0122455 0.984449
    outer loop
      vertex -11.193 -7.90836 13.3681
      vertex -21.2915 -11.7865 11.6187
      vertex -11.206 -8.0944 13.3681
    endloop
  endfacet
  facet normal -0.0531762 -0.159122 -0.985826
    outer loop
      vertex -20.9598 -15.405 0.250751
      vertex -24.4721 -15.0458 0.382229
      vertex -21.1552 -15.3397 0.250751
    endloop
  endfacet
  facet normal -0.0521223 -0.146315 -0.987864
    outer loop
      vertex -21.1552 -15.3397 0.250751
      vertex -24.4721 -15.0458 0.382229
      vertex -24.2577 -13.4826 0.139387
    endloop
  endfacet
  facet normal -0.000526714 0.000194294 -1
    outer loop
      vertex -13.7798 -0.645431 0.0119028
      vertex -24.4636 -10.6468 0.0155869
      vertex -24.4086 -10.4977 0.0155869
    endloop
  endfacet
  facet normal -0.0935511 0.0345091 -0.995016
    outer loop
      vertex -24.4636 -10.6468 0.0155869
      vertex -25.5415 -9.99931 0.139387
      vertex -24.4086 -10.4977 0.0155869
    endloop
  endfacet
  facet normal -0.000330353 3.21294e-05 -1
    outer loop
      vertex -2.04833 3.16818 0.00814533
      vertex -13.805 -0.765321 0.0119028
      vertex -2.03237 3.33228 0.00814533
    endloop
  endfacet
  facet normal -3.67621e-05 -3.21222e-06 -1
    outer loop
      vertex 17.4716 1.54816 0.00743294
      vertex -2.04833 3.16818 0.00814533
      vertex 17.4662 1.60996 0.00743294
    endloop
  endfacet
  facet normal -4.44223e-05 -0.000129842 -1
    outer loop
      vertex 17.6922 1.29926 0.00743294
      vertex -1.53573 2.39104 0.00814533
      vertex 17.6395 1.31729 0.00743294
    endloop
  endfacet
  facet normal 0.00038533 0.000103758 -1
    outer loop
      vertex 18.0222 1.67177 0.00743294
      vertex 18.0062 1.73119 0.00743294
      vertex 24.7942 7.71761 0.0106697
    endloop
  endfacet
  facet normal 0.00297542 0.0311281 -0.999511
    outer loop
      vertex 23.5638 8.69731 0.0106697
      vertex -1.16154 11.3079 0.0183678
      vertex 23.8085 8.67392 0.0106697
    endloop
  endfacet
  facet normal -1.78808e-05 0.000179239 -1
    outer loop
      vertex 17.7469 1.92675 0.00743294
      vertex -1.37996 3.99319 0.00814533
      vertex -1.21797 4.00935 0.00814533
    endloop
  endfacet
  facet normal -3.62254e-05 3.5232e-06 -1
    outer loop
      vertex 17.4716 1.67177 0.00743294
      vertex -2.04833 3.16818 0.00814533
      vertex -2.03237 3.33228 0.00814533
    endloop
  endfacet
  facet normal 0.000169398 0.000326507 -1
    outer loop
      vertex 24.2607 8.49218 0.0106697
      vertex 17.8543 1.90264 0.00743294
      vertex 24.0439 8.60466 0.0106697
    endloop
  endfacet
  facet normal -3.43048e-05 2.49372e-05 -1
    outer loop
      vertex 17.5136 1.78596 0.00743294
      vertex -1.90839 3.63551 0.00814533
      vertex 17.5485 1.83397 0.00743294
    endloop
  endfacet
  facet normal -3.40587e-05 2.75949e-05 -1
    outer loop
      vertex 17.5485 1.83397 0.00743294
      vertex -1.90839 3.63551 0.00814533
      vertex -1.80512 3.76297 0.00814533
    endloop
  endfacet
  facet normal -4.54468e-05 -0.000147885 -1
    outer loop
      vertex -1.37996 2.34317 0.00814533
      vertex -1.53573 2.39104 0.00814533
      vertex 17.6922 1.29926 0.00743294
    endloop
  endfacet
  facet normal -4.73843e-05 -0.000183282 -1
    outer loop
      vertex 2.68441 -8.22968 0.00989056
      vertex -1.37996 2.34317 0.00814533
      vertex 17.6922 1.29926 0.00743294
    endloop
  endfacet
  facet normal -0.000284712 0.000926459 -1
    outer loop
      vertex -1.37996 3.99319 0.00814533
      vertex -1.53573 3.94532 0.00814533
      vertex 5.53869 9.48441 0.0112629
    endloop
  endfacet
  facet normal -3.72745e-05 -1.00352e-05 -1
    outer loop
      vertex 17.4876 1.48873 0.00743294
      vertex -2.03237 3.00407 0.00814533
      vertex 17.4716 1.54816 0.00743294
    endloop
  endfacet
  facet normal -3.67925e-05 -3.57814e-06 -1
    outer loop
      vertex -2.03237 3.00407 0.00814533
      vertex -2.04833 3.16818 0.00814533
      vertex 17.4716 1.54816 0.00743294
    endloop
  endfacet
  facet normal 0.0687793 0.0215018 -0.9974
    outer loop
      vertex 27.2076 8.18339 0.0954113
      vertex 26.9962 8.85961 0.0954113
      vertex 29.1377 9.72027 0.26164
    endloop
  endfacet
  facet normal 0.0330948 0.0103461 -0.999399
    outer loop
      vertex 27.2076 8.18339 0.0954113
      vertex 24.7228 7.94594 0.0106697
      vertex 26.9962 8.85961 0.0954113
    endloop
  endfacet
  facet normal 0.0733087 -0.0838042 0.993782
    outer loop
      vertex 16.256 -8.7582 11.4307
      vertex -10.1552 -8.88727 13.3681
      vertex 16.1617 -8.84069 11.4307
    endloop
  endfacet
  facet normal 0.17091 0.0186508 0.98511
    outer loop
      vertex 20.9942 6.63094 11.3122
      vertex 19.7074 6.74457 11.5333
      vertex 19.7198 6.63094 11.5333
    endloop
  endfacet
  facet normal 0 0 1
    outer loop
      vertex -11.206 -8.0944 13.3681
      vertex -9.85492 -8.0944 13.3681
      vertex -9.8679 -7.90836 13.3681
    endloop
  endfacet
  facet normal 0 0 1
    outer loop
      vertex -11.193 -7.90836 13.3681
      vertex -9.8679 -7.90836 13.3681
      vertex -9.90635 -7.72948 13.3681
    endloop
  endfacet
  facet normal 0 0 1
    outer loop
      vertex -9.85492 -8.0944 13.3681
      vertex -11.206 -8.0944 13.3681
      vertex -9.8679 -8.28043 13.3681
    endloop
  endfacet
  facet normal 0 0 1
    outer loop
      vertex -11.1546 -7.72948 13.3681
      vertex -9.90635 -7.72948 13.3681
      vertex -9.96877 -7.56461 13.3681
    endloop
  endfacet
  facet normal 0 -0 1
    outer loop
      vertex -11.193 -8.28043 13.3681
      vertex -9.8679 -8.28043 13.3681
      vertex -11.206 -8.0944 13.3681
    endloop
  endfacet
  facet normal 0 0 1
    outer loop
      vertex -11.0922 -7.56461 13.3681
      vertex -9.96877 -7.56461 13.3681
      vertex -10.0528 -7.42011 13.3681
    endloop
  endfacet
  facet normal 0 0 1
    outer loop
      vertex -9.8679 -8.28043 13.3681
      vertex -11.193 -8.28043 13.3681
      vertex -9.90635 -8.45932 13.3681
    endloop
  endfacet
  facet normal 0 0 1
    outer loop
      vertex -11.0082 -7.42011 13.3681
      vertex -10.0528 -7.42011 13.3681
      vertex -10.1552 -7.30152 13.3681
    endloop
  endfacet
  facet normal 0 -0 1
    outer loop
      vertex -11.1546 -8.45932 13.3681
      vertex -9.90635 -8.45932 13.3681
      vertex -11.193 -8.28043 13.3681
    endloop
  endfacet
  facet normal 0 0 1
    outer loop
      vertex -10.9058 -7.30152 13.3681
      vertex -10.1552 -7.30152 13.3681
      vertex -10.2719 -7.2134 13.3681
    endloop
  endfacet
  facet normal 0 0 1
    outer loop
      vertex -9.90635 -8.45932 13.3681
      vertex -11.1546 -8.45932 13.3681
      vertex -9.96877 -8.62418 13.3681
    endloop
  endfacet
  facet normal 0 0 1
    outer loop
      vertex -10.789 -7.2134 13.3681
      vertex -10.2719 -7.2134 13.3681
      vertex -10.3987 -7.15914 13.3681
    endloop
  endfacet
  facet normal 0 -0 1
    outer loop
      vertex -11.0922 -8.62418 13.3681
      vertex -9.96877 -8.62418 13.3681
      vertex -11.1546 -8.45932 13.3681
    endloop
  endfacet
  facet normal 0 0 1
    outer loop
      vertex -10.789 -7.2134 13.3681
      vertex -10.3987 -7.15914 13.3681
      vertex -10.5305 -7.14081 13.3681
    endloop
  endfacet
  facet normal 0 0 1
    outer loop
      vertex -9.96877 -8.62418 13.3681
      vertex -11.0922 -8.62418 13.3681
      vertex -10.0528 -8.76868 13.3681
    endloop
  endfacet
  facet normal 0 0 1
    outer loop
      vertex -10.789 -7.2134 13.3681
      vertex -10.5305 -7.14081 13.3681
      vertex -10.6623 -7.15914 13.3681
    endloop
  endfacet
  facet normal 0 -0 1
    outer loop
      vertex -11.0082 -8.76868 13.3681
      vertex -10.0528 -8.76868 13.3681
      vertex -11.0922 -8.62418 13.3681
    endloop
  endfacet
  facet normal 0 0 1
    outer loop
      vertex -10.2719 -7.2134 13.3681
      vertex -10.789 -7.2134 13.3681
      vertex -10.9058 -7.30152 13.3681
    endloop
  endfacet
  facet normal 0 0 1
    outer loop
      vertex -10.0528 -8.76868 13.3681
      vertex -11.0082 -8.76868 13.3681
      vertex -10.1552 -8.88727 13.3681
    endloop
  endfacet
  facet normal 0 0 1
    outer loop
      vertex -10.1552 -7.30152 13.3681
      vertex -10.9058 -7.30152 13.3681
      vertex -11.0082 -7.42011 13.3681
    endloop
  endfacet
  facet normal 0 -0 1
    outer loop
      vertex -10.9058 -8.88727 13.3681
      vertex -10.1552 -8.88727 13.3681
      vertex -11.0082 -8.76868 13.3681
    endloop
  endfacet
  facet normal 0 0 1
    outer loop
      vertex -10.0528 -7.42011 13.3681
      vertex -11.0082 -7.42011 13.3681
      vertex -11.0922 -7.56461 13.3681
    endloop
  endfacet
  facet normal 0 0 1
    outer loop
      vertex -9.8679 -7.90836 13.3681
      vertex -11.193 -7.90836 13.3681
      vertex -11.206 -8.0944 13.3681
    endloop
  endfacet
  facet normal 0 0 1
    outer loop
      vertex -9.96877 -7.56461 13.3681
      vertex -11.0922 -7.56461 13.3681
      vertex -11.1546 -7.72948 13.3681
    endloop
  endfacet
  facet normal 0 0 1
    outer loop
      vertex -10.1552 -8.88727 13.3681
      vertex -10.9058 -8.88727 13.3681
      vertex -10.2719 -8.97539 13.3681
    endloop
  endfacet
  facet normal 0 0 1
    outer loop
      vertex -9.90635 -7.72948 13.3681
      vertex -11.1546 -7.72948 13.3681
      vertex -11.193 -7.90836 13.3681
    endloop
  endfacet
  facet normal 0 -0 1
    outer loop
      vertex -10.789 -8.97539 13.3681
      vertex -10.2719 -8.97539 13.3681
      vertex -10.9058 -8.88727 13.3681
    endloop
  endfacet
  facet normal 0 0 1
    outer loop
      vertex -10.3987 -9.02966 13.3681
      vertex -10.789 -8.97539 13.3681
      vertex -10.5305 -9.04798 13.3681
    endloop
  endfacet
  facet normal 0 0 1
    outer loop
      vertex -10.5305 -9.04798 13.3681
      vertex -10.789 -8.97539 13.3681
      vertex -10.6623 -9.02966 13.3681
    endloop
  endfacet
  facet normal 0 0 1
    outer loop
      vertex -10.2719 -8.97539 13.3681
      vertex -10.789 -8.97539 13.3681
      vertex -10.3987 -9.02966 13.3681
    endloop
  endfacet
  facet normal 0.595813 -0.298928 0.745418
    outer loop
      vertex 20.3518 -10.2909 9.36366
      vertex 19.166 -10.6741 10.1578
      vertex 19.8981 -11.1952 9.36366
    endloop
  endfacet
  facet normal 0.595815 -0.298975 0.745398
    outer loop
      vertex 19.5384 -9.93196 10.1578
      vertex 19.166 -10.6741 10.1578
      vertex 20.3518 -10.2909 9.36366
    endloop
  endfacet
  facet normal 0.199925 -0.61858 0.759861
    outer loop
      vertex 17.3577 -12.2551 10.1578
      vertex 16.7736 -13.4194 9.36366
      vertex 17.6947 -13.1217 9.36366
    endloop
  endfacet
  facet normal 0.433043 -0.495287 0.753103
    outer loop
      vertex 19.2875 -11.9878 9.36366
      vertex 18.0543 -11.8585 10.1578
      vertex 18.5435 -12.6383 9.36366
    endloop
  endfacet
  facet normal 0.336562 -0.0958424 0.936771
    outer loop
      vertex 18.7523 -8.91151 10.7818
      vertex 17.6241 -8.67242 11.2116
      vertex 18.5819 -9.50989 10.7818
    endloop
  endfacet
  facet normal 0.496393 -0.141357 0.856511
    outer loop
      vertex 18.7523 -8.91151 10.7818
      vertex 18.5819 -9.50989 10.7818
      vertex 19.5384 -9.93196 10.1578
    endloop
  endfacet
  facet normal 0.0733889 -0.12896 0.98893
    outer loop
      vertex 16.1617 -8.84069 11.4307
      vertex -9.76484 -10.7035 13.1118
      vertex 16.054 -8.90198 11.4307
    endloop
  endfacet
  facet normal 0.055839 -0.130428 0.989884
    outer loop
      vertex -9.76484 -10.7035 13.1118
      vertex -10.2719 -8.97539 13.3681
      vertex -10.1402 -10.8642 13.1118
    endloop
  endfacet
  facet normal 0.0837154 -0.147106 0.985572
    outer loop
      vertex 16.1617 -8.84069 11.4307
      vertex 16.054 -8.90198 11.4307
      vertex 16.5214 -10.1039 11.2116
    endloop
  endfacet
  facet normal 0.0837566 -0.147094 0.98557
    outer loop
      vertex 16.8401 -9.92243 11.2116
      vertex 16.1617 -8.84069 11.4307
      vertex 16.5214 -10.1039 11.2116
    endloop
  endfacet
  facet normal -0.16273 -0.209982 -0.964068
    outer loop
      vertex -25.3872 -16.135 0.73478
      vertex -25.5033 -14.4264 0.382229
      vertex -25.0087 -14.8097 0.382229
    endloop
  endfacet
  facet normal -0.103149 -0.1331 -0.98572
    outer loop
      vertex -25.0087 -14.8097 0.382229
      vertex -25.5033 -14.4264 0.382229
      vertex -24.5881 -13.3372 0.139387
    endloop
  endfacet
  facet normal -0.21784 -0.183011 -0.958672
    outer loop
      vertex -25.5033 -14.4264 0.382229
      vertex -26.0528 -15.6191 0.73478
      vertex -25.9368 -13.9104 0.382229
    endloop
  endfacet
  facet normal -0.162756 -0.209983 -0.964063
    outer loop
      vertex -25.3872 -16.135 0.73478
      vertex -26.0528 -15.6191 0.73478
      vertex -25.5033 -14.4264 0.382229
    endloop
  endfacet
  facet normal -0.165067 -0.0147409 0.986172
    outer loop
      vertex -11.193 -8.28043 13.3681
      vertex -21.2915 -12.2338 11.6187
      vertex -21.2723 -12.4488 11.6187
    endloop
  endfacet
  facet normal -0.166262 -0.0116186 0.986013
    outer loop
      vertex -11.206 -8.0944 13.3681
      vertex -21.2915 -12.2338 11.6187
      vertex -11.193 -8.28043 13.3681
    endloop
  endfacet
  facet normal -3.87345e-05 -3.13808e-05 -1
    outer loop
      vertex -1.80512 2.57338 0.00814533
      vertex -1.90839 2.70085 0.00814533
      vertex 17.5485 1.38596 0.00743294
    endloop
  endfacet
  facet normal 0.000189802 -0.00055372 -1
    outer loop
      vertex 17.8543 1.31729 0.00743294
      vertex 2.95071 -8.22968 0.00989056
      vertex 17.8017 1.29926 0.00743294
    endloop
  endfacet
  facet normal -4.09166e-05 -6.77982e-05 -1
    outer loop
      vertex 17.6395 1.31729 0.00743294
      vertex -1.67929 2.46877 0.00814533
      vertex 17.591 1.34656 0.00743294
    endloop
  endfacet
  facet normal -3.85058e-05 -2.79969e-05 -1
    outer loop
      vertex 17.5485 1.38596 0.00743294
      vertex -1.90839 2.70085 0.00814533
      vertex 17.5136 1.43396 0.00743294
    endloop
  endfacet
  facet normal -0.000164112 0.00077451 -1
    outer loop
      vertex 5.61 9.49952 0.0112629
      vertex -1.37996 3.99319 0.00814533
      vertex 5.53869 9.48441 0.0112629
    endloop
  endfacet
  facet normal -6.46715e-05 0.000648276 -1
    outer loop
      vertex -1.21797 4.00935 0.00814533
      vertex -1.37996 3.99319 0.00814533
      vertex 5.61 9.49952 0.0112629
    endloop
  endfacet
  facet normal -3.57068e-05 9.61476e-06 -1
    outer loop
      vertex 17.4716 1.67177 0.00743294
      vertex -2.03237 3.33228 0.00814533
      vertex 17.4876 1.73119 0.00743294
    endloop
  endfacet
  facet normal -2.83304e-05 8.28071e-05 -1
    outer loop
      vertex 17.6395 1.90264 0.00743294
      vertex -1.53573 3.94532 0.00814533
      vertex 17.6922 1.92067 0.00743294
    endloop
  endfacet
  facet normal 0.073381 -0.0229592 0.99704
    outer loop
      vertex 12.0774 1.5694 11.9809
      vertex 9.96905 1.59232 12.1366
      vertex 11.1543 0 12.0127
    endloop
  endfacet
  facet normal 0.0737806 -0.0231408 0.997006
    outer loop
      vertex 18.5635 3.27779 11.5429
      vertex 17.8791 1.88414 11.5612
      vertex 18.133 2 11.5451
    endloop
  endfacet
  facet normal 0.0730594 -0.0227859 0.997067
    outer loop
      vertex 18.5635 3.27779 11.5429
      vertex 17.6286 1.78108 11.5772
      vertex 17.8791 1.88414 11.5612
    endloop
  endfacet
  facet normal 0.0737984 -0.023249 0.997002
    outer loop
      vertex 18.5635 3.27779 11.5429
      vertex 17.3813 1.6908 11.5934
      vertex 17.6286 1.78108 11.5772
    endloop
  endfacet
  facet normal 0.0730187 -0.0226658 0.997073
    outer loop
      vertex 18.5635 3.27779 11.5429
      vertex 17.1374 1.61331 11.6095
      vertex 17.3813 1.6908 11.5934
    endloop
  endfacet
  facet normal 0.0732922 -0.0229013 0.997048
    outer loop
      vertex 18.5635 3.27779 11.5429
      vertex 16.8968 1.5486 11.6257
      vertex 17.1374 1.61331 11.6095
    endloop
  endfacet
  facet normal 0.0734965 -0.0230991 0.997028
    outer loop
      vertex 18.5635 3.27779 11.5429
      vertex 16.6524 1.49611 11.6425
      vertex 16.8968 1.5486 11.6257
    endloop
  endfacet
  facet normal 0.0735508 -0.0231576 0.997023
    outer loop
      vertex 18.5635 3.27779 11.5429
      vertex 16.3969 1.45528 11.6604
      vertex 16.6524 1.49611 11.6425
    endloop
  endfacet
  facet normal 0.0733775 -0.0229504 0.99704
    outer loop
      vertex 13.6746 3.27779 11.9027
      vertex 16.3969 1.45528 11.6604
      vertex 18.5635 3.27779 11.5429
    endloop
  endfacet
  facet normal 0.0731959 -0.0232225 0.997047
    outer loop
      vertex 16.3969 1.45528 11.6604
      vertex 13.6746 3.27779 11.9027
      vertex 16.1302 1.42612 11.6793
    endloop
  endfacet
  facet normal 0.0735701 -0.0227244 0.997031
    outer loop
      vertex 16.1302 1.42612 11.6793
      vertex 13.6746 3.27779 11.9027
      vertex 15.8524 1.40863 11.6994
    endloop
  endfacet
  facet normal 0.0732859 -0.023057 0.997044
    outer loop
      vertex 15.8524 1.40863 11.6994
      vertex 13.6746 3.27779 11.9027
      vertex 15.5635 1.40279 11.7205
    endloop
  endfacet
  facet normal 0.0734065 -0.0229348 0.997038
    outer loop
      vertex 13.7044 2.94279 11.8928
      vertex 15.5635 1.40279 11.7205
      vertex 13.6746 3.27779 11.9027
    endloop
  endfacet
  facet normal 0.0733995 -0.0229434 0.997039
    outer loop
      vertex 15.5635 1.40279 11.7205
      vertex 13.7044 2.94279 11.8928
      vertex 15.2288 1.42279 11.7456
    endloop
  endfacet
  facet normal 0.0731647 -0.02318 0.99705
    outer loop
      vertex 13.7713 2.63779 11.8808
      vertex 15.2288 1.42279 11.7456
      vertex 13.7044 2.94279 11.8928
    endloop
  endfacet
  facet normal 0.0735179 -0.0227545 0.997034
    outer loop
      vertex 15.2288 1.42279 11.7456
      vertex 13.7713 2.63779 11.8808
      vertex 14.9246 1.48279 11.7694
    endloop
  endfacet
  facet normal 0.0731946 -0.0230789 0.997051
    outer loop
      vertex 14.9246 1.48279 11.7694
      vertex 13.7713 2.63779 11.8808
      vertex 14.651 1.58279 11.7918
    endloop
  endfacet
  facet normal 0.073298 -0.0229922 0.997045
    outer loop
      vertex 14.651 1.58279 11.7918
      vertex 13.7713 2.63779 11.8808
      vertex 14.4079 1.72279 11.8129
    endloop
  endfacet
  facet normal 0.0736606 -0.0227447 0.997024
    outer loop
      vertex 14.1954 1.90279 11.8327
      vertex 13.7713 2.63779 11.8808
      vertex 14.0168 2.1178 11.8508
    endloop
  endfacet
  facet normal 0.0764402 -0.021422 0.996844
    outer loop
      vertex 14.0168 2.1178 11.8508
      vertex 13.7713 2.63779 11.8808
      vertex 13.8755 2.36279 11.8669
    endloop
  endfacet
  facet normal 0.0736069 -0.0227759 0.997027
    outer loop
      vertex 14.4079 1.72279 11.8129
      vertex 13.7713 2.63779 11.8808
      vertex 14.1954 1.90279 11.8327
    endloop
  endfacet
  facet normal 0.0733096 -0.0229314 0.997046
    outer loop
      vertex 19.7074 6.5173 11.5333
      vertex 18.5269 4.90863 11.5831
      vertex 18.5635 4.27779 11.5659
    endloop
  endfacet
  facet normal 0.073302 -0.0229259 0.997046
    outer loop
      vertex 19.7074 6.5173 11.5333
      vertex 18.4169 5.47891 11.6043
      vertex 18.5269 4.90863 11.5831
    endloop
  endfacet
  facet normal 0.0734234 -0.0230775 0.997034
    outer loop
      vertex 18.4169 5.47891 11.6043
      vertex 19.7074 6.5173 11.5333
      vertex 18.2995 5.80529 11.6205
    endloop
  endfacet
  facet normal 0.0733108 -0.022932 0.997045
    outer loop
      vertex 18.5635 3.27779 11.5429
      vertex 19.7074 6.5173 11.5333
      vertex 18.5635 4.27779 11.5659
    endloop
  endfacet
  facet normal 0.0730957 -0.02291 0.997062
    outer loop
      vertex 18.133 0.402786 11.5084
      vertex 18.5635 3.27779 11.5429
      vertex 18.133 2 11.5451
    endloop
  endfacet
  facet normal 0.0733595 -0.0229493 0.997041
    outer loop
      vertex 18.5635 3.27779 11.5429
      vertex 18.133 0.402786 11.5084
      vertex 19.7074 6.5173 11.5333
    endloop
  endfacet
  facet normal 0.0733062 -0.0229355 0.997046
    outer loop
      vertex 18.133 0.402786 11.5084
      vertex 16.3909 -8.54303 11.4307
      vertex 19.7074 6.5173 11.5333
    endloop
  endfacet
  facet normal 0.0733104 -0.0229364 0.997045
    outer loop
      vertex 17.9083 0.297516 11.5225
      vertex 16.3909 -8.54303 11.4307
      vertex 18.133 0.402786 11.5084
    endloop
  endfacet
  facet normal 0.0736083 -0.0229873 0.997022
    outer loop
      vertex 17.6786 0.203903 11.5373
      vertex 16.3909 -8.54303 11.4307
      vertex 17.9083 0.297516 11.5225
    endloop
  endfacet
  facet normal 0.0729599 -0.0228924 0.997072
    outer loop
      vertex 17.4438 0.121964 11.5526
      vertex 16.3909 -8.54303 11.4307
      vertex 17.6786 0.203903 11.5373
    endloop
  endfacet
  facet normal 0.0737054 -0.0229822 0.997015
    outer loop
      vertex 17.2041 0.0516815 11.5687
      vertex 16.3909 -8.54303 11.4307
      vertex 17.4438 0.121964 11.5526
    endloop
  endfacet
  facet normal 0.073097 -0.0229254 0.997061
    outer loop
      vertex 16.9593 -0.00689697 11.5853
      vertex 16.3909 -8.54303 11.4307
      vertex 17.2041 0.0516815 11.5687
    endloop
  endfacet
  facet normal 0.0735725 -0.0229564 0.997026
    outer loop
      vertex 16.7019 -0.0544128 11.6032
      vertex 16.3909 -8.54303 11.4307
      vertex 16.9593 -0.00689697 11.5853
    endloop
  endfacet
  facet normal 0.0733194 -0.0229475 0.997044
    outer loop
      vertex 16.4238 -0.0913696 11.6228
      vertex 16.3909 -8.54303 11.4307
      vertex 16.7019 -0.0544128 11.6032
    endloop
  endfacet
  facet normal 0.0734838 -0.0229479 0.997032
    outer loop
      vertex 16.1252 -0.117767 11.6442
      vertex 16.3909 -8.54303 11.4307
      vertex 16.4238 -0.0913696 11.6228
    endloop
  endfacet
  facet normal 0.0733165 -0.0229534 0.997045
    outer loop
      vertex 15.8061 -0.133606 11.6673
      vertex 16.3909 -8.54303 11.4307
      vertex 16.1252 -0.117767 11.6442
    endloop
  endfacet
  facet normal 0.0734178 -0.0229462 0.997037
    outer loop
      vertex 15.4663 -0.138885 11.6922
      vertex 16.3909 -8.54303 11.4307
      vertex 15.8061 -0.133606 11.6673
    endloop
  endfacet
  facet normal 0.0732884 -0.0229607 0.997046
    outer loop
      vertex 15.0213 -0.121948 11.7253
      vertex 16.3909 -8.54303 11.4307
      vertex 15.4663 -0.138885 11.6922
    endloop
  endfacet
  facet normal 0.0734568 -0.0229329 0.997035
    outer loop
      vertex 14.5974 -0.0711212 11.7577
      vertex 16.3909 -8.54303 11.4307
      vertex 15.0213 -0.121948 11.7253
    endloop
  endfacet
  facet normal 0.0734114 -0.0229426 0.997038
    outer loop
      vertex 14.1947 0.0135956 11.7893
      vertex 16.3909 -8.54303 11.4307
      vertex 14.5974 -0.0711212 11.7577
    endloop
  endfacet
  facet normal 0.073362 -0.0228206 0.997044
    outer loop
      vertex 11.1543 0 12.0127
      vertex 14.1947 0.0135956 11.7893
      vertex 13.813 0.132202 11.8201
    endloop
  endfacet
  facet normal 0.0733835 -0.02327 0.997032
    outer loop
      vertex 11.1543 0 12.0127
      vertex 13.813 0.132202 11.8201
      vertex 13.4524 0.284698 11.8502
    endloop
  endfacet
  facet normal 0.0733201 -0.0227484 0.997049
    outer loop
      vertex 11.1543 0 12.0127
      vertex 13.4524 0.284698 11.8502
      vertex 13.1174 0.471634 11.8791
    endloop
  endfacet
  facet normal 0.0734062 -0.0231111 0.997034
    outer loop
      vertex 11.1543 0 12.0127
      vertex 13.1174 0.471634 11.8791
      vertex 12.8124 0.693573 11.9067
    endloop
  endfacet
  facet normal 0.0732922 -0.0228363 0.997049
    outer loop
      vertex 11.1543 0 12.0127
      vertex 12.8124 0.693573 11.9067
      vertex 12.5374 0.950516 11.9328
    endloop
  endfacet
  facet normal 0.0734456 -0.0230608 0.997033
    outer loop
      vertex 11.1543 0 12.0127
      vertex 12.5374 0.950516 11.9328
      vertex 12.2924 1.24245 11.9576
    endloop
  endfacet
  facet normal 0.0732532 -0.0228838 0.997051
    outer loop
      vertex 11.1543 0 12.0127
      vertex 12.2924 1.24245 11.9576
      vertex 12.0774 1.5694 11.9809
    endloop
  endfacet
  facet normal 0.0733806 -0.022989 0.997039
    outer loop
      vertex 9.96905 1.59232 12.1366
      vertex 12.0774 1.5694 11.9809
      vertex 11.8974 1.93164 12.0025
    endloop
  endfacet
  facet normal 0.0733832 -0.0230279 0.997038
    outer loop
      vertex 9.96905 1.59232 12.1366
      vertex 11.7574 2.32944 12.022
      vertex 11.7229 2.47928 12.028
    endloop
  endfacet
  facet normal 0.0733905 -0.0230456 0.997037
    outer loop
      vertex 9.96905 1.59232 12.1366
      vertex 11.8974 1.93164 12.0025
      vertex 11.7574 2.32944 12.022
    endloop
  endfacet
  facet normal 0.0733624 -0.0229554 0.997041
    outer loop
      vertex 14.1947 0.0135956 11.7893
      vertex 11.1543 0 12.0127
      vertex 16.3909 -8.54303 11.4307
    endloop
  endfacet
  facet normal 0.0734126 -0.0229244 0.997038
    outer loop
      vertex 8.76535 0 12.1886
      vertex 16.3909 -8.54303 11.4307
      vertex 11.1543 0 12.0127
    endloop
  endfacet
  facet normal 0.073382 -0.0229519 0.99704
    outer loop
      vertex 8.76535 0 12.1886
      vertex -9.90635 -8.45932 13.3681
      vertex 16.3909 -8.54303 11.4307
    endloop
  endfacet
  facet normal 0.073386 -0.0229609 0.997039
    outer loop
      vertex -9.90635 -8.45932 13.3681
      vertex 8.76535 0 12.1886
      vertex 8.2513 0.723602 12.2431
    endloop
  endfacet
  facet normal 0.0727098 -0.0214424 0.997123
    outer loop
      vertex 16.0206 4.65279 11.7617
      vertex 16.6002 4.92084 11.7252
      vertex 16.596 4.9438 11.726
    endloop
  endfacet
  facet normal 0.0734654 -0.0230887 0.99703
    outer loop
      vertex 16.6002 4.92084 11.7252
      vertex 16.0206 4.65279 11.7617
      vertex 16.6191 4.65279 11.7176
    endloop
  endfacet
  facet normal 0.0641875 -0.00457041 0.997927
    outer loop
      vertex -9.85492 -8.0944 13.3681
      vertex 8.18459 0.817508 12.2486
      vertex 8.14785 0.869224 12.2512
    endloop
  endfacet
  facet normal 0.0641407 -0.00447534 0.997931
    outer loop
      vertex 8.18459 0.817508 12.2486
      vertex -9.85492 -8.0944 13.3681
      vertex -9.8679 -8.28043 13.3681
    endloop
  endfacet
  facet normal 0.0637076 -0.00368742 0.997962
    outer loop
      vertex 19.7198 6.63094 11.5333
      vertex 18.2633 5.90574 11.6236
      vertex 18.266 5.89826 11.6234
    endloop
  endfacet
  facet normal 0.0646917 -0.00560372 0.99789
    outer loop
      vertex 9.8693 1.72634 12.1444
      vertex 11.6978 2.58804 12.0307
      vertex 11.6877 2.63171 12.0316
    endloop
  endfacet
  facet normal 0.0643569 -0.00488995 0.997915
    outer loop
      vertex 11.6978 2.58804 12.0307
      vertex 9.8693 1.72634 12.1444
      vertex 9.90166 1.68286 12.1421
    endloop
  endfacet
  facet normal 0.0646521 -0.00529071 0.997894
    outer loop
      vertex 16.5739 5.06457 11.7284
      vertex 15.7947 4.65279 11.7767
      vertex 16.5771 5.04709 11.7281
    endloop
  endfacet
  facet normal 0.0626382 -0.00146335 0.998035
    outer loop
      vertex 15.7947 4.65279 11.7767
      vertex 16.5739 5.06457 11.7284
      vertex 15.7469 4.65279 11.7797
    endloop
  endfacet
  facet normal 0.403064 -0.310492 0.860891
    outer loop
      vertex 18.3052 -10.0614 10.7818
      vertex 17.9329 -10.5447 10.7818
      vertex 19.166 -10.6741 10.1578
    endloop
  endfacet
  facet normal 0.458516 -0.230044 0.858395
    outer loop
      vertex 18.5819 -9.50989 10.7818
      vertex 18.3052 -10.0614 10.7818
      vertex 19.166 -10.6741 10.1578
    endloop
  endfacet
  facet normal 0.247329 -0.434252 0.866172
    outer loop
      vertex 17.4792 -10.9414 10.7818
      vertex 16.9616 -11.2362 10.7818
      vertex 18.0543 -11.8585 10.1578
    endloop
  endfacet
  facet normal 0.102731 -0.317841 0.942562
    outer loop
      vertex 16.5214 -10.1039 11.2116
      vertex 16.1755 -10.2157 11.2116
      vertex 16.9616 -11.2362 10.7818
    endloop
  endfacet
  facet normal 0.102708 -0.317857 0.942559
    outer loop
      vertex 16.9616 -11.2362 10.7818
      vertex 16.1755 -10.2157 11.2116
      vertex 16.3999 -11.4177 10.7818
    endloop
  endfacet
  facet normal 0.152612 -0.472297 0.868127
    outer loop
      vertex 16.9616 -11.2362 10.7818
      vertex 16.3999 -11.4177 10.7818
      vertex 16.6019 -12.4994 10.1578
    endloop
  endfacet
  facet normal -0.0002483 -0.000131014 -1
    outer loop
      vertex -1.90839 2.70085 0.00814533
      vertex -24.4086 -11.4562 0.0155869
      vertex -1.98512 2.84627 0.00814533
    endloop
  endfacet
  facet normal -0.000268655 -9.91014e-05 -1
    outer loop
      vertex -24.4086 -11.4562 0.0155869
      vertex -24.4636 -11.3071 0.0155869
      vertex -1.98512 2.84627 0.00814533
    endloop
  endfacet
  facet normal 0.000111768 0.000379875 -1
    outer loop
      vertex 24.0439 8.60466 0.0106697
      vertex 17.8017 1.92067 0.00743294
      vertex 23.8085 8.67392 0.0106697
    endloop
  endfacet
  facet normal 0.000125739 0.000366827 -1
    outer loop
      vertex 17.8543 1.90264 0.00743294
      vertex 17.8017 1.92067 0.00743294
      vertex 24.0439 8.60466 0.0106697
    endloop
  endfacet
  facet normal -2.75947e-05 8.97938e-05 -1
    outer loop
      vertex 17.6922 1.92067 0.00743294
      vertex -1.53573 3.94532 0.00814533
      vertex -1.37996 3.99319 0.00814533
    endloop
  endfacet
  facet normal 0.000438253 4.44786e-05 -1
    outer loop
      vertex 24.8183 7.48015 0.0106697
      vertex 18.0222 1.67177 0.00743294
      vertex 24.7942 7.71761 0.0106697
    endloop
  endfacet
  facet normal 0.0522045 0.0196615 0.998443
    outer loop
      vertex 5.69595 0.0557512 12.3983
      vertex 7.98832 1.0938 12.258
      vertex 7.94761 1.15111 12.259
    endloop
  endfacet
  facet normal 0.0521871 0.0196998 0.998443
    outer loop
      vertex 5.69595 0 12.3994
      vertex 7.98832 1.0938 12.258
      vertex 5.69595 0.0557512 12.3983
    endloop
  endfacet
  facet normal 0.051043 0.0220988 0.998452
    outer loop
      vertex 5.69595 0 12.3994
      vertex -9.90635 -7.72948 13.3681
      vertex 7.98832 1.0938 12.258
    endloop
  endfacet
  facet normal 0.0522744 0.0196118 0.99844
    outer loop
      vertex 5.58135 0 12.4054
      vertex -9.90635 -7.72948 13.3681
      vertex 5.69595 0 12.3994
    endloop
  endfacet
  facet normal 0.0521991 0.0197627 0.998441
    outer loop
      vertex -9.90635 -7.72948 13.3681
      vertex 5.58135 0 12.4054
      vertex -9.96877 -7.56461 13.3681
    endloop
  endfacet
  facet normal 0.0533415 0.0173342 0.998426
    outer loop
      vertex 19.6704 6.85384 11.5333
      vertex 18.1592 6.1187 11.6268
      vertex 18.1636 6.11092 11.6267
    endloop
  endfacet
  facet normal 0.0518032 0.0206503 0.998444
    outer loop
      vertex 9.67279 1.99035 12.1522
      vertex 11.6406 2.8946 12.0314
      vertex 11.6342 2.9445 12.0307
    endloop
  endfacet
  facet normal 0.0527542 0.0185796 0.998435
    outer loop
      vertex 11.6406 2.8946 12.0314
      vertex 9.67279 1.99035 12.1522
      vertex 9.70872 1.94207 12.1512
    endloop
  endfacet
  facet normal 0.0512159 0.021693 0.998452
    outer loop
      vertex 16.5086 5.31572 11.729
      vertex 15.2064 4.65279 11.8102
      vertex 16.5143 5.29766 11.7291
    endloop
  endfacet
  facet normal 0.0527226 0.0187312 0.998434
    outer loop
      vertex 15.2064 4.65279 11.8102
      vertex 16.5086 5.31572 11.729
      vertex 15.1458 4.65279 11.8134
    endloop
  endfacet
  facet normal 0.0530343 0.017958 0.998431
    outer loop
      vertex 18.1636 6.11092 11.6267
      vertex 19.7074 6.74457 11.5333
      vertex 19.6704 6.85384 11.5333
    endloop
  endfacet
  facet normal 0.0527913 0.0185504 0.998433
    outer loop
      vertex 19.7074 6.74457 11.5333
      vertex 18.1636 6.11092 11.6267
      vertex 18.2176 6.01645 11.6256
    endloop
  endfacet
  facet normal 0.0535227 0.0170657 0.998421
    outer loop
      vertex 7.98832 1.0938 12.258
      vertex -9.90635 -7.72948 13.3681
      vertex 8.02894 1.03661 12.2568
    endloop
  endfacet
  facet normal 0.052956 0.01817 0.998432
    outer loop
      vertex 9.70872 1.94207 12.1512
      vertex 11.6517 2.8073 12.0324
      vertex 11.6406 2.8946 12.0314
    endloop
  endfacet
  facet normal 0.0528605 0.0183846 0.998433
    outer loop
      vertex 11.6517 2.8073 12.0324
      vertex 9.70872 1.94207 12.1512
      vertex 9.75481 1.88015 12.1499
    endloop
  endfacet
  facet normal 0.0531504 0.0177286 0.998429
    outer loop
      vertex 16.5143 5.29766 11.7291
      vertex 15.4276 4.65279 11.7984
      vertex 16.5453 5.19909 11.7292
    endloop
  endfacet
  facet normal 0.0532615 0.0175411 0.998427
    outer loop
      vertex 15.4276 4.65279 11.7984
      vertex 16.5143 5.29766 11.7291
      vertex 15.2064 4.65279 11.8102
    endloop
  endfacet
  facet normal 0.247276 -0.434323 0.866151
    outer loop
      vertex 18.0543 -11.8585 10.1578
      vertex 16.9616 -11.2362 10.7818
      vertex 17.3577 -12.2551 10.1578
    endloop
  endfacet
  facet normal 0.152665 -0.472306 0.868113
    outer loop
      vertex 16.9616 -11.2362 10.7818
      vertex 16.6019 -12.4994 10.1578
      vertex 17.3577 -12.2551 10.1578
    endloop
  endfacet
  facet normal 0.524819 -0.404284 0.749079
    outer loop
      vertex 19.166 -10.6741 10.1578
      vertex 18.6649 -11.3246 10.1578
      vertex 19.2875 -11.9878 9.36366
    endloop
  endfacet
  facet normal 0.403064 -0.310493 0.860891
    outer loop
      vertex 19.166 -10.6741 10.1578
      vertex 17.9329 -10.5447 10.7818
      vertex 18.6649 -11.3246 10.1578
    endloop
  endfacet
  facet normal 0 0 -1
    outer loop
      vertex 17.4662 1.60996 0.00743294
      vertex 18.0276 1.60996 0.00743294
      vertex 18.0222 1.54816 0.00743294
    endloop
  endfacet
  facet normal 0 0 -1
    outer loop
      vertex 17.4716 1.54816 0.00743294
      vertex 18.0222 1.54816 0.00743294
      vertex 18.0062 1.48873 0.00743294
    endloop
  endfacet
  facet normal 0 0 -1
    outer loop
      vertex 18.0276 1.60996 0.00743294
      vertex 17.4662 1.60996 0.00743294
      vertex 18.0222 1.67177 0.00743294
    endloop
  endfacet
  facet normal 0 0 -1
    outer loop
      vertex 17.4876 1.48873 0.00743294
      vertex 18.0062 1.48873 0.00743294
      vertex 17.9803 1.43396 0.00743294
    endloop
  endfacet
  facet normal 0 -0 -1
    outer loop
      vertex 17.4716 1.67177 0.00743294
      vertex 18.0222 1.67177 0.00743294
      vertex 17.4662 1.60996 0.00743294
    endloop
  endfacet
  facet normal 0 0 -1
    outer loop
      vertex 17.5136 1.43396 0.00743294
      vertex 17.9803 1.43396 0.00743294
      vertex 17.9454 1.38596 0.00743294
    endloop
  endfacet
  facet normal 0 0 -1
    outer loop
      vertex 18.0222 1.67177 0.00743294
      vertex 17.4716 1.67177 0.00743294
      vertex 18.0062 1.73119 0.00743294
    endloop
  endfacet
  facet normal 0 0 -1
    outer loop
      vertex 17.5485 1.38596 0.00743294
      vertex 17.9454 1.38596 0.00743294
      vertex 17.9029 1.34656 0.00743294
    endloop
  endfacet
  facet normal 0 -0 -1
    outer loop
      vertex 17.4876 1.73119 0.00743294
      vertex 18.0062 1.73119 0.00743294
      vertex 17.4716 1.67177 0.00743294
    endloop
  endfacet
  facet normal 0 0 -1
    outer loop
      vertex 17.591 1.34656 0.00743294
      vertex 17.9029 1.34656 0.00743294
      vertex 17.8543 1.31729 0.00743294
    endloop
  endfacet
  facet normal 0 0 -1
    outer loop
      vertex 18.0062 1.73119 0.00743294
      vertex 17.4876 1.73119 0.00743294
      vertex 17.9803 1.78596 0.00743294
    endloop
  endfacet
  facet normal 0 0 -1
    outer loop
      vertex 17.591 1.34656 0.00743294
      vertex 17.8543 1.31729 0.00743294
      vertex 17.8017 1.29926 0.00743294
    endloop
  endfacet
  facet normal 0 -0 -1
    outer loop
      vertex 17.5136 1.78596 0.00743294
      vertex 17.9803 1.78596 0.00743294
      vertex 17.4876 1.73119 0.00743294
    endloop
  endfacet
  facet normal 0 0 -1
    outer loop
      vertex 17.591 1.34656 0.00743294
      vertex 17.8017 1.29926 0.00743294
      vertex 17.7469 1.29317 0.00743294
    endloop
  endfacet
  facet normal 0 0 -1
    outer loop
      vertex 17.9803 1.78596 0.00743294
      vertex 17.5136 1.78596 0.00743294
      vertex 17.9454 1.83397 0.00743294
    endloop
  endfacet
  facet normal 0 0 -1
    outer loop
      vertex 17.6395 1.31729 0.00743294
      vertex 17.7469 1.29317 0.00743294
      vertex 17.6922 1.29926 0.00743294
    endloop
  endfacet
  facet normal 0 0 -1
    outer loop
      vertex 18.0222 1.54816 0.00743294
      vertex 17.4716 1.54816 0.00743294
      vertex 17.4662 1.60996 0.00743294
    endloop
  endfacet
  facet normal 0 0 -1
    outer loop
      vertex 17.591 1.34656 0.00743294
      vertex 17.7469 1.29317 0.00743294
      vertex 17.6395 1.31729 0.00743294
    endloop
  endfacet
  facet normal 0 -0 -1
    outer loop
      vertex 17.5485 1.83397 0.00743294
      vertex 17.9454 1.83397 0.00743294
      vertex 17.5136 1.78596 0.00743294
    endloop
  endfacet
  facet normal 0 0 -1
    outer loop
      vertex 17.9029 1.34656 0.00743294
      vertex 17.591 1.34656 0.00743294
      vertex 17.5485 1.38596 0.00743294
    endloop
  endfacet
  facet normal 0 0 -1
    outer loop
      vertex 17.9454 1.83397 0.00743294
      vertex 17.5485 1.83397 0.00743294
      vertex 17.9029 1.87337 0.00743294
    endloop
  endfacet
  facet normal 0 0 -1
    outer loop
      vertex 17.9454 1.38596 0.00743294
      vertex 17.5485 1.38596 0.00743294
      vertex 17.5136 1.43396 0.00743294
    endloop
  endfacet
  facet normal 0 0 -1
    outer loop
      vertex 18.0062 1.48873 0.00743294
      vertex 17.4876 1.48873 0.00743294
      vertex 17.4716 1.54816 0.00743294
    endloop
  endfacet
  facet normal 0 0 -1
    outer loop
      vertex 17.9803 1.43396 0.00743294
      vertex 17.5136 1.43396 0.00743294
      vertex 17.4876 1.48873 0.00743294
    endloop
  endfacet
  facet normal 0 -0 -1
    outer loop
      vertex 17.591 1.87337 0.00743294
      vertex 17.9029 1.87337 0.00743294
      vertex 17.5485 1.83397 0.00743294
    endloop
  endfacet
  facet normal -0 0 -1
    outer loop
      vertex 17.8543 1.90264 0.00743294
      vertex 17.591 1.87337 0.00743294
      vertex 17.8017 1.92067 0.00743294
    endloop
  endfacet
  facet normal 0 0 -1
    outer loop
      vertex 17.7469 1.92675 0.00743294
      vertex 17.6395 1.90264 0.00743294
      vertex 17.6922 1.92067 0.00743294
    endloop
  endfacet
  facet normal 0 0 -1
    outer loop
      vertex 17.7469 1.92675 0.00743294
      vertex 17.591 1.87337 0.00743294
      vertex 17.6395 1.90264 0.00743294
    endloop
  endfacet
  facet normal -0 0 -1
    outer loop
      vertex 17.8017 1.92067 0.00743294
      vertex 17.591 1.87337 0.00743294
      vertex 17.7469 1.92675 0.00743294
    endloop
  endfacet
  facet normal 0 0 -1
    outer loop
      vertex 17.9029 1.87337 0.00743294
      vertex 17.591 1.87337 0.00743294
      vertex 17.8543 1.90264 0.00743294
    endloop
  endfacet
  facet normal 0.000443176 3.87179e-05 -1
    outer loop
      vertex 18.0276 1.60996 0.00743294
      vertex 18.0222 1.67177 0.00743294
      vertex 24.8183 7.48015 0.0106697
    endloop
  endfacet
  facet normal 0.000515591 -4.50516e-05 -1
    outer loop
      vertex 24.8183 7.48015 0.0106697
      vertex 18.0222 1.54816 0.00743294
      vertex 18.0276 1.60996 0.00743294
    endloop
  endfacet
  facet normal -0 0 1
    outer loop
      vertex 3.62645 10.5556 5.6
      vertex 5.69595 5.8333 5.6
      vertex 5.69595 10.5556 5.6
    endloop
  endfacet
  facet normal 0 0 1
    outer loop
      vertex 5.69595 5.8333 5.6
      vertex 3.62645 10.5556 5.6
      vertex 5.69456 5.66136 5.6
    endloop
  endfacet
  facet normal 0 0 1
    outer loop
      vertex 5.69456 5.66136 5.6
      vertex 3.62645 10.5556 5.6
      vertex 5.69038 5.48999 5.6
    endloop
  endfacet
  facet normal 0 0 1
    outer loop
      vertex 5.69038 5.48999 5.6
      vertex 3.62645 10.5556 5.6
      vertex 5.68343 5.31918 5.6
    endloop
  endfacet
  facet normal 0 0 1
    outer loop
      vertex 5.68343 5.31918 5.6
      vertex 3.62645 10.5556 5.6
      vertex 5.67369 5.14891 5.6
    endloop
  endfacet
  facet normal 0 0 1
    outer loop
      vertex 5.67369 5.14891 5.6
      vertex 3.62645 10.5556 5.6
      vertex 5.66116 4.97919 5.6
    endloop
  endfacet
  facet normal 0 0 1
    outer loop
      vertex 5.66116 4.97919 5.6
      vertex 3.62645 10.5556 5.6
      vertex 5.647 4.80948 5.6
    endloop
  endfacet
  facet normal 0 0 1
    outer loop
      vertex 5.647 4.80948 5.6
      vertex 3.62645 10.5556 5.6
      vertex 5.63229 4.63919 5.6
    endloop
  endfacet
  facet normal 0 0 1
    outer loop
      vertex 5.63229 4.63919 5.6
      vertex 3.62645 10.5556 5.6
      vertex 5.61703 4.46835 5.6
    endloop
  endfacet
  facet normal 0 0 1
    outer loop
      vertex 3.62645 0 5.6
      vertex 5.61703 4.46835 5.6
      vertex 3.62645 10.5556 5.6
    endloop
  endfacet
  facet normal 0 0 1
    outer loop
      vertex 5.61703 4.46835 5.6
      vertex 3.62645 0 5.6
      vertex 5.60123 4.29695 5.6
    endloop
  endfacet
  facet normal -0 0 1
    outer loop
      vertex 8.64035 7.5833 5.6
      vertex 7.95985 4.29169 5.6
      vertex 10.9738 7.5833 5.6
    endloop
  endfacet
  facet normal -0 0 1
    outer loop
      vertex 6.51535 5.27779 5.6
      vertex 7.95985 4.29169 5.6
      vertex 8.64035 7.5833 5.6
    endloop
  endfacet
  facet normal -0 0 1
    outer loop
      vertex 6.41647 5.17084 5.6
      vertex 7.95985 4.29169 5.6
      vertex 6.51535 5.27779 5.6
    endloop
  endfacet
  facet normal -0 0 1
    outer loop
      vertex 6.31981 5.06113 5.6
      vertex 7.95985 4.29169 5.6
      vertex 6.41647 5.17084 5.6
    endloop
  endfacet
  facet normal -0 0 1
    outer loop
      vertex 6.22536 4.94862 5.6
      vertex 7.95985 4.29169 5.6
      vertex 6.31981 5.06113 5.6
    endloop
  endfacet
  facet normal -0 0 1
    outer loop
      vertex 6.13315 4.83334 5.6
      vertex 7.95985 4.29169 5.6
      vertex 6.22536 4.94862 5.6
    endloop
  endfacet
  facet normal -0 0 1
    outer loop
      vertex 6.04315 4.71529 5.6
      vertex 7.95985 4.29169 5.6
      vertex 6.13315 4.83334 5.6
    endloop
  endfacet
  facet normal 0 0 1
    outer loop
      vertex 7.95985 4.29169 5.6
      vertex 6.04315 4.71529 5.6
      vertex 6.58485 3.0694 5.6
    endloop
  endfacet
  facet normal -0 0 1
    outer loop
      vertex 5.95483 4.59613 5.6
      vertex 6.58485 3.0694 5.6
      vertex 6.04315 4.71529 5.6
    endloop
  endfacet
  facet normal -0 0 1
    outer loop
      vertex 5.8676 4.47752 5.6
      vertex 6.58485 3.0694 5.6
      vertex 5.95483 4.59613 5.6
    endloop
  endfacet
  facet normal -0 0 1
    outer loop
      vertex 5.78148 4.35945 5.6
      vertex 6.58485 3.0694 5.6
      vertex 5.8676 4.47752 5.6
    endloop
  endfacet
  facet normal -0 0 1
    outer loop
      vertex 5.69647 4.24194 5.6
      vertex 6.58485 3.0694 5.6
      vertex 5.78148 4.35945 5.6
    endloop
  endfacet
  facet normal -0 0 1
    outer loop
      vertex 5.61255 4.125 5.6
      vertex 6.58485 3.0694 5.6
      vertex 5.69647 4.24194 5.6
    endloop
  endfacet
  facet normal 0 0 1
    outer loop
      vertex 6.58485 3.0694 5.6
      vertex 5.61255 4.125 5.6
      vertex 5.69595 2.3611 5.6
    endloop
  endfacet
  facet normal -0 0 1
    outer loop
      vertex 5.58485 4.125 5.6
      vertex 5.69595 2.3611 5.6
      vertex 5.61255 4.125 5.6
    endloop
  endfacet
  facet normal 0 0 1
    outer loop
      vertex 3.62645 0 5.6
      vertex 5.69595 2.3611 5.6
      vertex 5.58485 4.125 5.6
    endloop
  endfacet
  facet normal 0 0 1
    outer loop
      vertex 5.60123 4.29695 5.6
      vertex 3.62645 0 5.6
      vertex 5.58485 4.125 5.6
    endloop
  endfacet
  facet normal 0 0 1
    outer loop
      vertex 5.69595 2.3611 5.6
      vertex 3.62645 0 5.6
      vertex 5.69595 0 5.6
    endloop
  endfacet
  facet normal 0 0 1
    outer loop
      vertex 7.95985 4.29169 5.6
      vertex 8.76535 0 5.6
      vertex 11.1543 0 5.6
    endloop
  endfacet
  facet normal 0 0 1
    outer loop
      vertex 8.76535 0 5.6
      vertex 7.95985 4.29169 5.6
      vertex 6.58485 3.0694 5.6
    endloop
  endfacet
  facet normal 0 0 1
    outer loop
      vertex -0.357407 4.7222 5.6
      vertex -1.16301 3.4861 5.6
      vertex -0.357407 3.51389 5.6
    endloop
  endfacet
  facet normal -0 0 1
    outer loop
      vertex -1.67691 4.68059 5.6
      vertex -1.16301 3.4861 5.6
      vertex -0.357407 4.7222 5.6
    endloop
  endfacet
  facet normal 0 0 1
    outer loop
      vertex -1.16301 3.4861 5.6
      vertex -1.67691 4.68059 5.6
      vertex -1.53857 3.46275 5.6
    endloop
  endfacet
  facet normal 0 0 1
    outer loop
      vertex -1.67691 4.68059 5.6
      vertex -1.86523 3.41498 5.6
      vertex -1.53857 3.46275 5.6
    endloop
  endfacet
  facet normal -0 0 1
    outer loop
      vertex -2.32079 4.63753 5.6
      vertex -1.86523 3.41498 5.6
      vertex -1.67691 4.68059 5.6
    endloop
  endfacet
  facet normal 0 0 1
    outer loop
      vertex -1.86523 3.41498 5.6
      vertex -2.32079 4.63753 5.6
      vertex -2.14302 3.34276 5.6
    endloop
  endfacet
  facet normal -0 0 1
    outer loop
      vertex -2.8969 4.55278 5.6
      vertex -2.14302 3.34276 5.6
      vertex -2.32079 4.63753 5.6
    endloop
  endfacet
  facet normal 0 0 1
    outer loop
      vertex -2.14302 3.34276 5.6
      vertex -2.8969 4.55278 5.6
      vertex -2.3719 3.24609 5.6
    endloop
  endfacet
  facet normal 0 0 1
    outer loop
      vertex -2.3719 3.24609 5.6
      vertex -2.8969 4.55278 5.6
      vertex -2.55191 3.125 5.6
    endloop
  endfacet
  facet normal -0 0 1
    outer loop
      vertex -3.40524 4.42639 5.6
      vertex -2.55191 3.125 5.6
      vertex -2.8969 4.55278 5.6
    endloop
  endfacet
  facet normal 0 0 1
    outer loop
      vertex -2.55191 3.125 5.6
      vertex -3.40524 4.42639 5.6
      vertex -2.69193 2.98334 5.6
    endloop
  endfacet
  facet normal -0 0 1
    outer loop
      vertex -3.84581 4.25832 5.6
      vertex -2.69193 2.98334 5.6
      vertex -3.40524 4.42639 5.6
    endloop
  endfacet
  facet normal 0 0 1
    outer loop
      vertex -2.69193 2.98334 5.6
      vertex -3.84581 4.25832 5.6
      vertex -2.80081 2.82501 5.6
    endloop
  endfacet
  facet normal -0 0 1
    outer loop
      vertex -4.21861 4.0486 5.6
      vertex -2.80081 2.82501 5.6
      vertex -3.84581 4.25832 5.6
    endloop
  endfacet
  facet normal -0 0 1
    outer loop
      vertex -4.52361 3.79276 5.6
      vertex -2.80081 2.82501 5.6
      vertex -4.21861 4.0486 5.6
    endloop
  endfacet
  facet normal 0 0 1
    outer loop
      vertex -2.80081 2.82501 5.6
      vertex -4.52361 3.79276 5.6
      vertex -2.87859 2.65001 5.6
    endloop
  endfacet
  facet normal 0 -0 1
    outer loop
      vertex -5.03914 1.80029 5.6
      vertex -2.94081 2.25 5.6
      vertex -5.06581 2.26389 5.6
    endloop
  endfacet
  facet normal 0 0 1
    outer loop
      vertex -2.94081 2.25 5.6
      vertex -3.47408 -0.0444489 5.6
      vertex -3.11018 -0.11528 5.6
    endloop
  endfacet
  facet normal -0 0 1
    outer loop
      vertex -4.76082 3.48637 5.6
      vertex -2.87859 2.65001 5.6
      vertex -4.52361 3.79276 5.6
    endloop
  endfacet
  facet normal 0 0 1
    outer loop
      vertex -2.94081 2.25 5.6
      vertex -3.8102 0.0735931 5.6
      vertex -3.47408 -0.0444489 5.6
    endloop
  endfacet
  facet normal -0 0 1
    outer loop
      vertex -4.93027 3.12943 5.6
      vertex -2.87859 2.65001 5.6
      vertex -4.76082 3.48637 5.6
    endloop
  endfacet
  facet normal 0 -0 1
    outer loop
      vertex -4.82581 1.02473 5.6
      vertex -2.94081 2.25 5.6
      vertex -4.95914 1.38724 5.6
    endloop
  endfacet
  facet normal 0 0 1
    outer loop
      vertex -2.87859 2.65001 5.6
      vertex -4.93027 3.12943 5.6
      vertex -2.92526 2.45834 5.6
    endloop
  endfacet
  facet normal 0 0 1
    outer loop
      vertex -2.94081 2.25 5.6
      vertex -4.11855 0.238892 5.6
      vertex -3.8102 0.0735931 5.6
    endloop
  endfacet
  facet normal -0 0 1
    outer loop
      vertex -5.03192 2.72194 5.6
      vertex -2.92526 2.45834 5.6
      vertex -4.93027 3.12943 5.6
    endloop
  endfacet
  facet normal 0 0 1
    outer loop
      vertex -2.94081 2.25 5.6
      vertex -4.39911 0.451385 5.6
      vertex -4.11855 0.238892 5.6
    endloop
  endfacet
  facet normal 0 0 1
    outer loop
      vertex -2.92526 2.45834 5.6
      vertex -5.03192 2.72194 5.6
      vertex -2.94081 2.25 5.6
    endloop
  endfacet
  facet normal 0 -0 1
    outer loop
      vertex -4.63913 0.712784 5.6
      vertex -2.94081 2.25 5.6
      vertex -4.82581 1.02473 5.6
    endloop
  endfacet
  facet normal 0 0 1
    outer loop
      vertex -2.94081 2.25 5.6
      vertex -5.03192 2.72194 5.6
      vertex -5.06581 2.26389 5.6
    endloop
  endfacet
  facet normal 0 0 1
    outer loop
      vertex -2.94081 2.25 5.6
      vertex -4.63913 0.712784 5.6
      vertex -4.39911 0.451385 5.6
    endloop
  endfacet
  facet normal 0 -0 1
    outer loop
      vertex -4.95914 1.38724 5.6
      vertex -2.94081 2.25 5.6
      vertex -5.03914 1.80029 5.6
    endloop
  endfacet
  facet normal 0 0 1
    outer loop
      vertex 1.69807 5.05559 5.6
      vertex -0.369919 5.28169 5.6
      vertex -0.357407 5.05559 5.6
    endloop
  endfacet
  facet normal 0 0 1
    outer loop
      vertex 0.121124 7.4986 5.6
      vertex -0.40741 5.48224 5.6
      vertex -0.369919 5.28169 5.6
    endloop
  endfacet
  facet normal 0 0 1
    outer loop
      vertex 0.121124 7.4986 5.6
      vertex -0.46991 5.65721 5.6
      vertex -0.40741 5.48224 5.6
    endloop
  endfacet
  facet normal 0 0 1
    outer loop
      vertex 0.121124 7.4986 5.6
      vertex -0.557419 5.80663 5.6
      vertex -0.46991 5.65721 5.6
    endloop
  endfacet
  facet normal 0 0 1
    outer loop
      vertex 0.121124 7.4986 5.6
      vertex -0.669907 5.9305 5.6
      vertex -0.557419 5.80663 5.6
    endloop
  endfacet
  facet normal 0 0 1
    outer loop
      vertex 0.121124 7.4986 5.6
      vertex -0.804642 6.0305 5.6
      vertex -0.669907 5.9305 5.6
    endloop
  endfacet
  facet normal 0 0 1
    outer loop
      vertex -0.958817 6.10829 5.6
      vertex -0.346924 7.63054 5.6
      vertex -0.872208 7.7097 5.6
    endloop
  endfacet
  facet normal 0 0 1
    outer loop
      vertex -0.346924 7.63054 5.6
      vertex -0.958817 6.10829 5.6
      vertex -0.804642 6.0305 5.6
    endloop
  endfacet
  facet normal 0 0 1
    outer loop
      vertex -0.872208 7.7097 5.6
      vertex -1.13243 6.16385 5.6
      vertex -0.958817 6.10829 5.6
    endloop
  endfacet
  facet normal 0 0 1
    outer loop
      vertex -0.872208 7.7097 5.6
      vertex -1.3255 6.19717 5.6
      vertex -1.13243 6.16385 5.6
    endloop
  endfacet
  facet normal 0 0 1
    outer loop
      vertex -1.45471 7.7361 5.6
      vertex -1.3255 6.19717 5.6
      vertex -0.872208 7.7097 5.6
    endloop
  endfacet
  facet normal 0 0 1
    outer loop
      vertex -1.45471 7.7361 5.6
      vertex -1.53801 6.2083 5.6
      vertex -1.3255 6.19717 5.6
    endloop
  endfacet
  facet normal -0 0 1
    outer loop
      vertex -1.77441 7.72887 5.6
      vertex -1.53801 6.2083 5.6
      vertex -1.45471 7.7361 5.6
    endloop
  endfacet
  facet normal 0 0 1
    outer loop
      vertex -1.53801 6.2083 5.6
      vertex -1.77441 7.72887 5.6
      vertex -1.75911 6.2019 5.6
    endloop
  endfacet
  facet normal -0 0 1
    outer loop
      vertex -2.08913 7.7072 5.6
      vertex -1.75911 6.2019 5.6
      vertex -1.77441 7.72887 5.6
    endloop
  endfacet
  facet normal 0 0 1
    outer loop
      vertex -1.75911 6.2019 5.6
      vertex -2.08913 7.7072 5.6
      vertex -1.97798 6.18274 5.6
    endloop
  endfacet
  facet normal -0 0 1
    outer loop
      vertex -2.39885 7.67108 5.6
      vertex -1.97798 6.18274 5.6
      vertex -2.08913 7.7072 5.6
    endloop
  endfacet
  facet normal 0 0 1
    outer loop
      vertex -1.97798 6.18274 5.6
      vertex -2.39885 7.67108 5.6
      vertex -2.19464 6.1508 5.6
    endloop
  endfacet
  facet normal -0 0 1
    outer loop
      vertex -2.70358 7.62051 5.6
      vertex -2.19464 6.1508 5.6
      vertex -2.39885 7.67108 5.6
    endloop
  endfacet
  facet normal 0 0 1
    outer loop
      vertex -2.19464 6.1508 5.6
      vertex -2.70358 7.62051 5.6
      vertex -2.40909 6.10608 5.6
    endloop
  endfacet
  facet normal -0 0 1
    outer loop
      vertex -3.00331 7.5555 5.6
      vertex -2.40909 6.10608 5.6
      vertex -2.70358 7.62051 5.6
    endloop
  endfacet
  facet normal 0 0 1
    outer loop
      vertex -2.40909 6.10608 5.6
      vertex -3.00331 7.5555 5.6
      vertex -2.62131 6.0486 5.6
    endloop
  endfacet
  facet normal -0 0 1
    outer loop
      vertex -3.29524 7.47774 5.6
      vertex -2.62131 6.0486 5.6
      vertex -3.00331 7.5555 5.6
    endloop
  endfacet
  facet normal 0 0 1
    outer loop
      vertex -2.62131 6.0486 5.6
      vertex -3.29524 7.47774 5.6
      vertex -2.83243 5.98166 5.6
    endloop
  endfacet
  facet normal 0 0 1
    outer loop
      vertex -2.83243 5.98166 5.6
      vertex -3.29524 7.47774 5.6
      vertex -3.04355 5.90862 5.6
    endloop
  endfacet
  facet normal -0 0 1
    outer loop
      vertex -3.57661 7.38887 5.6
      vertex -3.04355 5.90862 5.6
      vertex -3.29524 7.47774 5.6
    endloop
  endfacet
  facet normal 0 0 1
    outer loop
      vertex -3.04355 5.90862 5.6
      vertex -3.57661 7.38887 5.6
      vertex -3.25467 5.82945 5.6
    endloop
  endfacet
  facet normal -0 0 1
    outer loop
      vertex -3.84743 7.28889 5.6
      vertex -3.25467 5.82945 5.6
      vertex -3.57661 7.38887 5.6
    endloop
  endfacet
  facet normal 0 0 1
    outer loop
      vertex -3.25467 5.82945 5.6
      vertex -3.84743 7.28889 5.6
      vertex -3.46579 5.74417 5.6
    endloop
  endfacet
  facet normal -0 0 1
    outer loop
      vertex -4.1077 7.1778 5.6
      vertex -3.46579 5.74417 5.6
      vertex -3.84743 7.28889 5.6
    endloop
  endfacet
  facet normal 0 0 1
    outer loop
      vertex -3.46579 5.74417 5.6
      vertex -4.1077 7.1778 5.6
      vertex -3.67691 5.65279 5.6
    endloop
  endfacet
  facet normal 0 0 1
    outer loop
      vertex -3.67691 5.65279 5.6
      vertex -4.1077 7.1778 5.6
      vertex -4.35741 7.05559 5.6
    endloop
  endfacet
  facet normal -0 0 1
    outer loop
      vertex -0.369919 5.28169 5.6
      vertex 1.69807 5.05559 5.6
      vertex 1.66557 5.57198 5.6
    endloop
  endfacet
  facet normal 0 0 1
    outer loop
      vertex -0.369919 5.28169 5.6
      vertex 1.66557 5.57198 5.6
      vertex 1.56807 6.03224 5.6
    endloop
  endfacet
  facet normal 0 0 1
    outer loop
      vertex -0.369919 5.28169 5.6
      vertex 1.56807 6.03224 5.6
      vertex 1.40558 6.4364 5.6
    endloop
  endfacet
  facet normal 0 0 1
    outer loop
      vertex -0.369919 5.28169 5.6
      vertex 1.40558 6.4364 5.6
      vertex 1.17807 6.78445 5.6
    endloop
  endfacet
  facet normal 0 0 1
    outer loop
      vertex -0.369919 5.28169 5.6
      vertex 1.17807 6.78445 5.6
      vertex 0.885574 7.07639 5.6
    endloop
  endfacet
  facet normal 0 0 1
    outer loop
      vertex -0.369919 5.28169 5.6
      vertex 0.885574 7.07639 5.6
      vertex 0.531952 7.31389 5.6
    endloop
  endfacet
  facet normal 0 0 1
    outer loop
      vertex 1.69807 5.05559 5.6
      vertex -0.357407 4.7222 5.6
      vertex -0.357407 3.51389 5.6
    endloop
  endfacet
  facet normal 0 0 1
    outer loop
      vertex -0.369919 5.28169 5.6
      vertex 0.531952 7.31389 5.6
      vertex 0.121124 7.4986 5.6
    endloop
  endfacet
  facet normal 0 0 1
    outer loop
      vertex -0.375748 2.61307 5.6
      vertex 1.69807 5.05559 5.6
      vertex -0.357407 2.88889 5.6
    endloop
  endfacet
  facet normal 0 0 1
    outer loop
      vertex 1.69807 5.05559 5.6
      vertex -0.375748 2.61307 5.6
      vertex 1.69807 0 5.6
    endloop
  endfacet
  facet normal 0 0 1
    outer loop
      vertex -0.804642 6.0305 5.6
      vertex 0.121124 7.4986 5.6
      vertex -0.346924 7.63054 5.6
    endloop
  endfacet
  facet normal 0 0 1
    outer loop
      vertex 1.69807 5.05559 5.6
      vertex -0.357407 5.05559 5.6
      vertex -0.357407 4.7222 5.6
    endloop
  endfacet
  facet normal 0 0 1
    outer loop
      vertex 1.69807 5.05559 5.6
      vertex -0.357407 3.51389 5.6
      vertex -0.357407 2.88889 5.6
    endloop
  endfacet
  facet normal 0 0 1
    outer loop
      vertex 1.69807 0 5.6
      vertex -0.149109 1.02779 5.6
      vertex 0.253677 0 5.6
    endloop
  endfacet
  facet normal 0 0 1
    outer loop
      vertex 1.69807 0 5.6
      vertex -0.375748 2.61307 5.6
      vertex -0.149109 1.02779 5.6
    endloop
  endfacet
  facet normal -0 0 1
    outer loop
      vertex -0.430756 2.36334 5.6
      vertex -0.149109 1.02779 5.6
      vertex -0.375748 2.61307 5.6
    endloop
  endfacet
  facet normal -0 0 1
    outer loop
      vertex -0.52243 2.13972 5.6
      vertex -0.149109 1.02779 5.6
      vertex -0.430756 2.36334 5.6
    endloop
  endfacet
  facet normal -0 0 1
    outer loop
      vertex -0.650787 1.9422 5.6
      vertex -0.149109 1.02779 5.6
      vertex -0.52243 2.13972 5.6
    endloop
  endfacet
  facet normal 0 0 1
    outer loop
      vertex -0.149109 1.02779 5.6
      vertex -0.650787 1.9422 5.6
      vertex -0.204712 1.02779 5.6
    endloop
  endfacet
  facet normal -0 0 1
    outer loop
      vertex -0.815811 1.7708 5.6
      vertex -0.204712 1.02779 5.6
      vertex -0.650787 1.9422 5.6
    endloop
  endfacet
  facet normal -0 0 1
    outer loop
      vertex -1.00748 1.62831 5.6
      vertex -0.204712 1.02779 5.6
      vertex -0.815811 1.7708 5.6
    endloop
  endfacet
  facet normal 0 0 1
    outer loop
      vertex -0.204712 1.02779 5.6
      vertex -1.00748 1.62831 5.6
      vertex -0.401382 0.796692 5.6
    endloop
  endfacet
  facet normal -0 0 1
    outer loop
      vertex -1.21581 1.51749 5.6
      vertex -0.401382 0.796692 5.6
      vertex -1.00748 1.62831 5.6
    endloop
  endfacet
  facet normal 0 0 1
    outer loop
      vertex -0.401382 0.796692 5.6
      vertex -1.21581 1.51749 5.6
      vertex -0.602493 0.592239 5.6
    endloop
  endfacet
  facet normal 0 0 1
    outer loop
      vertex -0.602493 0.592239 5.6
      vertex -1.21581 1.51749 5.6
      vertex -0.808044 0.414459 5.6
    endloop
  endfacet
  facet normal -0 0 1
    outer loop
      vertex -1.4408 1.43832 5.6
      vertex -0.808044 0.414459 5.6
      vertex -1.21581 1.51749 5.6
    endloop
  endfacet
  facet normal 0 0 1
    outer loop
      vertex -0.808044 0.414459 5.6
      vertex -1.4408 1.43832 5.6
      vertex -1.01805 0.263351 5.6
    endloop
  endfacet
  facet normal -0 0 1
    outer loop
      vertex -1.68246 1.39082 5.6
      vertex -1.01805 0.263351 5.6
      vertex -1.4408 1.43832 5.6
    endloop
  endfacet
  facet normal 0 0 1
    outer loop
      vertex -1.01805 0.263351 5.6
      vertex -1.68246 1.39082 5.6
      vertex -1.23251 0.138885 5.6
    endloop
  endfacet
  facet normal 0 0 1
    outer loop
      vertex -1.23251 0.138885 5.6
      vertex -1.68246 1.39082 5.6
      vertex -1.46527 0.0388794 5.6
    endloop
  endfacet
  facet normal -0 0 1
    outer loop
      vertex -1.94081 1.375 5.6
      vertex -1.46527 0.0388794 5.6
      vertex -1.68246 1.39082 5.6
    endloop
  endfacet
  facet normal 0 0 1
    outer loop
      vertex -1.46527 0.0388794 5.6
      vertex -1.94081 1.375 5.6
      vertex -1.73024 -0.0388794 5.6
    endloop
  endfacet
  facet normal 0 0 1
    outer loop
      vertex -1.94081 1.375 5.6
      vertex -2.02744 -0.0944519 5.6
      vertex -1.73024 -0.0388794 5.6
    endloop
  endfacet
  facet normal 0 0 1
    outer loop
      vertex -2.11191 1.38304 5.6
      vertex -2.02744 -0.0944519 5.6
      vertex -1.94081 1.375 5.6
    endloop
  endfacet
  facet normal 0 0 1
    outer loop
      vertex -2.35687 -0.127777 5.6
      vertex -2.11191 1.38304 5.6
      vertex -2.26968 1.40721 5.6
    endloop
  endfacet
  facet normal 0 0 1
    outer loop
      vertex -2.11191 1.38304 5.6
      vertex -2.35687 -0.127777 5.6
      vertex -2.02744 -0.0944519 5.6
    endloop
  endfacet
  facet normal 0 0 1
    outer loop
      vertex -2.41412 1.44749 5.6
      vertex -2.35687 -0.127777 5.6
      vertex -2.26968 1.40721 5.6
    endloop
  endfacet
  facet normal 0 0 1
    outer loop
      vertex -2.71851 -0.138885 5.6
      vertex -2.41412 1.44749 5.6
      vertex -2.54523 1.50389 5.6
    endloop
  endfacet
  facet normal 0 0 1
    outer loop
      vertex -3.11018 -0.11528 5.6
      vertex -2.54523 1.50389 5.6
      vertex -2.66301 1.57639 5.6
    endloop
  endfacet
  facet normal 0 0 1
    outer loop
      vertex -2.41412 1.44749 5.6
      vertex -2.71851 -0.138885 5.6
      vertex -2.35687 -0.127777 5.6
    endloop
  endfacet
  facet normal 0 0 1
    outer loop
      vertex -3.11018 -0.11528 5.6
      vertex -2.66301 1.57639 5.6
      vertex -2.76302 1.66779 5.6
    endloop
  endfacet
  facet normal 0 0 1
    outer loop
      vertex -3.11018 -0.11528 5.6
      vertex -2.76302 1.66779 5.6
      vertex -2.84081 1.78084 5.6
    endloop
  endfacet
  facet normal 0 0 1
    outer loop
      vertex -3.11018 -0.11528 5.6
      vertex -2.84081 1.78084 5.6
      vertex -2.89636 1.91556 5.6
    endloop
  endfacet
  facet normal 0 0 1
    outer loop
      vertex -3.11018 -0.11528 5.6
      vertex -2.89636 1.91556 5.6
      vertex -2.9297 2.07195 5.6
    endloop
  endfacet
  facet normal 0 0 1
    outer loop
      vertex -2.54523 1.50389 5.6
      vertex -3.11018 -0.11528 5.6
      vertex -2.71851 -0.138885 5.6
    endloop
  endfacet
  facet normal 0 0 1
    outer loop
      vertex -3.11018 -0.11528 5.6
      vertex -2.9297 2.07195 5.6
      vertex -2.94081 2.25 5.6
    endloop
  endfacet
  facet normal 0 0 1
    outer loop
      vertex -11.0378 4.60114 5.6
      vertex -13.2083 5.02055 5.6
      vertex -13.1628 4.43059 5.6
    endloop
  endfacet
  facet normal 0 0 1
    outer loop
      vertex -12.7945 7.62471 5.6
      vertex -13.345 5.47943 5.6
      vertex -13.2083 5.02055 5.6
    endloop
  endfacet
  facet normal 0 0 1
    outer loop
      vertex -13.8916 6.00385 5.6
      vertex -13.0778 7.67886 5.6
      vertex -13.3811 7.71136 5.6
    endloop
  endfacet
  facet normal 0 0 1
    outer loop
      vertex -12.7945 7.62471 5.6
      vertex -13.5728 5.80719 5.6
      vertex -13.345 5.47943 5.6
    endloop
  endfacet
  facet normal 0 0 1
    outer loop
      vertex -13.8916 6.00385 5.6
      vertex -13.3811 7.71136 5.6
      vertex -13.7045 7.7222 5.6
    endloop
  endfacet
  facet normal 0 0 1
    outer loop
      vertex -13.0778 7.67886 5.6
      vertex -13.8916 6.00385 5.6
      vertex -13.5728 5.80719 5.6
    endloop
  endfacet
  facet normal -0 0 1
    outer loop
      vertex -13.9636 7.71164 5.6
      vertex -13.8916 6.00385 5.6
      vertex -13.7045 7.7222 5.6
    endloop
  endfacet
  facet normal 0 0 1
    outer loop
      vertex -14.3017 6.0694 5.6
      vertex -13.9636 7.71164 5.6
      vertex -14.2189 7.67996 5.6
    endloop
  endfacet
  facet normal 0 0 1
    outer loop
      vertex -13.9636 7.71164 5.6
      vertex -14.3017 6.0694 5.6
      vertex -13.8916 6.00385 5.6
    endloop
  endfacet
  facet normal -0 0 1
    outer loop
      vertex -14.4703 7.62718 5.6
      vertex -14.3017 6.0694 5.6
      vertex -14.2189 7.67996 5.6
    endloop
  endfacet
  facet normal -0 0 1
    outer loop
      vertex -14.7178 7.5533 5.6
      vertex -14.3017 6.0694 5.6
      vertex -14.4703 7.62718 5.6
    endloop
  endfacet
  facet normal 0 0 1
    outer loop
      vertex -14.3017 6.0694 5.6
      vertex -14.7178 7.5533 5.6
      vertex -14.6247 6.04356 5.6
    endloop
  endfacet
  facet normal -0 0 1
    outer loop
      vertex -14.9615 7.4583 5.6
      vertex -14.6247 6.04356 5.6
      vertex -14.7178 7.5533 5.6
    endloop
  endfacet
  facet normal -0 0 1
    outer loop
      vertex -15.1928 7.33998 5.6
      vertex -14.6247 6.04356 5.6
      vertex -14.9615 7.4583 5.6
    endloop
  endfacet
  facet normal -0 0 1
    outer loop
      vertex -15.4036 7.19612 5.6
      vertex -14.6247 6.04356 5.6
      vertex -15.1928 7.33998 5.6
    endloop
  endfacet
  facet normal 0 0 1
    outer loop
      vertex -14.6247 6.04356 5.6
      vertex -15.4036 7.19612 5.6
      vertex -14.905 5.96606 5.6
    endloop
  endfacet
  facet normal -0 0 1
    outer loop
      vertex -15.5939 7.02667 5.6
      vertex -14.905 5.96606 5.6
      vertex -15.4036 7.19612 5.6
    endloop
  endfacet
  facet normal -0 0 1
    outer loop
      vertex -15.7636 6.83167 5.6
      vertex -14.905 5.96606 5.6
      vertex -15.5939 7.02667 5.6
    endloop
  endfacet
  facet normal 0 0 1
    outer loop
      vertex -14.905 5.96606 5.6
      vertex -15.7636 6.83167 5.6
      vertex -15.1425 5.8369 5.6
    endloop
  endfacet
  facet normal -0 0 1
    outer loop
      vertex -15.9128 6.6111 5.6
      vertex -15.1425 5.8369 5.6
      vertex -15.7636 6.83167 5.6
    endloop
  endfacet
  facet normal 0 0 1
    outer loop
      vertex -15.1425 5.8369 5.6
      vertex -15.9128 6.6111 5.6
      vertex -15.3372 5.65608 5.6
    endloop
  endfacet
  facet normal -0 0 1
    outer loop
      vertex -16.024 6.6111 5.6
      vertex -15.3372 5.65608 5.6
      vertex -15.9128 6.6111 5.6
    endloop
  endfacet
  facet normal 0 0 1
    outer loop
      vertex -15.3372 5.65608 5.6
      vertex -16.024 6.6111 5.6
      vertex -15.4892 5.4236 5.6
    endloop
  endfacet
  facet normal 0 0 1
    outer loop
      vertex -15.4892 5.4236 5.6
      vertex -16.024 6.6111 5.6
      vertex -15.6067 5.14276 5.6
    endloop
  endfacet
  facet normal 0 0 1
    outer loop
      vertex -15.6067 5.14276 5.6
      vertex -16.024 6.6111 5.6
      vertex -15.698 4.81694 5.6
    endloop
  endfacet
  facet normal 0 0 1
    outer loop
      vertex -17.8851 7.5833 5.6
      vertex -15.698 4.81694 5.6
      vertex -16.024 6.6111 5.6
    endloop
  endfacet
  facet normal 0 0 1
    outer loop
      vertex -15.698 4.81694 5.6
      vertex -17.8851 7.5833 5.6
      vertex -15.7633 4.44609 5.6
    endloop
  endfacet
  facet normal 0 0 1
    outer loop
      vertex -15.7633 4.44609 5.6
      vertex -17.8851 7.5833 5.6
      vertex -15.8025 4.03024 5.6
    endloop
  endfacet
  facet normal 0 0 1
    outer loop
      vertex -15.8025 4.03024 5.6
      vertex -17.8851 7.5833 5.6
      vertex -15.8156 3.5694 5.6
    endloop
  endfacet
  facet normal -0 0 1
    outer loop
      vertex -17.8851 7.5833 5.6
      vertex -16.024 6.6111 5.6
      vertex -16.3017 7.5833 5.6
    endloop
  endfacet
  facet normal 0 0 1
    outer loop
      vertex -15.8156 3.5694 5.6
      vertex -17.8851 7.5833 5.6
      vertex -17.8851 0 5.6
    endloop
  endfacet
  facet normal 0 0 1
    outer loop
      vertex -15.8156 3.5694 5.6
      vertex -17.8851 0 5.6
      vertex -15.8156 0 5.6
    endloop
  endfacet
  facet normal 0 0 1
    outer loop
      vertex -6.37115 4.9444 5.6
      vertex -8.48611 5.02055 5.6
      vertex -8.44055 4.43059 5.6
    endloop
  endfacet
  facet normal 0 0 1
    outer loop
      vertex -8.85056 5.80719 5.6
      vertex -8.05002 7.61664 5.6
      vertex -8.49084 7.6958 5.6
    endloop
  endfacet
  facet normal 0 0 1
    outer loop
      vertex -7.65973 7.4847 5.6
      vertex -8.62277 5.47943 5.6
      vertex -8.48611 5.02055 5.6
    endloop
  endfacet
  facet normal 0 0 1
    outer loop
      vertex -7.65973 7.4847 5.6
      vertex -8.85056 5.80719 5.6
      vertex -8.62277 5.47943 5.6
    endloop
  endfacet
  facet normal 0 0 1
    outer loop
      vertex -9.16945 6.00385 5.6
      vertex -8.49084 7.6958 5.6
      vertex -8.98225 7.7222 5.6
    endloop
  endfacet
  facet normal 0 0 1
    outer loop
      vertex -8.49084 7.6958 5.6
      vertex -9.16945 6.00385 5.6
      vertex -8.85056 5.80719 5.6
    endloop
  endfacet
  facet normal -0 0 1
    outer loop
      vertex -9.24199 7.71164 5.6
      vertex -9.16945 6.00385 5.6
      vertex -8.98225 7.7222 5.6
    endloop
  endfacet
  facet normal 0 0 1
    outer loop
      vertex -9.57945 6.0694 5.6
      vertex -9.24199 7.71164 5.6
      vertex -9.49895 7.67996 5.6
    endloop
  endfacet
  facet normal 0 0 1
    outer loop
      vertex -9.24199 7.71164 5.6
      vertex -9.57945 6.0694 5.6
      vertex -9.16945 6.00385 5.6
    endloop
  endfacet
  facet normal -0 0 1
    outer loop
      vertex -9.75311 7.62718 5.6
      vertex -9.57945 6.0694 5.6
      vertex -9.49895 7.67996 5.6
    endloop
  endfacet
  facet normal -0 0 1
    outer loop
      vertex -10.0045 7.5533 5.6
      vertex -9.57945 6.0694 5.6
      vertex -9.75311 7.62718 5.6
    endloop
  endfacet
  facet normal 0 0 1
    outer loop
      vertex -9.57945 6.0694 5.6
      vertex -10.0045 7.5533 5.6
      vertex -9.88832 6.04607 5.6
    endloop
  endfacet
  facet normal -0 0 1
    outer loop
      vertex -10.2532 7.4583 5.6
      vertex -9.88832 6.04607 5.6
      vertex -10.0045 7.5533 5.6
    endloop
  endfacet
  facet normal -0 0 1
    outer loop
      vertex -10.4895 7.33998 5.6
      vertex -9.88832 6.04607 5.6
      vertex -10.2532 7.4583 5.6
    endloop
  endfacet
  facet normal 0 0 1
    outer loop
      vertex -9.88832 6.04607 5.6
      vertex -10.4895 7.33998 5.6
      vertex -10.1594 5.97606 5.6
    endloop
  endfacet
  facet normal -0 0 1
    outer loop
      vertex -10.7042 7.19612 5.6
      vertex -10.1594 5.97606 5.6
      vertex -10.4895 7.33998 5.6
    endloop
  endfacet
  facet normal -0 0 1
    outer loop
      vertex -10.8973 7.02667 5.6
      vertex -10.1594 5.97606 5.6
      vertex -10.7042 7.19612 5.6
    endloop
  endfacet
  facet normal -0 0 1
    outer loop
      vertex -11.0686 6.83167 5.6
      vertex -10.1594 5.97606 5.6
      vertex -10.8973 7.02667 5.6
    endloop
  endfacet
  facet normal 0 0 1
    outer loop
      vertex -10.1594 5.97606 5.6
      vertex -11.0686 6.83167 5.6
      vertex -10.3928 5.85941 5.6
    endloop
  endfacet
  facet normal -0 0 1
    outer loop
      vertex -11.2184 6.6111 5.6
      vertex -10.3928 5.85941 5.6
      vertex -11.0686 6.83167 5.6
    endloop
  endfacet
  facet normal 0 0 1
    outer loop
      vertex -10.3928 5.85941 5.6
      vertex -11.2184 6.6111 5.6
      vertex -10.5883 5.69608 5.6
    endloop
  endfacet
  facet normal 0 0 1
    outer loop
      vertex -10.5883 5.69608 5.6
      vertex -11.2184 6.6111 5.6
      vertex -10.7462 5.4861 5.6
    endloop
  endfacet
  facet normal -0 0 1
    outer loop
      vertex -11.3988 6.6111 5.6
      vertex -10.7462 5.4861 5.6
      vertex -11.2184 6.6111 5.6
    endloop
  endfacet
  facet normal 0 0 1
    outer loop
      vertex -10.7462 5.4861 5.6
      vertex -11.3988 6.6111 5.6
      vertex -10.8711 5.23222 5.6
    endloop
  endfacet
  facet normal 0 0 1
    outer loop
      vertex -13.2083 5.02055 5.6
      vertex -10.8711 5.23222 5.6
      vertex -11.3988 6.6111 5.6
    endloop
  endfacet
  facet normal 0 0 1
    outer loop
      vertex -10.8711 5.23222 5.6
      vertex -13.2083 5.02055 5.6
      vertex -10.9684 4.93723 5.6
    endloop
  endfacet
  facet normal 0 0 1
    outer loop
      vertex -13.2083 5.02055 5.6
      vertex -11.0378 4.60114 5.6
      vertex -10.9684 4.93723 5.6
    endloop
  endfacet
  facet normal 0 0 1
    outer loop
      vertex -11.0378 4.60114 5.6
      vertex -13.1628 4.43059 5.6
      vertex -11.0795 4.22392 5.6
    endloop
  endfacet
  facet normal 0 0 1
    outer loop
      vertex -11.0795 4.22392 5.6
      vertex -13.1628 4.43059 5.6
      vertex -11.0934 3.80559 5.6
    endloop
  endfacet
  facet normal 0 0 1
    outer loop
      vertex -13.2083 5.02055 5.6
      vertex -11.3988 6.6111 5.6
      vertex -11.5322 6.82695 5.6
    endloop
  endfacet
  facet normal 0 0 1
    outer loop
      vertex -13.2083 5.02055 5.6
      vertex -11.5322 6.82695 5.6
      vertex -11.6878 7.01891 5.6
    endloop
  endfacet
  facet normal 0 0 1
    outer loop
      vertex -13.2083 5.02055 5.6
      vertex -11.6878 7.01891 5.6
      vertex -11.8656 7.18697 5.6
    endloop
  endfacet
  facet normal 0 0 1
    outer loop
      vertex -13.2083 5.02055 5.6
      vertex -11.8656 7.18697 5.6
      vertex -12.0656 7.33113 5.6
    endloop
  endfacet
  facet normal 0 0 1
    outer loop
      vertex -13.2083 5.02055 5.6
      vertex -12.0656 7.33113 5.6
      vertex -12.2879 7.45139 5.6
    endloop
  endfacet
  facet normal 0 0 1
    outer loop
      vertex -13.2083 5.02055 5.6
      vertex -12.2879 7.45139 5.6
      vertex -12.5312 7.54887 5.6
    endloop
  endfacet
  facet normal 0 0 1
    outer loop
      vertex -13.2083 5.02055 5.6
      vertex -12.5312 7.54887 5.6
      vertex -12.7945 7.62471 5.6
    endloop
  endfacet
  facet normal 0 0 1
    outer loop
      vertex -13.5728 5.80719 5.6
      vertex -12.7945 7.62471 5.6
      vertex -13.0778 7.67886 5.6
    endloop
  endfacet
  facet normal 0 0 1
    outer loop
      vertex -13.1628 0 5.6
      vertex -11.0934 3.80559 5.6
      vertex -13.1628 4.43059 5.6
    endloop
  endfacet
  facet normal 0 0 1
    outer loop
      vertex -11.0934 3.80559 5.6
      vertex -13.1628 0 5.6
      vertex -11.0934 0 5.6
    endloop
  endfacet
  facet normal -0 0 1
    outer loop
      vertex -8.48611 5.02055 5.6
      vertex -6.37115 4.9444 5.6
      vertex -6.39754 5.4958 5.6
    endloop
  endfacet
  facet normal 0 0 1
    outer loop
      vertex -8.48611 5.02055 5.6
      vertex -6.39754 5.4958 5.6
      vertex -6.4767 5.98332 5.6
    endloop
  endfacet
  facet normal 0 0 1
    outer loop
      vertex -8.48611 5.02055 5.6
      vertex -6.4767 5.98332 5.6
      vertex -6.60864 6.40694 5.6
    endloop
  endfacet
  facet normal 0 0 1
    outer loop
      vertex -8.48611 5.02055 5.6
      vertex -6.60864 6.40694 5.6
      vertex -6.79337 6.76666 5.6
    endloop
  endfacet
  facet normal 0 0 1
    outer loop
      vertex -8.48611 5.02055 5.6
      vertex -6.79337 6.76666 5.6
      vertex -7.03085 7.0625 5.6
    endloop
  endfacet
  facet normal 0 0 1
    outer loop
      vertex -8.48611 5.02055 5.6
      vertex -7.03085 7.0625 5.6
      vertex -7.32001 7.29999 5.6
    endloop
  endfacet
  facet normal 0 0 1
    outer loop
      vertex -8.48611 5.02055 5.6
      vertex -7.32001 7.29999 5.6
      vertex -7.65973 7.4847 5.6
    endloop
  endfacet
  facet normal 0 0 1
    outer loop
      vertex -8.85056 5.80719 5.6
      vertex -7.65973 7.4847 5.6
      vertex -8.05002 7.61664 5.6
    endloop
  endfacet
  facet normal 0 0 1
    outer loop
      vertex -6.37115 4.9444 5.6
      vertex -8.44055 4.43059 5.6
      vertex -6.37115 0 5.6
    endloop
  endfacet
  facet normal 0 0 1
    outer loop
      vertex -6.37115 0 5.6
      vertex -8.44055 4.43059 5.6
      vertex -8.44055 0 5.6
    endloop
  endfacet
  facet normal 0 0 1
    outer loop
      vertex 18.5269 4.90863 5.6
      vertex 16.6002 4.92084 5.6
      vertex 16.6191 4.65279 5.6
    endloop
  endfacet
  facet normal 0 0 1
    outer loop
      vertex 17.2541 7.14888 5.6
      vertex 16.5547 5.16943 5.6
      vertex 16.6002 4.92084 5.6
    endloop
  endfacet
  facet normal 0 0 1
    outer loop
      vertex 17.2541 7.14888 5.6
      vertex 16.4824 5.39859 5.6
      vertex 16.5547 5.16943 5.6
    endloop
  endfacet
  facet normal 0 0 1
    outer loop
      vertex 17.2541 7.14888 5.6
      vertex 16.3835 5.60831 5.6
      vertex 16.4824 5.39859 5.6
    endloop
  endfacet
  facet normal 0 0 1
    outer loop
      vertex 15.918 6.08749 5.6
      vertex 16.8091 7.3997 5.6
      vertex 16.3119 7.57886 5.6
    endloop
  endfacet
  facet normal 0 0 1
    outer loop
      vertex 17.2541 7.14888 5.6
      vertex 16.2579 5.7986 5.6
      vertex 16.3835 5.60831 5.6
    endloop
  endfacet
  facet normal 0 0 1
    outer loop
      vertex 17.2541 7.14888 5.6
      vertex 16.1035 5.96109 5.6
      vertex 16.2579 5.7986 5.6
    endloop
  endfacet
  facet normal 0 0 1
    outer loop
      vertex 16.8091 7.3997 5.6
      vertex 15.918 6.08749 5.6
      vertex 16.1035 5.96109 5.6
    endloop
  endfacet
  facet normal 0 0 1
    outer loop
      vertex 15.7013 6.17776 5.6
      vertex 16.3119 7.57886 5.6
      vertex 15.7624 7.68636 5.6
    endloop
  endfacet
  facet normal 0 0 1
    outer loop
      vertex 16.3119 7.57886 5.6
      vertex 15.7013 6.17776 5.6
      vertex 15.918 6.08749 5.6
    endloop
  endfacet
  facet normal 0 0 1
    outer loop
      vertex 15.7624 7.68636 5.6
      vertex 15.4535 6.23193 5.6
      vertex 15.7013 6.17776 5.6
    endloop
  endfacet
  facet normal 0 0 1
    outer loop
      vertex 15.1607 7.7222 5.6
      vertex 15.4535 6.23193 5.6
      vertex 15.7624 7.68636 5.6
    endloop
  endfacet
  facet normal 0 0 1
    outer loop
      vertex 15.4535 6.23193 5.6
      vertex 15.1607 7.7222 5.6
      vertex 15.1746 6.25 5.6
    endloop
  endfacet
  facet normal 0 0 1
    outer loop
      vertex 15.1607 7.7222 5.6
      vertex 14.9438 6.23444 5.6
      vertex 15.1746 6.25 5.6
    endloop
  endfacet
  facet normal -0 0 1
    outer loop
      vertex 14.7435 7.70441 5.6
      vertex 14.9438 6.23444 5.6
      vertex 15.1607 7.7222 5.6
    endloop
  endfacet
  facet normal 0 0 1
    outer loop
      vertex 14.7435 7.70441 5.6
      vertex 14.7291 6.18777 5.6
      vertex 14.9438 6.23444 5.6
    endloop
  endfacet
  facet normal -0 0 1
    outer loop
      vertex 14.3474 7.65108 5.6
      vertex 14.7291 6.18777 5.6
      vertex 14.7435 7.70441 5.6
    endloop
  endfacet
  facet normal 0 0 1
    outer loop
      vertex 14.7291 6.18777 5.6
      vertex 14.3474 7.65108 5.6
      vertex 14.5305 6.10999 5.6
    endloop
  endfacet
  facet normal -0 0 1
    outer loop
      vertex 13.9724 7.56218 5.6
      vertex 14.5305 6.10999 5.6
      vertex 14.3474 7.65108 5.6
    endloop
  endfacet
  facet normal -0 0 1
    outer loop
      vertex 13.6185 7.43771 5.6
      vertex 14.5305 6.10999 5.6
      vertex 13.9724 7.56218 5.6
    endloop
  endfacet
  facet normal 0 0 1
    outer loop
      vertex 14.5305 6.10999 5.6
      vertex 13.6185 7.43771 5.6
      vertex 14.3479 6.0011 5.6
    endloop
  endfacet
  facet normal -0 0 1
    outer loop
      vertex 13.2857 7.27769 5.6
      vertex 14.3479 6.0011 5.6
      vertex 13.6185 7.43771 5.6
    endloop
  endfacet
  facet normal 0 0 1
    outer loop
      vertex 14.3479 6.0011 5.6
      vertex 13.2857 7.27769 5.6
      vertex 14.1815 5.8611 5.6
    endloop
  endfacet
  facet normal -0 0 1
    outer loop
      vertex 12.9777 7.08243 5.6
      vertex 14.1815 5.8611 5.6
      vertex 13.2857 7.27769 5.6
    endloop
  endfacet
  facet normal 0 0 1
    outer loop
      vertex 14.1815 5.8611 5.6
      vertex 12.9777 7.08243 5.6
      vertex 14.0363 5.68831 5.6
    endloop
  endfacet
  facet normal -0 0 1
    outer loop
      vertex 12.698 6.85216 5.6
      vertex 14.0363 5.68831 5.6
      vertex 12.9777 7.08243 5.6
    endloop
  endfacet
  facet normal 0 0 1
    outer loop
      vertex 14.0363 5.68831 5.6
      vertex 12.4466 6.58688 5.6
      vertex 13.9171 5.48109 5.6
    endloop
  endfacet
  facet normal -0 0 1
    outer loop
      vertex 12.4466 6.58688 5.6
      vertex 14.0363 5.68831 5.6
      vertex 12.698 6.85216 5.6
    endloop
  endfacet
  facet normal -0 0 1
    outer loop
      vertex 16.6191 4.65279 5.6
      vertex 18.5635 4.27779 5.6
      vertex 18.5269 4.90863 5.6
    endloop
  endfacet
  facet normal -0 0 1
    outer loop
      vertex 16.6002 4.92084 5.6
      vertex 18.5269 4.90863 5.6
      vertex 18.4169 5.47891 5.6
    endloop
  endfacet
  facet normal 0 0 1
    outer loop
      vertex 16.6002 4.92084 5.6
      vertex 18.4169 5.47891 5.6
      vertex 18.2335 5.98863 5.6
    endloop
  endfacet
  facet normal 0 0 1
    outer loop
      vertex 16.6002 4.92084 5.6
      vertex 18.2335 5.98863 5.6
      vertex 17.9769 6.43779 5.6
    endloop
  endfacet
  facet normal 0 0 1
    outer loop
      vertex 16.6002 4.92084 5.6
      vertex 17.9769 6.43779 5.6
      vertex 17.6468 6.82639 5.6
    endloop
  endfacet
  facet normal 0 0 1
    outer loop
      vertex 16.6002 4.92084 5.6
      vertex 17.6468 6.82639 5.6
      vertex 17.2541 7.14888 5.6
    endloop
  endfacet
  facet normal 0 0 1
    outer loop
      vertex 16.1035 5.96109 5.6
      vertex 17.2541 7.14888 5.6
      vertex 16.8091 7.3997 5.6
    endloop
  endfacet
  facet normal 0 0 1
    outer loop
      vertex 18.5635 4.27779 5.6
      vertex 16.6191 4.65279 5.6
      vertex 18.5635 3.27779 5.6
    endloop
  endfacet
  facet normal 0 0 1
    outer loop
      vertex 13.6746 3.27779 5.6
      vertex 16.6191 4.65279 5.6
      vertex 13.7163 4.65279 5.6
    endloop
  endfacet
  facet normal 0 0 1
    outer loop
      vertex 16.6191 4.65279 5.6
      vertex 13.6746 3.27779 5.6
      vertex 18.5635 3.27779 5.6
    endloop
  endfacet
  facet normal -0 0 1
    outer loop
      vertex 17.8791 1.88414 5.6
      vertex 18.133 0.402786 5.6
      vertex 18.133 2 5.6
    endloop
  endfacet
  facet normal -0 0 1
    outer loop
      vertex 17.6286 1.78108 5.6
      vertex 18.133 0.402786 5.6
      vertex 17.8791 1.88414 5.6
    endloop
  endfacet
  facet normal -0 0 1
    outer loop
      vertex 17.3813 1.6908 5.6
      vertex 18.133 0.402786 5.6
      vertex 17.6286 1.78108 5.6
    endloop
  endfacet
  facet normal 0 0 1
    outer loop
      vertex 18.133 0.402786 5.6
      vertex 17.3813 1.6908 5.6
      vertex 17.9083 0.297516 5.6
    endloop
  endfacet
  facet normal 0 0 1
    outer loop
      vertex 17.9083 0.297516 5.6
      vertex 17.3813 1.6908 5.6
      vertex 17.6786 0.203903 5.6
    endloop
  endfacet
  facet normal -0 0 1
    outer loop
      vertex 17.1374 1.61331 5.6
      vertex 17.6786 0.203903 5.6
      vertex 17.3813 1.6908 5.6
    endloop
  endfacet
  facet normal 0 0 1
    outer loop
      vertex 17.6786 0.203903 5.6
      vertex 17.1374 1.61331 5.6
      vertex 17.4438 0.121964 5.6
    endloop
  endfacet
  facet normal -0 0 1
    outer loop
      vertex 16.8968 1.5486 5.6
      vertex 17.4438 0.121964 5.6
      vertex 17.1374 1.61331 5.6
    endloop
  endfacet
  facet normal 0 0 1
    outer loop
      vertex 17.4438 0.121964 5.6
      vertex 16.8968 1.5486 5.6
      vertex 17.2041 0.0516815 5.6
    endloop
  endfacet
  facet normal -0 0 1
    outer loop
      vertex 16.6524 1.49611 5.6
      vertex 17.2041 0.0516815 5.6
      vertex 16.8968 1.5486 5.6
    endloop
  endfacet
  facet normal 0 0 1
    outer loop
      vertex 17.2041 0.0516815 5.6
      vertex 16.6524 1.49611 5.6
      vertex 16.9593 -0.00689697 5.6
    endloop
  endfacet
  facet normal 0 0 1
    outer loop
      vertex 16.9593 -0.00689697 5.6
      vertex 16.6524 1.49611 5.6
      vertex 16.7019 -0.0544128 5.6
    endloop
  endfacet
  facet normal -0 0 1
    outer loop
      vertex 16.3969 1.45528 5.6
      vertex 16.7019 -0.0544128 5.6
      vertex 16.6524 1.49611 5.6
    endloop
  endfacet
  facet normal 0 0 1
    outer loop
      vertex 16.7019 -0.0544128 5.6
      vertex 16.3969 1.45528 5.6
      vertex 16.4238 -0.0913696 5.6
    endloop
  endfacet
  facet normal -0 0 1
    outer loop
      vertex 16.1302 1.42612 5.6
      vertex 16.4238 -0.0913696 5.6
      vertex 16.3969 1.45528 5.6
    endloop
  endfacet
  facet normal 0 0 1
    outer loop
      vertex 16.1302 1.42612 5.6
      vertex 16.1252 -0.117767 5.6
      vertex 16.4238 -0.0913696 5.6
    endloop
  endfacet
  facet normal -0 0 1
    outer loop
      vertex 15.8524 1.40863 5.6
      vertex 16.1252 -0.117767 5.6
      vertex 16.1302 1.42612 5.6
    endloop
  endfacet
  facet normal 0 0 1
    outer loop
      vertex 15.8524 1.40863 5.6
      vertex 15.8061 -0.133606 5.6
      vertex 16.1252 -0.117767 5.6
    endloop
  endfacet
  facet normal -0 0 1
    outer loop
      vertex 15.5635 1.40279 5.6
      vertex 15.8061 -0.133606 5.6
      vertex 15.8524 1.40863 5.6
    endloop
  endfacet
  facet normal 0 0 1
    outer loop
      vertex 15.5635 1.40279 5.6
      vertex 15.4663 -0.138885 5.6
      vertex 15.8061 -0.133606 5.6
    endloop
  endfacet
  facet normal 0 0 1
    outer loop
      vertex 15.2288 1.42279 5.6
      vertex 15.4663 -0.138885 5.6
      vertex 15.5635 1.40279 5.6
    endloop
  endfacet
  facet normal 0 0 1
    outer loop
      vertex 15.2288 1.42279 5.6
      vertex 15.0213 -0.121948 5.6
      vertex 15.4663 -0.138885 5.6
    endloop
  endfacet
  facet normal 0 0 1
    outer loop
      vertex 14.9246 1.48279 5.6
      vertex 15.0213 -0.121948 5.6
      vertex 15.2288 1.42279 5.6
    endloop
  endfacet
  facet normal 0 0 1
    outer loop
      vertex 14.1947 0.0135956 5.6
      vertex 14.9246 1.48279 5.6
      vertex 14.651 1.58279 5.6
    endloop
  endfacet
  facet normal 0 0 1
    outer loop
      vertex 14.9246 1.48279 5.6
      vertex 14.5974 -0.0711212 5.6
      vertex 15.0213 -0.121948 5.6
    endloop
  endfacet
  facet normal 0 0 1
    outer loop
      vertex 13.813 0.132202 5.6
      vertex 14.651 1.58279 5.6
      vertex 14.4079 1.72279 5.6
    endloop
  endfacet
  facet normal 0 0 1
    outer loop
      vertex 13.4524 0.284698 5.6
      vertex 14.4079 1.72279 5.6
      vertex 14.1954 1.90279 5.6
    endloop
  endfacet
  facet normal 0 0 1
    outer loop
      vertex 14.9246 1.48279 5.6
      vertex 14.1947 0.0135956 5.6
      vertex 14.5974 -0.0711212 5.6
    endloop
  endfacet
  facet normal 0 0 1
    outer loop
      vertex 12.8124 0.693573 5.6
      vertex 14.1954 1.90279 5.6
      vertex 14.0168 2.1178 5.6
    endloop
  endfacet
  facet normal 0 0 1
    outer loop
      vertex 12.2924 1.24245 5.6
      vertex 14.0168 2.1178 5.6
      vertex 13.8755 2.36279 5.6
    endloop
  endfacet
  facet normal 0 0 1
    outer loop
      vertex 14.651 1.58279 5.6
      vertex 13.813 0.132202 5.6
      vertex 14.1947 0.0135956 5.6
    endloop
  endfacet
  facet normal 0 0 1
    outer loop
      vertex 12.0774 1.5694 5.6
      vertex 13.8755 2.36279 5.6
      vertex 13.7713 2.63779 5.6
    endloop
  endfacet
  facet normal 0 0 1
    outer loop
      vertex 11.7574 2.32944 5.6
      vertex 13.7713 2.63779 5.6
      vertex 13.7044 2.94279 5.6
    endloop
  endfacet
  facet normal 0 0 1
    outer loop
      vertex 11.6574 2.76279 5.6
      vertex 13.7044 2.94279 5.6
      vertex 13.6746 3.27779 5.6
    endloop
  endfacet
  facet normal 0 0 1
    outer loop
      vertex 14.4079 1.72279 5.6
      vertex 13.4524 0.284698 5.6
      vertex 13.813 0.132202 5.6
    endloop
  endfacet
  facet normal -0 0 1
    outer loop
      vertex 12.2236 6.28659 5.6
      vertex 13.9171 5.48109 5.6
      vertex 12.4466 6.58688 5.6
    endloop
  endfacet
  facet normal 0 0 1
    outer loop
      vertex 13.9171 5.48109 5.6
      vertex 12.2236 6.28659 5.6
      vertex 13.8241 5.23943 5.6
    endloop
  endfacet
  facet normal -0 0 1
    outer loop
      vertex 11.5774 3.7361 5.6
      vertex 13.6746 3.27779 5.6
      vertex 11.5955 4.25136 5.6
    endloop
  endfacet
  facet normal -0 0 1
    outer loop
      vertex 12.0288 5.95129 5.6
      vertex 13.8241 5.23943 5.6
      vertex 12.2236 6.28659 5.6
    endloop
  endfacet
  facet normal 0 -0 1
    outer loop
      vertex 11.5974 3.23166 5.6
      vertex 13.6746 3.27779 5.6
      vertex 11.5774 3.7361 5.6
    endloop
  endfacet
  facet normal -0 0 1
    outer loop
      vertex 11.8663 5.58047 5.6
      vertex 13.8241 5.23943 5.6
      vertex 12.0288 5.95129 5.6
    endloop
  endfacet
  facet normal 0 -0 1
    outer loop
      vertex 11.6574 2.76279 5.6
      vertex 13.6746 3.27779 5.6
      vertex 11.5974 3.23166 5.6
    endloop
  endfacet
  facet normal 0 0 1
    outer loop
      vertex 13.8241 5.23943 5.6
      vertex 11.8663 5.58047 5.6
      vertex 13.7572 4.96333 5.6
    endloop
  endfacet
  facet normal 0 0 1
    outer loop
      vertex 13.7044 2.94279 5.6
      vertex 11.6574 2.76279 5.6
      vertex 11.7574 2.32944 5.6
    endloop
  endfacet
  facet normal -0 0 1
    outer loop
      vertex 11.7399 5.17355 5.6
      vertex 13.7572 4.96333 5.6
      vertex 11.8663 5.58047 5.6
    endloop
  endfacet
  facet normal 0 0 1
    outer loop
      vertex 13.7713 2.63779 5.6
      vertex 11.7574 2.32944 5.6
      vertex 11.8974 1.93164 5.6
    endloop
  endfacet
  facet normal 0 0 1
    outer loop
      vertex 13.7572 4.96333 5.6
      vertex 11.7399 5.17355 5.6
      vertex 13.7163 4.65279 5.6
    endloop
  endfacet
  facet normal 0 0 1
    outer loop
      vertex 14.1954 1.90279 5.6
      vertex 13.1174 0.471634 5.6
      vertex 13.4524 0.284698 5.6
    endloop
  endfacet
  facet normal -0 0 1
    outer loop
      vertex 11.6497 4.73051 5.6
      vertex 13.7163 4.65279 5.6
      vertex 11.7399 5.17355 5.6
    endloop
  endfacet
  facet normal 0 0 1
    outer loop
      vertex 14.1954 1.90279 5.6
      vertex 12.8124 0.693573 5.6
      vertex 13.1174 0.471634 5.6
    endloop
  endfacet
  facet normal 0 0 1
    outer loop
      vertex 11.5955 4.25136 5.6
      vertex 13.7163 4.65279 5.6
      vertex 11.6497 4.73051 5.6
    endloop
  endfacet
  facet normal 0 0 1
    outer loop
      vertex 13.7163 4.65279 5.6
      vertex 11.5955 4.25136 5.6
      vertex 13.6746 3.27779 5.6
    endloop
  endfacet
  facet normal 0 0 1
    outer loop
      vertex 14.0168 2.1178 5.6
      vertex 12.5374 0.950516 5.6
      vertex 12.8124 0.693573 5.6
    endloop
  endfacet
  facet normal 0 0 1
    outer loop
      vertex 13.7713 2.63779 5.6
      vertex 11.8974 1.93164 5.6
      vertex 12.0774 1.5694 5.6
    endloop
  endfacet
  facet normal 0 0 1
    outer loop
      vertex 14.0168 2.1178 5.6
      vertex 12.2924 1.24245 5.6
      vertex 12.5374 0.950516 5.6
    endloop
  endfacet
  facet normal 0 0 1
    outer loop
      vertex 13.8755 2.36279 5.6
      vertex 12.0774 1.5694 5.6
      vertex 12.2924 1.24245 5.6
    endloop
  endfacet
  facet normal -0.623181 0.782078 0
    outer loop
      vertex 5.69595 2.3611 5.6
      vertex 6.58485 3.0694 12.2765
      vertex 6.58485 3.0694 5.6
    endloop
  endfacet
  facet normal -0.623181 0.782078 0
    outer loop
      vertex 6.58485 3.0694 12.2765
      vertex 5.69595 2.3611 5.6
      vertex 5.69595 2.3611 12.3387
    endloop
  endfacet
  facet normal 0.815228 0.579141 0
    outer loop
      vertex 7.94761 1.15111 12.259
      vertex 6.58485 3.0694 5.6
      vertex 6.58485 3.0694 12.2765
    endloop
  endfacet
  facet normal 0.815249 0.57911 6.40948e-06
    outer loop
      vertex 8.76535 0 5.6
      vertex 7.94761 1.15111 12.259
      vertex 7.98832 1.0938 12.258
    endloop
  endfacet
  facet normal 0.815282 0.579065 1.75959e-05
    outer loop
      vertex 8.76535 0 5.6
      vertex 7.98832 1.0938 12.258
      vertex 8.02894 1.03661 12.2568
    endloop
  endfacet
  facet normal 0.81519 0.579193 -1.24564e-05
    outer loop
      vertex 8.76535 0 5.6
      vertex 8.02894 1.03661 12.2568
      vertex 8.06996 0.978876 12.2552
    endloop
  endfacet
  facet normal 0.815245 0.579116 4.4889e-06
    outer loop
      vertex 8.76535 0 5.6
      vertex 8.06996 0.978876 12.2552
      vertex 8.10821 0.92503 12.2533
    endloop
  endfacet
  facet normal 0.815261 0.579094 9.19472e-06
    outer loop
      vertex 8.76535 0 5.6
      vertex 8.10821 0.92503 12.2533
      vertex 8.14785 0.869224 12.2512
    endloop
  endfacet
  facet normal 0.815222 0.579149 -1.57398e-06
    outer loop
      vertex 8.76535 0 5.6
      vertex 8.14785 0.869224 12.2512
      vertex 8.18459 0.817508 12.2486
    endloop
  endfacet
  facet normal 0.81516 0.579235 -1.75674e-05
    outer loop
      vertex 8.76535 0 5.6
      vertex 8.18459 0.817508 12.2486
      vertex 8.21894 0.769167 12.246
    endloop
  endfacet
  facet normal 0.815309 0.579026 1.87897e-05
    outer loop
      vertex 8.76535 0 5.6
      vertex 8.21894 0.769167 12.246
      vertex 8.2513 0.723602 12.2431
    endloop
  endfacet
  facet normal 0.815227 0.579141 -0
    outer loop
      vertex 8.76535 0 5.6
      vertex 8.2513 0.723602 12.2431
      vertex 8.76535 0 12.1886
    endloop
  endfacet
  facet normal 0.815229 0.579138 -9.65194e-07
    outer loop
      vertex 7.94761 1.15111 12.259
      vertex 8.76535 0 5.6
      vertex 6.58485 3.0694 5.6
    endloop
  endfacet
  facet normal 0 1 0
    outer loop
      vertex 8.76535 0 5.6
      vertex 11.1543 0 12.0127
      vertex 11.1543 0 5.6
    endloop
  endfacet
  facet normal 0 1 0
    outer loop
      vertex 11.1543 0 12.0127
      vertex 8.76535 0 5.6
      vertex 8.76535 0 12.1886
    endloop
  endfacet
  facet normal -0.802181 -0.597081 0
    outer loop
      vertex 7.95985 4.29169 5.6
      vertex 9.67279 1.99035 12.1522
      vertex 7.95985 4.29169 12.1771
    endloop
  endfacet
  facet normal -0.802176 -0.597087 -3.0836e-06
    outer loop
      vertex 11.1543 0 5.6
      vertex 9.67279 1.99035 12.1522
      vertex 7.95985 4.29169 5.6
    endloop
  endfacet
  facet normal -0.802228 -0.597018 -3.5798e-05
    outer loop
      vertex 9.67279 1.99035 12.1522
      vertex 11.1543 0 5.6
      vertex 9.70872 1.94207 12.1512
    endloop
  endfacet
  facet normal -0.802171 -0.597094 -6.1149e-07
    outer loop
      vertex 9.70872 1.94207 12.1512
      vertex 11.1543 0 5.6
      vertex 9.75481 1.88015 12.1499
    endloop
  endfacet
  facet normal -0.802134 -0.597145 2.18845e-05
    outer loop
      vertex 9.75481 1.88015 12.1499
      vertex 11.1543 0 5.6
      vertex 9.79099 1.83155 12.1485
    endloop
  endfacet
  facet normal -0.802225 -0.597022 -3.12257e-05
    outer loop
      vertex 9.79099 1.83155 12.1485
      vertex 11.1543 0 5.6
      vertex 9.83437 1.77326 12.1463
    endloop
  endfacet
  facet normal -0.802128 -0.597152 2.33845e-05
    outer loop
      vertex 9.83437 1.77326 12.1463
      vertex 11.1543 0 5.6
      vertex 9.8693 1.72634 12.1444
    endloop
  endfacet
  facet normal -0.802209 -0.597043 -2.12649e-05
    outer loop
      vertex 9.8693 1.72634 12.1444
      vertex 11.1543 0 5.6
      vertex 9.90166 1.68286 12.1421
    endloop
  endfacet
  facet normal -0.80213 -0.597149 2.1156e-05
    outer loop
      vertex 9.90166 1.68286 12.1421
      vertex 11.1543 0 5.6
      vertex 9.94058 1.63058 12.1392
    endloop
  endfacet
  facet normal -0.80226 -0.596974 -4.66925e-05
    outer loop
      vertex 9.94058 1.63058 12.1392
      vertex 11.1543 0 5.6
      vertex 9.96905 1.59232 12.1366
    endloop
  endfacet
  facet normal -0.802169 -0.597098 0
    outer loop
      vertex 9.96905 1.59232 12.1366
      vertex 11.1543 0 5.6
      vertex 11.1543 0 12.0127
    endloop
  endfacet
  facet normal -0.737529 0.675316 0
    outer loop
      vertex 7.95985 4.29169 5.6
      vertex 10.9738 7.5833 11.9433
      vertex 10.9738 7.5833 5.6
    endloop
  endfacet
  facet normal -0.737529 0.675316 0
    outer loop
      vertex 10.9738 7.5833 11.9433
      vertex 7.95985 4.29169 5.6
      vertex 7.95985 4.29169 12.1771
    endloop
  endfacet
  facet normal 0 -1 0
    outer loop
      vertex 8.64035 7.5833 5.6
      vertex 10.9738 7.5833 11.9433
      vertex 8.64035 7.5833 12.0583
    endloop
  endfacet
  facet normal 0 -1 -0
    outer loop
      vertex 10.9738 7.5833 11.9433
      vertex 8.64035 7.5833 5.6
      vertex 10.9738 7.5833 5.6
    endloop
  endfacet
  facet normal 0.735306 -0.677735 0
    outer loop
      vertex 6.51535 5.27779 5.6
      vertex 8.64035 7.5833 12.0583
      vertex 6.51535 5.27779 12.2228
    endloop
  endfacet
  facet normal 0.735306 -0.677735 0
    outer loop
      vertex 8.64035 7.5833 12.0583
      vertex 6.51535 5.27779 5.6
      vertex 8.64035 7.5833 5.6
    endloop
  endfacet
  facet normal 0.734266 -0.678862 0
    outer loop
      vertex 6.41647 5.17084 5.6
      vertex 6.51535 5.27779 12.2228
      vertex 6.41647 5.17084 12.2304
    endloop
  endfacet
  facet normal 0.734266 -0.678862 0
    outer loop
      vertex 6.51535 5.27779 12.2228
      vertex 6.41647 5.17084 5.6
      vertex 6.51535 5.27779 5.6
    endloop
  endfacet
  facet normal 0.750323 -0.661072 0
    outer loop
      vertex 6.31981 5.06113 5.6
      vertex 6.41647 5.17084 12.2304
      vertex 6.31981 5.06113 12.238
    endloop
  endfacet
  facet normal 0.750323 -0.661072 0
    outer loop
      vertex 6.41647 5.17084 12.2304
      vertex 6.31981 5.06113 5.6
      vertex 6.41647 5.17084 5.6
    endloop
  endfacet
  facet normal 0.765901 -0.642959 0
    outer loop
      vertex 6.22536 4.94862 5.6
      vertex 6.31981 5.06113 12.238
      vertex 6.22536 4.94862 12.2456
    endloop
  endfacet
  facet normal 0.765901 -0.642959 0
    outer loop
      vertex 6.31981 5.06113 12.238
      vertex 6.22536 4.94862 5.6
      vertex 6.31981 5.06113 5.6
    endloop
  endfacet
  facet normal 0.780915 -0.624637 0
    outer loop
      vertex 6.13315 4.83334 5.6
      vertex 6.22536 4.94862 12.2456
      vertex 6.13315 4.83334 12.2531
    endloop
  endfacet
  facet normal 0.780915 -0.624637 0
    outer loop
      vertex 6.22536 4.94862 12.2456
      vertex 6.13315 4.83334 5.6
      vertex 6.22536 4.94862 5.6
    endloop
  endfacet
  facet normal 0.795246 -0.606287 0
    outer loop
      vertex 6.04315 4.71529 5.6
      vertex 6.13315 4.83334 12.2531
      vertex 6.04315 4.71529 12.2606
    endloop
  endfacet
  facet normal 0.795246 -0.606287 0
    outer loop
      vertex 6.13315 4.83334 12.2531
      vertex 6.04315 4.71529 5.6
      vertex 6.13315 4.83334 5.6
    endloop
  endfacet
  facet normal 0.803385 -0.59546 0
    outer loop
      vertex 5.95483 4.59613 5.6
      vertex 6.04315 4.71529 12.2606
      vertex 5.95483 4.59613 12.2681
    endloop
  endfacet
  facet normal 0.803385 -0.59546 0
    outer loop
      vertex 6.04315 4.71529 12.2606
      vertex 5.95483 4.59613 5.6
      vertex 6.04315 4.71529 5.6
    endloop
  endfacet
  facet normal 0.805597 -0.592464 0
    outer loop
      vertex 5.8676 4.47752 5.6
      vertex 5.95483 4.59613 12.2681
      vertex 5.8676 4.47752 12.2755
    endloop
  endfacet
  facet normal 0.805597 -0.592464 0
    outer loop
      vertex 5.95483 4.59613 12.2681
      vertex 5.8676 4.47752 5.6
      vertex 5.95483 4.59613 5.6
    endloop
  endfacet
  facet normal 0.807919 -0.589294 0
    outer loop
      vertex 5.78148 4.35945 5.6
      vertex 5.8676 4.47752 12.2755
      vertex 5.78148 4.35945 12.2828
    endloop
  endfacet
  facet normal 0.807919 -0.589294 0
    outer loop
      vertex 5.8676 4.47752 12.2755
      vertex 5.78148 4.35945 5.6
      vertex 5.8676 4.47752 5.6
    endloop
  endfacet
  facet normal 0.810215 -0.586132 0
    outer loop
      vertex 5.69647 4.24194 5.6
      vertex 5.78148 4.35945 12.2828
      vertex 5.69647 4.24194 12.29
    endloop
  endfacet
  facet normal 0.810215 -0.586132 0
    outer loop
      vertex 5.78148 4.35945 12.2828
      vertex 5.69647 4.24194 5.6
      vertex 5.78148 4.35945 5.6
    endloop
  endfacet
  facet normal 0.812445 -0.583037 0
    outer loop
      vertex 5.61255 4.125 5.6
      vertex 5.69647 4.24194 12.29
      vertex 5.61255 4.125 12.2972
    endloop
  endfacet
  facet normal 0.812445 -0.583037 0
    outer loop
      vertex 5.69647 4.24194 12.29
      vertex 5.61255 4.125 5.6
      vertex 5.69647 4.24194 5.6
    endloop
  endfacet
  facet normal 0 -1 0
    outer loop
      vertex 5.58485 4.125 5.6
      vertex 5.61255 4.125 12.2972
      vertex 5.58485 4.125 12.2985
    endloop
  endfacet
  facet normal 0 -1 -0
    outer loop
      vertex 5.61255 4.125 12.2972
      vertex 5.58485 4.125 5.6
      vertex 5.61255 4.125 5.6
    endloop
  endfacet
  facet normal -0.995493 0.0948309 0
    outer loop
      vertex 5.58485 4.125 5.6
      vertex 5.60123 4.29695 12.2933
      vertex 5.60123 4.29695 5.6
    endloop
  endfacet
  facet normal -0.995493 0.0948309 0
    outer loop
      vertex 5.60123 4.29695 12.2933
      vertex 5.58485 4.125 5.6
      vertex 5.58485 4.125 12.2985
    endloop
  endfacet
  facet normal -0.995778 0.0917928 0
    outer loop
      vertex 5.60123 4.29695 5.6
      vertex 5.61703 4.46835 12.288
      vertex 5.61703 4.46835 5.6
    endloop
  endfacet
  facet normal -0.995778 0.0917928 0
    outer loop
      vertex 5.61703 4.46835 12.288
      vertex 5.60123 4.29695 5.6
      vertex 5.60123 4.29695 12.2933
    endloop
  endfacet
  facet normal -0.996034 0.0889691 0
    outer loop
      vertex 5.61703 4.46835 5.6
      vertex 5.63229 4.63919 12.2829
      vertex 5.63229 4.63919 5.6
    endloop
  endfacet
  facet normal -0.996034 0.0889691 0
    outer loop
      vertex 5.63229 4.63919 12.2829
      vertex 5.61703 4.46835 5.6
      vertex 5.61703 4.46835 12.288
    endloop
  endfacet
  facet normal -0.99629 0.0860616 0
    outer loop
      vertex 5.63229 4.63919 5.6
      vertex 5.647 4.80948 12.2777
      vertex 5.647 4.80948 5.6
    endloop
  endfacet
  facet normal -0.99629 0.0860616 0
    outer loop
      vertex 5.647 4.80948 12.2777
      vertex 5.63229 4.63919 5.6
      vertex 5.63229 4.63919 12.2829
    endloop
  endfacet
  facet normal -0.996537 0.0831475 0
    outer loop
      vertex 5.647 4.80948 5.6
      vertex 5.66116 4.97919 12.2726
      vertex 5.66116 4.97919 5.6
    endloop
  endfacet
  facet normal -0.996537 0.0831475 0
    outer loop
      vertex 5.66116 4.97919 12.2726
      vertex 5.647 4.80948 5.6
      vertex 5.647 4.80948 12.2777
    endloop
  endfacet
  facet normal -0.997286 0.0736271 0
    outer loop
      vertex 5.66116 4.97919 5.6
      vertex 5.67369 5.14891 12.2676
      vertex 5.67369 5.14891 5.6
    endloop
  endfacet
  facet normal -0.997286 0.0736271 0
    outer loop
      vertex 5.67369 5.14891 12.2676
      vertex 5.66116 4.97919 5.6
      vertex 5.66116 4.97919 12.2726
    endloop
  endfacet
  facet normal -0.998368 0.0571099 0
    outer loop
      vertex 5.67369 5.14891 5.6
      vertex 5.68343 5.31918 12.2628
      vertex 5.68343 5.31918 5.6
    endloop
  endfacet
  facet normal -0.998368 0.0571099 0
    outer loop
      vertex 5.68343 5.31918 12.2628
      vertex 5.67369 5.14891 5.6
      vertex 5.67369 5.14891 12.2676
    endloop
  endfacet
  facet normal -0.999173 0.0406548 0
    outer loop
      vertex 5.68343 5.31918 5.6
      vertex 5.69038 5.48999 12.258
      vertex 5.69038 5.48999 5.6
    endloop
  endfacet
  facet normal -0.999173 0.0406548 0
    outer loop
      vertex 5.69038 5.48999 12.258
      vertex 5.68343 5.31918 5.6
      vertex 5.68343 5.31918 12.2628
    endloop
  endfacet
  facet normal -0.999703 0.0243844 0
    outer loop
      vertex 5.69038 5.48999 5.6
      vertex 5.69456 5.66136 12.2533
      vertex 5.69456 5.66136 5.6
    endloop
  endfacet
  facet normal -0.999703 0.0243844 0
    outer loop
      vertex 5.69456 5.66136 12.2533
      vertex 5.69038 5.48999 5.6
      vertex 5.69038 5.48999 12.258
    endloop
  endfacet
  facet normal -0.999967 0.00808395 0
    outer loop
      vertex 5.69456 5.66136 5.6
      vertex 5.69595 5.8333 12.2488
      vertex 5.69595 5.8333 5.6
    endloop
  endfacet
  facet normal -0.999967 0.00808395 0
    outer loop
      vertex 5.69595 5.8333 12.2488
      vertex 5.69456 5.66136 5.6
      vertex 5.69456 5.66136 12.2533
    endloop
  endfacet
  facet normal -1 0 0
    outer loop
      vertex 5.69595 10.5556 5.6
      vertex 5.69595 10.4158 11.9188
      vertex 5.69595 10.5556 11.8646
    endloop
  endfacet
  facet normal -1 0 0
    outer loop
      vertex 5.69595 10.5556 5.6
      vertex 5.69595 10.3944 11.9267
      vertex 5.69595 10.4158 11.9188
    endloop
  endfacet
  facet normal -1 0 0
    outer loop
      vertex 5.69595 9.29223 12.1593
      vertex 5.69595 10.3944 11.9267
      vertex 5.69595 10.5556 5.6
    endloop
  endfacet
  facet normal -1 0 0
    outer loop
      vertex 5.69595 10.3944 11.9267
      vertex 5.69595 9.49387 12.1474
      vertex 5.69595 10.064 12.0471
    endloop
  endfacet
  facet normal -1 0 0
    outer loop
      vertex 5.69595 10.064 12.0471
      vertex 5.69595 9.49387 12.1474
      vertex 5.69595 10.0585 12.0487
    endloop
  endfacet
  facet normal -1 0 0
    outer loop
      vertex 5.69595 10.3944 11.9267
      vertex 5.69595 9.31847 12.1586
      vertex 5.69595 9.49387 12.1474
    endloop
  endfacet
  facet normal -1 -0 -0
    outer loop
      vertex 5.69595 9.36322 12.1573
      vertex 5.69595 9.49387 12.1474
      vertex 5.69595 9.31847 12.1586
    endloop
  endfacet
  facet normal -1 0 0
    outer loop
      vertex 5.69595 9.49387 12.1474
      vertex 5.69595 9.43826 12.1535
      vertex 5.69595 9.47646 12.15
    endloop
  endfacet
  facet normal -1 0 0
    outer loop
      vertex 5.69595 9.47646 12.15
      vertex 5.69595 9.43826 12.1535
      vertex 5.69595 9.46604 12.1512
    endloop
  endfacet
  facet normal -1 0 0
    outer loop
      vertex 5.69595 9.43826 12.1535
      vertex 5.69595 9.38492 12.1564
      vertex 5.69595 9.42191 12.1546
    endloop
  endfacet
  facet normal -1 -0 -0
    outer loop
      vertex 5.69595 9.43826 12.1535
      vertex 5.69595 9.49387 12.1474
      vertex 5.69595 9.38492 12.1564
    endloop
  endfacet
  facet normal -1 -0 -0
    outer loop
      vertex 5.69595 9.38492 12.1564
      vertex 5.69595 9.49387 12.1474
      vertex 5.69595 9.36322 12.1573
    endloop
  endfacet
  facet normal -1 0 0
    outer loop
      vertex 5.69595 10.3944 11.9267
      vertex 5.69595 9.29223 12.1593
      vertex 5.69595 9.31847 12.1586
    endloop
  endfacet
  facet normal -1 0 0
    outer loop
      vertex 5.69595 5.8333 5.6
      vertex 5.69595 9.29223 12.1593
      vertex 5.69595 10.5556 5.6
    endloop
  endfacet
  facet normal -1 -0 0
    outer loop
      vertex 5.69595 9.29223 12.1593
      vertex 5.69595 5.8333 5.6
      vertex 5.69595 5.8333 12.2488
    endloop
  endfacet
  facet normal 0 -1 0
    outer loop
      vertex 3.62645 10.5556 5.6
      vertex 4.64775 10.5556 11.9723
      vertex 3.62645 10.5556 12.074
    endloop
  endfacet
  facet normal 0 -1 -0
    outer loop
      vertex 4.64775 10.5556 11.9723
      vertex 3.62645 10.5556 5.6
      vertex 4.77755 10.5556 11.9593
    endloop
  endfacet
  facet normal 0 -1 0
    outer loop
      vertex 5.69595 10.5556 5.6
      vertex 4.77755 10.5556 11.9593
      vertex 3.62645 10.5556 5.6
    endloop
  endfacet
  facet normal 0 -1 0
    outer loop
      vertex 4.77755 10.5556 11.9593
      vertex 5.69595 10.5556 5.6
      vertex 5.69595 10.5556 11.8646
    endloop
  endfacet
  facet normal 1 0 0
    outer loop
      vertex 3.62645 9.84704 12.2407
      vertex 3.62645 10.5556 12.074
      vertex 3.62645 10.3337 12.1549
    endloop
  endfacet
  facet normal 1 0 0
    outer loop
      vertex 3.62645 9.84704 12.2407
      vertex 3.62645 10.3337 12.1549
      vertex 3.62645 10.3274 12.1568
    endloop
  endfacet
  facet normal 1 0 0
    outer loop
      vertex 3.62645 10.5556 12.074
      vertex 3.62645 9.84704 12.2407
      vertex 3.62645 9.68346 12.2512
    endloop
  endfacet
  facet normal 1 0 0
    outer loop
      vertex 3.62645 9.79662 12.2462
      vertex 3.62645 9.84704 12.2407
      vertex 3.62645 9.83222 12.2429
    endloop
  endfacet
  facet normal 1 0 0
    outer loop
      vertex 3.62645 9.79662 12.2462
      vertex 3.62645 9.83222 12.2429
      vertex 3.62645 9.82024 12.2444
    endloop
  endfacet
  facet normal 1 0 0
    outer loop
      vertex 3.62645 9.84704 12.2407
      vertex 3.62645 9.79662 12.2462
      vertex 3.62645 9.74639 12.2491
    endloop
  endfacet
  facet normal 1 0 0
    outer loop
      vertex 3.62645 9.74639 12.2491
      vertex 3.62645 9.79662 12.2462
      vertex 3.62645 9.77782 12.2475
    endloop
  endfacet
  facet normal 1 0 0
    outer loop
      vertex 3.62645 9.84704 12.2407
      vertex 3.62645 9.74639 12.2491
      vertex 3.62645 9.72147 12.2501
    endloop
  endfacet
  facet normal 1 0 0
    outer loop
      vertex 3.62645 9.84704 12.2407
      vertex 3.62645 9.72147 12.2501
      vertex 3.62645 9.68346 12.2512
    endloop
  endfacet
  facet normal 1 0 0
    outer loop
      vertex 3.62645 10.5556 12.074
      vertex 3.62645 9.68346 12.2512
      vertex 3.62645 9.65334 12.252
    endloop
  endfacet
  facet normal 1 0 0
    outer loop
      vertex 3.62645 10.5556 12.074
      vertex 3.62645 9.65334 12.252
      vertex 3.62645 10.5556 5.6
    endloop
  endfacet
  facet normal 1 0 0
    outer loop
      vertex 3.62645 0 5.6
      vertex 3.62645 9.65334 12.252
      vertex 3.62645 0 12.5018
    endloop
  endfacet
  facet normal 1 0 0
    outer loop
      vertex 3.62645 9.65334 12.252
      vertex 3.62645 0 5.6
      vertex 3.62645 10.5556 5.6
    endloop
  endfacet
  facet normal 0 1 -0
    outer loop
      vertex 5.69595 0 5.6
      vertex 5.58135 0 12.4054
      vertex 5.69595 0 12.3994
    endloop
  endfacet
  facet normal 0 1 0
    outer loop
      vertex 5.58135 0 12.4054
      vertex 5.69595 0 5.6
      vertex 3.62645 0 5.6
    endloop
  endfacet
  facet normal 0 1 0
    outer loop
      vertex 5.58135 0 12.4054
      vertex 3.62645 0 5.6
      vertex 3.62645 0 12.5018
    endloop
  endfacet
  facet normal -1 0 0
    outer loop
      vertex 5.69595 0 5.6
      vertex 5.69595 2.3611 12.3387
      vertex 5.69595 2.3611 5.6
    endloop
  endfacet
  facet normal -1 -0 0
    outer loop
      vertex 5.69595 2.3611 12.3387
      vertex 5.69595 0 5.6
      vertex 5.69595 0.0557512 12.3983
    endloop
  endfacet
  facet normal -1 -0 0
    outer loop
      vertex 5.69595 0.0557512 12.3983
      vertex 5.69595 0 5.6
      vertex 5.69595 0 12.3994
    endloop
  endfacet
  facet normal -0.100646 0.994922 0
    outer loop
      vertex -2.35687 -0.127777 5.6
      vertex -2.02744 -0.0944519 12.7831
      vertex -2.02744 -0.0944519 5.6
    endloop
  endfacet
  facet normal -0.100646 0.994922 0
    outer loop
      vertex -2.02744 -0.0944519 12.7831
      vertex -2.35687 -0.127777 5.6
      vertex -2.35687 -0.127777 12.8002
    endloop
  endfacet
  facet normal -0.183801 0.982963 0
    outer loop
      vertex -2.02744 -0.0944519 5.6
      vertex -1.73024 -0.0388794 12.767
      vertex -1.73024 -0.0388794 5.6
    endloop
  endfacet
  facet normal -0.183801 0.982963 0
    outer loop
      vertex -1.73024 -0.0388794 12.767
      vertex -2.02744 -0.0944519 5.6
      vertex -2.02744 -0.0944519 12.7831
    endloop
  endfacet
  facet normal -0.281588 0.959535 0
    outer loop
      vertex -1.73024 -0.0388794 5.6
      vertex -1.46527 0.0388794 12.7519
      vertex -1.46527 0.0388794 5.6
    endloop
  endfacet
  facet normal -0.281588 0.959535 0
    outer loop
      vertex -1.46527 0.0388794 12.7519
      vertex -1.73024 -0.0388794 5.6
      vertex -1.73024 -0.0388794 12.767
    endloop
  endfacet
  facet normal -0.394757 0.918785 0
    outer loop
      vertex -1.46527 0.0388794 5.6
      vertex -1.23251 0.138885 12.7379
      vertex -1.23251 0.138885 5.6
    endloop
  endfacet
  facet normal -0.394757 0.918785 0
    outer loop
      vertex -1.23251 0.138885 12.7379
      vertex -1.46527 0.0388794 5.6
      vertex -1.46527 0.0388794 12.7519
    endloop
  endfacet
  facet normal -0.501957 0.864893 0
    outer loop
      vertex -1.23251 0.138885 5.6
      vertex -1.01805 0.263351 12.7241
      vertex -1.01805 0.263351 5.6
    endloop
  endfacet
  facet normal -0.501957 0.864893 0
    outer loop
      vertex -1.01805 0.263351 12.7241
      vertex -1.23251 0.138885 5.6
      vertex -1.23251 0.138885 12.7379
    endloop
  endfacet
  facet normal -0.58406 0.811711 0
    outer loop
      vertex -1.01805 0.263351 5.6
      vertex -0.808044 0.414459 12.7098
      vertex -0.808044 0.414459 5.6
    endloop
  endfacet
  facet normal -0.58406 0.811711 0
    outer loop
      vertex -0.808044 0.414459 12.7098
      vertex -1.01805 0.263351 5.6
      vertex -1.01805 0.263351 12.7241
    endloop
  endfacet
  facet normal -0.654165 0.756352 0
    outer loop
      vertex -0.808044 0.414459 5.6
      vertex -0.602493 0.592239 12.6951
      vertex -0.602493 0.592239 5.6
    endloop
  endfacet
  facet normal -0.654165 0.756352 0
    outer loop
      vertex -0.602493 0.592239 12.6951
      vertex -0.808044 0.414459 5.6
      vertex -0.808044 0.414459 12.7098
    endloop
  endfacet
  facet normal -0.712909 0.701256 0
    outer loop
      vertex -0.602493 0.592239 5.6
      vertex -0.401382 0.796692 12.6799
      vertex -0.401382 0.796692 5.6
    endloop
  endfacet
  facet normal -0.712909 0.701256 0
    outer loop
      vertex -0.401382 0.796692 12.6799
      vertex -0.602493 0.592239 5.6
      vertex -0.602493 0.592239 12.6951
    endloop
  endfacet
  facet normal -0.761554 0.648101 0
    outer loop
      vertex -0.401382 0.796692 5.6
      vertex -0.204712 1.02779 12.6642
      vertex -0.204712 1.02779 5.6
    endloop
  endfacet
  facet normal -0.761554 0.648101 0
    outer loop
      vertex -0.204712 1.02779 12.6642
      vertex -0.401382 0.796692 5.6
      vertex -0.401382 0.796692 12.6799
    endloop
  endfacet
  facet normal 0 1 0
    outer loop
      vertex -0.204712 1.02779 5.6
      vertex -0.149109 1.02779 12.6614
      vertex -0.149109 1.02779 5.6
    endloop
  endfacet
  facet normal 0 1 0
    outer loop
      vertex -0.149109 1.02779 12.6614
      vertex -0.204712 1.02779 5.6
      vertex -0.204712 1.02779 12.6642
    endloop
  endfacet
  facet normal 0.931056 0.364876 0
    outer loop
      vertex 0.253677 0 12.6682
      vertex -0.149109 1.02779 5.6
      vertex -0.149109 1.02779 12.6614
    endloop
  endfacet
  facet normal 0.931056 0.364876 0
    outer loop
      vertex -0.149109 1.02779 5.6
      vertex 0.253677 0 12.6682
      vertex 0.253677 0 5.6
    endloop
  endfacet
  facet normal 0 1 0
    outer loop
      vertex 0.253677 0 5.6
      vertex 1.69807 0 12.5969
      vertex 1.69807 0 5.6
    endloop
  endfacet
  facet normal 0 1 0
    outer loop
      vertex 1.69807 0 12.5969
      vertex 0.253677 0 5.6
      vertex 0.253677 0 12.6682
    endloop
  endfacet
  facet normal -1 0 0
    outer loop
      vertex 1.69807 0 5.6
      vertex 1.69807 5.05559 12.4661
      vertex 1.69807 5.05559 5.6
    endloop
  endfacet
  facet normal -1 -0 0
    outer loop
      vertex 1.69807 5.05559 12.4661
      vertex 1.69807 0 5.6
      vertex 1.69807 0 12.5969
    endloop
  endfacet
  facet normal -0.998025 -0.0628126 0
    outer loop
      vertex 1.69807 5.05559 5.6
      vertex 1.66557 5.57198 12.4544
      vertex 1.66557 5.57198 5.6
    endloop
  endfacet
  facet normal -0.998025 -0.0628126 0
    outer loop
      vertex 1.66557 5.57198 12.4544
      vertex 1.69807 5.05559 5.6
      vertex 1.69807 5.05559 12.4661
    endloop
  endfacet
  facet normal -0.978291 -0.207238 0
    outer loop
      vertex 1.66557 5.57198 5.6
      vertex 1.56807 6.03224 12.4473
      vertex 1.56807 6.03224 5.6
    endloop
  endfacet
  facet normal -0.978291 -0.207238 0
    outer loop
      vertex 1.56807 6.03224 12.4473
      vertex 1.66557 5.57198 5.6
      vertex 1.66557 5.57198 12.4544
    endloop
  endfacet
  facet normal -0.927821 -0.373025 0
    outer loop
      vertex 1.56807 6.03224 5.6
      vertex 1.40558 6.4364 12.4448
      vertex 1.40558 6.4364 5.6
    endloop
  endfacet
  facet normal -0.927821 -0.373025 0
    outer loop
      vertex 1.40558 6.4364 12.4448
      vertex 1.56807 6.03224 5.6
      vertex 1.56807 6.03224 12.4473
    endloop
  endfacet
  facet normal -0.837037 -0.547146 0
    outer loop
      vertex 1.40558 6.4364 5.6
      vertex 1.17807 6.78445 12.447
      vertex 1.17807 6.78445 5.6
    endloop
  endfacet
  facet normal -0.837037 -0.547146 0
    outer loop
      vertex 1.17807 6.78445 12.447
      vertex 1.40558 6.4364 5.6
      vertex 1.40558 6.4364 12.4448
    endloop
  endfacet
  facet normal -0.706434 -0.707779 0
    outer loop
      vertex 0.885574 7.07639 5.6
      vertex 1.17807 6.78445 12.447
      vertex 0.885574 7.07639 12.4539
    endloop
  endfacet
  facet normal -0.706434 -0.707779 -0
    outer loop
      vertex 1.17807 6.78445 12.447
      vertex 0.885574 7.07639 5.6
      vertex 1.17807 6.78445 5.6
    endloop
  endfacet
  facet normal -0.557544 -0.830147 0
    outer loop
      vertex 0.531952 7.31389 5.6
      vertex 0.885574 7.07639 12.4539
      vertex 0.531952 7.31389 12.4652
    endloop
  endfacet
  facet normal -0.557544 -0.830147 -0
    outer loop
      vertex 0.885574 7.07639 12.4539
      vertex 0.531952 7.31389 5.6
      vertex 0.885574 7.07639 5.6
    endloop
  endfacet
  facet normal -0.410064 -0.912057 0
    outer loop
      vertex 0.121124 7.4986 5.6
      vertex 0.531952 7.31389 12.4652
      vertex 0.121124 7.4986 12.4807
    endloop
  endfacet
  facet normal -0.410064 -0.912057 -0
    outer loop
      vertex 0.531952 7.31389 12.4652
      vertex 0.121124 7.4986 5.6
      vertex 0.531952 7.31389 5.6
    endloop
  endfacet
  facet normal -0.27132 -0.962489 0
    outer loop
      vertex -0.346924 7.63054 5.6
      vertex 0.121124 7.4986 12.4807
      vertex -0.346924 7.63054 12.5003
    endloop
  endfacet
  facet normal -0.27132 -0.962489 -0
    outer loop
      vertex 0.121124 7.4986 12.4807
      vertex -0.346924 7.63054 5.6
      vertex 0.121124 7.4986 5.6
    endloop
  endfacet
  facet normal -0.149017 -0.988835 0
    outer loop
      vertex -0.872208 7.7097 5.6
      vertex -0.346924 7.63054 12.5003
      vertex -0.872208 7.7097 12.5242
    endloop
  endfacet
  facet normal -0.149017 -0.988835 -0
    outer loop
      vertex -0.346924 7.63054 12.5003
      vertex -0.872208 7.7097 5.6
      vertex -0.346924 7.63054 5.6
    endloop
  endfacet
  facet normal -0.0452753 -0.998975 0
    outer loop
      vertex -1.45471 7.7361 5.6
      vertex -0.872208 7.7097 12.5242
      vertex -1.45471 7.7361 12.5522
    endloop
  endfacet
  facet normal -0.0452753 -0.998975 -0
    outer loop
      vertex -0.872208 7.7097 12.5242
      vertex -1.45471 7.7361 5.6
      vertex -0.872208 7.7097 5.6
    endloop
  endfacet
  facet normal 0.0226092 -0.999744 0
    outer loop
      vertex -1.77441 7.72887 5.6
      vertex -1.45471 7.7361 12.5522
      vertex -1.77441 7.72887 12.5682
    endloop
  endfacet
  facet normal 0.0226092 -0.999744 0
    outer loop
      vertex -1.45471 7.7361 12.5522
      vertex -1.77441 7.72887 5.6
      vertex -1.45471 7.7361 5.6
    endloop
  endfacet
  facet normal 0.0686922 -0.997638 0
    outer loop
      vertex -2.08913 7.7072 5.6
      vertex -1.77441 7.72887 12.5682
      vertex -2.08913 7.7072 12.5843
    endloop
  endfacet
  facet normal 0.0686922 -0.997638 0
    outer loop
      vertex -1.77441 7.72887 12.5682
      vertex -2.08913 7.7072 5.6
      vertex -1.77441 7.72887 5.6
    endloop
  endfacet
  facet normal 0.115836 -0.993268 0
    outer loop
      vertex -2.39885 7.67108 5.6
      vertex -2.08913 7.7072 12.5843
      vertex -2.39885 7.67108 12.6005
    endloop
  endfacet
  facet normal 0.115836 -0.993268 0
    outer loop
      vertex -2.08913 7.7072 12.5843
      vertex -2.39885 7.67108 5.6
      vertex -2.08913 7.7072 5.6
    endloop
  endfacet
  facet normal 0.163711 -0.986508 0
    outer loop
      vertex -2.70358 7.62051 5.6
      vertex -2.39885 7.67108 12.6005
      vertex -2.70358 7.62051 12.6168
    endloop
  endfacet
  facet normal 0.163711 -0.986508 0
    outer loop
      vertex -2.39885 7.67108 12.6005
      vertex -2.70358 7.62051 5.6
      vertex -2.39885 7.67108 5.6
    endloop
  endfacet
  facet normal 0.211967 -0.977277 0
    outer loop
      vertex -3.00331 7.5555 5.6
      vertex -2.70358 7.62051 12.6168
      vertex -3.00331 7.5555 12.6333
    endloop
  endfacet
  facet normal 0.211967 -0.977277 0
    outer loop
      vertex -2.70358 7.62051 12.6168
      vertex -3.00331 7.5555 5.6
      vertex -2.70358 7.62051 5.6
    endloop
  endfacet
  facet normal 0.257391 -0.966307 0
    outer loop
      vertex -3.29524 7.47774 5.6
      vertex -3.00331 7.5555 12.6333
      vertex -3.29524 7.47774 12.6497
    endloop
  endfacet
  facet normal 0.257391 -0.966307 0
    outer loop
      vertex -3.00331 7.5555 12.6333
      vertex -3.29524 7.47774 5.6
      vertex -3.00331 7.5555 5.6
    endloop
  endfacet
  facet normal 0.301182 -0.953567 0
    outer loop
      vertex -3.57661 7.38887 5.6
      vertex -3.29524 7.47774 12.6497
      vertex -3.57661 7.38887 12.6659
    endloop
  endfacet
  facet normal 0.301182 -0.953567 0
    outer loop
      vertex -3.29524 7.47774 12.6497
      vertex -3.57661 7.38887 5.6
      vertex -3.29524 7.47774 5.6
    endloop
  endfacet
  facet normal 0.346328 -0.938113 0
    outer loop
      vertex -3.84743 7.28889 5.6
      vertex -3.57661 7.38887 12.6659
      vertex -3.84743 7.28889 12.6818
    endloop
  endfacet
  facet normal 0.346328 -0.938113 0
    outer loop
      vertex -3.57661 7.38887 12.6659
      vertex -3.84743 7.28889 5.6
      vertex -3.57661 7.38887 5.6
    endloop
  endfacet
  facet normal 0.392563 -0.919725 0
    outer loop
      vertex -4.1077 7.1778 5.6
      vertex -3.84743 7.28889 12.6818
      vertex -4.1077 7.1778 12.6975
    endloop
  endfacet
  facet normal 0.392563 -0.919725 0
    outer loop
      vertex -3.84743 7.28889 12.6818
      vertex -4.1077 7.1778 5.6
      vertex -3.84743 7.28889 5.6
    endloop
  endfacet
  facet normal 0.439586 -0.8982 0
    outer loop
      vertex -4.35741 7.05559 5.6
      vertex -4.1077 7.1778 12.6975
      vertex -4.35741 7.05559 12.713
    endloop
  endfacet
  facet normal 0.439586 -0.8982 0
    outer loop
      vertex -4.1077 7.1778 12.6975
      vertex -4.35741 7.05559 5.6
      vertex -4.1077 7.1778 5.6
    endloop
  endfacet
  facet normal 0.899725 0.436458 0
    outer loop
      vertex -3.67691 5.65279 12.7157
      vertex -4.35741 7.05559 5.6
      vertex -4.35741 7.05559 12.713
    endloop
  endfacet
  facet normal 0.899725 0.436458 0
    outer loop
      vertex -4.35741 7.05559 5.6
      vertex -3.67691 5.65279 12.7157
      vertex -3.67691 5.65279 5.6
    endloop
  endfacet
  facet normal -0.397222 0.917723 0
    outer loop
      vertex -3.67691 5.65279 5.6
      vertex -3.46579 5.74417 12.703
      vertex -3.46579 5.74417 5.6
    endloop
  endfacet
  facet normal -0.397222 0.917723 0
    outer loop
      vertex -3.46579 5.74417 12.703
      vertex -3.67691 5.65279 5.6
      vertex -3.67691 5.65279 12.7157
    endloop
  endfacet
  facet normal -0.374539 0.927211 0
    outer loop
      vertex -3.46579 5.74417 5.6
      vertex -3.25467 5.82945 12.6903
      vertex -3.25467 5.82945 5.6
    endloop
  endfacet
  facet normal -0.374539 0.927211 0
    outer loop
      vertex -3.25467 5.82945 12.6903
      vertex -3.46579 5.74417 5.6
      vertex -3.46579 5.74417 12.703
    endloop
  endfacet
  facet normal -0.351123 0.936329 0
    outer loop
      vertex -3.25467 5.82945 5.6
      vertex -3.04355 5.90862 12.6779
      vertex -3.04355 5.90862 5.6
    endloop
  endfacet
  facet normal -0.351123 0.936329 0
    outer loop
      vertex -3.04355 5.90862 12.6779
      vertex -3.25467 5.82945 5.6
      vertex -3.25467 5.82945 12.6903
    endloop
  endfacet
  facet normal -0.326951 0.945041 0
    outer loop
      vertex -3.04355 5.90862 5.6
      vertex -2.83243 5.98166 12.6656
      vertex -2.83243 5.98166 5.6
    endloop
  endfacet
  facet normal -0.326951 0.945041 0
    outer loop
      vertex -2.83243 5.98166 12.6656
      vertex -3.04355 5.90862 5.6
      vertex -3.04355 5.90862 12.6779
    endloop
  endfacet
  facet normal -0.302242 0.953231 0
    outer loop
      vertex -2.83243 5.98166 5.6
      vertex -2.62131 6.0486 12.6534
      vertex -2.62131 6.0486 5.6
    endloop
  endfacet
  facet normal -0.302242 0.953231 0
    outer loop
      vertex -2.62131 6.0486 12.6534
      vertex -2.83243 5.98166 5.6
      vertex -2.83243 5.98166 12.6656
    endloop
  endfacet
  facet normal -0.261431 0.965222 0
    outer loop
      vertex -2.62131 6.0486 5.6
      vertex -2.40909 6.10608 12.6415
      vertex -2.40909 6.10608 5.6
    endloop
  endfacet
  facet normal -0.261431 0.965222 0
    outer loop
      vertex -2.40909 6.10608 12.6415
      vertex -2.62131 6.0486 5.6
      vertex -2.62131 6.0486 12.6534
    endloop
  endfacet
  facet normal -0.204142 0.978941 0
    outer loop
      vertex -2.40909 6.10608 5.6
      vertex -2.19464 6.1508 12.6297
      vertex -2.19464 6.1508 5.6
    endloop
  endfacet
  facet normal -0.204142 0.978941 0
    outer loop
      vertex -2.19464 6.1508 12.6297
      vertex -2.40909 6.10608 5.6
      vertex -2.40909 6.10608 12.6415
    endloop
  endfacet
  facet normal -0.145844 0.989308 0
    outer loop
      vertex -2.19464 6.1508 5.6
      vertex -1.97798 6.18274 12.6182
      vertex -1.97798 6.18274 5.6
    endloop
  endfacet
  facet normal -0.145844 0.989308 0
    outer loop
      vertex -1.97798 6.18274 12.6182
      vertex -2.19464 6.1508 5.6
      vertex -2.19464 6.1508 12.6297
    endloop
  endfacet
  facet normal -0.087207 0.99619 0
    outer loop
      vertex -1.97798 6.18274 5.6
      vertex -1.75911 6.2019 12.6069
      vertex -1.75911 6.2019 5.6
    endloop
  endfacet
  facet normal -0.087207 0.99619 0
    outer loop
      vertex -1.75911 6.2019 12.6069
      vertex -1.97798 6.18274 5.6
      vertex -1.97798 6.18274 12.6182
    endloop
  endfacet
  facet normal -0.0289341 0.999581 0
    outer loop
      vertex -1.75911 6.2019 5.6
      vertex -1.53801 6.2083 12.5959
      vertex -1.53801 6.2083 5.6
    endloop
  endfacet
  facet normal -0.0289341 0.999581 0
    outer loop
      vertex -1.53801 6.2083 12.5959
      vertex -1.75911 6.2019 5.6
      vertex -1.75911 6.2019 12.6069
    endloop
  endfacet
  facet normal 0.0523023 0.998631 0
    outer loop
      vertex -1.53801 6.2083 5.6
      vertex -1.3255 6.19717 12.5857
      vertex -1.3255 6.19717 5.6
    endloop
  endfacet
  facet normal 0.0523023 0.998631 0
    outer loop
      vertex -1.3255 6.19717 12.5857
      vertex -1.53801 6.2083 5.6
      vertex -1.53801 6.2083 12.5959
    endloop
  endfacet
  facet normal 0.170066 0.985433 0
    outer loop
      vertex -1.3255 6.19717 5.6
      vertex -1.13243 6.16385 12.577
      vertex -1.13243 6.16385 5.6
    endloop
  endfacet
  facet normal 0.170066 0.985433 0
    outer loop
      vertex -1.13243 6.16385 12.577
      vertex -1.3255 6.19717 5.6
      vertex -1.3255 6.19717 12.5857
    endloop
  endfacet
  facet normal 0.304795 0.952418 0
    outer loop
      vertex -1.13243 6.16385 5.6
      vertex -0.958817 6.10829 12.5699
      vertex -0.958817 6.10829 5.6
    endloop
  endfacet
  facet normal 0.304795 0.952418 0
    outer loop
      vertex -0.958817 6.10829 12.5699
      vertex -1.13243 6.16385 5.6
      vertex -1.13243 6.16385 12.577
    endloop
  endfacet
  facet normal 0.450465 0.892794 0
    outer loop
      vertex -0.958817 6.10829 5.6
      vertex -0.804642 6.0305 12.5643
      vertex -0.804642 6.0305 5.6
    endloop
  endfacet
  facet normal 0.450465 0.892794 0
    outer loop
      vertex -0.804642 6.0305 12.5643
      vertex -0.958817 6.10829 5.6
      vertex -0.958817 6.10829 12.5699
    endloop
  endfacet
  facet normal 0.595983 0.802997 0
    outer loop
      vertex -0.804642 6.0305 5.6
      vertex -0.669907 5.9305 12.5603
      vertex -0.669907 5.9305 5.6
    endloop
  endfacet
  facet normal 0.595983 0.802997 0
    outer loop
      vertex -0.669907 5.9305 12.5603
      vertex -0.804642 6.0305 5.6
      vertex -0.804642 6.0305 12.5643
    endloop
  endfacet
  facet normal 0.7403 0.672276 0
    outer loop
      vertex -0.557419 5.80663 12.5579
      vertex -0.669907 5.9305 5.6
      vertex -0.669907 5.9305 12.5603
    endloop
  endfacet
  facet normal 0.7403 0.672276 0
    outer loop
      vertex -0.669907 5.9305 5.6
      vertex -0.557419 5.80663 12.5579
      vertex -0.557419 5.80663 5.6
    endloop
  endfacet
  facet normal 0.862905 0.505367 0
    outer loop
      vertex -0.46991 5.65721 12.5575
      vertex -0.557419 5.80663 5.6
      vertex -0.557419 5.80663 12.5579
    endloop
  endfacet
  facet normal 0.862905 0.505367 0
    outer loop
      vertex -0.557419 5.80663 5.6
      vertex -0.46991 5.65721 12.5575
      vertex -0.46991 5.65721 5.6
    endloop
  endfacet
  facet normal 0.941724 0.336388 0
    outer loop
      vertex -0.40741 5.48224 12.5589
      vertex -0.46991 5.65721 5.6
      vertex -0.46991 5.65721 12.5575
    endloop
  endfacet
  facet normal 0.941724 0.336388 0
    outer loop
      vertex -0.46991 5.65721 5.6
      vertex -0.40741 5.48224 12.5589
      vertex -0.40741 5.48224 5.6
    endloop
  endfacet
  facet normal 0.982972 0.183758 -0
    outer loop
      vertex -0.369919 5.28169 5.6
      vertex -0.40741 5.48224 12.5589
      vertex -0.369919 5.28169 12.5622
    endloop
  endfacet
  facet normal 0.982972 0.183758 0
    outer loop
      vertex -0.40741 5.48224 12.5589
      vertex -0.369919 5.28169 5.6
      vertex -0.40741 5.48224 5.6
    endloop
  endfacet
  facet normal 0.998472 0.0552538 -0
    outer loop
      vertex -0.357407 5.05559 5.6
      vertex -0.369919 5.28169 12.5622
      vertex -0.357407 5.05559 12.5675
    endloop
  endfacet
  facet normal 0.998472 0.0552538 0
    outer loop
      vertex -0.369919 5.28169 12.5622
      vertex -0.357407 5.05559 5.6
      vertex -0.369919 5.28169 5.6
    endloop
  endfacet
  facet normal 1 0 0
    outer loop
      vertex -0.357407 4.7222 5.6
      vertex -0.357407 5.05559 12.5675
      vertex -0.357407 4.7222 12.5761
    endloop
  endfacet
  facet normal 1 0 0
    outer loop
      vertex -0.357407 5.05559 12.5675
      vertex -0.357407 4.7222 5.6
      vertex -0.357407 5.05559 5.6
    endloop
  endfacet
  facet normal 0.0315189 -0.999503 0
    outer loop
      vertex -1.67691 4.68059 5.6
      vertex -0.357407 4.7222 12.5761
      vertex -1.67691 4.68059 12.6423
    endloop
  endfacet
  facet normal 0.0315189 -0.999503 0
    outer loop
      vertex -0.357407 4.7222 12.5761
      vertex -1.67691 4.68059 5.6
      vertex -0.357407 4.7222 5.6
    endloop
  endfacet
  facet normal 0.0667268 -0.997771 0
    outer loop
      vertex -2.32079 4.63753 5.6
      vertex -1.67691 4.68059 12.6423
      vertex -2.32079 4.63753 12.6751
    endloop
  endfacet
  facet normal 0.0667268 -0.997771 0
    outer loop
      vertex -1.67691 4.68059 12.6423
      vertex -2.32079 4.63753 5.6
      vertex -1.67691 4.68059 5.6
    endloop
  endfacet
  facet normal 0.145541 -0.989352 0
    outer loop
      vertex -2.8969 4.55278 5.6
      vertex -2.32079 4.63753 12.6751
      vertex -2.8969 4.55278 12.7057
    endloop
  endfacet
  facet normal 0.145541 -0.989352 0
    outer loop
      vertex -2.32079 4.63753 12.6751
      vertex -2.8969 4.55278 5.6
      vertex -2.32079 4.63753 5.6
    endloop
  endfacet
  facet normal 0.241287 -0.970454 0
    outer loop
      vertex -3.40524 4.42639 5.6
      vertex -2.8969 4.55278 12.7057
      vertex -3.40524 4.42639 12.7341
    endloop
  endfacet
  facet normal 0.241287 -0.970454 0
    outer loop
      vertex -2.8969 4.55278 12.7057
      vertex -3.40524 4.42639 5.6
      vertex -2.8969 4.55278 5.6
    endloop
  endfacet
  facet normal 0.356428 -0.934323 0
    outer loop
      vertex -3.84581 4.25832 5.6
      vertex -3.40524 4.42639 12.7341
      vertex -3.84581 4.25832 12.7601
    endloop
  endfacet
  facet normal 0.356428 -0.934323 0
    outer loop
      vertex -3.40524 4.42639 12.7341
      vertex -3.84581 4.25832 5.6
      vertex -3.40524 4.42639 5.6
    endloop
  endfacet
  facet normal 0.490297 -0.871556 0
    outer loop
      vertex -4.21861 4.0486 5.6
      vertex -3.84581 4.25832 12.7601
      vertex -4.21861 4.0486 12.784
    endloop
  endfacet
  facet normal 0.490297 -0.871556 0
    outer loop
      vertex -3.84581 4.25832 12.7601
      vertex -4.21861 4.0486 5.6
      vertex -3.84581 4.25832 5.6
    endloop
  endfacet
  facet normal 0.642662 -0.76615 0
    outer loop
      vertex -4.52361 3.79276 5.6
      vertex -4.21861 4.0486 12.784
      vertex -4.52361 3.79276 12.8056
    endloop
  endfacet
  facet normal 0.642662 -0.76615 0
    outer loop
      vertex -4.21861 4.0486 12.784
      vertex -4.52361 3.79276 5.6
      vertex -4.21861 4.0486 5.6
    endloop
  endfacet
  facet normal 0.790718 -0.612181 0
    outer loop
      vertex -4.76082 3.48637 5.6
      vertex -4.52361 3.79276 12.8056
      vertex -4.76082 3.48637 12.8252
    endloop
  endfacet
  facet normal 0.790718 -0.612181 0
    outer loop
      vertex -4.52361 3.79276 12.8056
      vertex -4.76082 3.48637 5.6
      vertex -4.52361 3.79276 5.6
    endloop
  endfacet
  facet normal 0.903372 -0.428858 0
    outer loop
      vertex -4.93027 3.12943 5.6
      vertex -4.76082 3.48637 12.8252
      vertex -4.93027 3.12943 12.8428
    endloop
  endfacet
  facet normal 0.903372 -0.428858 0
    outer loop
      vertex -4.76082 3.48637 12.8252
      vertex -4.93027 3.12943 5.6
      vertex -4.76082 3.48637 5.6
    endloop
  endfacet
  facet normal 0.970267 -0.242037 0
    outer loop
      vertex -5.03192 2.72194 5.6
      vertex -4.93027 3.12943 12.8428
      vertex -5.03192 2.72194 12.8584
    endloop
  endfacet
  facet normal 0.970267 -0.242037 0
    outer loop
      vertex -4.93027 3.12943 12.8428
      vertex -5.03192 2.72194 5.6
      vertex -4.93027 3.12943 5.6
    endloop
  endfacet
  facet normal 0.997274 -0.0737859 0
    outer loop
      vertex -5.06581 2.26389 5.6
      vertex -5.03192 2.72194 12.8584
      vertex -5.06581 2.26389 12.8719
    endloop
  endfacet
  facet normal 0.997274 -0.0737859 0
    outer loop
      vertex -5.03192 2.72194 12.8584
      vertex -5.06581 2.26389 5.6
      vertex -5.03192 2.72194 5.6
    endloop
  endfacet
  facet normal 0.998349 0.0574331 -0
    outer loop
      vertex -5.03914 1.80029 5.6
      vertex -5.06581 2.26389 12.8719
      vertex -5.03914 1.80029 12.8826
    endloop
  endfacet
  facet normal 0.998349 0.0574331 0
    outer loop
      vertex -5.06581 2.26389 12.8719
      vertex -5.03914 1.80029 5.6
      vertex -5.06581 2.26389 5.6
    endloop
  endfacet
  facet normal 0.981756 0.190148 -0
    outer loop
      vertex -4.95914 1.38724 5.6
      vertex -5.03914 1.80029 12.8826
      vertex -4.95914 1.38724 12.8894
    endloop
  endfacet
  facet normal 0.981756 0.190148 0
    outer loop
      vertex -5.03914 1.80029 12.8826
      vertex -4.95914 1.38724 5.6
      vertex -5.03914 1.80029 5.6
    endloop
  endfacet
  facet normal 0.938533 0.345189 0
    outer loop
      vertex -4.82581 1.02473 12.8922
      vertex -4.95914 1.38724 5.6
      vertex -4.95914 1.38724 12.8894
    endloop
  endfacet
  facet normal 0.938533 0.345189 0
    outer loop
      vertex -4.95914 1.38724 5.6
      vertex -4.82581 1.02473 12.8922
      vertex -4.82581 1.02473 5.6
    endloop
  endfacet
  facet normal 0.858084 0.513509 0
    outer loop
      vertex -4.63913 0.712784 12.891
      vertex -4.82581 1.02473 5.6
      vertex -4.82581 1.02473 12.8922
    endloop
  endfacet
  facet normal 0.858084 0.513509 0
    outer loop
      vertex -4.82581 1.02473 5.6
      vertex -4.63913 0.712784 12.891
      vertex -4.63913 0.712784 5.6
    endloop
  endfacet
  facet normal 0.736586 0.676343 0
    outer loop
      vertex -4.39911 0.451385 12.886
      vertex -4.63913 0.712784 5.6
      vertex -4.63913 0.712784 12.891
    endloop
  endfacet
  facet normal 0.736586 0.676343 0
    outer loop
      vertex -4.63913 0.712784 5.6
      vertex -4.39911 0.451385 12.886
      vertex -4.39911 0.451385 5.6
    endloop
  endfacet
  facet normal 0.603763 0.797164 0
    outer loop
      vertex -4.39911 0.451385 5.6
      vertex -4.11855 0.238892 12.8776
      vertex -4.11855 0.238892 5.6
    endloop
  endfacet
  facet normal 0.603763 0.797164 0
    outer loop
      vertex -4.11855 0.238892 12.8776
      vertex -4.39911 0.451385 5.6
      vertex -4.39911 0.451385 12.886
    endloop
  endfacet
  facet normal 0.472469 0.881347 0
    outer loop
      vertex -4.11855 0.238892 5.6
      vertex -3.8102 0.0735931 12.8667
      vertex -3.8102 0.0735931 5.6
    endloop
  endfacet
  facet normal 0.472469 0.881347 0
    outer loop
      vertex -3.8102 0.0735931 12.8667
      vertex -4.11855 0.238892 5.6
      vertex -4.11855 0.238892 12.8776
    endloop
  endfacet
  facet normal 0.331351 0.943508 0
    outer loop
      vertex -3.8102 0.0735931 5.6
      vertex -3.47408 -0.0444489 12.8532
      vertex -3.47408 -0.0444489 5.6
    endloop
  endfacet
  facet normal 0.331351 0.943508 0
    outer loop
      vertex -3.47408 -0.0444489 12.8532
      vertex -3.8102 0.0735931 5.6
      vertex -3.8102 0.0735931 12.8667
    endloop
  endfacet
  facet normal 0.191059 0.981579 0
    outer loop
      vertex -3.47408 -0.0444489 5.6
      vertex -3.11018 -0.11528 12.8371
      vertex -3.11018 -0.11528 5.6
    endloop
  endfacet
  facet normal 0.191059 0.981579 0
    outer loop
      vertex -3.11018 -0.11528 12.8371
      vertex -3.47408 -0.0444489 5.6
      vertex -3.47408 -0.0444489 12.8532
    endloop
  endfacet
  facet normal 0.0601584 0.998189 0
    outer loop
      vertex -3.11018 -0.11528 5.6
      vertex -2.71851 -0.138885 12.8183
      vertex -2.71851 -0.138885 5.6
    endloop
  endfacet
  facet normal 0.0601584 0.998189 0
    outer loop
      vertex -2.71851 -0.138885 12.8183
      vertex -3.11018 -0.11528 5.6
      vertex -3.11018 -0.11528 12.8371
    endloop
  endfacet
  facet normal -0.0307011 0.999529 0
    outer loop
      vertex -2.71851 -0.138885 5.6
      vertex -2.35687 -0.127777 12.8002
      vertex -2.35687 -0.127777 5.6
    endloop
  endfacet
  facet normal -0.0307011 0.999529 0
    outer loop
      vertex -2.35687 -0.127777 12.8002
      vertex -2.71851 -0.138885 5.6
      vertex -2.71851 -0.138885 12.8183
    endloop
  endfacet
  facet normal -0.151431 -0.988468 0
    outer loop
      vertex -2.26968 1.40721 5.6
      vertex -2.11191 1.38304 12.749
      vertex -2.26968 1.40721 12.7562
    endloop
  endfacet
  facet normal -0.151431 -0.988468 -0
    outer loop
      vertex -2.11191 1.38304 12.749
      vertex -2.26968 1.40721 5.6
      vertex -2.11191 1.38304 5.6
    endloop
  endfacet
  facet normal -0.268621 -0.963246 0
    outer loop
      vertex -2.41412 1.44749 5.6
      vertex -2.26968 1.40721 12.7562
      vertex -2.41412 1.44749 12.7623
    endloop
  endfacet
  facet normal -0.268621 -0.963246 -0
    outer loop
      vertex -2.26968 1.40721 12.7562
      vertex -2.41412 1.44749 5.6
      vertex -2.26968 1.40721 5.6
    endloop
  endfacet
  facet normal -0.395162 -0.918611 0
    outer loop
      vertex -2.54523 1.50389 5.6
      vertex -2.41412 1.44749 12.7623
      vertex -2.54523 1.50389 12.7673
    endloop
  endfacet
  facet normal -0.395162 -0.918611 -0
    outer loop
      vertex -2.41412 1.44749 12.7623
      vertex -2.54523 1.50389 5.6
      vertex -2.41412 1.44749 5.6
    endloop
  endfacet
  facet normal -0.524202 -0.851594 0
    outer loop
      vertex -2.66301 1.57639 5.6
      vertex -2.54523 1.50389 12.7673
      vertex -2.66301 1.57639 12.7712
    endloop
  endfacet
  facet normal -0.524202 -0.851594 -0
    outer loop
      vertex -2.54523 1.50389 12.7673
      vertex -2.66301 1.57639 5.6
      vertex -2.54523 1.50389 5.6
    endloop
  endfacet
  facet normal -0.674618 -0.738167 0
    outer loop
      vertex -2.76302 1.66779 5.6
      vertex -2.66301 1.57639 12.7712
      vertex -2.76302 1.66779 12.7738
    endloop
  endfacet
  facet normal -0.674618 -0.738167 -0
    outer loop
      vertex -2.66301 1.57639 12.7712
      vertex -2.76302 1.66779 5.6
      vertex -2.66301 1.57639 5.6
    endloop
  endfacet
  facet normal -0.82381 -0.566866 0
    outer loop
      vertex -2.76302 1.66779 5.6
      vertex -2.84081 1.78084 12.7747
      vertex -2.84081 1.78084 5.6
    endloop
  endfacet
  facet normal -0.82381 -0.566866 0
    outer loop
      vertex -2.84081 1.78084 12.7747
      vertex -2.76302 1.66779 5.6
      vertex -2.76302 1.66779 12.7738
    endloop
  endfacet
  facet normal -0.924492 -0.381202 0
    outer loop
      vertex -2.84081 1.78084 5.6
      vertex -2.89636 1.91556 12.774
      vertex -2.89636 1.91556 5.6
    endloop
  endfacet
  facet normal -0.924492 -0.381202 0
    outer loop
      vertex -2.89636 1.91556 12.774
      vertex -2.84081 1.78084 5.6
      vertex -2.84081 1.78084 12.7747
    endloop
  endfacet
  facet normal -0.978022 -0.2085 0
    outer loop
      vertex -2.89636 1.91556 5.6
      vertex -2.9297 2.07195 12.7715
      vertex -2.9297 2.07195 5.6
    endloop
  endfacet
  facet normal -0.978022 -0.2085 0
    outer loop
      vertex -2.9297 2.07195 12.7715
      vertex -2.89636 1.91556 5.6
      vertex -2.89636 1.91556 12.774
    endloop
  endfacet
  facet normal -0.998059 -0.0622771 0
    outer loop
      vertex -2.9297 2.07195 5.6
      vertex -2.94081 2.25 12.7675
      vertex -2.94081 2.25 5.6
    endloop
  endfacet
  facet normal -0.998059 -0.0622771 0
    outer loop
      vertex -2.94081 2.25 12.7675
      vertex -2.9297 2.07195 5.6
      vertex -2.9297 2.07195 12.7715
    endloop
  endfacet
  facet normal -0.997226 0.0744306 0
    outer loop
      vertex -2.94081 2.25 5.6
      vertex -2.92526 2.45834 12.7613
      vertex -2.92526 2.45834 5.6
    endloop
  endfacet
  facet normal -0.997226 0.0744306 0
    outer loop
      vertex -2.92526 2.45834 12.7613
      vertex -2.94081 2.25 5.6
      vertex -2.94081 2.25 12.7675
    endloop
  endfacet
  facet normal -0.971612 0.236579 0
    outer loop
      vertex -2.92526 2.45834 5.6
      vertex -2.87859 2.65001 12.7541
      vertex -2.87859 2.65001 5.6
    endloop
  endfacet
  facet normal -0.971612 0.236579 0
    outer loop
      vertex -2.87859 2.65001 12.7541
      vertex -2.92526 2.45834 5.6
      vertex -2.92526 2.45834 12.7613
    endloop
  endfacet
  facet normal -0.913807 0.406148 0
    outer loop
      vertex -2.87859 2.65001 5.6
      vertex -2.80081 2.82501 12.7457
      vertex -2.80081 2.82501 5.6
    endloop
  endfacet
  facet normal -0.913807 0.406148 0
    outer loop
      vertex -2.80081 2.82501 12.7457
      vertex -2.87859 2.65001 5.6
      vertex -2.87859 2.65001 12.7541
    endloop
  endfacet
  facet normal -0.823974 0.566628 0
    outer loop
      vertex -2.80081 2.82501 5.6
      vertex -2.69193 2.98334 12.7362
      vertex -2.69193 2.98334 5.6
    endloop
  endfacet
  facet normal -0.823974 0.566628 0
    outer loop
      vertex -2.69193 2.98334 12.7362
      vertex -2.80081 2.82501 5.6
      vertex -2.80081 2.82501 12.7457
    endloop
  endfacet
  facet normal -0.711212 0.702978 0
    outer loop
      vertex -2.69193 2.98334 5.6
      vertex -2.55191 3.125 12.7257
      vertex -2.55191 3.125 5.6
    endloop
  endfacet
  facet normal -0.711212 0.702978 0
    outer loop
      vertex -2.55191 3.125 12.7257
      vertex -2.69193 2.98334 5.6
      vertex -2.69193 2.98334 12.7362
    endloop
  endfacet
  facet normal -0.558152 0.829738 0
    outer loop
      vertex -2.55191 3.125 5.6
      vertex -2.3719 3.24609 12.7137
      vertex -2.3719 3.24609 5.6
    endloop
  endfacet
  facet normal -0.558152 0.829738 0
    outer loop
      vertex -2.3719 3.24609 12.7137
      vertex -2.55191 3.125 5.6
      vertex -2.55191 3.125 12.7257
    endloop
  endfacet
  facet normal -0.389081 0.921204 0
    outer loop
      vertex -2.3719 3.24609 5.6
      vertex -2.14302 3.34276 12.6999
      vertex -2.14302 3.34276 5.6
    endloop
  endfacet
  facet normal -0.389081 0.921204 0
    outer loop
      vertex -2.14302 3.34276 12.6999
      vertex -2.3719 3.24609 5.6
      vertex -2.3719 3.24609 12.7137
    endloop
  endfacet
  facet normal -0.251616 0.967827 0
    outer loop
      vertex -2.14302 3.34276 5.6
      vertex -1.86523 3.41498 12.6843
      vertex -1.86523 3.41498 5.6
    endloop
  endfacet
  facet normal -0.251616 0.967827 0
    outer loop
      vertex -1.86523 3.41498 12.6843
      vertex -2.14302 3.34276 5.6
      vertex -2.14302 3.34276 12.6999
    endloop
  endfacet
  facet normal -0.144699 0.989476 0
    outer loop
      vertex -1.86523 3.41498 5.6
      vertex -1.53857 3.46275 12.667
      vertex -1.53857 3.46275 5.6
    endloop
  endfacet
  facet normal -0.144699 0.989476 0
    outer loop
      vertex -1.53857 3.46275 12.667
      vertex -1.86523 3.41498 5.6
      vertex -1.86523 3.41498 12.6843
    endloop
  endfacet
  facet normal -0.062054 0.998073 0
    outer loop
      vertex -1.53857 3.46275 5.6
      vertex -1.16301 3.4861 12.6478
      vertex -1.16301 3.4861 5.6
    endloop
  endfacet
  facet normal -0.062054 0.998073 0
    outer loop
      vertex -1.16301 3.4861 12.6478
      vertex -1.53857 3.46275 5.6
      vertex -1.53857 3.46275 12.667
    endloop
  endfacet
  facet normal -0.0344754 0.999406 0
    outer loop
      vertex -1.16301 3.4861 5.6
      vertex -0.357407 3.51389 12.6074
      vertex -0.357407 3.51389 5.6
    endloop
  endfacet
  facet normal -0.0344754 0.999406 0
    outer loop
      vertex -0.357407 3.51389 12.6074
      vertex -1.16301 3.4861 5.6
      vertex -1.16301 3.4861 12.6478
    endloop
  endfacet
  facet normal 1 0 0
    outer loop
      vertex -0.357407 2.88889 5.6
      vertex -0.357407 3.51389 12.6074
      vertex -0.357407 2.88889 12.6236
    endloop
  endfacet
  facet normal 1 0 0
    outer loop
      vertex -0.357407 3.51389 12.6074
      vertex -0.357407 2.88889 5.6
      vertex -0.357407 3.51389 5.6
    endloop
  endfacet
  facet normal 0.997796 -0.0663497 0
    outer loop
      vertex -0.375748 2.61307 5.6
      vertex -0.357407 2.88889 12.6236
      vertex -0.375748 2.61307 12.6316
    endloop
  endfacet
  facet normal 0.997796 -0.0663497 0
    outer loop
      vertex -0.357407 2.88889 12.6236
      vertex -0.375748 2.61307 5.6
      vertex -0.357407 2.88889 5.6
    endloop
  endfacet
  facet normal 0.976589 -0.215113 0
    outer loop
      vertex -0.430756 2.36334 5.6
      vertex -0.375748 2.61307 12.6316
      vertex -0.430756 2.36334 12.6408
    endloop
  endfacet
  facet normal 0.976589 -0.215113 0
    outer loop
      vertex -0.375748 2.61307 12.6316
      vertex -0.430756 2.36334 5.6
      vertex -0.375748 2.61307 5.6
    endloop
  endfacet
  facet normal 0.925267 -0.379317 0
    outer loop
      vertex -0.52243 2.13972 5.6
      vertex -0.430756 2.36334 12.6408
      vertex -0.52243 2.13972 12.6511
    endloop
  endfacet
  facet normal 0.925267 -0.379317 0
    outer loop
      vertex -0.430756 2.36334 12.6408
      vertex -0.52243 2.13972 5.6
      vertex -0.430756 2.36334 5.6
    endloop
  endfacet
  facet normal 0.838504 -0.544896 0
    outer loop
      vertex -0.650787 1.9422 5.6
      vertex -0.52243 2.13972 12.6511
      vertex -0.650787 1.9422 12.6625
    endloop
  endfacet
  facet normal 0.838504 -0.544896 0
    outer loop
      vertex -0.52243 2.13972 12.6511
      vertex -0.650787 1.9422 5.6
      vertex -0.52243 2.13972 5.6
    endloop
  endfacet
  facet normal 0.720379 -0.693581 0
    outer loop
      vertex -0.815811 1.7708 5.6
      vertex -0.650787 1.9422 12.6625
      vertex -0.815811 1.7708 12.6751
    endloop
  endfacet
  facet normal 0.720379 -0.693581 0
    outer loop
      vertex -0.650787 1.9422 12.6625
      vertex -0.815811 1.7708 5.6
      vertex -0.650787 1.9422 5.6
    endloop
  endfacet
  facet normal 0.596614 -0.802529 0
    outer loop
      vertex -1.00748 1.62831 5.6
      vertex -0.815811 1.7708 12.6751
      vertex -1.00748 1.62831 12.6882
    endloop
  endfacet
  facet normal 0.596614 -0.802529 0
    outer loop
      vertex -0.815811 1.7708 12.6751
      vertex -1.00748 1.62831 5.6
      vertex -0.815811 1.7708 5.6
    endloop
  endfacet
  facet normal 0.469633 -0.882862 0
    outer loop
      vertex -1.21581 1.51749 5.6
      vertex -1.00748 1.62831 12.6882
      vertex -1.21581 1.51749 12.7014
    endloop
  endfacet
  facet normal 0.469633 -0.882862 0
    outer loop
      vertex -1.00748 1.62831 12.6882
      vertex -1.21581 1.51749 5.6
      vertex -1.00748 1.62831 5.6
    endloop
  endfacet
  facet normal 0.331932 -0.943303 0
    outer loop
      vertex -1.4408 1.43832 5.6
      vertex -1.21581 1.51749 12.7014
      vertex -1.4408 1.43832 12.7145
    endloop
  endfacet
  facet normal 0.331932 -0.943303 0
    outer loop
      vertex -1.21581 1.51749 12.7014
      vertex -1.4408 1.43832 5.6
      vertex -1.21581 1.51749 5.6
    endloop
  endfacet
  facet normal 0.192867 -0.981225 0
    outer loop
      vertex -1.68246 1.39082 5.6
      vertex -1.4408 1.43832 12.7145
      vertex -1.68246 1.39082 12.7277
    endloop
  endfacet
  facet normal 0.192867 -0.981225 0
    outer loop
      vertex -1.4408 1.43832 12.7145
      vertex -1.68246 1.39082 5.6
      vertex -1.4408 1.43832 5.6
    endloop
  endfacet
  facet normal 0.0611203 -0.99813 0
    outer loop
      vertex -1.94081 1.375 5.6
      vertex -1.68246 1.39082 12.7277
      vertex -1.94081 1.375 12.7408
    endloop
  endfacet
  facet normal 0.0611203 -0.99813 0
    outer loop
      vertex -1.68246 1.39082 12.7277
      vertex -1.94081 1.375 5.6
      vertex -1.68246 1.39082 5.6
    endloop
  endfacet
  facet normal -0.0469383 -0.998898 0
    outer loop
      vertex -2.11191 1.38304 5.6
      vertex -1.94081 1.375 12.7408
      vertex -2.11191 1.38304 12.749
    endloop
  endfacet
  facet normal -0.0469383 -0.998898 -0
    outer loop
      vertex -1.94081 1.375 12.7408
      vertex -2.11191 1.38304 5.6
      vertex -1.94081 1.375 5.6
    endloop
  endfacet
  facet normal -0.999596 0.0284149 0
    outer loop
      vertex -15.8156 3.5694 5.6
      vertex -15.8025 4.03024 11.8405
      vertex -15.8025 4.03024 5.6
    endloop
  endfacet
  facet normal -0.999657 0.0262027 0.000163491
    outer loop
      vertex -15.8025 4.03024 11.8405
      vertex -15.8156 3.5694 5.6
      vertex -15.8032 4.00351 11.8444
    endloop
  endfacet
  facet normal -0.999592 0.0285525 0
    outer loop
      vertex -15.8032 4.00351 11.8444
      vertex -15.8156 3.5694 5.6
      vertex -15.8156 3.5694 11.8929
    endloop
  endfacet
  facet normal -0.995586 0.0938487 0
    outer loop
      vertex -15.8025 4.03024 5.6
      vertex -15.7633 4.44609 11.7677
      vertex -15.7633 4.44609 5.6
    endloop
  endfacet
  facet normal -0.995587 0.0938429 3.95051e-07
    outer loop
      vertex -15.7633 4.44609 11.7677
      vertex -15.8025 4.03024 5.6
      vertex -15.7721 4.35273 11.789
    endloop
  endfacet
  facet normal -0.995586 0.0938504 0
    outer loop
      vertex -15.8025 4.03024 11.8405
      vertex -15.7721 4.35273 11.789
      vertex -15.8025 4.03024 5.6
    endloop
  endfacet
  facet normal -0.995574 0.0864884 -0.0367814
    outer loop
      vertex -15.7721 4.35273 11.789
      vertex -15.7876 4.1883 11.8219
      vertex -15.7862 4.20365 11.8201
    endloop
  endfacet
  facet normal -0.995586 0.0938561 3.57928e-05
    outer loop
      vertex -15.7721 4.35273 11.789
      vertex -15.8025 4.03024 11.8405
      vertex -15.7876 4.1883 11.8219
    endloop
  endfacet
  facet normal -0.984849 0.173414 0
    outer loop
      vertex -15.7633 4.44609 5.6
      vertex -15.698 4.81694 11.7039
      vertex -15.698 4.81694 5.6
    endloop
  endfacet
  facet normal -0.984849 0.173414 0
    outer loop
      vertex -15.698 4.81694 11.7039
      vertex -15.7633 4.44609 5.6
      vertex -15.7633 4.44609 11.7677
    endloop
  endfacet
  facet normal -0.96291 0.269823 0
    outer loop
      vertex -15.698 4.81694 5.6
      vertex -15.6067 5.14276 11.6716
      vertex -15.6067 5.14276 5.6
    endloop
  endfacet
  facet normal -0.96291 0.269823 0
    outer loop
      vertex -15.6067 5.14276 11.6716
      vertex -15.698 4.81694 5.6
      vertex -15.698 4.81694 11.7039
    endloop
  endfacet
  facet normal -0.922709 0.385498 0
    outer loop
      vertex -15.4892 5.4236 5.6
      vertex -15.5326 5.31972 11.6685
      vertex -15.4892 5.4236 11.666
    endloop
  endfacet
  facet normal -0.922512 0.385968 9.4423e-06
    outer loop
      vertex -15.6067 5.14276 5.6
      vertex -15.5326 5.31972 11.6685
      vertex -15.4892 5.4236 5.6
    endloop
  endfacet
  facet normal -0.922446 0.386127 3.99453e-06
    outer loop
      vertex -15.5326 5.31972 11.6685
      vertex -15.6067 5.14276 5.6
      vertex -15.5861 5.19191 11.6715
    endloop
  endfacet
  facet normal -0.92227 0.386546 0
    outer loop
      vertex -15.5861 5.19191 11.6715
      vertex -15.6067 5.14276 5.6
      vertex -15.6067 5.14276 11.6716
    endloop
  endfacet
  facet normal -0.83698 0.547234 0
    outer loop
      vertex -15.4892 5.4236 11.666
      vertex -15.3372 5.65608 11.672
      vertex -15.3372 5.65608 5.6
    endloop
  endfacet
  facet normal -0.837045 0.547081 0.00757497
    outer loop
      vertex -15.3372 5.65608 11.672
      vertex -15.4892 5.4236 11.666
      vertex -15.3828 5.5863 11.6728
    endloop
  endfacet
  facet normal -0.83698 0.547234 0
    outer loop
      vertex -15.4892 5.4236 11.666
      vertex -15.3372 5.65608 5.6
      vertex -15.4892 5.4236 5.6
    endloop
  endfacet
  facet normal -0.837065 0.547026 0.0092018
    outer loop
      vertex -15.3828 5.5863 11.6728
      vertex -15.4892 5.4236 11.666
      vertex -15.4517 5.48085 11.6739
    endloop
  endfacet
  facet normal -0.680429 0.732814 -0.000764295
    outer loop
      vertex -15.1425 5.8369 11.7084
      vertex -15.3372 5.65608 11.672
      vertex -15.285 5.70456 11.683
    endloop
  endfacet
  facet normal -0.680506 0.732743 0
    outer loop
      vertex -15.1425 5.8369 5.6
      vertex -15.3372 5.65608 11.672
      vertex -15.1425 5.8369 11.7084
    endloop
  endfacet
  facet normal -0.680506 0.732743 0
    outer loop
      vertex -15.3372 5.65608 11.672
      vertex -15.1425 5.8369 5.6
      vertex -15.3372 5.65608 5.6
    endloop
  endfacet
  facet normal -0.477753 0.878494 0
    outer loop
      vertex -14.905 5.96606 5.6
      vertex -15.1425 5.8369 11.7084
      vertex -14.905 5.96606 11.7858
    endloop
  endfacet
  facet normal -0.477753 0.878494 0
    outer loop
      vertex -15.1425 5.8369 11.7084
      vertex -14.905 5.96606 5.6
      vertex -15.1425 5.8369 5.6
    endloop
  endfacet
  facet normal -0.266491 0.963837 0
    outer loop
      vertex -14.6247 6.04356 5.6
      vertex -14.905 5.96606 11.7858
      vertex -14.6247 6.04356 11.9061
    endloop
  endfacet
  facet normal -0.266491 0.963837 0
    outer loop
      vertex -14.905 5.96606 11.7858
      vertex -14.6247 6.04356 5.6
      vertex -14.905 5.96606 5.6
    endloop
  endfacet
  facet normal -0.0801772 0.99678 0.00122122
    outer loop
      vertex -14.6247 6.04356 11.9061
      vertex -14.3911 6.06224 11.9958
      vertex -14.3017 6.0694 12.0211
    endloop
  endfacet
  facet normal -0.0793893 0.996843 -0.000843767
    outer loop
      vertex -14.3911 6.06224 11.9958
      vertex -14.6247 6.04356 11.9061
      vertex -14.5145 6.05238 11.9576
    endloop
  endfacet
  facet normal -0.0802358 0.996775 0.000979082
    outer loop
      vertex -14.5145 6.05238 11.9576
      vertex -14.6247 6.04356 11.9061
      vertex -14.5547 6.04916 11.9414
    endloop
  endfacet
  facet normal -0.0797452 0.996815 0
    outer loop
      vertex -14.3017 6.0694 5.6
      vertex -14.6247 6.04356 11.9061
      vertex -14.3017 6.0694 12.0211
    endloop
  endfacet
  facet normal -0.0797452 0.996815 0
    outer loop
      vertex -14.6247 6.04356 11.9061
      vertex -14.3017 6.0694 5.6
      vertex -14.6247 6.04356 5.6
    endloop
  endfacet
  facet normal 0.157836 0.987465 -0
    outer loop
      vertex -13.8916 6.00385 5.6
      vertex -14.3017 6.0694 12.0211
      vertex -13.8916 6.00385 12.1531
    endloop
  endfacet
  facet normal 0.157836 0.987465 0
    outer loop
      vertex -14.3017 6.0694 12.0211
      vertex -13.8916 6.00385 5.6
      vertex -14.3017 6.0694 5.6
    endloop
  endfacet
  facet normal 0.528958 0.84827 -0.0253442
    outer loop
      vertex -13.6836 5.87552 12.2358
      vertex -13.6642 5.86359 12.2414
      vertex -13.5728 5.80719 12.2613
    endloop
  endfacet
  facet normal 0.530818 0.846763 -0.0349963
    outer loop
      vertex -13.6642 5.86359 12.2414
      vertex -13.6836 5.87552 12.2358
      vertex -13.6811 5.87399 12.2367
    endloop
  endfacet
  facet normal 0.524674 0.851302 0.00139503
    outer loop
      vertex -13.5728 5.80719 12.2613
      vertex -13.8916 6.00385 12.1531
      vertex -13.6836 5.87552 12.2358
    endloop
  endfacet
  facet normal 0.525018 0.851091 -0
    outer loop
      vertex -13.5728 5.80719 5.6
      vertex -13.8916 6.00385 12.1531
      vertex -13.5728 5.80719 12.2613
    endloop
  endfacet
  facet normal 0.525018 0.851091 0
    outer loop
      vertex -13.8916 6.00385 12.1531
      vertex -13.5728 5.80719 5.6
      vertex -13.8916 6.00385 5.6
    endloop
  endfacet
  facet normal 0.821148 0.570715 -0
    outer loop
      vertex -13.345 5.47943 5.6
      vertex -13.5728 5.80719 12.2613
      vertex -13.345 5.47943 12.3226
    endloop
  endfacet
  facet normal 0.821148 0.570715 0
    outer loop
      vertex -13.5728 5.80719 12.2613
      vertex -13.345 5.47943 5.6
      vertex -13.5728 5.80719 5.6
    endloop
  endfacet
  facet normal 0.958379 0.2855 -0
    outer loop
      vertex -13.2083 5.02055 5.6
      vertex -13.345 5.47943 12.3226
      vertex -13.2083 5.02055 12.376
    endloop
  endfacet
  facet normal 0.958379 0.2855 0
    outer loop
      vertex -13.345 5.47943 12.3226
      vertex -13.2083 5.02055 5.6
      vertex -13.345 5.47943 5.6
    endloop
  endfacet
  facet normal 0.997039 0.0768955 -0
    outer loop
      vertex -13.1628 4.43059 5.6
      vertex -13.2083 5.02055 12.376
      vertex -13.1628 4.43059 12.4215
    endloop
  endfacet
  facet normal 0.997039 0.0768955 0
    outer loop
      vertex -13.2083 5.02055 12.376
      vertex -13.1628 4.43059 5.6
      vertex -13.2083 5.02055 5.6
    endloop
  endfacet
  facet normal 1 0 0
    outer loop
      vertex -13.1628 1.37515 12.6151
      vertex -13.1628 4.43059 5.6
      vertex -13.1628 4.43059 12.4215
    endloop
  endfacet
  facet normal 1 0 0
    outer loop
      vertex -13.1628 0 5.6
      vertex -13.1628 1.37515 12.6151
      vertex -13.1628 1.27449 12.6209
    endloop
  endfacet
  facet normal 1 0 0
    outer loop
      vertex -13.1628 0 5.6
      vertex -13.1628 1.27449 12.6209
      vertex -13.1628 1.17139 12.6252
    endloop
  endfacet
  facet normal 1 0 0
    outer loop
      vertex -13.1628 0 5.6
      vertex -13.1628 1.17139 12.6252
      vertex -13.1628 0 12.6737
    endloop
  endfacet
  facet normal 1 0 0
    outer loop
      vertex -13.1628 1.37515 12.6151
      vertex -13.1628 0 5.6
      vertex -13.1628 4.43059 5.6
    endloop
  endfacet
  facet normal 0 1 -0
    outer loop
      vertex -11.0934 0 5.6
      vertex -12.826 0 12.7366
      vertex -11.0934 0 12.9911
    endloop
  endfacet
  facet normal 0 1 0
    outer loop
      vertex -13.1628 0 5.6
      vertex -12.826 0 12.7366
      vertex -11.0934 0 5.6
    endloop
  endfacet
  facet normal 0 1 0
    outer loop
      vertex -12.826 0 12.7366
      vertex -13.1628 0 5.6
      vertex -12.9898 0 12.7063
    endloop
  endfacet
  facet normal 0 1 0
    outer loop
      vertex -12.9898 0 12.7063
      vertex -13.1628 0 5.6
      vertex -13.1628 0 12.6737
    endloop
  endfacet
  facet normal -1 0 0
    outer loop
      vertex -11.0934 0 5.6
      vertex -11.0934 3.80559 12.801
      vertex -11.0934 3.80559 5.6
    endloop
  endfacet
  facet normal -1 -0 0
    outer loop
      vertex -11.0934 3.80559 12.801
      vertex -11.0934 0 5.6
      vertex -11.0934 0 12.9911
    endloop
  endfacet
  facet normal -0.999448 0.033209 0
    outer loop
      vertex -11.0934 3.80559 5.6
      vertex -11.0795 4.22392 12.7822
      vertex -11.0795 4.22392 5.6
    endloop
  endfacet
  facet normal -0.999448 0.033209 0
    outer loop
      vertex -11.0795 4.22392 12.7822
      vertex -11.0934 3.80559 5.6
      vertex -11.0934 3.80559 12.801
    endloop
  endfacet
  facet normal -0.993945 0.109876 0
    outer loop
      vertex -11.0795 4.22392 5.6
      vertex -11.0378 4.60114 12.7695
      vertex -11.0378 4.60114 5.6
    endloop
  endfacet
  facet normal -0.993945 0.109876 0
    outer loop
      vertex -11.0378 4.60114 12.7695
      vertex -11.0795 4.22392 5.6
      vertex -11.0795 4.22392 12.7822
    endloop
  endfacet
  facet normal -0.979339 0.202226 0
    outer loop
      vertex -11.0378 4.60114 5.6
      vertex -10.9684 4.93723 12.7629
      vertex -10.9684 4.93723 5.6
    endloop
  endfacet
  facet normal -0.979339 0.202226 0
    outer loop
      vertex -10.9684 4.93723 12.7629
      vertex -11.0378 4.60114 5.6
      vertex -11.0378 4.60114 12.7695
    endloop
  endfacet
  facet normal -0.949673 0.313242 0
    outer loop
      vertex -10.9684 4.93723 5.6
      vertex -10.8711 5.23222 12.7624
      vertex -10.8711 5.23222 5.6
    endloop
  endfacet
  facet normal -0.949673 0.313242 0
    outer loop
      vertex -10.8711 5.23222 12.7624
      vertex -10.9684 4.93723 5.6
      vertex -10.9684 4.93723 12.7629
    endloop
  endfacet
  facet normal -0.897293 0.441436 0
    outer loop
      vertex -10.8711 5.23222 12.7624
      vertex -10.7462 5.4861 5.6
      vertex -10.8711 5.23222 5.6
    endloop
  endfacet
  facet normal -0.897293 0.441436 0
    outer loop
      vertex -10.7462 5.4861 5.6
      vertex -10.8711 5.23222 12.7624
      vertex -10.7462 5.4861 12.7681
    endloop
  endfacet
  facet normal -0.799241 0.60101 0
    outer loop
      vertex -10.7462 5.4861 12.7681
      vertex -10.5883 5.69608 5.6
      vertex -10.7462 5.4861 5.6
    endloop
  endfacet
  facet normal -0.799241 0.60101 0
    outer loop
      vertex -10.5883 5.69608 5.6
      vertex -10.7462 5.4861 12.7681
      vertex -10.5883 5.69608 12.7808
    endloop
  endfacet
  facet normal -0.641141 0.767423 0
    outer loop
      vertex -10.3928 5.85941 5.6
      vertex -10.5883 5.69608 12.7808
      vertex -10.3928 5.85941 12.8014
    endloop
  endfacet
  facet normal -0.641141 0.767423 0
    outer loop
      vertex -10.5883 5.69608 12.7808
      vertex -10.3928 5.85941 5.6
      vertex -10.5883 5.69608 5.6
    endloop
  endfacet
  facet normal -0.44706 0.894504 0
    outer loop
      vertex -10.1594 5.97606 5.6
      vertex -10.3928 5.85941 12.8014
      vertex -10.1594 5.97606 12.8298
    endloop
  endfacet
  facet normal -0.44706 0.894504 0
    outer loop
      vertex -10.3928 5.85941 12.8014
      vertex -10.1594 5.97606 5.6
      vertex -10.3928 5.85941 5.6
    endloop
  endfacet
  facet normal -0.250058 0.968231 0
    outer loop
      vertex -9.88832 6.04607 5.6
      vertex -10.1594 5.97606 12.8298
      vertex -9.88832 6.04607 12.8661
    endloop
  endfacet
  facet normal -0.250058 0.968231 0
    outer loop
      vertex -10.1594 5.97606 12.8298
      vertex -9.88832 6.04607 5.6
      vertex -10.1594 5.97606 5.6
    endloop
  endfacet
  facet normal -0.0753188 0.99716 0
    outer loop
      vertex -9.57945 6.0694 5.6
      vertex -9.88832 6.04607 12.8661
      vertex -9.57945 6.0694 12.9103
    endloop
  endfacet
  facet normal -0.0753188 0.99716 0
    outer loop
      vertex -9.88832 6.04607 12.8661
      vertex -9.57945 6.0694 5.6
      vertex -9.88832 6.04607 5.6
    endloop
  endfacet
  facet normal 0.157855 0.987459 -0.00272163
    outer loop
      vertex -9.16945 6.00385 12.9554
      vertex -9.22177 6.01221 12.954
      vertex -9.1901 6.00715 12.955
    endloop
  endfacet
  facet normal 0.15774 0.987479 0.00170459
    outer loop
      vertex -9.16945 6.00385 12.9554
      vertex -9.25212 6.01706 12.9529
      vertex -9.22177 6.01221 12.954
    endloop
  endfacet
  facet normal 0.157375 0.987445 0.013582
    outer loop
      vertex -9.16945 6.00385 12.9554
      vertex -9.27793 6.02119 12.9517
      vertex -9.25212 6.01706 12.9529
    endloop
  endfacet
  facet normal 0.157879 0.987458 -0.00112591
    outer loop
      vertex -9.34802 6.03239 12.9462
      vertex -9.27793 6.02119 12.9517
      vertex -9.16945 6.00385 12.9554
    endloop
  endfacet
  facet normal 0.157422 0.98752 0.00481834
    outer loop
      vertex -9.27793 6.02119 12.9517
      vertex -9.34802 6.03239 12.9462
      vertex -9.30148 6.02495 12.9505
    endloop
  endfacet
  facet normal 0.159947 0.986842 -0.023677
    outer loop
      vertex -9.30148 6.02495 12.9505
      vertex -9.34802 6.03239 12.9462
      vertex -9.32052 6.028 12.949
    endloop
  endfacet
  facet normal 0.158448 0.987333 -0.00818667
    outer loop
      vertex -9.32052 6.028 12.949
      vertex -9.34802 6.03239 12.9462
      vertex -9.33629 6.03052 12.9477
    endloop
  endfacet
  facet normal 0.157777 0.987474 0.000891066
    outer loop
      vertex -9.16945 6.00385 12.9554
      vertex -9.57945 6.0694 12.9103
      vertex -9.34802 6.03239 12.9462
    endloop
  endfacet
  facet normal 0.157873 0.987459 -0
    outer loop
      vertex -9.16945 6.00385 5.6
      vertex -9.57945 6.0694 12.9103
      vertex -9.16945 6.00385 12.9554
    endloop
  endfacet
  facet normal 0.157873 0.987459 0
    outer loop
      vertex -9.57945 6.0694 12.9103
      vertex -9.16945 6.00385 5.6
      vertex -9.57945 6.0694 5.6
    endloop
  endfacet
  facet normal 0.524638 0.850292 -0.0419367
    outer loop
      vertex -8.85056 5.80719 12.9619
      vertex -8.9235 5.85217 12.9614
      vertex -8.88295 5.82717 12.9618
    endloop
  endfacet
  facet normal 0.524869 0.851175 0.00384223
    outer loop
      vertex -8.85056 5.80719 12.9619
      vertex -8.963 5.87653 12.9608
      vertex -8.9235 5.85217 12.9614
    endloop
  endfacet
  facet normal 0.5249 0.851164 -0
    outer loop
      vertex -8.85056 5.80719 5.6
      vertex -8.963 5.87653 12.9608
      vertex -8.85056 5.80719 12.9619
    endloop
  endfacet
  facet normal 0.524869 0.851183 -6.51483e-07
    outer loop
      vertex -8.963 5.87653 12.9608
      vertex -8.85056 5.80719 5.6
      vertex -9.00424 5.90196 12.9601
    endloop
  endfacet
  facet normal 0.524919 0.851152 8.01472e-07
    outer loop
      vertex -9.00424 5.90196 12.9601
      vertex -8.85056 5.80719 5.6
      vertex -9.04468 5.9269 12.9592
    endloop
  endfacet
  facet normal 0.524902 0.851162 1.87082e-07
    outer loop
      vertex -9.04468 5.9269 12.9592
      vertex -8.85056 5.80719 5.6
      vertex -9.08243 5.95018 12.9583
    endloop
  endfacet
  facet normal 0.524897 0.851166 -5.19923e-08
    outer loop
      vertex -9.08243 5.95018 12.9583
      vertex -8.85056 5.80719 5.6
      vertex -9.12044 5.97362 12.9572
    endloop
  endfacet
  facet normal 0.524936 0.851142 1.94666e-06
    outer loop
      vertex -9.12044 5.97362 12.9572
      vertex -8.85056 5.80719 5.6
      vertex -9.15496 5.99491 12.956
    endloop
  endfacet
  facet normal 0.52508 0.851053 1.01484e-05
    outer loop
      vertex -9.15496 5.99491 12.956
      vertex -8.85056 5.80719 5.6
      vertex -9.16945 6.00385 12.9554
    endloop
  endfacet
  facet normal 0.52491 0.851158 0
    outer loop
      vertex -9.16945 6.00385 12.9554
      vertex -8.85056 5.80719 5.6
      vertex -9.16945 6.00385 5.6
    endloop
  endfacet
  facet normal 0.820923 0.571039 0
    outer loop
      vertex -8.84407 5.79786 12.9621
      vertex -8.85056 5.80719 5.6
      vertex -8.85056 5.80719 12.9619
    endloop
  endfacet
  facet normal 0.82113 0.570742 -5.58347e-07
    outer loop
      vertex -8.80883 5.74716 12.9631
      vertex -8.85056 5.80719 5.6
      vertex -8.84407 5.79786 12.9621
    endloop
  endfacet
  facet normal 0.821221 0.57061 -2.15217e-06
    outer loop
      vertex -8.77388 5.69686 12.9638
      vertex -8.85056 5.80719 5.6
      vertex -8.80883 5.74716 12.9631
    endloop
  endfacet
  facet normal 0.821202 0.570638 -1.52595e-06
    outer loop
      vertex -8.74211 5.65114 12.9643
      vertex -8.85056 5.80719 5.6
      vertex -8.77388 5.69686 12.9638
    endloop
  endfacet
  facet normal 0.821141 0.570726 1.22701e-06
    outer loop
      vertex -8.71002 5.60497 12.9646
      vertex -8.85056 5.80719 5.6
      vertex -8.74211 5.65114 12.9643
    endloop
  endfacet
  facet normal 0.821197 0.570645 1.45721e-06
    outer loop
      vertex -8.62277 5.47943 5.6
      vertex -8.71002 5.60497 12.9646
      vertex -8.68294 5.566 12.9647
    endloop
  endfacet
  facet normal 0.821132 0.570739 -1.87467e-07
    outer loop
      vertex -8.62277 5.47943 5.6
      vertex -8.68294 5.566 12.9647
      vertex -8.6552 5.52609 12.9645
    endloop
  endfacet
  facet normal 0.821074 0.570822 -9.64648e-07
    outer loop
      vertex -8.62277 5.47943 5.6
      vertex -8.6552 5.52609 12.9645
      vertex -8.63385 5.49538 12.9643
    endloop
  endfacet
  facet normal 0.821283 0.570521 -0
    outer loop
      vertex -8.62277 5.47943 5.6
      vertex -8.63385 5.49538 12.9643
      vertex -8.62277 5.47943 12.9641
    endloop
  endfacet
  facet normal 0.82116 0.570698 1.03214e-07
    outer loop
      vertex -8.71002 5.60497 12.9646
      vertex -8.62277 5.47943 5.6
      vertex -8.85056 5.80719 5.6
    endloop
  endfacet
  facet normal 0.958401 0.285424 -0
    outer loop
      vertex -8.48611 5.02055 5.6
      vertex -8.62277 5.47943 12.9641
      vertex -8.48611 5.02055 12.9693
    endloop
  endfacet
  facet normal 0.958401 0.285424 0
    outer loop
      vertex -8.62277 5.47943 12.9641
      vertex -8.48611 5.02055 5.6
      vertex -8.62277 5.47943 5.6
    endloop
  endfacet
  facet normal 0.997031 0.0769963 -0
    outer loop
      vertex -8.44055 4.43059 5.6
      vertex -8.48611 5.02055 12.9693
      vertex -8.44055 4.43059 12.9823
    endloop
  endfacet
  facet normal 0.997031 0.0769963 0
    outer loop
      vertex -8.48611 5.02055 12.9693
      vertex -8.44055 4.43059 5.6
      vertex -8.48611 5.02055 5.6
    endloop
  endfacet
  facet normal 1 0 0
    outer loop
      vertex -8.44055 0 5.6
      vertex -8.44055 4.43059 12.9823
      vertex -8.44055 0 13.0969
    endloop
  endfacet
  facet normal 1 0 0
    outer loop
      vertex -8.44055 4.43059 12.9823
      vertex -8.44055 0 5.6
      vertex -8.44055 4.43059 5.6
    endloop
  endfacet
  facet normal 0 1 0
    outer loop
      vertex -8.44055 0 5.6
      vertex -6.37115 0 12.9949
      vertex -6.37115 0 5.6
    endloop
  endfacet
  facet normal 0 1 0
    outer loop
      vertex -6.37115 0 12.9949
      vertex -8.44055 0 5.6
      vertex -8.44055 0 13.0969
    endloop
  endfacet
  facet normal -1 0 0
    outer loop
      vertex -6.37115 0 5.6
      vertex -6.37115 4.9444 12.8669
      vertex -6.37115 4.9444 5.6
    endloop
  endfacet
  facet normal -1 -0 0
    outer loop
      vertex -6.37115 4.9444 12.8669
      vertex -6.37115 0 5.6
      vertex -6.37115 0 12.9949
    endloop
  endfacet
  facet normal -0.998857 -0.0478053 0
    outer loop
      vertex -6.37115 4.9444 5.6
      vertex -6.39754 5.4958 12.854
      vertex -6.39754 5.4958 5.6
    endloop
  endfacet
  facet normal -0.998857 -0.0478053 0
    outer loop
      vertex -6.39754 5.4958 12.854
      vertex -6.37115 4.9444 5.6
      vertex -6.37115 4.9444 12.8669
    endloop
  endfacet
  facet normal -0.987073 -0.160274 0
    outer loop
      vertex -6.39754 5.4958 5.6
      vertex -6.4767 5.98332 12.8453
      vertex -6.4767 5.98332 5.6
    endloop
  endfacet
  facet normal -0.987073 -0.160274 0
    outer loop
      vertex -6.4767 5.98332 12.8453
      vertex -6.39754 5.4958 5.6
      vertex -6.39754 5.4958 12.854
    endloop
  endfacet
  facet normal -0.954763 -0.297369 0
    outer loop
      vertex -6.4767 5.98332 5.6
      vertex -6.60864 6.40694 12.8408
      vertex -6.60864 6.40694 5.6
    endloop
  endfacet
  facet normal -0.954763 -0.297369 0
    outer loop
      vertex -6.60864 6.40694 12.8408
      vertex -6.4767 5.98332 5.6
      vertex -6.4767 5.98332 12.8453
    endloop
  endfacet
  facet normal -0.889558 -0.456822 0
    outer loop
      vertex -6.60864 6.40694 5.6
      vertex -6.79337 6.76666 12.8406
      vertex -6.79337 6.76666 5.6
    endloop
  endfacet
  facet normal -0.889558 -0.456822 0
    outer loop
      vertex -6.79337 6.76666 12.8406
      vertex -6.60864 6.40694 5.6
      vertex -6.60864 6.40694 12.8408
    endloop
  endfacet
  facet normal -0.779829 -0.625993 -0
    outer loop
      vertex -6.79337 6.76666 12.8406
      vertex -7.03085 7.0625 5.6
      vertex -6.79337 6.76666 5.6
    endloop
  endfacet
  facet normal -0.779829 -0.625993 0
    outer loop
      vertex -7.03085 7.0625 5.6
      vertex -6.79337 6.76666 12.8406
      vertex -7.03085 7.0625 12.8447
    endloop
  endfacet
  facet normal -0.634685 -0.772771 0
    outer loop
      vertex -7.32001 7.29999 5.6
      vertex -7.03085 7.0625 12.8447
      vertex -7.32001 7.29999 12.8528
    endloop
  endfacet
  facet normal -0.634685 -0.772771 -0
    outer loop
      vertex -7.03085 7.0625 12.8447
      vertex -7.32001 7.29999 5.6
      vertex -7.03085 7.0625 5.6
    endloop
  endfacet
  facet normal -0.477672 -0.878538 0
    outer loop
      vertex -7.65973 7.4847 5.6
      vertex -7.32001 7.29999 12.8528
      vertex -7.65973 7.4847 12.8647
    endloop
  endfacet
  facet normal -0.477672 -0.878538 -0
    outer loop
      vertex -7.32001 7.29999 12.8528
      vertex -7.65973 7.4847 5.6
      vertex -7.32001 7.29999 5.6
    endloop
  endfacet
  facet normal -0.320252 -0.947332 0
    outer loop
      vertex -8.05002 7.61664 5.6
      vertex -7.65973 7.4847 12.8647
      vertex -8.05002 7.61664 12.8806
    endloop
  endfacet
  facet normal -0.320252 -0.947332 -0
    outer loop
      vertex -7.65973 7.4847 12.8647
      vertex -8.05002 7.61664 5.6
      vertex -7.65973 7.4847 5.6
    endloop
  endfacet
  facet normal -0.177268 -0.984011 -0.0172654
    outer loop
      vertex -8.49084 7.6958 12.8997
      vertex -8.43843 7.68639 12.8979
      vertex -8.45888 7.69006 12.8987
    endloop
  endfacet
  facet normal -0.17684 -0.984233 -0.00362687
    outer loop
      vertex -8.49084 7.6958 12.8997
      vertex -8.41041 7.68136 12.8967
      vertex -8.43843 7.68639 12.8979
    endloop
  endfacet
  facet normal -0.17671 -0.984263 0
    outer loop
      vertex -8.49084 7.6958 5.6
      vertex -8.41041 7.68136 12.8967
      vertex -8.49084 7.6958 12.8997
    endloop
  endfacet
  facet normal -0.176756 -0.984255 5.23e-07
    outer loop
      vertex -8.41041 7.68136 12.8967
      vertex -8.49084 7.6958 5.6
      vertex -8.05002 7.61664 12.8806
    endloop
  endfacet
  facet normal -0.176747 -0.984256 -0
    outer loop
      vertex -8.05002 7.61664 12.8806
      vertex -8.49084 7.6958 5.6
      vertex -8.05002 7.61664 5.6
    endloop
  endfacet
  facet normal -0.0535239 -0.997454 0.0471169
    outer loop
      vertex -8.79243 7.712 12.9035
      vertex -8.71313 7.70774 12.9034
      vertex -8.7423 7.70931 12.9035
    endloop
  endfacet
  facet normal -0.0536072 -0.998562 -1.31575e-06
    outer loop
      vertex -8.98225 7.7222 5.6
      vertex -8.79243 7.712 12.9035
      vertex -8.84142 7.71463 12.9033
    endloop
  endfacet
  facet normal -0.0538416 -0.998549 3.21755e-06
    outer loop
      vertex -8.98225 7.7222 5.6
      vertex -8.84142 7.71463 12.9033
      vertex -8.86961 7.71615 12.9031
    endloop
  endfacet
  facet normal -0.0536427 -0.99856 -3.9102e-07
    outer loop
      vertex -8.79243 7.712 12.9035
      vertex -8.98225 7.7222 5.6
      vertex -8.71313 7.70774 12.9034
    endloop
  endfacet
  facet normal -0.0535992 -0.998563 -1.99947e-06
    outer loop
      vertex -8.71313 7.70774 12.9034
      vertex -8.98225 7.7222 5.6
      vertex -8.66376 7.70509 12.903
    endloop
  endfacet
  facet normal -0.0536649 -0.998559 4.84411e-07
    outer loop
      vertex -8.98225 7.7222 5.6
      vertex -8.86961 7.71615 12.9031
      vertex -8.91557 7.71862 12.9026
    endloop
  endfacet
  facet normal -0.0534468 -0.998571 -1.51348e-06
    outer loop
      vertex -8.98225 7.7222 5.6
      vertex -8.91557 7.71862 12.9026
      vertex -8.94154 7.72001 12.9022
    endloop
  endfacet
  facet normal -0.0536456 -0.99856 3.08575e-08
    outer loop
      vertex -8.49084 7.6958 5.6
      vertex -8.66376 7.70509 12.903
      vertex -8.98225 7.7222 5.6
    endloop
  endfacet
  facet normal -0.0537045 -0.998557 -1.36766e-06
    outer loop
      vertex -8.66376 7.70509 12.903
      vertex -8.49084 7.6958 5.6
      vertex -8.63494 7.70354 12.9027
    endloop
  endfacet
  facet normal -0.0537175 -0.998556 0
    outer loop
      vertex -8.98225 7.7222 5.6
      vertex -8.94154 7.72001 12.9022
      vertex -8.98225 7.7222 12.9014
    endloop
  endfacet
  facet normal -0.0536928 -0.998558 -1.13631e-06
    outer loop
      vertex -8.63494 7.70354 12.9027
      vertex -8.49084 7.6958 5.6
      vertex -8.58826 7.70103 12.902
    endloop
  endfacet
  facet normal -0.0535993 -0.998563 1.14658e-07
    outer loop
      vertex -8.58826 7.70103 12.902
      vertex -8.49084 7.6958 5.6
      vertex -8.56106 7.69957 12.9015
    endloop
  endfacet
  facet normal -0.0535158 -0.998567 9.2028e-07
    outer loop
      vertex -8.56106 7.69957 12.9015
      vertex -8.49084 7.6958 5.6
      vertex -8.51889 7.69731 12.9005
    endloop
  endfacet
  facet normal -0.0539533 -0.998543 -7.65433e-07
    outer loop
      vertex -8.51889 7.69731 12.9005
      vertex -8.49084 7.6958 5.6
      vertex -8.49446 7.69599 12.8998
    endloop
  endfacet
  facet normal -0.052414 -0.998625 0
    outer loop
      vertex -8.49446 7.69599 12.8998
      vertex -8.49084 7.6958 5.6
      vertex -8.49084 7.6958 12.8997
    endloop
  endfacet
  facet normal 0.0446467 -0.982227 -0.182307
    outer loop
      vertex -9.0056 7.72125 12.9008
      vertex -8.98225 7.7222 12.9014
      vertex -8.98269 7.72218 12.9014
    endloop
  endfacet
  facet normal 0.0407269 -0.99917 -0.00111001
    outer loop
      vertex -9.24199 7.71164 12.8779
      vertex -9.0056 7.72125 12.9008
      vertex -9.04071 7.71982 12.8998
    endloop
  endfacet
  facet normal 0.0407417 -0.999169 -0.00124636
    outer loop
      vertex -9.24199 7.71164 12.8779
      vertex -9.04071 7.71982 12.8998
      vertex -9.05937 7.71906 12.8991
    endloop
  endfacet
  facet normal 0.0397693 -0.99911 0.0140818
    outer loop
      vertex -9.10033 7.7174 12.897
      vertex -9.05937 7.71906 12.8991
      vertex -9.08658 7.71796 12.8979
    endloop
  endfacet
  facet normal 0.0404567 -0.999181 0.000730861
    outer loop
      vertex -9.12696 7.71632 12.8946
      vertex -9.05937 7.71906 12.8991
      vertex -9.10033 7.7174 12.897
    endloop
  endfacet
  facet normal 0.0415363 -0.999073 -0.0112966
    outer loop
      vertex -9.12696 7.71632 12.8946
      vertex -9.10033 7.7174 12.897
      vertex -9.11851 7.71666 12.8956
    endloop
  endfacet
  facet normal 0.0403814 -0.999183 0.00186227
    outer loop
      vertex -9.24199 7.71164 12.8779
      vertex -9.05937 7.71906 12.8991
      vertex -9.12696 7.71632 12.8946
    endloop
  endfacet
  facet normal 0.0406631 -0.999173 -0.000450145
    outer loop
      vertex -9.0056 7.72125 12.9008
      vertex -9.24199 7.71164 12.8779
      vertex -8.98225 7.7222 12.9014
    endloop
  endfacet
  facet normal 0.0406225 -0.999175 0
    outer loop
      vertex -8.98225 7.7222 5.6
      vertex -9.24199 7.71164 12.8779
      vertex -9.24199 7.71164 5.6
    endloop
  endfacet
  facet normal 0.0406225 -0.999175 0
    outer loop
      vertex -9.24199 7.71164 12.8779
      vertex -8.98225 7.7222 5.6
      vertex -8.98225 7.7222 12.9014
    endloop
  endfacet
  facet normal 0.122361 -0.992486 0
    outer loop
      vertex -9.24199 7.71164 5.6
      vertex -9.49895 7.67996 12.8417
      vertex -9.49895 7.67996 5.6
    endloop
  endfacet
  facet normal 0.122361 -0.992486 0
    outer loop
      vertex -9.49895 7.67996 12.8417
      vertex -9.24199 7.71164 5.6
      vertex -9.24199 7.71164 12.8779
    endloop
  endfacet
  facet normal 0.203327 -0.979111 0
    outer loop
      vertex -9.49895 7.67996 5.6
      vertex -9.75311 7.62718 12.807
      vertex -9.75311 7.62718 5.6
    endloop
  endfacet
  facet normal 0.203327 -0.979111 0
    outer loop
      vertex -9.75311 7.62718 12.807
      vertex -9.49895 7.67996 5.6
      vertex -9.49895 7.67996 12.8417
    endloop
  endfacet
  facet normal 0.281962 -0.959426 0
    outer loop
      vertex -9.75311 7.62718 5.6
      vertex -10.0045 7.5533 12.7738
      vertex -10.0045 7.5533 5.6
    endloop
  endfacet
  facet normal 0.281962 -0.959426 0
    outer loop
      vertex -10.0045 7.5533 12.7738
      vertex -9.75311 7.62718 5.6
      vertex -9.75311 7.62718 12.807
    endloop
  endfacet
  facet normal 0.356839 -0.934166 0
    outer loop
      vertex -10.0045 7.5533 5.6
      vertex -10.2532 7.4583 12.742
      vertex -10.2532 7.4583 5.6
    endloop
  endfacet
  facet normal 0.356839 -0.934166 0
    outer loop
      vertex -10.2532 7.4583 12.742
      vertex -10.0045 7.5533 5.6
      vertex -10.0045 7.5533 12.7738
    endloop
  endfacet
  facet normal 0.447346 -0.894353 0.00384668
    outer loop
      vertex -10.4895 7.33998 12.7129
      vertex -10.2532 7.4583 12.742
      vertex -10.4776 7.34594 12.7147
    endloop
  endfacet
  facet normal 0.447728 -0.89417 0
    outer loop
      vertex -10.2532 7.4583 5.6
      vertex -10.4895 7.33998 12.7129
      vertex -10.4895 7.33998 5.6
    endloop
  endfacet
  facet normal 0.447728 -0.89417 0
    outer loop
      vertex -10.4895 7.33998 12.7129
      vertex -10.2532 7.4583 5.6
      vertex -10.2532 7.4583 12.742
    endloop
  endfacet
  facet normal 0.556645 -0.83075 0
    outer loop
      vertex -10.4895 7.33998 5.6
      vertex -10.7042 7.19612 12.6838
      vertex -10.7042 7.19612 5.6
    endloop
  endfacet
  facet normal 0.556645 -0.83075 0
    outer loop
      vertex -10.7042 7.19612 12.6838
      vertex -10.4895 7.33998 5.6
      vertex -10.4895 7.33998 12.7129
    endloop
  endfacet
  facet normal 0.659579 -0.751636 0
    outer loop
      vertex -10.7042 7.19612 5.6
      vertex -10.8973 7.02667 12.6602
      vertex -10.8973 7.02667 5.6
    endloop
  endfacet
  facet normal 0.659579 -0.751636 0
    outer loop
      vertex -10.8973 7.02667 12.6602
      vertex -10.7042 7.19612 5.6
      vertex -10.7042 7.19612 12.6838
    endloop
  endfacet
  facet normal 0.751286 -0.659976 0
    outer loop
      vertex -11.0686 6.83167 12.6421
      vertex -10.8973 7.02667 5.6
      vertex -10.8973 7.02667 12.6602
    endloop
  endfacet
  facet normal 0.751286 -0.659976 0
    outer loop
      vertex -10.8973 7.02667 5.6
      vertex -11.0686 6.83167 12.6421
      vertex -11.0686 6.83167 5.6
    endloop
  endfacet
  facet normal 0.827254 -0.561829 0
    outer loop
      vertex -11.2184 6.6111 12.6294
      vertex -11.0686 6.83167 5.6
      vertex -11.0686 6.83167 12.6421
    endloop
  endfacet
  facet normal 0.827254 -0.561829 0
    outer loop
      vertex -11.0686 6.83167 5.6
      vertex -11.2184 6.6111 12.6294
      vertex -11.2184 6.6111 5.6
    endloop
  endfacet
  facet normal 0 -1 0
    outer loop
      vertex -11.2184 6.6111 5.6
      vertex -11.3988 6.6111 12.5973
      vertex -11.3988 6.6111 5.6
    endloop
  endfacet
  facet normal 0 -1 0
    outer loop
      vertex -11.3988 6.6111 12.5973
      vertex -11.2184 6.6111 5.6
      vertex -11.2184 6.6111 12.6294
    endloop
  endfacet
  facet normal -0.850655 -0.525724 0
    outer loop
      vertex -11.3988 6.6111 5.6
      vertex -11.5322 6.82695 12.5599
      vertex -11.5322 6.82695 5.6
    endloop
  endfacet
  facet normal -0.850655 -0.525724 0
    outer loop
      vertex -11.5322 6.82695 12.5599
      vertex -11.3988 6.6111 5.6
      vertex -11.3988 6.6111 12.5973
    endloop
  endfacet
  facet normal -0.776841 -0.629696 0
    outer loop
      vertex -11.5322 6.82695 5.6
      vertex -11.6878 7.01891 12.52
      vertex -11.6878 7.01891 5.6
    endloop
  endfacet
  facet normal -0.776841 -0.629696 0
    outer loop
      vertex -11.6878 7.01891 12.52
      vertex -11.5322 6.82695 5.6
      vertex -11.5322 6.82695 12.5599
    endloop
  endfacet
  facet normal -0.686921 -0.726732 0
    outer loop
      vertex -11.6878 7.01891 5.6
      vertex -11.8656 7.18697 12.4777
      vertex -11.8656 7.18697 5.6
    endloop
  endfacet
  facet normal -0.686921 -0.726732 0
    outer loop
      vertex -11.8656 7.18697 12.4777
      vertex -11.6878 7.01891 5.6
      vertex -11.6878 7.01891 12.52
    endloop
  endfacet
  facet normal -0.584732 -0.811226 0
    outer loop
      vertex -11.8656 7.18697 5.6
      vertex -12.0656 7.33113 12.433
      vertex -12.0656 7.33113 5.6
    endloop
  endfacet
  facet normal -0.584732 -0.811226 0
    outer loop
      vertex -12.0656 7.33113 12.433
      vertex -11.8656 7.18697 5.6
      vertex -11.8656 7.18697 12.4777
    endloop
  endfacet
  facet normal -0.472265 -0.881209 -0.0208801
    outer loop
      vertex -12.2879 7.45139 12.3856
      vertex -12.0656 7.33113 12.433
      vertex -12.2853 7.44998 12.3863
    endloop
  endfacet
  facet normal -0.475817 -0.879545 0
    outer loop
      vertex -12.0656 7.33113 5.6
      vertex -12.2879 7.45139 12.3856
      vertex -12.2879 7.45139 5.6
    endloop
  endfacet
  facet normal -0.475817 -0.879545 0
    outer loop
      vertex -12.2879 7.45139 12.3856
      vertex -12.0656 7.33113 5.6
      vertex -12.0656 7.33113 12.433
    endloop
  endfacet
  facet normal -0.373339 -0.927692 0.00226266
    outer loop
      vertex -12.305 7.45826 12.3808
      vertex -12.2879 7.45139 12.3856
      vertex -12.299 7.45585 12.3827
    endloop
  endfacet
  facet normal -0.376022 -0.926512 0.0135061
    outer loop
      vertex -12.5312 7.54887 12.299
      vertex -12.2879 7.45139 12.3856
      vertex -12.305 7.45826 12.3808
    endloop
  endfacet
  facet normal -0.371917 -0.928266 0
    outer loop
      vertex -12.2879 7.45139 5.6
      vertex -12.5312 7.54887 12.299
      vertex -12.5312 7.54887 5.6
    endloop
  endfacet
  facet normal -0.371917 -0.928266 0
    outer loop
      vertex -12.5312 7.54887 12.299
      vertex -12.2879 7.45139 5.6
      vertex -12.2879 7.45139 12.3856
    endloop
  endfacet
  facet normal -0.291995 -0.955159 0.0490934
    outer loop
      vertex -12.7945 7.62471 12.2085
      vertex -12.5312 7.54887 12.299
      vertex -12.7916 7.62388 12.2096
    endloop
  endfacet
  facet normal -0.276784 -0.960932 0
    outer loop
      vertex -12.5312 7.54887 5.6
      vertex -12.7945 7.62471 12.2085
      vertex -12.7945 7.62471 5.6
    endloop
  endfacet
  facet normal -0.276784 -0.960932 0
    outer loop
      vertex -12.7945 7.62471 12.2085
      vertex -12.5312 7.54887 5.6
      vertex -12.5312 7.54887 12.299
    endloop
  endfacet
  facet normal -0.186513 -0.982446 -0.00344468
    outer loop
      vertex -13.0778 7.67886 12.1039
      vertex -12.7945 7.62471 12.2085
      vertex -13.0636 7.67614 12.1108
    endloop
  endfacet
  facet normal -0.187741 -0.982218 0
    outer loop
      vertex -12.7945 7.62471 5.6
      vertex -13.0778 7.67886 12.1039
      vertex -13.0778 7.67886 5.6
    endloop
  endfacet
  facet normal -0.187741 -0.982218 0
    outer loop
      vertex -13.0778 7.67886 12.1039
      vertex -12.7945 7.62471 5.6
      vertex -12.7945 7.62471 12.2085
    endloop
  endfacet
  facet normal -0.106837 -0.994276 0.000516478
    outer loop
      vertex -13.3811 7.71136 11.9302
      vertex -13.0778 7.67886 12.1039
      vertex -13.0875 7.6799 12.0995
    endloop
  endfacet
  facet normal -0.106545 -0.994308 0
    outer loop
      vertex -13.0778 7.67886 5.6
      vertex -13.3811 7.71136 11.9302
      vertex -13.3811 7.71136 5.6
    endloop
  endfacet
  facet normal -0.106545 -0.994308 0
    outer loop
      vertex -13.3811 7.71136 11.9302
      vertex -13.0778 7.67886 5.6
      vertex -13.0778 7.67886 12.1039
    endloop
  endfacet
  facet normal -0.0335 -0.999439 0
    outer loop
      vertex -13.3811 7.71136 5.6
      vertex -13.7045 7.7222 11.7529
      vertex -13.7045 7.7222 5.6
    endloop
  endfacet
  facet normal -0.0335 -0.999439 0
    outer loop
      vertex -13.7045 7.7222 11.7529
      vertex -13.3811 7.71136 5.6
      vertex -13.3811 7.71136 11.9302
    endloop
  endfacet
  facet normal 0.0412374 -0.999149 -0.000887082
    outer loop
      vertex -13.9636 7.71164 11.6023
      vertex -13.7045 7.7222 11.7529
      vertex -13.7834 7.71898 11.7119
    endloop
  endfacet
  facet normal 0.0407227 -0.99917 0
    outer loop
      vertex -13.7045 7.7222 5.6
      vertex -13.9636 7.71164 11.6023
      vertex -13.9636 7.71164 5.6
    endloop
  endfacet
  facet normal 0.0407227 -0.99917 0
    outer loop
      vertex -13.9636 7.71164 11.6023
      vertex -13.7045 7.7222 5.6
      vertex -13.7045 7.7222 11.7529
    endloop
  endfacet
  facet normal 0.12268 -0.992446 0.000761018
    outer loop
      vertex -14.2189 7.67996 11.444
      vertex -13.9636 7.71164 11.6023
      vertex -14.011 7.70576 11.5753
    endloop
  endfacet
  facet normal 0.123145 -0.992389 0
    outer loop
      vertex -13.9636 7.71164 5.6
      vertex -14.2189 7.67996 11.444
      vertex -14.2189 7.67996 5.6
    endloop
  endfacet
  facet normal 0.123145 -0.992389 0
    outer loop
      vertex -14.2189 7.67996 11.444
      vertex -13.9636 7.71164 5.6
      vertex -13.9636 7.71164 11.6023
    endloop
  endfacet
  facet normal 0.205465 -0.978664 0
    outer loop
      vertex -14.2189 7.67996 5.6
      vertex -14.4703 7.62718 11.297
      vertex -14.4703 7.62718 5.6
    endloop
  endfacet
  facet normal 0.205465 -0.978664 0
    outer loop
      vertex -14.4703 7.62718 11.297
      vertex -14.2189 7.67996 5.6
      vertex -14.2189 7.67996 11.444
    endloop
  endfacet
  facet normal 0.286033 -0.95822 0
    outer loop
      vertex -14.4703 7.62718 5.6
      vertex -14.7178 7.5533 11.1644
      vertex -14.7178 7.5533 5.6
    endloop
  endfacet
  facet normal 0.286033 -0.95822 0
    outer loop
      vertex -14.7178 7.5533 11.1644
      vertex -14.4703 7.62718 5.6
      vertex -14.4703 7.62718 11.297
    endloop
  endfacet
  facet normal 0.363203 -0.93171 0
    outer loop
      vertex -14.7178 7.5533 5.6
      vertex -14.9615 7.4583 11.0461
      vertex -14.9615 7.4583 5.6
    endloop
  endfacet
  facet normal 0.363203 -0.93171 0
    outer loop
      vertex -14.9615 7.4583 11.0461
      vertex -14.7178 7.5533 5.6
      vertex -14.7178 7.5533 11.1644
    endloop
  endfacet
  facet normal 0.455416 -0.890279 0
    outer loop
      vertex -14.9615 7.4583 5.6
      vertex -15.1928 7.33998 10.9492
      vertex -15.1928 7.33998 5.6
    endloop
  endfacet
  facet normal 0.455416 -0.890279 0
    outer loop
      vertex -15.1928 7.33998 10.9492
      vertex -14.9615 7.4583 5.6
      vertex -14.9615 7.4583 11.0461
    endloop
  endfacet
  facet normal 0.563692 -0.825985 0
    outer loop
      vertex -15.1928 7.33998 5.6
      vertex -15.4036 7.19612 10.8808
      vertex -15.4036 7.19612 5.6
    endloop
  endfacet
  facet normal 0.563692 -0.825985 0
    outer loop
      vertex -15.4036 7.19612 10.8808
      vertex -15.1928 7.33998 5.6
      vertex -15.1928 7.33998 10.9492
    endloop
  endfacet
  facet normal 0.66452 -0.747264 0.00312345
    outer loop
      vertex -15.5939 7.02667 10.8277
      vertex -15.4036 7.19612 10.8808
      vertex -15.4807 7.12749 10.8647
    endloop
  endfacet
  facet normal 0.665009 -0.746835 0
    outer loop
      vertex -15.4036 7.19612 5.6
      vertex -15.5939 7.02667 10.8277
      vertex -15.5939 7.02667 5.6
    endloop
  endfacet
  facet normal 0.665009 -0.746835 0
    outer loop
      vertex -15.5939 7.02667 10.8277
      vertex -15.4036 7.19612 5.6
      vertex -15.4036 7.19612 10.8808
    endloop
  endfacet
  facet normal 0.754138 -0.656714 0.00160327
    outer loop
      vertex -15.7636 6.83167 10.7765
      vertex -15.5939 7.02667 10.8277
      vertex -15.6648 6.94522 10.8146
    endloop
  endfacet
  facet normal 0.754347 -0.656476 0
    outer loop
      vertex -15.5939 7.02667 10.8277
      vertex -15.7636 6.83167 10.7765
      vertex -15.5939 7.02667 5.6
    endloop
  endfacet
  facet normal 0.754347 -0.656476 0
    outer loop
      vertex -15.5939 7.02667 5.6
      vertex -15.7636 6.83167 10.7765
      vertex -15.7636 6.83167 5.6
    endloop
  endfacet
  facet normal 0.828299 -0.560286 0
    outer loop
      vertex -15.9128 6.6111 10.7458
      vertex -15.7636 6.83167 5.6
      vertex -15.7636 6.83167 10.7765
    endloop
  endfacet
  facet normal 0.828299 -0.560286 0
    outer loop
      vertex -15.7636 6.83167 5.6
      vertex -15.9128 6.6111 10.7458
      vertex -15.9128 6.6111 5.6
    endloop
  endfacet
  facet normal 0 -1 0
    outer loop
      vertex -16.024 6.6111 10.6311
      vertex -15.9128 6.6111 10.7458
      vertex -15.9816 6.6111 10.676
    endloop
  endfacet
  facet normal 0 -1 0
    outer loop
      vertex -15.9128 6.6111 5.6
      vertex -16.024 6.6111 10.6311
      vertex -16.024 6.6111 5.6
    endloop
  endfacet
  facet normal 0 -1 0
    outer loop
      vertex -16.024 6.6111 10.6311
      vertex -15.9128 6.6111 5.6
      vertex -15.9128 6.6111 10.7458
    endloop
  endfacet
  facet normal -0.961543 -0.274656 0
    outer loop
      vertex -16.024 6.6111 5.6
      vertex -16.3017 7.5833 9.80427
      vertex -16.3017 7.5833 5.6
    endloop
  endfacet
  facet normal -0.961543 -0.274656 0
    outer loop
      vertex -16.3017 7.5833 9.80427
      vertex -16.024 6.6111 5.6
      vertex -16.024 6.6111 10.6311
    endloop
  endfacet
  facet normal 0 -1 0
    outer loop
      vertex -16.3017 7.5833 5.6
      vertex -17.8851 7.5833 8.12176
      vertex -17.8851 7.5833 5.6
    endloop
  endfacet
  facet normal 0 -1 0
    outer loop
      vertex -17.8851 7.5833 8.12176
      vertex -16.3017 7.5833 5.6
      vertex -16.3017 7.5833 9.80427
    endloop
  endfacet
  facet normal 1 0 0
    outer loop
      vertex -17.8851 4.55178 9.77974
      vertex -17.8851 7.5833 5.6
      vertex -17.8851 7.5833 8.12176
    endloop
  endfacet
  facet normal 1 0 0
    outer loop
      vertex -17.8851 0 5.6
      vertex -17.8851 4.55178 9.77974
      vertex -17.8851 3.78135 10.1867
    endloop
  endfacet
  facet normal 1 0 0
    outer loop
      vertex -17.8851 0 5.6
      vertex -17.8851 3.78135 10.1867
      vertex -17.8851 3.65537 10.2528
    endloop
  endfacet
  facet normal 1 0 0
    outer loop
      vertex -17.8851 0 5.6
      vertex -17.8851 3.65537 10.2528
      vertex -17.8851 2.45269 10.7955
    endloop
  endfacet
  facet normal 1 0 0
    outer loop
      vertex -17.8851 0 5.6
      vertex -17.8851 2.45269 10.7955
      vertex -17.8851 1.85336 11.046
    endloop
  endfacet
  facet normal 1 0 0
    outer loop
      vertex -17.8851 0 5.6
      vertex -17.8851 1.85336 11.046
      vertex -17.8851 1.80626 11.0651
    endloop
  endfacet
  facet normal 1 0 0
    outer loop
      vertex -17.8851 0 5.6
      vertex -17.8851 1.80626 11.0651
      vertex -17.8851 0.98923 11.3059
    endloop
  endfacet
  facet normal 1 0 0
    outer loop
      vertex -17.8851 0 5.6
      vertex -17.8851 0.98923 11.3059
      vertex -17.8851 0.187088 11.5227
    endloop
  endfacet
  facet normal 1 0 0
    outer loop
      vertex -17.8851 0 5.6
      vertex -17.8851 0.187088 11.5227
      vertex -17.8851 0.107726 11.5357
    endloop
  endfacet
  facet normal 1 0 0
    outer loop
      vertex -17.8851 0 5.6
      vertex -17.8851 0.107726 11.5357
      vertex -17.8851 0 11.5529
    endloop
  endfacet
  facet normal 1 0 0
    outer loop
      vertex -17.8851 4.55178 9.77974
      vertex -17.8851 0 5.6
      vertex -17.8851 7.5833 5.6
    endloop
  endfacet
  facet normal 0 1 -0
    outer loop
      vertex -15.8156 0 5.6
      vertex -16.6952 0 11.9719
      vertex -15.8156 0 12.1567
    endloop
  endfacet
  facet normal 0 1 0
    outer loop
      vertex -16.6952 0 11.9719
      vertex -15.8156 0 5.6
      vertex -17.0387 0 11.8873
    endloop
  endfacet
  facet normal 0 1 0
    outer loop
      vertex -17.0387 0 11.8873
      vertex -15.8156 0 5.6
      vertex -17.05 0 11.8843
    endloop
  endfacet
  facet normal 0 1 0
    outer loop
      vertex -17.05 0 11.8843
      vertex -15.8156 0 5.6
      vertex -17.5281 0 11.7125
    endloop
  endfacet
  facet normal 0 1 0
    outer loop
      vertex -17.5281 0 11.7125
      vertex -15.8156 0 5.6
      vertex -17.8851 0 11.5529
    endloop
  endfacet
  facet normal 0 1 0
    outer loop
      vertex -17.8851 0 11.5529
      vertex -15.8156 0 5.6
      vertex -17.8851 0 5.6
    endloop
  endfacet
  facet normal -1 0 0
    outer loop
      vertex -15.8156 3.5694 5.6
      vertex -15.8156 2.56865 12.0148
      vertex -15.8156 3.5694 11.8929
    endloop
  endfacet
  facet normal -1 0 0
    outer loop
      vertex -15.8156 3.5694 5.6
      vertex -15.8156 2.53899 12.0172
      vertex -15.8156 2.56865 12.0148
    endloop
  endfacet
  facet normal -1 0 0
    outer loop
      vertex -15.8156 3.5694 5.6
      vertex -15.8156 2.18748 12.0409
      vertex -15.8156 2.53899 12.0172
    endloop
  endfacet
  facet normal -1 0 0
    outer loop
      vertex -15.8156 0 5.6
      vertex -15.8156 2.18748 12.0409
      vertex -15.8156 3.5694 5.6
    endloop
  endfacet
  facet normal -1 -0 0
    outer loop
      vertex -15.8156 2.18748 12.0409
      vertex -15.8156 0 5.6
      vertex -15.8156 0 12.1567
    endloop
  endfacet
  facet normal -0.0495754 0.99877 0
    outer loop
      vertex 15.8061 -0.133606 5.6
      vertex 16.1252 -0.117767 11.6442
      vertex 16.1252 -0.117767 5.6
    endloop
  endfacet
  facet normal -0.0495754 0.99877 0
    outer loop
      vertex 16.1252 -0.117767 11.6442
      vertex 15.8061 -0.133606 5.6
      vertex 15.8061 -0.133606 11.6673
    endloop
  endfacet
  facet normal -0.0880604 0.996115 0
    outer loop
      vertex 16.1252 -0.117767 5.6
      vertex 16.4238 -0.0913696 11.6228
      vertex 16.4238 -0.0913696 5.6
    endloop
  endfacet
  facet normal -0.0880604 0.996115 0
    outer loop
      vertex 16.4238 -0.0913696 11.6228
      vertex 16.1252 -0.117767 5.6
      vertex 16.1252 -0.117767 11.6442
    endloop
  endfacet
  facet normal -0.131732 0.991285 0
    outer loop
      vertex 16.4238 -0.0913696 5.6
      vertex 16.7019 -0.0544128 11.6032
      vertex 16.7019 -0.0544128 5.6
    endloop
  endfacet
  facet normal -0.131732 0.991285 0
    outer loop
      vertex 16.7019 -0.0544128 11.6032
      vertex 16.4238 -0.0913696 5.6
      vertex 16.4238 -0.0913696 11.6228
    endloop
  endfacet
  facet normal -0.181532 0.983385 0
    outer loop
      vertex 16.7019 -0.0544128 5.6
      vertex 16.9593 -0.00689697 11.5853
      vertex 16.9593 -0.00689697 5.6
    endloop
  endfacet
  facet normal -0.181532 0.983385 0
    outer loop
      vertex 16.9593 -0.00689697 11.5853
      vertex 16.7019 -0.0544128 5.6
      vertex 16.7019 -0.0544128 11.6032
    endloop
  endfacet
  facet normal -0.232721 0.972544 0
    outer loop
      vertex 16.9593 -0.00689697 5.6
      vertex 17.2041 0.0516815 11.5687
      vertex 17.2041 0.0516815 5.6
    endloop
  endfacet
  facet normal -0.232721 0.972544 0
    outer loop
      vertex 17.2041 0.0516815 11.5687
      vertex 16.9593 -0.00689697 5.6
      vertex 16.9593 -0.00689697 11.5853
    endloop
  endfacet
  facet normal -0.281365 0.959601 0
    outer loop
      vertex 17.2041 0.0516815 5.6
      vertex 17.4438 0.121964 11.5526
      vertex 17.4438 0.121964 5.6
    endloop
  endfacet
  facet normal -0.281365 0.959601 0
    outer loop
      vertex 17.4438 0.121964 11.5526
      vertex 17.2041 0.0516815 5.6
      vertex 17.2041 0.0516815 11.5687
    endloop
  endfacet
  facet normal -0.329487 0.94416 0
    outer loop
      vertex 17.4438 0.121964 5.6
      vertex 17.6786 0.203903 11.5373
      vertex 17.6786 0.203903 5.6
    endloop
  endfacet
  facet normal -0.329487 0.94416 0
    outer loop
      vertex 17.6786 0.203903 11.5373
      vertex 17.4438 0.121964 5.6
      vertex 17.4438 0.121964 11.5526
    endloop
  endfacet
  facet normal -0.377406 0.926048 0
    outer loop
      vertex 17.6786 0.203903 5.6
      vertex 17.9083 0.297516 11.5225
      vertex 17.9083 0.297516 5.6
    endloop
  endfacet
  facet normal -0.377406 0.926048 0
    outer loop
      vertex 17.9083 0.297516 11.5225
      vertex 17.6786 0.203903 5.6
      vertex 17.6786 0.203903 11.5373
    endloop
  endfacet
  facet normal -0.424242 0.905549 0
    outer loop
      vertex 17.9083 0.297516 5.6
      vertex 18.133 0.402786 11.5084
      vertex 18.133 0.402786 5.6
    endloop
  endfacet
  facet normal -0.424242 0.905549 0
    outer loop
      vertex 18.133 0.402786 11.5084
      vertex 17.9083 0.297516 5.6
      vertex 17.9083 0.297516 11.5225
    endloop
  endfacet
  facet normal -1 0 0
    outer loop
      vertex 18.133 0.402786 11.5084
      vertex 18.133 2 5.6
      vertex 18.133 0.402786 5.6
    endloop
  endfacet
  facet normal -1 0 0
    outer loop
      vertex 18.133 2 5.6
      vertex 18.133 0.402786 11.5084
      vertex 18.133 2 11.5451
    endloop
  endfacet
  facet normal 0.415142 -0.909757 0
    outer loop
      vertex 17.8791 1.88414 5.6
      vertex 18.133 2 11.5451
      vertex 17.8791 1.88414 11.5612
    endloop
  endfacet
  facet normal 0.415142 -0.909757 0
    outer loop
      vertex 18.133 2 11.5451
      vertex 17.8791 1.88414 5.6
      vertex 18.133 2 5.6
    endloop
  endfacet
  facet normal 0.380475 -0.924791 0
    outer loop
      vertex 17.6286 1.78108 5.6
      vertex 17.8791 1.88414 11.5612
      vertex 17.6286 1.78108 11.5772
    endloop
  endfacet
  facet normal 0.380475 -0.924791 0
    outer loop
      vertex 17.8791 1.88414 11.5612
      vertex 17.6286 1.78108 5.6
      vertex 17.8791 1.88414 5.6
    endloop
  endfacet
  facet normal 0.342926 -0.939362 0
    outer loop
      vertex 17.3813 1.6908 5.6
      vertex 17.6286 1.78108 11.5772
      vertex 17.3813 1.6908 11.5934
    endloop
  endfacet
  facet normal 0.342926 -0.939362 0
    outer loop
      vertex 17.6286 1.78108 11.5772
      vertex 17.3813 1.6908 5.6
      vertex 17.6286 1.78108 5.6
    endloop
  endfacet
  facet normal 0.302797 -0.953055 0
    outer loop
      vertex 17.1374 1.61331 5.6
      vertex 17.3813 1.6908 11.5934
      vertex 17.1374 1.61331 11.6095
    endloop
  endfacet
  facet normal 0.302797 -0.953055 0
    outer loop
      vertex 17.3813 1.6908 11.5934
      vertex 17.1374 1.61331 5.6
      vertex 17.3813 1.6908 5.6
    endloop
  endfacet
  facet normal 0.259723 -0.965683 0
    outer loop
      vertex 16.8968 1.5486 5.6
      vertex 17.1374 1.61331 11.6095
      vertex 16.8968 1.5486 11.6257
    endloop
  endfacet
  facet normal 0.259723 -0.965683 0
    outer loop
      vertex 17.1374 1.61331 11.6095
      vertex 16.8968 1.5486 5.6
      vertex 17.1374 1.61331 5.6
    endloop
  endfacet
  facet normal 0.209983 -0.977705 0
    outer loop
      vertex 16.6524 1.49611 5.6
      vertex 16.8968 1.5486 11.6257
      vertex 16.6524 1.49611 11.6425
    endloop
  endfacet
  facet normal 0.209983 -0.977705 0
    outer loop
      vertex 16.8968 1.5486 11.6257
      vertex 16.6524 1.49611 5.6
      vertex 16.8968 1.5486 5.6
    endloop
  endfacet
  facet normal 0.157802 -0.987471 0
    outer loop
      vertex 16.3969 1.45528 5.6
      vertex 16.6524 1.49611 11.6425
      vertex 16.3969 1.45528 11.6604
    endloop
  endfacet
  facet normal 0.157802 -0.987471 0
    outer loop
      vertex 16.6524 1.49611 11.6425
      vertex 16.3969 1.45528 5.6
      vertex 16.6524 1.49611 5.6
    endloop
  endfacet
  facet normal 0.108689 -0.994076 0
    outer loop
      vertex 16.1302 1.42612 5.6
      vertex 16.3969 1.45528 11.6604
      vertex 16.1302 1.42612 11.6793
    endloop
  endfacet
  facet normal 0.108689 -0.994076 0
    outer loop
      vertex 16.3969 1.45528 11.6604
      vertex 16.1302 1.42612 5.6
      vertex 16.3969 1.45528 5.6
    endloop
  endfacet
  facet normal 0.0628346 -0.998024 0
    outer loop
      vertex 15.8524 1.40863 5.6
      vertex 16.1302 1.42612 11.6793
      vertex 15.8524 1.40863 11.6994
    endloop
  endfacet
  facet normal 0.0628346 -0.998024 0
    outer loop
      vertex 16.1302 1.42612 11.6793
      vertex 15.8524 1.40863 5.6
      vertex 16.1302 1.42612 5.6
    endloop
  endfacet
  facet normal 0.0202105 -0.999796 0
    outer loop
      vertex 15.5635 1.40279 5.6
      vertex 15.8524 1.40863 11.6994
      vertex 15.5635 1.40279 11.7205
    endloop
  endfacet
  facet normal 0.0202105 -0.999796 0
    outer loop
      vertex 15.8524 1.40863 11.6994
      vertex 15.5635 1.40279 5.6
      vertex 15.8524 1.40863 5.6
    endloop
  endfacet
  facet normal -0.0596486 -0.998219 0
    outer loop
      vertex 15.2288 1.42279 5.6
      vertex 15.5635 1.40279 11.7205
      vertex 15.2288 1.42279 11.7456
    endloop
  endfacet
  facet normal -0.0596486 -0.998219 -0
    outer loop
      vertex 15.5635 1.40279 11.7205
      vertex 15.2288 1.42279 5.6
      vertex 15.5635 1.40279 5.6
    endloop
  endfacet
  facet normal -0.19351 -0.981098 0
    outer loop
      vertex 14.9246 1.48279 5.6
      vertex 15.2288 1.42279 11.7456
      vertex 14.9246 1.48279 11.7694
    endloop
  endfacet
  facet normal -0.19351 -0.981098 -0
    outer loop
      vertex 15.2288 1.42279 11.7456
      vertex 14.9246 1.48279 5.6
      vertex 15.2288 1.42279 5.6
    endloop
  endfacet
  facet normal -0.343286 -0.939231 0
    outer loop
      vertex 14.651 1.58279 5.6
      vertex 14.9246 1.48279 11.7694
      vertex 14.651 1.58279 11.7918
    endloop
  endfacet
  facet normal -0.343286 -0.939231 -0
    outer loop
      vertex 14.9246 1.48279 11.7694
      vertex 14.651 1.58279 5.6
      vertex 14.9246 1.48279 5.6
    endloop
  endfacet
  facet normal -0.499054 -0.866571 0
    outer loop
      vertex 14.4079 1.72279 5.6
      vertex 14.651 1.58279 11.7918
      vertex 14.4079 1.72279 11.8129
    endloop
  endfacet
  facet normal -0.499054 -0.866571 -0
    outer loop
      vertex 14.651 1.58279 11.7918
      vertex 14.4079 1.72279 5.6
      vertex 14.651 1.58279 5.6
    endloop
  endfacet
  facet normal -0.646345 -0.763046 0
    outer loop
      vertex 14.1954 1.90279 5.6
      vertex 14.4079 1.72279 11.8129
      vertex 14.1954 1.90279 11.8327
    endloop
  endfacet
  facet normal -0.646345 -0.763046 -0
    outer loop
      vertex 14.4079 1.72279 11.8129
      vertex 14.1954 1.90279 5.6
      vertex 14.4079 1.72279 5.6
    endloop
  endfacet
  facet normal -0.769232 -0.63897 -0
    outer loop
      vertex 14.1954 1.90279 11.8327
      vertex 14.0168 2.1178 5.6
      vertex 14.1954 1.90279 5.6
    endloop
  endfacet
  facet normal -0.769232 -0.63897 0
    outer loop
      vertex 14.0168 2.1178 5.6
      vertex 14.1954 1.90279 11.8327
      vertex 14.0168 2.1178 11.8508
    endloop
  endfacet
  facet normal -0.866247 -0.499615 -0
    outer loop
      vertex 14.0168 2.1178 11.8508
      vertex 13.8755 2.36279 5.6
      vertex 14.0168 2.1178 5.6
    endloop
  endfacet
  facet normal -0.866247 -0.499615 0
    outer loop
      vertex 13.8755 2.36279 5.6
      vertex 14.0168 2.1178 11.8508
      vertex 13.8755 2.36279 11.8669
    endloop
  endfacet
  facet normal -0.935122 -0.354326 -0
    outer loop
      vertex 13.8755 2.36279 11.8669
      vertex 13.7713 2.63779 5.6
      vertex 13.8755 2.36279 5.6
    endloop
  endfacet
  facet normal -0.935122 -0.354326 0
    outer loop
      vertex 13.7713 2.63779 5.6
      vertex 13.8755 2.36279 11.8669
      vertex 13.7713 2.63779 11.8808
    endloop
  endfacet
  facet normal -0.976779 -0.214251 -0
    outer loop
      vertex 13.7713 2.63779 11.8808
      vertex 13.7044 2.94279 5.6
      vertex 13.7713 2.63779 5.6
    endloop
  endfacet
  facet normal -0.976779 -0.214251 0
    outer loop
      vertex 13.7044 2.94279 5.6
      vertex 13.7713 2.63779 11.8808
      vertex 13.7044 2.94279 11.8928
    endloop
  endfacet
  facet normal -0.996067 -0.0886053 -0
    outer loop
      vertex 13.7044 2.94279 11.8928
      vertex 13.6746 3.27779 5.6
      vertex 13.7044 2.94279 5.6
    endloop
  endfacet
  facet normal -0.996067 -0.0886053 0
    outer loop
      vertex 13.6746 3.27779 5.6
      vertex 13.7044 2.94279 11.8928
      vertex 13.6746 3.27779 11.9027
    endloop
  endfacet
  facet normal 0 1 0
    outer loop
      vertex 13.6746 3.27779 5.6
      vertex 18.5635 3.27779 11.5429
      vertex 18.5635 3.27779 5.6
    endloop
  endfacet
  facet normal 0 1 0
    outer loop
      vertex 18.5635 3.27779 11.5429
      vertex 13.6746 3.27779 5.6
      vertex 13.6746 3.27779 11.9027
    endloop
  endfacet
  facet normal -1 0 0
    outer loop
      vertex 18.5635 3.27779 11.5429
      vertex 18.5635 4.27779 5.6
      vertex 18.5635 3.27779 5.6
    endloop
  endfacet
  facet normal -1 0 0
    outer loop
      vertex 18.5635 4.27779 5.6
      vertex 18.5635 3.27779 11.5429
      vertex 18.5635 4.27779 11.5659
    endloop
  endfacet
  facet normal -0.998321 -0.0579205 -0
    outer loop
      vertex 18.5635 4.27779 11.5659
      vertex 18.5269 4.90863 5.6
      vertex 18.5635 4.27779 5.6
    endloop
  endfacet
  facet normal -0.998321 -0.0579205 0
    outer loop
      vertex 18.5269 4.90863 5.6
      vertex 18.5635 4.27779 11.5659
      vertex 18.5269 4.90863 11.5831
    endloop
  endfacet
  facet normal -0.981901 -0.189397 -0
    outer loop
      vertex 18.5269 4.90863 11.5831
      vertex 18.4169 5.47891 5.6
      vertex 18.5269 4.90863 5.6
    endloop
  endfacet
  facet normal -0.981901 -0.189397 0
    outer loop
      vertex 18.4169 5.47891 5.6
      vertex 18.5269 4.90863 11.5831
      vertex 18.4169 5.47891 11.6043
    endloop
  endfacet
  facet normal -0.941043 -0.338287 0
    outer loop
      vertex 18.2335 5.98863 5.6
      vertex 18.2604 5.9138 11.6238
      vertex 18.2335 5.98863 11.6249
    endloop
  endfacet
  facet normal -0.940947 -0.338554 -3.73924e-06
    outer loop
      vertex 18.2335 5.98863 5.6
      vertex 18.2633 5.90574 11.6236
      vertex 18.2604 5.9138 11.6238
    endloop
  endfacet
  facet normal -0.940599 -0.33952 -1.87606e-05
    outer loop
      vertex 18.2335 5.98863 5.6
      vertex 18.266 5.89826 11.6234
      vertex 18.2633 5.90574 11.6236
    endloop
  endfacet
  facet normal -0.940729 -0.339158 -1.26162e-05
    outer loop
      vertex 18.2335 5.98863 5.6
      vertex 18.2972 5.81172 11.6207
      vertex 18.266 5.89826 11.6234
    endloop
  endfacet
  facet normal -0.941575 -0.336802 6.55605e-05
    outer loop
      vertex 18.2335 5.98863 5.6
      vertex 18.2995 5.80529 11.6205
      vertex 18.2972 5.81172 11.6207
    endloop
  endfacet
  facet normal -0.940946 -0.338557 -0
    outer loop
      vertex 18.4169 5.47891 11.6043
      vertex 18.2335 5.98863 5.6
      vertex 18.4169 5.47891 5.6
    endloop
  endfacet
  facet normal -0.940976 -0.338473 8.11138e-06
    outer loop
      vertex 18.2335 5.98863 5.6
      vertex 18.4169 5.47891 11.6043
      vertex 18.2995 5.80529 11.6205
    endloop
  endfacet
  facet normal -0.868287 -0.496063 0
    outer loop
      vertex 17.9769 6.43779 5.6
      vertex 18.1592 6.1187 11.6268
      vertex 17.9769 6.43779 11.6275
    endloop
  endfacet
  facet normal -0.868295 -0.496047 1.08224e-06
    outer loop
      vertex 18.2335 5.98863 5.6
      vertex 18.1592 6.1187 11.6268
      vertex 17.9769 6.43779 5.6
    endloop
  endfacet
  facet normal -0.870438 -0.492277 -0.000106698
    outer loop
      vertex 18.1592 6.1187 11.6268
      vertex 18.2335 5.98863 5.6
      vertex 18.1636 6.11092 11.6267
    endloop
  endfacet
  facet normal -0.868175 -0.496258 3.15723e-07
    outer loop
      vertex 18.1636 6.11092 11.6267
      vertex 18.2335 5.98863 5.6
      vertex 18.2176 6.01645 11.6256
    endloop
  endfacet
  facet normal -0.86507 -0.501652 3.34163e-05
    outer loop
      vertex 18.2176 6.01645 11.6256
      vertex 18.2335 5.98863 5.6
      vertex 18.2221 6.00869 11.6254
    endloop
  endfacet
  facet normal -0.869414 -0.494084 0
    outer loop
      vertex 18.2221 6.00869 11.6254
      vertex 18.2335 5.98863 5.6
      vertex 18.2335 5.98863 11.6249
    endloop
  endfacet
  facet normal -0.762143 -0.647409 -0
    outer loop
      vertex 17.9769 6.43779 11.6275
      vertex 17.6468 6.82639 5.6
      vertex 17.9769 6.43779 5.6
    endloop
  endfacet
  facet normal -0.762143 -0.647409 0
    outer loop
      vertex 17.6468 6.82639 5.6
      vertex 17.9769 6.43779 11.6275
      vertex 17.6468 6.82639 11.6338
    endloop
  endfacet
  facet normal -0.63464 -0.772808 0
    outer loop
      vertex 17.2541 7.14888 5.6
      vertex 17.6468 6.82639 11.6338
      vertex 17.2541 7.14888 11.6448
    endloop
  endfacet
  facet normal -0.63464 -0.772808 -0
    outer loop
      vertex 17.6468 6.82639 11.6338
      vertex 17.2541 7.14888 5.6
      vertex 17.6468 6.82639 5.6
    endloop
  endfacet
  facet normal -0.491132 -0.871085 0
    outer loop
      vertex 16.8091 7.3997 5.6
      vertex 16.9155 7.33971 11.6565
      vertex 16.8091 7.3997 11.6601
    endloop
  endfacet
  facet normal -0.490697 -0.87133 -1.00654e-05
    outer loop
      vertex 16.9155 7.33971 11.6565
      vertex 16.8091 7.3997 5.6
      vertex 16.9288 7.33222 11.6561
    endloop
  endfacet
  facet normal -0.490991 -0.871165 -2.40659e-06
    outer loop
      vertex 16.9288 7.33222 11.6561
      vertex 16.8091 7.3997 5.6
      vertex 17.2541 7.14888 11.6448
    endloop
  endfacet
  facet normal -0.491016 -0.871151 -0
    outer loop
      vertex 17.2541 7.14888 11.6448
      vertex 16.8091 7.3997 5.6
      vertex 17.2541 7.14888 5.6
    endloop
  endfacet
  facet normal -0.339008 -0.940783 0
    outer loop
      vertex 16.3119 7.57886 5.6
      vertex 16.5714 7.48535 11.6694
      vertex 16.3119 7.57886 11.6786
    endloop
  endfacet
  facet normal -0.339114 -0.940745 5.11915e-06
    outer loop
      vertex 16.5714 7.48535 11.6694
      vertex 16.3119 7.57886 5.6
      vertex 16.5967 7.47623 11.6684
    endloop
  endfacet
  facet normal -0.338978 -0.940794 -2.08953e-06
    outer loop
      vertex 16.5967 7.47623 11.6684
      vertex 16.3119 7.57886 5.6
      vertex 16.8091 7.3997 11.6601
    endloop
  endfacet
  facet normal -0.339001 -0.940786 -0
    outer loop
      vertex 16.8091 7.3997 11.6601
      vertex 16.3119 7.57886 5.6
      vertex 16.8091 7.3997 5.6
    endloop
  endfacet
  facet normal -0.191993 -0.981396 0
    outer loop
      vertex 15.7624 7.68636 5.6
      vertex 16.3119 7.57886 11.6786
      vertex 15.7624 7.68636 11.7027
    endloop
  endfacet
  facet normal -0.191993 -0.981396 -0
    outer loop
      vertex 16.3119 7.57886 11.6786
      vertex 15.7624 7.68636 5.6
      vertex 16.3119 7.57886 5.6
    endloop
  endfacet
  facet normal -0.0594598 -0.998231 0
    outer loop
      vertex 15.1607 7.7222 5.6
      vertex 15.1837 7.72083 11.7318
      vertex 15.1607 7.7222 11.7329
    endloop
  endfacet
  facet normal -0.059395 -0.998235 -2.44149e-07
    outer loop
      vertex 15.1837 7.72083 11.7318
      vertex 15.1607 7.7222 5.6
      vertex 15.2437 7.71726 11.7288
    endloop
  endfacet
  facet normal -0.0594665 -0.99823 7.28627e-07
    outer loop
      vertex 15.2437 7.71726 11.7288
      vertex 15.1607 7.7222 5.6
      vertex 15.7624 7.68636 11.7027
    endloop
  endfacet
  facet normal -0.0594592 -0.998231 -0
    outer loop
      vertex 15.7624 7.68636 11.7027
      vertex 15.1607 7.7222 5.6
      vertex 15.7624 7.68636 5.6
    endloop
  endfacet
  facet normal 0.0425804 -0.999093 0
    outer loop
      vertex 14.7435 7.70441 5.6
      vertex 14.7855 7.7062 11.7521
      vertex 14.7435 7.70441 11.7542
    endloop
  endfacet
  facet normal 0.0424439 -0.999099 9.33769e-07
    outer loop
      vertex 14.7855 7.7062 11.7521
      vertex 14.7435 7.70441 5.6
      vertex 14.8274 7.70798 11.75
    endloop
  endfacet
  facet normal 0.0426254 -0.999091 -1.54742e-06
    outer loop
      vertex 14.8274 7.70798 11.75
      vertex 14.7435 7.70441 5.6
      vertex 15.1607 7.7222 11.7329
    endloop
  endfacet
  facet normal 0.0426027 -0.999092 0
    outer loop
      vertex 15.1607 7.7222 11.7329
      vertex 14.7435 7.70441 5.6
      vertex 15.1607 7.7222 5.6
    endloop
  endfacet
  facet normal 0.133434 -0.991058 0
    outer loop
      vertex 14.3474 7.65108 5.6
      vertex 14.7435 7.70441 11.7542
      vertex 14.3474 7.65108 11.7751
    endloop
  endfacet
  facet normal 0.133434 -0.991058 0
    outer loop
      vertex 14.7435 7.70441 11.7542
      vertex 14.3474 7.65108 5.6
      vertex 14.7435 7.70441 5.6
    endloop
  endfacet
  facet normal 0.230673 -0.973031 0
    outer loop
      vertex 13.9724 7.56218 5.6
      vertex 14.3474 7.65108 11.7751
      vertex 13.9724 7.56218 11.7959
    endloop
  endfacet
  facet normal 0.230673 -0.973031 0
    outer loop
      vertex 14.3474 7.65108 11.7751
      vertex 13.9724 7.56218 5.6
      vertex 14.3474 7.65108 5.6
    endloop
  endfacet
  facet normal 0.331787 -0.943354 0
    outer loop
      vertex 13.6185 7.43771 5.6
      vertex 13.9724 7.56218 11.7959
      vertex 13.6185 7.43771 11.8166
    endloop
  endfacet
  facet normal 0.331787 -0.943354 0
    outer loop
      vertex 13.9724 7.56218 11.7959
      vertex 13.6185 7.43771 5.6
      vertex 13.9724 7.56218 5.6
    endloop
  endfacet
  facet normal 0.433338 -0.901231 0
    outer loop
      vertex 13.2857 7.27769 5.6
      vertex 13.6185 7.43771 11.8166
      vertex 13.2857 7.27769 11.8372
    endloop
  endfacet
  facet normal 0.433338 -0.901231 0
    outer loop
      vertex 13.6185 7.43771 11.8166
      vertex 13.2857 7.27769 5.6
      vertex 13.6185 7.43771 5.6
    endloop
  endfacet
  facet normal 0.53543 -0.844579 0
    outer loop
      vertex 12.9777 7.08243 5.6
      vertex 13.2857 7.27769 11.8372
      vertex 12.9777 7.08243 11.8574
    endloop
  endfacet
  facet normal 0.53543 -0.844579 0
    outer loop
      vertex 13.2857 7.27769 11.8372
      vertex 12.9777 7.08243 5.6
      vertex 13.2857 7.27769 5.6
    endloop
  endfacet
  facet normal 0.63559 -0.772027 0
    outer loop
      vertex 12.698 6.85216 5.6
      vertex 12.9777 7.08243 11.8574
      vertex 12.698 6.85216 11.8772
    endloop
  endfacet
  facet normal 0.63559 -0.772027 0
    outer loop
      vertex 12.9777 7.08243 11.8574
      vertex 12.698 6.85216 5.6
      vertex 12.9777 7.08243 5.6
    endloop
  endfacet
  facet normal 0.725841 -0.687863 0
    outer loop
      vertex 12.4466 6.58688 5.6
      vertex 12.698 6.85216 11.8772
      vertex 12.4466 6.58688 11.8964
    endloop
  endfacet
  facet normal 0.725841 -0.687863 0
    outer loop
      vertex 12.698 6.85216 11.8772
      vertex 12.4466 6.58688 5.6
      vertex 12.698 6.85216 5.6
    endloop
  endfacet
  facet normal 0.802837 -0.596199 0
    outer loop
      vertex 12.2236 6.28659 5.6
      vertex 12.4466 6.58688 11.8964
      vertex 12.2236 6.28659 11.9152
    endloop
  endfacet
  facet normal 0.802837 -0.596199 0
    outer loop
      vertex 12.4466 6.58688 11.8964
      vertex 12.2236 6.28659 5.6
      vertex 12.4466 6.58688 5.6
    endloop
  endfacet
  facet normal 0.864666 -0.502347 0
    outer loop
      vertex 12.0288 5.95129 5.6
      vertex 12.2236 6.28659 11.9152
      vertex 12.0288 5.95129 11.9335
    endloop
  endfacet
  facet normal 0.864666 -0.502347 0
    outer loop
      vertex 12.2236 6.28659 11.9152
      vertex 12.0288 5.95129 5.6
      vertex 12.2236 6.28659 5.6
    endloop
  endfacet
  facet normal 0.915916 -0.401371 0
    outer loop
      vertex 11.8663 5.58047 5.6
      vertex 12.0288 5.95129 11.9335
      vertex 11.8663 5.58047 11.9511
    endloop
  endfacet
  facet normal 0.915916 -0.401371 0
    outer loop
      vertex 12.0288 5.95129 11.9335
      vertex 11.8663 5.58047 5.6
      vertex 12.0288 5.95129 5.6
    endloop
  endfacet
  facet normal 0.954988 -0.296644 0
    outer loop
      vertex 11.7399 5.17355 5.6
      vertex 11.8663 5.58047 11.9511
      vertex 11.7399 5.17355 11.9678
    endloop
  endfacet
  facet normal 0.954988 -0.296644 0
    outer loop
      vertex 11.8663 5.58047 11.9511
      vertex 11.7399 5.17355 5.6
      vertex 11.8663 5.58047 5.6
    endloop
  endfacet
  facet normal 0.979898 -0.199501 0
    outer loop
      vertex 11.6497 4.73051 5.6
      vertex 11.7399 5.17355 11.9678
      vertex 11.6497 4.73051 11.9838
    endloop
  endfacet
  facet normal 0.979898 -0.199501 0
    outer loop
      vertex 11.7399 5.17355 11.9678
      vertex 11.6497 4.73051 5.6
      vertex 11.7399 5.17355 5.6
    endloop
  endfacet
  facet normal 0.993663 -0.1124 0
    outer loop
      vertex 11.5955 4.25136 5.6
      vertex 11.6497 4.73051 11.9838
      vertex 11.5955 4.25136 11.9988
    endloop
  endfacet
  facet normal 0.993663 -0.1124 0
    outer loop
      vertex 11.6497 4.73051 11.9838
      vertex 11.5955 4.25136 5.6
      vertex 11.6497 4.73051 5.6
    endloop
  endfacet
  facet normal 0.999384 -0.0351062 0
    outer loop
      vertex 11.5774 3.7361 5.6
      vertex 11.5955 4.25136 11.9988
      vertex 11.5774 3.7361 12.0131
    endloop
  endfacet
  facet normal 0.999384 -0.0351062 0
    outer loop
      vertex 11.5955 4.25136 11.9988
      vertex 11.5774 3.7361 5.6
      vertex 11.5955 4.25136 5.6
    endloop
  endfacet
  facet normal 0.999215 0.0396168 -0
    outer loop
      vertex 11.5974 3.23166 5.6
      vertex 11.5774 3.7361 12.0131
      vertex 11.5974 3.23166 12.0251
    endloop
  endfacet
  facet normal 0.999215 0.0396168 0
    outer loop
      vertex 11.5774 3.7361 12.0131
      vertex 11.5974 3.23166 5.6
      vertex 11.5774 3.7361 5.6
    endloop
  endfacet
  facet normal 0.991888 0.127112 0
    outer loop
      vertex 11.6342 2.9445 12.0307
      vertex 11.5974 3.23166 5.6
      vertex 11.5974 3.23166 12.0251
    endloop
  endfacet
  facet normal 0.991875 0.127214 -1.62645e-05
    outer loop
      vertex 11.6574 2.76279 5.6
      vertex 11.6342 2.9445 12.0307
      vertex 11.6406 2.8946 12.0314
    endloop
  endfacet
  facet normal 0.992013 0.126132 6.26905e-06
    outer loop
      vertex 11.6574 2.76279 5.6
      vertex 11.6406 2.8946 12.0314
      vertex 11.6517 2.8073 12.0324
    endloop
  endfacet
  facet normal 0.9919 0.127024 -0
    outer loop
      vertex 11.6574 2.76279 5.6
      vertex 11.6517 2.8073 12.0324
      vertex 11.6574 2.76279 12.0326
    endloop
  endfacet
  facet normal 0.991911 0.126932 -8.16383e-06
    outer loop
      vertex 11.6342 2.9445 12.0307
      vertex 11.6574 2.76279 5.6
      vertex 11.5974 3.23166 5.6
    endloop
  endfacet
  facet normal 0.972448 0.233121 0
    outer loop
      vertex 11.6588 2.75695 12.0326
      vertex 11.6574 2.76279 5.6
      vertex 11.6574 2.76279 12.0326
    endloop
  endfacet
  facet normal 0.974307 0.225223 -7.57508e-06
    outer loop
      vertex 11.6769 2.67865 12.032
      vertex 11.6574 2.76279 5.6
      vertex 11.6588 2.75695 12.0326
    endloop
  endfacet
  facet normal 0.974538 0.224223 -2.13593e-05
    outer loop
      vertex 11.6877 2.63171 12.0316
      vertex 11.6574 2.76279 5.6
      vertex 11.6769 2.67865 12.032
    endloop
  endfacet
  facet normal 0.974282 0.225332 2.45143e-06
    outer loop
      vertex 11.6978 2.58804 12.0307
      vertex 11.6574 2.76279 5.6
      vertex 11.6877 2.63171 12.0316
    endloop
  endfacet
  facet normal 0.97437 0.224951 -8.45525e-06
    outer loop
      vertex 11.714 2.51787 12.0292
      vertex 11.6574 2.76279 5.6
      vertex 11.6978 2.58804 12.0307
    endloop
  endfacet
  facet normal 0.974421 0.224731 -1.7284e-05
    outer loop
      vertex 11.7229 2.47928 12.028
      vertex 11.6574 2.76279 5.6
      vertex 11.714 2.51787 12.0292
    endloop
  endfacet
  facet normal 0.974503 0.224376 -3.37586e-05
    outer loop
      vertex 11.7574 2.32944 12.022
      vertex 11.6574 2.76279 5.6
      vertex 11.7229 2.47928 12.028
    endloop
  endfacet
  facet normal 0.974393 0.224851 0
    outer loop
      vertex 11.6574 2.76279 5.6
      vertex 11.7574 2.32944 12.022
      vertex 11.7574 2.32944 5.6
    endloop
  endfacet
  facet normal 0.943288 0.331977 0
    outer loop
      vertex 11.8974 1.93164 12.0025
      vertex 11.7574 2.32944 5.6
      vertex 11.7574 2.32944 12.022
    endloop
  endfacet
  facet normal 0.943288 0.331977 0
    outer loop
      vertex 11.7574 2.32944 5.6
      vertex 11.8974 1.93164 12.0025
      vertex 11.8974 1.93164 5.6
    endloop
  endfacet
  facet normal 0.895532 0.444997 0
    outer loop
      vertex 12.0774 1.5694 11.9809
      vertex 11.8974 1.93164 5.6
      vertex 11.8974 1.93164 12.0025
    endloop
  endfacet
  facet normal 0.895532 0.444997 0
    outer loop
      vertex 11.8974 1.93164 5.6
      vertex 12.0774 1.5694 11.9809
      vertex 12.0774 1.5694 5.6
    endloop
  endfacet
  facet normal 0.835533 0.54944 0
    outer loop
      vertex 12.2924 1.24245 11.9576
      vertex 12.0774 1.5694 5.6
      vertex 12.0774 1.5694 11.9809
    endloop
  endfacet
  facet normal 0.835533 0.54944 0
    outer loop
      vertex 12.0774 1.5694 5.6
      vertex 12.2924 1.24245 11.9576
      vertex 12.2924 1.24245 5.6
    endloop
  endfacet
  facet normal 0.765995 0.642847 0
    outer loop
      vertex 12.5374 0.950516 11.9328
      vertex 12.2924 1.24245 5.6
      vertex 12.2924 1.24245 11.9576
    endloop
  endfacet
  facet normal 0.765995 0.642847 0
    outer loop
      vertex 12.2924 1.24245 5.6
      vertex 12.5374 0.950516 11.9328
      vertex 12.5374 0.950516 5.6
    endloop
  endfacet
  facet normal 0.682711 0.730689 0
    outer loop
      vertex 12.5374 0.950516 5.6
      vertex 12.8124 0.693573 11.9067
      vertex 12.8124 0.693573 5.6
    endloop
  endfacet
  facet normal 0.682711 0.730689 0
    outer loop
      vertex 12.8124 0.693573 11.9067
      vertex 12.5374 0.950516 5.6
      vertex 12.5374 0.950516 11.9328
    endloop
  endfacet
  facet normal 0.588381 0.808584 0
    outer loop
      vertex 12.8124 0.693573 5.6
      vertex 13.1174 0.471634 11.8791
      vertex 13.1174 0.471634 5.6
    endloop
  endfacet
  facet normal 0.588381 0.808584 0
    outer loop
      vertex 13.1174 0.471634 11.8791
      vertex 12.8124 0.693573 5.6
      vertex 12.8124 0.693573 11.9067
    endloop
  endfacet
  facet normal 0.487285 0.873243 0
    outer loop
      vertex 13.1174 0.471634 5.6
      vertex 13.4524 0.284698 11.8502
      vertex 13.4524 0.284698 5.6
    endloop
  endfacet
  facet normal 0.487285 0.873243 0
    outer loop
      vertex 13.4524 0.284698 11.8502
      vertex 13.1174 0.471634 5.6
      vertex 13.1174 0.471634 11.8791
    endloop
  endfacet
  facet normal 0.389498 0.921027 0
    outer loop
      vertex 13.4524 0.284698 5.6
      vertex 13.813 0.132202 11.8201
      vertex 13.813 0.132202 5.6
    endloop
  endfacet
  facet normal 0.389498 0.921027 0
    outer loop
      vertex 13.813 0.132202 11.8201
      vertex 13.4524 0.284698 5.6
      vertex 13.4524 0.284698 11.8502
    endloop
  endfacet
  facet normal 0.296736 0.954959 0
    outer loop
      vertex 13.813 0.132202 5.6
      vertex 14.1947 0.0135956 11.7893
      vertex 14.1947 0.0135956 5.6
    endloop
  endfacet
  facet normal 0.296736 0.954959 0
    outer loop
      vertex 14.1947 0.0135956 11.7893
      vertex 13.813 0.132202 5.6
      vertex 13.813 0.132202 11.8201
    endloop
  endfacet
  facet normal 0.205866 0.97858 0
    outer loop
      vertex 14.1947 0.0135956 5.6
      vertex 14.5974 -0.0711212 11.7577
      vertex 14.5974 -0.0711212 5.6
    endloop
  endfacet
  facet normal 0.205866 0.97858 0
    outer loop
      vertex 14.5974 -0.0711212 11.7577
      vertex 14.1947 0.0135956 5.6
      vertex 14.1947 0.0135956 11.7893
    endloop
  endfacet
  facet normal 0.11905 0.992888 0
    outer loop
      vertex 14.5974 -0.0711212 5.6
      vertex 15.0213 -0.121948 11.7253
      vertex 15.0213 -0.121948 5.6
    endloop
  endfacet
  facet normal 0.11905 0.992888 0
    outer loop
      vertex 15.0213 -0.121948 11.7253
      vertex 14.5974 -0.0711212 5.6
      vertex 14.5974 -0.0711212 11.7577
    endloop
  endfacet
  facet normal 0.0380331 0.999276 0
    outer loop
      vertex 15.0213 -0.121948 5.6
      vertex 15.4663 -0.138885 11.6922
      vertex 15.4663 -0.138885 5.6
    endloop
  endfacet
  facet normal 0.0380331 0.999276 0
    outer loop
      vertex 15.4663 -0.138885 11.6922
      vertex 15.0213 -0.121948 5.6
      vertex 15.0213 -0.121948 11.7253
    endloop
  endfacet
  facet normal -0.0155337 0.999879 0
    outer loop
      vertex 15.4663 -0.138885 5.6
      vertex 15.8061 -0.133606 11.6673
      vertex 15.8061 -0.133606 5.6
    endloop
  endfacet
  facet normal -0.0155337 0.999879 0
    outer loop
      vertex 15.8061 -0.133606 11.6673
      vertex 15.4663 -0.138885 5.6
      vertex 15.4663 -0.138885 11.6922
    endloop
  endfacet
  facet normal -0.991438 0.130578 0
    outer loop
      vertex 13.7163 4.65279 5.6
      vertex 13.7572 4.96333 11.8738
      vertex 13.7572 4.96333 5.6
    endloop
  endfacet
  facet normal -0.991438 0.130578 0
    outer loop
      vertex 13.7572 4.96333 11.8738
      vertex 13.7163 4.65279 5.6
      vertex 13.7163 4.65279 11.8838
    endloop
  endfacet
  facet normal -0.971877 0.235489 0
    outer loop
      vertex 13.7572 4.96333 5.6
      vertex 13.8241 5.23943 11.8634
      vertex 13.8241 5.23943 5.6
    endloop
  endfacet
  facet normal -0.971877 0.235489 0
    outer loop
      vertex 13.8241 5.23943 11.8634
      vertex 13.7572 4.96333 5.6
      vertex 13.7572 4.96333 11.8738
    endloop
  endfacet
  facet normal -0.933276 0.35916 0
    outer loop
      vertex 13.8241 5.23943 5.6
      vertex 13.9171 5.48109 11.8525
      vertex 13.9171 5.48109 5.6
    endloop
  endfacet
  facet normal -0.933276 0.35916 0
    outer loop
      vertex 13.9171 5.48109 11.8525
      vertex 13.8241 5.23943 5.6
      vertex 13.8241 5.23943 11.8634
    endloop
  endfacet
  facet normal -0.866819 0.498624 0
    outer loop
      vertex 13.9171 5.48109 5.6
      vertex 14.0363 5.68831 11.8413
      vertex 14.0363 5.68831 5.6
    endloop
  endfacet
  facet normal -0.866819 0.498624 0
    outer loop
      vertex 14.0363 5.68831 11.8413
      vertex 13.9171 5.48109 5.6
      vertex 13.9171 5.48109 11.8525
    endloop
  endfacet
  facet normal -0.765582 0.643339 0
    outer loop
      vertex 14.0363 5.68831 5.6
      vertex 14.1815 5.8611 11.8296
      vertex 14.1815 5.8611 5.6
    endloop
  endfacet
  facet normal -0.765582 0.643339 0
    outer loop
      vertex 14.1815 5.8611 11.8296
      vertex 14.0363 5.68831 5.6
      vertex 14.0363 5.68831 11.8413
    endloop
  endfacet
  facet normal -0.643796 0.765197 0
    outer loop
      vertex 14.1815 5.8611 5.6
      vertex 14.3479 6.0011 11.8178
      vertex 14.3479 6.0011 5.6
    endloop
  endfacet
  facet normal -0.643796 0.765197 0
    outer loop
      vertex 14.3479 6.0011 11.8178
      vertex 14.1815 5.8611 5.6
      vertex 14.1815 5.8611 11.8296
    endloop
  endfacet
  facet normal -0.512177 0.85888 0
    outer loop
      vertex 14.3479 6.0011 5.6
      vertex 14.5305 6.10999 11.806
      vertex 14.5305 6.10999 5.6
    endloop
  endfacet
  facet normal -0.512177 0.85888 0
    outer loop
      vertex 14.5305 6.10999 11.806
      vertex 14.3479 6.0011 5.6
      vertex 14.3479 6.0011 11.8178
    endloop
  endfacet
  facet normal -0.364672 0.931136 0
    outer loop
      vertex 14.5305 6.10999 5.6
      vertex 14.7291 6.18777 11.7942
      vertex 14.7291 6.18777 5.6
    endloop
  endfacet
  facet normal -0.364672 0.931136 0
    outer loop
      vertex 14.7291 6.18777 11.7942
      vertex 14.5305 6.10999 5.6
      vertex 14.5305 6.10999 11.806
    endloop
  endfacet
  facet normal -0.212413 0.97718 0
    outer loop
      vertex 14.7291 6.18777 5.6
      vertex 14.9438 6.23444 11.7824
      vertex 14.9438 6.23444 5.6
    endloop
  endfacet
  facet normal -0.212413 0.97718 0
    outer loop
      vertex 14.9438 6.23444 11.7824
      vertex 14.7291 6.18777 5.6
      vertex 14.7291 6.18777 11.7942
    endloop
  endfacet
  facet normal -0.067265 0.997735 0
    outer loop
      vertex 14.9438 6.23444 5.6
      vertex 15.1746 6.25 11.7706
      vertex 15.1746 6.25 5.6
    endloop
  endfacet
  facet normal -0.067265 0.997735 0
    outer loop
      vertex 15.1746 6.25 11.7706
      vertex 14.9438 6.23444 5.6
      vertex 14.9438 6.23444 11.7824
    endloop
  endfacet
  facet normal 0.0646547 0.997908 0
    outer loop
      vertex 15.1746 6.25 5.6
      vertex 15.4535 6.23193 11.7573
      vertex 15.4535 6.23193 5.6
    endloop
  endfacet
  facet normal 0.0646547 0.997908 0
    outer loop
      vertex 15.4535 6.23193 11.7573
      vertex 15.1746 6.25 5.6
      vertex 15.1746 6.25 11.7706
    endloop
  endfacet
  facet normal 0.21356 0.97693 0
    outer loop
      vertex 15.4535 6.23193 5.6
      vertex 15.7013 6.17776 11.7465
      vertex 15.7013 6.17776 5.6
    endloop
  endfacet
  facet normal 0.21356 0.97693 0
    outer loop
      vertex 15.7013 6.17776 11.7465
      vertex 15.4535 6.23193 5.6
      vertex 15.4535 6.23193 11.7573
    endloop
  endfacet
  facet normal 0.384537 0.92311 0
    outer loop
      vertex 15.7013 6.17776 5.6
      vertex 15.918 6.08749 11.7381
      vertex 15.918 6.08749 5.6
    endloop
  endfacet
  facet normal 0.384537 0.92311 0
    outer loop
      vertex 15.918 6.08749 11.7381
      vertex 15.7013 6.17776 5.6
      vertex 15.7013 6.17776 11.7465
    endloop
  endfacet
  facet normal 0.563102 0.826388 0
    outer loop
      vertex 15.918 6.08749 5.6
      vertex 16.1035 5.96109 11.7323
      vertex 16.1035 5.96109 5.6
    endloop
  endfacet
  facet normal 0.563102 0.826388 0
    outer loop
      vertex 16.1035 5.96109 11.7323
      vertex 15.918 6.08749 5.6
      vertex 15.918 6.08749 11.7381
    endloop
  endfacet
  facet normal 0.724923 0.68883 0
    outer loop
      vertex 16.2579 5.7986 11.7289
      vertex 16.1035 5.96109 5.6
      vertex 16.1035 5.96109 11.7323
    endloop
  endfacet
  facet normal 0.724923 0.68883 0
    outer loop
      vertex 16.1035 5.96109 5.6
      vertex 16.2579 5.7986 11.7289
      vertex 16.2579 5.7986 5.6
    endloop
  endfacet
  facet normal 0.834592 0.550868 0
    outer loop
      vertex 16.3835 5.60831 11.7276
      vertex 16.2579 5.7986 5.6
      vertex 16.2579 5.7986 11.7289
    endloop
  endfacet
  facet normal 0.834592 0.550868 0
    outer loop
      vertex 16.2579 5.7986 5.6
      vertex 16.3835 5.60831 11.7276
      vertex 16.3835 5.60831 5.6
    endloop
  endfacet
  facet normal 0.904472 0.426532 0
    outer loop
      vertex 16.4824 5.39859 11.7281
      vertex 16.3835 5.60831 5.6
      vertex 16.3835 5.60831 11.7276
    endloop
  endfacet
  facet normal 0.904472 0.426532 0
    outer loop
      vertex 16.3835 5.60831 5.6
      vertex 16.4824 5.39859 11.7281
      vertex 16.4824 5.39859 5.6
    endloop
  endfacet
  facet normal 0.953482 0.301451 0
    outer loop
      vertex 16.5086 5.31572 11.729
      vertex 16.4824 5.39859 5.6
      vertex 16.4824 5.39859 11.7281
    endloop
  endfacet
  facet normal 0.953631 0.30098 -7.0048e-06
    outer loop
      vertex 16.5143 5.29766 11.7291
      vertex 16.4824 5.39859 5.6
      vertex 16.5086 5.31572 11.729
    endloop
  endfacet
  facet normal 0.953936 0.30001 1.12074e-05
    outer loop
      vertex 16.5547 5.16943 5.6
      vertex 16.5143 5.29766 11.7291
      vertex 16.5453 5.19909 11.7292
    endloop
  endfacet
  facet normal 0.953172 0.302429 -1.66747e-06
    outer loop
      vertex 16.5547 5.16943 5.6
      vertex 16.5453 5.19909 11.7292
      vertex 16.5511 5.18081 11.7291
    endloop
  endfacet
  facet normal 0.953431 0.301612 -0
    outer loop
      vertex 16.5547 5.16943 5.6
      vertex 16.5511 5.18081 11.7291
      vertex 16.5547 5.16943 11.7289
    endloop
  endfacet
  facet normal 0.953662 0.30088 -8.80301e-06
    outer loop
      vertex 16.5143 5.29766 11.7291
      vertex 16.5547 5.16943 5.6
      vertex 16.4824 5.39859 5.6
    endloop
  endfacet
  facet normal 0.983572 0.180514 0
    outer loop
      vertex 16.5705 5.08334 11.7286
      vertex 16.5547 5.16943 5.6
      vertex 16.5547 5.16943 11.7289
    endloop
  endfacet
  facet normal 0.983987 0.17824 -3.30131e-05
    outer loop
      vertex 16.5739 5.06457 11.7284
      vertex 16.5547 5.16943 5.6
      vertex 16.5705 5.08334 11.7286
    endloop
  endfacet
  facet normal 0.983653 0.180074 -5.87497e-07
    outer loop
      vertex 16.5771 5.04709 11.7281
      vertex 16.5547 5.16943 5.6
      vertex 16.5739 5.06457 11.7284
    endloop
  endfacet
  facet normal 0.983644 0.180126 4.85454e-07
    outer loop
      vertex 16.5932 4.95917 11.7265
      vertex 16.5547 5.16943 5.6
      vertex 16.5771 5.04709 11.7281
    endloop
  endfacet
  facet normal 0.983808 0.179224 -3.14858e-05
    outer loop
      vertex 16.596 4.9438 11.726
      vertex 16.5547 5.16943 5.6
      vertex 16.5932 4.95917 11.7265
    endloop
  endfacet
  facet normal 0.983677 0.179941 -4.20478e-06
    outer loop
      vertex 16.6002 4.92084 11.7252
      vertex 16.5547 5.16943 5.6
      vertex 16.596 4.9438 11.726
    endloop
  endfacet
  facet normal 0.983659 0.180041 0
    outer loop
      vertex 16.5547 5.16943 5.6
      vertex 16.6002 4.92084 11.7252
      vertex 16.6002 4.92084 5.6
    endloop
  endfacet
  facet normal 0.997523 0.0703346 0
    outer loop
      vertex 16.6191 4.65279 11.7176
      vertex 16.6002 4.92084 5.6
      vertex 16.6002 4.92084 11.7252
    endloop
  endfacet
  facet normal 0.997523 0.0703346 0
    outer loop
      vertex 16.6002 4.92084 5.6
      vertex 16.6191 4.65279 11.7176
      vertex 16.6191 4.65279 5.6
    endloop
  endfacet
  facet normal 0 -1 0
    outer loop
      vertex 13.7163 4.65279 5.6
      vertex 15.1458 4.65279 11.8134
      vertex 13.7163 4.65279 11.8838
    endloop
  endfacet
  facet normal 0 -1 -0
    outer loop
      vertex 15.1458 4.65279 11.8134
      vertex 13.7163 4.65279 5.6
      vertex 15.2064 4.65279 11.8102
    endloop
  endfacet
  facet normal 0 -1 -0
    outer loop
      vertex 15.2064 4.65279 11.8102
      vertex 13.7163 4.65279 5.6
      vertex 15.4276 4.65279 11.7984
    endloop
  endfacet
  facet normal 0 -1 0
    outer loop
      vertex 16.6191 4.65279 5.6
      vertex 15.4276 4.65279 11.7984
      vertex 13.7163 4.65279 5.6
    endloop
  endfacet
  facet normal 0 -1 0
    outer loop
      vertex 15.4276 4.65279 11.7984
      vertex 16.6191 4.65279 5.6
      vertex 15.4853 4.65279 11.7952
    endloop
  endfacet
  facet normal 0 -1 0
    outer loop
      vertex 15.4853 4.65279 11.7952
      vertex 16.6191 4.65279 5.6
      vertex 15.6943 4.65279 11.7829
    endloop
  endfacet
  facet normal 0 -1 0
    outer loop
      vertex 15.6943 4.65279 11.7829
      vertex 16.6191 4.65279 5.6
      vertex 15.7469 4.65279 11.7797
    endloop
  endfacet
  facet normal 0 -1 0
    outer loop
      vertex 15.7469 4.65279 11.7797
      vertex 16.6191 4.65279 5.6
      vertex 15.7947 4.65279 11.7767
    endloop
  endfacet
  facet normal 0 -1 0
    outer loop
      vertex 15.7947 4.65279 11.7767
      vertex 16.6191 4.65279 5.6
      vertex 15.9809 4.65279 11.7644
    endloop
  endfacet
  facet normal 0 -1 0
    outer loop
      vertex 15.9809 4.65279 11.7644
      vertex 16.6191 4.65279 5.6
      vertex 16.0206 4.65279 11.7617
    endloop
  endfacet
  facet normal 0 -1 0
    outer loop
      vertex 16.0206 4.65279 11.7617
      vertex 16.6191 4.65279 5.6
      vertex 16.6191 4.65279 11.7176
    endloop
  endfacet
endsolid OpenSCAD_Model
