solid OpenSCAD_Model
  facet normal -0.956938 -0.290293 0
    outer loop
      vertex -7.01841 0.593074 0.2
      vertex -7.19141 1.16336 3.24
      vertex -7.19141 1.16336 0.2
    endloop
  endfacet
  facet normal -0.956938 -0.290293 0
    outer loop
      vertex -7.19141 1.16336 3.24
      vertex -7.01841 0.593074 0.2
      vertex -7.01841 0.593074 3.24
    endloop
  endfacet
  facet normal -0.290291 0.956938 0
    outer loop
      vertex -8.83664 -2.80859 0.2
      vertex -9.40693 -2.98159 3.24
      vertex -8.83664 -2.80859 3.24
    endloop
  endfacet
  facet normal -0.290291 0.956938 0
    outer loop
      vertex -9.40693 -2.98159 3.24
      vertex -8.83664 -2.80859 0.2
      vertex -9.40693 -2.98159 0.2
    endloop
  endfacet
  facet normal 0.956938 -0.290293 0
    outer loop
      vertex -12.9816 0.593074 3.24
      vertex -12.8086 1.16336 0.2
      vertex -12.8086 1.16336 3.24
    endloop
  endfacet
  facet normal 0.956938 -0.290293 0
    outer loop
      vertex -12.8086 1.16336 0.2
      vertex -12.9816 0.593074 3.24
      vertex -12.9816 0.593074 0.2
    endloop
  endfacet
  facet normal 0.881937 -0.471367 0
    outer loop
      vertex -12.8086 1.16336 3.24
      vertex -12.5277 1.68893 0.2
      vertex -12.5277 1.68893 3.24
    endloop
  endfacet
  facet normal 0.881937 -0.471367 0
    outer loop
      vertex -12.5277 1.68893 0.2
      vertex -12.8086 1.16336 3.24
      vertex -12.8086 1.16336 0.2
    endloop
  endfacet
  facet normal -0.995185 0.0980127 0
    outer loop
      vertex -7.01841 -0.593074 0.2
      vertex -6.96 0 3.24
      vertex -6.96 0 0.2
    endloop
  endfacet
  facet normal -0.995185 0.0980127 0
    outer loop
      vertex -6.96 0 3.24
      vertex -7.01841 -0.593074 0.2
      vertex -7.01841 -0.593074 3.24
    endloop
  endfacet
  facet normal 0.772979 -0.634431 0
    outer loop
      vertex -12.5277 1.68893 3.24
      vertex -12.1496 2.1496 0.2
      vertex -12.1496 2.1496 3.24
    endloop
  endfacet
  facet normal 0.772979 -0.634431 0
    outer loop
      vertex -12.1496 2.1496 0.2
      vertex -12.5277 1.68893 3.24
      vertex -12.5277 1.68893 0.2
    endloop
  endfacet
  facet normal -0.881923 0.471393 0
    outer loop
      vertex -7.47233 -1.68893 0.2
      vertex -7.19141 -1.16336 3.24
      vertex -7.19141 -1.16336 0.2
    endloop
  endfacet
  facet normal -0.881923 0.471393 0
    outer loop
      vertex -7.19141 -1.16336 3.24
      vertex -7.47233 -1.68893 0.2
      vertex -7.47233 -1.68893 3.24
    endloop
  endfacet
  facet normal -0.0980133 0.995185 0
    outer loop
      vertex -9.40693 -2.98159 0.2
      vertex -10 -3.04 3.24
      vertex -9.40693 -2.98159 3.24
    endloop
  endfacet
  facet normal -0.0980133 0.995185 0
    outer loop
      vertex -10 -3.04 3.24
      vertex -9.40693 -2.98159 0.2
      vertex -10 -3.04 0.2
    endloop
  endfacet
  facet normal -0.995185 -0.0980127 0
    outer loop
      vertex -6.96 0 0.2
      vertex -7.01841 0.593074 3.24
      vertex -7.01841 0.593074 0.2
    endloop
  endfacet
  facet normal -0.995185 -0.0980127 0
    outer loop
      vertex -7.01841 0.593074 3.24
      vertex -6.96 0 0.2
      vertex -6.96 0 3.24
    endloop
  endfacet
  facet normal 0 0 1
    outer loop
      vertex -7.01841 0.593074 0.2
      vertex -7.01841 -0.593074 0.2
      vertex -6.96 0 0.2
    endloop
  endfacet
  facet normal 0 0 1
    outer loop
      vertex -7.19141 1.16336 0.2
      vertex -7.01841 -0.593074 0.2
      vertex -7.01841 0.593074 0.2
    endloop
  endfacet
  facet normal 0 0 1
    outer loop
      vertex -7.19141 1.16336 0.2
      vertex -7.19141 -1.16336 0.2
      vertex -7.01841 -0.593074 0.2
    endloop
  endfacet
  facet normal 0 0 1
    outer loop
      vertex -7.47233 1.68893 0.2
      vertex -7.19141 -1.16336 0.2
      vertex -7.19141 1.16336 0.2
    endloop
  endfacet
  facet normal 0 0 1
    outer loop
      vertex -7.47233 1.68893 0.2
      vertex -7.47233 -1.68893 0.2
      vertex -7.19141 -1.16336 0.2
    endloop
  endfacet
  facet normal 0 0 1
    outer loop
      vertex -7.8504 2.1496 0.2
      vertex -7.47233 -1.68893 0.2
      vertex -7.47233 1.68893 0.2
    endloop
  endfacet
  facet normal 0 0 1
    outer loop
      vertex -7.8504 2.1496 0.2
      vertex -7.8504 -2.1496 0.2
      vertex -7.47233 -1.68893 0.2
    endloop
  endfacet
  facet normal 0 0 1
    outer loop
      vertex -8.31107 2.52767 0.2
      vertex -7.8504 -2.1496 0.2
      vertex -7.8504 2.1496 0.2
    endloop
  endfacet
  facet normal 0 0 1
    outer loop
      vertex -8.31107 2.52767 0.2
      vertex -8.31107 -2.52767 0.2
      vertex -7.8504 -2.1496 0.2
    endloop
  endfacet
  facet normal 0 0 1
    outer loop
      vertex -8.83664 2.80859 0.2
      vertex -8.31107 -2.52767 0.2
      vertex -8.31107 2.52767 0.2
    endloop
  endfacet
  facet normal 0 0 1
    outer loop
      vertex -8.83664 2.80859 0.2
      vertex -8.83664 -2.80859 0.2
      vertex -8.31107 -2.52767 0.2
    endloop
  endfacet
  facet normal 0 0 1
    outer loop
      vertex -9.40693 2.98159 0.2
      vertex -8.83664 -2.80859 0.2
      vertex -8.83664 2.80859 0.2
    endloop
  endfacet
  facet normal 0 0 1
    outer loop
      vertex -9.40693 2.98159 0.2
      vertex -9.40693 -2.98159 0.2
      vertex -8.83664 -2.80859 0.2
    endloop
  endfacet
  facet normal 0 0 1
    outer loop
      vertex -10 3.04 0.2
      vertex -9.40693 -2.98159 0.2
      vertex -9.40693 2.98159 0.2
    endloop
  endfacet
  facet normal 0 0 1
    outer loop
      vertex -10 3.04 0.2
      vertex -10 -3.04 0.2
      vertex -9.40693 -2.98159 0.2
    endloop
  endfacet
  facet normal -0 0 1
    outer loop
      vertex -10.5931 2.98159 0.2
      vertex -10 -3.04 0.2
      vertex -10 3.04 0.2
    endloop
  endfacet
  facet normal 0 0 1
    outer loop
      vertex -10.5931 2.98159 0.2
      vertex -10.5931 -2.98159 0.2
      vertex -10 -3.04 0.2
    endloop
  endfacet
  facet normal -0 0 1
    outer loop
      vertex -11.1634 2.80859 0.2
      vertex -10.5931 -2.98159 0.2
      vertex -10.5931 2.98159 0.2
    endloop
  endfacet
  facet normal 0 0 1
    outer loop
      vertex -11.1634 2.80859 0.2
      vertex -11.1634 -2.80859 0.2
      vertex -10.5931 -2.98159 0.2
    endloop
  endfacet
  facet normal -0 0 1
    outer loop
      vertex -11.6889 2.52767 0.2
      vertex -11.1634 -2.80859 0.2
      vertex -11.1634 2.80859 0.2
    endloop
  endfacet
  facet normal 0 0 1
    outer loop
      vertex -11.6889 2.52767 0.2
      vertex -11.6889 -2.52767 0.2
      vertex -11.1634 -2.80859 0.2
    endloop
  endfacet
  facet normal -0 0 1
    outer loop
      vertex -12.1496 2.1496 0.2
      vertex -11.6889 -2.52767 0.2
      vertex -11.6889 2.52767 0.2
    endloop
  endfacet
  facet normal 0 0 1
    outer loop
      vertex -12.1496 2.1496 0.2
      vertex -12.1496 -2.1496 0.2
      vertex -11.6889 -2.52767 0.2
    endloop
  endfacet
  facet normal -0 0 1
    outer loop
      vertex -12.5277 1.68893 0.2
      vertex -12.1496 -2.1496 0.2
      vertex -12.1496 2.1496 0.2
    endloop
  endfacet
  facet normal 0 0 1
    outer loop
      vertex -12.5277 1.68893 0.2
      vertex -12.5277 -1.68893 0.2
      vertex -12.1496 -2.1496 0.2
    endloop
  endfacet
  facet normal -0 0 1
    outer loop
      vertex -12.8086 1.16336 0.2
      vertex -12.5277 -1.68893 0.2
      vertex -12.5277 1.68893 0.2
    endloop
  endfacet
  facet normal 0 0 1
    outer loop
      vertex -12.8086 1.16336 0.2
      vertex -12.8086 -1.16336 0.2
      vertex -12.5277 -1.68893 0.2
    endloop
  endfacet
  facet normal -0 0 1
    outer loop
      vertex -12.9816 0.593074 0.2
      vertex -12.8086 -1.16336 0.2
      vertex -12.8086 1.16336 0.2
    endloop
  endfacet
  facet normal 0 0 1
    outer loop
      vertex -12.9816 0.593074 0.2
      vertex -12.9816 -0.593074 0.2
      vertex -12.8086 -1.16336 0.2
    endloop
  endfacet
  facet normal 0 -0 1
    outer loop
      vertex -12.9816 -0.593074 0.2
      vertex -12.9816 0.593074 0.2
      vertex -13.04 0 0.2
    endloop
  endfacet
  facet normal 0.290287 0.95694 -0
    outer loop
      vertex -10.5931 -2.98159 0.2
      vertex -11.1634 -2.80859 3.24
      vertex -10.5931 -2.98159 3.24
    endloop
  endfacet
  facet normal 0.290287 0.95694 0
    outer loop
      vertex -11.1634 -2.80859 3.24
      vertex -10.5931 -2.98159 0.2
      vertex -11.1634 -2.80859 0.2
    endloop
  endfacet
  facet normal 0.471442 -0.881897 0
    outer loop
      vertex -11.6889 2.52767 0.2
      vertex -11.1634 2.80859 3.24
      vertex -11.6889 2.52767 3.24
    endloop
  endfacet
  facet normal 0.471442 -0.881897 0
    outer loop
      vertex -11.1634 2.80859 3.24
      vertex -11.6889 2.52767 0.2
      vertex -11.1634 2.80859 0.2
    endloop
  endfacet
  facet normal -0.881923 -0.471393 0
    outer loop
      vertex -7.19141 1.16336 0.2
      vertex -7.47233 1.68893 3.24
      vertex -7.47233 1.68893 0.2
    endloop
  endfacet
  facet normal -0.881923 -0.471393 0
    outer loop
      vertex -7.47233 1.68893 3.24
      vertex -7.19141 1.16336 0.2
      vertex -7.19141 1.16336 3.24
    endloop
  endfacet
  facet normal 0.0980084 -0.995186 0
    outer loop
      vertex -10.5931 2.98159 0.2
      vertex -10 3.04 3.24
      vertex -10.5931 2.98159 3.24
    endloop
  endfacet
  facet normal 0.0980084 -0.995186 0
    outer loop
      vertex -10 3.04 3.24
      vertex -10.5931 2.98159 0.2
      vertex -10 3.04 0.2
    endloop
  endfacet
  facet normal -0.471393 -0.881923 0
    outer loop
      vertex -8.83664 2.80859 0.2
      vertex -8.31107 2.52767 3.24
      vertex -8.83664 2.80859 3.24
    endloop
  endfacet
  facet normal -0.471393 -0.881923 -0
    outer loop
      vertex -8.31107 2.52767 3.24
      vertex -8.83664 2.80859 0.2
      vertex -8.31107 2.52767 0.2
    endloop
  endfacet
  facet normal -0.471393 0.881923 0
    outer loop
      vertex -8.31107 -2.52767 0.2
      vertex -8.83664 -2.80859 3.24
      vertex -8.31107 -2.52767 3.24
    endloop
  endfacet
  facet normal -0.471393 0.881923 0
    outer loop
      vertex -8.83664 -2.80859 3.24
      vertex -8.31107 -2.52767 0.2
      vertex -8.83664 -2.80859 0.2
    endloop
  endfacet
  facet normal 0.995187 0.097996 0
    outer loop
      vertex -12.9816 -0.593074 3.24
      vertex -13.04 0 0.2
      vertex -13.04 0 3.24
    endloop
  endfacet
  facet normal 0.995187 0.097996 0
    outer loop
      vertex -13.04 0 0.2
      vertex -12.9816 -0.593074 3.24
      vertex -12.9816 -0.593074 0.2
    endloop
  endfacet
  facet normal 0.634377 -0.773024 0
    outer loop
      vertex -12.1496 2.1496 0.2
      vertex -11.6889 2.52767 3.24
      vertex -12.1496 2.1496 3.24
    endloop
  endfacet
  facet normal 0.634377 -0.773024 0
    outer loop
      vertex -11.6889 2.52767 3.24
      vertex -12.1496 2.1496 0.2
      vertex -11.6889 2.52767 0.2
    endloop
  endfacet
  facet normal -0.634401 -0.773004 0
    outer loop
      vertex -8.31107 2.52767 0.2
      vertex -7.8504 2.1496 3.24
      vertex -8.31107 2.52767 3.24
    endloop
  endfacet
  facet normal -0.634401 -0.773004 -0
    outer loop
      vertex -7.8504 2.1496 3.24
      vertex -8.31107 2.52767 0.2
      vertex -7.8504 2.1496 0.2
    endloop
  endfacet
  facet normal 0.290287 -0.95694 0
    outer loop
      vertex -11.1634 2.80859 0.2
      vertex -10.5931 2.98159 3.24
      vertex -11.1634 2.80859 3.24
    endloop
  endfacet
  facet normal 0.290287 -0.95694 0
    outer loop
      vertex -10.5931 2.98159 3.24
      vertex -11.1634 2.80859 0.2
      vertex -10.5931 2.98159 0.2
    endloop
  endfacet
  facet normal 0.995187 -0.097996 0
    outer loop
      vertex -13.04 0 3.24
      vertex -12.9816 0.593074 0.2
      vertex -12.9816 0.593074 3.24
    endloop
  endfacet
  facet normal 0.995187 -0.097996 0
    outer loop
      vertex -12.9816 0.593074 0.2
      vertex -13.04 0 3.24
      vertex -13.04 0 0.2
    endloop
  endfacet
  facet normal 0.471442 0.881897 -0
    outer loop
      vertex -11.1634 -2.80859 0.2
      vertex -11.6889 -2.52767 3.24
      vertex -11.1634 -2.80859 3.24
    endloop
  endfacet
  facet normal 0.471442 0.881897 0
    outer loop
      vertex -11.6889 -2.52767 3.24
      vertex -11.1634 -2.80859 0.2
      vertex -11.6889 -2.52767 0.2
    endloop
  endfacet
  facet normal -0.290291 -0.956938 0
    outer loop
      vertex -9.40693 2.98159 0.2
      vertex -8.83664 2.80859 3.24
      vertex -9.40693 2.98159 3.24
    endloop
  endfacet
  facet normal -0.290291 -0.956938 -0
    outer loop
      vertex -8.83664 2.80859 3.24
      vertex -9.40693 2.98159 0.2
      vertex -8.83664 2.80859 0.2
    endloop
  endfacet
  facet normal -0.773004 -0.634401 0
    outer loop
      vertex -7.47233 1.68893 0.2
      vertex -7.8504 2.1496 3.24
      vertex -7.8504 2.1496 0.2
    endloop
  endfacet
  facet normal -0.773004 -0.634401 0
    outer loop
      vertex -7.8504 2.1496 3.24
      vertex -7.47233 1.68893 0.2
      vertex -7.47233 1.68893 3.24
    endloop
  endfacet
  facet normal -0.956938 0.290293 0
    outer loop
      vertex -7.19141 -1.16336 0.2
      vertex -7.01841 -0.593074 3.24
      vertex -7.01841 -0.593074 0.2
    endloop
  endfacet
  facet normal -0.956938 0.290293 0
    outer loop
      vertex -7.01841 -0.593074 3.24
      vertex -7.19141 -1.16336 0.2
      vertex -7.19141 -1.16336 3.24
    endloop
  endfacet
  facet normal -0.0980133 -0.995185 0
    outer loop
      vertex -10 3.04 0.2
      vertex -9.40693 2.98159 3.24
      vertex -10 3.04 3.24
    endloop
  endfacet
  facet normal -0.0980133 -0.995185 -0
    outer loop
      vertex -9.40693 2.98159 3.24
      vertex -10 3.04 0.2
      vertex -9.40693 2.98159 0.2
    endloop
  endfacet
  facet normal 0.881937 0.471367 0
    outer loop
      vertex -12.5277 -1.68893 3.24
      vertex -12.8086 -1.16336 0.2
      vertex -12.8086 -1.16336 3.24
    endloop
  endfacet
  facet normal 0.881937 0.471367 0
    outer loop
      vertex -12.8086 -1.16336 0.2
      vertex -12.5277 -1.68893 3.24
      vertex -12.5277 -1.68893 0.2
    endloop
  endfacet
  facet normal 0.772979 0.634431 0
    outer loop
      vertex -12.1496 -2.1496 3.24
      vertex -12.5277 -1.68893 0.2
      vertex -12.5277 -1.68893 3.24
    endloop
  endfacet
  facet normal 0.772979 0.634431 0
    outer loop
      vertex -12.5277 -1.68893 0.2
      vertex -12.1496 -2.1496 3.24
      vertex -12.1496 -2.1496 0.2
    endloop
  endfacet
  facet normal 0.956938 0.290293 0
    outer loop
      vertex -12.8086 -1.16336 3.24
      vertex -12.9816 -0.593074 0.2
      vertex -12.9816 -0.593074 3.24
    endloop
  endfacet
  facet normal 0.956938 0.290293 0
    outer loop
      vertex -12.9816 -0.593074 0.2
      vertex -12.8086 -1.16336 3.24
      vertex -12.8086 -1.16336 0.2
    endloop
  endfacet
  facet normal 0.634377 0.773024 -0
    outer loop
      vertex -11.6889 -2.52767 0.2
      vertex -12.1496 -2.1496 3.24
      vertex -11.6889 -2.52767 3.24
    endloop
  endfacet
  facet normal 0.634377 0.773024 0
    outer loop
      vertex -12.1496 -2.1496 3.24
      vertex -11.6889 -2.52767 0.2
      vertex -12.1496 -2.1496 0.2
    endloop
  endfacet
  facet normal -0.634401 0.773004 0
    outer loop
      vertex -7.8504 -2.1496 0.2
      vertex -8.31107 -2.52767 3.24
      vertex -7.8504 -2.1496 3.24
    endloop
  endfacet
  facet normal -0.634401 0.773004 0
    outer loop
      vertex -8.31107 -2.52767 3.24
      vertex -7.8504 -2.1496 0.2
      vertex -8.31107 -2.52767 0.2
    endloop
  endfacet
  facet normal -0.773004 0.634401 0
    outer loop
      vertex -7.8504 -2.1496 0.2
      vertex -7.47233 -1.68893 3.24
      vertex -7.47233 -1.68893 0.2
    endloop
  endfacet
  facet normal -0.773004 0.634401 0
    outer loop
      vertex -7.47233 -1.68893 3.24
      vertex -7.8504 -2.1496 0.2
      vertex -7.8504 -2.1496 3.24
    endloop
  endfacet
  facet normal 0.0980084 0.995186 -0
    outer loop
      vertex -10 -3.04 0.2
      vertex -10.5931 -2.98159 3.24
      vertex -10 -3.04 3.24
    endloop
  endfacet
  facet normal 0.0980084 0.995186 0
    outer loop
      vertex -10.5931 -2.98159 3.24
      vertex -10 -3.04 0.2
      vertex -10.5931 -2.98159 0.2
    endloop
  endfacet
  facet normal 0 0 -1
    outer loop
      vertex -7.01841 -0.593074 3.24
      vertex -7.01841 0.593074 3.24
      vertex -6.96 0 3.24
    endloop
  endfacet
  facet normal 0 0 -1
    outer loop
      vertex -7.19141 -1.16336 3.24
      vertex -7.01841 0.593074 3.24
      vertex -7.01841 -0.593074 3.24
    endloop
  endfacet
  facet normal 0 0 -1
    outer loop
      vertex -7.19141 -1.16336 3.24
      vertex -7.19141 1.16336 3.24
      vertex -7.01841 0.593074 3.24
    endloop
  endfacet
  facet normal 0 0 -1
    outer loop
      vertex -7.47233 -1.68893 3.24
      vertex -7.19141 1.16336 3.24
      vertex -7.19141 -1.16336 3.24
    endloop
  endfacet
  facet normal 0 0 -1
    outer loop
      vertex -7.47233 -1.68893 3.24
      vertex -7.47233 1.68893 3.24
      vertex -7.19141 1.16336 3.24
    endloop
  endfacet
  facet normal 0 0 -1
    outer loop
      vertex -7.8504 -2.1496 3.24
      vertex -7.47233 1.68893 3.24
      vertex -7.47233 -1.68893 3.24
    endloop
  endfacet
  facet normal 0 0 -1
    outer loop
      vertex -7.8504 -2.1496 3.24
      vertex -7.8504 2.1496 3.24
      vertex -7.47233 1.68893 3.24
    endloop
  endfacet
  facet normal 0 0 -1
    outer loop
      vertex -8.31107 -2.52767 3.24
      vertex -7.8504 2.1496 3.24
      vertex -7.8504 -2.1496 3.24
    endloop
  endfacet
  facet normal 0 0 -1
    outer loop
      vertex -8.31107 -2.52767 3.24
      vertex -8.31107 2.52767 3.24
      vertex -7.8504 2.1496 3.24
    endloop
  endfacet
  facet normal 0 0 -1
    outer loop
      vertex -8.83664 -2.80859 3.24
      vertex -8.31107 2.52767 3.24
      vertex -8.31107 -2.52767 3.24
    endloop
  endfacet
  facet normal 0 0 -1
    outer loop
      vertex -8.83664 -2.80859 3.24
      vertex -8.83664 2.80859 3.24
      vertex -8.31107 2.52767 3.24
    endloop
  endfacet
  facet normal 0 0 -1
    outer loop
      vertex -9.40693 -2.98159 3.24
      vertex -8.83664 2.80859 3.24
      vertex -8.83664 -2.80859 3.24
    endloop
  endfacet
  facet normal 0 0 -1
    outer loop
      vertex -9.40693 -2.98159 3.24
      vertex -9.40693 2.98159 3.24
      vertex -8.83664 2.80859 3.24
    endloop
  endfacet
  facet normal 0 0 -1
    outer loop
      vertex -10 -3.04 3.24
      vertex -9.40693 2.98159 3.24
      vertex -9.40693 -2.98159 3.24
    endloop
  endfacet
  facet normal 0 0 -1
    outer loop
      vertex -10 -3.04 3.24
      vertex -10 3.04 3.24
      vertex -9.40693 2.98159 3.24
    endloop
  endfacet
  facet normal 0 0 -1
    outer loop
      vertex -10.5931 -2.98159 3.24
      vertex -10 3.04 3.24
      vertex -10 -3.04 3.24
    endloop
  endfacet
  facet normal 0 0 -1
    outer loop
      vertex -10.5931 -2.98159 3.24
      vertex -10.5931 2.98159 3.24
      vertex -10 3.04 3.24
    endloop
  endfacet
  facet normal 0 0 -1
    outer loop
      vertex -11.1634 -2.80859 3.24
      vertex -10.5931 2.98159 3.24
      vertex -10.5931 -2.98159 3.24
    endloop
  endfacet
  facet normal 0 0 -1
    outer loop
      vertex -11.1634 -2.80859 3.24
      vertex -11.1634 2.80859 3.24
      vertex -10.5931 2.98159 3.24
    endloop
  endfacet
  facet normal 0 0 -1
    outer loop
      vertex -11.6889 -2.52767 3.24
      vertex -11.1634 2.80859 3.24
      vertex -11.1634 -2.80859 3.24
    endloop
  endfacet
  facet normal 0 0 -1
    outer loop
      vertex -11.6889 -2.52767 3.24
      vertex -11.6889 2.52767 3.24
      vertex -11.1634 2.80859 3.24
    endloop
  endfacet
  facet normal 0 0 -1
    outer loop
      vertex -12.1496 -2.1496 3.24
      vertex -11.6889 2.52767 3.24
      vertex -11.6889 -2.52767 3.24
    endloop
  endfacet
  facet normal 0 0 -1
    outer loop
      vertex -12.1496 -2.1496 3.24
      vertex -12.1496 2.1496 3.24
      vertex -11.6889 2.52767 3.24
    endloop
  endfacet
  facet normal 0 0 -1
    outer loop
      vertex -12.5277 -1.68893 3.24
      vertex -12.1496 2.1496 3.24
      vertex -12.1496 -2.1496 3.24
    endloop
  endfacet
  facet normal 0 0 -1
    outer loop
      vertex -12.5277 -1.68893 3.24
      vertex -12.5277 1.68893 3.24
      vertex -12.1496 2.1496 3.24
    endloop
  endfacet
  facet normal 0 0 -1
    outer loop
      vertex -12.8086 -1.16336 3.24
      vertex -12.5277 1.68893 3.24
      vertex -12.5277 -1.68893 3.24
    endloop
  endfacet
  facet normal 0 0 -1
    outer loop
      vertex -12.8086 -1.16336 3.24
      vertex -12.8086 1.16336 3.24
      vertex -12.5277 1.68893 3.24
    endloop
  endfacet
  facet normal 0 0 -1
    outer loop
      vertex -12.9816 -0.593074 3.24
      vertex -12.8086 1.16336 3.24
      vertex -12.8086 -1.16336 3.24
    endloop
  endfacet
  facet normal 0 0 -1
    outer loop
      vertex -12.9816 -0.593074 3.24
      vertex -12.9816 0.593074 3.24
      vertex -12.8086 1.16336 3.24
    endloop
  endfacet
  facet normal 0 -0 -1
    outer loop
      vertex -12.9816 0.593074 3.24
      vertex -12.9816 -0.593074 3.24
      vertex -13.04 0 3.24
    endloop
  endfacet
  facet normal -0.956938 -0.290293 0
    outer loop
      vertex 12.9816 0.593074 0.2
      vertex 12.8086 1.16336 3.24
      vertex 12.8086 1.16336 0.2
    endloop
  endfacet
  facet normal -0.956938 -0.290293 0
    outer loop
      vertex 12.8086 1.16336 3.24
      vertex 12.9816 0.593074 0.2
      vertex 12.9816 0.593074 3.24
    endloop
  endfacet
  facet normal -0.290287 0.95694 0
    outer loop
      vertex 11.1634 -2.80859 0.2
      vertex 10.5931 -2.98159 3.24
      vertex 11.1634 -2.80859 3.24
    endloop
  endfacet
  facet normal -0.290287 0.95694 0
    outer loop
      vertex 10.5931 -2.98159 3.24
      vertex 11.1634 -2.80859 0.2
      vertex 10.5931 -2.98159 0.2
    endloop
  endfacet
  facet normal 0.956938 -0.290293 0
    outer loop
      vertex 7.01841 0.593074 3.24
      vertex 7.19141 1.16336 0.2
      vertex 7.19141 1.16336 3.24
    endloop
  endfacet
  facet normal 0.956938 -0.290293 0
    outer loop
      vertex 7.19141 1.16336 0.2
      vertex 7.01841 0.593074 3.24
      vertex 7.01841 0.593074 0.2
    endloop
  endfacet
  facet normal 0.881923 -0.471393 0
    outer loop
      vertex 7.19141 1.16336 3.24
      vertex 7.47233 1.68893 0.2
      vertex 7.47233 1.68893 3.24
    endloop
  endfacet
  facet normal 0.881923 -0.471393 0
    outer loop
      vertex 7.47233 1.68893 0.2
      vertex 7.19141 1.16336 3.24
      vertex 7.19141 1.16336 0.2
    endloop
  endfacet
  facet normal -0.995187 0.097996 0
    outer loop
      vertex 12.9816 -0.593074 0.2
      vertex 13.04 0 3.24
      vertex 13.04 0 0.2
    endloop
  endfacet
  facet normal -0.995187 0.097996 0
    outer loop
      vertex 13.04 0 3.24
      vertex 12.9816 -0.593074 0.2
      vertex 12.9816 -0.593074 3.24
    endloop
  endfacet
  facet normal 0.773004 -0.634401 0
    outer loop
      vertex 7.47233 1.68893 3.24
      vertex 7.8504 2.1496 0.2
      vertex 7.8504 2.1496 3.24
    endloop
  endfacet
  facet normal 0.773004 -0.634401 0
    outer loop
      vertex 7.8504 2.1496 0.2
      vertex 7.47233 1.68893 3.24
      vertex 7.47233 1.68893 0.2
    endloop
  endfacet
  facet normal -0.881937 0.471367 0
    outer loop
      vertex 12.5277 -1.68893 0.2
      vertex 12.8086 -1.16336 3.24
      vertex 12.8086 -1.16336 0.2
    endloop
  endfacet
  facet normal -0.881937 0.471367 0
    outer loop
      vertex 12.8086 -1.16336 3.24
      vertex 12.5277 -1.68893 0.2
      vertex 12.5277 -1.68893 3.24
    endloop
  endfacet
  facet normal -0.0980084 0.995186 0
    outer loop
      vertex 10.5931 -2.98159 0.2
      vertex 10 -3.04 3.24
      vertex 10.5931 -2.98159 3.24
    endloop
  endfacet
  facet normal -0.0980084 0.995186 0
    outer loop
      vertex 10 -3.04 3.24
      vertex 10.5931 -2.98159 0.2
      vertex 10 -3.04 0.2
    endloop
  endfacet
  facet normal -0.995187 -0.097996 0
    outer loop
      vertex 13.04 0 0.2
      vertex 12.9816 0.593074 3.24
      vertex 12.9816 0.593074 0.2
    endloop
  endfacet
  facet normal -0.995187 -0.097996 0
    outer loop
      vertex 12.9816 0.593074 3.24
      vertex 13.04 0 0.2
      vertex 13.04 0 3.24
    endloop
  endfacet
  facet normal -0.634377 0.773024 0
    outer loop
      vertex 12.1496 -2.1496 0.2
      vertex 11.6889 -2.52767 3.24
      vertex 12.1496 -2.1496 3.24
    endloop
  endfacet
  facet normal -0.634377 0.773024 0
    outer loop
      vertex 11.6889 -2.52767 3.24
      vertex 12.1496 -2.1496 0.2
      vertex 11.6889 -2.52767 0.2
    endloop
  endfacet
  facet normal 0 0 1
    outer loop
      vertex 12.9816 0.593074 0.2
      vertex 12.9816 -0.593074 0.2
      vertex 13.04 0 0.2
    endloop
  endfacet
  facet normal 0 0 1
    outer loop
      vertex 12.8086 1.16336 0.2
      vertex 12.9816 -0.593074 0.2
      vertex 12.9816 0.593074 0.2
    endloop
  endfacet
  facet normal 0 0 1
    outer loop
      vertex 12.8086 1.16336 0.2
      vertex 12.8086 -1.16336 0.2
      vertex 12.9816 -0.593074 0.2
    endloop
  endfacet
  facet normal 0 0 1
    outer loop
      vertex 12.5277 1.68893 0.2
      vertex 12.8086 -1.16336 0.2
      vertex 12.8086 1.16336 0.2
    endloop
  endfacet
  facet normal 0 0 1
    outer loop
      vertex 12.5277 1.68893 0.2
      vertex 12.5277 -1.68893 0.2
      vertex 12.8086 -1.16336 0.2
    endloop
  endfacet
  facet normal 0 0 1
    outer loop
      vertex 12.1496 2.1496 0.2
      vertex 12.5277 -1.68893 0.2
      vertex 12.5277 1.68893 0.2
    endloop
  endfacet
  facet normal 0 0 1
    outer loop
      vertex 12.1496 2.1496 0.2
      vertex 12.1496 -2.1496 0.2
      vertex 12.5277 -1.68893 0.2
    endloop
  endfacet
  facet normal 0 0 1
    outer loop
      vertex 11.6889 2.52767 0.2
      vertex 12.1496 -2.1496 0.2
      vertex 12.1496 2.1496 0.2
    endloop
  endfacet
  facet normal 0 0 1
    outer loop
      vertex 11.6889 2.52767 0.2
      vertex 11.6889 -2.52767 0.2
      vertex 12.1496 -2.1496 0.2
    endloop
  endfacet
  facet normal 0 0 1
    outer loop
      vertex 11.1634 2.80859 0.2
      vertex 11.6889 -2.52767 0.2
      vertex 11.6889 2.52767 0.2
    endloop
  endfacet
  facet normal 0 0 1
    outer loop
      vertex 11.1634 2.80859 0.2
      vertex 11.1634 -2.80859 0.2
      vertex 11.6889 -2.52767 0.2
    endloop
  endfacet
  facet normal 0 0 1
    outer loop
      vertex 10.5931 2.98159 0.2
      vertex 11.1634 -2.80859 0.2
      vertex 11.1634 2.80859 0.2
    endloop
  endfacet
  facet normal 0 0 1
    outer loop
      vertex 10.5931 2.98159 0.2
      vertex 10.5931 -2.98159 0.2
      vertex 11.1634 -2.80859 0.2
    endloop
  endfacet
  facet normal 0 0 1
    outer loop
      vertex 10 3.04 0.2
      vertex 10.5931 -2.98159 0.2
      vertex 10.5931 2.98159 0.2
    endloop
  endfacet
  facet normal 0 0 1
    outer loop
      vertex 10 3.04 0.2
      vertex 10 -3.04 0.2
      vertex 10.5931 -2.98159 0.2
    endloop
  endfacet
  facet normal -0 0 1
    outer loop
      vertex 9.40693 2.98159 0.2
      vertex 10 -3.04 0.2
      vertex 10 3.04 0.2
    endloop
  endfacet
  facet normal 0 0 1
    outer loop
      vertex 9.40693 2.98159 0.2
      vertex 9.40693 -2.98159 0.2
      vertex 10 -3.04 0.2
    endloop
  endfacet
  facet normal -0 0 1
    outer loop
      vertex 8.83664 2.80859 0.2
      vertex 9.40693 -2.98159 0.2
      vertex 9.40693 2.98159 0.2
    endloop
  endfacet
  facet normal 0 0 1
    outer loop
      vertex 8.83664 2.80859 0.2
      vertex 8.83664 -2.80859 0.2
      vertex 9.40693 -2.98159 0.2
    endloop
  endfacet
  facet normal -0 0 1
    outer loop
      vertex 8.31107 2.52767 0.2
      vertex 8.83664 -2.80859 0.2
      vertex 8.83664 2.80859 0.2
    endloop
  endfacet
  facet normal 0 0 1
    outer loop
      vertex 8.31107 2.52767 0.2
      vertex 8.31107 -2.52767 0.2
      vertex 8.83664 -2.80859 0.2
    endloop
  endfacet
  facet normal -0 0 1
    outer loop
      vertex 7.8504 2.1496 0.2
      vertex 8.31107 -2.52767 0.2
      vertex 8.31107 2.52767 0.2
    endloop
  endfacet
  facet normal 0 0 1
    outer loop
      vertex 7.8504 2.1496 0.2
      vertex 7.8504 -2.1496 0.2
      vertex 8.31107 -2.52767 0.2
    endloop
  endfacet
  facet normal -0 0 1
    outer loop
      vertex 7.47233 1.68893 0.2
      vertex 7.8504 -2.1496 0.2
      vertex 7.8504 2.1496 0.2
    endloop
  endfacet
  facet normal 0 0 1
    outer loop
      vertex 7.47233 1.68893 0.2
      vertex 7.47233 -1.68893 0.2
      vertex 7.8504 -2.1496 0.2
    endloop
  endfacet
  facet normal -0 0 1
    outer loop
      vertex 7.19141 1.16336 0.2
      vertex 7.47233 -1.68893 0.2
      vertex 7.47233 1.68893 0.2
    endloop
  endfacet
  facet normal 0 0 1
    outer loop
      vertex 7.19141 1.16336 0.2
      vertex 7.19141 -1.16336 0.2
      vertex 7.47233 -1.68893 0.2
    endloop
  endfacet
  facet normal -0 0 1
    outer loop
      vertex 7.01841 0.593074 0.2
      vertex 7.19141 -1.16336 0.2
      vertex 7.19141 1.16336 0.2
    endloop
  endfacet
  facet normal 0 0 1
    outer loop
      vertex 7.01841 0.593074 0.2
      vertex 7.01841 -0.593074 0.2
      vertex 7.19141 -1.16336 0.2
    endloop
  endfacet
  facet normal 0 -0 1
    outer loop
      vertex 7.01841 -0.593074 0.2
      vertex 7.01841 0.593074 0.2
      vertex 6.96 0 0.2
    endloop
  endfacet
  facet normal 0.290291 0.956938 -0
    outer loop
      vertex 9.40693 -2.98159 0.2
      vertex 8.83664 -2.80859 3.24
      vertex 9.40693 -2.98159 3.24
    endloop
  endfacet
  facet normal 0.290291 0.956938 0
    outer loop
      vertex 8.83664 -2.80859 3.24
      vertex 9.40693 -2.98159 0.2
      vertex 8.83664 -2.80859 0.2
    endloop
  endfacet
  facet normal -0.881937 -0.471367 0
    outer loop
      vertex 12.8086 1.16336 0.2
      vertex 12.5277 1.68893 3.24
      vertex 12.5277 1.68893 0.2
    endloop
  endfacet
  facet normal -0.881937 -0.471367 0
    outer loop
      vertex 12.5277 1.68893 3.24
      vertex 12.8086 1.16336 0.2
      vertex 12.8086 1.16336 3.24
    endloop
  endfacet
  facet normal 0.0980133 -0.995185 0
    outer loop
      vertex 9.40693 2.98159 0.2
      vertex 10 3.04 3.24
      vertex 9.40693 2.98159 3.24
    endloop
  endfacet
  facet normal 0.0980133 -0.995185 0
    outer loop
      vertex 10 3.04 3.24
      vertex 9.40693 2.98159 0.2
      vertex 10 3.04 0.2
    endloop
  endfacet
  facet normal -0.471442 -0.881897 0
    outer loop
      vertex 11.1634 2.80859 0.2
      vertex 11.6889 2.52767 3.24
      vertex 11.1634 2.80859 3.24
    endloop
  endfacet
  facet normal -0.471442 -0.881897 -0
    outer loop
      vertex 11.6889 2.52767 3.24
      vertex 11.1634 2.80859 0.2
      vertex 11.6889 2.52767 0.2
    endloop
  endfacet
  facet normal -0.471442 0.881897 0
    outer loop
      vertex 11.6889 -2.52767 0.2
      vertex 11.1634 -2.80859 3.24
      vertex 11.6889 -2.52767 3.24
    endloop
  endfacet
  facet normal -0.471442 0.881897 0
    outer loop
      vertex 11.1634 -2.80859 3.24
      vertex 11.6889 -2.52767 0.2
      vertex 11.1634 -2.80859 0.2
    endloop
  endfacet
  facet normal 0.995185 0.0980127 0
    outer loop
      vertex 7.01841 -0.593074 3.24
      vertex 6.96 0 0.2
      vertex 6.96 0 3.24
    endloop
  endfacet
  facet normal 0.995185 0.0980127 0
    outer loop
      vertex 6.96 0 0.2
      vertex 7.01841 -0.593074 3.24
      vertex 7.01841 -0.593074 0.2
    endloop
  endfacet
  facet normal 0.634401 -0.773004 0
    outer loop
      vertex 7.8504 2.1496 0.2
      vertex 8.31107 2.52767 3.24
      vertex 7.8504 2.1496 3.24
    endloop
  endfacet
  facet normal 0.634401 -0.773004 0
    outer loop
      vertex 8.31107 2.52767 3.24
      vertex 7.8504 2.1496 0.2
      vertex 8.31107 2.52767 0.2
    endloop
  endfacet
  facet normal -0.634377 -0.773024 0
    outer loop
      vertex 11.6889 2.52767 0.2
      vertex 12.1496 2.1496 3.24
      vertex 11.6889 2.52767 3.24
    endloop
  endfacet
  facet normal -0.634377 -0.773024 -0
    outer loop
      vertex 12.1496 2.1496 3.24
      vertex 11.6889 2.52767 0.2
      vertex 12.1496 2.1496 0.2
    endloop
  endfacet
  facet normal 0.290291 -0.956938 0
    outer loop
      vertex 8.83664 2.80859 0.2
      vertex 9.40693 2.98159 3.24
      vertex 8.83664 2.80859 3.24
    endloop
  endfacet
  facet normal 0.290291 -0.956938 0
    outer loop
      vertex 9.40693 2.98159 3.24
      vertex 8.83664 2.80859 0.2
      vertex 9.40693 2.98159 0.2
    endloop
  endfacet
  facet normal 0.995185 -0.0980127 0
    outer loop
      vertex 6.96 0 3.24
      vertex 7.01841 0.593074 0.2
      vertex 7.01841 0.593074 3.24
    endloop
  endfacet
  facet normal 0.995185 -0.0980127 0
    outer loop
      vertex 7.01841 0.593074 0.2
      vertex 6.96 0 3.24
      vertex 6.96 0 0.2
    endloop
  endfacet
  facet normal 0.471393 0.881923 -0
    outer loop
      vertex 8.83664 -2.80859 0.2
      vertex 8.31107 -2.52767 3.24
      vertex 8.83664 -2.80859 3.24
    endloop
  endfacet
  facet normal 0.471393 0.881923 0
    outer loop
      vertex 8.31107 -2.52767 3.24
      vertex 8.83664 -2.80859 0.2
      vertex 8.31107 -2.52767 0.2
    endloop
  endfacet
  facet normal -0.290287 -0.95694 0
    outer loop
      vertex 10.5931 2.98159 0.2
      vertex 11.1634 2.80859 3.24
      vertex 10.5931 2.98159 3.24
    endloop
  endfacet
  facet normal -0.290287 -0.95694 -0
    outer loop
      vertex 11.1634 2.80859 3.24
      vertex 10.5931 2.98159 0.2
      vertex 11.1634 2.80859 0.2
    endloop
  endfacet
  facet normal -0.772979 -0.634431 0
    outer loop
      vertex 12.5277 1.68893 0.2
      vertex 12.1496 2.1496 3.24
      vertex 12.1496 2.1496 0.2
    endloop
  endfacet
  facet normal -0.772979 -0.634431 0
    outer loop
      vertex 12.1496 2.1496 3.24
      vertex 12.5277 1.68893 0.2
      vertex 12.5277 1.68893 3.24
    endloop
  endfacet
  facet normal -0.956938 0.290293 0
    outer loop
      vertex 12.8086 -1.16336 0.2
      vertex 12.9816 -0.593074 3.24
      vertex 12.9816 -0.593074 0.2
    endloop
  endfacet
  facet normal -0.956938 0.290293 0
    outer loop
      vertex 12.9816 -0.593074 3.24
      vertex 12.8086 -1.16336 0.2
      vertex 12.8086 -1.16336 3.24
    endloop
  endfacet
  facet normal -0.0980084 -0.995186 0
    outer loop
      vertex 10 3.04 0.2
      vertex 10.5931 2.98159 3.24
      vertex 10 3.04 3.24
    endloop
  endfacet
  facet normal -0.0980084 -0.995186 -0
    outer loop
      vertex 10.5931 2.98159 3.24
      vertex 10 3.04 0.2
      vertex 10.5931 2.98159 0.2
    endloop
  endfacet
  facet normal 0.471393 -0.881923 0
    outer loop
      vertex 8.31107 2.52767 0.2
      vertex 8.83664 2.80859 3.24
      vertex 8.31107 2.52767 3.24
    endloop
  endfacet
  facet normal 0.471393 -0.881923 0
    outer loop
      vertex 8.83664 2.80859 3.24
      vertex 8.31107 2.52767 0.2
      vertex 8.83664 2.80859 0.2
    endloop
  endfacet
  facet normal 0.881923 0.471393 0
    outer loop
      vertex 7.47233 -1.68893 3.24
      vertex 7.19141 -1.16336 0.2
      vertex 7.19141 -1.16336 3.24
    endloop
  endfacet
  facet normal 0.881923 0.471393 0
    outer loop
      vertex 7.19141 -1.16336 0.2
      vertex 7.47233 -1.68893 3.24
      vertex 7.47233 -1.68893 0.2
    endloop
  endfacet
  facet normal 0.773004 0.634401 0
    outer loop
      vertex 7.8504 -2.1496 3.24
      vertex 7.47233 -1.68893 0.2
      vertex 7.47233 -1.68893 3.24
    endloop
  endfacet
  facet normal 0.773004 0.634401 0
    outer loop
      vertex 7.47233 -1.68893 0.2
      vertex 7.8504 -2.1496 3.24
      vertex 7.8504 -2.1496 0.2
    endloop
  endfacet
  facet normal 0.956938 0.290293 0
    outer loop
      vertex 7.19141 -1.16336 3.24
      vertex 7.01841 -0.593074 0.2
      vertex 7.01841 -0.593074 3.24
    endloop
  endfacet
  facet normal 0.956938 0.290293 0
    outer loop
      vertex 7.01841 -0.593074 0.2
      vertex 7.19141 -1.16336 3.24
      vertex 7.19141 -1.16336 0.2
    endloop
  endfacet
  facet normal 0.634401 0.773004 -0
    outer loop
      vertex 8.31107 -2.52767 0.2
      vertex 7.8504 -2.1496 3.24
      vertex 8.31107 -2.52767 3.24
    endloop
  endfacet
  facet normal 0.634401 0.773004 0
    outer loop
      vertex 7.8504 -2.1496 3.24
      vertex 8.31107 -2.52767 0.2
      vertex 7.8504 -2.1496 0.2
    endloop
  endfacet
  facet normal -0.772979 0.634431 0
    outer loop
      vertex 12.1496 -2.1496 0.2
      vertex 12.5277 -1.68893 3.24
      vertex 12.5277 -1.68893 0.2
    endloop
  endfacet
  facet normal -0.772979 0.634431 0
    outer loop
      vertex 12.5277 -1.68893 3.24
      vertex 12.1496 -2.1496 0.2
      vertex 12.1496 -2.1496 3.24
    endloop
  endfacet
  facet normal 0.0980133 0.995185 -0
    outer loop
      vertex 10 -3.04 0.2
      vertex 9.40693 -2.98159 3.24
      vertex 10 -3.04 3.24
    endloop
  endfacet
  facet normal 0.0980133 0.995185 0
    outer loop
      vertex 9.40693 -2.98159 3.24
      vertex 10 -3.04 0.2
      vertex 9.40693 -2.98159 0.2
    endloop
  endfacet
  facet normal 0 0 -1
    outer loop
      vertex 12.9816 -0.593074 3.24
      vertex 12.9816 0.593074 3.24
      vertex 13.04 0 3.24
    endloop
  endfacet
  facet normal 0 0 -1
    outer loop
      vertex 12.8086 -1.16336 3.24
      vertex 12.9816 0.593074 3.24
      vertex 12.9816 -0.593074 3.24
    endloop
  endfacet
  facet normal 0 0 -1
    outer loop
      vertex 12.8086 -1.16336 3.24
      vertex 12.8086 1.16336 3.24
      vertex 12.9816 0.593074 3.24
    endloop
  endfacet
  facet normal 0 0 -1
    outer loop
      vertex 12.5277 -1.68893 3.24
      vertex 12.8086 1.16336 3.24
      vertex 12.8086 -1.16336 3.24
    endloop
  endfacet
  facet normal 0 0 -1
    outer loop
      vertex 12.5277 -1.68893 3.24
      vertex 12.5277 1.68893 3.24
      vertex 12.8086 1.16336 3.24
    endloop
  endfacet
  facet normal 0 0 -1
    outer loop
      vertex 12.1496 -2.1496 3.24
      vertex 12.5277 1.68893 3.24
      vertex 12.5277 -1.68893 3.24
    endloop
  endfacet
  facet normal 0 0 -1
    outer loop
      vertex 12.1496 -2.1496 3.24
      vertex 12.1496 2.1496 3.24
      vertex 12.5277 1.68893 3.24
    endloop
  endfacet
  facet normal 0 0 -1
    outer loop
      vertex 11.6889 -2.52767 3.24
      vertex 12.1496 2.1496 3.24
      vertex 12.1496 -2.1496 3.24
    endloop
  endfacet
  facet normal 0 0 -1
    outer loop
      vertex 11.6889 -2.52767 3.24
      vertex 11.6889 2.52767 3.24
      vertex 12.1496 2.1496 3.24
    endloop
  endfacet
  facet normal 0 0 -1
    outer loop
      vertex 11.1634 -2.80859 3.24
      vertex 11.6889 2.52767 3.24
      vertex 11.6889 -2.52767 3.24
    endloop
  endfacet
  facet normal 0 0 -1
    outer loop
      vertex 11.1634 -2.80859 3.24
      vertex 11.1634 2.80859 3.24
      vertex 11.6889 2.52767 3.24
    endloop
  endfacet
  facet normal 0 0 -1
    outer loop
      vertex 10.5931 -2.98159 3.24
      vertex 11.1634 2.80859 3.24
      vertex 11.1634 -2.80859 3.24
    endloop
  endfacet
  facet normal 0 0 -1
    outer loop
      vertex 10.5931 -2.98159 3.24
      vertex 10.5931 2.98159 3.24
      vertex 11.1634 2.80859 3.24
    endloop
  endfacet
  facet normal 0 0 -1
    outer loop
      vertex 10 -3.04 3.24
      vertex 10.5931 2.98159 3.24
      vertex 10.5931 -2.98159 3.24
    endloop
  endfacet
  facet normal 0 0 -1
    outer loop
      vertex 10 -3.04 3.24
      vertex 10 3.04 3.24
      vertex 10.5931 2.98159 3.24
    endloop
  endfacet
  facet normal 0 0 -1
    outer loop
      vertex 9.40693 -2.98159 3.24
      vertex 10 3.04 3.24
      vertex 10 -3.04 3.24
    endloop
  endfacet
  facet normal 0 0 -1
    outer loop
      vertex 9.40693 -2.98159 3.24
      vertex 9.40693 2.98159 3.24
      vertex 10 3.04 3.24
    endloop
  endfacet
  facet normal 0 0 -1
    outer loop
      vertex 8.83664 -2.80859 3.24
      vertex 9.40693 2.98159 3.24
      vertex 9.40693 -2.98159 3.24
    endloop
  endfacet
  facet normal 0 0 -1
    outer loop
      vertex 8.83664 -2.80859 3.24
      vertex 8.83664 2.80859 3.24
      vertex 9.40693 2.98159 3.24
    endloop
  endfacet
  facet normal 0 0 -1
    outer loop
      vertex 8.31107 -2.52767 3.24
      vertex 8.83664 2.80859 3.24
      vertex 8.83664 -2.80859 3.24
    endloop
  endfacet
  facet normal 0 0 -1
    outer loop
      vertex 8.31107 -2.52767 3.24
      vertex 8.31107 2.52767 3.24
      vertex 8.83664 2.80859 3.24
    endloop
  endfacet
  facet normal 0 0 -1
    outer loop
      vertex 7.8504 -2.1496 3.24
      vertex 8.31107 2.52767 3.24
      vertex 8.31107 -2.52767 3.24
    endloop
  endfacet
  facet normal 0 0 -1
    outer loop
      vertex 7.8504 -2.1496 3.24
      vertex 7.8504 2.1496 3.24
      vertex 8.31107 2.52767 3.24
    endloop
  endfacet
  facet normal 0 0 -1
    outer loop
      vertex 7.47233 -1.68893 3.24
      vertex 7.8504 2.1496 3.24
      vertex 7.8504 -2.1496 3.24
    endloop
  endfacet
  facet normal 0 0 -1
    outer loop
      vertex 7.47233 -1.68893 3.24
      vertex 7.47233 1.68893 3.24
      vertex 7.8504 2.1496 3.24
    endloop
  endfacet
  facet normal 0 0 -1
    outer loop
      vertex 7.19141 -1.16336 3.24
      vertex 7.47233 1.68893 3.24
      vertex 7.47233 -1.68893 3.24
    endloop
  endfacet
  facet normal 0 0 -1
    outer loop
      vertex 7.19141 -1.16336 3.24
      vertex 7.19141 1.16336 3.24
      vertex 7.47233 1.68893 3.24
    endloop
  endfacet
  facet normal 0 0 -1
    outer loop
      vertex 7.01841 -0.593074 3.24
      vertex 7.19141 1.16336 3.24
      vertex 7.19141 -1.16336 3.24
    endloop
  endfacet
  facet normal 0 0 -1
    outer loop
      vertex 7.01841 -0.593074 3.24
      vertex 7.01841 0.593074 3.24
      vertex 7.19141 1.16336 3.24
    endloop
  endfacet
  facet normal 0 -0 -1
    outer loop
      vertex 7.01841 0.593074 3.24
      vertex 7.01841 -0.593074 3.24
      vertex 6.96 0 3.24
    endloop
  endfacet
  facet normal -0.778686 -0.405101 0.479106
    outer loop
      vertex -34.9705 3.31501 5.34772
      vertex -35.4329 3.26138 4.55084
      vertex -34.7348 1.91949 4.55084
    endloop
  endfacet
  facet normal -0.416144 -0.0702935 0.906577
    outer loop
      vertex -22.855 10.141 11.8237
      vertex -32.9297 4.65689 6.77391
      vertex -32.7466 3.57292 6.77391
    endloop
  endfacet
  facet normal -0.598975 -0.694096 -0.399324
    outer loop
      vertex -19.6037 -20.1112 3.86187
      vertex -20.3852 -19.4368 3.86187
      vertex -20.3239 -19.0161 3.03867
    endloop
  endfacet
  facet normal -0.0693267 -0.583648 0.809042
    outer loop
      vertex 12.1557 -20.3824 10.1339
      vertex 11.9291 -21.7564 9.12327
      vertex 13.7644 -21.9744 9.12327
    endloop
  endfacet
  facet normal -0.585985 0.304878 0.75078
    outer loop
      vertex -33.4448 7.08274 6.09835
      vertex -34.9705 5.99877 5.34772
      vertex -34.0635 5.89358 6.09835
    endloop
  endfacet
  facet normal -0.41436 -0.0734192 0.907147
    outer loop
      vertex -22.855 10.141 11.8237
      vertex -32.7466 3.57292 6.77391
      vertex -21.8697 10.4047 12.2951
    endloop
  endfacet
  facet normal -0.368444 0.9028 0.221814
    outer loop
      vertex -21.3674 18.1122 6.89863
      vertex -22.4029 17.6896 6.89863
      vertex -21.326 17.8323 8.10661
    endloop
  endfacet
  facet normal -0.851677 -0.143884 -0.503929
    outer loop
      vertex -34.9705 3.31501 2.94149
      vertex -35.6687 4.65689 3.73836
      vertex -35.1972 4.65689 2.94149
    endloop
  endfacet
  facet normal -0.778671 0.40511 0.479122
    outer loop
      vertex -34.7348 7.39428 4.55084
      vertex -34.9705 5.99877 5.34772
      vertex -34.2992 7.28909 5.34772
    endloop
  endfacet
  facet normal -0.0690951 0.970881 -0.229382
    outer loop
      vertex 8.51787 19.7976 3.5189
      vertex -20.2904 17.9695 4.459
      vertex -20.2904 18.2549 5.66698
    endloop
  endfacet
  facet normal -0.778685 0.405103 0.479105
    outer loop
      vertex -34.7348 7.39428 4.55084
      vertex -35.4329 6.0524 4.55084
      vertex -34.9705 5.99877 5.34772
    endloop
  endfacet
  facet normal 0.000399844 0.00706504 -0.999975
    outer loop
      vertex 12.4348 11.8557 0.0169067
      vertex 8.51787 12.3433 0.0187855
      vertex 12.6433 11.8439 0.0169067
    endloop
  endfacet
  facet normal 0.10914 -0.918863 -0.379183
    outer loop
      vertex 15.8355 -23.1853 5.59267
      vertex 13.7644 -23.4313 5.59267
      vertex 15.7559 -22.7028 4.40053
    endloop
  endfacet
  facet normal -0.448163 -0.075702 -0.890741
    outer loop
      vertex -32.7466 3.57292 1.51529
      vertex -34.2724 4.65689 2.19085
      vertex -32.9297 4.65689 1.51529
    endloop
  endfacet
  facet normal -0.661361 0.606337 0.441539
    outer loop
      vertex -33.601 8.63097 4.55084
      vertex -34.7348 7.39428 4.55084
      vertex -33.209 8.47825 5.34772
    endloop
  endfacet
  facet normal -0.851677 0.143884 -0.503929
    outer loop
      vertex -35.1972 4.65689 2.94149
      vertex -35.6687 4.65689 3.73836
      vertex -34.9705 5.99877 2.94149
    endloop
  endfacet
  facet normal -0.126054 -0.574218 0.80894
    outer loop
      vertex 12.1557 -20.3824 10.1339
      vertex -18.7909 -18.9902 6.29984
      vertex 11.9291 -21.7564 9.12327
    endloop
  endfacet
  facet normal -0.409499 0.0923233 0.907627
    outer loop
      vertex -22.7062 12.1738 11.8237
      vertex -22.855 11.5138 11.8237
      vertex -21.778 11.6565 12.2951
    endloop
  endfacet
  facet normal 0.198403 0.0756161 0.977199
    outer loop
      vertex 22.5995 5.93451 11.8743
      vertex 21.49 5.84747 12.1063
      vertex 21.5219 5.76377 12.1063
    endloop
  endfacet
  facet normal -0.00635257 0.79751 0.603272
    outer loop
      vertex 17.0425 19.9046 6.3393
      vertex -20.2904 17.4096 9.2445
      vertex 17.0425 19.2315 7.22912
    endloop
  endfacet
  facet normal -0.738095 -0.486316 0.467667
    outer loop
      vertex -34.2992 2.02469 5.34772
      vertex -34.7348 1.91949 4.55084
      vertex -20.3239 -19.0161 5.5244
    endloop
  endfacet
  facet normal 0.0344418 0.479982 -0.876602
    outer loop
      vertex 18.5671 16.901 1.11522
      vertex 17.0425 17.0104 1.11522
      vertex 17.0425 18.2542 1.79626
    endloop
  endfacet
  facet normal -0.478525 0.652562 -0.587518
    outer loop
      vertex -22.6726 15.6244 2.29704
      vertex -33.209 8.47825 2.94149
      vertex -23.0082 16.3003 3.32111
    endloop
  endfacet
  facet normal -0.368593 -0.427188 0.825621
    outer loop
      vertex -20.0293 -16.9926 6.99771
      vertex -20.2038 -18.1908 6.29984
      vertex -19.5112 -18.7884 6.29984
    endloop
  endfacet
  facet normal -0.279106 -0.323492 0.904131
    outer loop
      vertex -19.4222 -17.5164 6.99771
      vertex -20.2814 -11.1313 9.01702
      vertex -20.0293 -16.9926 6.99771
    endloop
  endfacet
  facet normal -0.101235 -0.919651 0.379466
    outer loop
      vertex 13.7644 -22.9394 8.0003
      vertex -10.9113 -21.5272 4.83976
      vertex 13.7644 -23.4313 6.80816
    endloop
  endfacet
  facet normal -0.00699939 -0.0746612 -0.997184
    outer loop
      vertex -8.52862 -11.2447 0.021224
      vertex -9.22363 -13.431 0.189795
      vertex -8.76329 -11.2227 0.021224
    endloop
  endfacet
  facet normal -0.171499 0.104539 0.979622
    outer loop
      vertex -20.6749 11.3447 12.5354
      vertex -21.429 12.3594 12.2951
      vertex -20.7425 11.2338 12.5354
    endloop
  endfacet
  facet normal -0.626661 -0.105869 0.772067
    outer loop
      vertex -34.2724 4.65689 6.09835
      vertex -35.1972 4.65689 5.34772
      vertex -34.9705 3.31501 5.34772
    endloop
  endfacet
  facet normal -0.137061 -0.100428 0.985458
    outer loop
      vertex -7.23963 -10.1239 12.3216
      vertex -20.6749 10.3101 12.5354
      vertex -8.65066 -10.5159 12.0854
    endloop
  endfacet
  facet normal 0.0187197 0.633701 0.773352
    outer loop
      vertex 17.0425 19.2315 7.22912
      vertex -20.2904 15.5622 11.1395
      vertex 17.0425 18.2542 8.02994
    endloop
  endfacet
  facet normal 0.263124 -0.719383 -0.642848
    outer loop
      vertex 17.6708 -22.0024 4.40053
      vertex 15.7559 -22.7028 4.40053
      vertex 17.3646 -21.1109 3.27756
    endloop
  endfacet
  facet normal -0.626675 0.105857 0.772057
    outer loop
      vertex -34.0635 5.89358 6.09835
      vertex -34.9705 5.99877 5.34772
      vertex -34.2724 4.65689 6.09835
    endloop
  endfacet
  facet normal -0.585978 0.30486 0.750793
    outer loop
      vertex -34.2992 7.28909 5.34772
      vertex -34.9705 5.99877 5.34772
      vertex -33.4448 7.08274 6.09835
    endloop
  endfacet
  facet normal 0.28395 0.729269 -0.622527
    outer loop
      vertex 23.0781 17.8978 2.59708
      vertex 21.1999 18.6291 2.59708
      vertex 21.5535 19.251 3.4869
    endloop
  endfacet
  facet normal -0.737104 0.675779 0
    outer loop
      vertex -34.7348 7.39428 3.73836
      vertex -33.601 8.63097 4.55084
      vertex -33.601 8.63097 3.73836
    endloop
  endfacet
  facet normal -0.737104 0.675779 0
    outer loop
      vertex -33.601 8.63097 4.55084
      vertex -34.7348 7.39428 3.73836
      vertex -34.7348 7.39428 4.55084
    endloop
  endfacet
  facet normal -0.13789 -0.0233058 -0.990173
    outer loop
      vertex -26.9099 4.24983 0.178465
      vertex -29.2114 4.65689 0.489388
      vertex -26.9787 4.65689 0.178465
    endloop
  endfacet
  facet normal -0.321158 -0.192486 -0.927258
    outer loop
      vertex -20.2664 -14.7696 0.971863
      vertex -32.2043 2.53061 1.51529
      vertex -19.8873 -13.1558 0.505558
    endloop
  endfacet
  facet normal -0.47226 0.656576 -0.588114
    outer loop
      vertex -22.6726 15.6244 2.29704
      vertex -23.0082 16.3003 3.32111
      vertex -21.9313 16.1576 2.29704
    endloop
  endfacet
  facet normal 0.338929 0.870487 0.356902
    outer loop
      vertex 21.7338 19.5681 5.39467
      vertex 21.5535 19.251 6.3393
      vertex 23.8532 18.7429 5.39467
    endloop
  endfacet
  facet normal 0.496459 0.559344 0.663824
    outer loop
      vertex 25.3778 17.3897 6.3393
      vertex 24.7243 16.9137 7.22912
      vertex 26.0754 15.7145 7.22912
    endloop
  endfacet
  facet normal -0.124079 0.102233 -0.986992
    outer loop
      vertex -26.7063 5.45536 0.178465
      vertex -28.7691 5.95353 0.489388
      vertex -20.6749 11.3447 0.0302534
    endloop
  endfacet
  facet normal -0.778669 -0.405109 0.479126
    outer loop
      vertex -34.2992 2.02469 5.34772
      vertex -34.9705 3.31501 5.34772
      vertex -34.7348 1.91949 4.55084
    endloop
  endfacet
  facet normal -0.585985 -0.304878 0.75078
    outer loop
      vertex -34.0635 3.4202 6.09835
      vertex -34.9705 3.31501 5.34772
      vertex -33.4448 2.23104 6.09835
    endloop
  endfacet
  facet normal -0.201761 -0.366476 0.908288
    outer loop
      vertex -9.16811 -11.7002 11.6222
      vertex -19.4222 -17.5164 6.99771
      vertex -8.60067 -12.0126 11.6222
    endloop
  endfacet
  facet normal -0.547638 -0.360126 0.75525
    outer loop
      vertex -20.0293 -16.9926 6.99771
      vertex -20.842 -17.2203 6.29984
      vertex -20.2038 -18.1908 6.29984
    endloop
  endfacet
  facet normal -0.558624 -0.354172 0.750001
    outer loop
      vertex -20.5887 -16.142 6.99771
      vertex -33.4448 2.23104 6.09835
      vertex -20.842 -17.2203 6.29984
    endloop
  endfacet
  facet normal 0.435463 -0.440063 -0.785313
    outer loop
      vertex 18.9911 -20.0625 3.27756
      vertex 18.3456 -18.8977 2.26691
      vertex 20.4167 -18.6518 3.27756
    endloop
  endfacet
  facet normal -0.547638 -0.360126 -0.75525
    outer loop
      vertex -20.2038 -18.1908 2.26323
      vertex -20.842 -17.2203 2.26323
      vertex -20.0293 -16.9926 1.56536
    endloop
  endfacet
  facet normal -0.0233314 0.32914 -0.943993
    outer loop
      vertex 8.51787 16.7999 0.885552
      vertex -20.2904 12.9939 0.270535
      vertex -20.2904 14.3457 0.741865
    endloop
  endfacet
  facet normal -0.0316782 0.424819 -0.904724
    outer loop
      vertex 8.51787 16.7999 0.885552
      vertex -20.2904 14.3457 0.741865
      vertex 8.51787 17.9516 1.42634
    endloop
  endfacet
  facet normal 0.204089 -0.557981 -0.804366
    outer loop
      vertex 15.5998 -21.7564 3.27756
      vertex 15.3731 -20.3824 2.26691
      vertex 17.3646 -21.1109 3.27756
    endloop
  endfacet
  facet normal -0.530482 0.210815 0.821064
    outer loop
      vertex -22.4645 12.782 11.8237
      vertex -34.0635 5.89358 6.09835
      vertex -22.7062 12.1738 11.8237
    endloop
  endfacet
  facet normal -0.424599 0.0310531 0.904849
    outer loop
      vertex -22.855 11.5138 11.8237
      vertex -22.9052 10.8274 11.8237
      vertex -21.8697 11.2501 12.2951
    endloop
  endfacet
  facet normal 0.0454389 0.633157 0.772688
    outer loop
      vertex 17.0425 19.2315 7.22912
      vertex 17.0425 18.2542 8.02994
      vertex 19.1619 19.0794 7.22912
    endloop
  endfacet
  facet normal -0.636862 0.576723 0.511661
    outer loop
      vertex -23.0082 16.3003 9.2445
      vertex -34.2992 7.28909 5.34772
      vertex -23.7495 15.4817 9.2445
    endloop
  endfacet
  facet normal 0.0844768 -0.100647 0.991329
    outer loop
      vertex 18.2356 -9.34879 12.3447
      vertex 15.4848 -13.7349 12.1338
      vertex 20.2609 -9.98027 12.108
    endloop
  endfacet
  facet normal 0.03593 0.500728 0.864859
    outer loop
      vertex 17.0425 18.2542 8.02994
      vertex -20.2904 15.5622 11.1395
      vertex 18.9002 18.1209 8.02994
    endloop
  endfacet
  facet normal -0.611261 0.55354 0.565645
    outer loop
      vertex -23.0082 16.3003 9.2445
      vertex -23.7495 15.4817 9.2445
      vertex -22.6726 15.6244 10.2686
    endloop
  endfacet
  facet normal -0.0255998 0.896968 0.441354
    outer loop
      vertex -20.2904 17.9695 8.10661
      vertex -20.2904 17.4096 9.2445
      vertex 17.0425 19.9046 6.3393
    endloop
  endfacet
  facet normal 0.309578 -0.0653724 0.948624
    outer loop
      vertex 25.24 -9.02687 10.97
      vertex 23.175 -9.02687 11.6439
      vertex 25.0855 -9.75852 10.97
    endloop
  endfacet
  facet normal -0.219778 0.0160174 0.975418
    outer loop
      vertex -20.8237 10.9701 12.5354
      vertex -21.9006 10.8274 12.2951
      vertex -20.8341 10.8274 12.5354
    endloop
  endfacet
  facet normal -0.495934 0.111811 0.861132
    outer loop
      vertex -22.7062 12.1738 11.8237
      vertex -34.0635 5.89358 6.09835
      vertex -22.855 11.5138 11.8237
    endloop
  endfacet
  facet normal -0.646415 0.624919 0.437748
    outer loop
      vertex -23.0082 16.3003 9.2445
      vertex -33.601 8.63097 4.55084
      vertex -33.209 8.47825 5.34772
    endloop
  endfacet
  facet normal -0.851694 -0.143911 0.503892
    outer loop
      vertex -34.9705 3.31501 5.34772
      vertex -35.6687 4.65689 4.55084
      vertex -35.4329 3.26138 4.55084
    endloop
  endfacet
  facet normal -0.449453 -0.000884319 0.893304
    outer loop
      vertex -22.9052 10.8274 11.8237
      vertex -34.2724 4.65689 6.09835
      vertex -32.9297 4.65689 6.77391
    endloop
  endfacet
  facet normal -0.778682 0.405102 -0.47911
    outer loop
      vertex -34.9705 5.99877 2.94149
      vertex -35.4329 6.0524 3.73836
      vertex -34.7348 7.39428 3.73836
    endloop
  endfacet
  facet normal 0.705806 -0.636087 0.311819
    outer loop
      vertex 28.4033 -11.1918 7.98328
      vertex 21.271 -19.6819 6.80816
      vertex 28.8509 -11.2783 6.79368
    endloop
  endfacet
  facet normal -0.092363 -0.66631 -0.739933
    outer loop
      vertex -10.8198 -21.0879 3.12823
      vertex -18.7909 -19.8835 3.03867
      vertex -10.6402 -20.2263 2.32994
    endloop
  endfacet
  facet normal -0.887131 -0.461518 0
    outer loop
      vertex -34.7348 1.91949 3.73836
      vertex -35.4329 3.26138 4.55084
      vertex -35.4329 3.26138 3.73836
    endloop
  endfacet
  facet normal -0.887131 -0.461518 0
    outer loop
      vertex -35.4329 3.26138 4.55084
      vertex -34.7348 1.91949 3.73836
      vertex -34.7348 1.91949 4.55084
    endloop
  endfacet
  facet normal -0.851691 0.143911 -0.503896
    outer loop
      vertex -34.9705 5.99877 2.94149
      vertex -35.6687 4.65689 3.73836
      vertex -35.4329 6.0524 3.73836
    endloop
  endfacet
  facet normal -0.271353 -0.314506 -0.909645
    outer loop
      vertex -19.4222 -17.5164 1.56536
      vertex -20.0293 -16.9926 1.56536
      vertex -19.309 -15.8975 0.971863
    endloop
  endfacet
  facet normal -0.424742 -0.220988 -0.877929
    outer loop
      vertex -32.2043 2.53061 1.51529
      vertex -33.4448 2.23104 2.19085
      vertex -32.7466 3.57292 1.51529
    endloop
  endfacet
  facet normal -0.248713 0.609396 -0.752846
    outer loop
      vertex -20.9769 15.4712 1.42613
      vertex -21.9313 16.1576 2.29704
      vertex -21.1269 16.4859 2.29704
    endloop
  endfacet
  facet normal -0.626666 -0.10587 -0.772063
    outer loop
      vertex -34.9705 3.31501 2.94149
      vertex -35.1972 4.65689 2.94149
      vertex -34.2724 4.65689 2.19085
    endloop
  endfacet
  facet normal -0.0667194 -0.0112767 -0.997708
    outer loop
      vertex -26.9099 4.24983 0.178465
      vertex -26.9787 4.65689 0.178465
      vertex -24.6084 4.65689 0.0199566
    endloop
  endfacet
  facet normal -0.209874 0.109193 -0.971612
    outer loop
      vertex -29.0998 5.31791 0.489388
      vertex -31.0706 5.54648 0.940781
      vertex -28.7691 5.95353 0.489388
    endloop
  endfacet
  facet normal -0.626666 0.10587 -0.772063
    outer loop
      vertex -34.2724 4.65689 2.19085
      vertex -35.1972 4.65689 2.94149
      vertex -34.9705 5.99877 2.94149
    endloop
  endfacet
  facet normal -0.303736 -0.158047 -0.939556
    outer loop
      vertex -30.6255 2.9119 0.940781
      vertex -32.7466 3.57292 1.51529
      vertex -31.0706 3.7673 0.940781
    endloop
  endfacet
  facet normal 0.00245658 -0.00130262 -0.999996
    outer loop
      vertex 18.4211 -9.13991 0.0297928
      vertex 11.2787 -9.09472 0.012188
      vertex 19.9701 5.4755 0.0145597
    endloop
  endfacet
  facet normal -0.532307 0.740148 -0.41089
    outer loop
      vertex -22.1625 16.9086 3.32111
      vertex -23.2394 16.7658 4.459
      vertex -22.3217 17.4258 4.459
    endloop
  endfacet
  facet normal -0.48391 -0.560781 0.67183
    outer loop
      vertex -19.5112 -18.7884 6.29984
      vertex -20.3239 -19.0161 5.5244
      vertex -19.5725 -19.6645 5.5244
    endloop
  endfacet
  facet normal -0.48389 -0.560813 0.671818
    outer loop
      vertex -20.2038 -18.1908 6.29984
      vertex -20.3239 -19.0161 5.5244
      vertex -19.5112 -18.7884 6.29984
    endloop
  endfacet
  facet normal -0.493647 -0.324649 0.806793
    outer loop
      vertex -20.0293 -16.9926 6.99771
      vertex -21.1698 -11.537 8.49518
      vertex -20.5887 -16.142 6.99771
    endloop
  endfacet
  facet normal -0.547628 -0.360149 0.755246
    outer loop
      vertex -20.5887 -16.142 6.99771
      vertex -20.842 -17.2203 6.29984
      vertex -20.0293 -16.9926 6.99771
    endloop
  endfacet
  facet normal -0.702802 -0.462261 0.540726
    outer loop
      vertex -21.0165 -17.9631 5.5244
      vertex -34.2992 2.02469 5.34772
      vertex -20.3239 -19.0161 5.5244
    endloop
  endfacet
  facet normal -0.679933 -0.447124 0.581181
    outer loop
      vertex -20.2038 -18.1908 6.29984
      vertex -20.842 -17.2203 6.29984
      vertex -20.3239 -19.0161 5.5244
    endloop
  endfacet
  facet normal 0.402577 0.0151318 0.915261
    outer loop
      vertex 23.6663 5.67673 11.4191
      vertex 22.6314 5.67673 11.8743
      vertex 25.24 -9.02687 10.97
    endloop
  endfacet
  facet normal 0.658066 -0.664969 0.353222
    outer loop
      vertex 21.271 -19.6819 6.80816
      vertex 19.4357 -20.8649 8.0003
      vertex 19.6623 -21.2739 6.80816
    endloop
  endfacet
  facet normal -0.830034 -0.557712 0
    outer loop
      vertex -20.3852 -19.4368 3.86187
      vertex -34.7348 1.91949 4.55084
      vertex -34.7348 1.91949 3.73836
    endloop
  endfacet
  facet normal -0.830034 -0.557712 0
    outer loop
      vertex -34.7348 1.91949 4.55084
      vertex -20.3852 -19.4368 3.86187
      vertex -20.3852 -19.4368 4.7012
    endloop
  endfacet
  facet normal -4.07575e-05 7.64745e-05 -1
    outer loop
      vertex 13.5235 6.84606 0.00730991
      vertex -5.03646 0.60832 0.00758934
      vertex -4.86517 0.69961 0.00758934
    endloop
  endfacet
  facet normal -0.121407 -0.140717 -0.982578
    outer loop
      vertex -19.1759 -13.9939 0.505558
      vertex -19.5461 -13.6745 0.505558
      vertex -19.028 -11.8787 0.184361
    endloop
  endfacet
  facet normal -0.220933 -0.121439 -0.967699
    outer loop
      vertex -19.8873 -13.1558 0.505558
      vertex -30.6255 2.9119 0.940781
      vertex -19.4661 -11.3626 0.184361
    endloop
  endfacet
  facet normal -0.103259 0.779057 0.618392
    outer loop
      vertex -20.2904 17.4096 9.2445
      vertex -21.2448 17.2831 9.2445
      vertex -20.2904 16.5967 10.2686
    endloop
  endfacet
  facet normal -0.230672 -0.323088 0.917826
    outer loop
      vertex -9.16811 -11.7002 11.6222
      vertex -19.8936 -11.4434 9.01702
      vertex -19.4222 -17.5164 6.99771
    endloop
  endfacet
  facet normal -0.368546 0.902734 0.221914
    outer loop
      vertex -21.326 17.8323 8.10661
      vertex -22.4029 17.6896 6.89863
      vertex -22.3217 17.4258 8.10661
    endloop
  endfacet
  facet normal -0.118092 0.890964 -0.438449
    outer loop
      vertex -21.2448 17.2831 3.32111
      vertex -21.326 17.8323 4.459
      vertex -20.2904 17.4096 3.32111
    endloop
  endfacet
  facet normal -0.409504 0.0924005 0.907617
    outer loop
      vertex -21.778 11.6565 12.2951
      vertex -22.855 11.5138 11.8237
      vertex -21.8697 11.2501 12.2951
    endloop
  endfacet
  facet normal -0.580301 0.353923 0.733477
    outer loop
      vertex -22.7787 14.1754 11.1395
      vertex -34.2992 7.28909 5.34772
      vertex -23.2163 13.4579 11.1395
    endloop
  endfacet
  facet normal 0.476203 0.796544 -0.372489
    outer loop
      vertex 25.3778 17.3897 3.4869
      vertex 23.8532 18.7429 4.43153
      vertex 25.7109 17.6323 4.43153
    endloop
  endfacet
  facet normal 0.298537 0.307587 0.903474
    outer loop
      vertex 24.9599 15.1715 8.02994
      vertex 22.1455 6.61107 11.8743
      vertex 22.3518 6.41084 11.8743
    endloop
  endfacet
  facet normal 0.045433 0.633166 0.772682
    outer loop
      vertex 19.1619 19.0794 7.22912
      vertex 17.0425 18.2542 8.02994
      vertex 18.9002 18.1209 8.02994
    endloop
  endfacet
  facet normal 0.0571414 0.796223 0.602299
    outer loop
      vertex 17.0425 19.9046 6.3393
      vertex 17.0425 19.2315 7.22912
      vertex 19.1619 19.0794 7.22912
    endloop
  endfacet
  facet normal -0.248679 0.609421 0.752838
    outer loop
      vertex -20.9769 15.4712 11.1395
      vertex -21.9313 16.1576 10.2686
      vertex -21.6371 15.2018 11.1395
    endloop
  endfacet
  facet normal -0.590595 0.397283 0.702399
    outer loop
      vertex -23.3224 14.9069 10.2686
      vertex -34.2992 7.28909 5.34772
      vertex -22.7787 14.1754 11.1395
    endloop
  endfacet
  facet normal 0.0672853 0.93776 -0.340704
    outer loop
      vertex 19.4341 20.0762 4.43153
      vertex 17.0425 19.9046 3.4869
      vertex 17.0425 20.2478 4.43153
    endloop
  endfacet
  facet normal -0.0527382 0.998608 0
    outer loop
      vertex 17.0425 20.2478 4.43153
      vertex 8.51787 19.7976 4.28369
      vertex 17.0425 20.2478 5.39467
    endloop
  endfacet
  facet normal -0.0527382 0.998608 0
    outer loop
      vertex 8.51787 19.7976 4.28369
      vertex 17.0425 20.2478 4.43153
      vertex 8.51787 19.7976 3.5189
    endloop
  endfacet
  facet normal -0.632831 0.77429 0
    outer loop
      vertex -23.3573 17.0032 5.66698
      vertex -33.601 8.63097 4.55084
      vertex -23.3573 17.0032 6.89863
    endloop
  endfacet
  facet normal -0.632831 0.77429 0
    outer loop
      vertex -33.601 8.63097 4.55084
      vertex -23.3573 17.0032 5.66698
      vertex -33.601 8.63097 3.73836
    endloop
  endfacet
  facet normal -0.570646 0.793457 0.211635
    outer loop
      vertex -22.4029 17.6896 6.89863
      vertex -23.2394 16.7658 8.10661
      vertex -22.3217 17.4258 8.10661
    endloop
  endfacet
  facet normal -0.565656 -0.358805 0.742491
    outer loop
      vertex -33.4448 2.23104 6.09835
      vertex -34.2992 2.02469 5.34772
      vertex -20.842 -17.2203 6.29984
    endloop
  endfacet
  facet normal -0.424599 -0.0310531 0.904849
    outer loop
      vertex -21.8697 10.4047 12.2951
      vertex -22.9052 10.8274 11.8237
      vertex -22.855 10.141 11.8237
    endloop
  endfacet
  facet normal -0.464216 0.0339505 0.885071
    outer loop
      vertex -22.855 11.5138 11.8237
      vertex -34.2724 4.65689 6.09835
      vertex -22.9052 10.8274 11.8237
    endloop
  endfacet
  facet normal -0.485679 0.0820403 0.870279
    outer loop
      vertex -34.0635 5.89358 6.09835
      vertex -34.2724 4.65689 6.09835
      vertex -22.855 11.5138 11.8237
    endloop
  endfacet
  facet normal -0.626661 0.105869 0.772067
    outer loop
      vertex -34.9705 5.99877 5.34772
      vertex -35.1972 4.65689 5.34772
      vertex -34.2724 4.65689 6.09835
    endloop
  endfacet
  facet normal -0.851679 -0.143885 0.503924
    outer loop
      vertex -35.1972 4.65689 5.34772
      vertex -35.6687 4.65689 4.55084
      vertex -34.9705 3.31501 5.34772
    endloop
  endfacet
  facet normal -0.341463 0.836743 0.428094
    outer loop
      vertex -21.2448 17.2831 9.2445
      vertex -22.3217 17.4258 8.10661
      vertex -22.1625 16.9086 9.2445
    endloop
  endfacet
  facet normal -0.88713 0.461521 0
    outer loop
      vertex -35.4329 6.0524 3.73836
      vertex -34.7348 7.39428 4.55084
      vertex -34.7348 7.39428 3.73836
    endloop
  endfacet
  facet normal -0.88713 0.461521 0
    outer loop
      vertex -34.7348 7.39428 4.55084
      vertex -35.4329 6.0524 3.73836
      vertex -35.4329 6.0524 4.55084
    endloop
  endfacet
  facet normal -0.778683 -0.405099 -0.47911
    outer loop
      vertex -34.7348 1.91949 3.73836
      vertex -35.4329 3.26138 3.73836
      vertex -34.9705 3.31501 2.94149
    endloop
  endfacet
  facet normal 0.436979 -0.0922753 -0.894726
    outer loop
      vertex 26.8078 -9.9184 2.26209
      vertex 25.0855 -9.75852 1.40444
      vertex 25.24 -9.02687 1.40444
    endloop
  endfacet
  facet normal -0.585989 -0.30488 -0.750776
    outer loop
      vertex -33.4448 2.23104 2.19085
      vertex -34.9705 3.31501 2.94149
      vertex -34.0635 3.4202 2.19085
    endloop
  endfacet
  facet normal -0.778669 0.405109 -0.479126
    outer loop
      vertex -34.2992 7.28909 2.94149
      vertex -34.9705 5.99877 2.94149
      vertex -34.7348 7.39428 3.73836
    endloop
  endfacet
  facet normal -0.137886 -0.0232793 -0.990175
    outer loop
      vertex -29.0998 3.99587 0.489388
      vertex -29.2114 4.65689 0.489388
      vertex -26.9099 4.24983 0.178465
    endloop
  endfacet
  facet normal -0.851679 0.143885 0.503924
    outer loop
      vertex -34.9705 5.99877 5.34772
      vertex -35.6687 4.65689 4.55084
      vertex -35.1972 4.65689 5.34772
    endloop
  endfacet
  facet normal -0.851694 0.143911 0.503892
    outer loop
      vertex -35.4329 6.0524 4.55084
      vertex -35.6687 4.65689 4.55084
      vertex -34.9705 5.99877 5.34772
    endloop
  endfacet
  facet normal -0.570649 0.793455 0.211631
    outer loop
      vertex -22.4029 17.6896 6.89863
      vertex -23.3573 17.0032 6.89863
      vertex -23.2394 16.7658 8.10661
    endloop
  endfacet
  facet normal -0.341569 0.836654 0.428183
    outer loop
      vertex -21.326 17.8323 8.10661
      vertex -22.3217 17.4258 8.10661
      vertex -21.2448 17.2831 9.2445
    endloop
  endfacet
  facet normal 0.00978305 0.299335 -0.954098
    outer loop
      vertex 17.0425 15.5478 0.580132
      vertex 8.51787 15.4456 0.460659
      vertex 8.51787 16.7999 0.885552
    endloop
  endfacet
  facet normal -0.0406223 0.489848 -0.870861
    outer loop
      vertex 8.51787 17.9516 1.42634
      vertex -20.2904 14.3457 0.741865
      vertex -20.2904 15.5622 1.42613
    endloop
  endfacet
  facet normal -0.0680457 0.781419 -0.620285
    outer loop
      vertex 8.51787 19.4798 2.76881
      vertex -20.2904 16.5967 2.29704
      vertex -20.2904 17.4096 3.32111
    endloop
  endfacet
  facet normal -0.381538 0.349763 -0.855625
    outer loop
      vertex -32.2043 6.78316 1.51529
      vertex -32.44 8.17867 2.19085
      vertex -31.3237 7.74376 1.51529
    endloop
  endfacet
  facet normal 0.000112098 0.00198072 -0.999998
    outer loop
      vertex 13.8421 6.93096 0.00730991
      vertex 12.4348 11.8557 0.0169067
      vertex 12.6433 11.8439 0.0169067
    endloop
  endfacet
  facet normal 0.00136725 -0.000652815 -0.999999
    outer loop
      vertex 19.9701 5.4755 0.0145597
      vertex 11.2787 -9.09472 0.012188
      vertex 14.5342 5.19598 0.00730991
    endloop
  endfacet
  facet normal -0.318211 -0.053751 -0.946495
    outer loop
      vertex -32.7466 3.57292 1.51529
      vertex -32.9297 4.65689 1.51529
      vertex -31.0706 3.7673 0.940781
    endloop
  endfacet
  facet normal -0.39509 0.549288 -0.736333
    outer loop
      vertex -22.2454 14.7642 1.42613
      vertex -22.6726 15.6244 2.29704
      vertex -21.9313 16.1576 2.29704
    endloop
  endfacet
  facet normal -0.258089 0.292999 -0.92062
    outer loop
      vertex -29.9028 7.19022 0.940781
      vertex -31.3237 7.74376 1.51529
      vertex -21.7431 13.7527 0.741865
    endloop
  endfacet
  facet normal -0.0849939 0.641673 -0.762254
    outer loop
      vertex -20.9769 15.4712 1.42613
      vertex -21.1269 16.4859 2.29704
      vertex -20.2904 16.5967 2.29704
    endloop
  endfacet
  facet normal -0.448164 -0.0757032 -0.89074
    outer loop
      vertex -34.0635 3.4202 2.19085
      vertex -34.2724 4.65689 2.19085
      vertex -32.7466 3.57292 1.51529
    endloop
  endfacet
  facet normal -0.62668 -0.105858 -0.772053
    outer loop
      vertex -34.0635 3.4202 2.19085
      vertex -34.9705 3.31501 2.94149
      vertex -34.2724 4.65689 2.19085
    endloop
  endfacet
  facet normal 0.586015 0.430018 0.686782
    outer loop
      vertex 27.9331 14.6039 6.3393
      vertex 26.8437 16.0885 6.3393
      vertex 27.0793 14.3463 7.22912
    endloop
  endfacet
  facet normal 0.586054 0.43001 -0.686755
    outer loop
      vertex 27.0793 14.3463 2.59708
      vertex 26.0754 15.7145 2.59708
      vertex 26.8437 16.0885 3.4869
    endloop
  endfacet
  facet normal -0.0184628 -0.758308 -0.651635
    outer loop
      vertex 13.7644 -22.9394 4.40053
      vertex -8.52862 -21.3033 3.12823
      vertex 13.7644 -21.9744 3.27756
    endloop
  endfacet
  facet normal -0.305028 -0.166282 0.937714
    outer loop
      vertex -20.6213 -10.7113 9.01702
      vertex -21.6292 9.62372 12.2951
      vertex -20.9003 -10.1995 9.01702
    endloop
  endfacet
  facet normal -0.136165 -0.469183 0.87254
    outer loop
      vertex -19.4222 -17.5164 6.99771
      vertex -19.5112 -18.7884 6.29984
      vertex -7.95328 -12.2447 11.6222
    endloop
  endfacet
  facet normal -0.375518 -0.303908 0.875572
    outer loop
      vertex -20.6213 -10.7113 9.01702
      vertex -21.1698 -11.537 8.49518
      vertex -20.7123 -12.1023 8.49518
    endloop
  endfacet
  facet normal -0.679817 -0.447142 0.581303
    outer loop
      vertex -20.842 -17.2203 6.29984
      vertex -21.0165 -17.9631 5.5244
      vertex -20.3239 -19.0161 5.5244
    endloop
  endfacet
  facet normal -0.680165 -0.446861 0.581111
    outer loop
      vertex -20.842 -17.2203 6.29984
      vertex -34.2992 2.02469 5.34772
      vertex -21.0165 -17.9631 5.5244
    endloop
  endfacet
  facet normal 0.590064 -0.0131068 -0.80725
    outer loop
      vertex 28.3757 -9.02687 3.27059
      vertex 26.996 -9.02687 2.26209
      vertex 27.9062 11.3179 2.59708
    endloop
  endfacet
  facet normal 0.245451 -0.380821 -0.891476
    outer loop
      vertex 18.3456 -18.8977 2.26691
      vertex 16.3541 -18.1693 1.40743
      vertex 17.5241 -17.4152 1.40743
    endloop
  endfacet
  facet normal 0.734185 0.538726 -0.413215
    outer loop
      vertex 28.3683 14.7353 4.43153
      vertex 26.8437 16.0885 3.4869
      vertex 27.2355 16.2791 4.43153
    endloop
  endfacet
  facet normal -0.125242 -0.875228 -0.467216
    outer loop
      vertex -10.9113 -21.5272 3.97569
      vertex -18.7909 -20.3389 3.86187
      vertex -10.8198 -21.0879 3.12823
    endloop
  endfacet
  facet normal -0.219784 0.0160665 0.975416
    outer loop
      vertex -21.8697 11.2501 12.2951
      vertex -21.9006 10.8274 12.2951
      vertex -20.8237 10.9701 12.5354
    endloop
  endfacet
  facet normal -0.10527 -0.424594 0.899243
    outer loop
      vertex 12.4442 -18.6336 10.9934
      vertex -7.95328 -12.2447 11.6222
      vertex 12.1557 -20.3824 10.1339
    endloop
  endfacet
  facet normal -0.674733 -0.450857 -0.584349
    outer loop
      vertex -20.3239 -19.0161 3.03867
      vertex -34.2992 2.02469 2.94149
      vertex -20.2038 -18.1908 2.26323
    endloop
  endfacet
  facet normal 0.0688079 -0.1881 -0.979737
    outer loop
      vertex 15.6888 -16.2322 0.732137
      vertex 14.7454 -16.5773 0.732137
      vertex 14.9494 -14.0799 0.266987
    endloop
  endfacet
  facet normal 0.0232462 -0.195747 -0.980379
    outer loop
      vertex 14.7454 -16.5773 0.732137
      vertex 13.7644 -16.6938 0.732137
      vertex 14.3685 -14.2924 0.266987
    endloop
  endfacet
  facet normal 0.000597713 -0.00843309 -0.999964
    outer loop
      vertex 13.7644 -11.891 0.0298567
      vertex -5.7506 -11.2156 0.012496
      vertex 7.68531 -10.8787 0.0176859
    endloop
  endfacet
  facet normal 0.174201 -0.192701 -0.965671
    outer loop
      vertex 22.7205 -10.0933 0.730579
      vertex 16.5581 -15.6719 0.732137
      vertex 20.6007 -9.68358 0.266419
    endloop
  endfacet
  facet normal 0.119231 0.306201 -0.944471
    outer loop
      vertex 21.3841 16.051 1.11522
      vertex 19.2647 15.2258 0.580132
      vertex 20.033 16.5771 1.11522
    endloop
  endfacet
  facet normal -0.0233864 0.0303856 0.999265
    outer loop
      vertex -10.8 5.36415 12.9492
      vertex -20.5925 11.4356 12.5354
      vertex -10.7909 5.28565 12.9518
    endloop
  endfacet
  facet normal -0.0236586 0.029947 0.999271
    outer loop
      vertex -20.5925 11.4356 12.5354
      vertex -10.8 5.36415 12.9492
      vertex -10.8006 5.38036 12.9487
    endloop
  endfacet
  facet normal -0.195223 -0.0775534 0.977688
    outer loop
      vertex -20.7927 10.5474 12.5354
      vertex -21.778 9.99829 12.2951
      vertex -21.6292 9.62372 12.2951
    endloop
  endfacet
  facet normal 0.401227 0.269302 0.875496
    outer loop
      vertex 25.8398 13.9723 8.02994
      vertex 23.2123 6.86886 11.4191
      vertex 23.4613 6.49788 11.4191
    endloop
  endfacet
  facet normal -0.404257 0.366188 0.838142
    outer loop
      vertex -21.7431 13.7527 11.8237
      vertex -22.2454 14.7642 11.1395
      vertex -22.1394 13.3152 11.8237
    endloop
  endfacet
  facet normal -0.27735 0.251232 0.92734
    outer loop
      vertex -21.7431 13.7527 11.8237
      vertex -22.1394 13.3152 11.8237
      vertex -21.185 12.6288 12.2951
    endloop
  endfacet
  facet normal 0.111587 -0.173126 0.978558
    outer loop
      vertex 16.5581 -15.6719 11.6687
      vertex 14.9494 -14.0799 12.1338
      vertex 15.6888 -16.2322 11.6687
    endloop
  endfacet
  facet normal -0.424594 0.0310385 0.904852
    outer loop
      vertex -21.8697 11.2501 12.2951
      vertex -22.9052 10.8274 11.8237
      vertex -21.9006 10.8274 12.2951
    endloop
  endfacet
  facet normal -0.424594 -0.0310385 0.904852
    outer loop
      vertex -21.9006 10.8274 12.2951
      vertex -22.9052 10.8274 11.8237
      vertex -21.8697 10.4047 12.2951
    endloop
  endfacet
  facet normal -0.611248 0.553573 0.565626
    outer loop
      vertex -22.6726 15.6244 10.2686
      vertex -23.7495 15.4817 9.2445
      vertex -23.3224 14.9069 10.2686
    endloop
  endfacet
  facet normal -0.00662007 -0.049545 0.99875
    outer loop
      vertex -9.50795 3.54913 12.9966
      vertex -9.15528 1.48213 12.8964
      vertex -9.08614 1.46886 12.8962
    endloop
  endfacet
  facet normal -0.00696627 -0.0496038 0.998745
    outer loop
      vertex -9.15528 1.48213 12.8964
      vertex -9.50795 3.54913 12.9966
      vertex -9.58827 3.56041 12.9966
    endloop
  endfacet
  facet normal -0.00556954 -0.0493316 0.998767
    outer loop
      vertex -8.76238 -0.127844 12.8191
      vertex -8.82038 -0.125345 12.8189
      vertex -6.67219 -10.4362 12.3216
    endloop
  endfacet
  facet normal -0.103196 0.779093 0.618357
    outer loop
      vertex -20.2904 16.5967 10.2686
      vertex -21.2448 17.2831 9.2445
      vertex -21.1269 16.4859 10.2686
    endloop
  endfacet
  facet normal -0.517174 0.468425 0.716317
    outer loop
      vertex -22.2454 14.7642 11.1395
      vertex -23.3224 14.9069 10.2686
      vertex -22.7787 14.1754 11.1395
    endloop
  endfacet
  facet normal -0.575649 0.333066 0.74679
    outer loop
      vertex -23.2163 13.4579 11.1395
      vertex -34.2992 7.28909 5.34772
      vertex -33.4448 7.08274 6.09835
    endloop
  endfacet
  facet normal -0.563397 0.293126 0.772439
    outer loop
      vertex -33.4448 7.08274 6.09835
      vertex -34.0635 5.89358 6.09835
      vertex -23.2163 13.4579 11.1395
    endloop
  endfacet
  facet normal 0.40972 -0.266296 0.872477
    outer loop
      vertex 26.8078 -9.9184 10.1124
      vertex 25.0855 -9.75852 10.97
      vertex 26.2506 -10.7757 10.1124
    endloop
  endfacet
  facet normal 0.643192 0.0795756 0.761558
    outer loop
      vertex 28.3757 -9.02687 9.10387
      vertex 24.5281 6.2401 10.7582
      vertex 24.5978 5.67673 10.7582
    endloop
  endfacet
  facet normal 0.978451 -0.206478 0
    outer loop
      vertex 29.5684 -10.1746 6.79368
      vertex 29.8106 -9.02687 5.58077
      vertex 29.8106 -9.02687 6.79368
    endloop
  endfacet
  facet normal 0.978451 -0.206478 0
    outer loop
      vertex 29.8106 -9.02687 5.58077
      vertex 29.5684 -10.1746 6.79368
      vertex 29.5684 -10.1746 5.58077
    endloop
  endfacet
  facet normal -0.127875 0.965217 0.228044
    outer loop
      vertex -20.2904 18.2549 6.89863
      vertex -21.326 17.8323 8.10661
      vertex -20.2904 17.9695 8.10661
    endloop
  endfacet
  facet normal -0.0850602 0.64169 0.762233
    outer loop
      vertex -20.2904 16.5967 10.2686
      vertex -20.9769 15.4712 11.1395
      vertex -20.2904 15.5622 11.1395
    endloop
  endfacet
  facet normal -0.0426499 0.972321 0.229723
    outer loop
      vertex -20.2904 18.2549 6.89863
      vertex -20.2904 17.9695 8.10661
      vertex 17.0425 20.2478 5.39467
    endloop
  endfacet
  facet normal -0.053474 0.998569 0
    outer loop
      vertex 8.51787 19.7976 4.28369
      vertex -20.2904 18.2549 5.66698
      vertex -20.2904 18.2549 6.89863
    endloop
  endfacet
  facet normal -0.053474 0.998569 0
    outer loop
      vertex -20.2904 18.2549 5.66698
      vertex 8.51787 19.7976 4.28369
      vertex 8.51787 19.7976 3.5189
    endloop
  endfacet
  facet normal 0.31589 0.300827 0.899842
    outer loop
      vertex 24.9599 15.1715 8.02994
      vertex 22.3518 6.41084 11.8743
      vertex 23.2123 6.86886 11.4191
    endloop
  endfacet
  facet normal -0.0325354 0.939392 0.341297
    outer loop
      vertex 17.0425 20.2478 5.39467
      vertex -20.2904 17.9695 8.10661
      vertex 17.0425 19.9046 6.3393
    endloop
  endfacet
  facet normal 0.135487 0.613199 -0.778223
    outer loop
      vertex 20.6865 17.7262 1.79626
      vertex 19.1619 19.0794 2.59708
      vertex 21.1999 18.6291 2.59708
    endloop
  endfacet
  facet normal -0.0130207 0.920689 -0.39008
    outer loop
      vertex 17.0425 19.9046 3.4869
      vertex 8.51787 19.4798 2.76881
      vertex 8.51787 19.7976 3.5189
    endloop
  endfacet
  facet normal -0.127889 0.965218 0.228033
    outer loop
      vertex -20.2904 18.2549 6.89863
      vertex -21.3674 18.1122 6.89863
      vertex -21.326 17.8323 8.10661
    endloop
  endfacet
  facet normal -0.3002 0.73563 0.60723
    outer loop
      vertex -21.2448 17.2831 9.2445
      vertex -22.1625 16.9086 9.2445
      vertex -21.9313 16.1576 10.2686
    endloop
  endfacet
  facet normal -0.434008 -0.0317413 0.90035
    outer loop
      vertex -22.9052 10.8274 11.8237
      vertex -32.9297 4.65689 6.77391
      vertex -22.855 10.141 11.8237
    endloop
  endfacet
  facet normal -0.448163 -0.075702 0.890741
    outer loop
      vertex -32.9297 4.65689 6.77391
      vertex -34.2724 4.65689 6.09835
      vertex -32.7466 3.57292 6.77391
    endloop
  endfacet
  facet normal -0.424743 -0.220987 0.877928
    outer loop
      vertex -32.7466 3.57292 6.77391
      vertex -34.0635 3.4202 6.09835
      vertex -33.4448 2.23104 6.09835
    endloop
  endfacet
  facet normal -0.585978 -0.30486 0.750793
    outer loop
      vertex -33.4448 2.23104 6.09835
      vertex -34.9705 3.31501 5.34772
      vertex -34.2992 2.02469 5.34772
    endloop
  endfacet
  facet normal -0.661361 0.606324 0.441557
    outer loop
      vertex -33.209 8.47825 5.34772
      vertex -34.7348 7.39428 4.55084
      vertex -34.2992 7.28909 5.34772
    endloop
  endfacet
  facet normal -0.639533 0.586312 0.497228
    outer loop
      vertex -33.209 8.47825 5.34772
      vertex -34.2992 7.28909 5.34772
      vertex -23.0082 16.3003 9.2445
    endloop
  endfacet
  facet normal -0.647131 0.733642 0.207341
    outer loop
      vertex -23.3573 17.0032 6.89863
      vertex -33.601 8.63097 4.55084
      vertex -23.2394 16.7658 8.10661
    endloop
  endfacet
  facet normal -0.647136 0.650487 0.397595
    outer loop
      vertex -23.2394 16.7658 8.10661
      vertex -33.601 8.63097 4.55084
      vertex -23.0082 16.3003 9.2445
    endloop
  endfacet
  facet normal -0.986023 0.166609 0
    outer loop
      vertex -35.6687 4.65689 3.73836
      vertex -35.4329 6.0524 4.55084
      vertex -35.4329 6.0524 3.73836
    endloop
  endfacet
  facet normal -0.986023 0.166609 0
    outer loop
      vertex -35.4329 6.0524 4.55084
      vertex -35.6687 4.65689 3.73836
      vertex -35.6687 4.65689 4.55084
    endloop
  endfacet
  facet normal -0.735628 -0.490761 -0.466911
    outer loop
      vertex -20.3239 -19.0161 3.03867
      vertex -34.7348 1.91949 3.73836
      vertex -34.2992 2.02469 2.94149
    endloop
  endfacet
  facet normal -0.778667 -0.405108 -0.47913
    outer loop
      vertex -34.7348 1.91949 3.73836
      vertex -34.9705 3.31501 2.94149
      vertex -34.2992 2.02469 2.94149
    endloop
  endfacet
  facet normal -0.783172 -0.528123 -0.328219
    outer loop
      vertex -20.3852 -19.4368 3.86187
      vertex -34.7348 1.91949 3.73836
      vertex -20.3239 -19.0161 3.03867
    endloop
  endfacet
  facet normal -0.986023 -0.166609 0
    outer loop
      vertex -35.4329 3.26138 3.73836
      vertex -35.6687 4.65689 4.55084
      vertex -35.6687 4.65689 3.73836
    endloop
  endfacet
  facet normal -0.986023 -0.166609 0
    outer loop
      vertex -35.6687 4.65689 4.55084
      vertex -35.4329 3.26138 3.73836
      vertex -35.4329 3.26138 4.55084
    endloop
  endfacet
  facet normal -0.851691 -0.143911 -0.503896
    outer loop
      vertex -35.4329 3.26138 3.73836
      vertex -35.6687 4.65689 3.73836
      vertex -34.9705 3.31501 2.94149
    endloop
  endfacet
  facet normal -0.368572 -0.427186 -0.825631
    outer loop
      vertex -19.5112 -18.7884 2.26323
      vertex -20.0293 -16.9926 1.56536
      vertex -19.4222 -17.5164 1.56536
    endloop
  endfacet
  facet normal -0.0653301 -0.233106 -0.970254
    outer loop
      vertex -18.7909 -16.0427 0.971863
      vertex -19.1759 -13.9939 0.505558
      vertex -18.7909 -14.1018 0.505558
    endloop
  endfacet
  facet normal -0.276221 0.253217 -0.927137
    outer loop
      vertex -29.9028 7.19022 0.940781
      vertex -32.2043 6.78316 1.51529
      vertex -31.3237 7.74376 1.51529
    endloop
  endfacet
  facet normal -0.21903 -0.0369788 -0.975017
    outer loop
      vertex -29.0998 3.99587 0.489388
      vertex -31.0706 3.7673 0.940781
      vertex -29.2114 4.65689 0.489388
    endloop
  endfacet
  facet normal -0.127889 0.965218 -0.228033
    outer loop
      vertex -21.326 17.8323 4.459
      vertex -21.3674 18.1122 5.66698
      vertex -20.2904 18.2549 5.66698
    endloop
  endfacet
  facet normal -0.0640851 0.748372 -0.660176
    outer loop
      vertex 8.51787 18.8565 2.06224
      vertex -20.2904 16.5967 2.29704
      vertex 8.51787 19.4798 2.76881
    endloop
  endfacet
  facet normal -0.104975 0.14598 -0.983702
    outer loop
      vertex -20.4985 11.5033 0.0302534
      vertex -21.185 12.6288 0.270535
      vertex -20.9066 12.829 0.270535
    endloop
  endfacet
  facet normal -0.207684 0.288808 -0.934589
    outer loop
      vertex -21.185 12.6288 0.270535
      vertex -21.7431 13.7527 0.741865
      vertex -20.9066 12.829 0.270535
    endloop
  endfacet
  facet normal -0.047628 0.574308 -0.817253
    outer loop
      vertex 8.51787 17.9516 1.42634
      vertex -20.2904 15.5622 1.42613
      vertex 8.51787 18.8565 2.06224
    endloop
  endfacet
  facet normal -0.240843 0.271214 -0.9319
    outer loop
      vertex -21.185 12.6288 0.270535
      vertex -29.9028 7.19022 0.940781
      vertex -21.7431 13.7527 0.741865
    endloop
  endfacet
  facet normal -0.000449092 0.00190045 -0.999998
    outer loop
      vertex 8.51787 12.3433 0.0187855
      vertex -23.8625 5.30779 0.0199566
      vertex -20.3965 11.5449 0.0302534
    endloop
  endfacet
  facet normal 0.00120735 -0.00575482 -0.999983
    outer loop
      vertex 13.9684 -11.8668 0.0298567
      vertex 10.883 -9.44392 0.012188
      vertex 10.9922 -9.42101 0.012188
    endloop
  endfacet
  facet normal 0.00102855 0.0058921 -0.999982
    outer loop
      vertex 12.8438 11.8089 0.0169067
      vertex 12.6433 11.8439 0.0169067
      vertex 17.2781 12.1806 0.0236578
    endloop
  endfacet
  facet normal -0.0667221 -0.0112619 -0.997708
    outer loop
      vertex -24.5852 4.51944 0.0199566
      vertex -26.9099 4.24983 0.178465
      vertex -24.6084 4.65689 0.0199566
    endloop
  endfacet
  facet normal -0.14056 0.127416 -0.981839
    outer loop
      vertex -20.6749 11.3447 0.0302534
      vertex -28.7691 5.95353 0.489388
      vertex -20.5925 11.4356 0.0302534
    endloop
  endfacet
  facet normal -0.000538052 0.000442872 -1
    outer loop
      vertex -5.28149 0.370174 0.00758934
      vertex -24.5164 4.9265 0.0199566
      vertex -5.17703 0.497084 0.00758934
    endloop
  endfacet
  facet normal -0.66136 0.606322 -0.441562
    outer loop
      vertex -34.2992 7.28909 2.94149
      vertex -34.7348 7.39428 3.73836
      vertex -33.209 8.47825 2.94149
    endloop
  endfacet
  facet normal -0.66136 0.606336 -0.441543
    outer loop
      vertex -33.209 8.47825 2.94149
      vertex -34.7348 7.39428 3.73836
      vertex -33.601 8.63097 3.73836
    endloop
  endfacet
  facet normal -0.339674 0.428608 -0.837208
    outer loop
      vertex -31.3237 7.74376 1.51529
      vertex -32.44 8.17867 2.19085
      vertex -22.2454 14.7642 1.42613
    endloop
  endfacet
  facet normal -0.438385 0.584812 -0.682505
    outer loop
      vertex -32.44 8.17867 2.19085
      vertex -33.209 8.47825 2.94149
      vertex -22.6726 15.6244 2.29704
    endloop
  endfacet
  facet normal -0.514771 0.471966 -0.715723
    outer loop
      vertex -32.44 8.17867 2.19085
      vertex -33.4448 7.08274 2.19085
      vertex -33.209 8.47825 2.94149
    endloop
  endfacet
  facet normal -0.381498 0.349776 -0.855638
    outer loop
      vertex -32.2043 6.78316 1.51529
      vertex -33.4448 7.08274 2.19085
      vertex -32.44 8.17867 2.19085
    endloop
  endfacet
  facet normal 0.0210094 0.480161 -0.876929
    outer loop
      vertex 17.0425 17.0104 1.11522
      vertex 8.51787 17.9516 1.42634
      vertex 17.0425 18.2542 1.79626
    endloop
  endfacet
  facet normal 0.0571267 0.796208 -0.60232
    outer loop
      vertex 19.1619 19.0794 2.59708
      vertex 17.0425 19.9046 3.4869
      vertex 19.3422 19.7396 3.4869
    endloop
  endfacet
  facet normal -0.127388 -0.650192 0.749015
    outer loop
      vertex -18.7909 -18.9902 6.29984
      vertex -18.7909 -19.8835 5.5244
      vertex 11.9291 -21.7564 9.12327
    endloop
  endfacet
  facet normal -0.0827948 -0.881079 -0.465666
    outer loop
      vertex -8.52862 -21.7511 3.97569
      vertex -10.9113 -21.5272 3.97569
      vertex -10.8198 -21.0879 3.12823
    endloop
  endfacet
  facet normal -0.653325 -0.757078 0
    outer loop
      vertex -20.3852 -19.4368 3.86187
      vertex -19.6037 -20.1112 4.7012
      vertex -20.3852 -19.4368 4.7012
    endloop
  endfacet
  facet normal -0.653325 -0.757078 -0
    outer loop
      vertex -19.6037 -20.1112 4.7012
      vertex -20.3852 -19.4368 3.86187
      vertex -19.6037 -20.1112 3.86187
    endloop
  endfacet
  facet normal -0.238084 -0.849866 0.470152
    outer loop
      vertex -18.7909 -19.8835 5.5244
      vertex -19.6037 -20.1112 4.7012
      vertex -18.7909 -20.3389 4.7012
    endloop
  endfacet
  facet normal -0.438405 -0.23899 0.866421
    outer loop
      vertex -20.9003 -10.1995 9.01702
      vertex -33.4448 2.23104 6.09835
      vertex -20.6213 -10.7113 9.01702
    endloop
  endfacet
  facet normal -0.365234 -0.164936 0.916188
    outer loop
      vertex -21.6292 9.62372 12.2951
      vertex -32.7466 3.57292 6.77391
      vertex -20.9003 -10.1995 9.01702
    endloop
  endfacet
  facet normal 0.40209 0.0497583 0.914247
    outer loop
      vertex 23.6146 6.09535 11.4191
      vertex 22.5995 5.93451 11.8743
      vertex 22.6314 5.67673 11.8743
    endloop
  endfacet
  facet normal 0.653061 0.088279 0.752142
    outer loop
      vertex 27.6975 12.8618 7.22912
      vertex 24.5281 6.2401 10.7582
      vertex 27.9062 11.3179 7.22912
    endloop
  endfacet
  facet normal -1.22394e-05 -1.00743e-05 -1
    outer loop
      vertex -5.17703 -0.31856 0.00758934
      vertex -5.28149 -0.19165 0.00758934
      vertex 13.2534 5.02696 0.00730991
    endloop
  endfacet
  facet normal 0.325376 -0.332822 -0.885076
    outer loop
      vertex 18.3456 -18.8977 2.26691
      vertex 17.5241 -17.4152 1.40743
      vertex 24.6282 -10.4621 1.40444
    endloop
  endfacet
  facet normal 0.538612 -0.350117 -0.766365
    outer loop
      vertex 27.5253 -11.0221 3.27059
      vertex 26.8078 -9.9184 2.26209
      vertex 28.1611 -10.044 3.27059
    endloop
  endfacet
  facet normal 0.893354 0.05778 0.445623
    outer loop
      vertex 29.3015 11.3179 5.39467
      vertex 28.8303 11.3179 6.3393
      vertex 29.3261 -9.02687 7.98328
    endloop
  endfacet
  facet normal 0.575825 -0.53706 -0.616435
    outer loop
      vertex 20.9825 -19.3341 4.40053
      vertex 20.4167 -18.6518 3.27756
      vertex 27.5253 -11.0221 3.27059
    endloop
  endfacet
  facet normal -0.138967 -0.387616 0.911286
    outer loop
      vertex -7.40272 -11.3531 12.0854
      vertex -8.60067 -12.0126 11.6222
      vertex -7.95328 -12.2447 11.6222
    endloop
  endfacet
  facet normal -0.180634 -0.644749 0.742745
    outer loop
      vertex -18.7909 -18.9902 6.29984
      vertex -19.5112 -18.7884 6.29984
      vertex -18.7909 -19.8835 5.5244
    endloop
  endfacet
  facet normal 0.0232659 -0.195751 -0.980378
    outer loop
      vertex 14.3685 -14.2924 0.266987
      vertex 13.7644 -16.6938 0.732137
      vertex 13.7644 -14.3642 0.266987
    endloop
  endfacet
  facet normal 0.198116 -0.0417783 -0.979288
    outer loop
      vertex 23.0603 -9.57054 0.730579
      vertex 20.81 -9.36166 0.266419
      vertex 20.8806 -9.02687 0.266419
    endloop
  endfacet
  facet normal -0.000383596 0.00110054 -0.999999
    outer loop
      vertex -4.86517 0.69961 0.00758934
      vertex -24.0714 5.24268 0.0199566
      vertex 13.6796 6.90953 0.00730991
    endloop
  endfacet
  facet normal 0.0454389 0.633157 -0.772688
    outer loop
      vertex 19.1619 19.0794 2.59708
      vertex 17.0425 18.2542 1.79626
      vertex 17.0425 19.2315 2.59708
    endloop
  endfacet
  facet normal -0.00893855 0.165138 -0.98623
    outer loop
      vertex 8.51787 13.9408 0.167988
      vertex -20.2904 11.5589 0.0302534
      vertex -20.2904 12.9939 0.270535
    endloop
  endfacet
  facet normal 0.409735 -0.266312 -0.872465
    outer loop
      vertex 26.2506 -10.7757 2.26209
      vertex 24.6282 -10.4621 1.40444
      vertex 25.0855 -9.75852 1.40444
    endloop
  endfacet
  facet normal 0.271707 -0.278004 -0.921352
    outer loop
      vertex 24.6282 -10.4621 1.40444
      vertex 17.5241 -17.4152 1.40743
      vertex 22.7205 -10.0933 0.730579
    endloop
  endfacet
  facet normal -0.000381038 -0.00251283 -0.999997
    outer loop
      vertex -5.81758 -11.2094 0.012496
      vertex -10.0565 -10.4778 0.0122728
      vertex -9.94439 -10.4948 0.0122728
    endloop
  endfacet
  facet normal 0.690572 0.0933496 -0.717214
    outer loop
      vertex 27.9062 11.3179 2.59708
      vertex 27.6975 12.8618 2.59708
      vertex 28.6039 12.9931 3.4869
    endloop
  endfacet
  facet normal -0.000390293 0.00125222 -0.999999
    outer loop
      vertex 13.6796 6.90953 0.00730991
      vertex -24.0714 5.24268 0.0199566
      vertex -23.8625 5.30779 0.0199566
    endloop
  endfacet
  facet normal -0.000149913 0.00264888 -0.999996
    outer loop
      vertex 12.2263 11.8439 0.0169067
      vertex 8.51787 12.3433 0.0187855
      vertex 12.4348 11.8557 0.0169067
    endloop
  endfacet
  facet normal -0.0370775 0.00837756 0.999277
    outer loop
      vertex -20.8237 10.9701 12.5354
      vertex -10.7126 4.87073 12.9617
      vertex -20.7927 11.1073 12.5354
    endloop
  endfacet
  facet normal -0.036725 0.00896235 0.999285
    outer loop
      vertex -10.7126 4.87073 12.9617
      vertex -20.8237 10.9701 12.5354
      vertex -10.708 4.85613 12.962
    endloop
  endfacet
  facet normal -0.171491 -0.104534 0.979624
    outer loop
      vertex -20.7425 10.421 12.5354
      vertex -21.6292 9.62372 12.2951
      vertex -20.6749 10.3101 12.5354
    endloop
  endfacet
  facet normal -0.219778 -0.0160174 0.975418
    outer loop
      vertex -20.8341 10.8274 12.5354
      vertex -21.9006 10.8274 12.2951
      vertex -20.8237 10.6847 12.5354
    endloop
  endfacet
  facet normal -0.219784 -0.0160665 0.975416
    outer loop
      vertex -20.8237 10.6847 12.5354
      vertex -21.9006 10.8274 12.2951
      vertex -21.8697 10.4047 12.2951
    endloop
  endfacet
  facet normal -0.0648284 0.489186 0.869767
    outer loop
      vertex -20.2904 15.5622 11.1395
      vertex -20.8005 14.2781 11.8237
      vertex -20.2904 14.3457 11.8237
    endloop
  endfacet
  facet normal 0.0435694 0.32897 0.943335
    outer loop
      vertex -19.7803 14.2781 11.8237
      vertex -20.2904 12.9939 12.2951
      vertex -19.9763 12.9523 12.2951
    endloop
  endfacet
  facet normal -0.0278016 0.0233273 0.999341
    outer loop
      vertex -10.7892 5.27084 12.9522
      vertex -20.6749 11.3447 12.5354
      vertex -10.7765 5.16174 12.9551
    endloop
  endfacet
  facet normal -0.0804861 -0.0633769 0.994739
    outer loop
      vertex -9.79909 3.72105 12.9966
      vertex -9.47563 1.5555 12.8848
      vertex -9.39526 1.53662 12.8901
    endloop
  endfacet
  facet normal -0.0806326 -0.0633981 0.994726
    outer loop
      vertex -9.47563 1.5555 12.8848
      vertex -9.79909 3.72105 12.9966
      vertex -9.75507 1.63162 12.867
    endloop
  endfacet
  facet normal -0.0807409 -0.0633998 0.994717
    outer loop
      vertex -9.79909 3.72105 12.9966
      vertex -10.0267 1.71553 12.8503
      vertex -9.75507 1.63162 12.867
    endloop
  endfacet
  facet normal -0.0804621 -0.063433 0.994737
    outer loop
      vertex -9.79909 3.72105 12.9966
      vertex -10.2906 1.80721 12.8348
      vertex -10.0267 1.71553 12.8503
    endloop
  endfacet
  facet normal -0.0805549 -0.0634086 0.994731
    outer loop
      vertex -9.79909 3.72105 12.9966
      vertex -10.5467 1.90666 12.8204
      vertex -10.2906 1.80721 12.8348
    endloop
  endfacet
  facet normal -0.0806483 -0.0633696 0.994726
    outer loop
      vertex -9.79909 3.72105 12.9966
      vertex -10.795 2.01389 12.8071
      vertex -10.5467 1.90666 12.8204
    endloop
  endfacet
  facet normal -0.0806022 -0.0634114 0.994727
    outer loop
      vertex -10.795 2.01389 12.8071
      vertex -20.6749 10.3101 12.5354
      vertex -10.795 0.305588 12.6982
    endloop
  endfacet
  facet normal -0.080594 -0.0634016 0.994729
    outer loop
      vertex -20.6749 10.3101 12.5354
      vertex -10.795 2.01389 12.8071
      vertex -9.79909 3.72105 12.9966
    endloop
  endfacet
  facet normal -0.0804787 -0.063379 0.994739
    outer loop
      vertex -9.16507 -0.101379 12.8044
      vertex -7.23963 -10.1239 12.3216
      vertex -9.09141 -0.10702 12.81
    endloop
  endfacet
  facet normal -0.0807608 -0.0634319 0.994713
    outer loop
      vertex -9.41954 -0.0722046 12.7856
      vertex -7.23963 -10.1239 12.3216
      vertex -9.16507 -0.101379 12.8044
    endloop
  endfacet
  facet normal -0.0806522 -0.0634088 0.994723
    outer loop
      vertex -9.65623 -0.0346985 12.7688
      vertex -7.23963 -10.1239 12.3216
      vertex -9.41954 -0.0722046 12.7856
    endloop
  endfacet
  facet normal -0.0803066 -0.0633275 0.994756
    outer loop
      vertex -9.88399 0.0122223 12.7534
      vertex -7.23963 -10.1239 12.3216
      vertex -9.65623 -0.0346985 12.7688
    endloop
  endfacet
  facet normal -0.0806227 -0.0634087 0.994726
    outer loop
      vertex -10.1118 0.0697021 12.7386
      vertex -7.23963 -10.1239 12.3216
      vertex -9.88399 0.0122223 12.7534
    endloop
  endfacet
  facet normal -0.0810201 -0.063519 0.994686
    outer loop
      vertex -10.3395 0.137772 12.7244
      vertex -7.23963 -10.1239 12.3216
      vertex -10.1118 0.0697021 12.7386
    endloop
  endfacet
  facet normal -0.0803725 -0.063326 0.994751
    outer loop
      vertex -10.5673 0.2164 12.711
      vertex -7.23963 -10.1239 12.3216
      vertex -10.3395 0.137772 12.7244
    endloop
  endfacet
  facet normal -0.0807708 -0.0634526 0.994711
    outer loop
      vertex -10.795 0.305588 12.6982
      vertex -7.23963 -10.1239 12.3216
      vertex -10.5673 0.2164 12.711
    endloop
  endfacet
  facet normal -0.0805782 -0.0633877 0.994731
    outer loop
      vertex -7.23963 -10.1239 12.3216
      vertex -10.795 0.305588 12.6982
      vertex -20.6749 10.3101 12.5354
    endloop
  endfacet
  facet normal 0.227813 0.381094 0.896029
    outer loop
      vertex 22.3327 17.0852 8.02994
      vertex 21.3841 16.051 8.71098
      vertex 22.5683 15.3431 8.71098
    endloop
  endfacet
  facet normal 0.385293 0.146735 0.911053
    outer loop
      vertex 23.4613 6.49788 11.4191
      vertex 22.5995 5.93451 11.8743
      vertex 23.6146 6.09535 11.4191
    endloop
  endfacet
  facet normal -0.207736 0.288824 0.934573
    outer loop
      vertex -21.2911 14.0778 11.8237
      vertex -21.7431 13.7527 11.8237
      vertex -20.9066 12.829 12.2951
    endloop
  endfacet
  facet normal -0.0648454 0.48919 0.869763
    outer loop
      vertex -20.2904 15.5622 11.1395
      vertex -20.9769 15.4712 11.1395
      vertex -20.8005 14.2781 11.8237
    endloop
  endfacet
  facet normal -0.626396 0.538577 0.563527
    outer loop
      vertex -23.7495 15.4817 9.2445
      vertex -34.2992 7.28909 5.34772
      vertex -23.3224 14.9069 10.2686
    endloop
  endfacet
  facet normal -0.517189 0.468389 0.716329
    outer loop
      vertex -22.6726 15.6244 10.2686
      vertex -23.3224 14.9069 10.2686
      vertex -22.2454 14.7642 11.1395
    endloop
  endfacet
  facet normal -0.305538 0.424724 0.852207
    outer loop
      vertex -21.6371 15.2018 11.1395
      vertex -22.2454 14.7642 11.1395
      vertex -21.7431 13.7527 11.8237
    endloop
  endfacet
  facet normal -0.395142 0.54928 0.736311
    outer loop
      vertex -21.9313 16.1576 10.2686
      vertex -22.2454 14.7642 11.1395
      vertex -21.6371 15.2018 11.1395
    endloop
  endfacet
  facet normal -0.104983 0.14599 0.9837
    outer loop
      vertex -20.9066 12.829 12.2951
      vertex -21.185 12.6288 12.2951
      vertex -20.4985 11.5033 12.5354
    endloop
  endfacet
  facet normal -0.141 0.127706 0.981738
    outer loop
      vertex -21.185 12.6288 12.2951
      vertex -21.429 12.3594 12.2951
      vertex -20.6749 11.3447 12.5354
    endloop
  endfacet
  facet normal -0.0897269 -0.755393 0.6491
    outer loop
      vertex 11.9291 -21.7564 9.12327
      vertex 11.7729 -22.7028 8.0003
      vertex 13.7644 -21.9744 9.12327
    endloop
  endfacet
  facet normal 0.198091 -0.0417731 0.979293
    outer loop
      vertex 20.8806 -9.02687 12.108
      vertex 20.81 -9.36166 12.108
      vertex 23.0603 -9.57054 11.6439
    endloop
  endfacet
  facet normal 0.67413 -0.438219 -0.594569
    outer loop
      vertex 28.4033 -11.1918 4.39117
      vertex 28.1611 -10.044 3.27059
      vertex 29.0932 -10.1305 4.39117
    endloop
  endfacet
  facet normal 0.293894 -0.19102 -0.936556
    outer loop
      vertex 24.6282 -10.4621 1.40444
      vertex 22.7205 -10.0933 0.730579
      vertex 25.0855 -9.75852 1.40444
    endloop
  endfacet
  facet normal 0.734186 0.538746 0.413187
    outer loop
      vertex 28.3683 14.7353 5.39467
      vertex 26.8437 16.0885 6.3393
      vertex 27.9331 14.6039 6.3393
    endloop
  endfacet
  facet normal 0.610676 0.688026 -0.392039
    outer loop
      vertex 27.2355 16.2791 4.43153
      vertex 25.3778 17.3897 3.4869
      vertex 25.7109 17.6323 4.43153
    endloop
  endfacet
  facet normal 0.0262857 0.0607283 0.997808
    outer loop
      vertex 10.8735 5.59488 12.4081
      vertex 10.8687 5.58217 12.409
      vertex 21.2837 6.04771 12.1063
    endloop
  endfacet
  facet normal 0.0261547 0.063459 0.997642
    outer loop
      vertex -3.60962 4.96489 12.8279
      vertex -7.52224 4.76013 12.9435
      vertex -3.60962 4.93502 12.8298
    endloop
  endfacet
  facet normal 0.0262798 0.0611492 0.997783
    outer loop
      vertex -7.52224 4.76013 12.9435
      vertex -3.60962 4.96489 12.8279
      vertex -7.59528 4.79152 12.9435
    endloop
  endfacet
  facet normal 0.0262685 0.0613158 0.997773
    outer loop
      vertex 1.5455 5.18913 12.6785
      vertex 4.62921 5.30328 12.5903
      vertex 4.62135 5.32292 12.5893
    endloop
  endfacet
  facet normal 0.0262901 0.0607575 0.997806
    outer loop
      vertex 4.62921 5.30328 12.5903
      vertex 1.5455 5.18913 12.6785
      vertex 1.52288 5.16443 12.6806
    endloop
  endfacet
  facet normal 0.0264321 0.0565055 0.998052
    outer loop
      vertex 6.70814 5.41369 12.5288
      vertex 8.70681 5.48554 12.4718
      vertex 8.71184 5.50085 12.4708
    endloop
  endfacet
  facet normal 0.0262657 0.0609305 0.997796
    outer loop
      vertex 8.70681 5.48554 12.4718
      vertex 6.70814 5.41369 12.5288
      vertex 6.71392 5.39646 12.5297
    endloop
  endfacet
  facet normal 0.0263607 0.0593562 0.997889
    outer loop
      vertex -1.56941 5.05363 12.7688
      vertex -0.91626 5.06113 12.7511
      vertex -0.897095 5.08288 12.7493
    endloop
  endfacet
  facet normal 0.0263292 0.0617541 0.997744
    outer loop
      vertex -1.56941 5.05363 12.7688
      vertex -0.921252 5.05518 12.7516
      vertex -0.91626 5.06113 12.7511
    endloop
  endfacet
  facet normal 0.0263373 0.0597205 0.997868
    outer loop
      vertex -0.921252 5.05518 12.7516
      vertex -1.56941 5.05363 12.7688
      vertex -1.57144 5.02612 12.7705
    endloop
  endfacet
  facet normal 0.790083 -0.513595 0.334648
    outer loop
      vertex 29.0932 -10.1305 7.98328
      vertex 28.4033 -11.1918 7.98328
      vertex 29.5684 -10.1746 6.79368
    endloop
  endfacet
  facet normal 0.156557 0.0651961 -0.985515
    outer loop
      vertex 22.7377 12.1432 0.580132
      vertex 20.5496 11.8261 0.211556
      vertex 22.4073 12.9366 0.580132
    endloop
  endfacet
  facet normal 0.476149 0.796539 -0.37257
    outer loop
      vertex 25.3778 17.3897 3.4869
      vertex 23.5915 18.4575 3.4869
      vertex 23.8532 18.7429 4.43153
    endloop
  endfacet
  facet normal 0.067283 0.937762 0.340698
    outer loop
      vertex 19.4341 20.0762 5.39467
      vertex 17.0425 19.9046 6.3393
      vertex 19.3422 19.7396 6.3393
    endloop
  endfacet
  facet normal 0.476203 0.796544 0.372489
    outer loop
      vertex 25.7109 17.6323 5.39467
      vertex 23.8532 18.7429 5.39467
      vertex 25.3778 17.3897 6.3393
    endloop
  endfacet
  facet normal -0.00466068 0.783235 0.621708
    outer loop
      vertex -20.2904 17.4096 9.2445
      vertex -20.2904 16.5967 10.2686
      vertex 17.0425 19.2315 7.22912
    endloop
  endfacet
  facet normal 0.0168284 0.643933 0.764897
    outer loop
      vertex -20.2904 16.5967 10.2686
      vertex -20.2904 15.5622 11.1395
      vertex 17.0425 19.2315 7.22912
    endloop
  endfacet
  facet normal -0.190563 0.467 0.86348
    outer loop
      vertex -20.9769 15.4712 11.1395
      vertex -21.6371 15.2018 11.1395
      vertex -20.8005 14.2781 11.8237
    endloop
  endfacet
  facet normal 0.0279792 0.0232674 0.999338
    outer loop
      vertex 10.8287 5.47545 12.4138
      vertex 10.8187 5.44882 12.4147
      vertex 21.4382 5.92461 12.1063
    endloop
  endfacet
  facet normal 0.0279122 0.0242552 0.999316
    outer loop
      vertex -3.60962 4.86419 12.8323
      vertex -7.23831 4.63981 12.9391
      vertex -3.60962 4.80239 12.8338
    endloop
  endfacet
  facet normal 0.0279891 0.0230245 0.999343
    outer loop
      vertex -7.23831 4.63981 12.9391
      vertex -3.60962 4.86419 12.8323
      vertex -7.39117 4.7041 12.9419
    endloop
  endfacet
  facet normal 0.0279536 0.0234871 0.999333
    outer loop
      vertex 1.44387 5.07814 12.6858
      vertex 4.68104 5.17384 12.593
      vertex 4.66476 5.21449 12.5925
    endloop
  endfacet
  facet normal 0.0279095 0.0249438 0.999299
    outer loop
      vertex 4.68104 5.17384 12.593
      vertex 1.44387 5.07814 12.6858
      vertex 1.39676 5.02669 12.6884
    endloop
  endfacet
  facet normal 0.0280415 0.022039 0.999364
    outer loop
      vertex 6.74541 5.30258 12.5322
      vertex 8.66295 5.35224 12.4773
      vertex 8.67347 5.3842 12.4763
    endloop
  endfacet
  facet normal 0.0280056 0.023389 0.999334
    outer loop
      vertex 8.66295 5.35224 12.4773
      vertex 6.74541 5.30258 12.5322
      vertex 6.7574 5.26686 12.5327
    endloop
  endfacet
  facet normal 0.0279376 0.0254943 0.999285
    outer loop
      vertex -1.57732 4.95023 12.7734
      vertex -1.01071 4.94862 12.7576
      vertex -0.98843 4.97516 12.7563
    endloop
  endfacet
  facet normal 0.0279321 0.0229322 0.999347
    outer loop
      vertex -1.57732 4.95023 12.7734
      vertex -1.03543 4.91772 12.759
      vertex -1.01071 4.94862 12.7576
    endloop
  endfacet
  facet normal 0.0279931 0.0239603 0.999321
    outer loop
      vertex -1.03543 4.91772 12.759
      vertex -1.57732 4.95023 12.7734
      vertex -1.58208 4.89323 12.7749
    endloop
  endfacet
  facet normal -0.570649 0.793455 -0.211631
    outer loop
      vertex -23.2394 16.7658 4.459
      vertex -23.3573 17.0032 5.66698
      vertex -22.4029 17.6896 5.66698
    endloop
  endfacet
  facet normal -0.0531716 0.99858 0.00333732
    outer loop
      vertex 8.51787 19.7976 4.28369
      vertex -20.2904 18.2549 6.89863
      vertex 17.0425 20.2478 5.39467
    endloop
  endfacet
  facet normal 0.171096 0.774345 -0.609192
    outer loop
      vertex 21.5535 19.251 3.4869
      vertex 19.1619 19.0794 2.59708
      vertex 19.3422 19.7396 3.4869
    endloop
  endfacet
  facet normal 0.202416 0.916093 0.346124
    outer loop
      vertex 19.4341 20.0762 5.39467
      vertex 19.3422 19.7396 6.3393
      vertex 21.5535 19.251 6.3393
    endloop
  endfacet
  facet normal -0.0130781 0.939809 -0.341449
    outer loop
      vertex 17.0425 19.9046 3.4869
      vertex 8.51787 19.7976 3.5189
      vertex 17.0425 20.2478 4.43153
    endloop
  endfacet
  facet normal -0.0727494 0.894884 -0.440329
    outer loop
      vertex 8.51787 19.4798 2.76881
      vertex -20.2904 17.4096 3.32111
      vertex -20.2904 17.9695 4.459
    endloop
  endfacet
  facet normal -0.0709806 0.918445 -0.389129
    outer loop
      vertex 8.51787 19.4798 2.76881
      vertex -20.2904 17.9695 4.459
      vertex 8.51787 19.7976 3.5189
    endloop
  endfacet
  facet normal -0.300234 0.735633 0.60721
    outer loop
      vertex -21.2448 17.2831 9.2445
      vertex -21.9313 16.1576 10.2686
      vertex -21.1269 16.4859 10.2686
    endloop
  endfacet
  facet normal -0.472268 0.656579 0.588105
    outer loop
      vertex -22.1625 16.9086 9.2445
      vertex -23.0082 16.3003 9.2445
      vertex -21.9313 16.1576 10.2686
    endloop
  endfacet
  facet normal -0.118092 0.890964 0.438449
    outer loop
      vertex -20.2904 17.4096 9.2445
      vertex -21.326 17.8323 8.10661
      vertex -21.2448 17.2831 9.2445
    endloop
  endfacet
  facet normal -0.118041 0.890989 0.438412
    outer loop
      vertex -20.2904 17.9695 8.10661
      vertex -21.326 17.8323 8.10661
      vertex -20.2904 17.4096 9.2445
    endloop
  endfacet
  facet normal -0.405832 0.542862 -0.735256
    outer loop
      vertex -22.2454 14.7642 1.42613
      vertex -32.44 8.17867 2.19085
      vertex -22.6726 15.6244 2.29704
    endloop
  endfacet
  facet normal -0.545838 0.731457 -0.408695
    outer loop
      vertex -33.209 8.47825 2.94149
      vertex -33.601 8.63097 3.73836
      vertex -23.2394 16.7658 4.459
    endloop
  endfacet
  facet normal -0.0928319 -0.652701 -0.751906
    outer loop
      vertex -10.6402 -20.2263 2.32994
      vertex -18.7909 -19.8835 3.03867
      vertex -18.7909 -18.9902 2.26323
    endloop
  endfacet
  facet normal -0.419155 -0.275659 -0.865056
    outer loop
      vertex -20.0293 -16.9926 1.56536
      vertex -20.5887 -16.142 1.56536
      vertex -20.2664 -14.7696 0.971863
    endloop
  endfacet
  facet normal -0.48391 -0.560781 -0.67183
    outer loop
      vertex -19.5725 -19.6645 3.03867
      vertex -20.3239 -19.0161 3.03867
      vertex -19.5112 -18.7884 2.26323
    endloop
  endfacet
  facet normal -0.549757 -0.359002 -0.754245
    outer loop
      vertex -20.842 -17.2203 2.26323
      vertex -33.4448 2.23104 2.19085
      vertex -20.5887 -16.142 1.56536
    endloop
  endfacet
  facet normal -0.424743 -0.220987 -0.877928
    outer loop
      vertex -33.4448 2.23104 2.19085
      vertex -34.0635 3.4202 2.19085
      vertex -32.7466 3.57292 1.51529
    endloop
  endfacet
  facet normal -0.0460666 -0.490277 -0.870348
    outer loop
      vertex -8.52862 -19.1493 1.61149
      vertex -10.6402 -20.2263 2.32994
      vertex -10.3794 -18.9754 1.61149
    endloop
  endfacet
  facet normal -0.0653289 -0.233105 -0.970255
    outer loop
      vertex -18.7909 -16.0427 0.971863
      vertex -19.309 -15.8975 0.971863
      vertex -19.1759 -13.9939 0.505558
    endloop
  endfacet
  facet normal -0.209154 -0.112033 -0.971444
    outer loop
      vertex -19.4661 -11.3626 0.184361
      vertex -30.6255 2.9119 0.940781
      vertex -28.7691 3.36025 0.489388
    endloop
  endfacet
  facet normal -0.209874 -0.109193 -0.971612
    outer loop
      vertex -28.7691 3.36025 0.489388
      vertex -31.0706 3.7673 0.940781
      vertex -29.0998 3.99587 0.489388
    endloop
  endfacet
  facet normal -0.0957213 -0.0629651 -0.993415
    outer loop
      vertex -19.256 -11.682 0.184361
      vertex -19.4661 -11.3626 0.184361
      vertex -19.0189 -9.45901 0.0206165
    endloop
  endfacet
  facet normal -0.181715 -0.0945428 -0.978796
    outer loop
      vertex -28.7691 3.36025 0.489388
      vertex -29.0998 3.99587 0.489388
      vertex -19.4661 -11.3626 0.184361
    endloop
  endfacet
  facet normal -0.209876 -0.109207 -0.97161
    outer loop
      vertex -30.6255 2.9119 0.940781
      vertex -31.0706 3.7673 0.940781
      vertex -28.7691 3.36025 0.489388
    endloop
  endfacet
  facet normal -0.114016 -0.0585243 -0.991754
    outer loop
      vertex -19.0189 -9.45901 0.0206165
      vertex -19.4661 -11.3626 0.184361
      vertex -19.423 -8.71335 0.0230713
    endloop
  endfacet
  facet normal -0.30374 0.158032 -0.939557
    outer loop
      vertex -31.0706 5.54648 0.940781
      vertex -32.7466 5.74085 1.51529
      vertex -32.2043 6.78316 1.51529
    endloop
  endfacet
  facet normal -0.62668 0.105858 -0.772053
    outer loop
      vertex -34.2724 4.65689 2.19085
      vertex -34.9705 5.99877 2.94149
      vertex -34.0635 5.89358 2.19085
    endloop
  endfacet
  facet normal 0.0168153 0.343528 -0.938992
    outer loop
      vertex 17.0425 15.5478 0.580132
      vertex 8.51787 16.7999 0.885552
      vertex 17.0425 17.0104 1.11522
    endloop
  endfacet
  facet normal -0.0435891 0.328917 -0.943352
    outer loop
      vertex -20.2904 12.9939 0.270535
      vertex -20.8005 14.2781 0.741865
      vertex -20.2904 14.3457 0.741865
    endloop
  endfacet
  facet normal -0.207709 0.288786 -0.934591
    outer loop
      vertex -20.9066 12.829 0.270535
      vertex -21.7431 13.7527 0.741865
      vertex -21.2911 14.0778 0.741865
    endloop
  endfacet
  facet normal -0.0850607 0.641694 -0.762229
    outer loop
      vertex -20.2904 15.5622 1.42613
      vertex -20.9769 15.4712 1.42613
      vertex -20.2904 16.5967 2.29704
    endloop
  endfacet
  facet normal -0.21903 0.0369788 -0.975017
    outer loop
      vertex -29.2114 4.65689 0.489388
      vertex -31.0706 5.54648 0.940781
      vertex -29.0998 5.31791 0.489388
    endloop
  endfacet
  facet normal -0.00203641 0.00282751 -0.999994
    outer loop
      vertex -20.4985 11.5033 0.0302534
      vertex -24.4048 5.0483 0.0199566
      vertex -20.5925 11.4356 0.0302534
    endloop
  endfacet
  facet normal -0.341569 0.836654 -0.428183
    outer loop
      vertex -21.2448 17.2831 3.32111
      vertex -22.3217 17.4258 4.459
      vertex -21.326 17.8323 4.459
    endloop
  endfacet
  facet normal -0.545376 0.731123 -0.409907
    outer loop
      vertex -23.0082 16.3003 3.32111
      vertex -33.209 8.47825 2.94149
      vertex -23.2394 16.7658 4.459
    endloop
  endfacet
  facet normal -0.327357 0.412517 -0.850098
    outer loop
      vertex -21.7431 13.7527 0.741865
      vertex -31.3237 7.74376 1.51529
      vertex -22.2454 14.7642 1.42613
    endloop
  endfacet
  facet normal -0.395145 0.549284 -0.736307
    outer loop
      vertex -21.6371 15.2018 1.42613
      vertex -22.2454 14.7642 1.42613
      vertex -21.9313 16.1576 2.29704
    endloop
  endfacet
  facet normal -0.305559 0.424753 -0.852185
    outer loop
      vertex -21.7431 13.7527 0.741865
      vertex -22.2454 14.7642 1.42613
      vertex -21.6371 15.2018 1.42613
    endloop
  endfacet
  facet normal -0.188932 0.183972 -0.964603
    outer loop
      vertex -28.232 6.53932 0.489388
      vertex -29.9028 7.19022 0.940781
      vertex -21.185 12.6288 0.270535
    endloop
  endfacet
  facet normal -0.585989 0.30488 -0.750776
    outer loop
      vertex -34.0635 5.89358 2.19085
      vertex -34.9705 5.99877 2.94149
      vertex -33.4448 7.08274 2.19085
    endloop
  endfacet
  facet normal -0.448163 0.0757032 -0.89074
    outer loop
      vertex -32.7466 5.74085 1.51529
      vertex -34.2724 4.65689 2.19085
      vertex -34.0635 5.89358 2.19085
    endloop
  endfacet
  facet normal -0.514802 0.471961 -0.715704
    outer loop
      vertex -33.4448 7.08274 2.19085
      vertex -34.2992 7.28909 2.94149
      vertex -33.209 8.47825 2.94149
    endloop
  endfacet
  facet normal -0.585983 0.304862 -0.750788
    outer loop
      vertex -33.4448 7.08274 2.19085
      vertex -34.9705 5.99877 2.94149
      vertex -34.2992 7.28909 2.94149
    endloop
  endfacet
  facet normal 0.223027 0.572772 -0.788791
    outer loop
      vertex 22.3327 17.0852 1.79626
      vertex 20.6865 17.7262 1.79626
      vertex 23.0781 17.8978 2.59708
    endloop
  endfacet
  facet normal 0.171094 0.77435 -0.609187
    outer loop
      vertex 21.1999 18.6291 2.59708
      vertex 19.1619 19.0794 2.59708
      vertex 21.5535 19.251 3.4869
    endloop
  endfacet
  facet normal 0.0571414 0.796223 -0.602299
    outer loop
      vertex 19.1619 19.0794 2.59708
      vertex 17.0425 19.2315 2.59708
      vertex 17.0425 19.9046 3.4869
    endloop
  endfacet
  facet normal 0.223022 0.572789 -0.78878
    outer loop
      vertex 23.0781 17.8978 2.59708
      vertex 20.6865 17.7262 1.79626
      vertex 21.1999 18.6291 2.59708
    endloop
  endfacet
  facet normal 0.504509 -0.782693 -0.364503
    outer loop
      vertex 17.827 -22.4569 5.59267
      vertex 17.6708 -22.0024 4.40053
      vertex 19.6623 -21.2739 5.59267
    endloop
  endfacet
  facet normal -0.00865216 -0.448904 -0.893538
    outer loop
      vertex 10.883 -19.8916 1.79645
      vertex -8.52862 -19.1493 1.61149
      vertex 10.883 -18.9791 1.33802
    endloop
  endfacet
  facet normal -0.0100959 -0.352239 -0.935856
    outer loop
      vertex 10.883 -18.9791 1.33802
      vertex -8.52862 -19.1493 1.61149
      vertex -8.52862 -17.526 1.00051
    endloop
  endfacet
  facet normal 0.011343 -0.0954361 -0.995371
    outer loop
      vertex 14.3685 -14.2924 0.266987
      vertex 13.7644 -14.3642 0.266987
      vertex 13.7644 -11.891 0.0298567
    endloop
  endfacet
  facet normal -0.0630583 -0.671133 -0.73865
    outer loop
      vertex -8.52862 -21.3033 3.12823
      vertex -10.6402 -20.2263 2.32994
      vertex -8.52862 -20.4247 2.32994
    endloop
  endfacet
  facet normal -0.0152843 -0.672393 -0.740037
    outer loop
      vertex 13.7644 -21.9744 3.27756
      vertex -8.52862 -21.3033 3.12823
      vertex -8.52862 -20.4247 2.32994
    endloop
  endfacet
  facet normal -0.424387 -0.222171 0.877802
    outer loop
      vertex -32.2043 2.53061 6.77391
      vertex -33.4448 2.23104 6.09835
      vertex -20.9003 -10.1995 9.01702
    endloop
  endfacet
  facet normal -0.40456 -0.0912825 0.909945
    outer loop
      vertex -21.8697 10.4047 12.2951
      vertex -32.7466 3.57292 6.77391
      vertex -21.778 9.99829 12.2951
    endloop
  endfacet
  facet normal -0.349221 -0.318611 0.88121
    outer loop
      vertex -20.2814 -11.1313 9.01702
      vertex -20.7123 -12.1023 8.49518
      vertex -20.0293 -16.9926 6.99771
    endloop
  endfacet
  facet normal -0.517071 -0.323007 0.792656
    outer loop
      vertex -21.1698 -11.537 8.49518
      vertex -33.4448 2.23104 6.09835
      vertex -20.5887 -16.142 6.99771
    endloop
  endfacet
  facet normal -0.4457 -0.247608 0.860257
    outer loop
      vertex -20.6213 -10.7113 9.01702
      vertex -33.4448 2.23104 6.09835
      vertex -21.1698 -11.537 8.49518
    endloop
  endfacet
  facet normal -0.0147732 -0.124297 0.992135
    outer loop
      vertex 13.7644 -14.3642 12.1338
      vertex -6.67219 -10.4362 12.3216
      vertex 13.1603 -14.2924 12.1338
    endloop
  endfacet
  facet normal -0.238121 -0.84984 0.470181
    outer loop
      vertex -19.5725 -19.6645 5.5244
      vertex -19.6037 -20.1112 4.7012
      vertex -18.7909 -19.8835 5.5244
    endloop
  endfacet
  facet normal -0.375525 -0.303907 0.875569
    outer loop
      vertex -20.6213 -10.7113 9.01702
      vertex -20.7123 -12.1023 8.49518
      vertex -20.2814 -11.1313 9.01702
    endloop
  endfacet
  facet normal -0.368572 -0.427186 0.825631
    outer loop
      vertex -19.4222 -17.5164 6.99771
      vertex -20.0293 -16.9926 6.99771
      vertex -19.5112 -18.7884 6.29984
    endloop
  endfacet
  facet normal 0.435458 -0.440057 0.785319
    outer loop
      vertex 20.4167 -18.6518 9.12327
      vertex 18.3456 -18.8977 10.1339
      vertex 18.9911 -20.0625 9.12327
    endloop
  endfacet
  facet normal 0.0688022 -0.188081 0.979741
    outer loop
      vertex 14.9494 -14.0799 12.1338
      vertex 14.3685 -14.2924 12.1338
      vertex 14.7454 -16.5773 11.6687
    endloop
  endfacet
  facet normal 0.0353287 -0.297489 -0.954071
    outer loop
      vertex 14.7454 -16.5773 0.732137
      vertex 10.883 -18.9791 1.33802
      vertex 13.7644 -16.6938 0.732137
    endloop
  endfacet
  facet normal 0.0515121 -0.433635 -0.899615
    outer loop
      vertex 15.3731 -20.3824 2.26691
      vertex 13.7644 -20.5735 2.26691
      vertex 15.0846 -18.6336 1.40743
    endloop
  endfacet
  facet normal 0.752973 -0.158867 -0.638587
    outer loop
      vertex 29.0932 -10.1305 4.39117
      vertex 28.1611 -10.044 3.27059
      vertex 28.3757 -9.02687 3.27059
    endloop
  endfacet
  facet normal 0.653722 0.272235 -0.70607
    outer loop
      vertex 28.6039 12.9931 3.4869
      vertex 27.0793 14.3463 2.59708
      vertex 27.9331 14.6039 3.4869
    endloop
  endfacet
  facet normal 0.436992 -0.0922481 -0.894722
    outer loop
      vertex 26.8078 -9.9184 2.26209
      vertex 25.24 -9.02687 1.40444
      vertex 26.996 -9.02687 2.26209
    endloop
  endfacet
  facet normal 0.790078 -0.513619 -0.334623
    outer loop
      vertex 28.8509 -11.2783 5.58077
      vertex 28.4033 -11.1918 4.39117
      vertex 29.5684 -10.1746 5.58077
    endloop
  endfacet
  facet normal 0.409738 -0.266308 -0.872465
    outer loop
      vertex 26.2506 -10.7757 2.26209
      vertex 25.0855 -9.75852 1.40444
      vertex 26.8078 -9.9184 2.26209
    endloop
  endfacet
  facet normal 0.337465 -0.34104 -0.877388
    outer loop
      vertex 19.5952 -17.6612 2.26691
      vertex 18.3456 -18.8977 2.26691
      vertex 24.6282 -10.4621 1.40444
    endloop
  endfacet
  facet normal -0.180657 -0.644756 0.742733
    outer loop
      vertex -19.5112 -18.7884 6.29984
      vertex -19.5725 -19.6645 5.5244
      vertex -18.7909 -19.8835 5.5244
    endloop
  endfacet
  facet normal -0.0935577 -0.995614 0
    outer loop
      vertex -10.9113 -21.5272 3.97569
      vertex -8.52862 -21.7511 4.83976
      vertex -10.9113 -21.5272 4.83976
    endloop
  endfacet
  facet normal -0.0935577 -0.995614 -0
    outer loop
      vertex -8.52862 -21.7511 4.83976
      vertex -10.9113 -21.5272 3.97569
      vertex -8.52862 -21.7511 3.97569
    endloop
  endfacet
  facet normal -0.106466 -0.896141 0.43081
    outer loop
      vertex 11.7729 -22.7028 8.0003
      vertex -10.9113 -21.5272 4.83976
      vertex 13.7644 -22.9394 8.0003
    endloop
  endfacet
  facet normal 0.0966753 -0.0203867 -0.995107
    outer loop
      vertex 20.81 -9.36166 0.266419
      vertex 18.4211 -9.13991 0.0297928
      vertex 20.8806 -9.02687 0.266419
    endloop
  endfacet
  facet normal 0.0928401 -0.0603611 -0.99385
    outer loop
      vertex 20.6007 -9.68358 0.266419
      vertex 18.4211 -9.13991 0.0297928
      vertex 20.81 -9.36166 0.266419
    endloop
  endfacet
  facet normal 0.000832881 -0.00702098 -0.999975
    outer loop
      vertex 13.7644 -11.891 0.0298567
      vertex 7.68531 -10.8787 0.0176859
      vertex 13.9684 -11.8668 0.0298567
    endloop
  endfacet
  facet normal 0.12854 -0.163658 -0.978107
    outer loop
      vertex 16.5581 -15.6719 0.732137
      vertex 15.4848 -13.7349 0.266987
      vertex 20.2609 -9.98027 0.266419
    endloop
  endfacet
  facet normal 0.000988109 -0.006034 -0.999981
    outer loop
      vertex 13.9684 -11.8668 0.0298567
      vertex 7.68531 -10.8787 0.0176859
      vertex 10.883 -9.44392 0.012188
    endloop
  endfacet
  facet normal -0.00282109 -0.0304768 -0.999531
    outer loop
      vertex -5.7506 -11.2156 0.012496
      vertex -8.52862 -11.2447 0.021224
      vertex -5.81758 -11.2094 0.012496
    endloop
  endfacet
  facet normal 0.0158708 0.221157 -0.975109
    outer loop
      vertex 18.1754 15.4665 0.580132
      vertex 17.0425 13.9227 0.211556
      vertex 17.0425 15.5478 0.580132
    endloop
  endfacet
  facet normal 0.0373798 0.0960042 -0.994679
    outer loop
      vertex 19.0291 13.4837 0.211556
      vertex 17.5046 12.1305 0.0236578
      vertex 18.4109 13.7244 0.211556
    endloop
  endfacet
  facet normal -0.00041034 0.0017221 -0.999998
    outer loop
      vertex 13.6796 6.90953 0.00730991
      vertex -23.8625 5.30779 0.0199566
      vertex 8.51787 12.3433 0.0187855
    endloop
  endfacet
  facet normal -0.00292837 0.0929924 -0.995663
    outer loop
      vertex 8.51787 12.3433 0.0187855
      vertex -20.2904 11.5589 0.0302534
      vertex 8.51787 13.9408 0.167988
    endloop
  endfacet
  facet normal 0.206576 -0.0235829 -0.978146
    outer loop
      vertex 23.175 -9.02687 0.730579
      vertex 21.5326 5.67673 0.0292177
      vertex 22.6314 5.67673 0.261275
    endloop
  endfacet
  facet normal 0.0102381 -0.000360843 -0.999948
    outer loop
      vertex 21.5326 5.67673 0.0292177
      vertex 20.1154 6.08633 0.0145597
      vertex 20.122 6.27359 0.0145597
    endloop
  endfacet
  facet normal 0.3801 0.428247 -0.819834
    outer loop
      vertex 24.9599 15.1715 1.79626
      vertex 24.7243 16.9137 2.59708
      vertex 26.0754 15.7145 2.59708
    endloop
  endfacet
  facet normal 0.586015 0.430018 -0.686782
    outer loop
      vertex 27.0793 14.3463 2.59708
      vertex 26.8437 16.0885 3.4869
      vertex 27.9331 14.6039 3.4869
    endloop
  endfacet
  facet normal 0.496459 0.559344 -0.663824
    outer loop
      vertex 26.0754 15.7145 2.59708
      vertex 24.7243 16.9137 2.59708
      vertex 25.3778 17.3897 3.4869
    endloop
  endfacet
  facet normal 0.442278 0.324516 -0.836109
    outer loop
      vertex 27.0793 14.3463 2.59708
      vertex 25.8398 13.9723 1.79626
      vertex 26.0754 15.7145 2.59708
    endloop
  endfacet
  facet normal 0.00317799 -0.00137907 -0.999994
    outer loop
      vertex 20.0219 5.59487 0.0145597
      vertex 18.4211 -9.13991 0.0297928
      vertex 19.9701 5.4755 0.0145597
    endloop
  endfacet
  facet normal 0.00136412 -0.000591955 -0.999999
    outer loop
      vertex 19.9701 5.4755 0.0145597
      vertex 14.5342 5.19598 0.00730991
      vertex 20.0219 5.59487 0.0145597
    endloop
  endfacet
  facet normal -6.21177e-05 -0.000671072 -1
    outer loop
      vertex -5.81758 -11.2094 0.012496
      vertex -9.94439 -10.4948 0.0122728
      vertex -5.7506 -11.2156 0.012496
    endloop
  endfacet
  facet normal 0.00134784 -0.000256654 -0.999999
    outer loop
      vertex 20.0644 5.74032 0.0145597
      vertex 14.6585 5.59804 0.00730991
      vertex 20.096 5.90627 0.0145597
    endloop
  endfacet
  facet normal 0.00132691 4.67697e-05 -0.999999
    outer loop
      vertex 20.122 6.27359 0.0145597
      vertex 14.6745 5.81563 0.00730991
      vertex 20.1154 6.46084 0.0145597
    endloop
  endfacet
  facet normal 0.000356682 0.00204328 -0.999998
    outer loop
      vertex 14.0045 6.90953 0.00730991
      vertex 12.6433 11.8439 0.0169067
      vertex 12.8438 11.8089 0.0169067
    endloop
  endfacet
  facet normal 0.000739479 0.0098706 -0.999951
    outer loop
      vertex 12.6433 11.8439 0.0169067
      vertex 8.51787 12.3433 0.0187855
      vertex 17.2781 12.1806 0.0236578
    endloop
  endfacet
  facet normal 0.031854 0.164049 0.985938
    outer loop
      vertex -1.54012 9.88186 12.2103
      vertex 11.6192 7.5833 12.1676
      vertex 21.0818 6.11433 12.1063
    endloop
  endfacet
  facet normal 0.0317851 0.163654 0.986006
    outer loop
      vertex -1.54012 9.88186 12.2103
      vertex 9.91925 7.5833 12.2224
      vertex 11.6192 7.5833 12.1676
    endloop
  endfacet
  facet normal 0.0317828 0.163642 0.986008
    outer loop
      vertex 9.91925 7.5833 12.2224
      vertex -1.54012 9.88186 12.2103
      vertex -1.54012 9.09133 12.3415
    endloop
  endfacet
  facet normal 0.031751 0.163381 0.986052
    outer loop
      vertex 21.0818 6.11433 12.1063
      vertex 11.6192 7.5833 12.1676
      vertex 11.5392 7.37011 12.2055
    endloop
  endfacet
  facet normal 0.0317917 0.16365 0.986006
    outer loop
      vertex -20.1844 11.5449 12.5354
      vertex -3.60962 10.2265 12.2198
      vertex -19.9763 12.9523 12.2951
    endloop
  endfacet
  facet normal 0.0317911 0.163643 0.986007
    outer loop
      vertex -3.60962 10.2265 12.2198
      vertex -20.1844 11.5449 12.5354
      vertex -3.60962 9.36367 12.363
    endloop
  endfacet
  facet normal -0.0218615 0.165117 0.986032
    outer loop
      vertex -20.2904 12.9939 12.2951
      vertex -20.6046 12.9523 12.2951
      vertex -20.2904 11.5589 12.5354
    endloop
  endfacet
  facet normal 0.442278 0.324517 0.83611
    outer loop
      vertex 26.0754 15.7145 7.22912
      vertex 24.9599 15.1715 8.02994
      vertex 25.8398 13.9723 8.02994
    endloop
  endfacet
  facet normal 0.0731325 0.330965 0.940805
    outer loop
      vertex 18.5671 16.901 8.71098
      vertex 18.1754 15.4665 9.24607
      vertex 19.2647 15.2258 9.24607
    endloop
  endfacet
  facet normal -0.0404186 0.00294571 0.999178
    outer loop
      vertex -20.8341 10.8274 12.5354
      vertex -10.6598 4.71126 12.965
      vertex -20.8237 10.9701 12.5354
    endloop
  endfacet
  facet normal -0.0401907 0.00332532 0.999186
    outer loop
      vertex -10.6598 4.71126 12.965
      vertex -20.8341 10.8274 12.5354
      vertex -10.6535 4.69726 12.9653
    endloop
  endfacet
  facet normal -0.270751 -0.165101 0.948386
    outer loop
      vertex -21.429 9.29541 12.2951
      vertex -21.6292 9.62372 12.2951
      vertex -20.012 -9.79379 9.37646
    endloop
  endfacet
  facet normal -0.0435562 0.328975 0.943334
    outer loop
      vertex -20.2904 12.9939 12.2951
      vertex -20.8005 14.2781 11.8237
      vertex -20.6046 12.9523 12.2951
    endloop
  endfacet
  facet normal -0.128723 0.315285 0.940226
    outer loop
      vertex -20.8005 14.2781 11.8237
      vertex -21.2911 14.0778 11.8237
      vertex -20.9066 12.829 12.2951
    endloop
  endfacet
  facet normal -0.404288 0.36618 0.838131
    outer loop
      vertex -22.2454 14.7642 11.1395
      vertex -22.7787 14.1754 11.1395
      vertex -22.1394 13.3152 11.8237
    endloop
  endfacet
  facet normal -0.484166 0.295291 0.823642
    outer loop
      vertex -22.7787 14.1754 11.1395
      vertex -23.2163 13.4579 11.1395
      vertex -22.1394 13.3152 11.8237
    endloop
  endfacet
  facet normal 0.790083 -0.513595 -0.334648
    outer loop
      vertex 29.5684 -10.1746 5.58077
      vertex 28.4033 -11.1918 4.39117
      vertex 29.0932 -10.1305 4.39117
    endloop
  endfacet
  facet normal 0.538652 -0.350096 0.766346
    outer loop
      vertex 26.8078 -9.9184 10.1124
      vertex 26.2506 -10.7757 10.1124
      vertex 27.5253 -11.0221 9.10387
    endloop
  endfacet
  facet normal 0.504509 -0.782693 0.364503
    outer loop
      vertex 19.6623 -21.2739 6.80816
      vertex 17.6708 -22.0024 8.0003
      vertex 17.827 -22.4569 6.80816
    endloop
  endfacet
  facet normal 0.561056 0.163893 0.811391
    outer loop
      vertex 27.6975 12.8618 7.22912
      vertex 23.6146 6.09535 11.4191
      vertex 24.5281 6.2401 10.7582
    endloop
  endfacet
  facet normal 0.888376 0.120062 0.44314
    outer loop
      vertex 29.3015 11.3179 5.39467
      vertex 28.6039 12.9931 6.3393
      vertex 28.8303 11.3179 6.3393
    endloop
  endfacet
  facet normal 0.167581 0.430372 0.886959
    outer loop
      vertex 20.6865 17.7262 8.02994
      vertex 20.033 16.5771 8.71098
      vertex 21.3841 16.051 8.71098
    endloop
  endfacet
  facet normal 0.99098 0.134012 0
    outer loop
      vertex 29.3015 11.3179 5.39467
      vertex 29.0659 13.0601 4.43153
      vertex 29.0659 13.0601 5.39467
    endloop
  endfacet
  facet normal 0.99098 0.134012 0
    outer loop
      vertex 29.0659 13.0601 4.43153
      vertex 29.3015 11.3179 5.39467
      vertex 29.3015 11.3179 4.43153
    endloop
  endfacet
  facet normal 0.806236 0.591595 0
    outer loop
      vertex 28.3683 14.7353 5.39467
      vertex 27.2355 16.2791 4.43153
      vertex 27.2355 16.2791 5.39467
    endloop
  endfacet
  facet normal 0.806236 0.591595 0
    outer loop
      vertex 27.2355 16.2791 4.43153
      vertex 28.3683 14.7353 5.39467
      vertex 28.3683 14.7353 4.43153
    endloop
  endfacet
  facet normal 0.310239 -0.00342665 0.950652
    outer loop
      vertex 25.24 -9.02687 10.97
      vertex 22.6314 5.67673 11.8743
      vertex 23.175 -9.02687 11.6439
    endloop
  endfacet
  facet normal 0.206518 0.0253877 0.978113
    outer loop
      vertex 22.6314 5.67673 11.8743
      vertex 21.5219 5.76377 12.1063
      vertex 21.5326 5.67673 12.1063
    endloop
  endfacet
  facet normal 0.752976 -0.158867 0.638584
    outer loop
      vertex 28.3757 -9.02687 9.10387
      vertex 28.1611 -10.044 9.10387
      vertex 29.0932 -10.1305 7.98328
    endloop
  endfacet
  facet normal 0.908936 -0.191808 0.370196
    outer loop
      vertex 29.8106 -9.02687 6.79368
      vertex 29.0932 -10.1305 7.98328
      vertex 29.5684 -10.1746 6.79368
    endloop
  endfacet
  facet normal 0.385295 0.146732 0.911053
    outer loop
      vertex 23.4613 6.49788 11.4191
      vertex 22.5051 6.18239 11.8743
      vertex 22.5995 5.93451 11.8743
    endloop
  endfacet
  facet normal 0.0285423 0.0108781 0.999533
    outer loop
      vertex 10.7868 5.36382 12.4172
      vertex 21.5219 5.76377 12.1063
      vertex 21.49 5.84747 12.1063
    endloop
  endfacet
  facet normal 0.0285522 0.0106132 0.999536
    outer loop
      vertex 21.5219 5.76377 12.1063
      vertex 10.7868 5.36382 12.4172
      vertex 10.7657 5.30757 12.4184
    endloop
  endfacet
  facet normal 0.0284604 0.0129722 0.999511
    outer loop
      vertex -3.60962 4.71328 12.8352
      vertex -7.03083 4.55276 12.9347
      vertex -3.60962 4.69787 12.8354
    endloop
  endfacet
  facet normal 0.0285088 0.0119469 0.999522
    outer loop
      vertex -7.03083 4.55276 12.9347
      vertex -3.60962 4.71328 12.8352
      vertex -7.04359 4.55811 12.935
    endloop
  endfacet
  facet normal 0.0285177 0.0114191 0.999528
    outer loop
      vertex 1.31349 4.93575 12.6923
      vertex 4.72999 5.05158 12.5935
      vertex 4.71483 5.08944 12.5935
    endloop
  endfacet
  facet normal 0.0285592 0.0102046 0.99954
    outer loop
      vertex 4.72999 5.05158 12.5935
      vertex 1.31349 4.93575 12.6923
      vertex 1.2858 4.9055 12.6934
    endloop
  endfacet
  facet normal 0.0285482 0.0105622 0.999537
    outer loop
      vertex 6.78553 5.18301 12.5334
      vertex 8.61829 5.21649 12.4807
      vertex 8.63477 5.26658 12.4797
    endloop
  endfacet
  facet normal 0.0285663 0.00958539 0.999546
    outer loop
      vertex 8.61829 5.21649 12.4807
      vertex 6.78553 5.18301 12.5334
      vertex 6.80017 5.13938 12.5334
    endloop
  endfacet
  facet normal 0.0284967 0.012891 0.999511
    outer loop
      vertex -1.58949 4.80457 12.7766
      vertex -1.12589 4.80321 12.7634
      vertex -1.10828 4.82631 12.7626
    endloop
  endfacet
  facet normal 0.0284938 0.0117535 0.999525
    outer loop
      vertex -1.12589 4.80321 12.7634
      vertex -1.58949 4.80457 12.7766
      vertex -1.59131 4.78347 12.7769
    endloop
  endfacet
  facet normal 0.0533305 0.336179 0.940287
    outer loop
      vertex 18.5671 16.901 8.71098
      vertex -19.7803 14.2781 11.8237
      vertex 18.1754 15.4665 9.24607
    endloop
  endfacet
  facet normal 0.0241734 0.105159 0.994162
    outer loop
      vertex 11.5392 7.37011 12.2055
      vertex 10.8926 5.64593 12.4036
      vertex 21.0818 6.11433 12.1063
    endloop
  endfacet
  facet normal 0.0241852 0.105166 0.994161
    outer loop
      vertex -3.60962 9.36367 12.363
      vertex -5.14223 7.125 12.6371
      vertex -3.60962 4.97927 12.8268
    endloop
  endfacet
  facet normal 0.0241038 0.105222 0.994157
    outer loop
      vertex -3.60962 9.36367 12.363
      vertex -5.4128 7.24556 12.6309
      vertex -5.14223 7.125 12.6371
    endloop
  endfacet
  facet normal 0.0242497 0.105099 0.994166
    outer loop
      vertex -3.60962 9.36367 12.363
      vertex -5.68004 7.35168 12.6262
      vertex -5.4128 7.24556 12.6309
    endloop
  endfacet
  facet normal 0.0241185 0.105232 0.994155
    outer loop
      vertex -3.60962 9.36367 12.363
      vertex -5.94394 7.44334 12.6229
      vertex -5.68004 7.35168 12.6262
    endloop
  endfacet
  facet normal 0.0242603 0.105062 0.99417
    outer loop
      vertex -3.60962 9.36367 12.363
      vertex -6.2045 7.52054 12.6211
      vertex -5.94394 7.44334 12.6229
    endloop
  endfacet
  facet normal 0.0241313 0.105241 0.994154
    outer loop
      vertex -3.60962 9.36367 12.363
      vertex -6.46173 7.5833 12.6207
      vertex -6.2045 7.52054 12.6211
    endloop
  endfacet
  facet normal 0.0241977 0.105136 0.994163
    outer loop
      vertex -3.60962 9.36367 12.363
      vertex -6.72006 7.6333 12.6217
      vertex -6.46173 7.5833 12.6207
    endloop
  endfacet
  facet normal 0.0241702 0.105185 0.994159
    outer loop
      vertex -3.60962 9.36367 12.363
      vertex -6.98395 7.6722 12.624
      vertex -6.72006 7.6333 12.6217
    endloop
  endfacet
  facet normal 0.0241317 0.105261 0.994152
    outer loop
      vertex -3.60962 9.36367 12.363
      vertex -7.25339 7.69997 12.6276
      vertex -6.98395 7.6722 12.624
    endloop
  endfacet
  facet normal 0.024417 0.104645 0.99421
    outer loop
      vertex -3.60962 9.36367 12.363
      vertex -7.52838 7.71663 12.6326
      vertex -7.25339 7.69997 12.6276
    endloop
  endfacet
  facet normal 0.0240638 0.105473 0.994131
    outer loop
      vertex -3.60962 9.36367 12.363
      vertex -7.80893 7.7222 12.6388
      vertex -7.52838 7.71663 12.6326
    endloop
  endfacet
  facet normal 0.0240743 0.105446 0.994134
    outer loop
      vertex -3.60962 9.36367 12.363
      vertex -8.33171 7.70108 12.6537
      vertex -7.80893 7.7222 12.6388
    endloop
  endfacet
  facet normal 0.0243118 0.104783 0.994198
    outer loop
      vertex -3.60962 9.36367 12.363
      vertex -8.81116 7.63774 12.6721
      vertex -8.33171 7.70108 12.6537
    endloop
  endfacet
  facet normal 0.024181 0.10517 0.99416
    outer loop
      vertex -20.1844 11.5449 12.5354
      vertex -8.81116 7.63774 12.6721
      vertex -3.60962 9.36367 12.363
    endloop
  endfacet
  facet normal 0.0242848 0.105335 0.99414
    outer loop
      vertex -10.7762 6.01222 12.8918
      vertex -20.1844 11.5449 12.5354
      vertex -10.8089 5.6111 12.9351
    endloop
  endfacet
  facet normal 0.0241028 0.105028 0.994177
    outer loop
      vertex -10.6778 6.37111 12.8515
      vertex -20.1844 11.5449 12.5354
      vertex -10.7762 6.01222 12.8918
    endloop
  endfacet
  facet normal 0.0242 0.105206 0.994156
    outer loop
      vertex -10.5139 6.68777 12.814
      vertex -20.1844 11.5449 12.5354
      vertex -10.6778 6.37111 12.8515
    endloop
  endfacet
  facet normal 0.0241676 0.105142 0.994164
    outer loop
      vertex -10.2845 6.9622 12.7794
      vertex -20.1844 11.5449 12.5354
      vertex -10.5139 6.68777 12.814
    endloop
  endfacet
  facet normal 0.0242572 0.105334 0.994141
    outer loop
      vertex -9.98953 7.1944 12.7476
      vertex -20.1844 11.5449 12.5354
      vertex -10.2845 6.9622 12.7794
    endloop
  endfacet
  facet normal 0.0241844 0.105165 0.994161
    outer loop
      vertex -9.64006 7.3844 12.719
      vertex -20.1844 11.5449 12.5354
      vertex -9.98953 7.1944 12.7476
    endloop
  endfacet
  facet normal 0.0240716 0.10488 0.994194
    outer loop
      vertex -9.24727 7.53218 12.6939
      vertex -20.1844 11.5449 12.5354
      vertex -9.64006 7.3844 12.719
    endloop
  endfacet
  facet normal 0.0242148 0.105268 0.994149
    outer loop
      vertex -8.81116 7.63774 12.6721
      vertex -20.1844 11.5449 12.5354
      vertex -9.24727 7.53218 12.6939
    endloop
  endfacet
  facet normal 0.0241785 0.105162 0.994161
    outer loop
      vertex -5.76723 5.63889 12.8095
      vertex -3.60962 4.97927 12.8268
      vertex -5.14223 7.125 12.6371
    endloop
  endfacet
  facet normal 0.0241171 0.105259 0.994152
    outer loop
      vertex -7.6048 4.79561 12.9434
      vertex -5.98724 5.73027 12.8052
      vertex -6.2028 5.81555 12.8014
    endloop
  endfacet
  facet normal 0.0243025 0.105007 0.994175
    outer loop
      vertex -7.6048 4.79561 12.9434
      vertex -6.2028 5.81555 12.8014
      vertex -6.41393 5.89471 12.7982
    endloop
  endfacet
  facet normal 0.024175 0.105143 0.994163
    outer loop
      vertex -7.6048 4.79561 12.9434
      vertex -6.41393 5.89471 12.7982
      vertex -6.62061 5.96776 12.7955
    endloop
  endfacet
  facet normal 0.0240296 0.105264 0.994154
    outer loop
      vertex -7.6048 4.79561 12.9434
      vertex -6.62061 5.96776 12.7955
      vertex -6.82283 6.0347 12.7933
    endloop
  endfacet
  facet normal 0.0241922 0.105163 0.994161
    outer loop
      vertex -7.6048 4.79561 12.9434
      vertex -6.82283 6.0347 12.7933
      vertex -7.02338 6.09218 12.7921
    endloop
  endfacet
  facet normal 0.0242954 0.105117 0.994163
    outer loop
      vertex -7.6048 4.79561 12.9434
      vertex -7.02338 6.09218 12.7921
      vertex -7.22505 6.1369 12.7923
    endloop
  endfacet
  facet normal 0.0239266 0.105216 0.994162
    outer loop
      vertex -7.65117 4.81554 12.9424
      vertex -7.22505 6.1369 12.7923
      vertex -7.42783 6.16884 12.7938
    endloop
  endfacet
  facet normal 0.0241802 0.105167 0.994161
    outer loop
      vertex -5.76723 5.63889 12.8095
      vertex -7.6048 4.79561 12.9434
      vertex -3.60962 4.97927 12.8268
    endloop
  endfacet
  facet normal 0.0242171 0.105088 0.994168
    outer loop
      vertex -5.98724 5.73027 12.8052
      vertex -7.6048 4.79561 12.9434
      vertex -5.76723 5.63889 12.8095
    endloop
  endfacet
  facet normal 0.0245004 0.10507 0.994163
    outer loop
      vertex -7.85257 4.90442 12.9379
      vertex -7.42783 6.16884 12.7938
      vertex -7.63173 6.188 12.7968
    endloop
  endfacet
  facet normal 0.0237999 0.105257 0.99416
    outer loop
      vertex -7.22505 6.1369 12.7923
      vertex -7.65117 4.81554 12.9424
      vertex -7.6048 4.79561 12.9434
    endloop
  endfacet
  facet normal 0.0241355 0.105136 0.994165
    outer loop
      vertex -8.02785 4.98441 12.9337
      vertex -7.63173 6.188 12.7968
      vertex -7.83673 6.1944 12.8011
    endloop
  endfacet
  facet normal 0.0241998 0.105171 0.99416
    outer loop
      vertex -7.42783 6.16884 12.7938
      vertex -7.85257 4.90442 12.9379
      vertex -7.65117 4.81554 12.9424
    endloop
  endfacet
  facet normal 0.0241547 0.10513 0.994165
    outer loop
      vertex -7.63173 6.188 12.7968
      vertex -8.02785 4.98441 12.9337
      vertex -7.85257 4.90442 12.9379
    endloop
  endfacet
  facet normal 0.0240533 0.105157 0.994165
    outer loop
      vertex -8.17703 5.0555 12.9298
      vertex -7.83673 6.1944 12.8011
      vertex -8.1667 6.17439 12.8112
    endloop
  endfacet
  facet normal 0.0241127 0.10514 0.994165
    outer loop
      vertex -7.83673 6.1944 12.8011
      vertex -8.17703 5.0555 12.9298
      vertex -8.02785 4.98441 12.9337
    endloop
  endfacet
  facet normal 0.024727 0.105149 0.994149
    outer loop
      vertex -8.1667 6.17439 12.8112
      vertex -8.30423 5.12134 12.926
      vertex -8.17703 5.0555 12.9298
    endloop
  endfacet
  facet normal 0.0235841 0.1053 0.994161
    outer loop
      vertex -8.1667 6.17439 12.8112
      vertex -8.41365 5.1855 12.9218
      vertex -8.30423 5.12134 12.926
    endloop
  endfacet
  facet normal 0.024238 0.10511 0.994165
    outer loop
      vertex -8.50531 5.248 12.9174
      vertex -8.1667 6.17439 12.8112
      vertex -8.42336 6.1144 12.8238
    endloop
  endfacet
  facet normal 0.0240057 0.105195 0.994162
    outer loop
      vertex -8.1667 6.17439 12.8112
      vertex -8.50531 5.248 12.9174
      vertex -8.41365 5.1855 12.9218
    endloop
  endfacet
  facet normal 0.0246215 0.105073 0.99416
    outer loop
      vertex -8.42336 6.1144 12.8238
      vertex -8.57921 5.30884 12.9128
      vertex -8.50531 5.248 12.9174
    endloop
  endfacet
  facet normal 0.0238645 0.105365 0.994147
    outer loop
      vertex -8.73445 5.55553 12.8905
      vertex -8.42336 6.1144 12.8238
      vertex -8.60667 6.01439 12.8388
    endloop
  endfacet
  facet normal 0.024074 0.10518 0.994162
    outer loop
      vertex -8.42336 6.1144 12.8238
      vertex -8.63533 5.368 12.9079
      vertex -8.57921 5.30884 12.9128
    endloop
  endfacet
  facet normal 0.0239168 0.105224 0.994161
    outer loop
      vertex -8.42336 6.1144 12.8238
      vertex -8.67781 5.42773 12.9026
      vertex -8.63533 5.368 12.9079
    endloop
  endfacet
  facet normal 0.0243131 0.105078 0.994167
    outer loop
      vertex -8.42336 6.1144 12.8238
      vertex -8.71085 5.49025 12.8968
      vertex -8.67781 5.42773 12.9026
    endloop
  endfacet
  facet normal 0.023717 0.105632 0.994122
    outer loop
      vertex -8.75333 5.6944 12.8763
      vertex -8.60667 6.01439 12.8388
      vertex -8.71666 5.87439 12.8563
    endloop
  endfacet
  facet normal 0.0247316 0.104886 0.994177
    outer loop
      vertex -8.42336 6.1144 12.8238
      vertex -8.73445 5.55553 12.8905
      vertex -8.71085 5.49025 12.8968
    endloop
  endfacet
  facet normal 0.0230364 0.105596 0.994142
    outer loop
      vertex -8.60667 6.01439 12.8388
      vertex -8.74861 5.62358 12.8836
      vertex -8.73445 5.55553 12.8905
    endloop
  endfacet
  facet normal 0.0267269 0.104261 0.994191
    outer loop
      vertex -8.60667 6.01439 12.8388
      vertex -8.75333 5.6944 12.8763
      vertex -8.74861 5.62358 12.8836
    endloop
  endfacet
  facet normal 0.0229212 0.103198 0.994397
    outer loop
      vertex -10.8081 5.58876 12.9374
      vertex -10.8089 5.6111 12.9351
      vertex -20.1844 11.5449 12.5354
    endloop
  endfacet
  facet normal 0.024177 0.105135 0.994164
    outer loop
      vertex 3.72284 7.56709 12.3748
      vertex 1.57142 5.21744 12.6756
      vertex 4.6077 5.35702 12.587
    endloop
  endfacet
  facet normal 0.0241798 0.105131 0.994164
    outer loop
      vertex 5.98026 7.5833 12.3182
      vertex 8.72682 5.54637 12.4668
      vertex 9.39696 7.5833 12.2351
    endloop
  endfacet
  facet normal 0.024182 0.105134 0.994164
    outer loop
      vertex 8.72682 5.54637 12.4668
      vertex 5.98026 7.5833 12.3182
      vertex 6.69496 5.45297 12.5261
    endloop
  endfacet
  facet normal 0.024174 0.10518 0.994159
    outer loop
      vertex -1.54012 9.09133 12.3415
      vertex 9.39696 7.5833 12.2351
      vertex 9.91925 7.5833 12.2224
    endloop
  endfacet
  facet normal 0.0241796 0.10522 0.994155
    outer loop
      vertex 9.39696 7.5833 12.2351
      vertex -1.54012 9.09133 12.3415
      vertex 5.98026 7.5833 12.3182
    endloop
  endfacet
  facet normal 0.0242112 0.105151 0.994162
    outer loop
      vertex -1.54012 5.8333 12.6862
      vertex -0.720718 5.27779 12.725
      vertex 1.40427 7.5833 12.4294
    endloop
  endfacet
  facet normal 0.024159 0.105118 0.994166
    outer loop
      vertex 5.98026 7.5833 12.3182
      vertex -1.54012 9.09133 12.3415
      vertex 1.40427 7.5833 12.4294
    endloop
  endfacet
  facet normal 0.0241922 0.105182 0.994159
    outer loop
      vertex -1.54012 5.8333 12.6862
      vertex 1.40427 7.5833 12.4294
      vertex -1.54012 9.09133 12.3415
    endloop
  endfacet
  facet normal 0.024136 0.105041 0.994175
    outer loop
      vertex -1.5415 5.66136 12.7044
      vertex -0.720718 5.27779 12.725
      vertex -1.54012 5.8333 12.6862
    endloop
  endfacet
  facet normal 0.0241154 0.104997 0.99418
    outer loop
      vertex -1.54568 5.48999 12.7226
      vertex -0.720718 5.27779 12.725
      vertex -1.5415 5.66136 12.7044
    endloop
  endfacet
  facet normal 0.0241277 0.105045 0.994175
    outer loop
      vertex -0.720718 5.27779 12.725
      vertex -1.54568 5.48999 12.7226
      vertex -0.819595 5.17084 12.7387
    endloop
  endfacet
  facet normal 0.0242059 0.105221 0.994154
    outer loop
      vertex -0.819595 5.17084 12.7387
      vertex -1.54568 5.48999 12.7226
      vertex -0.877735 5.10485 12.7471
    endloop
  endfacet
  facet normal 0.0240492 0.104952 0.994186
    outer loop
      vertex -1.55264 5.31918 12.7408
      vertex -0.877735 5.10485 12.7471
      vertex -1.54568 5.48999 12.7226
    endloop
  endfacet
  facet normal 0.0242113 0.10546 0.994129
    outer loop
      vertex -1.56238 5.14891 12.7591
      vertex -0.877735 5.10485 12.7471
      vertex -1.55264 5.31918 12.7408
    endloop
  endfacet
  facet normal 0.0241498 0.104477 0.994234
    outer loop
      vertex -0.877735 5.10485 12.7471
      vertex -1.56238 5.14891 12.7591
      vertex -1.56797 5.07312 12.7672
    endloop
  endfacet
  facet normal 0.0715671 0.997436 -0
    outer loop
      vertex 19.4341 20.0762 4.43153
      vertex 17.0425 20.2478 5.39467
      vertex 19.4341 20.0762 5.39467
    endloop
  endfacet
  facet normal 0.0715671 0.997436 0
    outer loop
      vertex 17.0425 20.2478 5.39467
      vertex 19.4341 20.0762 4.43153
      vertex 17.0425 20.2478 4.43153
    endloop
  endfacet
  facet normal 0.0571267 0.796208 0.60232
    outer loop
      vertex 19.3422 19.7396 6.3393
      vertex 17.0425 19.9046 6.3393
      vertex 19.1619 19.0794 7.22912
    endloop
  endfacet
  facet normal 0.663816 0.747896 -0
    outer loop
      vertex 27.2355 16.2791 4.43153
      vertex 25.7109 17.6323 5.39467
      vertex 27.2355 16.2791 5.39467
    endloop
  endfacet
  facet normal 0.663816 0.747896 0
    outer loop
      vertex 25.7109 17.6323 5.39467
      vertex 27.2355 16.2791 4.43153
      vertex 25.7109 17.6323 4.43153
    endloop
  endfacet
  facet normal 0.338927 0.87049 -0.356897
    outer loop
      vertex 23.5915 18.4575 3.4869
      vertex 21.5535 19.251 3.4869
      vertex 23.8532 18.7429 4.43153
    endloop
  endfacet
  facet normal -0.0435949 0.328961 0.943337
    outer loop
      vertex -20.2904 14.3457 11.8237
      vertex -20.8005 14.2781 11.8237
      vertex -20.2904 12.9939 12.2951
    endloop
  endfacet
  facet normal 0.0538105 0.327455 0.943333
    outer loop
      vertex -19.7803 14.2781 11.8237
      vertex -19.9763 12.9523 12.2951
      vertex 18.1754 15.4665 9.24607
    endloop
  endfacet
  facet normal 0.202402 0.916086 -0.34615
    outer loop
      vertex 21.5535 19.251 3.4869
      vertex 19.4341 20.0762 4.43153
      vertex 21.7338 19.5681 4.43153
    endloop
  endfacet
  facet normal 0.215739 0.976451 -0
    outer loop
      vertex 21.7338 19.5681 4.43153
      vertex 19.4341 20.0762 5.39467
      vertex 21.7338 19.5681 5.39467
    endloop
  endfacet
  facet normal 0.215739 0.976451 0
    outer loop
      vertex 19.4341 20.0762 5.39467
      vertex 21.7338 19.5681 4.43153
      vertex 19.4341 20.0762 4.43153
    endloop
  endfacet
  facet normal -0.395088 0.549284 0.736337
    outer loop
      vertex -21.9313 16.1576 10.2686
      vertex -22.6726 15.6244 10.2686
      vertex -22.2454 14.7642 11.1395
    endloop
  endfacet
  facet normal -0.472265 0.656583 0.588103
    outer loop
      vertex -21.9313 16.1576 10.2686
      vertex -23.0082 16.3003 9.2445
      vertex -22.6726 15.6244 10.2686
    endloop
  endfacet
  facet normal -0.248712 0.609392 0.75285
    outer loop
      vertex -21.1269 16.4859 10.2686
      vertex -21.9313 16.1576 10.2686
      vertex -20.9769 15.4712 11.1395
    endloop
  endfacet
  facet normal -0.0849933 0.641669 0.762258
    outer loop
      vertex -20.2904 16.5967 10.2686
      vertex -21.1269 16.4859 10.2686
      vertex -20.9769 15.4712 11.1395
    endloop
  endfacet
  facet normal -0.532307 0.740148 0.41089
    outer loop
      vertex -22.3217 17.4258 8.10661
      vertex -23.2394 16.7658 8.10661
      vertex -22.1625 16.9086 9.2445
    endloop
  endfacet
  facet normal -0.532343 0.740099 0.410931
    outer loop
      vertex -22.1625 16.9086 9.2445
      vertex -23.2394 16.7658 8.10661
      vertex -23.0082 16.3003 9.2445
    endloop
  endfacet
  facet normal -0.13135 0.991336 0
    outer loop
      vertex -20.2904 18.2549 5.66698
      vertex -21.3674 18.1122 6.89863
      vertex -20.2904 18.2549 6.89863
    endloop
  endfacet
  facet normal -0.13135 0.991336 0
    outer loop
      vertex -21.3674 18.1122 6.89863
      vertex -20.2904 18.2549 5.66698
      vertex -21.3674 18.1122 5.66698
    endloop
  endfacet
  facet normal -0.594579 0.775985 -0.210533
    outer loop
      vertex -23.2394 16.7658 4.459
      vertex -33.601 8.63097 3.73836
      vertex -23.3573 17.0032 5.66698
    endloop
  endfacet
  facet normal -0.583874 0.811844 0
    outer loop
      vertex -22.4029 17.6896 5.66698
      vertex -23.3573 17.0032 6.89863
      vertex -22.4029 17.6896 6.89863
    endloop
  endfacet
  facet normal -0.583874 0.811844 0
    outer loop
      vertex -23.3573 17.0032 6.89863
      vertex -22.4029 17.6896 5.66698
      vertex -23.3573 17.0032 5.66698
    endloop
  endfacet
  facet normal -0.0566633 0.642994 -0.763772
    outer loop
      vertex 8.51787 18.8565 2.06224
      vertex -20.2904 15.5622 1.42613
      vertex -20.2904 16.5967 2.29704
    endloop
  endfacet
  facet normal -0.300231 0.735625 -0.607221
    outer loop
      vertex -21.1269 16.4859 2.29704
      vertex -21.9313 16.1576 2.29704
      vertex -21.2448 17.2831 3.32111
    endloop
  endfacet
  facet normal -0.180657 -0.644756 -0.742733
    outer loop
      vertex -18.7909 -19.8835 3.03867
      vertex -19.5725 -19.6645 3.03867
      vertex -19.5112 -18.7884 2.26323
    endloop
  endfacet
  facet normal -0.594482 -0.390931 -0.702684
    outer loop
      vertex -20.2038 -18.1908 2.26323
      vertex -34.2992 2.02469 2.94149
      vertex -20.842 -17.2203 2.26323
    endloop
  endfacet
  facet normal -0.0751557 -0.997172 0
    outer loop
      vertex -8.52862 -21.7511 4.83976
      vertex 13.7644 -23.4313 5.59267
      vertex 13.7644 -23.4313 6.80816
    endloop
  endfacet
  facet normal -0.0751557 -0.997172 0
    outer loop
      vertex 13.7644 -23.4313 5.59267
      vertex -8.52862 -21.7511 4.83976
      vertex -8.52862 -21.7511 3.97569
    endloop
  endfacet
  facet normal -0.562324 -0.367095 -0.740967
    outer loop
      vertex -20.842 -17.2203 2.26323
      vertex -34.2992 2.02469 2.94149
      vertex -33.4448 2.23104 2.19085
    endloop
  endfacet
  facet normal -0.585983 -0.304862 -0.750788
    outer loop
      vertex -34.2992 2.02469 2.94149
      vertex -34.9705 3.31501 2.94149
      vertex -33.4448 2.23104 2.19085
    endloop
  endfacet
  facet normal -0.301816 -0.198534 -0.932465
    outer loop
      vertex -19.5461 -13.6745 0.505558
      vertex -20.2664 -14.7696 0.971863
      vertex -19.8873 -13.1558 0.505558
    endloop
  endfacet
  facet normal -0.413344 -0.257793 -0.873321
    outer loop
      vertex -20.2664 -14.7696 0.971863
      vertex -33.4448 2.23104 2.19085
      vertex -32.2043 2.53061 1.51529
    endloop
  endfacet
  facet normal -0.190644 -0.220966 -0.956467
    outer loop
      vertex -19.309 -15.8975 0.971863
      vertex -19.5461 -13.6745 0.505558
      vertex -19.1759 -13.9939 0.505558
    endloop
  endfacet
  facet normal -0.0943884 -0.336842 -0.936818
    outer loop
      vertex -18.7909 -17.6933 1.56536
      vertex -19.4222 -17.5164 1.56536
      vertex -19.309 -15.8975 0.971863
    endloop
  endfacet
  facet normal -0.00565775 -0.29734 -0.954755
    outer loop
      vertex 10.883 -18.9791 1.33802
      vertex -8.52862 -17.526 1.00051
      vertex 10.883 -17.6543 0.925436
    endloop
  endfacet
  facet normal -0.00621328 -0.585209 -0.810859
    outer loop
      vertex 13.7644 -21.9744 3.27756
      vertex -8.52862 -20.4247 2.32994
      vertex 10.883 -19.8916 1.79645
    endloop
  endfacet
  facet normal 0.0488706 -0.411473 -0.910111
    outer loop
      vertex 13.7644 -18.7904 1.40743
      vertex 10.883 -18.9791 1.33802
      vertex 15.0846 -18.6336 1.40743
    endloop
  endfacet
  facet normal -0.0330801 -0.352064 -0.935391
    outer loop
      vertex -8.52862 -19.1493 1.61149
      vertex -10.3794 -18.9754 1.61149
      vertex -8.52862 -17.526 1.00051
    endloop
  endfacet
  facet normal -0.0650475 -0.0256103 -0.997553
    outer loop
      vertex -19.423 -8.71335 0.0230713
      vertex -26.9099 4.24983 0.178465
      vertex -24.5852 4.51944 0.0199566
    endloop
  endfacet
  facet normal -0.0241113 -0.00964129 -0.999663
    outer loop
      vertex -19.423 -8.71335 0.0230713
      vertex -24.5852 4.51944 0.0199566
      vertex -19.0811 -9.31386 0.0206165
    endloop
  endfacet
  facet normal 0.000511167 -0.00497107 -0.999988
    outer loop
      vertex 7.68531 -10.8787 0.0176859
      vertex -5.68363 -11.2094 0.012496
      vertex 10.883 -9.44392 0.012188
    endloop
  endfacet
  facet normal -0.0590832 -0.0684946 -0.9959
    outer loop
      vertex -18.871 -9.63328 0.0206165
      vertex -19.256 -11.682 0.184361
      vertex -18.948 -9.56686 0.0206165
    endloop
  endfacet
  facet normal -0.000268906 -0.0954423 -0.995435
    outer loop
      vertex 13.7644 -14.3642 0.266987
      vertex -8.52862 -13.4963 0.189795
      vertex 13.7644 -11.891 0.0298567
    endloop
  endfacet
  facet normal -0.000955098 -0.203733 -0.979026
    outer loop
      vertex 10.883 -17.6543 0.925436
      vertex -8.52862 -15.6172 0.520458
      vertex 10.883 -15.9682 0.574563
    endloop
  endfacet
  facet normal -0.13789 0.0233064 -0.990173
    outer loop
      vertex -26.9787 4.65689 0.178465
      vertex -29.2114 4.65689 0.489388
      vertex -26.9099 5.06394 0.178465
    endloop
  endfacet
  facet normal -0.448163 0.0757027 -0.890741
    outer loop
      vertex -32.9297 4.65689 1.51529
      vertex -34.2724 4.65689 2.19085
      vertex -32.7466 5.74085 1.51529
    endloop
  endfacet
  facet normal -0.318211 0.0537515 -0.946495
    outer loop
      vertex -31.0706 5.54648 0.940781
      vertex -32.9297 4.65689 1.51529
      vertex -32.7466 5.74085 1.51529
    endloop
  endfacet
  facet normal -0.0647656 0.158631 -0.985211
    outer loop
      vertex -20.4985 11.5033 0.0302534
      vertex -20.9066 12.829 0.270535
      vertex -20.6046 12.9523 0.270535
    endloop
  endfacet
  facet normal -0.064833 0.489221 -0.869747
    outer loop
      vertex -20.2904 14.3457 0.741865
      vertex -20.8005 14.2781 0.741865
      vertex -20.2904 15.5622 1.42613
    endloop
  endfacet
  facet normal -0.00976887 0.190905 -0.98156
    outer loop
      vertex 8.51787 13.9408 0.167988
      vertex -20.2904 12.9939 0.270535
      vertex 8.51787 15.4456 0.460659
    endloop
  endfacet
  facet normal -0.0191753 0.299294 -0.953968
    outer loop
      vertex 8.51787 15.4456 0.460659
      vertex -20.2904 12.9939 0.270535
      vertex 8.51787 16.7999 0.885552
    endloop
  endfacet
  facet normal -0.000501574 0.00380122 -0.999993
    outer loop
      vertex 8.51787 12.3433 0.0187855
      vertex -20.3965 11.5449 0.0302534
      vertex -20.2904 11.5589 0.0302534
    endloop
  endfacet
  facet normal -0.0217879 0.165121 -0.986033
    outer loop
      vertex -20.3965 11.5449 0.0302534
      vertex -20.6046 12.9523 0.270535
      vertex -20.2904 11.5589 0.0302534
    endloop
  endfacet
  facet normal -0.103195 0.779084 -0.618368
    outer loop
      vertex -21.1269 16.4859 2.29704
      vertex -21.2448 17.2831 3.32111
      vertex -20.2904 16.5967 2.29704
    endloop
  endfacet
  facet normal -0.103258 0.779048 -0.618403
    outer loop
      vertex -20.2904 16.5967 2.29704
      vertex -21.2448 17.2831 3.32111
      vertex -20.2904 17.4096 3.32111
    endloop
  endfacet
  facet normal 3.14052e-05 -0.000468697 -1
    outer loop
      vertex 10.883 -9.44392 0.012188
      vertex -5.7506 -11.2156 0.012496
      vertex -4.01667 -0.630693 0.00758934
    endloop
  endfacet
  facet normal -0.000430916 0.000900488 -1
    outer loop
      vertex -4.86517 0.69961 0.00758934
      vertex -24.2545 5.15506 0.0199566
      vertex -24.0714 5.24268 0.0199566
    endloop
  endfacet
  facet normal -0.00520938 0.00472226 -0.999975
    outer loop
      vertex -20.5925 11.4356 0.0302534
      vertex -24.5164 4.9265 0.0199566
      vertex -20.6749 11.3447 0.0302534
    endloop
  endfacet
  facet normal -0.00504708 0.00462442 -0.999977
    outer loop
      vertex -24.4048 5.0483 0.0199566
      vertex -24.5164 4.9265 0.0199566
      vertex -20.5925 11.4356 0.0302534
    endloop
  endfacet
  facet normal -0.140802 0.127785 -0.981756
    outer loop
      vertex -20.5925 11.4356 0.0302534
      vertex -28.7691 5.95353 0.489388
      vertex -21.185 12.6288 0.270535
    endloop
  endfacet
  facet normal -0.105087 0.145911 -0.983701
    outer loop
      vertex -20.5925 11.4356 0.0302534
      vertex -21.185 12.6288 0.270535
      vertex -20.4985 11.5033 0.0302534
    endloop
  endfacet
  facet normal -0.06485 0.489226 -0.869743
    outer loop
      vertex -20.8005 14.2781 0.741865
      vertex -20.9769 15.4712 1.42613
      vertex -20.2904 15.5622 1.42613
    endloop
  endfacet
  facet normal -0.248681 0.609425 -0.752834
    outer loop
      vertex -21.6371 15.2018 1.42613
      vertex -21.9313 16.1576 2.29704
      vertex -20.9769 15.4712 1.42613
    endloop
  endfacet
  facet normal -0.276222 0.253223 -0.927135
    outer loop
      vertex -30.6255 6.40188 0.940781
      vertex -32.2043 6.78316 1.51529
      vertex -29.9028 7.19022 0.940781
    endloop
  endfacet
  facet normal -0.192185 0.176183 -0.965414
    outer loop
      vertex -28.232 6.53932 0.489388
      vertex -30.6255 6.40188 0.940781
      vertex -29.9028 7.19022 0.940781
    endloop
  endfacet
  facet normal 0.00851596 0.749887 -0.661512
    outer loop
      vertex 17.0425 19.2315 2.59708
      vertex 8.51787 18.8565 2.06224
      vertex 8.51787 19.4798 2.76881
    endloop
  endfacet
  facet normal 0.0110759 0.797477 -0.603248
    outer loop
      vertex 17.0425 19.2315 2.59708
      vertex 8.51787 19.4798 2.76881
      vertex 17.0425 19.9046 3.4869
    endloop
  endfacet
  facet normal 0.692321 -0.630239 0.351412
    outer loop
      vertex 28.4033 -11.1918 7.98328
      vertex 20.9825 -19.3341 8.0003
      vertex 21.271 -19.6819 6.80816
    endloop
  endfacet
  facet normal 0.0897225 -0.755398 0.649095
    outer loop
      vertex 15.5998 -21.7564 9.12327
      vertex 13.7644 -21.9744 9.12327
      vertex 15.7559 -22.7028 8.0003
    endloop
  endfacet
  facet normal 0.0693235 -0.583653 -0.809039
    outer loop
      vertex 15.5998 -21.7564 3.27756
      vertex 13.7644 -21.9744 3.27756
      vertex 15.3731 -20.3824 2.26691
    endloop
  endfacet
  facet normal 0.0500725 -0.433661 -0.899684
    outer loop
      vertex 13.7644 -20.5735 2.26691
      vertex 10.883 -18.9791 1.33802
      vertex 13.7644 -18.7904 1.40743
    endloop
  endfacet
  facet normal 0.0897425 -0.755377 -0.649117
    outer loop
      vertex 15.7559 -22.7028 4.40053
      vertex 13.7644 -22.9394 4.40053
      vertex 13.7644 -21.9744 3.27756
    endloop
  endfacet
  facet normal 0.109167 -0.918875 -0.379146
    outer loop
      vertex 15.7559 -22.7028 4.40053
      vertex 13.7644 -23.4313 5.59267
      vertex 13.7644 -22.9394 4.40053
    endloop
  endfacet
  facet normal -0.0828363 -0.881118 -0.465585
    outer loop
      vertex -8.52862 -21.7511 3.97569
      vertex -10.8198 -21.0879 3.12823
      vertex -8.52862 -21.3033 3.12823
    endloop
  endfacet
  facet normal -0.0630994 -0.671179 -0.738605
    outer loop
      vertex -8.52862 -21.3033 3.12823
      vertex -10.8198 -21.0879 3.12823
      vertex -10.6402 -20.2263 2.32994
    endloop
  endfacet
  facet normal -0.448164 -0.0757032 0.89074
    outer loop
      vertex -32.7466 3.57292 6.77391
      vertex -34.2724 4.65689 6.09835
      vertex -34.0635 3.4202 6.09835
    endloop
  endfacet
  facet normal -0.626675 -0.105857 0.772057
    outer loop
      vertex -34.2724 4.65689 6.09835
      vertex -34.9705 3.31501 5.34772
      vertex -34.0635 3.4202 6.09835
    endloop
  endfacet
  facet normal -0.421637 -0.219372 0.879829
    outer loop
      vertex -20.9003 -10.1995 9.01702
      vertex -32.7466 3.57292 6.77391
      vertex -32.2043 2.53061 6.77391
    endloop
  endfacet
  facet normal -0.424742 -0.220988 0.877929
    outer loop
      vertex -32.7466 3.57292 6.77391
      vertex -33.4448 2.23104 6.09835
      vertex -32.2043 2.53061 6.77391
    endloop
  endfacet
  facet normal -0.195238 -0.0775391 0.977686
    outer loop
      vertex -20.7927 10.5474 12.5354
      vertex -21.6292 9.62372 12.2951
      vertex -20.7425 10.421 12.5354
    endloop
  endfacet
  facet normal -0.373844 -0.148512 0.915525
    outer loop
      vertex -21.778 9.99829 12.2951
      vertex -32.7466 3.57292 6.77391
      vertex -21.6292 9.62372 12.2951
    endloop
  endfacet
  facet normal -0.00584579 -0.0492785 0.998768
    outer loop
      vertex -5.48313 0.878852 12.8884
      vertex 13.5604 -11.8668 12.371
      vertex 13.7644 -11.891 12.371
    endloop
  endfacet
  facet normal -0.0059021 -0.0493625 0.998763
    outer loop
      vertex 13.5604 -11.8668 12.371
      vertex -5.48313 0.878852 12.8884
      vertex -5.49265 0.865827 12.8877
    endloop
  endfacet
  facet normal -0.00908636 -0.0541293 0.998493
    outer loop
      vertex -7.10717 1.95633 12.9321
      vertex -9.50795 3.54913 12.9966
      vertex -7.10817 1.94543 12.9315
    endloop
  endfacet
  facet normal 0.174201 -0.270271 0.946894
    outer loop
      vertex 16.5581 -15.6719 11.6687
      vertex 15.6888 -16.2322 11.6687
      vertex 16.3541 -18.1693 10.9934
    endloop
  endfacet
  facet normal -0.123515 -0.726008 0.676503
    outer loop
      vertex 11.9291 -21.7564 9.12327
      vertex -18.7909 -19.8835 5.5244
      vertex -10.8198 -21.0879 5.68722
    endloop
  endfacet
  facet normal 0.204087 -0.557974 0.804372
    outer loop
      vertex 17.3646 -21.1109 9.12327
      vertex 15.3731 -20.3824 10.1339
      vertex 15.5998 -21.7564 9.12327
    endloop
  endfacet
  facet normal -0.25151 -0.203651 0.946186
    outer loop
      vertex -20.012 -9.79379 9.37646
      vertex -20.6213 -10.7113 9.01702
      vertex -19.8026 -10.0524 9.37646
    endloop
  endfacet
  facet normal -0.303139 -0.166287 0.938326
    outer loop
      vertex -20.012 -9.79379 9.37646
      vertex -21.6292 9.62372 12.2951
      vertex -20.6213 -10.7113 9.01702
    endloop
  endfacet
  facet normal 0.742562 -0.669778 0
    outer loop
      vertex 21.271 -19.6819 6.80816
      vertex 28.8509 -11.2783 5.58077
      vertex 28.8509 -11.2783 6.79368
    endloop
  endfacet
  facet normal 0.742562 -0.669778 0
    outer loop
      vertex 28.8509 -11.2783 5.58077
      vertex 21.271 -19.6819 6.80816
      vertex 21.271 -19.6819 5.59267
    endloop
  endfacet
  facet normal 0.111599 -0.173144 -0.978553
    outer loop
      vertex 15.6888 -16.2322 0.732137
      vertex 14.9494 -14.0799 0.266987
      vertex 16.5581 -15.6719 0.732137
    endloop
  endfacet
  facet normal 0.0408493 -0.305659 -0.951264
    outer loop
      vertex 15.0846 -18.6336 1.40743
      vertex 10.883 -18.9791 1.33802
      vertex 14.7454 -16.5773 0.732137
    endloop
  endfacet
  facet normal 0.435462 -0.440075 -0.785307
    outer loop
      vertex 20.4167 -18.6518 3.27756
      vertex 18.3456 -18.8977 2.26691
      vertex 19.5952 -17.6612 2.26691
    endloop
  endfacet
  facet normal 0.327984 -0.508839 -0.795933
    outer loop
      vertex 18.9911 -20.0625 3.27756
      vertex 17.3646 -21.1109 3.27756
      vertex 18.3456 -18.8977 2.26691
    endloop
  endfacet
  facet normal 0.378494 -0.36644 -0.849979
    outer loop
      vertex 26.2506 -10.7757 2.26209
      vertex 19.5952 -17.6612 2.26691
      vertex 24.6282 -10.4621 1.40444
    endloop
  endfacet
  facet normal 0.445462 -0.431125 -0.784662
    outer loop
      vertex 20.4167 -18.6518 3.27756
      vertex 19.5952 -17.6612 2.26691
      vertex 26.2506 -10.7757 2.26209
    endloop
  endfacet
  facet normal 0.504486 -0.78274 -0.364435
    outer loop
      vertex 19.6623 -21.2739 5.59267
      vertex 17.6708 -22.0024 4.40053
      vertex 19.4357 -20.8649 4.40053
    endloop
  endfacet
  facet normal 0.658071 -0.664949 -0.353249
    outer loop
      vertex 21.271 -19.6819 5.59267
      vertex 19.4357 -20.8649 4.40053
      vertex 20.9825 -19.3341 4.40053
    endloop
  endfacet
  facet normal -0.269757 -0.962928 0
    outer loop
      vertex -19.6037 -20.1112 3.86187
      vertex -18.7909 -20.3389 4.7012
      vertex -19.6037 -20.1112 4.7012
    endloop
  endfacet
  facet normal -0.269757 -0.962928 -0
    outer loop
      vertex -18.7909 -20.3389 4.7012
      vertex -19.6037 -20.1112 3.86187
      vertex -18.7909 -20.3389 3.86187
    endloop
  endfacet
  facet normal -0.785459 -0.525459 0.327028
    outer loop
      vertex -20.3239 -19.0161 5.5244
      vertex -34.7348 1.91949 4.55084
      vertex -20.3852 -19.4368 4.7012
    endloop
  endfacet
  facet normal 0.109167 -0.918875 0.379146
    outer loop
      vertex 13.7644 -22.9394 8.0003
      vertex 13.7644 -23.4313 6.80816
      vertex 15.7559 -22.7028 8.0003
    endloop
  endfacet
  facet normal 0.343499 -0.939153 0
    outer loop
      vertex 15.8355 -23.1853 5.59267
      vertex 17.827 -22.4569 6.80816
      vertex 15.8355 -23.1853 6.80816
    endloop
  endfacet
  facet normal 0.343499 -0.939153 0
    outer loop
      vertex 17.827 -22.4569 6.80816
      vertex 15.8355 -23.1853 5.59267
      vertex 17.827 -22.4569 5.59267
    endloop
  endfacet
  facet normal 0.00245871 -0.00159918 -0.999996
    outer loop
      vertex 18.3504 -9.24861 0.0297928
      vertex 11.1939 -9.24299 0.012188
      vertex 18.4211 -9.13991 0.0297928
    endloop
  endfacet
  facet normal 0.00123911 0.000825606 -0.999999
    outer loop
      vertex 19.9701 7.07167 0.0145597
      vertex 14.4307 6.60429 0.00730991
      vertex 19.911 7.16037 0.0145597
    endloop
  endfacet
  facet normal 0.00246792 -0.00282809 -0.999993
    outer loop
      vertex 18.2356 -9.34879 0.0297928
      vertex 11.0972 -9.35316 0.012188
      vertex 18.3504 -9.24861 0.0297928
    endloop
  endfacet
  facet normal 0.0335917 -0.0917457 -0.995216
    outer loop
      vertex 14.9494 -14.0799 0.266987
      vertex 13.9684 -11.8668 0.0298567
      vertex 14.1645 -11.795 0.0298567
    endloop
  endfacet
  facet normal 0.0138903 0.424991 -0.905091
    outer loop
      vertex 17.0425 17.0104 1.11522
      vertex 8.51787 16.7999 0.885552
      vertex 8.51787 17.9516 1.42634
    endloop
  endfacet
  facet normal 0.045433 0.633166 -0.772682
    outer loop
      vertex 18.9002 18.1209 1.79626
      vertex 17.0425 18.2542 1.79626
      vertex 19.1619 19.0794 2.59708
    endloop
  endfacet
  facet normal 0.144053 0.105701 -0.983909
    outer loop
      vertex 22.4073 12.9366 0.580132
      vertex 20.0157 12.7651 0.211556
      vertex 21.8707 13.6679 0.580132
    endloop
  endfacet
  facet normal 0.161269 0.269776 -0.949323
    outer loop
      vertex 22.5683 15.3431 1.11522
      vertex 21.1485 14.3089 0.580132
      vertex 21.3841 16.051 1.11522
    endloop
  endfacet
  facet normal 0.00075046 0.010462 -0.999945
    outer loop
      vertex 17.2781 12.1806 0.0236578
      vertex 8.51787 12.3433 0.0187855
      vertex 17.0425 12.1975 0.0236578
    endloop
  endfacet
  facet normal 0.00215956 0.0929926 -0.995664
    outer loop
      vertex 17.0425 12.1975 0.0236578
      vertex 8.51787 12.3433 0.0187855
      vertex 8.51787 13.9408 0.167988
    endloop
  endfacet
  facet normal 0.00110406 0.00499139 -0.999987
    outer loop
      vertex 17.5046 12.1305 0.0236578
      vertex 12.8438 11.8089 0.0169067
      vertex 17.2781 12.1806 0.0236578
    endloop
  endfacet
  facet normal -0.000254826 0.00186983 -0.999998
    outer loop
      vertex 13.6796 6.90953 0.00730991
      vertex 8.51787 12.3433 0.0187855
      vertex 12.2263 11.8439 0.0169067
    endloop
  endfacet
  facet normal 0.00134913 -0.000305639 -0.999999
    outer loop
      vertex 20.0644 5.74032 0.0145597
      vertex 14.6111 5.38881 0.00730991
      vertex 14.6585 5.59804 0.00730991
    endloop
  endfacet
  facet normal -0.0199733 -0.0713269 -0.997253
    outer loop
      vertex -18.7909 -9.65571 0.0206165
      vertex -19.028 -11.8787 0.184361
      vertex -18.871 -9.63328 0.0206165
    endloop
  endfacet
  facet normal 0.00113128 0.00221443 -0.999997
    outer loop
      vertex 14.1606 6.84606 0.00730991
      vertex 13.1905 11.6754 0.0169067
      vertex 19.8469 7.21499 0.0145597
    endloop
  endfacet
  facet normal 0.00983836 -0.00211016 -0.999949
    outer loop
      vertex 21.5219 5.58969 0.0292177
      vertex 18.4211 -9.13991 0.0297928
      vertex 20.0644 5.74032 0.0145597
    endloop
  endfacet
  facet normal 0.00732863 0.004883 -0.999961
    outer loop
      vertex 19.911 7.16037 0.0145597
      vertex 18.158 11.6545 0.0236578
      vertex 19.9701 7.07167 0.0145597
    endloop
  endfacet
  facet normal 0.246917 0.102825 -0.963566
    outer loop
      vertex 22.7377 12.1432 0.580132
      vertex 22.4073 12.9366 0.580132
      vertex 24.2623 13.4964 1.11522
    endloop
  endfacet
  facet normal 0.27484 0.0371452 -0.960772
    outer loop
      vertex 24.8571 11.3179 1.11522
      vertex 22.5995 5.93451 0.261275
      vertex 24.707 12.4285 1.11522
    endloop
  endfacet
  facet normal 0.354183 0.147504 -0.92347
    outer loop
      vertex 26.3817 12.6711 1.79626
      vertex 24.2623 13.4964 1.11522
      vertex 25.8398 13.9723 1.79626
    endloop
  endfacet
  facet normal 0.0514188 -0.0855996 -0.995002
    outer loop
      vertex 14.9494 -14.0799 0.266987
      vertex 14.1645 -11.795 0.0298567
      vertex 18.2356 -9.34879 0.0297928
    endloop
  endfacet
  facet normal 0.111581 -0.173161 -0.978552
    outer loop
      vertex 16.5581 -15.6719 0.732137
      vertex 14.9494 -14.0799 0.266987
      vertex 15.4848 -13.7349 0.266987
    endloop
  endfacet
  facet normal 0.354178 0.147489 -0.923474
    outer loop
      vertex 24.707 12.4285 1.11522
      vertex 24.2623 13.4964 1.11522
      vertex 26.3817 12.6711 1.79626
    endloop
  endfacet
  facet normal 0.442278 0.324517 -0.83611
    outer loop
      vertex 25.8398 13.9723 1.79626
      vertex 24.9599 15.1715 1.79626
      vertex 26.0754 15.7145 2.59708
    endloop
  endfacet
  facet normal 8.08274e-05 -0.000385262 -1
    outer loop
      vertex 10.883 -9.44392 0.012188
      vertex -3.80463 -0.588922 0.00758934
      vertex 10.9922 -9.42101 0.012188
    endloop
  endfacet
  facet normal -0.000669679 -0.000113034 -1
    outer loop
      vertex -24.5852 4.51944 0.0199566
      vertex -24.6084 4.65689 0.0199566
      vertex -5.34581 -0.0539465 0.00758934
    endloop
  endfacet
  facet normal -0.132403 0.0688705 -0.9888
    outer loop
      vertex -26.9099 5.06394 0.178465
      vertex -29.0998 5.31791 0.489388
      vertex -26.7063 5.45536 0.178465
    endloop
  endfacet
  facet normal 4.26697e-06 -6.67106e-05 -1
    outer loop
      vertex -4.01667 -0.630693 0.00758934
      vertex -4.23719 -0.644798 0.00758934
      vertex 13.8421 4.70029 0.00730991
    endloop
  endfacet
  facet normal -0.207711 0.288845 0.934572
    outer loop
      vertex -20.9066 12.829 12.2951
      vertex -21.7431 13.7527 11.8237
      vertex -21.185 12.6288 12.2951
    endloop
  endfacet
  facet normal -0.00453016 0.0601909 0.998177
    outer loop
      vertex -20.2904 11.5589 12.5354
      vertex -10.8062 5.53649 12.9416
      vertex -10.8066 5.54641 12.941
    endloop
  endfacet
  facet normal -0.00735698 0.0557554 0.998417
    outer loop
      vertex -10.8062 5.53649 12.9416
      vertex -20.2904 11.5589 12.5354
      vertex -20.3965 11.5449 12.5354
    endloop
  endfacet
  facet normal 0.194983 0.326174 0.924982
    outer loop
      vertex 22.5683 15.3431 8.71098
      vertex 21.3841 16.051 8.71098
      vertex 21.8941 6.7754 11.8743
    endloop
  endfacet
  facet normal 0.0271178 0.0427051 0.99872
    outer loop
      vertex 10.8538 5.54252 12.4111
      vertex 21.2837 6.04771 12.1063
      vertex 10.8687 5.58217 12.409
    endloop
  endfacet
  facet normal 0.0271738 0.0415761 0.998766
    outer loop
      vertex 21.2837 6.04771 12.1063
      vertex 10.8538 5.54252 12.4111
      vertex 21.3686 5.99222 12.1063
    endloop
  endfacet
  facet normal 0.0274152 0.036064 0.998973
    outer loop
      vertex -3.60962 4.93502 12.8298
      vertex -7.51477 4.75692 12.9434
      vertex -3.60962 4.92394 12.8302
    endloop
  endfacet
  facet normal 0.0275576 0.0330056 0.999075
    outer loop
      vertex -7.51477 4.75692 12.9434
      vertex -3.60962 4.93502 12.8298
      vertex -7.52224 4.76013 12.9435
    endloop
  endfacet
  facet normal 0.0272015 0.0410068 0.998789
    outer loop
      vertex 1.52288 5.16443 12.6806
      vertex 4.63983 5.27675 12.5911
      vertex 4.62921 5.30328 12.5903
    endloop
  endfacet
  facet normal 0.027098 0.0437876 0.998673
    outer loop
      vertex 4.63983 5.27675 12.5911
      vertex 1.52288 5.16443 12.6806
      vertex 1.50289 5.14259 12.6821
    endloop
  endfacet
  facet normal 0.0271424 0.0419379 0.998751
    outer loop
      vertex 6.71392 5.39646 12.5297
      vertex 8.69518 5.4502 12.4736
      vertex 8.70681 5.48554 12.4718
    endloop
  endfacet
  facet normal 0.0271467 0.041787 0.998758
    outer loop
      vertex 8.69518 5.4502 12.4736
      vertex 6.71392 5.39646 12.5297
      vertex 6.72417 5.3659 12.5307
    endloop
  endfacet
  facet normal 0.0271396 0.0423341 0.998735
    outer loop
      vertex -1.57144 5.02612 12.7705
      vertex -0.935417 5.03831 12.7527
      vertex -0.921252 5.05518 12.7516
    endloop
  endfacet
  facet normal 0.0270971 0.0444206 0.998645
    outer loop
      vertex -0.935417 5.03831 12.7527
      vertex -1.57144 5.02612 12.7705
      vertex -1.57255 5.01106 12.7712
    endloop
  endfacet
  facet normal 0.309598 -0.065317 0.948622
    outer loop
      vertex 23.175 -9.02687 11.6439
      vertex 23.0603 -9.57054 11.6439
      vertex 25.0855 -9.75852 10.97
    endloop
  endfacet
  facet normal 0.198087 -0.041791 0.979293
    outer loop
      vertex 23.175 -9.02687 11.6439
      vertex 20.8806 -9.02687 12.108
      vertex 23.0603 -9.57054 11.6439
    endloop
  endfacet
  facet normal 0.0131956 -0.0204787 0.999703
    outer loop
      vertex -5.37265 1.03008 12.8916
      vertex 14.1645 -11.795 12.371
      vertex 14.3453 -11.6785 12.371
    endloop
  endfacet
  facet normal 0.0130125 -0.0207575 0.9997
    outer loop
      vertex 14.1645 -11.795 12.371
      vertex -5.37265 1.03008 12.8916
      vertex -5.39213 1.00342 12.8913
    endloop
  endfacet
  facet normal 0.0151883 -0.0174023 0.999733
    outer loop
      vertex -8.85091 3.27189 12.9834
      vertex -7.10874 2.12681 12.937
      vertex -7.11303 2.15179 12.9375
    endloop
  endfacet
  facet normal 0.00918287 -0.026534 0.999606
    outer loop
      vertex -7.10874 2.12681 12.937
      vertex -8.85091 3.27189 12.9834
      vertex -8.87468 3.2825 12.9839
    endloop
  endfacet
  facet normal 0.00407513 -0.0343523 0.999401
    outer loop
      vertex -5.46963 0.897338 12.889
      vertex 13.7644 -11.891 12.371
      vertex 13.9684 -11.8668 12.371
    endloop
  endfacet
  facet normal 0.00360006 -0.0350659 0.999379
    outer loop
      vertex 13.7644 -11.891 12.371
      vertex -5.46963 0.897338 12.889
      vertex -5.48313 0.878852 12.8884
    endloop
  endfacet
  facet normal 0.00500451 -0.0329291 0.999445
    outer loop
      vertex -7.10576 1.97172 12.9326
      vertex -9.50795 3.54913 12.9966
      vertex -7.10717 1.95633 12.9321
    endloop
  endfacet
  facet normal -0.484186 0.295215 0.823658
    outer loop
      vertex -22.1394 13.3152 11.8237
      vertex -23.2163 13.4579 11.1395
      vertex -22.4645 12.782 11.8237
    endloop
  endfacet
  facet normal -0.536076 0.226834 0.813123
    outer loop
      vertex -23.2163 13.4579 11.1395
      vertex -34.0635 5.89358 6.09835
      vertex -22.4645 12.782 11.8237
    endloop
  endfacet
  facet normal -0.277364 0.251213 0.927341
    outer loop
      vertex -21.185 12.6288 12.2951
      vertex -22.1394 13.3152 11.8237
      vertex -21.429 12.3594 12.2951
    endloop
  endfacet
  facet normal -0.335261 0.204414 0.919682
    outer loop
      vertex -22.1394 13.3152 11.8237
      vertex -22.4645 12.782 11.8237
      vertex -21.6292 12.0311 12.2951
    endloop
  endfacet
  facet normal 0.691744 -0.630851 -0.35145
    outer loop
      vertex 21.271 -19.6819 5.59267
      vertex 20.9825 -19.3341 4.40053
      vertex 28.4033 -11.1918 4.39117
    endloop
  endfacet
  facet normal 0.705351 -0.636655 -0.311689
    outer loop
      vertex 28.8509 -11.2783 5.58077
      vertex 21.271 -19.6819 5.59267
      vertex 28.4033 -11.1918 4.39117
    endloop
  endfacet
  facet normal 0.44706 -0.42967 0.784551
    outer loop
      vertex 26.2506 -10.7757 10.1124
      vertex 19.5952 -17.6612 10.1339
      vertex 20.4167 -18.6518 9.12327
    endloop
  endfacet
  facet normal 0.329438 -0.332928 0.883533
    outer loop
      vertex 24.6282 -10.4621 10.97
      vertex 18.3456 -18.8977 10.1339
      vertex 19.5952 -17.6612 10.1339
    endloop
  endfacet
  facet normal 0.734186 0.538746 -0.413187
    outer loop
      vertex 27.9331 14.6039 3.4869
      vertex 26.8437 16.0885 3.4869
      vertex 28.3683 14.7353 4.43153
    endloop
  endfacet
  facet normal 0.202402 0.916086 0.34615
    outer loop
      vertex 21.7338 19.5681 5.39467
      vertex 19.4341 20.0762 5.39467
      vertex 21.5535 19.251 6.3393
    endloop
  endfacet
  facet normal 0.223022 0.572789 0.78878
    outer loop
      vertex 21.1999 18.6291 7.22912
      vertex 20.6865 17.7262 8.02994
      vertex 23.0781 17.8978 7.22912
    endloop
  endfacet
  facet normal 0.28395 0.729269 0.622527
    outer loop
      vertex 21.5535 19.251 6.3393
      vertex 21.1999 18.6291 7.22912
      vertex 23.0781 17.8978 7.22912
    endloop
  endfacet
  facet normal 0.393666 0.658523 0.641385
    outer loop
      vertex 25.3778 17.3897 6.3393
      vertex 23.0781 17.8978 7.22912
      vertex 24.7243 16.9137 7.22912
    endloop
  endfacet
  facet normal 0.690592 0.0933322 -0.717197
    outer loop
      vertex 28.8303 11.3179 3.4869
      vertex 27.9062 11.3179 2.59708
      vertex 28.6039 12.9931 3.4869
    endloop
  endfacet
  facet normal 0.908937 -0.191814 -0.370191
    outer loop
      vertex 29.8106 -9.02687 5.58077
      vertex 29.0932 -10.1305 4.39117
      vertex 29.3261 -9.02687 4.39117
    endloop
  endfacet
  facet normal 0.832638 0.346743 0.431837
    outer loop
      vertex 28.3683 14.7353 5.39467
      vertex 27.9331 14.6039 6.3393
      vertex 28.6039 12.9931 6.3393
    endloop
  endfacet
  facet normal 0.653722 0.272235 0.70607
    outer loop
      vertex 27.9331 14.6039 6.3393
      vertex 27.0793 14.3463 7.22912
      vertex 28.6039 12.9931 6.3393
    endloop
  endfacet
  facet normal 0.925019 0.049054 0.376741
    outer loop
      vertex 29.8106 -9.02687 6.79368
      vertex 29.3015 11.3179 5.39467
      vertex 29.3261 -9.02687 7.98328
    endloop
  endfacet
  facet normal 0.693599 -0.00783974 -0.720319
    outer loop
      vertex 28.3757 -9.02687 3.27059
      vertex 27.9062 11.3179 2.59708
      vertex 28.8303 11.3179 3.4869
    endloop
  endfacet
  facet normal 0.577179 0.0712822 0.8135
    outer loop
      vertex 24.5978 5.67673 10.7582
      vertex 23.6146 6.09535 11.4191
      vertex 23.6663 5.67673 11.4191
    endloop
  endfacet
  facet normal 0.436959 -0.092271 0.894736
    outer loop
      vertex 25.24 -9.02687 10.97
      vertex 25.0855 -9.75852 10.97
      vertex 26.8078 -9.9184 10.1124
    endloop
  endfacet
  facet normal 0.577212 0.0714125 0.813466
    outer loop
      vertex 24.5281 6.2401 10.7582
      vertex 23.6146 6.09535 11.4191
      vertex 24.5978 5.67673 10.7582
    endloop
  endfacet
  facet normal 0.5856 -0.123619 0.801119
    outer loop
      vertex 26.996 -9.02687 10.1124
      vertex 26.8078 -9.9184 10.1124
      vertex 28.3757 -9.02687 9.10387
    endloop
  endfacet
  facet normal 0.653721 0.272233 0.706072
    outer loop
      vertex 28.6039 12.9931 6.3393
      vertex 27.0793 14.3463 7.22912
      vertex 27.6975 12.8618 7.22912
    endloop
  endfacet
  facet normal 0.3801 0.428247 0.819834
    outer loop
      vertex 26.0754 15.7145 7.22912
      vertex 24.7243 16.9137 7.22912
      vertex 24.9599 15.1715 8.02994
    endloop
  endfacet
  facet normal 0.477399 0.23233 0.847416
    outer loop
      vertex 25.8398 13.9723 8.02994
      vertex 23.4613 6.49788 11.4191
      vertex 27.0793 14.3463 7.22912
    endloop
  endfacet
  facet normal 0.206579 -0.00769384 0.9784
    outer loop
      vertex 22.6314 5.67673 11.8743
      vertex 21.5326 5.67673 12.1063
      vertex 23.175 -9.02687 11.6439
    endloop
  endfacet
  facet normal 0.352824 0.23676 0.90524
    outer loop
      vertex 23.4613 6.49788 11.4191
      vertex 22.3518 6.41084 11.8743
      vertex 22.5051 6.18239 11.8743
    endloop
  endfacet
  facet normal 0.380113 0.428246 0.819829
    outer loop
      vertex 24.7243 16.9137 7.22912
      vertex 23.7757 16.2226 8.02994
      vertex 24.9599 15.1715 8.02994
    endloop
  endfacet
  facet normal 0.305628 0.511253 0.803251
    outer loop
      vertex 23.0781 17.8978 7.22912
      vertex 22.3327 17.0852 8.02994
      vertex 24.7243 16.9137 7.22912
    endloop
  endfacet
  facet normal 0.227811 0.381094 0.89603
    outer loop
      vertex 23.7757 16.2226 8.02994
      vertex 22.3327 17.0852 8.02994
      vertex 22.5683 15.3431 8.71098
    endloop
  endfacet
  facet normal 0.393662 0.658549 -0.641361
    outer loop
      vertex 25.3778 17.3897 3.4869
      vertex 23.0781 17.8978 2.59708
      vertex 23.5915 18.4575 3.4869
    endloop
  endfacet
  facet normal 0.283941 0.729265 -0.622536
    outer loop
      vertex 23.0781 17.8978 2.59708
      vertex 21.5535 19.251 3.4869
      vertex 23.5915 18.4575 3.4869
    endloop
  endfacet
  facet normal -0.19064 0.466941 0.863494
    outer loop
      vertex -20.8005 14.2781 11.8237
      vertex -21.6371 15.2018 11.1395
      vertex -21.2911 14.0778 11.8237
    endloop
  endfacet
  facet normal -0.305484 0.424728 0.852224
    outer loop
      vertex -21.6371 15.2018 11.1395
      vertex -21.7431 13.7527 11.8237
      vertex -21.2911 14.0778 11.8237
    endloop
  endfacet
  facet normal -0.128724 0.315286 0.940226
    outer loop
      vertex -20.8005 14.2781 11.8237
      vertex -20.9066 12.829 12.2951
      vertex -20.6046 12.9523 12.2951
    endloop
  endfacet
  facet normal -0.0217895 0.165133 0.986031
    outer loop
      vertex -20.2904 11.5589 12.5354
      vertex -20.6046 12.9523 12.2951
      vertex -20.3965 11.5449 12.5354
    endloop
  endfacet
  facet normal 0.03875 0.479003 0.876958
    outer loop
      vertex 18.9002 18.1209 8.02994
      vertex -20.2904 14.3457 11.8237
      vertex 18.5671 16.901 8.71098
    endloop
  endfacet
  facet normal 0.0435949 0.328961 0.943337
    outer loop
      vertex -20.2904 14.3457 11.8237
      vertex -20.2904 12.9939 12.2951
      vertex -19.7803 14.2781 11.8237
    endloop
  endfacet
  facet normal 0.067283 0.937762 -0.340698
    outer loop
      vertex 19.3422 19.7396 3.4869
      vertex 17.0425 19.9046 3.4869
      vertex 19.4341 20.0762 4.43153
    endloop
  endfacet
  facet normal 0.202416 0.916093 -0.346124
    outer loop
      vertex 21.5535 19.251 3.4869
      vertex 19.3422 19.7396 3.4869
      vertex 19.4341 20.0762 4.43153
    endloop
  endfacet
  facet normal 0.0672853 0.93776 0.340704
    outer loop
      vertex 17.0425 20.2478 5.39467
      vertex 17.0425 19.9046 6.3393
      vertex 19.4341 20.0762 5.39467
    endloop
  endfacet
  facet normal 0.338929 0.870487 -0.356902
    outer loop
      vertex 23.8532 18.7429 4.43153
      vertex 21.5535 19.251 3.4869
      vertex 21.7338 19.5681 4.43153
    endloop
  endfacet
  facet normal -0.127875 0.965217 -0.228044
    outer loop
      vertex -20.2904 17.9695 4.459
      vertex -21.326 17.8323 4.459
      vertex -20.2904 18.2549 5.66698
    endloop
  endfacet
  facet normal -0.118041 0.890989 -0.438412
    outer loop
      vertex -20.2904 17.4096 3.32111
      vertex -21.326 17.8323 4.459
      vertex -20.2904 17.9695 4.459
    endloop
  endfacet
  facet normal -0.341463 0.836743 -0.428094
    outer loop
      vertex -22.1625 16.9086 3.32111
      vertex -22.3217 17.4258 4.459
      vertex -21.2448 17.2831 3.32111
    endloop
  endfacet
  facet normal -0.300197 0.735622 -0.607241
    outer loop
      vertex -21.9313 16.1576 2.29704
      vertex -22.1625 16.9086 3.32111
      vertex -21.2448 17.2831 3.32111
    endloop
  endfacet
  facet normal -0.238084 -0.849866 -0.470152
    outer loop
      vertex -18.7909 -20.3389 3.86187
      vertex -19.6037 -20.1112 3.86187
      vertex -18.7909 -19.8835 3.03867
    endloop
  endfacet
  facet normal -0.125768 -0.86808 -0.480228
    outer loop
      vertex -10.8198 -21.0879 3.12823
      vertex -18.7909 -20.3389 3.86187
      vertex -18.7909 -19.8835 3.03867
    endloop
  endfacet
  facet normal -0.238121 -0.84984 -0.470181
    outer loop
      vertex -18.7909 -19.8835 3.03867
      vertex -19.6037 -20.1112 3.86187
      vertex -19.5725 -19.6645 3.03867
    endloop
  endfacet
  facet normal -0.598955 -0.6941 -0.399347
    outer loop
      vertex -19.6037 -20.1112 3.86187
      vertex -20.3239 -19.0161 3.03867
      vertex -19.5725 -19.6645 3.03867
    endloop
  endfacet
  facet normal -0.0219188 -0.152491 -0.988062
    outer loop
      vertex -9.65726 -15.5112 0.520458
      vertex -18.7909 -14.1018 0.505558
      vertex -9.22363 -13.431 0.189795
    endloop
  endfacet
  facet normal -0.131602 -0.469736 -0.872943
    outer loop
      vertex -18.7909 -18.9902 2.26323
      vertex -19.5112 -18.7884 2.26323
      vertex -18.7909 -17.6933 1.56536
    endloop
  endfacet
  facet normal -0.598955 -0.6941 0.399347
    outer loop
      vertex -19.5725 -19.6645 5.5244
      vertex -20.3239 -19.0161 5.5244
      vertex -19.6037 -20.1112 4.7012
    endloop
  endfacet
  facet normal -0.598975 -0.694096 0.399324
    outer loop
      vertex -20.3239 -19.0161 5.5244
      vertex -20.3852 -19.4368 4.7012
      vertex -19.6037 -20.1112 4.7012
    endloop
  endfacet
  facet normal -0.0897425 -0.755377 0.649117
    outer loop
      vertex 13.7644 -21.9744 9.12327
      vertex 11.7729 -22.7028 8.0003
      vertex 13.7644 -22.9394 8.0003
    endloop
  endfacet
  facet normal -0.149121 -0.988819 0
    outer loop
      vertex -18.7909 -20.3389 4.7012
      vertex -10.9113 -21.5272 3.97569
      vertex -10.9113 -21.5272 4.83976
    endloop
  endfacet
  facet normal -0.149121 -0.988819 0
    outer loop
      vertex -10.9113 -21.5272 3.97569
      vertex -18.7909 -20.3389 4.7012
      vertex -18.7909 -20.3389 3.86187
    endloop
  endfacet
  facet normal -0.303732 -0.158028 -0.939561
    outer loop
      vertex -32.2043 2.53061 1.51529
      vertex -32.7466 3.57292 1.51529
      vertex -30.6255 2.9119 0.940781
    endloop
  endfacet
  facet normal -0.299205 -0.174552 -0.938087
    outer loop
      vertex -19.8873 -13.1558 0.505558
      vertex -32.2043 2.53061 1.51529
      vertex -30.6255 2.9119 0.940781
    endloop
  endfacet
  facet normal -0.429839 -0.271454 -0.861134
    outer loop
      vertex -20.5887 -16.142 1.56536
      vertex -33.4448 2.23104 2.19085
      vertex -20.2664 -14.7696 0.971863
    endloop
  endfacet
  facet normal -0.547628 -0.360149 -0.755246
    outer loop
      vertex -20.0293 -16.9926 1.56536
      vertex -20.842 -17.2203 2.26323
      vertex -20.5887 -16.142 1.56536
    endloop
  endfacet
  facet normal -0.133028 -0.0637995 -0.989057
    outer loop
      vertex -19.4661 -11.3626 0.184361
      vertex -29.0998 3.99587 0.489388
      vertex -26.9099 4.24983 0.178465
    endloop
  endfacet
  facet normal -0.12159 -0.0583469 -0.990864
    outer loop
      vertex -19.4661 -11.3626 0.184361
      vertex -26.9099 4.24983 0.178465
      vertex -19.423 -8.71335 0.0230713
    endloop
  endfacet
  facet normal -0.301819 -0.198532 -0.932465
    outer loop
      vertex -19.8072 -15.4677 0.971863
      vertex -20.2664 -14.7696 0.971863
      vertex -19.5461 -13.6745 0.505558
    endloop
  endfacet
  facet normal -0.190628 -0.220965 -0.95647
    outer loop
      vertex -19.309 -15.8975 0.971863
      vertex -19.8072 -15.4677 0.971863
      vertex -19.5461 -13.6745 0.505558
    endloop
  endfacet
  facet normal -0.00536264 -0.243896 -0.969787
    outer loop
      vertex 10.883 -17.6543 0.925436
      vertex -8.52862 -17.526 1.00051
      vertex -8.52862 -15.6172 0.520458
    endloop
  endfacet
  facet normal -0.033077 -0.352067 -0.93539
    outer loop
      vertex -8.52862 -17.526 1.00051
      vertex -10.3794 -18.9754 1.61149
      vertex -10.0475 -17.3833 1.00051
    endloop
  endfacet
  facet normal -0.0104658 -0.490773 -0.871225
    outer loop
      vertex 10.883 -19.8916 1.79645
      vertex -8.52862 -20.4247 2.32994
      vertex -8.52862 -19.1493 1.61149
    endloop
  endfacet
  facet normal -0.0460656 -0.490279 -0.870348
    outer loop
      vertex -8.52862 -20.4247 2.32994
      vertex -10.6402 -20.2263 2.32994
      vertex -8.52862 -19.1493 1.61149
    endloop
  endfacet
  facet normal 0.00223521 -0.203732 -0.979024
    outer loop
      vertex 13.7644 -16.6938 0.732137
      vertex 10.883 -17.6543 0.925436
      vertex 10.883 -15.9682 0.574563
    endloop
  endfacet
  facet normal 0.0350461 -0.297162 -0.954184
    outer loop
      vertex 13.7644 -16.6938 0.732137
      vertex 10.883 -18.9791 1.33802
      vertex 10.883 -17.6543 0.925436
    endloop
  endfacet
  facet normal 0.0515021 -0.433629 -0.899618
    outer loop
      vertex 15.0846 -18.6336 1.40743
      vertex 13.7644 -20.5735 2.26691
      vertex 13.7644 -18.7904 1.40743
    endloop
  endfacet
  facet normal 0.0693339 -0.58366 -0.809033
    outer loop
      vertex 15.3731 -20.3824 2.26691
      vertex 13.7644 -21.9744 3.27756
      vertex 13.7644 -20.5735 2.26691
    endloop
  endfacet
  facet normal 2.99639e-05 -0.000468461 -1
    outer loop
      vertex -4.01667 -0.630693 0.00758934
      vertex -5.7506 -11.2156 0.012496
      vertex -4.23719 -0.644798 0.00758934
    endloop
  endfacet
  facet normal -0.195104 -0.128339 -0.972349
    outer loop
      vertex -19.5461 -13.6745 0.505558
      vertex -19.8873 -13.1558 0.505558
      vertex -19.4661 -11.3626 0.184361
    endloop
  endfacet
  facet normal -0.00155719 -0.000667289 -0.999999
    outer loop
      vertex -19.0811 -9.31386 0.0206165
      vertex -24.5852 4.51944 0.0199566
      vertex -19.0189 -9.45901 0.0206165
    endloop
  endfacet
  facet normal -0.029013 -0.0124327 -0.999502
    outer loop
      vertex -19.0189 -9.45901 0.0206165
      vertex -19.423 -8.71335 0.0230713
      vertex -19.0811 -9.31386 0.0206165
    endloop
  endfacet
  facet normal 7.71098e-05 -0.000391429 -1
    outer loop
      vertex 10.883 -9.44392 0.012188
      vertex -4.01667 -0.630693 0.00758934
      vertex -3.80463 -0.588922 0.00758934
    endloop
  endfacet
  facet normal -0.0229089 -0.24384 -0.969545
    outer loop
      vertex -8.52862 -17.526 1.00051
      vertex -10.0475 -17.3833 1.00051
      vertex -9.65726 -15.5112 0.520458
    endloop
  endfacet
  facet normal -0.00701438 -0.0746564 -0.997185
    outer loop
      vertex -8.52862 -13.4963 0.189795
      vertex -9.22363 -13.431 0.189795
      vertex -8.52862 -11.2447 0.021224
    endloop
  endfacet
  facet normal -0.0144719 -0.15403 -0.98796
    outer loop
      vertex -8.52862 -15.6172 0.520458
      vertex -9.22363 -13.431 0.189795
      vertex -8.52862 -13.4963 0.189795
    endloop
  endfacet
  facet normal -0.219029 -0.0369812 -0.975017
    outer loop
      vertex -31.0706 3.7673 0.940781
      vertex -31.2208 4.65689 0.940781
      vertex -29.2114 4.65689 0.489388
    endloop
  endfacet
  facet normal -0.3182 -0.0537255 -0.9465
    outer loop
      vertex -31.0706 3.7673 0.940781
      vertex -32.9297 4.65689 1.51529
      vertex -31.2208 4.65689 0.940781
    endloop
  endfacet
  facet normal -0.132404 0.0688871 -0.988799
    outer loop
      vertex -26.7063 5.45536 0.178465
      vertex -29.0998 5.31791 0.489388
      vertex -28.7691 5.95353 0.489388
    endloop
  endfacet
  facet normal -0.137886 0.0232792 -0.990175
    outer loop
      vertex -26.9099 5.06394 0.178465
      vertex -29.2114 4.65689 0.489388
      vertex -29.0998 5.31791 0.489388
    endloop
  endfacet
  facet normal -0.424742 0.220986 -0.877929
    outer loop
      vertex -32.7466 5.74085 1.51529
      vertex -34.0635 5.89358 2.19085
      vertex -33.4448 7.08274 2.19085
    endloop
  endfacet
  facet normal -0.424741 0.220987 -0.877929
    outer loop
      vertex -32.7466 5.74085 1.51529
      vertex -33.4448 7.08274 2.19085
      vertex -32.2043 6.78316 1.51529
    endloop
  endfacet
  facet normal -0.305506 0.424757 -0.852202
    outer loop
      vertex -21.2911 14.0778 0.741865
      vertex -21.7431 13.7527 0.741865
      vertex -21.6371 15.2018 1.42613
    endloop
  endfacet
  facet normal -0.190577 0.467033 -0.863459
    outer loop
      vertex -20.8005 14.2781 0.741865
      vertex -21.6371 15.2018 1.42613
      vertex -20.9769 15.4712 1.42613
    endloop
  endfacet
  facet normal -0.0218599 0.165105 -0.986034
    outer loop
      vertex -20.2904 11.5589 0.0302534
      vertex -20.6046 12.9523 0.270535
      vertex -20.2904 12.9939 0.270535
    endloop
  endfacet
  facet normal -0.0646989 0.158637 -0.985215
    outer loop
      vertex -20.4985 11.5033 0.0302534
      vertex -20.6046 12.9523 0.270535
      vertex -20.3965 11.5449 0.0302534
    endloop
  endfacet
  facet normal -0.0435504 0.328931 -0.943349
    outer loop
      vertex -20.6046 12.9523 0.270535
      vertex -20.8005 14.2781 0.741865
      vertex -20.2904 12.9939 0.270535
    endloop
  endfacet
  facet normal -0.128707 0.315244 -0.940242
    outer loop
      vertex -20.6046 12.9523 0.270535
      vertex -20.9066 12.829 0.270535
      vertex -20.8005 14.2781 0.741865
    endloop
  endfacet
  facet normal -0.146539 0.134359 -0.980038
    outer loop
      vertex -21.185 12.6288 0.270535
      vertex -28.7691 5.95353 0.489388
      vertex -28.232 6.53932 0.489388
    endloop
  endfacet
  facet normal -0.192186 0.176212 -0.965409
    outer loop
      vertex -28.7691 5.95353 0.489388
      vertex -30.6255 6.40188 0.940781
      vertex -28.232 6.53932 0.489388
    endloop
  endfacet
  facet normal -0.209876 0.109207 -0.97161
    outer loop
      vertex -28.7691 5.95353 0.489388
      vertex -31.0706 5.54648 0.940781
      vertex -30.6255 6.40188 0.940781
    endloop
  endfacet
  facet normal -0.303729 0.158043 -0.939559
    outer loop
      vertex -31.0706 5.54648 0.940781
      vertex -32.2043 6.78316 1.51529
      vertex -30.6255 6.40188 0.940781
    endloop
  endfacet
  facet normal 0.318603 -0.871062 -0.373822
    outer loop
      vertex 15.8355 -23.1853 5.59267
      vertex 15.7559 -22.7028 4.40053
      vertex 17.6708 -22.0024 4.40053
    endloop
  endfacet
  facet normal 0.318594 -0.871061 -0.373833
    outer loop
      vertex 17.827 -22.4569 5.59267
      vertex 15.8355 -23.1853 5.59267
      vertex 17.6708 -22.0024 4.40053
    endloop
  endfacet
  facet normal 0.204089 -0.557981 -0.804366
    outer loop
      vertex 17.3646 -21.1109 3.27756
      vertex 15.3731 -20.3824 2.26691
      vertex 16.92 -19.8166 2.26691
    endloop
  endfacet
  facet normal 0.152028 -0.415644 -0.896732
    outer loop
      vertex 16.92 -19.8166 2.26691
      vertex 15.3731 -20.3824 2.26691
      vertex 16.3541 -18.1693 1.40743
    endloop
  endfacet
  facet normal -0.211475 -0.0477474 0.976216
    outer loop
      vertex -20.8237 10.6847 12.5354
      vertex -21.778 9.99829 12.2951
      vertex -20.7927 10.5474 12.5354
    endloop
  endfacet
  facet normal -0.211494 -0.0477202 0.976214
    outer loop
      vertex -20.8237 10.6847 12.5354
      vertex -21.8697 10.4047 12.2951
      vertex -21.778 9.99829 12.2951
    endloop
  endfacet
  facet normal -0.239126 -0.190478 0.952122
    outer loop
      vertex -8.65066 -10.5159 12.0854
      vertex -20.012 -9.79379 9.37646
      vertex -8.43758 -10.7834 12.0854
    endloop
  endfacet
  facet normal -0.238645 -0.164058 0.957149
    outer loop
      vertex -8.65066 -10.5159 12.0854
      vertex -21.429 9.29541 12.2951
      vertex -20.012 -9.79379 9.37646
    endloop
  endfacet
  facet normal 0.069333 -0.583652 0.809038
    outer loop
      vertex 13.7644 -20.5735 10.1339
      vertex 13.7644 -21.9744 9.12327
      vertex 15.3731 -20.3824 10.1339
    endloop
  endfacet
  facet normal -0.0363888 -0.306381 0.951213
    outer loop
      vertex 12.7834 -16.5773 11.6687
      vertex 12.4442 -18.6336 10.9934
      vertex 13.7644 -18.7904 10.9934
    endloop
  endfacet
  facet normal 0.0192067 -0.00940538 0.999771
    outer loop
      vertex 5.91009 -3.26693 12.6403
      vertex 5.83034 -3.28097 12.6417
      vertex 18.4211 -9.13991 12.3447
    endloop
  endfacet
  facet normal 0.0184539 -0.0110265 0.999769
    outer loop
      vertex -1.54012 0.148793 12.8155
      vertex 4.18855 -2.4588 12.681
      vertex -1.54012 0.230396 12.8164
    endloop
  endfacet
  facet normal 0.0187799 -0.0103105 0.99977
    outer loop
      vertex 4.18855 -2.4588 12.681
      vertex -1.54012 0.148793 12.8155
      vertex 4.18855 -2.51698 12.6804
    endloop
  endfacet
  facet normal 0.0185484 -0.0108598 0.999769
    outer loop
      vertex -5.09143 1.81026 12.8994
      vertex -3.60962 1.20188 12.8653
      vertex -5.0852 1.89455 12.9002
    endloop
  endfacet
  facet normal 0.0162341 -0.0164946 0.999732
    outer loop
      vertex -5.09339 1.80227 12.8993
      vertex -3.60962 1.20188 12.8653
      vertex -5.09143 1.81026 12.8994
    endloop
  endfacet
  facet normal 0.0184179 -0.0110999 0.999769
    outer loop
      vertex -3.60962 1.20188 12.8653
      vertex -5.09339 1.80227 12.8993
      vertex -3.60962 1.11181 12.8643
    endloop
  endfacet
  facet normal 0.056651 -0.0833681 0.994907
    outer loop
      vertex 18.2356 -9.34879 12.3447
      vertex 14.3453 -11.6785 12.371
      vertex 15.4848 -13.7349 12.1338
    endloop
  endfacet
  facet normal -0.132716 -0.473714 0.870622
    outer loop
      vertex -7.95328 -12.2447 11.6222
      vertex -19.5112 -18.7884 6.29984
      vertex -18.7909 -18.9902 6.29984
    endloop
  endfacet
  facet normal -0.129143 -0.478019 0.868803
    outer loop
      vertex -7.95328 -12.2447 11.6222
      vertex -18.7909 -18.9902 6.29984
      vertex 12.1557 -20.3824 10.1339
    endloop
  endfacet
  facet normal 0.32798 -0.508833 0.795939
    outer loop
      vertex 18.3456 -18.8977 10.1339
      vertex 17.3646 -21.1109 9.12327
      vertex 18.9911 -20.0625 9.12327
    endloop
  endfacet
  facet normal 0.10914 -0.918863 0.379183
    outer loop
      vertex 15.7559 -22.7028 8.0003
      vertex 13.7644 -23.4313 6.80816
      vertex 15.8355 -23.1853 6.80816
    endloop
  endfacet
  facet normal -0.394138 -0.318978 0.861921
    outer loop
      vertex -20.7123 -12.1023 8.49518
      vertex -21.1698 -11.537 8.49518
      vertex -20.0293 -16.9926 6.99771
    endloop
  endfacet
  facet normal -0.259777 -0.322786 0.910124
    outer loop
      vertex -19.8936 -11.4434 9.01702
      vertex -20.2814 -11.1313 9.01702
      vertex -19.4222 -17.5164 6.99771
    endloop
  endfacet
  facet normal -0.135007 -0.107541 0.984991
    outer loop
      vertex -7.23963 -10.1239 12.3216
      vertex -8.65066 -10.5159 12.0854
      vertex -8.43758 -10.7834 12.0854
    endloop
  endfacet
  facet normal -0.118019 -0.144387 0.982458
    outer loop
      vertex -7.16768 -10.2142 12.3216
      vertex -8.43758 -10.7834 12.0854
      vertex -8.15081 -11.0178 12.0854
    endloop
  endfacet
  facet normal 0.204087 -0.557974 0.804372
    outer loop
      vertex 16.92 -19.8166 10.1339
      vertex 15.3731 -20.3824 10.1339
      vertex 17.3646 -21.1109 9.12327
    endloop
  endfacet
  facet normal -0.069333 -0.583652 0.809038
    outer loop
      vertex 13.7644 -20.5735 10.1339
      vertex 12.1557 -20.3824 10.1339
      vertex 13.7644 -21.9744 9.12327
    endloop
  endfacet
  facet normal 0.318594 -0.871061 0.373833
    outer loop
      vertex 17.6708 -22.0024 8.0003
      vertex 15.8355 -23.1853 6.80816
      vertex 17.827 -22.4569 6.80816
    endloop
  endfacet
  facet normal 0.541783 -0.840519 0
    outer loop
      vertex 17.827 -22.4569 5.59267
      vertex 19.6623 -21.2739 6.80816
      vertex 17.827 -22.4569 6.80816
    endloop
  endfacet
  facet normal 0.541783 -0.840519 0
    outer loop
      vertex 19.6623 -21.2739 6.80816
      vertex 17.827 -22.4569 5.59267
      vertex 19.6623 -21.2739 5.59267
    endloop
  endfacet
  facet normal 0.220398 -0.243727 -0.944469
    outer loop
      vertex 17.5241 -17.4152 1.40743
      vertex 16.5581 -15.6719 0.732137
      vertex 22.7205 -10.0933 0.730579
    endloop
  endfacet
  facet normal 0.174196 -0.270268 -0.946895
    outer loop
      vertex 17.5241 -17.4152 1.40743
      vertex 16.3541 -18.1693 1.40743
      vertex 16.5581 -15.6719 0.732137
    endloop
  endfacet
  facet normal 0.152014 -0.41564 -0.896736
    outer loop
      vertex 15.3731 -20.3824 2.26691
      vertex 15.0846 -18.6336 1.40743
      vertex 16.3541 -18.1693 1.40743
    endloop
  endfacet
  facet normal 0.107575 -0.294135 -0.949691
    outer loop
      vertex 15.0846 -18.6336 1.40743
      vertex 14.7454 -16.5773 0.732137
      vertex 16.3541 -18.1693 1.40743
    endloop
  endfacet
  facet normal 0.658066 -0.664969 -0.353222
    outer loop
      vertex 19.6623 -21.2739 5.59267
      vertex 19.4357 -20.8649 4.40053
      vertex 21.271 -19.6819 5.59267
    endloop
  endfacet
  facet normal 0.419968 -0.651543 -0.631758
    outer loop
      vertex 17.6708 -22.0024 4.40053
      vertex 17.3646 -21.1109 3.27756
      vertex 18.9911 -20.0625 3.27756
    endloop
  endfacet
  facet normal 0.585589 -0.123616 -0.801127
    outer loop
      vertex 28.3757 -9.02687 3.27059
      vertex 26.8078 -9.9184 2.26209
      vertex 26.996 -9.02687 2.26209
    endloop
  endfacet
  facet normal 0.585566 -0.123546 -0.801154
    outer loop
      vertex 28.1611 -10.044 3.27059
      vertex 26.8078 -9.9184 2.26209
      vertex 28.3757 -9.02687 3.27059
    endloop
  endfacet
  facet normal 0.610608 -0.557148 -0.5628
    outer loop
      vertex 28.4033 -11.1918 4.39117
      vertex 20.9825 -19.3341 4.40053
      vertex 27.5253 -11.0221 3.27059
    endloop
  endfacet
  facet normal 0.674138 -0.438214 -0.594565
    outer loop
      vertex 28.4033 -11.1918 4.39117
      vertex 27.5253 -11.0221 3.27059
      vertex 28.1611 -10.044 3.27059
    endloop
  endfacet
  facet normal 0.117948 -0.99302 0
    outer loop
      vertex 13.7644 -23.4313 5.59267
      vertex 15.8355 -23.1853 6.80816
      vertex 13.7644 -23.4313 6.80816
    endloop
  endfacet
  facet normal 0.117948 -0.99302 0
    outer loop
      vertex 15.8355 -23.1853 6.80816
      vertex 13.7644 -23.4313 5.59267
      vertex 15.8355 -23.1853 5.59267
    endloop
  endfacet
  facet normal 0.00247171 -0.00413965 -0.999988
    outer loop
      vertex 14.1645 -11.795 0.0298567
      vertex 10.9922 -9.42101 0.012188
      vertex 18.2356 -9.34879 0.0297928
    endloop
  endfacet
  facet normal 0.00182976 -0.00499745 -0.999986
    outer loop
      vertex 13.9684 -11.8668 0.0298567
      vertex 10.9922 -9.42101 0.012188
      vertex 14.1645 -11.795 0.0298567
    endloop
  endfacet
  facet normal 0.00118921 0.00139561 -0.999998
    outer loop
      vertex 19.911 7.16037 0.0145597
      vertex 14.3045 6.743 0.00730991
      vertex 19.8469 7.21499 0.0145597
    endloop
  endfacet
  facet normal 0.00245593 -0.00140462 -0.999996
    outer loop
      vertex 18.4211 -9.13991 0.0297928
      vertex 11.1939 -9.24299 0.012188
      vertex 11.2787 -9.09472 0.012188
    endloop
  endfacet
  facet normal 0.00129897 0.000294276 -0.999999
    outer loop
      vertex 14.6585 6.03322 0.00730991
      vertex 14.6111 6.24245 0.00730991
      vertex 20.0644 6.80685 0.0145597
    endloop
  endfacet
  facet normal 0.00246852 -0.00382012 -0.99999
    outer loop
      vertex 18.2356 -9.34879 0.0297928
      vertex 10.9922 -9.42101 0.012188
      vertex 11.0972 -9.35316 0.012188
    endloop
  endfacet
  facet normal 0.0150932 0.574895 -0.818088
    outer loop
      vertex 17.0425 18.2542 1.79626
      vertex 8.51787 17.9516 1.42634
      vertex 8.51787 18.8565 2.06224
    endloop
  endfacet
  facet normal 0.0206431 0.633677 -0.773323
    outer loop
      vertex 17.0425 18.2542 1.79626
      vertex 8.51787 18.8565 2.06224
      vertex 17.0425 19.2315 2.59708
    endloop
  endfacet
  facet normal 0.0230302 0.104119 -0.994298
    outer loop
      vertex 17.5046 12.1305 0.0236578
      vertex 17.2781 12.1806 0.0236578
      vertex 18.4109 13.7244 0.211556
    endloop
  endfacet
  facet normal 0.0230067 0.104136 -0.994297
    outer loop
      vertex 18.4109 13.7244 0.211556
      vertex 17.2781 12.1806 0.0236578
      vertex 17.7401 13.8726 0.211556
    endloop
  endfacet
  facet normal 0.280739 0.316288 -0.906172
    outer loop
      vertex 24.9599 15.1715 1.79626
      vertex 22.5683 15.3431 1.11522
      vertex 23.7757 16.2226 1.79626
    endloop
  endfacet
  facet normal 0.380113 0.428246 -0.819829
    outer loop
      vertex 24.9599 15.1715 1.79626
      vertex 23.7757 16.2226 1.79626
      vertex 24.7243 16.9137 2.59708
    endloop
  endfacet
  facet normal 0.000266338 0.00201835 -0.999998
    outer loop
      vertex 13.8421 6.93096 0.00730991
      vertex 12.6433 11.8439 0.0169067
      vertex 14.0045 6.90953 0.00730991
    endloop
  endfacet
  facet normal -0.000246895 0.00187217 -0.999998
    outer loop
      vertex 13.6796 6.90953 0.00730991
      vertex 12.2263 11.8439 0.0169067
      vertex 13.8421 6.93096 0.00730991
    endloop
  endfacet
  facet normal -0.00010853 0.00191767 -0.999998
    outer loop
      vertex 13.8421 6.93096 0.00730991
      vertex 12.2263 11.8439 0.0169067
      vertex 12.4348 11.8557 0.0169067
    endloop
  endfacet
  facet normal 0.00116905 0.00163231 -0.999998
    outer loop
      vertex 14.3045 6.743 0.00730991
      vertex 14.1606 6.84606 0.00730991
      vertex 19.8469 7.21499 0.0145597
    endloop
  endfacet
  facet normal 0.00129041 0.000377052 -0.999999
    outer loop
      vertex 20.0644 6.80685 0.0145597
      vertex 14.6111 6.24245 0.00730991
      vertex 20.0219 6.9523 0.0145597
    endloop
  endfacet
  facet normal 0.0139981 0.005335 -0.999888
    outer loop
      vertex 21.5219 5.76377 0.0292177
      vertex 20.0219 6.9523 0.0145597
      vertex 21.49 5.84747 0.0292177
    endloop
  endfacet
  facet normal 0.00133735 -9.83393e-05 -0.999999
    outer loop
      vertex 20.1154 6.08633 0.0145597
      vertex 14.6585 5.59804 0.00730991
      vertex 14.6745 5.81563 0.00730991
    endloop
  endfacet
  facet normal 0.198111 -0.0417962 -0.979288
    outer loop
      vertex 23.0603 -9.57054 0.730579
      vertex 20.8806 -9.02687 0.266419
      vertex 23.175 -9.02687 0.730579
    endloop
  endfacet
  facet normal 0.781581 -0.164558 -0.601707
    outer loop
      vertex 18.4449 -9.02687 0.0297928
      vertex 18.4211 -9.13991 0.0297928
      vertex 21.5219 5.58969 0.0292177
    endloop
  endfacet
  facet normal 0.197622 0.22264 -0.954661
    outer loop
      vertex 23.5401 14.4805 1.11522
      vertex 21.8707 13.6679 0.580132
      vertex 22.5683 15.3431 1.11522
    endloop
  endfacet
  facet normal 0.0164943 0.00850693 -0.999828
    outer loop
      vertex 19.9701 7.07167 0.0145597
      vertex 18.158 11.6545 0.0236578
      vertex 21.49 5.84747 0.0292177
    endloop
  endfacet
  facet normal 0.0110155 0.221171 -0.975173
    outer loop
      vertex 17.0425 13.9227 0.211556
      vertex 8.51787 15.4456 0.460659
      vertex 17.0425 15.5478 0.580132
    endloop
  endfacet
  facet normal 0.103171 0.172553 -0.979582
    outer loop
      vertex 21.1485 14.3089 0.580132
      vertex 19.0291 13.4837 0.211556
      vertex 20.2686 14.835 0.580132
    endloop
  endfacet
  facet normal 0.309562 -0.065369 -0.94863
    outer loop
      vertex 25.0855 -9.75852 1.40444
      vertex 23.175 -9.02687 0.730579
      vertex 25.24 -9.02687 1.40444
    endloop
  endfacet
  facet normal 0.309582 -0.0653136 -0.948627
    outer loop
      vertex 25.0855 -9.75852 1.40444
      vertex 23.0603 -9.57054 0.730579
      vertex 23.175 -9.02687 0.730579
    endloop
  endfacet
  facet normal 0.371371 -0.00629965 -0.928463
    outer loop
      vertex 25.24 -9.02687 1.40444
      vertex 22.6314 5.67673 0.261275
      vertex 26.5647 11.3179 1.79626
    endloop
  endfacet
  facet normal 0.37001 0.0500077 -0.927681
    outer loop
      vertex 24.8571 11.3179 1.11522
      vertex 24.707 12.4285 1.11522
      vertex 26.3817 12.6711 1.79626
    endloop
  endfacet
  facet normal 0.487432 0.202984 -0.849239
    outer loop
      vertex 27.6975 12.8618 2.59708
      vertex 25.8398 13.9723 1.79626
      vertex 27.0793 14.3463 2.59708
    endloop
  endfacet
  facet normal 0.653721 0.272233 -0.706072
    outer loop
      vertex 27.6975 12.8618 2.59708
      vertex 27.0793 14.3463 2.59708
      vertex 28.6039 12.9931 3.4869
    endloop
  endfacet
  facet normal 0.246919 0.102823 -0.963566
    outer loop
      vertex 24.707 12.4285 1.11522
      vertex 22.7377 12.1432 0.580132
      vertex 24.2623 13.4964 1.11522
    endloop
  endfacet
  facet normal 0.323719 0.237567 -0.915843
    outer loop
      vertex 24.2623 13.4964 1.11522
      vertex 23.5401 14.4805 1.11522
      vertex 25.8398 13.9723 1.79626
    endloop
  endfacet
  facet normal -6.16741e-06 -3.13073e-05 -1
    outer loop
      vertex -4.45771 -0.630693 0.00758934
      vertex -4.66975 -0.588922 0.00758934
      vertex 13.6796 4.72172 0.00730991
    endloop
  endfacet
  facet normal 0.00127059 0.00268714 -0.999996
    outer loop
      vertex 13.1905 11.6754 0.0169067
      vertex 13.0285 11.752 0.0169067
      vertex 17.7133 12.0492 0.0236578
    endloop
  endfacet
  facet normal -0.0627298 0.0391457 -0.997263
    outer loop
      vertex -24.5164 4.9265 0.0199566
      vertex -26.7063 5.45536 0.178465
      vertex -20.6749 11.3447 0.0302534
    endloop
  endfacet
  facet normal -0.00108274 0.0022626 -0.999997
    outer loop
      vertex -24.0714 5.24268 0.0199566
      vertex -24.2545 5.15506 0.0199566
      vertex -20.4985 11.5033 0.0302534
    endloop
  endfacet
  facet normal 9.30752e-05 -0.000364743 -1
    outer loop
      vertex 10.9922 -9.42101 0.012188
      vertex -3.80463 -0.588922 0.00758934
      vertex 14.0045 4.72172 0.00730991
    endloop
  endfacet
  facet normal -0.000618071 0.000104331 -1
    outer loop
      vertex -5.34581 0.23247 0.00758934
      vertex -24.6084 4.65689 0.0199566
      vertex -24.5852 4.79433 0.0199566
    endloop
  endfacet
  facet normal -0.000578716 0.000270312 -1
    outer loop
      vertex -5.34581 0.23247 0.00758934
      vertex -24.5852 4.79433 0.0199566
      vertex -5.28149 0.370174 0.00758934
    endloop
  endfacet
  facet normal -0.0641369 0.0333613 -0.997383
    outer loop
      vertex -24.5852 4.79433 0.0199566
      vertex -26.9099 5.06394 0.178465
      vertex -26.7063 5.45536 0.178465
    endloop
  endfacet
  facet normal -0.379555 0.150768 0.912802
    outer loop
      vertex -21.6292 12.0311 12.2951
      vertex -22.7062 12.1738 11.8237
      vertex -21.778 11.6565 12.2951
    endloop
  endfacet
  facet normal -0.211486 0.0477196 0.976215
    outer loop
      vertex -21.778 11.6565 12.2951
      vertex -21.8697 11.2501 12.2951
      vertex -20.7927 11.1073 12.5354
    endloop
  endfacet
  facet normal -0.105095 0.145922 0.983698
    outer loop
      vertex -20.4985 11.5033 12.5354
      vertex -21.185 12.6288 12.2951
      vertex -20.5925 11.4356 12.5354
    endloop
  endfacet
  facet normal -0.379544 0.150831 0.912796
    outer loop
      vertex -22.4645 12.782 11.8237
      vertex -22.7062 12.1738 11.8237
      vertex -21.6292 12.0311 12.2951
    endloop
  endfacet
  facet normal 0.004639 -0.0334993 0.999428
    outer loop
      vertex -9.34805 3.50795 12.9945
      vertex -7.10576 1.97172 12.9326
      vertex -7.10079 2.02611 12.9344
    endloop
  endfacet
  facet normal 0.00463194 -0.0329817 0.999445
    outer loop
      vertex -9.50795 3.54913 12.9966
      vertex -9.34805 3.50795 12.9945
      vertex -9.44472 3.55801 12.9966
    endloop
  endfacet
  facet normal 0.00441371 -0.0338277 0.999418
    outer loop
      vertex -9.34805 3.50795 12.9945
      vertex -9.50795 3.54913 12.9966
      vertex -7.10576 1.97172 12.9326
    endloop
  endfacet
  facet normal 0.00440913 -0.0338443 0.999417
    outer loop
      vertex -5.4434 0.933238 12.8901
      vertex -5.46963 0.897338 12.889
      vertex 13.9684 -11.8668 12.371
    endloop
  endfacet
  facet normal -0.0647037 0.158648 0.985213
    outer loop
      vertex -20.3965 11.5449 12.5354
      vertex -20.6046 12.9523 12.2951
      vertex -20.4985 11.5033 12.5354
    endloop
  endfacet
  facet normal 0.0282518 0.0172543 0.999452
    outer loop
      vertex 10.7989 5.39614 12.4163
      vertex 10.7868 5.36382 12.4172
      vertex 21.49 5.84747 12.1063
    endloop
  endfacet
  facet normal 0.0283207 0.0160773 0.99947
    outer loop
      vertex -3.60962 4.78788 12.834
      vertex -7.04359 4.55811 12.935
      vertex -3.60962 4.71328 12.8352
    endloop
  endfacet
  facet normal 0.0282874 0.0165713 0.999462
    outer loop
      vertex -3.60962 4.78788 12.834
      vertex -7.17003 4.6111 12.9377
      vertex -7.04359 4.55811 12.935
    endloop
  endfacet
  facet normal 0.0282497 0.0173243 0.999451
    outer loop
      vertex -7.17003 4.6111 12.9377
      vertex -3.60962 4.78788 12.834
      vertex -7.22724 4.63516 12.9389
    endloop
  endfacet
  facet normal 0.0282445 0.0174235 0.999449
    outer loop
      vertex 1.37061 4.99812 12.6896
      vertex 4.71483 5.08944 12.5935
      vertex 4.6952 5.13847 12.5932
    endloop
  endfacet
  facet normal 0.0282452 0.0173985 0.99945
    outer loop
      vertex 4.71483 5.08944 12.5935
      vertex 1.37061 4.99812 12.6896
      vertex 1.31349 4.93575 12.6923
    endloop
  endfacet
  facet normal 0.028279 0.0164995 0.999464
    outer loop
      vertex 6.77107 5.22611 12.5331
      vertex 8.63477 5.26658 12.4797
      vertex 8.64751 5.30532 12.4787
    endloop
  endfacet
  facet normal 0.0282802 0.0164448 0.999465
    outer loop
      vertex 8.63477 5.26658 12.4797
      vertex 6.77107 5.22611 12.5331
      vertex 6.78553 5.18301 12.5334
    endloop
  endfacet
  facet normal 0.0283347 0.0157377 0.999475
    outer loop
      vertex -1.58373 4.8734 12.7753
      vertex -1.10292 4.83334 12.7623
      vertex -1.05296 4.89581 12.7599
    endloop
  endfacet
  facet normal 0.0287478 0.0207288 0.999372
    outer loop
      vertex -1.58373 4.8734 12.7753
      vertex -1.10828 4.82631 12.7626
      vertex -1.10292 4.83334 12.7623
    endloop
  endfacet
  facet normal 0.0283213 0.0163974 0.999464
    outer loop
      vertex -1.58907 4.80948 12.7765
      vertex -1.10828 4.82631 12.7626
      vertex -1.58373 4.8734 12.7753
    endloop
  endfacet
  facet normal 0.0282667 0.0179373 0.999439
    outer loop
      vertex -1.10828 4.82631 12.7626
      vertex -1.58907 4.80948 12.7765
      vertex -1.58949 4.80457 12.7766
    endloop
  endfacet
  facet normal 0.130702 0.199954 0.971049
    outer loop
      vertex 21.8941 6.7754 11.8743
      vertex 21.3686 5.99222 12.1063
      vertex 22.1455 6.61107 11.8743
    endloop
  endfacet
  facet normal 0.0969129 0.227619 0.968916
    outer loop
      vertex 21.6073 6.89751 11.8743
      vertex 21.1869 6.08894 12.1063
      vertex 21.8941 6.7754 11.8743
    endloop
  endfacet
  facet normal 0.077255 0.319747 0.944348
    outer loop
      vertex 21.6073 6.89751 11.8743
      vertex 19.2647 15.2258 9.24607
      vertex 21.2961 6.9727 11.8743
    endloop
  endfacet
  facet normal -0.188796 -0.343063 0.920144
    outer loop
      vertex -8.15081 -11.0178 12.0854
      vertex -8.60067 -12.0126 11.6222
      vertex -7.80138 -11.2101 12.0854
    endloop
  endfacet
  facet normal 0.293909 -0.191029 0.93655
    outer loop
      vertex 25.0855 -9.75852 10.97
      vertex 22.7205 -10.0933 11.6439
      vertex 24.6282 -10.4621 10.97
    endloop
  endfacet
  facet normal 0.151798 -0.173855 0.973001
    outer loop
      vertex 20.2609 -9.98027 12.108
      vertex 16.5581 -15.6719 11.6687
      vertex 20.6007 -9.68358 12.108
    endloop
  endfacet
  facet normal 0.0285346 0.0110255 0.999532
    outer loop
      vertex 10.7657 5.30757 12.4184
      vertex 10.7519 5.27076 12.4192
      vertex 21.5219 5.76377 12.1063
    endloop
  endfacet
  facet normal 0.0285627 0.0106409 0.999535
    outer loop
      vertex -3.60962 4.69787 12.8354
      vertex -6.83018 4.46591 12.9299
      vertex -3.60962 4.61333 12.8363
    endloop
  endfacet
  facet normal 0.0284929 0.011606 0.999527
    outer loop
      vertex -3.60962 4.69787 12.8354
      vertex -6.91614 4.5047 12.9319
      vertex -6.83018 4.46591 12.9299
    endloop
  endfacet
  facet normal 0.0285879 0.00998807 0.999541
    outer loop
      vertex -6.91614 4.5047 12.9319
      vertex -3.60962 4.69787 12.8354
      vertex -7.03083 4.55276 12.9347
    endloop
  endfacet
  facet normal 0.0285832 0.00964266 0.999545
    outer loop
      vertex 1.2858 4.9055 12.6934
      vertex 4.7522 4.99611 12.5934
      vertex 4.72999 5.05158 12.5935
    endloop
  endfacet
  facet normal 0.0285626 0.0104225 0.999538
    outer loop
      vertex 4.7522 4.99611 12.5934
      vertex 1.2858 4.9055 12.6934
      vertex 1.22074 4.83445 12.696
    endloop
  endfacet
  facet normal 0.0285045 0.0110339 0.999533
    outer loop
      vertex 6.80017 5.13938 12.5334
      vertex 8.60379 5.17242 12.4816
      vertex 8.61829 5.21649 12.4807
    endloop
  endfacet
  facet normal 0.0284938 0.0116078 0.999527
    outer loop
      vertex 8.60379 5.17242 12.4816
      vertex 6.80017 5.13938 12.5334
      vertex 6.81653 5.09061 12.5335
    endloop
  endfacet
  facet normal 0.0285739 0.00987667 0.999543
    outer loop
      vertex -1.59131 4.78347 12.7769
      vertex -1.18606 4.72428 12.7659
      vertex -1.12589 4.80321 12.7634
    endloop
  endfacet
  facet normal 0.0286404 0.0103331 0.999536
    outer loop
      vertex -1.18606 4.72428 12.7659
      vertex -1.59131 4.78347 12.7769
      vertex -1.59805 4.70542 12.7779
    endloop
  endfacet
  facet normal -0.19522 0.0775461 0.977689
    outer loop
      vertex -21.6292 12.0311 12.2951
      vertex -21.778 11.6565 12.2951
      vertex -20.7927 11.1073 12.5354
    endloop
  endfacet
  facet normal -0.195277 0.0774931 0.977682
    outer loop
      vertex -20.7425 11.2338 12.5354
      vertex -21.6292 12.0311 12.2951
      vertex -20.7927 11.1073 12.5354
    endloop
  endfacet
  facet normal 0.494893 -0.459217 0.737699
    outer loop
      vertex 26.2506 -10.7757 10.1124
      vertex 20.4167 -18.6518 9.12327
      vertex 27.5253 -11.0221 9.10387
    endloop
  endfacet
  facet normal 0.658071 -0.664949 0.353249
    outer loop
      vertex 20.9825 -19.3341 8.0003
      vertex 19.4357 -20.8649 8.0003
      vertex 21.271 -19.6819 6.80816
    endloop
  endfacet
  facet normal 0.790078 -0.513619 0.334623
    outer loop
      vertex 29.5684 -10.1746 6.79368
      vertex 28.4033 -11.1918 7.98328
      vertex 28.8509 -11.2783 6.79368
    endloop
  endfacet
  facet normal 0.838411 -0.545039 0
    outer loop
      vertex 28.8509 -11.2783 6.79368
      vertex 29.5684 -10.1746 5.58077
      vertex 29.5684 -10.1746 6.79368
    endloop
  endfacet
  facet normal 0.838411 -0.545039 0
    outer loop
      vertex 29.5684 -10.1746 5.58077
      vertex 28.8509 -11.2783 6.79368
      vertex 28.8509 -11.2783 5.58077
    endloop
  endfacet
  facet normal 0.703408 -0.710787 0
    outer loop
      vertex 19.6623 -21.2739 5.59267
      vertex 21.271 -19.6819 6.80816
      vertex 19.6623 -21.2739 6.80816
    endloop
  endfacet
  facet normal 0.703408 -0.710787 0
    outer loop
      vertex 21.271 -19.6819 6.80816
      vertex 19.6623 -21.2739 5.59267
      vertex 21.271 -19.6819 5.59267
    endloop
  endfacet
  facet normal 0.419922 -0.651535 -0.631797
    outer loop
      vertex 19.4357 -20.8649 4.40053
      vertex 17.6708 -22.0024 4.40053
      vertex 18.9911 -20.0625 3.27756
    endloop
  endfacet
  facet normal 0.4965 0.559345 -0.663793
    outer loop
      vertex 26.0754 15.7145 2.59708
      vertex 25.3778 17.3897 3.4869
      vertex 26.8437 16.0885 3.4869
    endloop
  endfacet
  facet normal 0.610684 0.687981 -0.392106
    outer loop
      vertex 26.8437 16.0885 3.4869
      vertex 25.3778 17.3897 3.4869
      vertex 27.2355 16.2791 4.43153
    endloop
  endfacet
  facet normal 0.513129 0.858311 -0
    outer loop
      vertex 25.7109 17.6323 4.43153
      vertex 23.8532 18.7429 5.39467
      vertex 25.7109 17.6323 5.39467
    endloop
  endfacet
  facet normal 0.513129 0.858311 0
    outer loop
      vertex 23.8532 18.7429 5.39467
      vertex 25.7109 17.6323 4.43153
      vertex 23.8532 18.7429 4.43153
    endloop
  endfacet
  facet normal 0.610676 0.688026 0.392039
    outer loop
      vertex 25.7109 17.6323 5.39467
      vertex 25.3778 17.3897 6.3393
      vertex 27.2355 16.2791 5.39467
    endloop
  endfacet
  facet normal 0.734185 0.538726 0.413215
    outer loop
      vertex 27.2355 16.2791 5.39467
      vertex 26.8437 16.0885 6.3393
      vertex 28.3683 14.7353 5.39467
    endloop
  endfacet
  facet normal 0.832647 0.346737 0.431824
    outer loop
      vertex 29.0659 13.0601 5.39467
      vertex 28.3683 14.7353 5.39467
      vertex 28.6039 12.9931 6.3393
    endloop
  endfacet
  facet normal 0.476149 0.796539 0.37257
    outer loop
      vertex 23.8532 18.7429 5.39467
      vertex 23.5915 18.4575 6.3393
      vertex 25.3778 17.3897 6.3393
    endloop
  endfacet
  facet normal 0.362824 0.931858 -0
    outer loop
      vertex 23.8532 18.7429 4.43153
      vertex 21.7338 19.5681 5.39467
      vertex 23.8532 18.7429 5.39467
    endloop
  endfacet
  facet normal 0.362824 0.931858 0
    outer loop
      vertex 21.7338 19.5681 5.39467
      vertex 23.8532 18.7429 4.43153
      vertex 21.7338 19.5681 4.43153
    endloop
  endfacet
  facet normal 0.338927 0.87049 0.356897
    outer loop
      vertex 23.8532 18.7429 5.39467
      vertex 21.5535 19.251 6.3393
      vertex 23.5915 18.4575 6.3393
    endloop
  endfacet
  facet normal 0.832638 0.346743 -0.431837
    outer loop
      vertex 28.6039 12.9931 3.4869
      vertex 27.9331 14.6039 3.4869
      vertex 28.3683 14.7353 4.43153
    endloop
  endfacet
  facet normal 0.832647 0.346737 -0.431824
    outer loop
      vertex 28.6039 12.9931 3.4869
      vertex 28.3683 14.7353 4.43153
      vertex 29.0659 13.0601 4.43153
    endloop
  endfacet
  facet normal 0.88842 0.120142 0.44303
    outer loop
      vertex 29.0659 13.0601 5.39467
      vertex 28.6039 12.9931 6.3393
      vertex 29.3015 11.3179 5.39467
    endloop
  endfacet
  facet normal 0.908936 -0.191808 -0.370196
    outer loop
      vertex 29.5684 -10.1746 5.58077
      vertex 29.0932 -10.1305 4.39117
      vertex 29.8106 -9.02687 5.58077
    endloop
  endfacet
  facet normal 0.752953 -0.158896 -0.638603
    outer loop
      vertex 29.0932 -10.1305 4.39117
      vertex 28.3757 -9.02687 3.27059
      vertex 29.3261 -9.02687 4.39117
    endloop
  endfacet
  facet normal 0.88842 0.120142 -0.44303
    outer loop
      vertex 29.3015 11.3179 4.43153
      vertex 28.6039 12.9931 3.4869
      vertex 29.0659 13.0601 4.43153
    endloop
  endfacet
  facet normal 0.589039 0.0606812 0.805823
    outer loop
      vertex 28.3757 -9.02687 9.10387
      vertex 24.5978 5.67673 10.7582
      vertex 26.996 -9.02687 10.1124
    endloop
  endfacet
  facet normal 0.674132 -0.438221 0.594566
    outer loop
      vertex 29.0932 -10.1305 7.98328
      vertex 28.1611 -10.044 9.10387
      vertex 28.4033 -11.1918 7.98328
    endloop
  endfacet
  facet normal 0.576943 -0.535971 0.616337
    outer loop
      vertex 27.5253 -11.0221 9.10387
      vertex 20.4167 -18.6518 9.12327
      vertex 20.9825 -19.3341 8.0003
    endloop
  endfacet
  facet normal 0.611325 -0.555978 0.563179
    outer loop
      vertex 27.5253 -11.0221 9.10387
      vertex 20.9825 -19.3341 8.0003
      vertex 28.4033 -11.1918 7.98328
    endloop
  endfacet
  facet normal 0.402126 0.049663 0.914236
    outer loop
      vertex 23.6146 6.09535 11.4191
      vertex 22.6314 5.67673 11.8743
      vertex 23.6663 5.67673 11.4191
    endloop
  endfacet
  facet normal 0.436972 -0.0922438 0.894733
    outer loop
      vertex 26.996 -9.02687 10.1124
      vertex 25.24 -9.02687 10.97
      vertex 26.8078 -9.9184 10.1124
    endloop
  endfacet
  facet normal 0.610684 0.687981 0.392106
    outer loop
      vertex 27.2355 16.2791 5.39467
      vertex 25.3778 17.3897 6.3393
      vertex 26.8437 16.0885 6.3393
    endloop
  endfacet
  facet normal 0.352816 0.236808 0.905231
    outer loop
      vertex 23.2123 6.86886 11.4191
      vertex 22.3518 6.41084 11.8743
      vertex 23.4613 6.49788 11.4191
    endloop
  endfacet
  facet normal 0.380999 0.279554 0.8813
    outer loop
      vertex 24.9599 15.1715 8.02994
      vertex 23.2123 6.86886 11.4191
      vertex 25.8398 13.9723 8.02994
    endloop
  endfacet
  facet normal 0.442278 0.324516 0.836109
    outer loop
      vertex 26.0754 15.7145 7.22912
      vertex 25.8398 13.9723 8.02994
      vertex 27.0793 14.3463 7.22912
    endloop
  endfacet
  facet normal 0.280739 0.316288 0.906172
    outer loop
      vertex 23.7757 16.2226 8.02994
      vertex 22.5683 15.3431 8.71098
      vertex 24.9599 15.1715 8.02994
    endloop
  endfacet
  facet normal 0.305626 0.511266 0.803243
    outer loop
      vertex 24.7243 16.9137 7.22912
      vertex 22.3327 17.0852 8.02994
      vertex 23.7757 16.2226 8.02994
    endloop
  endfacet
  facet normal -0.0647704 0.158643 0.985209
    outer loop
      vertex -20.6046 12.9523 12.2951
      vertex -20.9066 12.829 12.2951
      vertex -20.4985 11.5033 12.5354
    endloop
  endfacet
  facet normal -0.0792607 -0.063154 0.994851
    outer loop
      vertex -9.076 -0.108199 12.8111
      vertex -7.23963 -10.1239 12.3216
      vertex -7.16768 -10.2142 12.3216
    endloop
  endfacet
  facet normal -0.0758213 -0.0625384 0.995158
    outer loop
      vertex -7.23963 -10.1239 12.3216
      vertex -9.076 -0.108199 12.8111
      vertex -9.09141 -0.10702 12.81
    endloop
  endfacet
  facet normal -0.0807875 -0.0634313 0.994711
    outer loop
      vertex -9.3862 1.53449 12.8907
      vertex -9.79909 3.72105 12.9966
      vertex -9.39526 1.53662 12.8901
    endloop
  endfacet
  facet normal 0.0495798 0.374122 0.926053
    outer loop
      vertex 18.5671 16.901 8.71098
      vertex -20.2904 14.3457 11.8237
      vertex -19.7803 14.2781 11.8237
    endloop
  endfacet
  facet normal 0.0371255 0.489879 0.871
    outer loop
      vertex -20.2904 15.5622 11.1395
      vertex -20.2904 14.3457 11.8237
      vertex 18.9002 18.1209 8.02994
    endloop
  endfacet
  facet normal -0.377856 0.925864 0
    outer loop
      vertex -21.3674 18.1122 5.66698
      vertex -22.4029 17.6896 6.89863
      vertex -21.3674 18.1122 6.89863
    endloop
  endfacet
  facet normal -0.377856 0.925864 0
    outer loop
      vertex -22.4029 17.6896 6.89863
      vertex -21.3674 18.1122 5.66698
      vertex -22.4029 17.6896 5.66698
    endloop
  endfacet
  facet normal -0.368444 0.9028 -0.221814
    outer loop
      vertex -21.326 17.8323 4.459
      vertex -22.4029 17.6896 5.66698
      vertex -21.3674 18.1122 5.66698
    endloop
  endfacet
  facet normal -0.532343 0.740099 -0.410931
    outer loop
      vertex -23.0082 16.3003 3.32111
      vertex -23.2394 16.7658 4.459
      vertex -22.1625 16.9086 3.32111
    endloop
  endfacet
  facet normal -0.472263 0.656572 -0.588117
    outer loop
      vertex -21.9313 16.1576 2.29704
      vertex -23.0082 16.3003 3.32111
      vertex -22.1625 16.9086 3.32111
    endloop
  endfacet
  facet normal -0.570646 0.793457 -0.211635
    outer loop
      vertex -22.3217 17.4258 4.459
      vertex -23.2394 16.7658 4.459
      vertex -22.4029 17.6896 5.66698
    endloop
  endfacet
  facet normal -0.368546 0.902734 -0.221914
    outer loop
      vertex -22.3217 17.4258 4.459
      vertex -22.4029 17.6896 5.66698
      vertex -21.326 17.8323 4.459
    endloop
  endfacet
  facet normal -0.131624 -0.469724 -0.872946
    outer loop
      vertex -18.7909 -17.6933 1.56536
      vertex -19.5112 -18.7884 2.26323
      vertex -19.4222 -17.5164 1.56536
    endloop
  endfacet
  facet normal -0.180634 -0.644749 -0.742745
    outer loop
      vertex -18.7909 -19.8835 3.03867
      vertex -19.5112 -18.7884 2.26323
      vertex -18.7909 -18.9902 2.26323
    endloop
  endfacet
  facet normal -0.0480805 -0.349114 -0.935846
    outer loop
      vertex -10.3794 -18.9754 1.61149
      vertex -18.7909 -17.6933 1.56536
      vertex -10.0475 -17.3833 1.00051
    endloop
  endfacet
  facet normal -0.0344406 -0.233466 -0.971755
    outer loop
      vertex -9.65726 -15.5112 0.520458
      vertex -18.7909 -16.0427 0.971863
      vertex -18.7909 -14.1018 0.505558
    endloop
  endfacet
  facet normal -0.140688 -0.866325 0.479257
    outer loop
      vertex -18.7909 -19.8835 5.5244
      vertex -18.7909 -20.3389 4.7012
      vertex -10.8198 -21.0879 5.68722
    endloop
  endfacet
  facet normal -0.139851 -0.872833 0.467552
    outer loop
      vertex -10.8198 -21.0879 5.68722
      vertex -18.7909 -20.3389 4.7012
      vertex -10.9113 -21.5272 4.83976
    endloop
  endfacet
  facet normal -0.419074 -0.275661 -0.865095
    outer loop
      vertex -20.0293 -16.9926 1.56536
      vertex -20.2664 -14.7696 0.971863
      vertex -19.8072 -15.4677 0.971863
    endloop
  endfacet
  facet normal -0.271336 -0.314518 -0.909646
    outer loop
      vertex -19.309 -15.8975 0.971863
      vertex -20.0293 -16.9926 1.56536
      vertex -19.8072 -15.4677 0.971863
    endloop
  endfacet
  facet normal -0.0200043 -0.0713236 -0.997253
    outer loop
      vertex -18.7909 -11.9452 0.184361
      vertex -19.028 -11.8787 0.184361
      vertex -18.7909 -9.65571 0.0206165
    endloop
  endfacet
  facet normal -0.0338688 -0.241615 -0.969781
    outer loop
      vertex -10.0475 -17.3833 1.00051
      vertex -18.7909 -16.0427 0.971863
      vertex -9.65726 -15.5112 0.520458
    endloop
  endfacet
  facet normal -0.121401 -0.140719 -0.982578
    outer loop
      vertex -19.028 -11.8787 0.184361
      vertex -19.5461 -13.6745 0.505558
      vertex -19.256 -11.682 0.184361
    endloop
  endfacet
  facet normal -0.195105 -0.128339 -0.972349
    outer loop
      vertex -19.256 -11.682 0.184361
      vertex -19.5461 -13.6745 0.505558
      vertex -19.4661 -11.3626 0.184361
    endloop
  endfacet
  facet normal -2.93259e-05 -0.000458486 -1
    outer loop
      vertex -4.23719 -0.644798 0.00758934
      vertex -9.94439 -10.4948 0.0122728
      vertex -4.45771 -0.630693 0.00758934
    endloop
  endfacet
  facet normal -0.0412802 -0.147181 -0.988248
    outer loop
      vertex -18.7909 -11.9452 0.184361
      vertex -19.1759 -13.9939 0.505558
      vertex -19.028 -11.8787 0.184361
    endloop
  endfacet
  facet normal -0.000348693 -0.00028701 -1
    outer loop
      vertex -5.17703 -0.31856 0.00758934
      vertex -10.3799 -10.3156 0.0122728
      vertex -5.28149 -0.19165 0.00758934
    endloop
  endfacet
  facet normal -0.00102745 -0.000621589 -0.999999
    outer loop
      vertex -10.3799 -10.3156 0.0122728
      vertex -19.0189 -9.45901 0.0206165
      vertex -10.4139 -10.2594 0.0122728
    endloop
  endfacet
  facet normal -0.00172311 -0.0754185 -0.99715
    outer loop
      vertex 13.7644 -11.891 0.0298567
      vertex -8.52862 -13.4963 0.189795
      vertex -5.7506 -11.2156 0.012496
    endloop
  endfacet
  facet normal -0.00235098 -0.0746581 -0.997206
    outer loop
      vertex -5.7506 -11.2156 0.012496
      vertex -8.52862 -13.4963 0.189795
      vertex -8.52862 -11.2447 0.021224
    endloop
  endfacet
  facet normal 0.011322 -0.0954414 -0.995371
    outer loop
      vertex 14.3685 -14.2924 0.266987
      vertex 13.7644 -11.891 0.0298567
      vertex 13.9684 -11.8668 0.0298567
    endloop
  endfacet
  facet normal 0.00432012 -0.195803 -0.980634
    outer loop
      vertex 13.7644 -16.6938 0.732137
      vertex 10.883 -15.9682 0.574563
      vertex 13.7644 -14.3642 0.266987
    endloop
  endfacet
  facet normal -0.0144661 -0.154028 -0.987961
    outer loop
      vertex -8.52862 -15.6172 0.520458
      vertex -9.65726 -15.5112 0.520458
      vertex -9.22363 -13.431 0.189795
    endloop
  endfacet
  facet normal -0.0229006 -0.243835 -0.969546
    outer loop
      vertex -8.52862 -17.526 1.00051
      vertex -9.65726 -15.5112 0.520458
      vertex -8.52862 -15.6172 0.520458
    endloop
  endfacet
  facet normal -0.0412504 -0.147186 -0.988248
    outer loop
      vertex -18.7909 -14.1018 0.505558
      vertex -19.1759 -13.9939 0.505558
      vertex -18.7909 -11.9452 0.184361
    endloop
  endfacet
  facet normal -0.0110867 -0.0713335 -0.997391
    outer loop
      vertex -8.76329 -11.2227 0.021224
      vertex -18.7909 -11.9452 0.184361
      vertex -18.7909 -9.65571 0.0206165
    endloop
  endfacet
  facet normal -0.3182 0.0537255 -0.9465
    outer loop
      vertex -31.2208 4.65689 0.940781
      vertex -32.9297 4.65689 1.51529
      vertex -31.0706 5.54648 0.940781
    endloop
  endfacet
  facet normal -0.219029 0.0369812 -0.975017
    outer loop
      vertex -29.2114 4.65689 0.489388
      vertex -31.2208 4.65689 0.940781
      vertex -31.0706 5.54648 0.940781
    endloop
  endfacet
  facet normal -0.066722 0.0112627 -0.997708
    outer loop
      vertex -24.6084 4.65689 0.0199566
      vertex -26.9099 5.06394 0.178465
      vertex -24.5852 4.79433 0.0199566
    endloop
  endfacet
  facet normal -0.0667194 0.011277 -0.997708
    outer loop
      vertex -24.6084 4.65689 0.0199566
      vertex -26.9787 4.65689 0.178465
      vertex -26.9099 5.06394 0.178465
    endloop
  endfacet
  facet normal -0.000622341 0.00199673 -0.999998
    outer loop
      vertex -23.8625 5.30779 0.0199566
      vertex -24.0714 5.24268 0.0199566
      vertex -20.3965 11.5449 0.0302534
    endloop
  endfacet
  facet normal -0.000874263 0.00214363 -0.999997
    outer loop
      vertex -20.3965 11.5449 0.0302534
      vertex -24.0714 5.24268 0.0199566
      vertex -20.4985 11.5033 0.0302534
    endloop
  endfacet
  facet normal -0.190654 0.466974 -0.863474
    outer loop
      vertex -21.2911 14.0778 0.741865
      vertex -21.6371 15.2018 1.42613
      vertex -20.8005 14.2781 0.741865
    endloop
  endfacet
  facet normal -0.128706 0.315244 -0.940242
    outer loop
      vertex -20.9066 12.829 0.270535
      vertex -21.2911 14.0778 0.741865
      vertex -20.8005 14.2781 0.741865
    endloop
  endfacet
  facet normal 0.0897225 -0.755398 -0.649095
    outer loop
      vertex 15.7559 -22.7028 4.40053
      vertex 13.7644 -21.9744 3.27756
      vertex 15.5998 -21.7564 3.27756
    endloop
  endfacet
  facet normal 0.263124 -0.719384 -0.642847
    outer loop
      vertex 15.7559 -22.7028 4.40053
      vertex 15.5998 -21.7564 3.27756
      vertex 17.3646 -21.1109 3.27756
    endloop
  endfacet
  facet normal -0.00604624 -0.585057 -0.81097
    outer loop
      vertex 13.7644 -21.9744 3.27756
      vertex 10.883 -19.8916 1.79645
      vertex 13.7644 -20.5735 2.26691
    endloop
  endfacet
  facet normal 0.0396269 -0.448568 -0.89287
    outer loop
      vertex 13.7644 -20.5735 2.26691
      vertex 10.883 -19.8916 1.79645
      vertex 10.883 -18.9791 1.33802
    endloop
  endfacet
  facet normal -0.159812 -0.113459 0.980606
    outer loop
      vertex -20.6749 10.3101 12.5354
      vertex -21.429 9.29541 12.2951
      vertex -8.65066 -10.5159 12.0854
    endloop
  endfacet
  facet normal -0.171471 -0.104561 0.979625
    outer loop
      vertex -20.6749 10.3101 12.5354
      vertex -21.6292 9.62372 12.2951
      vertex -21.429 9.29541 12.2951
    endloop
  endfacet
  facet normal -0.239243 -0.193718 0.951439
    outer loop
      vertex -8.43758 -10.7834 12.0854
      vertex -20.012 -9.79379 9.37646
      vertex -19.8026 -10.0524 9.37646
    endloop
  endfacet
  facet normal -0.232582 -0.284546 0.930021
    outer loop
      vertex -8.43758 -10.7834 12.0854
      vertex -20.2814 -11.1313 9.01702
      vertex -8.15081 -11.0178 12.0854
    endloop
  endfacet
  facet normal 0.0486418 0.00597964 0.998798
    outer loop
      vertex 21.5219 5.76377 12.1063
      vertex 18.4449 -9.02687 12.3447
      vertex 21.5326 5.67673 12.1063
    endloop
  endfacet
  facet normal 0.198252 -0.00867776 0.980113
    outer loop
      vertex 21.5326 5.67673 12.1063
      vertex 20.8806 -9.02687 12.108
      vertex 23.175 -9.02687 11.6439
    endloop
  endfacet
  facet normal 0.0384789 0.00810081 0.999227
    outer loop
      vertex 21.5219 5.76377 12.1063
      vertex 18.4211 -8.91382 12.3447
      vertex 18.4449 -9.02687 12.3447
    endloop
  endfacet
  facet normal 0.0285736 0.0101786 0.99954
    outer loop
      vertex 8.41075 -0.972198 12.5497
      vertex 21.5219 5.76377 12.1063
      vertex 10.7519 5.27076 12.4192
    endloop
  endfacet
  facet normal 0.0285622 0.0102009 0.99954
    outer loop
      vertex 21.5219 5.76377 12.1063
      vertex 8.41075 -0.972198 12.5497
      vertex 18.4211 -8.91382 12.3447
    endloop
  endfacet
  facet normal 0.0286265 0.010282 0.999537
    outer loop
      vertex 8.22272 -1.42082 12.5597
      vertex 18.4211 -8.91382 12.3447
      vertex 8.41075 -0.972198 12.5497
    endloop
  endfacet
  facet normal 0.0285987 0.0102441 0.999538
    outer loop
      vertex 8.00301 -1.8222 12.5701
      vertex 18.4211 -8.91382 12.3447
      vertex 8.22272 -1.42082 12.5597
    endloop
  endfacet
  facet normal 0.02857 0.0102019 0.99954
    outer loop
      vertex 7.75163 -2.17636 12.5809
      vertex 18.4211 -8.91382 12.3447
      vertex 8.00301 -1.8222 12.5701
    endloop
  endfacet
  facet normal 0.0285395 0.0101537 0.999541
    outer loop
      vertex 7.46857 -2.48329 12.5921
      vertex 18.4211 -8.91382 12.3447
      vertex 7.75163 -2.17636 12.5809
    endloop
  endfacet
  facet normal 0.0285075 0.010099 0.999543
    outer loop
      vertex 7.15385 -2.743 12.6037
      vertex 18.4211 -8.91382 12.3447
      vertex 7.46857 -2.48329 12.5921
    endloop
  endfacet
  facet normal 0.0285516 0.0101797 0.99954
    outer loop
      vertex 6.81302 -2.95551 12.6156
      vertex 18.4211 -8.91382 12.3447
      vertex 7.15385 -2.743 12.6037
    endloop
  endfacet
  facet normal 0.0286885 0.0104467 0.999534
    outer loop
      vertex 6.45163 -3.12079 12.6277
      vertex 18.4211 -8.91382 12.3447
      vertex 6.81302 -2.95551 12.6156
    endloop
  endfacet
  facet normal 0.0281675 0.00936904 0.999559
    outer loop
      vertex 18.4211 -8.91382 12.3447
      vertex 6.45163 -3.12079 12.6277
      vertex 6.41945 -3.13073 12.6287
    endloop
  endfacet
  facet normal 0.0285868 0.0101964 0.999539
    outer loop
      vertex -5.10005 2.75336 12.8979
      vertex -3.60962 1.70187 12.866
      vertex -3.60962 4.61333 12.8363
    endloop
  endfacet
  facet normal 0.0286631 0.0103099 0.999536
    outer loop
      vertex -3.60962 1.70187 12.866
      vertex -5.06921 2.51195 12.8995
      vertex -5.06494 2.40313 12.9005
    endloop
  endfacet
  facet normal 0.028649 0.0102846 0.999537
    outer loop
      vertex -3.60962 1.70187 12.866
      vertex -5.10005 2.75336 12.8979
      vertex -5.06921 2.51195 12.8995
    endloop
  endfacet
  facet normal 0.0285127 0.0102558 0.999541
    outer loop
      vertex -3.60962 4.61333 12.8363
      vertex -5.15144 2.9742 12.8971
      vertex -5.10005 2.75336 12.8979
    endloop
  endfacet
  facet normal 0.028521 0.010248 0.999541
    outer loop
      vertex -3.60962 4.61333 12.8363
      vertex -5.2234 3.17447 12.8971
      vertex -5.15144 2.9742 12.8971
    endloop
  endfacet
  facet normal 0.028529 0.010239 0.999541
    outer loop
      vertex -3.60962 4.61333 12.8363
      vertex -5.31593 3.35419 12.8979
      vertex -5.2234 3.17447 12.8971
    endloop
  endfacet
  facet normal 0.0285285 0.0102397 0.999541
    outer loop
      vertex -3.60962 4.61333 12.8363
      vertex -5.42731 3.51808 12.8994
      vertex -5.31593 3.35419 12.8979
    endloop
  endfacet
  facet normal 0.0287773 0.00982658 0.999538
    outer loop
      vertex -3.60962 4.61333 12.8363
      vertex -5.55589 3.67085 12.9016
      vertex -5.42731 3.51808 12.8994
    endloop
  endfacet
  facet normal 0.0285362 0.0103246 0.999539
    outer loop
      vertex -3.60962 4.61333 12.8363
      vertex -5.70172 3.81252 12.9043
      vertex -5.55589 3.67085 12.9016
    endloop
  endfacet
  facet normal 0.0285235 0.0103578 0.999539
    outer loop
      vertex -3.60962 4.61333 12.8363
      vertex -5.86476 3.94305 12.9076
      vertex -5.70172 3.81252 12.9043
    endloop
  endfacet
  facet normal 0.0285124 0.0103953 0.999539
    outer loop
      vertex -3.60962 4.61333 12.8363
      vertex -6.04503 4.0625 12.9115
      vertex -5.86476 3.94305 12.9076
    endloop
  endfacet
  facet normal 0.0286299 0.00987601 0.999541
    outer loop
      vertex -3.60962 4.61333 12.8363
      vertex -6.24113 4.17554 12.916
      vertex -6.04503 4.0625 12.9115
    endloop
  endfacet
  facet normal 0.0285952 0.0100841 0.99954
    outer loop
      vertex -3.60962 4.61333 12.8363
      vertex -6.45169 4.28693 12.9209
      vertex -6.24113 4.17554 12.916
    endloop
  endfacet
  facet normal 0.02857 0.0103036 0.999539
    outer loop
      vertex -3.60962 4.61333 12.8363
      vertex -6.67668 4.39664 12.9262
      vertex -6.45169 4.28693 12.9209
    endloop
  endfacet
  facet normal 0.0285935 0.00997246 0.999541
    outer loop
      vertex -6.67668 4.39664 12.9262
      vertex -3.60962 4.61333 12.8363
      vertex -6.83018 4.46591 12.9299
    endloop
  endfacet
  facet normal 0.0285536 0.0102068 0.99954
    outer loop
      vertex 3.91817 0 12.6682
      vertex 6.60526 -0.319397 12.5947
      vertex 6.73026 0.0555878 12.5873
    endloop
  endfacet
  facet normal 0.0285545 0.0102141 0.99954
    outer loop
      vertex 6.60526 -0.319397 12.5947
      vertex 3.91817 0 12.6682
      vertex 6.52495 -0.535248 12.5992
    endloop
  endfacet
  facet normal 0.0285276 0.0100828 0.999542
    outer loop
      vertex 6.52495 -0.535248 12.5992
      vertex 3.91817 0 12.6682
      vertex 6.42854 -0.738312 12.604
    endloop
  endfacet
  facet normal 0.0286185 0.0103924 0.999536
    outer loop
      vertex 6.42854 -0.738312 12.604
      vertex 3.91817 0 12.6682
      vertex 6.31602 -0.928589 12.6092
    endloop
  endfacet
  facet normal 0.0285704 0.0102679 0.999539
    outer loop
      vertex 6.31602 -0.928589 12.6092
      vertex 3.91817 0 12.6682
      vertex 6.18739 -1.10608 12.6147
    endloop
  endfacet
  facet normal 0.0285098 0.0101435 0.999542
    outer loop
      vertex 6.18739 -1.10608 12.6147
      vertex 3.91817 0 12.6682
      vertex 6.04265 -1.2708 12.6205
    endloop
  endfacet
  facet normal 0.0284793 0.0100925 0.999543
    outer loop
      vertex 6.04265 -1.2708 12.6205
      vertex 3.91817 0 12.6682
      vertex 5.87906 -1.41331 12.6266
    endloop
  endfacet
  facet normal 0.0284856 0.0101013 0.999543
    outer loop
      vertex 5.87906 -1.41331 12.6266
      vertex 3.91817 0 12.6682
      vertex 5.6938 -1.52417 12.633
    endloop
  endfacet
  facet normal 0.028829 0.0105015 0.999529
    outer loop
      vertex 5.6938 -1.52417 12.633
      vertex 3.91817 0 12.6682
      vertex 5.48688 -1.60335 12.6398
    endloop
  endfacet
  facet normal 0.0284951 0.0101746 0.999542
    outer loop
      vertex 5.48688 -1.60335 12.6398
      vertex 3.91817 0 12.6682
      vertex 5.2583 -1.65086 12.6468
    endloop
  endfacet
  facet normal 0.028514 0.01019 0.999541
    outer loop
      vertex 5.2583 -1.65086 12.6468
      vertex 3.91817 0 12.6682
      vertex 5.00806 -1.66669 12.6541
    endloop
  endfacet
  facet normal 0.0278766 0.00977304 0.999564
    outer loop
      vertex 5.00806 -1.66669 12.6541
      vertex 3.91817 0 12.6682
      vertex 4.91444 -1.66557 12.6567
    endloop
  endfacet
  facet normal 0.0285538 0.0101981 0.99954
    outer loop
      vertex 3.91817 0 12.6682
      vertex 6.73026 0.0555878 12.5873
      vertex 4.7522 4.99611 12.5934
    endloop
  endfacet
  facet normal 0.0286324 0.0102253 0.999538
    outer loop
      vertex 4.91444 -1.66557 12.6567
      vertex 3.91817 0 12.6682
      vertex 4.82249 -1.66225 12.6593
    endloop
  endfacet
  facet normal 0.0294466 0.0106684 0.999509
    outer loop
      vertex 4.82249 -1.66225 12.6593
      vertex 3.91817 0 12.6682
      vertex 4.73222 -1.65668 12.6619
    endloop
  endfacet
  facet normal 0.0279417 0.0099287 0.99956
    outer loop
      vertex 4.73222 -1.65668 12.6619
      vertex 3.91817 0 12.6682
      vertex 4.6436 -1.6489 12.6643
    endloop
  endfacet
  facet normal 0.0287779 0.0102967 0.999533
    outer loop
      vertex 4.6436 -1.6489 12.6643
      vertex 3.91817 0 12.6682
      vertex 4.55666 -1.63889 12.6667
    endloop
  endfacet
  facet normal 0.0288577 0.0103278 0.99953
    outer loop
      vertex 4.55666 -1.63889 12.6667
      vertex 3.91817 0 12.6682
      vertex 4.47302 -1.62778 12.669
    endloop
  endfacet
  facet normal 0.0281293 0.0100795 0.999553
    outer loop
      vertex 4.47302 -1.62778 12.669
      vertex 3.91817 0 12.6682
      vertex 4.39441 -1.61665 12.6711
    endloop
  endfacet
  facet normal 0.0287018 0.0102481 0.999535
    outer loop
      vertex 4.39441 -1.61665 12.6711
      vertex 3.91817 0 12.6682
      vertex 4.32079 -1.60553 12.6731
    endloop
  endfacet
  facet normal 0.0278459 0.0100335 0.999562
    outer loop
      vertex 4.32079 -1.60553 12.6731
      vertex 3.91817 0 12.6682
      vertex 4.25217 -1.59441 12.6749
    endloop
  endfacet
  facet normal 0.0285774 0.0102462 0.999539
    outer loop
      vertex 1.52927 0 12.7365
      vertex 4.18855 -1.5833 12.6767
      vertex 3.91817 0 12.6682
    endloop
  endfacet
  facet normal 0.0301137 0.0105083 0.999491
    outer loop
      vertex 4.25217 -1.59441 12.6749
      vertex 3.91817 0 12.6682
      vertex 4.18855 -1.5833 12.6767
    endloop
  endfacet
  facet normal 0.0285731 0.0101949 0.99954
    outer loop
      vertex 1.22074 4.83445 12.696
      vertex 3.91817 0 12.6682
      vertex 4.7522 4.99611 12.5934
    endloop
  endfacet
  facet normal 0.0285201 0.0101653 0.999542
    outer loop
      vertex 3.91817 0 12.6682
      vertex 1.22074 4.83445 12.696
      vertex 0.72377 4.29169 12.7157
    endloop
  endfacet
  facet normal 0.0285232 0.0101551 0.999542
    outer loop
      vertex 4.18855 -1.5833 12.6767
      vertex 1.52927 0 12.7365
      vertex 4.18855 -2.05575 12.6815
    endloop
  endfacet
  facet normal 0.0285316 0.0101979 0.999541
    outer loop
      vertex -1.54012 0.70466 12.817
      vertex -0.651215 3.0694 12.7675
      vertex -1.54012 2.3611 12.8001
    endloop
  endfacet
  facet normal 0.0285539 0.0101895 0.99954
    outer loop
      vertex -0.651215 3.0694 12.7675
      vertex -1.54012 0.70466 12.817
      vertex 1.52927 0 12.7365
    endloop
  endfacet
  facet normal 0.0285557 0.0101972 0.99954
    outer loop
      vertex 1.52927 0 12.7365
      vertex -1.54012 0.70466 12.817
      vertex 4.18855 -2.05575 12.6815
    endloop
  endfacet
  facet normal 0.0291689 0.0102898 0.999522
    outer loop
      vertex 7.64856 2.14305 12.5398
      vertex 7.70245 2 12.5397
      vertex 7.72052 2.14305 12.5377
    endloop
  endfacet
  facet normal 0.0279623 0.0100968 0.999558
    outer loop
      vertex 7.63412 2.28333 12.5387
      vertex 7.72052 2.14305 12.5377
      vertex 7.74136 2.28333 12.5357
    endloop
  endfacet
  facet normal 0.0284577 0.010378 0.999541
    outer loop
      vertex 7.61746 2.42082 12.5378
      vertex 7.74136 2.28333 12.5357
      vertex 7.76498 2.42082 12.5336
    endloop
  endfacet
  facet normal 0.0285125 0.00999341 0.999543
    outer loop
      vertex 7.59857 2.55554 12.537
      vertex 7.76498 2.42082 12.5336
      vertex 7.79138 2.55554 12.5315
    endloop
  endfacet
  facet normal 0.0283693 0.0103909 0.999544
    outer loop
      vertex 7.57745 2.6875 12.5362
      vertex 7.79138 2.55554 12.5315
      vertex 7.82056 2.6875 12.5293
    endloop
  endfacet
  facet normal 0.0287636 0.0101371 0.999535
    outer loop
      vertex 7.70245 2 12.5397
      vertex 7.64856 2.14305 12.5398
      vertex 7.66075 2 12.5409
    endloop
  endfacet
  facet normal 0.0284228 0.010077 0.999545
    outer loop
      vertex 7.55302 2.81721 12.5356
      vertex 7.82056 2.6875 12.5293
      vertex 7.85194 2.81721 12.5271
    endloop
  endfacet
  facet normal 0.0285305 0.0105888 0.999537
    outer loop
      vertex 7.52414 2.94527 12.5351
      vertex 7.85194 2.81721 12.5271
      vertex 7.88499 2.94527 12.5248
    endloop
  endfacet
  facet normal 0.0286634 0.010313 0.999536
    outer loop
      vertex 7.4908 3.07166 12.5348
      vertex 7.88499 2.94527 12.5248
      vertex 7.91972 3.07166 12.5225
    endloop
  endfacet
  facet normal 0.0286634 0.0100743 0.999538
    outer loop
      vertex 7.4908 3.07166 12.5348
      vertex 7.91972 3.07166 12.5225
      vertex 7.9561 3.19635 12.5202
    endloop
  endfacet
  facet normal 0.0291687 0.0108402 0.999516
    outer loop
      vertex 7.72052 2.14305 12.5377
      vertex 7.63412 2.28333 12.5387
      vertex 7.64856 2.14305 12.5398
    endloop
  endfacet
  facet normal 0.0286094 0.00983399 0.999542
    outer loop
      vertex 7.453 3.19635 12.5346
      vertex 7.9561 3.19635 12.5202
      vertex 7.99416 3.3194 12.5179
    endloop
  endfacet
  facet normal 0.0285593 0.0101848 0.99954
    outer loop
      vertex 6.81653 5.09061 12.5335
      vertex 7.99416 3.3194 12.5179
      vertex 8.60379 5.17242 12.4816
    endloop
  endfacet
  facet normal 0.0279623 0.00993131 0.99956
    outer loop
      vertex 7.74136 2.28333 12.5357
      vertex 7.61746 2.42082 12.5378
      vertex 7.63412 2.28333 12.5387
    endloop
  endfacet
  facet normal 0.0284578 0.0099258 0.999546
    outer loop
      vertex 7.76498 2.42082 12.5336
      vertex 7.59857 2.55554 12.537
      vertex 7.61746 2.42082 12.5378
    endloop
  endfacet
  facet normal 0.0285123 0.010623 0.999537
    outer loop
      vertex 7.79138 2.55554 12.5315
      vertex 7.57745 2.6875 12.5362
      vertex 7.59857 2.55554 12.537
    endloop
  endfacet
  facet normal 0.0283694 0.00996679 0.999548
    outer loop
      vertex 7.82056 2.6875 12.5293
      vertex 7.55302 2.81721 12.5356
      vertex 7.57745 2.6875 12.5362
    endloop
  endfacet
  facet normal 0.0284227 0.0103125 0.999543
    outer loop
      vertex 7.85194 2.81721 12.5271
      vertex 7.52414 2.94527 12.5351
      vertex 7.55302 2.81721 12.5356
    endloop
  endfacet
  facet normal 0.0285307 0.00989854 0.999544
    outer loop
      vertex 7.88499 2.94527 12.5248
      vertex 7.4908 3.07166 12.5348
      vertex 7.52414 2.94527 12.5351
    endloop
  endfacet
  facet normal 0.0286093 0.0102762 0.999538
    outer loop
      vertex 7.9561 3.19635 12.5202
      vertex 7.453 3.19635 12.5346
      vertex 7.4908 3.07166 12.5348
    endloop
  endfacet
  facet normal 0.0286117 0.00982401 0.999542
    outer loop
      vertex 7.99416 3.3194 12.5179
      vertex 7.41075 3.3194 12.5346
      vertex 7.453 3.19635 12.5346
    endloop
  endfacet
  facet normal 0.0286116 0.0102196 0.999538
    outer loop
      vertex 7.99416 3.3194 12.5179
      vertex 6.81653 5.09061 12.5335
      vertex 7.41075 3.3194 12.5346
    endloop
  endfacet
  facet normal 0.0285847 0.0115424 0.999525
    outer loop
      vertex -1.59805 4.70542 12.7779
      vertex -1.19292 4.71529 12.7662
      vertex -1.18606 4.72428 12.7659
    endloop
  endfacet
  facet normal 0.0286271 0.00982077 0.999542
    outer loop
      vertex -1.59805 4.70542 12.7779
      vertex -1.28123 4.59613 12.7699
      vertex -1.19292 4.71529 12.7662
    endloop
  endfacet
  facet normal 0.0285523 0.00960339 0.999546
    outer loop
      vertex -1.60378 4.63919 12.7787
      vertex -1.28123 4.59613 12.7699
      vertex -1.59805 4.70542 12.7779
    endloop
  endfacet
  facet normal 0.0286221 0.0101282 0.999539
    outer loop
      vertex -1.28123 4.59613 12.7699
      vertex -1.60378 4.63919 12.7787
      vertex -1.36847 4.47752 12.7736
    endloop
  endfacet
  facet normal 0.028744 0.0103057 0.999534
    outer loop
      vertex -1.61903 4.46835 12.7809
      vertex -1.36847 4.47752 12.7736
      vertex -1.60378 4.63919 12.7787
    endloop
  endfacet
  facet normal 0.028742 0.0103583 0.999533
    outer loop
      vertex -1.36847 4.47752 12.7736
      vertex -1.61903 4.46835 12.7809
      vertex -1.45459 4.35945 12.7773
    endloop
  endfacet
  facet normal 0.0286298 0.0101887 0.999538
    outer loop
      vertex -1.63484 4.29695 12.7831
      vertex -1.45459 4.35945 12.7773
      vertex -1.61903 4.46835 12.7809
    endloop
  endfacet
  facet normal 0.0287589 0.00981658 0.999538
    outer loop
      vertex -1.45459 4.35945 12.7773
      vertex -1.63484 4.29695 12.7831
      vertex -1.5396 4.24194 12.7809
    endloop
  endfacet
  facet normal 0.0288877 0.0100399 0.999532
    outer loop
      vertex -1.5396 4.24194 12.7809
      vertex -1.63484 4.29695 12.7831
      vertex -1.62352 4.125 12.7845
    endloop
  endfacet
  facet normal 0.0288778 0.0100392 0.999533
    outer loop
      vertex -1.62352 4.125 12.7845
      vertex -1.63484 4.29695 12.7831
      vertex -1.65121 4.125 12.7853
    endloop
  endfacet
  facet normal 0.0274766 0.0346696 0.999021
    outer loop
      vertex 10.8538 5.54252 12.4111
      vertex 10.8463 5.52253 12.412
      vertex 21.3686 5.99222 12.1063
    endloop
  endfacet
  facet normal 0.0273896 0.0363726 0.998963
    outer loop
      vertex -3.60962 4.92394 12.8302
      vertex -7.40051 4.70803 12.942
      vertex -3.60962 4.87725 12.8319
    endloop
  endfacet
  facet normal 0.0274933 0.0345825 0.999024
    outer loop
      vertex -3.60962 4.92394 12.8302
      vertex -7.42365 4.71776 12.9423
      vertex -7.40051 4.70803 12.942
    endloop
  endfacet
  facet normal 0.0274284 0.0357609 0.998984
    outer loop
      vertex -7.42365 4.71776 12.9423
      vertex -3.60962 4.92394 12.8302
      vertex -7.51477 4.75692 12.9434
    endloop
  endfacet
  facet normal 0.0273967 0.0369835 0.99894
    outer loop
      vertex 1.50289 5.14259 12.6821
      vertex 4.65213 5.24603 12.5919
      vertex 4.63983 5.27675 12.5911
    endloop
  endfacet
  facet normal 0.0274915 0.0341827 0.999037
    outer loop
      vertex 4.65213 5.24603 12.5919
      vertex 1.50289 5.14259 12.6821
      vertex 1.46744 5.10388 12.6844
    endloop
  endfacet
  facet normal 0.0273704 0.036688 0.998952
    outer loop
      vertex 6.72417 5.3659 12.5307
      vertex 8.68727 5.42615 12.4747
      vertex 8.69518 5.4502 12.4736
    endloop
  endfacet
  facet normal 0.0273036 0.0387912 0.998874
    outer loop
      vertex 8.68727 5.42615 12.4747
      vertex 6.72417 5.3659 12.5307
      vertex 6.73322 5.33893 12.5315
    endloop
  endfacet
  facet normal 0.027426 0.0369328 0.998941
    outer loop
      vertex -1.57255 5.01106 12.7712
      vertex -0.971781 4.99499 12.7553
      vertex -0.935417 5.03831 12.7527
    endloop
  endfacet
  facet normal 0.0273913 0.0355866 0.998991
    outer loop
      vertex -1.57491 4.97919 12.7724
      vertex -0.971781 4.99499 12.7553
      vertex -1.57255 5.01106 12.7712
    endloop
  endfacet
  facet normal 0.0274474 0.0335214 0.999061
    outer loop
      vertex -0.971781 4.99499 12.7553
      vertex -1.57491 4.97919 12.7724
      vertex -1.57584 4.96803 12.7728
    endloop
  endfacet
  facet normal 0.0277885 0.027815 0.999227
    outer loop
      vertex 10.8287 5.47545 12.4138
      vertex 21.3686 5.99222 12.1063
      vertex 10.8463 5.52253 12.412
    endloop
  endfacet
  facet normal 0.027751 0.0285678 0.999207
    outer loop
      vertex 21.3686 5.99222 12.1063
      vertex 10.8287 5.47545 12.4138
      vertex 21.4382 5.92461 12.1063
    endloop
  endfacet
  facet normal 0.0276626 0.0306018 0.999149
    outer loop
      vertex -3.60962 4.87725 12.8319
      vertex -7.39117 4.7041 12.9419
      vertex -3.60962 4.86419 12.8323
    endloop
  endfacet
  facet normal 0.0272533 0.0393538 0.998854
    outer loop
      vertex -7.39117 4.7041 12.9419
      vertex -3.60962 4.87725 12.8319
      vertex -7.40051 4.70803 12.942
    endloop
  endfacet
  facet normal 0.0276778 0.030091 0.999164
    outer loop
      vertex 1.46744 5.10388 12.6844
      vertex 4.66476 5.21449 12.5925
      vertex 4.65213 5.24603 12.5919
    endloop
  endfacet
  facet normal 0.0277177 0.0289654 0.999196
    outer loop
      vertex 4.66476 5.21449 12.5925
      vertex 1.46744 5.10388 12.6844
      vertex 1.44387 5.07814 12.6858
    endloop
  endfacet
  facet normal 0.0277508 0.0289809 0.999195
    outer loop
      vertex 6.73322 5.33893 12.5315
      vertex 8.67347 5.3842 12.4763
      vertex 8.68727 5.42615 12.4747
    endloop
  endfacet
  facet normal 0.0277612 0.0285517 0.999207
    outer loop
      vertex 8.67347 5.3842 12.4763
      vertex 6.73322 5.33893 12.5315
      vertex 6.74541 5.30258 12.5322
    endloop
  endfacet
  facet normal 0.0277393 0.0271011 0.999248
    outer loop
      vertex -1.57584 4.96803 12.7728
      vertex -0.98843 4.97516 12.7563
      vertex -0.971781 4.99499 12.7553
    endloop
  endfacet
  facet normal 0.027684 0.0313765 0.999124
    outer loop
      vertex -0.98843 4.97516 12.7563
      vertex -1.57584 4.96803 12.7728
      vertex -1.57732 4.95023 12.7734
    endloop
  endfacet
  facet normal 0.0104859 -0.0246159 0.999642
    outer loop
      vertex -5.39213 1.00342 12.8913
      vertex -5.42659 0.956253 12.8905
      vertex 14.1645 -11.795 12.371
    endloop
  endfacet
  facet normal 0.0522219 -0.0215058 0.998404
    outer loop
      vertex -7.10874 2.12681 12.937
      vertex -7.10166 2.04651 12.9349
      vertex -7.1048 2.10388 12.9363
    endloop
  endfacet
  facet normal 0.010018 -0.025259 0.999631
    outer loop
      vertex -8.87468 3.2825 12.9839
      vertex -7.10166 2.04651 12.9349
      vertex -7.10874 2.12681 12.937
    endloop
  endfacet
  facet normal 0.0111743 -0.0236013 0.999659
    outer loop
      vertex -9.01285 3.34415 12.9869
      vertex -7.10166 2.04651 12.9349
      vertex -8.87468 3.2825 12.9839
    endloop
  endfacet
  facet normal 0.0112005 -0.0235627 0.99966
    outer loop
      vertex -9.26619 3.46555 12.9926
      vertex -7.10166 2.04651 12.9349
      vertex -9.01285 3.34415 12.9869
    endloop
  endfacet
  facet normal 0.00518792 -0.0327256 0.999451
    outer loop
      vertex -7.10166 2.04651 12.9349
      vertex -9.26619 3.46555 12.9926
      vertex -9.34295 3.5053 12.9943
    endloop
  endfacet
  facet normal 0.0215352 -0.024678 0.999463
    outer loop
      vertex 18.3504 -9.24861 12.3447
      vertex 14.3453 -11.6785 12.371
      vertex 18.2356 -9.34879 12.3447
    endloop
  endfacet
  facet normal -0.10023 -0.409256 0.906898
    outer loop
      vertex -7.40272 -11.3531 12.0854
      vertex -7.95328 -12.2447 11.6222
      vertex 12.4442 -18.6336 10.9934
    endloop
  endfacet
  facet normal -0.0362337 -0.218469 0.975171
    outer loop
      vertex -6.67219 -10.4362 12.3216
      vertex -6.97015 -11.4411 12.0854
      vertex 12.7834 -16.5773 11.6687
    endloop
  endfacet
  facet normal -0.188855 -0.343035 0.920142
    outer loop
      vertex -8.15081 -11.0178 12.0854
      vertex -9.16811 -11.7002 11.6222
      vertex -8.60067 -12.0126 11.6222
    endloop
  endfacet
  facet normal -0.156533 -0.436613 0.885927
    outer loop
      vertex -8.60067 -12.0126 11.6222
      vertex -19.4222 -17.5164 6.99771
      vertex -7.95328 -12.2447 11.6222
    endloop
  endfacet
  facet normal -0.239448 -0.209574 0.948021
    outer loop
      vertex -19.8026 -10.0524 9.37646
      vertex -20.2814 -11.1313 9.01702
      vertex -8.43758 -10.7834 12.0854
    endloop
  endfacet
  facet normal -0.251563 -0.203586 0.946187
    outer loop
      vertex -19.8026 -10.0524 9.37646
      vertex -20.6213 -10.7113 9.01702
      vertex -20.2814 -11.1313 9.01702
    endloop
  endfacet
  facet normal -0.232582 -0.284553 0.930019
    outer loop
      vertex -8.15081 -11.0178 12.0854
      vertex -20.2814 -11.1313 9.01702
      vertex -9.16811 -11.7002 11.6222
    endloop
  endfacet
  facet normal -0.232495 -0.288887 0.928703
    outer loop
      vertex -9.16811 -11.7002 11.6222
      vertex -20.2814 -11.1313 9.01702
      vertex -19.8936 -11.4434 9.01702
    endloop
  endfacet
  facet normal 0.0897425 -0.755377 0.649117
    outer loop
      vertex 13.7644 -21.9744 9.12327
      vertex 13.7644 -22.9394 8.0003
      vertex 15.7559 -22.7028 8.0003
    endloop
  endfacet
  facet normal 0.0693226 -0.583645 0.809044
    outer loop
      vertex 15.3731 -20.3824 10.1339
      vertex 13.7644 -21.9744 9.12327
      vertex 15.5998 -21.7564 9.12327
    endloop
  endfacet
  facet normal 0.318603 -0.871062 0.373822
    outer loop
      vertex 17.6708 -22.0024 8.0003
      vertex 15.7559 -22.7028 8.0003
      vertex 15.8355 -23.1853 6.80816
    endloop
  endfacet
  facet normal 0.327978 -0.508832 0.79594
    outer loop
      vertex 18.3456 -18.8977 10.1339
      vertex 16.92 -19.8166 10.1339
      vertex 17.3646 -21.1109 9.12327
    endloop
  endfacet
  facet normal 0.15203 -0.415652 0.896728
    outer loop
      vertex 16.3541 -18.1693 10.9934
      vertex 15.3731 -20.3824 10.1339
      vertex 16.92 -19.8166 10.1339
    endloop
  endfacet
  facet normal 0.245462 -0.380815 0.891475
    outer loop
      vertex 18.3456 -18.8977 10.1339
      vertex 16.3541 -18.1693 10.9934
      vertex 16.92 -19.8166 10.1339
    endloop
  endfacet
  facet normal 0.174199 -0.270268 -0.946895
    outer loop
      vertex 16.3541 -18.1693 1.40743
      vertex 15.6888 -16.2322 0.732137
      vertex 16.5581 -15.6719 0.732137
    endloop
  endfacet
  facet normal 0.107591 -0.294121 -0.949693
    outer loop
      vertex 16.3541 -18.1693 1.40743
      vertex 14.7454 -16.5773 0.732137
      vertex 15.6888 -16.2322 0.732137
    endloop
  endfacet
  facet normal 0.0853508 -0.0978067 -0.991539
    outer loop
      vertex 20.2609 -9.98027 0.266419
      vertex 18.2356 -9.34879 0.0297928
      vertex 18.3504 -9.24861 0.0297928
    endloop
  endfacet
  facet normal 0.189495 -0.123174 -0.974125
    outer loop
      vertex 22.7205 -10.0933 0.730579
      vertex 20.81 -9.36166 0.266419
      vertex 23.0603 -9.57054 0.730579
    endloop
  endfacet
  facet normal 0.245458 -0.380808 -0.89148
    outer loop
      vertex 16.92 -19.8166 2.26691
      vertex 16.3541 -18.1693 1.40743
      vertex 18.3456 -18.8977 2.26691
    endloop
  endfacet
  facet normal 0.327982 -0.508839 -0.795934
    outer loop
      vertex 17.3646 -21.1109 3.27756
      vertex 16.92 -19.8166 2.26691
      vertex 18.3456 -18.8977 2.26691
    endloop
  endfacet
  facet normal 0.552904 -0.558744 -0.618144
    outer loop
      vertex 19.4357 -20.8649 4.40053
      vertex 18.9911 -20.0625 3.27756
      vertex 20.4167 -18.6518 3.27756
    endloop
  endfacet
  facet normal 0.552964 -0.558744 -0.618091
    outer loop
      vertex 20.9825 -19.3341 4.40053
      vertex 19.4357 -20.8649 4.40053
      vertex 20.4167 -18.6518 3.27756
    endloop
  endfacet
  facet normal 0.538643 -0.350089 -0.766356
    outer loop
      vertex 27.5253 -11.0221 3.27059
      vertex 26.2506 -10.7757 2.26209
      vertex 26.8078 -9.9184 2.26209
    endloop
  endfacet
  facet normal 0.494079 -0.461007 -0.737129
    outer loop
      vertex 27.5253 -11.0221 3.27059
      vertex 20.4167 -18.6518 3.27756
      vertex 26.2506 -10.7757 2.26209
    endloop
  endfacet
  facet normal 0.293895 -0.191035 -0.936553
    outer loop
      vertex 25.0855 -9.75852 1.40444
      vertex 22.7205 -10.0933 0.730579
      vertex 23.0603 -9.57054 0.730579
    endloop
  endfacet
  facet normal 0.198224 -0.0245983 -0.979848
    outer loop
      vertex 23.175 -9.02687 0.730579
      vertex 20.8806 -9.02687 0.266419
      vertex 21.5219 5.58969 0.0292177
    endloop
  endfacet
  facet normal -0.0915653 -0.974412 0.205273
    outer loop
      vertex 13.7644 -23.4313 6.80816
      vertex -10.9113 -21.5272 4.83976
      vertex -8.52862 -21.7511 4.83976
    endloop
  endfacet
  facet normal 0.000525179 -0.000460968 -1
    outer loop
      vertex 11.1939 -9.24299 0.012188
      vertex 11.0972 -9.35316 0.012188
      vertex 14.4307 5.02696 0.00730991
    endloop
  endfacet
  facet normal 0.00245827 -0.0021577 -0.999995
    outer loop
      vertex 18.3504 -9.24861 0.0297928
      vertex 11.0972 -9.35316 0.012188
      vertex 11.1939 -9.24299 0.012188
    endloop
  endfacet
  facet normal -0.000110812 -0.000413246 -1
    outer loop
      vertex -10.0565 -10.4778 0.0122728
      vertex -10.1598 -10.4501 0.0122728
      vertex -4.66975 -0.588922 0.00758934
    endloop
  endfacet
  facet normal 0.00121108 0.00110185 -0.999999
    outer loop
      vertex 14.4307 6.60429 0.00730991
      vertex 14.3045 6.743 0.00730991
      vertex 19.911 7.16037 0.0145597
    endloop
  endfacet
  facet normal 0.0344412 0.479981 -0.876602
    outer loop
      vertex 18.5671 16.901 1.11522
      vertex 17.0425 18.2542 1.79626
      vertex 18.9002 18.1209 1.79626
    endloop
  endfacet
  facet normal 0.1024 0.463431 -0.880196
    outer loop
      vertex 20.6865 17.7262 1.79626
      vertex 18.5671 16.901 1.11522
      vertex 18.9002 18.1209 1.79626
    endloop
  endfacet
  facet normal 0.305628 0.511253 -0.803251
    outer loop
      vertex 24.7243 16.9137 2.59708
      vertex 22.3327 17.0852 1.79626
      vertex 23.0781 17.8978 2.59708
    endloop
  endfacet
  facet normal 0.393666 0.658523 -0.641385
    outer loop
      vertex 24.7243 16.9137 2.59708
      vertex 23.0781 17.8978 2.59708
      vertex 25.3778 17.3897 3.4869
    endloop
  endfacet
  facet normal 0.280739 0.316279 -0.906175
    outer loop
      vertex 23.5401 14.4805 1.11522
      vertex 22.5683 15.3431 1.11522
      vertex 24.9599 15.1715 1.79626
    endloop
  endfacet
  facet normal 0.323713 0.237521 -0.915857
    outer loop
      vertex 25.8398 13.9723 1.79626
      vertex 23.5401 14.4805 1.11522
      vertex 24.9599 15.1715 1.79626
    endloop
  endfacet
  facet normal 0.00132094 9.71325e-05 -0.999999
    outer loop
      vertex 14.6745 5.81563 0.00730991
      vertex 14.6585 6.03322 0.00730991
      vertex 20.1154 6.46084 0.0145597
    endloop
  endfacet
  facet normal 0.00136054 -0.000542577 -0.999999
    outer loop
      vertex 20.0219 5.59487 0.0145597
      vertex 14.5342 5.19598 0.00730991
      vertex 14.6111 5.38881 0.00730991
    endloop
  endfacet
  facet normal 0.00130551 0.000248594 -0.999999
    outer loop
      vertex 20.096 6.6409 0.0145597
      vertex 14.6585 6.03322 0.00730991
      vertex 20.0644 6.80685 0.0145597
    endloop
  endfacet
  facet normal 0.0013348 -4.70452e-05 -0.999999
    outer loop
      vertex 20.1154 6.08633 0.0145597
      vertex 14.6745 5.81563 0.00730991
      vertex 20.122 6.27359 0.0145597
    endloop
  endfacet
  facet normal 0.00099193 -0.000567314 -0.999999
    outer loop
      vertex 11.2787 -9.09472 0.012188
      vertex 11.1939 -9.24299 0.012188
      vertex 14.5342 5.19598 0.00730991
    endloop
  endfacet
  facet normal 0.00088669 -0.000542968 -0.999999
    outer loop
      vertex 14.5342 5.19598 0.00730991
      vertex 11.1939 -9.24299 0.012188
      vertex 14.4307 5.02696 0.00730991
    endloop
  endfacet
  facet normal 0.0116429 0.00221702 -0.99993
    outer loop
      vertex 20.096 6.6409 0.0145597
      vertex 20.0644 6.80685 0.0145597
      vertex 21.5219 5.76377 0.0292177
    endloop
  endfacet
  facet normal -2.83675e-05 3.96088e-05 -1
    outer loop
      vertex 13.3796 6.743 0.00730991
      vertex -5.03646 0.60832 0.00758934
      vertex 13.5235 6.84606 0.00730991
    endloop
  endfacet
  facet normal 0.0966738 -0.0203904 -0.995107
    outer loop
      vertex 20.8806 -9.02687 0.266419
      vertex 18.4449 -9.02687 0.0297928
      vertex 21.5219 5.58969 0.0292177
    endloop
  endfacet
  facet normal 0.0966739 -0.0203542 -0.995108
    outer loop
      vertex 20.8806 -9.02687 0.266419
      vertex 18.4211 -9.13991 0.0297928
      vertex 18.4449 -9.02687 0.0297928
    endloop
  endfacet
  facet normal 0.256028 0.0438946 -0.965672
    outer loop
      vertex 24.707 12.4285 1.11522
      vertex 22.5995 5.93451 0.261275
      vertex 22.7377 12.1432 0.580132
    endloop
  endfacet
  facet normal 0.116718 0.0486126 -0.991975
    outer loop
      vertex 21.49 5.84747 0.0292177
      vertex 20.3461 12.3147 0.211556
      vertex 20.5496 11.8261 0.211556
    endloop
  endfacet
  facet normal 0.0731283 0.330962 -0.940806
    outer loop
      vertex 19.2647 15.2258 0.580132
      vertex 18.5671 16.901 1.11522
      vertex 20.033 16.5771 1.11522
    endloop
  endfacet
  facet normal 0.226641 0.166324 -0.959672
    outer loop
      vertex 24.2623 13.4964 1.11522
      vertex 21.8707 13.6679 0.580132
      vertex 23.5401 14.4805 1.11522
    endloop
  endfacet
  facet normal 0.103157 0.172586 -0.979578
    outer loop
      vertex 19.571 13.1598 0.211556
      vertex 19.0291 13.4837 0.211556
      vertex 21.1485 14.3089 0.580132
    endloop
  endfacet
  facet normal 0.0731873 0.0410399 -0.996473
    outer loop
      vertex 21.49 5.84747 0.0292177
      vertex 18.158 11.6545 0.0236578
      vertex 20.3461 12.3147 0.211556
    endloop
  endfacet
  facet normal 0.00103823 0.00219573 -0.999997
    outer loop
      vertex 14.1606 6.84606 0.00730991
      vertex 13.0285 11.752 0.0169067
      vertex 13.1905 11.6754 0.0169067
    endloop
  endfacet
  facet normal 0.000877722 0.0021587 -0.999997
    outer loop
      vertex 14.0045 6.90953 0.00730991
      vertex 13.0285 11.752 0.0169067
      vertex 14.1606 6.84606 0.00730991
    endloop
  endfacet
  facet normal 0.199162 -0.0244833 -0.979661
    outer loop
      vertex 23.175 -9.02687 0.730579
      vertex 21.5219 5.58969 0.0292177
      vertex 21.5326 5.67673 0.0292177
    endloop
  endfacet
  facet normal 0.31017 -0.0188704 -0.950494
    outer loop
      vertex 23.175 -9.02687 0.730579
      vertex 22.6314 5.67673 0.261275
      vertex 25.24 -9.02687 1.40444
    endloop
  endfacet
  facet normal 0.511347 0.069152 -0.856587
    outer loop
      vertex 26.5647 11.3179 1.79626
      vertex 26.3817 12.6711 1.79626
      vertex 27.9062 11.3179 2.59708
    endloop
  endfacet
  facet normal 0.370447 -0.00555346 -0.928837
    outer loop
      vertex 26.5647 11.3179 1.79626
      vertex 22.6314 5.67673 0.261275
      vertex 24.8571 11.3179 1.11522
    endloop
  endfacet
  facet normal -1.89867e-05 1.16272e-05 -1
    outer loop
      vertex 13.1499 6.43528 0.00730991
      vertex -5.28149 0.370174 0.00758934
      vertex 13.2534 6.60429 0.00730991
    endloop
  endfacet
  facet normal -1.48647e-05 -1.09304e-06 -1
    outer loop
      vertex 13.0256 5.59804 0.00730991
      vertex -5.36753 0.0892611 0.00758934
      vertex 13.0096 5.81563 0.00730991
    endloop
  endfacet
  facet normal 0.00135495 -0.000395912 -0.999999
    outer loop
      vertex 20.0219 5.59487 0.0145597
      vertex 14.6111 5.38881 0.00730991
      vertex 20.0644 5.74032 0.0145597
    endloop
  endfacet
  facet normal 0.00563209 -0.00164568 -0.999983
    outer loop
      vertex 20.0644 5.74032 0.0145597
      vertex 18.4211 -9.13991 0.0297928
      vertex 20.0219 5.59487 0.0145597
    endloop
  endfacet
  facet normal -1.63819e-05 3.71123e-06 -1
    outer loop
      vertex 13.0256 6.03322 0.00730991
      vertex -5.34581 0.23247 0.00758934
      vertex 13.073 6.24245 0.00730991
    endloop
  endfacet
  facet normal -1.28589e-05 -7.87418e-06 -1
    outer loop
      vertex 13.2534 5.02696 0.00730991
      vertex -5.28149 -0.19165 0.00758934
      vertex 13.1499 5.19598 0.00730991
    endloop
  endfacet
  facet normal -0.000528564 0.0004843 -1
    outer loop
      vertex -5.17703 0.497084 0.00758934
      vertex -24.5164 4.9265 0.0199566
      vertex -24.4048 5.0483 0.0199566
    endloop
  endfacet
  facet normal -0.00198731 0.00279779 -0.999994
    outer loop
      vertex -24.2545 5.15506 0.0199566
      vertex -24.4048 5.0483 0.0199566
      vertex -20.4985 11.5033 0.0302534
    endloop
  endfacet
  facet normal 0.00015354 -0.000377622 -1
    outer loop
      vertex 14.1606 4.78519 0.00730991
      vertex 10.9922 -9.42101 0.012188
      vertex 14.0045 4.72172 0.00730991
    endloop
  endfacet
  facet normal -2.59192e-05 -0.00046046 -1
    outer loop
      vertex -5.7506 -11.2156 0.012496
      vertex -9.94439 -10.4948 0.0122728
      vertex -4.23719 -0.644798 0.00758934
    endloop
  endfacet
  facet normal -0.000572382 0.000297948 -1
    outer loop
      vertex -5.28149 0.370174 0.00758934
      vertex -24.5852 4.79433 0.0199566
      vertex -24.5164 4.9265 0.0199566
    endloop
  endfacet
  facet normal -0.0641303 0.0333825 -0.997383
    outer loop
      vertex -24.5852 4.79433 0.0199566
      vertex -26.7063 5.45536 0.178465
      vertex -24.5164 4.9265 0.0199566
    endloop
  endfacet
  facet normal 0.159709 0.16441 0.973377
    outer loop
      vertex 22.1455 6.61107 11.8743
      vertex 21.3686 5.99222 12.1063
      vertex 21.4382 5.92461 12.1063
    endloop
  endfacet
  facet normal -0.211477 0.0477827 0.976214
    outer loop
      vertex -20.7927 11.1073 12.5354
      vertex -21.8697 11.2501 12.2951
      vertex -20.8237 10.9701 12.5354
    endloop
  endfacet
  facet normal 0.0218097 0.16513 0.986031
    outer loop
      vertex -19.9763 12.9523 12.2951
      vertex -20.2904 11.5589 12.5354
      vertex -20.1844 11.5449 12.5354
    endloop
  endfacet
  facet normal 0.0218685 0.165117 0.986031
    outer loop
      vertex -20.2904 12.9939 12.2951
      vertex -20.2904 11.5589 12.5354
      vertex -19.9763 12.9523 12.2951
    endloop
  endfacet
  facet normal 0.281779 0.31445 0.906489
    outer loop
      vertex 23.5401 14.4805 8.71098
      vertex 22.1455 6.61107 11.8743
      vertex 24.9599 15.1715 8.02994
    endloop
  endfacet
  facet normal 0.211663 0.323812 0.922141
    outer loop
      vertex 22.5683 15.3431 8.71098
      vertex 21.8941 6.7754 11.8743
      vertex 22.1455 6.61107 11.8743
    endloop
  endfacet
  facet normal 0.0703488 0.318367 0.945354
    outer loop
      vertex 19.2647 15.2258 9.24607
      vertex 18.1754 15.4665 9.24607
      vertex 21.2961 6.9727 11.8743
    endloop
  endfacet
  facet normal 0.0731285 0.330964 0.940806
    outer loop
      vertex 20.033 16.5771 8.71098
      vertex 18.5671 16.901 8.71098
      vertex 19.2647 15.2258 9.24607
    endloop
  endfacet
  facet normal 0.0550661 0.313675 0.947932
    outer loop
      vertex 18.1754 15.4665 9.24607
      vertex -3.43371 10.5556 12.1264
      vertex -1.54012 10.5556 12.0164
    endloop
  endfacet
  facet normal 0.0550964 0.313563 0.947968
    outer loop
      vertex -3.43371 10.5556 12.1264
      vertex 18.1754 15.4665 9.24607
      vertex -19.9763 12.9523 12.2951
    endloop
  endfacet
  facet normal 0.0551581 0.313361 0.948031
    outer loop
      vertex -1.54012 10.2812 12.1071
      vertex 18.1754 15.4665 9.24607
      vertex -1.54012 10.5556 12.0164
    endloop
  endfacet
  facet normal 0.0550938 0.31357 0.947965
    outer loop
      vertex 18.1754 15.4665 9.24607
      vertex -1.54012 10.2812 12.1071
      vertex 21.2961 6.9727 11.8743
    endloop
  endfacet
  facet normal 0.0460709 0.249941 0.967164
    outer loop
      vertex -1.54012 9.88186 12.2103
      vertex 21.2961 6.9727 11.8743
      vertex -1.54012 10.2812 12.1071
    endloop
  endfacet
  facet normal 0.0460666 0.249906 0.967174
    outer loop
      vertex 21.2961 6.9727 11.8743
      vertex -1.54012 9.88186 12.2103
      vertex 21.0818 6.11433 12.1063
    endloop
  endfacet
  facet normal 0.0460544 0.249808 0.967199
    outer loop
      vertex -3.60962 10.5556 12.1348
      vertex -19.9763 12.9523 12.2951
      vertex -3.60962 10.2265 12.2198
    endloop
  endfacet
  facet normal 0.0461748 0.250645 0.966977
    outer loop
      vertex -19.9763 12.9523 12.2951
      vertex -3.60962 10.5556 12.1348
      vertex -3.43371 10.5556 12.1264
    endloop
  endfacet
  facet normal 0.0967038 -0.0203605 0.995105
    outer loop
      vertex 18.4449 -9.02687 12.3447
      vertex 18.4211 -9.13991 12.3447
      vertex 20.8806 -9.02687 12.108
    endloop
  endfacet
  facet normal -0.00920194 -0.095466 0.99539
    outer loop
      vertex 13.7644 -11.891 12.371
      vertex -6.67219 -10.4362 12.3216
      vertex 13.7644 -14.3642 12.1338
    endloop
  endfacet
  facet normal -0.117983 -0.144429 0.982456
    outer loop
      vertex -7.16768 -10.2142 12.3216
      vertex -8.15081 -11.0178 12.0854
      vertex -7.07085 -10.2933 12.3216
    endloop
  endfacet
  facet normal -0.0965699 -0.175478 0.979736
    outer loop
      vertex -6.95286 -10.3583 12.3216
      vertex -8.15081 -11.0178 12.0854
      vertex -7.80138 -11.2101 12.0854
    endloop
  endfacet
  facet normal 0.245455 -0.380828 0.891471
    outer loop
      vertex 17.5241 -17.4152 10.9934
      vertex 16.3541 -18.1693 10.9934
      vertex 18.3456 -18.8977 10.1339
    endloop
  endfacet
  facet normal 0.263124 -0.719384 0.642847
    outer loop
      vertex 17.3646 -21.1109 9.12327
      vertex 15.5998 -21.7564 9.12327
      vertex 15.7559 -22.7028 8.0003
    endloop
  endfacet
  facet normal -0.0439854 -0.216213 0.975355
    outer loop
      vertex -6.67219 -10.4362 12.3216
      vertex -7.40272 -11.3531 12.0854
      vertex -6.97015 -11.4411 12.0854
    endloop
  endfacet
  facet normal 0.0515131 -0.433643 0.899611
    outer loop
      vertex 15.0846 -18.6336 10.9934
      vertex 13.7644 -20.5735 10.1339
      vertex 15.3731 -20.3824 10.1339
    endloop
  endfacet
  facet normal 0.435456 -0.44007 0.785313
    outer loop
      vertex 19.5952 -17.6612 10.1339
      vertex 18.3456 -18.8977 10.1339
      vertex 20.4167 -18.6518 9.12327
    endloop
  endfacet
  facet normal 0.174198 -0.270271 0.946894
    outer loop
      vertex 16.5581 -15.6719 11.6687
      vertex 16.3541 -18.1693 10.9934
      vertex 17.5241 -17.4152 10.9934
    endloop
  endfacet
  facet normal 0.022885 -0.00162688 0.999737
    outer loop
      vertex 6.23052 -3.18913 12.6338
      vertex 6.16352 -3.20984 12.6353
      vertex 18.4449 -9.02687 12.3447
    endloop
  endfacet
  facet normal 0.0231073 -0.00116497 0.999732
    outer loop
      vertex -1.54012 0.438943 12.8176
      vertex 4.18855 -2.2132 12.6821
      vertex -1.54012 0.524759 12.8177
    endloop
  endfacet
  facet normal 0.0228906 -0.00163329 0.999737
    outer loop
      vertex 4.18855 -2.2132 12.6821
      vertex -1.54012 0.438943 12.8176
      vertex 4.18855 -2.27441 12.682
    endloop
  endfacet
  facet normal 0.0228704 -0.00169089 0.999737
    outer loop
      vertex -5.06924 2.1105 12.9011
      vertex -3.60962 1.51386 12.8667
      vertex -5.06203 2.20802 12.9011
    endloop
  endfacet
  facet normal 0.02313 -0.00105557 0.999732
    outer loop
      vertex -3.60962 1.51386 12.8667
      vertex -5.06924 2.1105 12.9011
      vertex -3.60962 1.41915 12.8666
    endloop
  endfacet
  facet normal -0.0605266 -0.0301269 0.997712
    outer loop
      vertex -10.3278 4.18371 12.9781
      vertex -20.7927 10.5474 12.5354
      vertex -10.3173 4.17255 12.9784
    endloop
  endfacet
  facet normal -0.048974 -0.0110575 0.998739
    outer loop
      vertex -20.7927 10.5474 12.5354
      vertex -10.3278 4.18371 12.9781
      vertex -20.8237 10.6847 12.5354
    endloop
  endfacet
  facet normal -0.00779923 0.0550519 0.998453
    outer loop
      vertex -10.8062 5.53649 12.9416
      vertex -20.3965 11.5449 12.5354
      vertex -10.8042 5.48055 12.9447
    endloop
  endfacet
  facet normal -0.335233 0.204428 0.919689
    outer loop
      vertex -21.429 12.3594 12.2951
      vertex -22.1394 13.3152 11.8237
      vertex -21.6292 12.0311 12.2951
    endloop
  endfacet
  facet normal -0.171465 0.104561 0.979626
    outer loop
      vertex -21.429 12.3594 12.2951
      vertex -21.6292 12.0311 12.2951
      vertex -20.7425 11.2338 12.5354
    endloop
  endfacet
  facet normal 0.691278 0.0821073 0.717909
    outer loop
      vertex 28.8303 11.3179 6.3393
      vertex 27.9062 11.3179 7.22912
      vertex 28.3757 -9.02687 9.10387
    endloop
  endfacet
  facet normal 0.908937 -0.191814 0.370191
    outer loop
      vertex 29.3261 -9.02687 7.98328
      vertex 29.0932 -10.1305 7.98328
      vertex 29.8106 -9.02687 6.79368
    endloop
  endfacet
  facet normal 0.135487 0.613199 0.778223
    outer loop
      vertex 21.1999 18.6291 7.22912
      vertex 19.1619 19.0794 7.22912
      vertex 20.6865 17.7262 8.02994
    endloop
  endfacet
  facet normal 0.135493 0.613203 0.778219
    outer loop
      vertex 19.1619 19.0794 7.22912
      vertex 18.9002 18.1209 8.02994
      vertex 20.6865 17.7262 8.02994
    endloop
  endfacet
  facet normal 0.171096 0.774345 0.609192
    outer loop
      vertex 19.3422 19.7396 6.3393
      vertex 19.1619 19.0794 7.22912
      vertex 21.5535 19.251 6.3393
    endloop
  endfacet
  facet normal 0.171094 0.77435 0.609187
    outer loop
      vertex 21.5535 19.251 6.3393
      vertex 19.1619 19.0794 7.22912
      vertex 21.1999 18.6291 7.22912
    endloop
  endfacet
  facet normal 0.511326 0.0691196 -0.856602
    outer loop
      vertex 27.9062 11.3179 2.59708
      vertex 26.3817 12.6711 1.79626
      vertex 27.6975 12.8618 2.59708
    endloop
  endfacet
  facet normal 0.487438 0.202999 -0.849233
    outer loop
      vertex 26.3817 12.6711 1.79626
      vertex 25.8398 13.9723 1.79626
      vertex 27.6975 12.8618 2.59708
    endloop
  endfacet
  facet normal 0.923155 0.384428 0
    outer loop
      vertex 29.0659 13.0601 5.39467
      vertex 28.3683 14.7353 4.43153
      vertex 28.3683 14.7353 5.39467
    endloop
  endfacet
  facet normal 0.923155 0.384428 0
    outer loop
      vertex 28.3683 14.7353 4.43153
      vertex 29.0659 13.0601 5.39467
      vertex 29.0659 13.0601 4.43153
    endloop
  endfacet
  facet normal 0.690572 0.0933496 0.717214
    outer loop
      vertex 28.6039 12.9931 6.3393
      vertex 27.6975 12.8618 7.22912
      vertex 27.9062 11.3179 7.22912
    endloop
  endfacet
  facet normal 0.690592 0.0933322 0.717197
    outer loop
      vertex 28.6039 12.9931 6.3393
      vertex 27.9062 11.3179 7.22912
      vertex 28.8303 11.3179 6.3393
    endloop
  endfacet
  facet normal 0.999687 0.0250158 -0
    outer loop
      vertex 29.8106 -9.02687 5.58077
      vertex 29.3015 11.3179 5.39467
      vertex 29.8106 -9.02687 6.79368
    endloop
  endfacet
  facet normal 0.999687 0.0250158 0
    outer loop
      vertex 29.3015 11.3179 5.39467
      vertex 29.8106 -9.02687 5.58077
      vertex 29.3015 11.3179 4.43153
    endloop
  endfacet
  facet normal 0.888376 0.120062 -0.44314
    outer loop
      vertex 28.8303 11.3179 3.4869
      vertex 28.6039 12.9931 3.4869
      vertex 29.3015 11.3179 4.43153
    endloop
  endfacet
  facet normal 0.762602 -0.0101634 -0.646788
    outer loop
      vertex 29.3261 -9.02687 4.39117
      vertex 28.3757 -9.02687 3.27059
      vertex 28.8303 11.3179 3.4869
    endloop
  endfacet
  facet normal 0.656504 0.0842257 0.749605
    outer loop
      vertex 27.9062 11.3179 7.22912
      vertex 24.5281 6.2401 10.7582
      vertex 28.3757 -9.02687 9.10387
    endloop
  endfacet
  facet normal 0.585577 -0.123549 0.801146
    outer loop
      vertex 28.3757 -9.02687 9.10387
      vertex 26.8078 -9.9184 10.1124
      vertex 28.1611 -10.044 9.10387
    endloop
  endfacet
  facet normal 0.438759 0.0195195 0.898393
    outer loop
      vertex 26.996 -9.02687 10.1124
      vertex 23.6663 5.67673 11.4191
      vertex 25.24 -9.02687 10.97
    endloop
  endfacet
  facet normal 0.577662 0.0584585 0.81418
    outer loop
      vertex 24.5978 5.67673 10.7582
      vertex 23.6663 5.67673 11.4191
      vertex 26.996 -9.02687 10.1124
    endloop
  endfacet
  facet normal 0.586054 0.43001 0.686755
    outer loop
      vertex 26.8437 16.0885 6.3393
      vertex 26.0754 15.7145 7.22912
      vertex 27.0793 14.3463 7.22912
    endloop
  endfacet
  facet normal 0.4965 0.559345 0.663793
    outer loop
      vertex 26.8437 16.0885 6.3393
      vertex 25.3778 17.3897 6.3393
      vertex 26.0754 15.7145 7.22912
    endloop
  endfacet
  facet normal 0.198409 0.0755598 0.977203
    outer loop
      vertex 22.5051 6.18239 11.8743
      vertex 21.49 5.84747 12.1063
      vertex 22.5995 5.93451 11.8743
    endloop
  endfacet
  facet normal 0.20653 0.0255579 0.978106
    outer loop
      vertex 22.5995 5.93451 11.8743
      vertex 21.5219 5.76377 12.1063
      vertex 22.6314 5.67673 11.8743
    endloop
  endfacet
  facet normal 0.521893 0.198758 0.829532
    outer loop
      vertex 27.6975 12.8618 7.22912
      vertex 23.4613 6.49788 11.4191
      vertex 23.6146 6.09535 11.4191
    endloop
  endfacet
  facet normal 0.508026 0.21156 0.834956
    outer loop
      vertex 27.0793 14.3463 7.22912
      vertex 23.4613 6.49788 11.4191
      vertex 27.6975 12.8618 7.22912
    endloop
  endfacet
  facet normal 0.102399 0.463433 0.880196
    outer loop
      vertex 20.6865 17.7262 8.02994
      vertex 18.5671 16.901 8.71098
      vertex 20.033 16.5771 8.71098
    endloop
  endfacet
  facet normal 0.1024 0.463431 0.880196
    outer loop
      vertex 18.9002 18.1209 8.02994
      vertex 18.5671 16.901 8.71098
      vertex 20.6865 17.7262 8.02994
    endloop
  endfacet
  facet normal -0.0672445 -0.472785 -0.878608
    outer loop
      vertex -10.3794 -18.9754 1.61149
      vertex -18.7909 -18.9902 2.26323
      vertex -18.7909 -17.6933 1.56536
    endloop
  endfacet
  facet normal -0.0666434 -0.486454 -0.871161
    outer loop
      vertex -10.6402 -20.2263 2.32994
      vertex -18.7909 -18.9902 2.26323
      vertex -10.3794 -18.9754 1.61149
    endloop
  endfacet
  facet normal -0.368593 -0.427188 -0.825621
    outer loop
      vertex -19.5112 -18.7884 2.26323
      vertex -20.2038 -18.1908 2.26323
      vertex -20.0293 -16.9926 1.56536
    endloop
  endfacet
  facet normal -0.48389 -0.560813 -0.671818
    outer loop
      vertex -19.5112 -18.7884 2.26323
      vertex -20.3239 -19.0161 3.03867
      vertex -20.2038 -18.1908 2.26323
    endloop
  endfacet
  facet normal -0.0487381 -0.337954 -0.9399
    outer loop
      vertex -10.0475 -17.3833 1.00051
      vertex -18.7909 -17.6933 1.56536
      vertex -18.7909 -16.0427 0.971863
    endloop
  endfacet
  facet normal -0.0944026 -0.336846 -0.936815
    outer loop
      vertex -18.7909 -17.6933 1.56536
      vertex -19.309 -15.8975 0.971863
      vertex -18.7909 -16.0427 0.971863
    endloop
  endfacet
  facet normal -0.120163 -0.750823 0.649481
    outer loop
      vertex 11.9291 -21.7564 9.12327
      vertex -10.8198 -21.0879 5.68722
      vertex 11.7729 -22.7028 8.0003
    endloop
  endfacet
  facet normal -0.110508 -0.877445 0.466775
    outer loop
      vertex -10.8198 -21.0879 5.68722
      vertex -10.9113 -21.5272 4.83976
      vertex 11.7729 -22.7028 8.0003
    endloop
  endfacet
  facet normal -0.00287753 -0.0188017 -0.999819
    outer loop
      vertex -8.76329 -11.2227 0.021224
      vertex -18.7909 -9.65571 0.0206165
      vertex -5.81758 -11.2094 0.012496
    endloop
  endfacet
  facet normal -0.00282552 -0.0301393 -0.999542
    outer loop
      vertex -8.52862 -11.2447 0.021224
      vertex -8.76329 -11.2227 0.021224
      vertex -5.81758 -11.2094 0.012496
    endloop
  endfacet
  facet normal -0.0590904 -0.0684932 -0.9959
    outer loop
      vertex -19.028 -11.8787 0.184361
      vertex -19.256 -11.682 0.184361
      vertex -18.871 -9.63328 0.0206165
    endloop
  endfacet
  facet normal -0.0957711 -0.0629594 -0.99341
    outer loop
      vertex -18.948 -9.56686 0.0206165
      vertex -19.256 -11.682 0.184361
      vertex -19.0189 -9.45901 0.0206165
    endloop
  endfacet
  facet normal -0.00101149 -0.000449989 -0.999999
    outer loop
      vertex -19.0189 -9.45901 0.0206165
      vertex -24.5852 4.51944 0.0199566
      vertex -10.4139 -10.2594 0.0122728
    endloop
  endfacet
  facet normal -0.000661718 -0.000130304 -1
    outer loop
      vertex -10.4139 -10.2594 0.0122728
      vertex -10.4254 -10.201 0.0122728
      vertex -5.34581 -0.0539465 0.00758934
    endloop
  endfacet
  facet normal -8.42574e-05 -0.000427711 -1
    outer loop
      vertex -4.45771 -0.630693 0.00758934
      vertex -10.0565 -10.4778 0.0122728
      vertex -4.66975 -0.588922 0.00758934
    endloop
  endfacet
  facet normal -1.74403e-05 6.95515e-06 -1
    outer loop
      vertex 13.073 6.24245 0.00730991
      vertex -5.34581 0.23247 0.00758934
      vertex 13.1499 6.43528 0.00730991
    endloop
  endfacet
  facet normal 0.000529743 -0.00572208 -0.999983
    outer loop
      vertex 7.68531 -10.8787 0.0176859
      vertex -5.7506 -11.2156 0.012496
      vertex -5.68363 -11.2094 0.012496
    endloop
  endfacet
  facet normal 0.000123032 -0.00132895 -0.999999
    outer loop
      vertex -5.68363 -11.2094 0.012496
      vertex -5.7506 -11.2156 0.012496
      vertex 10.883 -9.44392 0.012188
    endloop
  endfacet
  facet normal 0.0335658 -0.0917571 -0.995216
    outer loop
      vertex 14.3685 -14.2924 0.266987
      vertex 13.9684 -11.8668 0.0298567
      vertex 14.9494 -14.0799 0.266987
    endloop
  endfacet
  facet normal 0.0688093 -0.1881 -0.979736
    outer loop
      vertex 14.7454 -16.5773 0.732137
      vertex 14.3685 -14.2924 0.266987
      vertex 14.9494 -14.0799 0.266987
    endloop
  endfacet
  facet normal -0.00257595 -0.154045 -0.98806
    outer loop
      vertex 13.7644 -14.3642 0.266987
      vertex -8.52862 -15.6172 0.520458
      vertex -8.52862 -13.4963 0.189795
    endloop
  endfacet
  facet normal -0.000647028 -0.187203 -0.982321
    outer loop
      vertex 10.883 -15.9682 0.574563
      vertex -8.52862 -15.6172 0.520458
      vertex 13.7644 -14.3642 0.266987
    endloop
  endfacet
  facet normal -0.0109025 -0.0738495 -0.99721
    outer loop
      vertex -9.22363 -13.431 0.189795
      vertex -18.7909 -11.9452 0.184361
      vertex -8.76329 -11.2227 0.021224
    endloop
  endfacet
  facet normal -0.0223102 -0.147275 -0.988844
    outer loop
      vertex -9.22363 -13.431 0.189795
      vertex -18.7909 -14.1018 0.505558
      vertex -18.7909 -11.9452 0.184361
    endloop
  endfacet
  facet normal -0.041968 -0.923585 -0.381089
    outer loop
      vertex 13.7644 -23.4313 5.59267
      vertex -8.52862 -21.7511 3.97569
      vertex 13.7644 -22.9394 4.40053
    endloop
  endfacet
  facet normal -0.0381976 -0.883511 -0.46685
    outer loop
      vertex 13.7644 -22.9394 4.40053
      vertex -8.52862 -21.7511 3.97569
      vertex -8.52862 -21.3033 3.12823
    endloop
  endfacet
  facet normal 0.096723 -0.0041739 0.995303
    outer loop
      vertex 21.5326 5.67673 12.1063
      vertex 18.4449 -9.02687 12.3447
      vertex 20.8806 -9.02687 12.108
    endloop
  endfacet
  facet normal 0.0928636 -0.0603998 0.993845
    outer loop
      vertex 18.4211 -9.13991 12.3447
      vertex 18.3504 -9.24861 12.3447
      vertex 20.6007 -9.68358 12.108
    endloop
  endfacet
  facet normal 0.0259379 0.00473735 0.999652
    outer loop
      vertex 6.41945 -3.13073 12.6287
      vertex 6.36473 -3.14765 12.6302
      vertex 18.4211 -8.91382 12.3447
    endloop
  endfacet
  facet normal 0.0263329 0.00557942 0.999638
    outer loop
      vertex -1.54012 0.632994 12.8174
      vertex 4.18855 -2.05575 12.6815
      vertex -1.54012 0.70466 12.817
    endloop
  endfacet
  facet normal 0.0264685 0.00586868 0.999632
    outer loop
      vertex 4.18855 -2.05575 12.6815
      vertex -1.54012 0.632994 12.8174
      vertex 4.18855 -2.10685 12.6818
    endloop
  endfacet
  facet normal 0.0266366 0.00631874 0.999625
    outer loop
      vertex -3.60962 1.70187 12.866
      vertex -5.06157 2.3172 12.9008
      vertex -3.60962 1.62277 12.8665
    endloop
  endfacet
  facet normal 0.0258685 0.00450452 0.999655
    outer loop
      vertex -5.06157 2.3172 12.9008
      vertex -3.60962 1.70187 12.866
      vertex -5.06494 2.40313 12.9005
    endloop
  endfacet
  facet normal 0.0158805 -0.0162985 0.999741
    outer loop
      vertex -5.33702 1.09053 12.8922
      vertex -3.60962 0.0317534 12.8475
      vertex -5.32174 1.12382 12.8925
    endloop
  endfacet
  facet normal 0.015987 -0.0161603 0.999742
    outer loop
      vertex -3.55984 0 12.8461
      vertex 14.3453 -11.6785 12.371
      vertex 14.5038 -11.5217 12.371
    endloop
  endfacet
  facet normal 0.0160666 -0.0160383 0.999742
    outer loop
      vertex -3.60962 0 12.8469
      vertex 14.3453 -11.6785 12.371
      vertex -3.55984 0 12.8461
    endloop
  endfacet
  facet normal 0.0169464 -0.0146858 0.999749
    outer loop
      vertex -3.60962 0 12.8469
      vertex -5.33702 1.09053 12.8922
      vertex 14.3453 -11.6785 12.371
    endloop
  endfacet
  facet normal 0.0142913 -0.0188903 0.999719
    outer loop
      vertex -3.60962 0.0317534 12.8475
      vertex -5.33702 1.09053 12.8922
      vertex -3.60962 0 12.8469
    endloop
  endfacet
  facet normal 0.0146259 -0.0182294 0.999727
    outer loop
      vertex -8.35233 3.05686 12.9722
      vertex -7.14613 2.26421 12.9401
      vertex -7.16043 2.29661 12.9409
    endloop
  endfacet
  facet normal 0.0149986 -0.0176623 0.999732
    outer loop
      vertex -7.14613 2.26421 12.9401
      vertex -8.35233 3.05686 12.9722
      vertex -8.40065 3.07809 12.9733
    endloop
  endfacet
  facet normal 0.0335756 -0.0917838 0.995213
    outer loop
      vertex 14.9494 -14.0799 12.1338
      vertex 13.9684 -11.8668 12.371
      vertex 14.3685 -14.2924 12.1338
    endloop
  endfacet
  facet normal -0.00513323 -0.0496858 0.998752
    outer loop
      vertex -7.10817 1.94543 12.9315
      vertex -7.14175 1.81221 12.9247
      vertex -7.1109 1.91556 12.93
    endloop
  endfacet
  facet normal -0.00644171 -0.0493564 0.99876
    outer loop
      vertex -7.10817 1.94543 12.9315
      vertex -7.19315 1.71774 12.9197
      vertex -7.14175 1.81221 12.9247
    endloop
  endfacet
  facet normal -0.00412607 -0.0502191 0.99873
    outer loop
      vertex -7.10817 1.94543 12.9315
      vertex -7.26511 1.63217 12.9151
      vertex -7.19315 1.71774 12.9197
    endloop
  endfacet
  facet normal -0.00712598 -0.0487191 0.998787
    outer loop
      vertex -7.10817 1.94543 12.9315
      vertex -7.35764 1.5555 12.9107
      vertex -7.26511 1.63217 12.9151
    endloop
  endfacet
  facet normal -0.00574407 -0.0496014 0.998753
    outer loop
      vertex -7.10817 1.94543 12.9315
      vertex -7.47455 1.49051 12.9068
      vertex -7.35764 1.5555 12.9107
    endloop
  endfacet
  facet normal -0.00530918 -0.0499508 0.998738
    outer loop
      vertex -7.10817 1.94543 12.9315
      vertex -7.61983 1.43997 12.9035
      vertex -7.47455 1.49051 12.9068
    endloop
  endfacet
  facet normal -0.00583148 -0.0494234 0.998761
    outer loop
      vertex -7.10817 1.94543 12.9315
      vertex -7.79343 1.40387 12.9007
      vertex -7.61983 1.43997 12.9035
    endloop
  endfacet
  facet normal -0.00611566 -0.0490648 0.998777
    outer loop
      vertex -7.10817 1.94543 12.9315
      vertex -7.99536 1.38222 12.8984
      vertex -7.79343 1.40387 12.9007
    endloop
  endfacet
  facet normal -0.00582051 -0.0495284 0.998756
    outer loop
      vertex -7.10817 1.94543 12.9315
      vertex -8.22563 1.375 12.8967
      vertex -7.99536 1.38222 12.8984
    endloop
  endfacet
  facet normal -0.00590029 -0.0493726 0.998763
    outer loop
      vertex -9.50795 3.54913 12.9966
      vertex -8.22563 1.375 12.8967
      vertex -7.10817 1.94543 12.9315
    endloop
  endfacet
  facet normal -0.00607208 -0.0494737 0.998757
    outer loop
      vertex -8.22563 1.375 12.8967
      vertex -9.50795 3.54913 12.9966
      vertex -8.44894 1.38222 12.8957
    endloop
  endfacet
  facet normal -0.00577919 -0.0493309 0.998766
    outer loop
      vertex -8.44894 1.38222 12.8957
      vertex -9.50795 3.54913 12.9966
      vertex -8.68559 1.40387 12.8954
    endloop
  endfacet
  facet normal -0.00593338 -0.0493899 0.998762
    outer loop
      vertex -8.68559 1.40387 12.8954
      vertex -9.50795 3.54913 12.9966
      vertex -8.93559 1.43997 12.8957
    endloop
  endfacet
  facet normal -0.00617315 -0.0494547 0.998757
    outer loop
      vertex -8.93559 1.43997 12.8957
      vertex -9.50795 3.54913 12.9966
      vertex -9.08614 1.46886 12.8962
    endloop
  endfacet
  facet normal -0.00654341 -0.0493434 0.99876
    outer loop
      vertex -6.67219 -10.4362 12.3216
      vertex -5.49265 0.865827 12.8877
      vertex -5.57893 0.747726 12.8813
    endloop
  endfacet
  facet normal -0.00583842 -0.0494123 0.998761
    outer loop
      vertex -6.67219 -10.4362 12.3216
      vertex -5.57893 0.747726 12.8813
      vertex -5.87143 0.479095 12.8663
    endloop
  endfacet
  facet normal -0.00585633 -0.049411 0.998761
    outer loop
      vertex -6.67219 -10.4362 12.3216
      vertex -5.87143 0.479095 12.8663
      vertex -6.22838 0.256607 12.8532
    endloop
  endfacet
  facet normal -0.00603033 -0.0494038 0.998761
    outer loop
      vertex -6.67219 -10.4362 12.3216
      vertex -6.22838 0.256607 12.8532
      vertex -6.6492 0.0835724 12.8421
    endloop
  endfacet
  facet normal -0.00593205 -0.0494072 0.998761
    outer loop
      vertex -5.49265 0.865827 12.8877
      vertex -6.67219 -10.4362 12.3216
      vertex 13.5604 -11.8668 12.371
    endloop
  endfacet
  facet normal -0.0059486 -0.049404 0.998761
    outer loop
      vertex -7.13393 -0.0400085 12.8331
      vertex -6.67219 -10.4362 12.3216
      vertex -6.6492 0.0835724 12.8421
    endloop
  endfacet
  facet normal -0.00588405 -0.0494011 0.998762
    outer loop
      vertex -7.68253 -0.114166 12.8262
      vertex -6.67219 -10.4362 12.3216
      vertex -7.13393 -0.0400085 12.8331
    endloop
  endfacet
  facet normal -0.00583352 -0.0493962 0.998762
    outer loop
      vertex -8.29503 -0.138885 12.8214
      vertex -6.67219 -10.4362 12.3216
      vertex -7.68253 -0.114166 12.8262
    endloop
  endfacet
  facet normal -0.00618576 -0.0494515 0.998757
    outer loop
      vertex -8.60281 -0.13472 12.8197
      vertex -6.67219 -10.4362 12.3216
      vertex -8.29503 -0.138885 12.8214
    endloop
  endfacet
  facet normal -0.00588393 -0.0493951 0.998762
    outer loop
      vertex -6.67219 -10.4362 12.3216
      vertex -8.60281 -0.13472 12.8197
      vertex -8.76238 -0.127844 12.8191
    endloop
  endfacet
  facet normal 0.0262378 0.0617718 0.997745
    outer loop
      vertex 10.8735 5.59488 12.4081
      vertex 21.1869 6.08894 12.1063
      vertex 10.885 5.62553 12.4059
    endloop
  endfacet
  facet normal 0.0262454 0.061619 0.997755
    outer loop
      vertex 21.1869 6.08894 12.1063
      vertex 10.8735 5.59488 12.4081
      vertex 21.2837 6.04771 12.1063
    endloop
  endfacet
  facet normal 0.0264302 0.0578202 0.997977
    outer loop
      vertex -3.60962 4.97352 12.8274
      vertex -7.59528 4.79152 12.9435
      vertex -3.60962 4.96489 12.8279
    endloop
  endfacet
  facet normal 0.0262706 0.0611912 0.99778
    outer loop
      vertex -7.59528 4.79152 12.9435
      vertex -3.60962 4.97352 12.8274
      vertex -7.60101 4.79398 12.9435
    endloop
  endfacet
  facet normal 0.0263358 0.0592411 0.997896
    outer loop
      vertex 1.56105 5.20611 12.677
      vertex 4.62135 5.32292 12.5893
      vertex 4.61315 5.34341 12.5883
    endloop
  endfacet
  facet normal 0.0261383 0.0641898 0.997595
    outer loop
      vertex 4.62135 5.32292 12.5893
      vertex 1.56105 5.20611 12.677
      vertex 1.5455 5.18913 12.6785
    endloop
  endfacet
  facet normal 0.0261326 0.0644065 0.997582
    outer loop
      vertex 6.70022 5.43729 12.5276
      vertex 8.71184 5.50085 12.4708
      vertex 8.72083 5.52818 12.4688
    endloop
  endfacet
  facet normal 0.026294 0.0595637 0.997878
    outer loop
      vertex 8.71184 5.50085 12.4708
      vertex 6.70022 5.43729 12.5276
      vertex 6.70814 5.41369 12.5288
    endloop
  endfacet
  facet normal 0.0263703 0.0600371 0.997848
    outer loop
      vertex -1.56855 5.06534 12.7681
      vertex -0.897095 5.08288 12.7493
      vertex -0.885478 5.09606 12.7482
    endloop
  endfacet
  facet normal 0.0264347 0.057716 0.997983
    outer loop
      vertex -0.897095 5.08288 12.7493
      vertex -1.56855 5.06534 12.7681
      vertex -1.56941 5.05363 12.7688
    endloop
  endfacet
  facet normal 0.132268 -0.161532 0.977963
    outer loop
      vertex 20.2609 -9.98027 12.108
      vertex 15.4848 -13.7349 12.1338
      vertex 16.5581 -15.6719 11.6687
    endloop
  endfacet
  facet normal 0.0853916 -0.0977993 0.991536
    outer loop
      vertex 20.6007 -9.68358 12.108
      vertex 18.3504 -9.24861 12.3447
      vertex 20.2609 -9.98027 12.108
    endloop
  endfacet
  facet normal 0.0113253 -0.0954692 0.995368
    outer loop
      vertex 13.9684 -11.8668 12.371
      vertex 13.7644 -11.891 12.371
      vertex 14.3685 -14.2924 12.1338
    endloop
  endfacet
  facet normal 0.0113463 -0.0954639 0.995368
    outer loop
      vertex 13.7644 -11.891 12.371
      vertex 13.7644 -14.3642 12.1338
      vertex 14.3685 -14.2924 12.1338
    endloop
  endfacet
  facet normal -0.0232438 -0.195727 0.980383
    outer loop
      vertex 13.1603 -14.2924 12.1338
      vertex 12.7834 -16.5773 11.6687
      vertex 13.7644 -16.6938 11.6687
    endloop
  endfacet
  facet normal 0.0363845 -0.306379 0.951214
    outer loop
      vertex 13.7644 -16.6938 11.6687
      vertex 13.7644 -18.7904 10.9934
      vertex 14.7454 -16.5773 11.6687
    endloop
  endfacet
  facet normal 0.419922 -0.651535 0.631797
    outer loop
      vertex 18.9911 -20.0625 9.12327
      vertex 17.6708 -22.0024 8.0003
      vertex 19.4357 -20.8649 8.0003
    endloop
  endfacet
  facet normal 0.504486 -0.78274 0.364435
    outer loop
      vertex 19.4357 -20.8649 8.0003
      vertex 17.6708 -22.0024 8.0003
      vertex 19.6623 -21.2739 6.80816
    endloop
  endfacet
  facet normal -0.051503 -0.433637 0.899614
    outer loop
      vertex 13.7644 -18.7904 10.9934
      vertex 12.4442 -18.6336 10.9934
      vertex 13.7644 -20.5735 10.1339
    endloop
  endfacet
  facet normal -0.0515131 -0.433643 0.899611
    outer loop
      vertex 12.4442 -18.6336 10.9934
      vertex 12.1557 -20.3824 10.1339
      vertex 13.7644 -20.5735 10.1339
    endloop
  endfacet
  facet normal 0.189486 -0.123197 -0.974124
    outer loop
      vertex 22.7205 -10.0933 0.730579
      vertex 20.6007 -9.68358 0.266419
      vertex 20.81 -9.36166 0.266419
    endloop
  endfacet
  facet normal 0.160398 -0.183705 -0.969807
    outer loop
      vertex 20.6007 -9.68358 0.266419
      vertex 16.5581 -15.6719 0.732137
      vertex 20.2609 -9.98027 0.266419
    endloop
  endfacet
  facet normal 0.0581429 -0.090231 -0.994222
    outer loop
      vertex 15.4848 -13.7349 0.266987
      vertex 14.9494 -14.0799 0.266987
      vertex 18.2356 -9.34879 0.0297928
    endloop
  endfacet
  facet normal 0.0828653 -0.105559 -0.990954
    outer loop
      vertex 20.2609 -9.98027 0.266419
      vertex 15.4848 -13.7349 0.266987
      vertex 18.2356 -9.34879 0.0297928
    endloop
  endfacet
  facet normal -1.4219e-05 -3.22125e-06 -1
    outer loop
      vertex 13.073 5.38881 0.00730991
      vertex -5.34581 -0.0539465 0.00758934
      vertex 13.0256 5.59804 0.00730991
    endloop
  endfacet
  facet normal -8.30443e-06 -2.39235e-05 -1
    outer loop
      vertex -4.66975 -0.588922 0.00758934
      vertex -4.86517 -0.521087 0.00758934
      vertex 13.6796 4.72172 0.00730991
    endloop
  endfacet
  facet normal 3.05421e-05 -0.000155039 -1
    outer loop
      vertex -3.80463 -0.588922 0.00758934
      vertex -4.01667 -0.630693 0.00758934
      vertex 14.0045 4.72172 0.00730991
    endloop
  endfacet
  facet normal 0.135493 0.613203 -0.778219
    outer loop
      vertex 20.6865 17.7262 1.79626
      vertex 18.9002 18.1209 1.79626
      vertex 19.1619 19.0794 2.59708
    endloop
  endfacet
  facet normal 0.0373931 0.0959894 -0.99468
    outer loop
      vertex 17.7133 12.0492 0.0236578
      vertex 17.5046 12.1305 0.0236578
      vertex 19.0291 13.4837 0.211556
    endloop
  endfacet
  facet normal 0.305626 0.511266 -0.803243
    outer loop
      vertex 23.7757 16.2226 1.79626
      vertex 22.3327 17.0852 1.79626
      vertex 24.7243 16.9137 2.59708
    endloop
  endfacet
  facet normal 0.227811 0.381094 -0.89603
    outer loop
      vertex 22.5683 15.3431 1.11522
      vertex 22.3327 17.0852 1.79626
      vertex 23.7757 16.2226 1.79626
    endloop
  endfacet
  facet normal 0.0764825 0.196471 -0.977522
    outer loop
      vertex 20.2686 14.835 0.580132
      vertex 19.0291 13.4837 0.211556
      vertex 19.2647 15.2258 0.580132
    endloop
  endfacet
  facet normal 0.102399 0.463433 -0.880196
    outer loop
      vertex 20.033 16.5771 1.11522
      vertex 18.5671 16.901 1.11522
      vertex 20.6865 17.7262 1.79626
    endloop
  endfacet
  facet normal 0.0700448 0.0513828 -0.99622
    outer loop
      vertex 20.3461 12.3147 0.211556
      vertex 18.158 11.6545 0.0236578
      vertex 20.0157 12.7651 0.211556
    endloop
  endfacet
  facet normal 0.22664 0.1663 -0.959676
    outer loop
      vertex 22.4073 12.9366 0.580132
      vertex 21.8707 13.6679 0.580132
      vertex 24.2623 13.4964 1.11522
    endloop
  endfacet
  facet normal 0.00025925 -0.000401198 -1
    outer loop
      vertex 11.0972 -9.35316 0.012188
      vertex 10.9922 -9.42101 0.012188
      vertex 14.1606 4.78519 0.00730991
    endloop
  endfacet
  facet normal -8.54027e-05 0.000210042 -1
    outer loop
      vertex 13.5235 6.84606 0.00730991
      vertex -4.86517 0.69961 0.00758934
      vertex 13.6796 6.90953 0.00730991
    endloop
  endfacet
  facet normal 0.203375 0.0457015 -0.978034
    outer loop
      vertex 22.5995 5.93451 0.261275
      vertex 21.5219 5.76377 0.0292177
      vertex 22.7377 12.1432 0.580132
    endloop
  endfacet
  facet normal 0.0105481 0.000371787 -0.999944
    outer loop
      vertex 20.122 6.27359 0.0145597
      vertex 20.1154 6.46084 0.0145597
      vertex 21.5326 5.67673 0.0292177
    endloop
  endfacet
  facet normal 0.00129007 0.0024514 -0.999996
    outer loop
      vertex 19.8469 7.21499 0.0145597
      vertex 13.1905 11.6754 0.0169067
      vertex 17.7133 12.0492 0.0236578
    endloop
  endfacet
  facet normal 0.00123924 0.00318118 -0.999994
    outer loop
      vertex 17.7133 12.0492 0.0236578
      vertex 13.0285 11.752 0.0169067
      vertex 17.5046 12.1305 0.0236578
    endloop
  endfacet
  facet normal 0.00127326 0.000507771 -0.999999
    outer loop
      vertex 14.6111 6.24245 0.00730991
      vertex 14.5342 6.43528 0.00730991
      vertex 20.0219 6.9523 0.0145597
    endloop
  endfacet
  facet normal 0.0127149 0.00371526 -0.999912
    outer loop
      vertex 20.0644 6.80685 0.0145597
      vertex 20.0219 6.9523 0.0145597
      vertex 21.5219 5.76377 0.0292177
    endloop
  endfacet
  facet normal -1.35716e-05 -5.4123e-06 -1
    outer loop
      vertex 13.1499 5.19598 0.00730991
      vertex -5.34581 -0.0539465 0.00758934
      vertex 13.073 5.38881 0.00730991
    endloop
  endfacet
  facet normal -1.19957e-05 -1.09146e-05 -1
    outer loop
      vertex 13.3796 4.88826 0.00730991
      vertex -5.17703 -0.31856 0.00758934
      vertex 13.2534 5.02696 0.00730991
    endloop
  endfacet
  facet normal 0.161298 0.269771 -0.949319
    outer loop
      vertex 21.1485 14.3089 0.580132
      vertex 20.2686 14.835 0.580132
      vertex 21.3841 16.051 1.11522
    endloop
  endfacet
  facet normal 0.167581 0.430372 -0.886959
    outer loop
      vertex 21.3841 16.051 1.11522
      vertex 20.033 16.5771 1.11522
      vertex 20.6865 17.7262 1.79626
    endloop
  endfacet
  facet normal 0.144055 0.105675 -0.983911
    outer loop
      vertex 20.3461 12.3147 0.211556
      vertex 20.0157 12.7651 0.211556
      vertex 22.4073 12.9366 0.580132
    endloop
  endfacet
  facet normal 0.156553 0.0652037 -0.985515
    outer loop
      vertex 20.5496 11.8261 0.211556
      vertex 20.3461 12.3147 0.211556
      vertex 22.4073 12.9366 0.580132
    endloop
  endfacet
  facet normal 0.0470302 0.212837 -0.975955
    outer loop
      vertex 19.2647 15.2258 0.580132
      vertex 17.7401 13.8726 0.211556
      vertex 18.1754 15.4665 0.580132
    endloop
  endfacet
  facet normal 0.0158824 0.221149 -0.975111
    outer loop
      vertex 17.7401 13.8726 0.211556
      vertex 17.0425 13.9227 0.211556
      vertex 18.1754 15.4665 0.580132
    endloop
  endfacet
  facet normal 0.00118341 0.00384141 -0.999992
    outer loop
      vertex 13.0285 11.752 0.0169067
      vertex 12.8438 11.8089 0.0169067
      vertex 17.5046 12.1305 0.0236578
    endloop
  endfacet
  facet normal 0.000650943 0.00211299 -0.999998
    outer loop
      vertex 14.0045 6.90953 0.00730991
      vertex 12.8438 11.8089 0.0169067
      vertex 13.0285 11.752 0.0169067
    endloop
  endfacet
  facet normal 0.280186 0.0346728 -0.959319
    outer loop
      vertex 22.6314 5.67673 0.261275
      vertex 22.5995 5.93451 0.261275
      vertex 24.8571 11.3179 1.11522
    endloop
  endfacet
  facet normal 0.369989 0.0500354 -0.927688
    outer loop
      vertex 26.5647 11.3179 1.79626
      vertex 24.8571 11.3179 1.11522
      vertex 26.3817 12.6711 1.79626
    endloop
  endfacet
  facet normal 0.512554 -0.00879348 -0.85861
    outer loop
      vertex 26.996 -9.02687 2.26209
      vertex 26.5647 11.3179 1.79626
      vertex 27.9062 11.3179 2.59708
    endloop
  endfacet
  facet normal 0.438836 -0.0112696 -0.898497
    outer loop
      vertex 26.996 -9.02687 2.26209
      vertex 25.24 -9.02687 1.40444
      vertex 26.5647 11.3179 1.79626
    endloop
  endfacet
  facet normal 0.0100301 -0.00108066 -0.999949
    outer loop
      vertex 21.5326 5.67673 0.0292177
      vertex 20.096 5.90627 0.0145597
      vertex 20.1154 6.08633 0.0145597
    endloop
  endfacet
  facet normal 0.00134149 -0.000144534 -0.999999
    outer loop
      vertex 20.096 5.90627 0.0145597
      vertex 14.6585 5.59804 0.00730991
      vertex 20.1154 6.08633 0.0145597
    endloop
  endfacet
  facet normal -1.4532e-05 -2.20403e-06 -1
    outer loop
      vertex -5.34581 -0.0539465 0.00758934
      vertex -5.36753 0.0892611 0.00758934
      vertex 13.0256 5.59804 0.00730991
    endloop
  endfacet
  facet normal -2.62041e-05 3.31143e-05 -1
    outer loop
      vertex 13.3796 6.743 0.00730991
      vertex -5.17703 0.497084 0.00758934
      vertex -5.03646 0.60832 0.00758934
    endloop
  endfacet
  facet normal -0.000495102 0.000625666 -1
    outer loop
      vertex -5.17703 0.497084 0.00758934
      vertex -24.4048 5.0483 0.0199566
      vertex -5.03646 0.60832 0.00758934
    endloop
  endfacet
  facet normal -1.33393e-05 -6.23065e-06 -1
    outer loop
      vertex -5.28149 -0.19165 0.00758934
      vertex -5.34581 -0.0539465 0.00758934
      vertex 13.1499 5.19598 0.00730991
    endloop
  endfacet
  facet normal -0.0445129 -0.00375789 0.999002
    outer loop
      vertex -10.4837 4.37798 12.9724
      vertex -20.8237 10.6847 12.5354
      vertex -10.4736 4.36468 12.9728
    endloop
  endfacet
  facet normal -0.0441857 -0.00322026 0.999018
    outer loop
      vertex -20.8237 10.6847 12.5354
      vertex -10.4837 4.37798 12.9724
      vertex -20.8341 10.8274 12.5354
    endloop
  endfacet
  facet normal -0.0309546 0.0182705 0.999354
    outer loop
      vertex -10.7734 5.13441 12.9557
      vertex -20.7425 11.2338 12.5354
      vertex -10.7497 5.02141 12.9585
    endloop
  endfacet
  facet normal -0.0347981 0.0119863 0.999322
    outer loop
      vertex -20.7425 11.2338 12.5354
      vertex -10.7734 5.13441 12.9557
      vertex -10.7748 5.14702 12.9555
    endloop
  endfacet
  facet normal -0.0362472 0.00972773 0.999296
    outer loop
      vertex -10.6667 4.72664 12.9646
      vertex -20.8237 10.9701 12.5354
      vertex -10.6598 4.71126 12.965
    endloop
  endfacet
  facet normal -0.0371822 0.00820517 0.999275
    outer loop
      vertex -20.8237 10.9701 12.5354
      vertex -10.6667 4.72664 12.9646
      vertex -10.708 4.85613 12.962
    endloop
  endfacet
  facet normal 0.139007 0.326487 0.934924
    outer loop
      vertex 21.8941 6.7754 11.8743
      vertex 21.3841 16.051 8.71098
      vertex 21.6073 6.89751 11.8743
    endloop
  endfacet
  facet normal 0.130692 0.19996 0.971049
    outer loop
      vertex 21.8941 6.7754 11.8743
      vertex 21.2837 6.04771 12.1063
      vertex 21.3686 5.99222 12.1063
    endloop
  endfacet
  facet normal 0.280739 0.316279 0.906175
    outer loop
      vertex 24.9599 15.1715 8.02994
      vertex 22.5683 15.3431 8.71098
      vertex 23.5401 14.4805 8.71098
    endloop
  endfacet
  facet normal 0.279623 0.315021 0.906958
    outer loop
      vertex 22.5683 15.3431 8.71098
      vertex 22.1455 6.61107 11.8743
      vertex 23.5401 14.4805 8.71098
    endloop
  endfacet
  facet normal -0.00603636 -0.050885 0.998686
    outer loop
      vertex 13.5604 -11.8668 12.371
      vertex -6.67219 -10.4362 12.3216
      vertex 13.7644 -11.891 12.371
    endloop
  endfacet
  facet normal 0.0263222 0.00554151 0.999638
    outer loop
      vertex 6.36473 -3.14765 12.6302
      vertex 18.4449 -9.02687 12.3447
      vertex 18.4211 -8.91382 12.3447
    endloop
  endfacet
  facet normal 0.0261236 0.0051332 0.999646
    outer loop
      vertex 18.4449 -9.02687 12.3447
      vertex 6.36473 -3.14765 12.6302
      vertex 6.29258 -3.16995 12.6322
    endloop
  endfacet
  facet normal 0.0270875 0.0071641 0.999607
    outer loop
      vertex -1.54012 0.605088 12.8176
      vertex 4.18855 -2.10685 12.6818
      vertex -1.54012 0.632994 12.8174
    endloop
  endfacet
  facet normal 0.0256274 0.00407693 0.999663
    outer loop
      vertex 4.18855 -2.10685 12.6818
      vertex -1.54012 0.605088 12.8176
      vertex 4.18855 -2.15589 12.682
    endloop
  endfacet
  facet normal 0.0260018 0.00493167 0.99965
    outer loop
      vertex -3.60962 1.62277 12.8665
      vertex -5.06097 2.302 12.9009
      vertex -3.60962 1.6025 12.8666
    endloop
  endfacet
  facet normal 0.0272741 0.00765292 0.999599
    outer loop
      vertex -5.06097 2.302 12.9009
      vertex -3.60962 1.62277 12.8665
      vertex -5.06157 2.3172 12.9008
    endloop
  endfacet
  facet normal -0.134995 -0.107563 0.984991
    outer loop
      vertex -7.23963 -10.1239 12.3216
      vertex -8.43758 -10.7834 12.0854
      vertex -7.16768 -10.2142 12.3216
    endloop
  endfacet
  facet normal -0.0716089 -0.199634 0.97725
    outer loop
      vertex -6.81825 -10.4065 12.3216
      vertex -7.80138 -11.2101 12.0854
      vertex -7.40272 -11.3531 12.0854
    endloop
  endfacet
  facet normal -0.0439678 -0.216227 0.975353
    outer loop
      vertex -6.81825 -10.4065 12.3216
      vertex -7.40272 -11.3531 12.0854
      vertex -6.67219 -10.4362 12.3216
    endloop
  endfacet
  facet normal 0.189472 -0.123159 0.974132
    outer loop
      vertex 23.0603 -9.57054 11.6439
      vertex 20.81 -9.36166 12.108
      vertex 22.7205 -10.0933 11.6439
    endloop
  endfacet
  facet normal 0.29391 -0.191045 0.936546
    outer loop
      vertex 23.0603 -9.57054 11.6439
      vertex 22.7205 -10.0933 11.6439
      vertex 25.0855 -9.75852 10.97
    endloop
  endfacet
  facet normal -0.0363845 -0.306379 0.951214
    outer loop
      vertex 13.7644 -16.6938 11.6687
      vertex 12.7834 -16.5773 11.6687
      vertex 13.7644 -18.7904 10.9934
    endloop
  endfacet
  facet normal 0.051503 -0.433637 0.899614
    outer loop
      vertex 13.7644 -18.7904 10.9934
      vertex 13.7644 -20.5735 10.1339
      vertex 15.0846 -18.6336 10.9934
    endloop
  endfacet
  facet normal 0.327414 -0.331547 0.884803
    outer loop
      vertex 24.6282 -10.4621 10.97
      vertex 17.5241 -17.4152 10.9934
      vertex 18.3456 -18.8977 10.1339
    endloop
  endfacet
  facet normal 0.272465 -0.27527 0.921949
    outer loop
      vertex 22.7205 -10.0933 11.6439
      vertex 18.5496 -16.4004 10.9934
      vertex 24.6282 -10.4621 10.97
    endloop
  endfacet
  facet normal 0.0595739 0.246567 0.967293
    outer loop
      vertex 21.2961 6.9727 11.8743
      vertex 21.1869 6.08894 12.1063
      vertex 21.6073 6.89751 11.8743
    endloop
  endfacet
  facet normal 0.0595659 0.246569 0.967293
    outer loop
      vertex 21.2961 6.9727 11.8743
      vertex 21.0818 6.11433 12.1063
      vertex 21.1869 6.08894 12.1063
    endloop
  endfacet
  facet normal 0.182538 0.122491 0.975539
    outer loop
      vertex 22.3518 6.41084 11.8743
      vertex 21.4382 5.92461 12.1063
      vertex 22.5051 6.18239 11.8743
    endloop
  endfacet
  facet normal 0.159641 0.16448 0.973376
    outer loop
      vertex 22.1455 6.61107 11.8743
      vertex 21.4382 5.92461 12.1063
      vertex 22.3518 6.41084 11.8743
    endloop
  endfacet
  facet normal 0.223027 0.572772 0.788791
    outer loop
      vertex 23.0781 17.8978 7.22912
      vertex 20.6865 17.7262 8.02994
      vertex 22.3327 17.0852 8.02994
    endloop
  endfacet
  facet normal 0.167579 0.430371 0.88696
    outer loop
      vertex 22.3327 17.0852 8.02994
      vertex 20.6865 17.7262 8.02994
      vertex 21.3841 16.051 8.71098
    endloop
  endfacet
  facet normal 0.283941 0.729265 0.622536
    outer loop
      vertex 23.5915 18.4575 6.3393
      vertex 21.5535 19.251 6.3393
      vertex 23.0781 17.8978 7.22912
    endloop
  endfacet
  facet normal 0.393662 0.658549 0.641361
    outer loop
      vertex 23.5915 18.4575 6.3393
      vertex 23.0781 17.8978 7.22912
      vertex 25.3778 17.3897 6.3393
    endloop
  endfacet
  facet normal 0.894848 0.00196752 -0.446368
    outer loop
      vertex 29.3261 -9.02687 4.39117
      vertex 28.8303 11.3179 3.4869
      vertex 29.3015 11.3179 4.43153
    endloop
  endfacet
  facet normal 0.926132 0.00186812 -0.377195
    outer loop
      vertex 29.3261 -9.02687 4.39117
      vertex 29.3015 11.3179 4.43153
      vertex 29.8106 -9.02687 5.58077
    endloop
  endfacet
  facet normal 0.752955 -0.158897 0.6386
    outer loop
      vertex 29.3261 -9.02687 7.98328
      vertex 28.3757 -9.02687 9.10387
      vertex 29.0932 -10.1305 7.98328
    endloop
  endfacet
  facet normal 0.760738 0.0706752 0.6452
    outer loop
      vertex 28.8303 11.3179 6.3393
      vertex 28.3757 -9.02687 9.10387
      vertex 29.3261 -9.02687 7.98328
    endloop
  endfacet
  facet normal 0.0891568 0.32247 0.942371
    outer loop
      vertex 20.033 16.5771 8.71098
      vertex 19.2647 15.2258 9.24607
      vertex 21.6073 6.89751 11.8743
    endloop
  endfacet
  facet normal 0.127231 0.326747 0.936509
    outer loop
      vertex 21.3841 16.051 8.71098
      vertex 20.033 16.5771 8.71098
      vertex 21.6073 6.89751 11.8743
    endloop
  endfacet
  facet normal -0.00103316 -0.000679195 -0.999999
    outer loop
      vertex -18.948 -9.56686 0.0206165
      vertex -19.0189 -9.45901 0.0206165
      vertex -10.3799 -10.3156 0.0122728
    endloop
  endfacet
  facet normal -0.0010738 -0.00114429 -0.999999
    outer loop
      vertex -10.3247 -10.3674 0.0122728
      vertex -18.948 -9.56686 0.0206165
      vertex -10.3799 -10.3156 0.0122728
    endloop
  endfacet
  facet normal -0.000682332 -0.000134363 -1
    outer loop
      vertex -10.4139 -10.2594 0.0122728
      vertex -24.5852 4.51944 0.0199566
      vertex -10.4254 -10.201 0.0122728
    endloop
  endfacet
  facet normal -0.000672501 -0.000124906 -1
    outer loop
      vertex -10.4254 -10.201 0.0122728
      vertex -24.5852 4.51944 0.0199566
      vertex -5.34581 -0.0539465 0.00758934
    endloop
  endfacet
  facet normal -0.00216404 -0.0128436 -0.999915
    outer loop
      vertex -5.81758 -11.2094 0.012496
      vertex -18.7909 -9.65571 0.0206165
      vertex -10.0565 -10.4778 0.0122728
    endloop
  endfacet
  facet normal -0.00147188 -0.00548901 -0.999984
    outer loop
      vertex -10.0565 -10.4778 0.0122728
      vertex -18.7909 -9.65571 0.0206165
      vertex -10.1598 -10.4501 0.0122728
    endloop
  endfacet
  facet normal -0.0723015 -0.0618671 0.995462
    outer loop
      vertex -9.73669 3.64806 12.9966
      vertex -9.3862 1.53449 12.8907
      vertex -9.34312 1.52437 12.8932
    endloop
  endfacet
  facet normal -0.0723818 -0.0618801 0.995456
    outer loop
      vertex -9.3862 1.53449 12.8907
      vertex -9.73669 3.64806 12.9966
      vertex -9.79909 3.72105 12.9966
    endloop
  endfacet
  facet normal -0.0739961 -0.0621825 0.995318
    outer loop
      vertex -9.04006 -0.110951 12.8136
      vertex -9.076 -0.108199 12.8111
      vertex -7.16768 -10.2142 12.3216
    endloop
  endfacet
  facet normal -0.0609439 -0.0302052 0.997684
    outer loop
      vertex -10.4884 4.38416 12.9723
      vertex -20.8341 10.8274 12.5354
      vertex -10.4837 4.37798 12.9724
    endloop
  endfacet
  facet normal -0.0435124 -0.00212329 0.999051
    outer loop
      vertex -20.8341 10.8274 12.5354
      vertex -10.4884 4.38416 12.9723
      vertex -10.5834 4.54301 12.9685
    endloop
  endfacet
  facet normal 0.085377 -0.0978367 0.991534
    outer loop
      vertex 18.3504 -9.24861 12.3447
      vertex 18.2356 -9.34879 12.3447
      vertex 20.2609 -9.98027 12.108
    endloop
  endfacet
  facet normal 0.0195163 -0.00874587 0.999771
    outer loop
      vertex 5.99351 -3.25225 12.6388
      vertex 5.91009 -3.26693 12.6403
      vertex 18.4211 -9.13991 12.3447
    endloop
  endfacet
  facet normal 0.020361 -0.00693698 0.999769
    outer loop
      vertex -1.54012 0.230396 12.8164
      vertex 4.18855 -2.39714 12.6815
      vertex -1.54012 0.316869 12.817
    endloop
  endfacet
  facet normal 0.0198244 -0.00810712 0.999771
    outer loop
      vertex 4.18855 -2.39714 12.6815
      vertex -1.54012 0.230396 12.8164
      vertex 4.18855 -2.4588 12.681
    endloop
  endfacet
  facet normal 0.0201031 -0.00758218 0.999769
    outer loop
      vertex -5.0852 1.89455 12.9002
      vertex -3.60962 1.29731 12.866
      vertex -5.07793 1.99294 12.9008
    endloop
  endfacet
  facet normal 0.0202037 -0.00733353 0.999769
    outer loop
      vertex -3.60962 1.29731 12.866
      vertex -5.0852 1.89455 12.9002
      vertex -3.60962 1.20188 12.8653
    endloop
  endfacet
  facet normal -0.0297918 -0.054079 0.998092
    outer loop
      vertex -8.94377 -0.118323 12.817
      vertex -7.07085 -10.2933 12.3216
      vertex -6.95286 -10.3583 12.3216
    endloop
  endfacet
  facet normal -0.0285702 -0.0538565 0.99814
    outer loop
      vertex -7.07085 -10.2933 12.3216
      vertex -8.94377 -0.118323 12.817
      vertex -8.97235 -0.116135 12.8163
    endloop
  endfacet
  facet normal -0.0308298 -0.0542933 0.998049
    outer loop
      vertex -9.25933 1.50469 12.8955
      vertex -9.66551 3.59381 12.9966
      vertex -9.27591 1.50859 12.8952
    endloop
  endfacet
  facet normal 0.0140331 -0.0191753 0.999718
    outer loop
      vertex -5.35143 1.05913 12.8918
      vertex 14.3453 -11.6785 12.371
      vertex -5.33702 1.09053 12.8922
    endloop
  endfacet
  facet normal 0.0149301 -0.0177887 0.99973
    outer loop
      vertex 14.3453 -11.6785 12.371
      vertex -5.35143 1.05913 12.8918
      vertex -5.37265 1.03008 12.8916
    endloop
  endfacet
  facet normal 0.0338712 -0.0142949 0.999324
    outer loop
      vertex -7.13814 2.24609 12.9397
      vertex -7.11303 2.15179 12.9375
      vertex -7.11729 2.17665 12.938
    endloop
  endfacet
  facet normal -0.00718098 -0.0252339 0.999656
    outer loop
      vertex -7.14613 2.26421 12.9401
      vertex -7.11303 2.15179 12.9375
      vertex -7.13814 2.24609 12.9397
    endloop
  endfacet
  facet normal 0.0141621 -0.0189513 0.99972
    outer loop
      vertex -8.40065 3.07809 12.9733
      vertex -7.11303 2.15179 12.9375
      vertex -7.14613 2.26421 12.9401
    endloop
  endfacet
  facet normal 0.0163656 -0.015889 0.99974
    outer loop
      vertex -8.4606 3.10443 12.9747
      vertex -7.11303 2.15179 12.9375
      vertex -8.40065 3.07809 12.9733
    endloop
  endfacet
  facet normal 0.0142492 -0.0188821 0.99972
    outer loop
      vertex -8.73953 3.2222 12.9809
      vertex -7.11303 2.15179 12.9375
      vertex -8.4606 3.10443 12.9747
    endloop
  endfacet
  facet normal 0.0135236 -0.0199841 0.999709
    outer loop
      vertex -7.11303 2.15179 12.9375
      vertex -8.73953 3.2222 12.9809
      vertex -8.85091 3.27189 12.9834
    endloop
  endfacet
  facet normal -0.0535698 -0.01861 0.998391
    outer loop
      vertex -10.0801 3.95084 12.9869
      vertex -20.7425 10.421 12.5354
      vertex -10.0677 3.94197 12.9874
    endloop
  endfacet
  facet normal -0.0553922 -0.0216243 0.99823
    outer loop
      vertex -10.0828 3.95314 12.9868
      vertex -20.7425 10.421 12.5354
      vertex -10.0801 3.95084 12.9869
    endloop
  endfacet
  facet normal -0.0556903 -0.0221175 0.998203
    outer loop
      vertex -20.7425 10.421 12.5354
      vertex -10.0828 3.95314 12.9868
      vertex -20.7927 10.5474 12.5354
    endloop
  endfacet
  facet normal -0.0552001 -0.0213183 0.998248
    outer loop
      vertex -10.2351 4.08527 12.9812
      vertex -20.7927 10.5474 12.5354
      vertex -10.0828 3.95314 12.9868
    endloop
  endfacet
  facet normal -0.0532502 -0.018121 0.998417
    outer loop
      vertex -20.7927 10.5474 12.5354
      vertex -10.2351 4.08527 12.9812
      vertex -10.3173 4.17255 12.9784
    endloop
  endfacet
  facet normal 0.0242759 0.103067 0.994378
    outer loop
      vertex 10.885 5.62553 12.4059
      vertex 21.0818 6.11433 12.1063
      vertex 10.8926 5.64593 12.4036
    endloop
  endfacet
  facet normal 0.0243843 0.100937 0.994594
    outer loop
      vertex 21.0818 6.11433 12.1063
      vertex 10.885 5.62553 12.4059
      vertex 21.1869 6.08894 12.1063
    endloop
  endfacet
  facet normal 0.024255 0.103754 0.994307
    outer loop
      vertex -3.60962 4.97927 12.8268
      vertex -7.60101 4.79398 12.9435
      vertex -3.60962 4.97352 12.8274
    endloop
  endfacet
  facet normal 0.0236517 0.115913 0.992978
    outer loop
      vertex -7.60101 4.79398 12.9435
      vertex -3.60962 4.97927 12.8268
      vertex -7.6048 4.79561 12.9434
    endloop
  endfacet
  facet normal 0.0242005 0.104656 0.994214
    outer loop
      vertex 1.57142 5.21744 12.6756
      vertex 4.61315 5.34341 12.5883
      vertex 4.6077 5.35702 12.587
    endloop
  endfacet
  facet normal 0.0243809 0.100587 0.994629
    outer loop
      vertex 4.61315 5.34341 12.5883
      vertex 1.57142 5.21744 12.6756
      vertex 1.56105 5.20611 12.677
    endloop
  endfacet
  facet normal 0.0243684 0.101327 0.994555
    outer loop
      vertex 6.69496 5.45297 12.5261
      vertex 8.72083 5.52818 12.4688
      vertex 8.72682 5.54637 12.4668
    endloop
  endfacet
  facet normal 0.0242906 0.103272 0.994357
    outer loop
      vertex 8.72083 5.52818 12.4688
      vertex 6.69496 5.45297 12.5261
      vertex 6.70022 5.43729 12.5276
    endloop
  endfacet
  facet normal 0.024217 0.103106 0.994376
    outer loop
      vertex -1.56797 5.07312 12.7672
      vertex -0.885478 5.09606 12.7482
      vertex -0.877735 5.10485 12.7471
    endloop
  endfacet
  facet normal 0.02385 0.113127 0.993294
    outer loop
      vertex -0.885478 5.09606 12.7482
      vertex -1.56797 5.07312 12.7672
      vertex -1.56855 5.06534 12.7681
    endloop
  endfacet
  facet normal -0.0339392 0.0134683 0.999333
    outer loop
      vertex -20.7927 11.1073 12.5354
      vertex -10.7497 5.02141 12.9585
      vertex -20.7425 11.2338 12.5354
    endloop
  endfacet
  facet normal -0.0341921 0.0130507 0.99933
    outer loop
      vertex -10.7497 5.02141 12.9585
      vertex -20.7927 11.1073 12.5354
      vertex -10.7466 5.00656 12.9588
    endloop
  endfacet
  facet normal 0.0363888 -0.306381 0.951213
    outer loop
      vertex 14.7454 -16.5773 11.6687
      vertex 13.7644 -18.7904 10.9934
      vertex 15.0846 -18.6336 10.9934
    endloop
  endfacet
  facet normal 0.189463 -0.123182 0.97413
    outer loop
      vertex 20.81 -9.36166 12.108
      vertex 20.6007 -9.68358 12.108
      vertex 22.7205 -10.0933 11.6439
    endloop
  endfacet
  facet normal 0.223038 -0.242181 0.944247
    outer loop
      vertex 22.7205 -10.0933 11.6439
      vertex 16.5581 -15.6719 11.6687
      vertex 17.5241 -17.4152 10.9934
    endloop
  endfacet
  facet normal 0.175011 -0.18903 0.96625
    outer loop
      vertex 20.6007 -9.68358 12.108
      vertex 16.5581 -15.6719 11.6687
      vertex 22.7205 -10.0933 11.6439
    endloop
  endfacet
  facet normal 0.11157 -0.173143 0.978557
    outer loop
      vertex 15.4848 -13.7349 12.1338
      vertex 14.9494 -14.0799 12.1338
      vertex 16.5581 -15.6719 11.6687
    endloop
  endfacet
  facet normal 0.0544927 -0.0845663 0.994927
    outer loop
      vertex 15.4848 -13.7349 12.1338
      vertex 14.3453 -11.6785 12.371
      vertex 14.9494 -14.0799 12.1338
    endloop
  endfacet
  facet normal -0.0286024 -0.194849 0.980416
    outer loop
      vertex 13.1603 -14.2924 12.1338
      vertex -6.67219 -10.4362 12.3216
      vertex 12.7834 -16.5773 11.6687
    endloop
  endfacet
  facet normal 0.0232438 -0.195727 0.980383
    outer loop
      vertex 14.3685 -14.2924 12.1338
      vertex 13.7644 -16.6938 11.6687
      vertex 14.7454 -16.5773 11.6687
    endloop
  endfacet
  facet normal -0.0647849 -0.318455 0.945722
    outer loop
      vertex -6.97015 -11.4411 12.0854
      vertex -7.40272 -11.3531 12.0854
      vertex 12.4442 -18.6336 10.9934
    endloop
  endfacet
  facet normal -0.0586466 -0.302728 0.951271
    outer loop
      vertex 12.7834 -16.5773 11.6687
      vertex -6.97015 -11.4411 12.0854
      vertex 12.4442 -18.6336 10.9934
    endloop
  endfacet
  facet normal 0.107592 -0.294123 0.949692
    outer loop
      vertex 15.6888 -16.2322 11.6687
      vertex 14.7454 -16.5773 11.6687
      vertex 16.3541 -18.1693 10.9934
    endloop
  endfacet
  facet normal 0.0688008 -0.188081 0.979741
    outer loop
      vertex 14.9494 -14.0799 12.1338
      vertex 14.7454 -16.5773 11.6687
      vertex 15.6888 -16.2322 11.6687
    endloop
  endfacet
  facet normal 0.263124 -0.719383 0.642848
    outer loop
      vertex 17.3646 -21.1109 9.12327
      vertex 15.7559 -22.7028 8.0003
      vertex 17.6708 -22.0024 8.0003
    endloop
  endfacet
  facet normal 0.419968 -0.651543 0.631758
    outer loop
      vertex 18.9911 -20.0625 9.12327
      vertex 17.3646 -21.1109 9.12327
      vertex 17.6708 -22.0024 8.0003
    endloop
  endfacet
  facet normal 0.552964 -0.558744 0.618091
    outer loop
      vertex 20.4167 -18.6518 9.12327
      vertex 19.4357 -20.8649 8.0003
      vertex 20.9825 -19.3341 8.0003
    endloop
  endfacet
  facet normal 0.552904 -0.558744 0.618144
    outer loop
      vertex 20.4167 -18.6518 9.12327
      vertex 18.9911 -20.0625 9.12327
      vertex 19.4357 -20.8649 8.0003
    endloop
  endfacet
  facet normal 0.0853655 -0.0977693 -0.991541
    outer loop
      vertex 20.2609 -9.98027 0.266419
      vertex 18.3504 -9.24861 0.0297928
      vertex 20.6007 -9.68358 0.266419
    endloop
  endfacet
  facet normal 0.092835 -0.0603812 -0.993849
    outer loop
      vertex 20.6007 -9.68358 0.266419
      vertex 18.3504 -9.24861 0.0297928
      vertex 18.4211 -9.13991 0.0297928
    endloop
  endfacet
  facet normal 0.00124447 0.000762098 -0.999999
    outer loop
      vertex 14.5342 6.43528 0.00730991
      vertex 14.4307 6.60429 0.00730991
      vertex 19.9701 7.07167 0.0145597
    endloop
  endfacet
  facet normal -0.00113599 -0.00185912 -0.999998
    outer loop
      vertex -10.2504 -10.4128 0.0122728
      vertex -18.871 -9.63328 0.0206165
      vertex -10.3247 -10.3674 0.0122728
    endloop
  endfacet
  facet normal 0.0246483 0.34347 -0.93884
    outer loop
      vertex 18.1754 15.4665 0.580132
      vertex 17.0425 15.5478 0.580132
      vertex 18.5671 16.901 1.11522
    endloop
  endfacet
  facet normal 0.0246463 0.343472 -0.93884
    outer loop
      vertex 18.5671 16.901 1.11522
      vertex 17.0425 15.5478 0.580132
      vertex 17.0425 17.0104 1.11522
    endloop
  endfacet
  facet normal 0.167579 0.430371 -0.88696
    outer loop
      vertex 21.3841 16.051 1.11522
      vertex 20.6865 17.7262 1.79626
      vertex 22.3327 17.0852 1.79626
    endloop
  endfacet
  facet normal 0.227813 0.381094 -0.896029
    outer loop
      vertex 22.5683 15.3431 1.11522
      vertex 21.3841 16.051 1.11522
      vertex 22.3327 17.0852 1.79626
    endloop
  endfacet
  facet normal 0.0109979 0.00118493 -0.999939
    outer loop
      vertex 20.1154 6.46084 0.0145597
      vertex 20.096 6.6409 0.0145597
      vertex 21.5326 5.67673 0.0292177
    endloop
  endfacet
  facet normal 0.00131743 0.000141942 -0.999999
    outer loop
      vertex 20.1154 6.46084 0.0145597
      vertex 14.6585 6.03322 0.00730991
      vertex 20.096 6.6409 0.0145597
    endloop
  endfacet
  facet normal 0.00589061 0.0043221 -0.999973
    outer loop
      vertex 19.911 7.16037 0.0145597
      vertex 18.0464 11.8066 0.0236578
      vertex 18.158 11.6545 0.0236578
    endloop
  endfacet
  facet normal 0.0700402 0.0513904 -0.99622
    outer loop
      vertex 18.158 11.6545 0.0236578
      vertex 18.0464 11.8066 0.0236578
      vertex 20.0157 12.7651 0.211556
    endloop
  endfacet
  facet normal 0.00126921 0.000550766 -0.999999
    outer loop
      vertex 20.0219 6.9523 0.0145597
      vertex 14.5342 6.43528 0.00730991
      vertex 19.9701 7.07167 0.0145597
    endloop
  endfacet
  facet normal -0.000666767 -0.000101127 -1
    outer loop
      vertex -5.34581 -0.0539465 0.00758934
      vertex -24.6084 4.65689 0.0199566
      vertex -5.36753 0.0892611 0.00758934
    endloop
  endfacet
  facet normal -0.000445679 0.000836241 -1
    outer loop
      vertex -5.03646 0.60832 0.00758934
      vertex -24.2545 5.15506 0.0199566
      vertex -4.86517 0.69961 0.00758934
    endloop
  endfacet
  facet normal -0.000482736 0.000679611 -1
    outer loop
      vertex -5.03646 0.60832 0.00758934
      vertex -24.4048 5.0483 0.0199566
      vertex -24.2545 5.15506 0.0199566
    endloop
  endfacet
  facet normal 0.125994 0.141955 -0.981822
    outer loop
      vertex 21.8707 13.6679 0.580132
      vertex 19.571 13.1598 0.211556
      vertex 21.1485 14.3089 0.580132
    endloop
  endfacet
  facet normal 0.197612 0.222645 -0.954662
    outer loop
      vertex 21.8707 13.6679 0.580132
      vertex 21.1485 14.3089 0.580132
      vertex 22.5683 15.3431 1.11522
    endloop
  endfacet
  facet normal 0.158097 0.0550091 -0.98589
    outer loop
      vertex 21.5219 5.76377 0.0292177
      vertex 20.5496 11.8261 0.211556
      vertex 22.7377 12.1432 0.580132
    endloop
  endfacet
  facet normal 0.0148241 0.00643285 -0.999869
    outer loop
      vertex 20.0219 6.9523 0.0145597
      vertex 19.9701 7.07167 0.0145597
      vertex 21.49 5.84747 0.0292177
    endloop
  endfacet
  facet normal 0.00270195 0.00304249 -0.999992
    outer loop
      vertex 19.911 7.16037 0.0145597
      vertex 17.8963 11.9399 0.0236578
      vertex 18.0464 11.8066 0.0236578
    endloop
  endfacet
  facet normal 0.125994 0.141955 -0.981822
    outer loop
      vertex 20.0157 12.7651 0.211556
      vertex 19.571 13.1598 0.211556
      vertex 21.8707 13.6679 0.580132
    endloop
  endfacet
  facet normal 0.00531061 0.108272 -0.994107
    outer loop
      vertex 17.0425 12.1975 0.0236578
      vertex 8.51787 13.9408 0.167988
      vertex 17.0425 13.9227 0.211556
    endloop
  endfacet
  facet normal 0.00542211 0.190911 -0.981592
    outer loop
      vertex 17.0425 13.9227 0.211556
      vertex 8.51787 13.9408 0.167988
      vertex 8.51787 15.4456 0.460659
    endloop
  endfacet
  facet normal 0.0470237 0.212844 -0.975954
    outer loop
      vertex 18.4109 13.7244 0.211556
      vertex 17.7401 13.8726 0.211556
      vertex 19.2647 15.2258 0.580132
    endloop
  endfacet
  facet normal 0.0731323 0.330964 -0.940805
    outer loop
      vertex 19.2647 15.2258 0.580132
      vertex 18.1754 15.4665 0.580132
      vertex 18.5671 16.901 1.11522
    endloop
  endfacet
  facet normal 0.206579 0.0255639 -0.978096
    outer loop
      vertex 22.6314 5.67673 0.261275
      vertex 21.5219 5.76377 0.0292177
      vertex 22.5995 5.93451 0.261275
    endloop
  endfacet
  facet normal 0.134831 0.0513873 -0.989535
    outer loop
      vertex 21.49 5.84747 0.0292177
      vertex 20.5496 11.8261 0.211556
      vertex 21.5219 5.76377 0.0292177
    endloop
  endfacet
  facet normal 0.0100062 -0.00123008 -0.999949
    outer loop
      vertex 21.5219 5.58969 0.0292177
      vertex 20.096 5.90627 0.0145597
      vertex 21.5326 5.67673 0.0292177
    endloop
  endfacet
  facet normal 0.00986235 -0.00187798 -0.99995
    outer loop
      vertex 21.5219 5.58969 0.0292177
      vertex 20.0644 5.74032 0.0145597
      vertex 20.096 5.90627 0.0145597
    endloop
  endfacet
  facet normal -0.000620422 9.40972e-05 -1
    outer loop
      vertex -5.36753 0.0892611 0.00758934
      vertex -24.6084 4.65689 0.0199566
      vertex -5.34581 0.23247 0.00758934
    endloop
  endfacet
  facet normal -8.88798e-06 -2.18594e-05 -1
    outer loop
      vertex 13.6796 4.72172 0.00730991
      vertex -4.86517 -0.521087 0.00758934
      vertex 13.5235 4.78519 0.00730991
    endloop
  endfacet
  facet normal -0.000217312 -0.000355645 -1
    outer loop
      vertex -10.2504 -10.4128 0.0122728
      vertex -10.3247 -10.3674 0.0122728
      vertex -5.03646 -0.429797 0.00758934
    endloop
  endfacet
  facet normal -0.000417301 -0.00025246 -1
    outer loop
      vertex -10.3799 -10.3156 0.0122728
      vertex -10.4139 -10.2594 0.0122728
      vertex -5.28149 -0.19165 0.00758934
    endloop
  endfacet
  facet normal -0.000476205 -0.000222431 -1
    outer loop
      vertex -5.28149 -0.19165 0.00758934
      vertex -10.4139 -10.2594 0.0122728
      vertex -5.34581 -0.0539465 0.00758934
    endloop
  endfacet
  facet normal -0.0467439 -0.0572214 0.997267
    outer loop
      vertex -9.01757 -0.112672 12.8145
      vertex -7.16768 -10.2142 12.3216
      vertex -7.07085 -10.2933 12.3216
    endloop
  endfacet
  facet normal -0.0442584 -0.056773 0.997406
    outer loop
      vertex -7.16768 -10.2142 12.3216
      vertex -9.01757 -0.112672 12.8145
      vertex -9.04006 -0.110951 12.8136
    endloop
  endfacet
  facet normal -0.0437365 -0.0566693 0.997435
    outer loop
      vertex -9.33002 1.5213 12.8936
      vertex -9.73669 3.64806 12.9966
      vertex -9.34312 1.52437 12.8932
    endloop
  endfacet
  facet normal -0.0345817 0.0124147 0.999325
    outer loop
      vertex -10.7289 4.92192 12.9605
      vertex -20.7927 11.1073 12.5354
      vertex -10.7126 4.87073 12.9617
    endloop
  endfacet
  facet normal -0.0342821 0.0129025 0.999329
    outer loop
      vertex -20.7927 11.1073 12.5354
      vertex -10.7289 4.92192 12.9605
      vertex -10.7466 5.00656 12.9588
    endloop
  endfacet
  facet normal 0.024944 0.00268364 0.999685
    outer loop
      vertex 6.29258 -3.16995 12.6322
      vertex 6.23052 -3.18913 12.6338
      vertex 18.4449 -9.02687 12.3447
    endloop
  endfacet
  facet normal 0.0242632 0.00124451 0.999705
    outer loop
      vertex -1.54012 0.524759 12.8177
      vertex 4.18855 -2.15589 12.682
      vertex -1.54012 0.605088 12.8176
    endloop
  endfacet
  facet normal 0.024497 0.00174437 0.999698
    outer loop
      vertex 4.18855 -2.15589 12.682
      vertex -1.54012 0.524759 12.8177
      vertex 4.18855 -2.2132 12.6821
    endloop
  endfacet
  facet normal 0.0240007 0.000609076 0.999712
    outer loop
      vertex -5.06203 2.20802 12.9011
      vertex -3.60962 1.6025 12.8666
      vertex -5.05893 2.25 12.901
    endloop
  endfacet
  facet normal 0.0250254 0.00290423 0.999683
    outer loop
      vertex -5.05893 2.25 12.901
      vertex -3.60962 1.6025 12.8666
      vertex -5.06097 2.302 12.9009
    endloop
  endfacet
  facet normal 0.0242168 0.00112783 0.999706
    outer loop
      vertex -3.60962 1.6025 12.8666
      vertex -5.06203 2.20802 12.9011
      vertex -3.60962 1.51386 12.8667
    endloop
  endfacet
  facet normal -0.0306886 0.0187065 0.999354
    outer loop
      vertex -20.7425 11.2338 12.5354
      vertex -10.7765 5.16174 12.9551
      vertex -20.6749 11.3447 12.5354
    endloop
  endfacet
  facet normal -0.0274729 0.023983 0.999335
    outer loop
      vertex -10.7765 5.16174 12.9551
      vertex -20.7425 11.2338 12.5354
      vertex -10.7748 5.14702 12.9555
    endloop
  endfacet
  facet normal -0.0966209 -0.175389 0.979746
    outer loop
      vertex -7.07085 -10.2933 12.3216
      vertex -8.15081 -11.0178 12.0854
      vertex -6.95286 -10.3583 12.3216
    endloop
  endfacet
  facet normal -0.139014 -0.387546 0.911308
    outer loop
      vertex -7.80138 -11.2101 12.0854
      vertex -8.60067 -12.0126 11.6222
      vertex -7.40272 -11.3531 12.0854
    endloop
  endfacet
  facet normal -0.00961824 -0.0501539 0.998695
    outer loop
      vertex -9.15528 1.48213 12.8964
      vertex -9.58827 3.56041 12.9966
      vertex -9.17692 1.48628 12.8964
    endloop
  endfacet
  facet normal -0.0102277 -0.050298 0.998682
    outer loop
      vertex -8.82038 -0.125345 12.8189
      vertex -6.81825 -10.4065 12.3216
      vertex -6.67219 -10.4362 12.3216
    endloop
  endfacet
  facet normal -0.0102171 -0.050296 0.998682
    outer loop
      vertex -6.81825 -10.4065 12.3216
      vertex -8.82038 -0.125345 12.8189
      vertex -8.8576 -0.123741 12.8186
    endloop
  endfacet
  facet normal -0.0203628 -0.0522718 0.998425
    outer loop
      vertex -9.17692 1.48628 12.8964
      vertex -9.58827 3.56041 12.9966
      vertex -9.19625 1.48999 12.8962
    endloop
  endfacet
  facet normal -0.0186014 -0.0519489 0.998476
    outer loop
      vertex -8.8576 -0.123741 12.8186
      vertex -6.95286 -10.3583 12.3216
      vertex -6.81825 -10.4065 12.3216
    endloop
  endfacet
  facet normal -0.0202034 -0.0522447 0.99843
    outer loop
      vertex -6.95286 -10.3583 12.3216
      vertex -8.8576 -0.123741 12.8186
      vertex -8.89097 -0.122303 12.818
    endloop
  endfacet
  facet normal -0.0715204 -0.199738 0.977236
    outer loop
      vertex -6.95286 -10.3583 12.3216
      vertex -7.80138 -11.2101 12.0854
      vertex -6.81825 -10.4065 12.3216
    endloop
  endfacet
  facet normal 0.37931 -0.363978 0.850672
    outer loop
      vertex 24.6282 -10.4621 10.97
      vertex 19.5952 -17.6612 10.1339
      vertex 26.2506 -10.7757 10.1124
    endloop
  endfacet
  facet normal 0.409717 -0.2663 0.872477
    outer loop
      vertex 25.0855 -9.75852 10.97
      vertex 24.6282 -10.4621 10.97
      vertex 26.2506 -10.7757 10.1124
    endloop
  endfacet
  facet normal 0.0969389 0.227594 0.968919
    outer loop
      vertex 21.8941 6.7754 11.8743
      vertex 21.1869 6.08894 12.1063
      vertex 21.2837 6.04771 12.1063
    endloop
  endfacet
  facet normal 0.0181039 -0.011775 0.999767
    outer loop
      vertex 5.83034 -3.28097 12.6417
      vertex 18.3504 -9.24861 12.3447
      vertex 18.4211 -9.13991 12.3447
    endloop
  endfacet
  facet normal 0.0179992 -0.0119946 0.999766
    outer loop
      vertex 18.3504 -9.24861 12.3447
      vertex 5.83034 -3.28097 12.6417
      vertex 5.71079 -3.302 12.6436
    endloop
  endfacet
  facet normal 0.0176777 -0.0126787 0.999763
    outer loop
      vertex -1.54012 0.109366 12.815
      vertex 4.18855 -2.51698 12.6804
      vertex -1.54012 0.148793 12.8155
    endloop
  endfacet
  facet normal 0.0181646 -0.0116168 0.999768
    outer loop
      vertex 4.18855 -2.51698 12.6804
      vertex -1.54012 0.109366 12.815
      vertex 4.18855 -2.58583 12.6796
    endloop
  endfacet
  facet normal 0.018961 -0.00993282 0.999771
    outer loop
      vertex -5.09806 1.78329 12.8992
      vertex -3.60962 1.11181 12.8643
      vertex -5.09339 1.80227 12.8993
    endloop
  endfacet
  facet normal 0.0187438 -0.0104143 0.99977
    outer loop
      vertex -3.60962 1.11181 12.8643
      vertex -5.09806 1.78329 12.8992
      vertex -3.60962 1.08301 12.864
    endloop
  endfacet
  facet normal 0.0967052 -0.020393 0.995104
    outer loop
      vertex 20.8806 -9.02687 12.108
      vertex 18.4211 -9.13991 12.3447
      vertex 20.81 -9.36166 12.108
    endloop
  endfacet
  facet normal 0.182519 0.122563 0.975533
    outer loop
      vertex 22.5051 6.18239 11.8743
      vertex 21.4382 5.92461 12.1063
      vertex 21.49 5.84747 12.1063
    endloop
  endfacet
  facet normal 0.0281376 0.0197785 0.999408
    outer loop
      vertex 10.7989 5.39614 12.4163
      vertex 21.4382 5.92461 12.1063
      vertex 10.8187 5.44882 12.4147
    endloop
  endfacet
  facet normal 0.0281805 0.0189234 0.999424
    outer loop
      vertex 21.4382 5.92461 12.1063
      vertex 10.7989 5.39614 12.4163
      vertex 21.49 5.84747 12.1063
    endloop
  endfacet
  facet normal 0.0284009 0.0137767 0.999502
    outer loop
      vertex -3.60962 4.80239 12.8338
      vertex -7.22724 4.63516 12.9389
      vertex -3.60962 4.78788 12.834
    endloop
  endfacet
  facet normal 0.0279445 0.0235439 0.999332
    outer loop
      vertex -7.22724 4.63516 12.9389
      vertex -3.60962 4.80239 12.8338
      vertex -7.23831 4.63981 12.9391
    endloop
  endfacet
  facet normal 0.0282714 0.0169696 0.999456
    outer loop
      vertex 1.39676 5.02669 12.6884
      vertex 4.6952 5.13847 12.5932
      vertex 4.68104 5.17384 12.593
    endloop
  endfacet
  facet normal 0.0283021 0.0160751 0.99947
    outer loop
      vertex 4.6952 5.13847 12.5932
      vertex 1.39676 5.02669 12.6884
      vertex 1.37061 4.99812 12.6896
    endloop
  endfacet
  facet normal 0.028134 0.0205618 0.999393
    outer loop
      vertex 6.7574 5.26686 12.5327
      vertex 8.64751 5.30532 12.4787
      vertex 8.66295 5.35224 12.4773
    endloop
  endfacet
  facet normal 0.0281613 0.0192572 0.999418
    outer loop
      vertex 8.64751 5.30532 12.4787
      vertex 6.7574 5.26686 12.5327
      vertex 6.77107 5.22611 12.5331
    endloop
  endfacet
  facet normal 0.0282428 0.0184569 0.999431
    outer loop
      vertex -1.58208 4.89323 12.7749
      vertex -1.05296 4.89581 12.7599
      vertex -1.03543 4.91772 12.759
    endloop
  endfacet
  facet normal 0.0282463 0.0178099 0.999442
    outer loop
      vertex -1.05296 4.89581 12.7599
      vertex -1.58208 4.89323 12.7749
      vertex -1.58373 4.8734 12.7753
    endloop
  endfacet
  facet normal 0.538622 -0.350123 0.766355
    outer loop
      vertex 28.1611 -10.044 9.10387
      vertex 26.8078 -9.9184 10.1124
      vertex 27.5253 -11.0221 9.10387
    endloop
  endfacet
  facet normal 0.67414 -0.438215 0.594562
    outer loop
      vertex 28.1611 -10.044 9.10387
      vertex 27.5253 -11.0221 9.10387
      vertex 28.4033 -11.1918 7.98328
    endloop
  endfacet
  facet normal -0.00108427 -0.00125698 -0.999999
    outer loop
      vertex -18.871 -9.63328 0.0206165
      vertex -18.948 -9.56686 0.0206165
      vertex -10.3247 -10.3674 0.0122728
    endloop
  endfacet
  facet normal -6.63967e-05 -0.000437867 -1
    outer loop
      vertex -9.94439 -10.4948 0.0122728
      vertex -10.0565 -10.4778 0.0122728
      vertex -4.45771 -0.630693 0.00758934
    endloop
  endfacet
  facet normal 0.00954292 -0.0260636 0.999615
    outer loop
      vertex -5.42659 0.956253 12.8905
      vertex 13.9684 -11.8668 12.371
      vertex 14.1645 -11.795 12.371
    endloop
  endfacet
  facet normal 0.0103101 -0.0249041 0.999637
    outer loop
      vertex 13.9684 -11.8668 12.371
      vertex -5.42659 0.956253 12.8905
      vertex -5.4434 0.933238 12.8901
    endloop
  endfacet
  facet normal 0.174987 -0.0166655 0.98443
    outer loop
      vertex -7.10166 2.04651 12.9349
      vertex -7.10079 2.02611 12.9344
      vertex -7.10063 2.02779 12.9344
    endloop
  endfacet
  facet normal 0.0108473 -0.0240387 0.999652
    outer loop
      vertex -9.34295 3.5053 12.9943
      vertex -7.10079 2.02611 12.9344
      vertex -7.10166 2.04651 12.9349
    endloop
  endfacet
  facet normal 0.0849281 0.0885451 0.992445
    outer loop
      vertex -7.10079 2.02611 12.9344
      vertex -9.34295 3.5053 12.9943
      vertex -9.34805 3.50795 12.9945
    endloop
  endfacet
  facet normal 0.0336015 -0.0917724 0.995213
    outer loop
      vertex 14.1645 -11.795 12.371
      vertex 13.9684 -11.8668 12.371
      vertex 14.9494 -14.0799 12.1338
    endloop
  endfacet
  facet normal 0.0544913 -0.0845667 0.994927
    outer loop
      vertex 14.3453 -11.6785 12.371
      vertex 14.1645 -11.795 12.371
      vertex 14.9494 -14.0799 12.1338
    endloop
  endfacet
  facet normal 0.0928687 -0.0603797 0.993846
    outer loop
      vertex 20.81 -9.36166 12.108
      vertex 18.4211 -9.13991 12.3447
      vertex 20.6007 -9.68358 12.108
    endloop
  endfacet
  facet normal 0.0164505 -0.0152855 0.999748
    outer loop
      vertex 5.66719 -3.30968 12.6442
      vertex 18.3504 -9.24861 12.3447
      vertex 5.71079 -3.302 12.6436
    endloop
  endfacet
  facet normal 0.0174156 -0.0132251 0.999761
    outer loop
      vertex 18.3504 -9.24861 12.3447
      vertex 5.66719 -3.30968 12.6442
      vertex 5.63122 -3.31169 12.6448
    endloop
  endfacet
  facet normal 0.0172463 -0.0135683 0.999759
    outer loop
      vertex -1.54012 0.0356824 12.814
      vertex 4.18855 -2.58583 12.6796
      vertex -1.54012 0.109366 12.815
    endloop
  endfacet
  facet normal 0.0164783 -0.0152459 0.999748
    outer loop
      vertex 4.18855 -2.58583 12.6796
      vertex -1.54012 0.0356824 12.814
      vertex 4.18855 -2.63829 12.6788
    endloop
  endfacet
  facet normal 0.0168657 -0.0144054 0.999754
    outer loop
      vertex -5.1172 1.70536 12.8984
      vertex -3.60962 1.08301 12.864
      vertex -5.09806 1.78329 12.8992
    endloop
  endfacet
  facet normal 0.0167237 -0.0147492 0.999751
    outer loop
      vertex -3.60962 1.08301 12.864
      vertex -5.1172 1.70536 12.8984
      vertex -3.60962 1.00167 12.8628
    endloop
  endfacet
  facet normal 0.051934 0.268658 0.961834
    outer loop
      vertex -9.19625 1.48999 12.8962
      vertex -9.25933 1.50469 12.8955
      vertex -9.19894 1.49051 12.8962
    endloop
  endfacet
  facet normal -0.0233923 -0.0528407 0.998329
    outer loop
      vertex -9.58827 3.56041 12.9966
      vertex -9.25933 1.50469 12.8955
      vertex -9.19625 1.48999 12.8962
    endloop
  endfacet
  facet normal -0.0228094 -0.0527483 0.998347
    outer loop
      vertex -9.25933 1.50469 12.8955
      vertex -9.58827 3.56041 12.9966
      vertex -9.66551 3.59381 12.9966
    endloop
  endfacet
  facet normal -0.00208912 -0.0488331 0.998805
    outer loop
      vertex -8.89284 -0.122223 12.818
      vertex -6.95286 -10.3583 12.3216
      vertex -8.89097 -0.122303 12.818
    endloop
  endfacet
  facet normal -0.0236524 -0.0528964 0.99832
    outer loop
      vertex -6.95286 -10.3583 12.3216
      vertex -8.89284 -0.122223 12.818
      vertex -8.94377 -0.118323 12.817
    endloop
  endfacet
  facet normal -0.0226888 0.031503 0.999246
    outer loop
      vertex -20.5925 11.4356 12.5354
      vertex -10.8011 5.39384 12.9482
      vertex -20.4985 11.5033 12.5354
    endloop
  endfacet
  facet normal -0.0197065 0.0363293 0.999146
    outer loop
      vertex -10.8011 5.39384 12.9482
      vertex -20.5925 11.4356 12.5354
      vertex -10.8006 5.38036 12.9487
    endloop
  endfacet
  facet normal 0.0232635 -0.195731 0.980382
    outer loop
      vertex 13.7644 -14.3642 12.1338
      vertex 13.7644 -16.6938 11.6687
      vertex 14.3685 -14.2924 12.1338
    endloop
  endfacet
  facet normal -0.0232635 -0.195731 0.980382
    outer loop
      vertex 13.7644 -14.3642 12.1338
      vertex 13.1603 -14.2924 12.1338
      vertex 13.7644 -16.6938 11.6687
    endloop
  endfacet
  facet normal 0.152017 -0.415647 0.896732
    outer loop
      vertex 16.3541 -18.1693 10.9934
      vertex 15.0846 -18.6336 10.9934
      vertex 15.3731 -20.3824 10.1339
    endloop
  endfacet
  facet normal 0.107576 -0.294138 0.94969
    outer loop
      vertex 16.3541 -18.1693 10.9934
      vertex 14.7454 -16.5773 11.6687
      vertex 15.0846 -18.6336 10.9934
    endloop
  endfacet
  facet normal 0.000500284 -0.000455197 -1
    outer loop
      vertex 14.4307 5.02696 0.00730991
      vertex 11.0972 -9.35316 0.012188
      vertex 14.3045 4.88826 0.00730991
    endloop
  endfacet
  facet normal 0.000292527 -0.000408408 -1
    outer loop
      vertex 14.3045 4.88826 0.00730991
      vertex 11.0972 -9.35316 0.012188
      vertex 14.1606 4.78519 0.00730991
    endloop
  endfacet
  facet normal 0 0 -1
    outer loop
      vertex 13.0096 5.81563 0.00730991
      vertex 14.6745 5.81563 0.00730991
      vertex 14.6585 5.59804 0.00730991
    endloop
  endfacet
  facet normal 0 0 -1
    outer loop
      vertex 13.0256 5.59804 0.00730991
      vertex 14.6585 5.59804 0.00730991
      vertex 14.6111 5.38881 0.00730991
    endloop
  endfacet
  facet normal 0 0 -1
    outer loop
      vertex 14.6745 5.81563 0.00730991
      vertex 13.0096 5.81563 0.00730991
      vertex 14.6585 6.03322 0.00730991
    endloop
  endfacet
  facet normal 0 0 -1
    outer loop
      vertex 13.073 5.38881 0.00730991
      vertex 14.6111 5.38881 0.00730991
      vertex 14.5342 5.19598 0.00730991
    endloop
  endfacet
  facet normal 0 -0 -1
    outer loop
      vertex 13.0256 6.03322 0.00730991
      vertex 14.6585 6.03322 0.00730991
      vertex 13.0096 5.81563 0.00730991
    endloop
  endfacet
  facet normal 0 0 -1
    outer loop
      vertex 13.1499 5.19598 0.00730991
      vertex 14.5342 5.19598 0.00730991
      vertex 14.4307 5.02696 0.00730991
    endloop
  endfacet
  facet normal 0 0 -1
    outer loop
      vertex 14.6585 6.03322 0.00730991
      vertex 13.0256 6.03322 0.00730991
      vertex 14.6111 6.24245 0.00730991
    endloop
  endfacet
  facet normal 0 0 -1
    outer loop
      vertex 13.2534 5.02696 0.00730991
      vertex 14.4307 5.02696 0.00730991
      vertex 14.3045 4.88826 0.00730991
    endloop
  endfacet
  facet normal 0 -0 -1
    outer loop
      vertex 13.073 6.24245 0.00730991
      vertex 14.6111 6.24245 0.00730991
      vertex 13.0256 6.03322 0.00730991
    endloop
  endfacet
  facet normal 0 0 -1
    outer loop
      vertex 13.3796 4.88826 0.00730991
      vertex 14.3045 4.88826 0.00730991
      vertex 14.1606 4.78519 0.00730991
    endloop
  endfacet
  facet normal 0 0 -1
    outer loop
      vertex 14.6111 6.24245 0.00730991
      vertex 13.073 6.24245 0.00730991
      vertex 14.5342 6.43528 0.00730991
    endloop
  endfacet
  facet normal 0 0 -1
    outer loop
      vertex 13.5235 4.78519 0.00730991
      vertex 14.1606 4.78519 0.00730991
      vertex 14.0045 4.72172 0.00730991
    endloop
  endfacet
  facet normal 0 -0 -1
    outer loop
      vertex 13.1499 6.43528 0.00730991
      vertex 14.5342 6.43528 0.00730991
      vertex 13.073 6.24245 0.00730991
    endloop
  endfacet
  facet normal 0 0 -1
    outer loop
      vertex 13.5235 4.78519 0.00730991
      vertex 14.0045 4.72172 0.00730991
      vertex 13.8421 4.70029 0.00730991
    endloop
  endfacet
  facet normal 0 0 -1
    outer loop
      vertex 14.5342 6.43528 0.00730991
      vertex 13.1499 6.43528 0.00730991
      vertex 14.4307 6.60429 0.00730991
    endloop
  endfacet
  facet normal 0 0 -1
    outer loop
      vertex 13.5235 4.78519 0.00730991
      vertex 13.8421 4.70029 0.00730991
      vertex 13.6796 4.72172 0.00730991
    endloop
  endfacet
  facet normal 0 -0 -1
    outer loop
      vertex 13.2534 6.60429 0.00730991
      vertex 14.4307 6.60429 0.00730991
      vertex 13.1499 6.43528 0.00730991
    endloop
  endfacet
  facet normal 0 0 -1
    outer loop
      vertex 14.1606 4.78519 0.00730991
      vertex 13.5235 4.78519 0.00730991
      vertex 13.3796 4.88826 0.00730991
    endloop
  endfacet
  facet normal 0 0 -1
    outer loop
      vertex 14.4307 6.60429 0.00730991
      vertex 13.2534 6.60429 0.00730991
      vertex 14.3045 6.743 0.00730991
    endloop
  endfacet
  facet normal 0 0 -1
    outer loop
      vertex 14.3045 4.88826 0.00730991
      vertex 13.3796 4.88826 0.00730991
      vertex 13.2534 5.02696 0.00730991
    endloop
  endfacet
  facet normal 0 0 -1
    outer loop
      vertex 14.6585 5.59804 0.00730991
      vertex 13.0256 5.59804 0.00730991
      vertex 13.0096 5.81563 0.00730991
    endloop
  endfacet
  facet normal 0 0 -1
    outer loop
      vertex 14.4307 5.02696 0.00730991
      vertex 13.2534 5.02696 0.00730991
      vertex 13.1499 5.19598 0.00730991
    endloop
  endfacet
  facet normal 0 -0 -1
    outer loop
      vertex 13.3796 6.743 0.00730991
      vertex 14.3045 6.743 0.00730991
      vertex 13.2534 6.60429 0.00730991
    endloop
  endfacet
  facet normal 0 0 -1
    outer loop
      vertex 14.5342 5.19598 0.00730991
      vertex 13.1499 5.19598 0.00730991
      vertex 13.073 5.38881 0.00730991
    endloop
  endfacet
  facet normal 0 0 -1
    outer loop
      vertex 14.6111 5.38881 0.00730991
      vertex 13.073 5.38881 0.00730991
      vertex 13.0256 5.59804 0.00730991
    endloop
  endfacet
  facet normal 0 0 -1
    outer loop
      vertex 14.3045 6.743 0.00730991
      vertex 13.3796 6.743 0.00730991
      vertex 14.1606 6.84606 0.00730991
    endloop
  endfacet
  facet normal 0 -0 -1
    outer loop
      vertex 13.5235 6.84606 0.00730991
      vertex 14.1606 6.84606 0.00730991
      vertex 13.3796 6.743 0.00730991
    endloop
  endfacet
  facet normal 0 0 -1
    outer loop
      vertex 13.8421 6.93096 0.00730991
      vertex 13.5235 6.84606 0.00730991
      vertex 13.6796 6.90953 0.00730991
    endloop
  endfacet
  facet normal -0 0 -1
    outer loop
      vertex 14.0045 6.90953 0.00730991
      vertex 13.5235 6.84606 0.00730991
      vertex 13.8421 6.93096 0.00730991
    endloop
  endfacet
  facet normal 0 0 -1
    outer loop
      vertex 14.1606 6.84606 0.00730991
      vertex 13.5235 6.84606 0.00730991
      vertex 14.0045 6.90953 0.00730991
    endloop
  endfacet
  facet normal 0.00253118 0.0029705 -0.999992
    outer loop
      vertex 19.8469 7.21499 0.0145597
      vertex 17.8963 11.9399 0.0236578
      vertex 19.911 7.16037 0.0145597
    endloop
  endfacet
  facet normal 0.00152645 0.00255572 -0.999996
    outer loop
      vertex 19.8469 7.21499 0.0145597
      vertex 17.7133 12.0492 0.0236578
      vertex 17.8963 11.9399 0.0236578
    endloop
  endfacet
  facet normal 0.206567 0.0253937 -0.978103
    outer loop
      vertex 21.5326 5.67673 0.0292177
      vertex 21.5219 5.76377 0.0292177
      vertex 22.6314 5.67673 0.261275
    endloop
  endfacet
  facet normal 0.0111201 0.00136701 -0.999937
    outer loop
      vertex 21.5326 5.67673 0.0292177
      vertex 20.096 6.6409 0.0145597
      vertex 21.5219 5.76377 0.0292177
    endloop
  endfacet
  facet normal 0.00776669 0.108274 -0.994091
    outer loop
      vertex 17.2781 12.1806 0.0236578
      vertex 17.0425 12.1975 0.0236578
      vertex 17.7401 13.8726 0.211556
    endloop
  endfacet
  facet normal 0.00777572 0.10827 -0.994091
    outer loop
      vertex 17.7401 13.8726 0.211556
      vertex 17.0425 12.1975 0.0236578
      vertex 17.0425 13.9227 0.211556
    endloop
  endfacet
  facet normal 0.0764964 0.196469 -0.977522
    outer loop
      vertex 19.0291 13.4837 0.211556
      vertex 18.4109 13.7244 0.211556
      vertex 19.2647 15.2258 0.580132
    endloop
  endfacet
  facet normal 0.119213 0.306239 -0.944461
    outer loop
      vertex 20.2686 14.835 0.580132
      vertex 19.2647 15.2258 0.580132
      vertex 21.3841 16.051 1.11522
    endloop
  endfacet
  facet normal -1.7914e-05 8.36741e-06 -1
    outer loop
      vertex 13.1499 6.43528 0.00730991
      vertex -5.34581 0.23247 0.00758934
      vertex -5.28149 0.370174 0.00758934
    endloop
  endfacet
  facet normal -2.08474e-05 1.71596e-05 -1
    outer loop
      vertex 13.2534 6.60429 0.00730991
      vertex -5.28149 0.370174 0.00758934
      vertex -5.17703 0.497084 0.00758934
    endloop
  endfacet
  facet normal -2.1705e-05 1.97474e-05 -1
    outer loop
      vertex 13.2534 6.60429 0.00730991
      vertex -5.17703 0.497084 0.00758934
      vertex 13.3796 6.743 0.00730991
    endloop
  endfacet
  facet normal -1.08135e-05 -1.50972e-05 -1
    outer loop
      vertex 13.5235 4.78519 0.00730991
      vertex -5.03646 -0.429797 0.00758934
      vertex 13.3796 4.88826 0.00730991
    endloop
  endfacet
  facet normal -0.000262432 -0.000331635 -1
    outer loop
      vertex -5.03646 -0.429797 0.00758934
      vertex -10.3247 -10.3674 0.0122728
      vertex -5.17703 -0.31856 0.00758934
    endloop
  endfacet
  facet normal -0.0489657 -0.0110399 0.998739
    outer loop
      vertex -10.5867 4.5486 12.9684
      vertex -20.8341 10.8274 12.5354
      vertex -10.5834 4.54301 12.9685
    endloop
  endfacet
  facet normal -0.0406432 0.00257273 0.99917
    outer loop
      vertex -20.8341 10.8274 12.5354
      vertex -10.5867 4.5486 12.9684
      vertex -10.6535 4.69726 12.9653
    endloop
  endfacet
  facet normal 0.00514563 0.0754678 0.997135
    outer loop
      vertex -20.1844 11.5449 12.5354
      vertex -10.8066 5.54641 12.941
      vertex -10.8068 5.55303 12.9405
    endloop
  endfacet
  facet normal 0.011213 0.0848986 0.996326
    outer loop
      vertex -10.8066 5.54641 12.941
      vertex -20.1844 11.5449 12.5354
      vertex -20.2904 11.5589 12.5354
    endloop
  endfacet
  facet normal -0.0463565 -0.00682043 0.998902
    outer loop
      vertex -10.3712 4.22971 12.9764
      vertex -20.8237 10.6847 12.5354
      vertex -10.3278 4.18371 12.9781
    endloop
  endfacet
  facet normal -0.0483334 -0.0100299 0.998781
    outer loop
      vertex -20.8237 10.6847 12.5354
      vertex -10.3712 4.22971 12.9764
      vertex -10.4736 4.36468 12.9728
    endloop
  endfacet
  facet normal -0.0270623 0.0245317 0.999333
    outer loop
      vertex -20.6749 11.3447 12.5354
      vertex -10.7909 5.28565 12.9518
      vertex -20.5925 11.4356 12.5354
    endloop
  endfacet
  facet normal -0.0274893 0.0238355 0.999338
    outer loop
      vertex -10.7909 5.28565 12.9518
      vertex -20.6749 11.3447 12.5354
      vertex -10.7892 5.27084 12.9522
    endloop
  endfacet
  facet normal 0.272293 -0.275164 0.922031
    outer loop
      vertex 22.7205 -10.0933 11.6439
      vertex 17.5241 -17.4152 10.9934
      vertex 18.5496 -16.4004 10.9934
    endloop
  endfacet
  facet normal 0.27689 -0.279809 0.91926
    outer loop
      vertex 18.5496 -16.4004 10.9934
      vertex 17.5241 -17.4152 10.9934
      vertex 24.6282 -10.4621 10.97
    endloop
  endfacet
  facet normal 1.23969e-05 -9.39458e-05 -1
    outer loop
      vertex 14.0045 4.72172 0.00730991
      vertex -4.01667 -0.630693 0.00758934
      vertex 13.8421 4.70029 0.00730991
    endloop
  endfacet
  facet normal -0.000295373 -0.00031476 -1
    outer loop
      vertex -10.3247 -10.3674 0.0122728
      vertex -10.3799 -10.3156 0.0122728
      vertex -5.17703 -0.31856 0.00758934
    endloop
  endfacet
  facet normal -1.11165e-05 -1.40479e-05 -1
    outer loop
      vertex -5.03646 -0.429797 0.00758934
      vertex -5.17703 -0.31856 0.00758934
      vertex 13.3796 4.88826 0.00730991
    endloop
  endfacet
  facet normal 0.0157477 -0.0168106 0.999735
    outer loop
      vertex -1.54012 0 12.8134
      vertex 4.18855 -2.63829 12.6788
      vertex -1.54012 0.0356824 12.814
    endloop
  endfacet
  facet normal 0.0161952 -0.0158388 0.999743
    outer loop
      vertex 5.63122 -3.31169 12.6448
      vertex 14.5038 -11.5217 12.371
      vertex 18.3504 -9.24861 12.3447
    endloop
  endfacet
  facet normal 0.0161276 -0.0159119 0.999743
    outer loop
      vertex 5.24416 -3.3333 12.6507
      vertex 14.5038 -11.5217 12.371
      vertex 5.63122 -3.31169 12.6448
    endloop
  endfacet
  facet normal 0.0160933 -0.0159506 0.999743
    outer loop
      vertex 5.10887 -3.33191 12.6529
      vertex 14.5038 -11.5217 12.371
      vertex 5.24416 -3.3333 12.6507
    endloop
  endfacet
  facet normal 0.0166788 -0.015279 0.999744
    outer loop
      vertex 4.98082 -3.32774 12.6551
      vertex 14.5038 -11.5217 12.371
      vertex 5.10887 -3.33191 12.6529
    endloop
  endfacet
  facet normal 0.0155982 -0.0165348 0.999742
    outer loop
      vertex 4.85999 -3.3208 12.6571
      vertex 14.5038 -11.5217 12.371
      vertex 4.98082 -3.32774 12.6551
    endloop
  endfacet
  facet normal 0.0162458 -0.0157733 0.999744
    outer loop
      vertex 4.74635 -3.31108 12.6591
      vertex 14.5038 -11.5217 12.371
      vertex 4.85999 -3.3208 12.6571
    endloop
  endfacet
  facet normal 0.015963 -0.0161093 0.999743
    outer loop
      vertex 4.63995 -3.2986 12.661
      vertex 14.5038 -11.5217 12.371
      vertex 4.74635 -3.31108 12.6591
    endloop
  endfacet
  facet normal 0.0168151 -0.0150873 0.999745
    outer loop
      vertex 4.53969 -3.28444 12.6629
      vertex 14.5038 -11.5217 12.371
      vertex 4.63995 -3.2986 12.661
    endloop
  endfacet
  facet normal 0.0164944 -0.0154752 0.999744
    outer loop
      vertex 4.44441 -3.26971 12.6647
      vertex 14.5038 -11.5217 12.371
      vertex 4.53969 -3.28444 12.6629
    endloop
  endfacet
  facet normal 0.0161336 -0.015915 0.999743
    outer loop
      vertex 4.35414 -3.25443 12.6664
      vertex 14.5038 -11.5217 12.371
      vertex 4.44441 -3.26971 12.6647
    endloop
  endfacet
  facet normal 0.0156977 -0.01645 0.999741
    outer loop
      vertex 4.26884 -3.23859 12.668
      vertex 14.5038 -11.5217 12.371
      vertex 4.35414 -3.25443 12.6664
    endloop
  endfacet
  facet normal 0.016857 -0.0150177 0.999745
    outer loop
      vertex 4.18855 -3.2222 12.6696
      vertex 14.5038 -11.5217 12.371
      vertex 4.26884 -3.23859 12.668
    endloop
  endfacet
  facet normal 0.0162355 -0.0157518 0.999744
    outer loop
      vertex 4.18855 -2.63829 12.6788
      vertex -1.54012 0 12.8134
      vertex 4.18855 -3.2222 12.6696
    endloop
  endfacet
  facet normal 0.0161862 -0.0158394 0.999744
    outer loop
      vertex -3.55984 0 12.8461
      vertex 4.18855 -3.2222 12.6696
      vertex -1.54012 0 12.8134
    endloop
  endfacet
  facet normal 0.0161759 -0.0158642 0.999743
    outer loop
      vertex 4.18855 -3.2222 12.6696
      vertex -3.55984 0 12.8461
      vertex 14.5038 -11.5217 12.371
    endloop
  endfacet
  facet normal 0.0161628 -0.0159503 0.999742
    outer loop
      vertex -5.18893 1.4133 12.8949
      vertex -3.60962 1.00167 12.8628
      vertex -5.1172 1.70536 12.8984
    endloop
  endfacet
  facet normal 0.0162202 -0.0157303 0.999745
    outer loop
      vertex -5.32174 1.12382 12.8925
      vertex -3.60962 1.00167 12.8628
      vertex -5.18893 1.4133 12.8949
    endloop
  endfacet
  facet normal 0.0162173 -0.0157705 0.999744
    outer loop
      vertex -3.60962 1.00167 12.8628
      vertex -5.32174 1.12382 12.8925
      vertex -3.60962 0.0317534 12.8475
    endloop
  endfacet
  facet normal 0.0399051 -0.00161628 0.999202
    outer loop
      vertex -7.20483 2.375 12.9428
      vertex -7.16043 2.29661 12.9409
      vertex -7.16731 2.31221 12.9412
    endloop
  endfacet
  facet normal 0.0176089 -0.0142579 0.999743
    outer loop
      vertex -7.2562 2.43777 12.9446
      vertex -7.16043 2.29661 12.9409
      vertex -7.20483 2.375 12.9428
    endloop
  endfacet
  facet normal 0.0179871 -0.0140012 0.99974
    outer loop
      vertex -7.32701 2.50389 12.9468
      vertex -7.16043 2.29661 12.9409
      vertex -7.2562 2.43777 12.9446
    endloop
  endfacet
  facet normal 0.0180905 -0.0139181 0.999739
    outer loop
      vertex -7.41727 2.57333 12.9494
      vertex -7.16043 2.29661 12.9409
      vertex -7.32701 2.50389 12.9468
    endloop
  endfacet
  facet normal 0.0157598 -0.0160816 0.999746
    outer loop
      vertex -7.52698 2.6461 12.9523
      vertex -7.16043 2.29661 12.9409
      vertex -7.41727 2.57333 12.9494
    endloop
  endfacet
  facet normal 0.0165701 -0.0152317 0.999747
    outer loop
      vertex -7.65613 2.7222 12.9556
      vertex -7.16043 2.29661 12.9409
      vertex -7.52698 2.6461 12.9523
    endloop
  endfacet
  facet normal 0.0163589 -0.0154778 0.999746
    outer loop
      vertex -7.81056 2.80443 12.9594
      vertex -7.16043 2.29661 12.9409
      vertex -7.65613 2.7222 12.9556
    endloop
  endfacet
  facet normal 0.0171277 -0.0144936 0.999748
    outer loop
      vertex -7.99612 2.89555 12.9639
      vertex -7.16043 2.29661 12.9409
      vertex -7.81056 2.80443 12.9594
    endloop
  endfacet
  facet normal 0.0163216 -0.0156181 0.999745
    outer loop
      vertex -8.21281 2.99556 12.969
      vertex -7.16043 2.29661 12.9409
      vertex -7.99612 2.89555 12.9639
    endloop
  endfacet
  facet normal 0.0155719 -0.0167467 0.999738
    outer loop
      vertex -7.16043 2.29661 12.9409
      vertex -8.21281 2.99556 12.969
      vertex -8.35233 3.05686 12.9722
    endloop
  endfacet
  facet normal 0.0169752 -0.0171593 0.999709
    outer loop
      vertex 14.5038 -11.5217 12.371
      vertex 14.3453 -11.6785 12.371
      vertex 18.3504 -9.24861 12.3447
    endloop
  endfacet
  facet normal 0.0613755 0.0691108 -0.995719
    outer loop
      vertex 18.0464 11.8066 0.0236578
      vertex 17.8963 11.9399 0.0236578
      vertex 19.571 13.1598 0.211556
    endloop
  endfacet
  facet normal 0.0613579 0.0691306 -0.995719
    outer loop
      vertex 20.0157 12.7651 0.211556
      vertex 18.0464 11.8066 0.0236578
      vertex 19.571 13.1598 0.211556
    endloop
  endfacet
  facet normal 0.0503255 0.084197 -0.995177
    outer loop
      vertex 19.571 13.1598 0.211556
      vertex 17.8963 11.9399 0.0236578
      vertex 19.0291 13.4837 0.211556
    endloop
  endfacet
  facet normal 0.0502995 0.084216 -0.995177
    outer loop
      vertex 17.8963 11.9399 0.0236578
      vertex 17.7133 12.0492 0.0236578
      vertex 19.0291 13.4837 0.211556
    endloop
  endfacet
  facet normal -1.59751e-05 2.42288e-06 -1
    outer loop
      vertex 13.0256 6.03322 0.00730991
      vertex -5.36753 0.0892611 0.00758934
      vertex -5.34581 0.23247 0.00758934
    endloop
  endfacet
  facet normal -1.55619e-05 1.14431e-06 -1
    outer loop
      vertex 13.0096 5.81563 0.00730991
      vertex -5.36753 0.0892611 0.00758934
      vertex 13.0256 6.03322 0.00730991
    endloop
  endfacet
  facet normal 0 0 1
    outer loop
      vertex -9.49953 3.5864 12.9966
      vertex -9.50795 3.54913 12.9966
      vertex -9.44472 3.55801 12.9966
    endloop
  endfacet
  facet normal 0 0 1
    outer loop
      vertex -9.49953 3.5864 12.9966
      vertex -9.58827 3.56041 12.9966
      vertex -9.50795 3.54913 12.9966
    endloop
  endfacet
  facet normal 0 0 1
    outer loop
      vertex -9.49953 3.5864 12.9966
      vertex -9.66551 3.59381 12.9966
      vertex -9.58827 3.56041 12.9966
    endloop
  endfacet
  facet normal 0 0 1
    outer loop
      vertex -9.71288 3.70667 12.9966
      vertex -9.66551 3.59381 12.9966
      vertex -9.49953 3.5864 12.9966
    endloop
  endfacet
  facet normal 0 0 1
    outer loop
      vertex -9.71288 3.70667 12.9966
      vertex -9.73669 3.64806 12.9966
      vertex -9.66551 3.59381 12.9966
    endloop
  endfacet
  facet normal 0 0 1
    outer loop
      vertex -9.71288 3.70667 12.9966
      vertex -9.79909 3.72105 12.9966
      vertex -9.73669 3.64806 12.9966
    endloop
  endfacet
  facet normal -0 -0 1
    outer loop
      vertex -9.79909 3.72105 12.9966
      vertex -9.71288 3.70667 12.9966
      vertex -9.83396 3.78164 12.9966
    endloop
  endfacet
  facet normal -0.0440458 -0.0567128 0.997418
    outer loop
      vertex -8.97235 -0.116135 12.8163
      vertex -9.01757 -0.112672 12.8145
      vertex -7.07085 -10.2933 12.3216
    endloop
  endfacet
  facet normal -0.0427655 -0.056496 0.997486
    outer loop
      vertex -9.66551 3.59381 12.9966
      vertex -9.33002 1.5213 12.8936
      vertex -9.27591 1.50859 12.8952
    endloop
  endfacet
  facet normal -0.043099 -0.0565491 0.997469
    outer loop
      vertex -9.33002 1.5213 12.8936
      vertex -9.66551 3.59381 12.9966
      vertex -9.73669 3.64806 12.9966
    endloop
  endfacet
  facet normal -0.140918 0.12774 0.981746
    outer loop
      vertex -20.5925 11.4356 12.5354
      vertex -21.185 12.6288 12.2951
      vertex -20.6749 11.3447 12.5354
    endloop
  endfacet
  facet normal 0.0124812 0.0868811 0.996141
    outer loop
      vertex -10.8081 5.58876 12.9374
      vertex -20.1844 11.5449 12.5354
      vertex -10.8068 5.55303 12.9405
    endloop
  endfacet
  facet normal -0.0670287 -0.0408579 0.996914
    outer loop
      vertex -9.79909 3.72105 12.9966
      vertex -20.7425 10.421 12.5354
      vertex -20.6749 10.3101 12.5354
    endloop
  endfacet
  facet normal -0.0643161 -0.0370144 0.997243
    outer loop
      vertex -9.90623 3.82639 12.9936
      vertex -9.79909 3.72105 12.9966
      vertex -9.83396 3.78164 12.9966
    endloop
  endfacet
  facet normal -0.0660329 -0.0387656 0.997064
    outer loop
      vertex -10.0677 3.94197 12.9874
      vertex -9.79909 3.72105 12.9966
      vertex -9.90623 3.82639 12.9936
    endloop
  endfacet
  facet normal -0.06495 -0.0374439 0.997186
    outer loop
      vertex -9.79909 3.72105 12.9966
      vertex -10.0677 3.94197 12.9874
      vertex -20.7425 10.421 12.5354
    endloop
  endfacet
  facet normal -4.75838e-06 -3.6082e-05 -1
    outer loop
      vertex 13.8421 4.70029 0.00730991
      vertex -4.45771 -0.630693 0.00758934
      vertex 13.6796 4.72172 0.00730991
    endloop
  endfacet
  facet normal -2.74907e-06 -4.29794e-05 -1
    outer loop
      vertex -4.23719 -0.644798 0.00758934
      vertex -4.45771 -0.630693 0.00758934
      vertex 13.8421 4.70029 0.00730991
    endloop
  endfacet
  facet normal -0.00143998 -0.00514232 -0.999986
    outer loop
      vertex -18.7909 -9.65571 0.0206165
      vertex -18.871 -9.63328 0.0206165
      vertex -10.1598 -10.4501 0.0122728
    endloop
  endfacet
  facet normal -0.00124029 -0.00301261 -0.999995
    outer loop
      vertex -10.1598 -10.4501 0.0122728
      vertex -18.871 -9.63328 0.0206165
      vertex -10.2504 -10.4128 0.0122728
    endloop
  endfacet
  facet normal -0.00019559 -0.00036699 -1
    outer loop
      vertex -4.86517 -0.521087 0.00758934
      vertex -10.2504 -10.4128 0.0122728
      vertex -5.03646 -0.429797 0.00758934
    endloop
  endfacet
  facet normal -9.85818e-06 -1.84972e-05 -1
    outer loop
      vertex -4.86517 -0.521087 0.00758934
      vertex -5.03646 -0.429797 0.00758934
      vertex 13.5235 4.78519 0.00730991
    endloop
  endfacet
  facet normal 0.021511 -0.00452902 0.999758
    outer loop
      vertex 6.16352 -3.20984 12.6353
      vertex 18.4211 -9.13991 12.3447
      vertex 18.4449 -9.02687 12.3447
    endloop
  endfacet
  facet normal 0.0217715 -0.00399035 0.999755
    outer loop
      vertex 18.4211 -9.13991 12.3447
      vertex 6.16352 -3.20984 12.6353
      vertex 6.0759 -3.23692 12.6371
    endloop
  endfacet
  facet normal 0.0208933 -0.00585154 0.999765
    outer loop
      vertex -1.54012 0.404772 12.8174
      vertex 4.18855 -2.27441 12.682
      vertex -1.54012 0.438943 12.8176
    endloop
  endfacet
  facet normal 0.0220724 -0.00332973 0.999751
    outer loop
      vertex 4.18855 -2.27441 12.682
      vertex -1.54012 0.404772 12.8174
      vertex 4.18855 -2.33446 12.6818
    endloop
  endfacet
  facet normal 0.0228318 -0.00168548 0.999738
    outer loop
      vertex -5.07054 2.09289 12.9011
      vertex -3.60962 1.41915 12.8666
      vertex -5.06924 2.1105 12.9011
    endloop
  endfacet
  facet normal 0.0217519 -0.00402802 0.999755
    outer loop
      vertex -3.60962 1.41915 12.8666
      vertex -5.07054 2.09289 12.9011
      vertex -3.60962 1.39433 12.8665
    endloop
  endfacet
  facet normal 0.0190856 -0.00960838 0.999772
    outer loop
      vertex 6.06969 -3.23885 12.6372
      vertex 18.4211 -9.13991 12.3447
      vertex 6.0759 -3.23692 12.6371
    endloop
  endfacet
  facet normal 0.0217184 -0.00409686 0.999756
    outer loop
      vertex 18.4211 -9.13991 12.3447
      vertex 6.06969 -3.23885 12.6372
      vertex 5.99351 -3.25225 12.6388
    endloop
  endfacet
  facet normal 0.0214894 -0.00454937 0.999759
    outer loop
      vertex -1.54012 0.316869 12.817
      vertex 4.18855 -2.33446 12.6818
      vertex -1.54012 0.404772 12.8174
    endloop
  endfacet
  facet normal 0.0213803 -0.00478507 0.99976
    outer loop
      vertex 4.18855 -2.33446 12.6818
      vertex -1.54012 0.316869 12.817
      vertex 4.18855 -2.39714 12.6815
    endloop
  endfacet
  facet normal 0.0214836 -0.00458921 0.999759
    outer loop
      vertex -5.07793 1.99294 12.9008
      vertex -3.60962 1.39433 12.8665
      vertex -5.07054 2.09289 12.9011
    endloop
  endfacet
  facet normal 0.0212541 -0.00515234 0.999761
    outer loop
      vertex -3.60962 1.39433 12.8665
      vertex -5.07793 1.99294 12.9008
      vertex -3.60962 1.29731 12.866
    endloop
  endfacet
  facet normal -0.0168602 0.0407584 0.999027
    outer loop
      vertex -20.3965 11.5449 12.5354
      vertex -10.8038 5.46846 12.9452
      vertex -10.8042 5.48055 12.9447
    endloop
  endfacet
  facet normal -0.0167158 0.0409859 0.99902
    outer loop
      vertex -10.8038 5.46846 12.9452
      vertex -20.3965 11.5449 12.5354
      vertex -20.4985 11.5033 12.5354
    endloop
  endfacet
  facet normal -0.017625 0.0395283 0.999063
    outer loop
      vertex -10.8038 5.46846 12.9452
      vertex -20.4985 11.5033 12.5354
      vertex -10.8011 5.39384 12.9482
    endloop
  endfacet
  facet normal -0.000138162 -0.00039802 -1
    outer loop
      vertex -4.66975 -0.588922 0.00758934
      vertex -10.1598 -10.4501 0.0122728
      vertex -4.86517 -0.521087 0.00758934
    endloop
  endfacet
  facet normal -0.000159238 -0.000386781 -1
    outer loop
      vertex -10.1598 -10.4501 0.0122728
      vertex -10.2504 -10.4128 0.0122728
      vertex -4.86517 -0.521087 0.00758934
    endloop
  endfacet
  facet normal -0 0 1
    outer loop
      vertex -3.60962 10.5556 5.6
      vertex -1.54012 5.8333 5.6
      vertex -1.54012 10.5556 5.6
    endloop
  endfacet
  facet normal 0 0 1
    outer loop
      vertex -1.54012 5.8333 5.6
      vertex -3.60962 10.5556 5.6
      vertex -1.5415 5.66136 5.6
    endloop
  endfacet
  facet normal 0 0 1
    outer loop
      vertex -1.5415 5.66136 5.6
      vertex -3.60962 10.5556 5.6
      vertex -1.54568 5.48999 5.6
    endloop
  endfacet
  facet normal 0 0 1
    outer loop
      vertex -1.54568 5.48999 5.6
      vertex -3.60962 10.5556 5.6
      vertex -1.55264 5.31918 5.6
    endloop
  endfacet
  facet normal 0 0 1
    outer loop
      vertex -1.55264 5.31918 5.6
      vertex -3.60962 10.5556 5.6
      vertex -1.56238 5.14891 5.6
    endloop
  endfacet
  facet normal 0 0 1
    outer loop
      vertex -1.56238 5.14891 5.6
      vertex -3.60962 10.5556 5.6
      vertex -1.57491 4.97919 5.6
    endloop
  endfacet
  facet normal 0 0 1
    outer loop
      vertex -1.57491 4.97919 5.6
      vertex -3.60962 10.5556 5.6
      vertex -1.58907 4.80948 5.6
    endloop
  endfacet
  facet normal 0 0 1
    outer loop
      vertex -1.58907 4.80948 5.6
      vertex -3.60962 10.5556 5.6
      vertex -1.60378 4.63919 5.6
    endloop
  endfacet
  facet normal 0 0 1
    outer loop
      vertex -1.60378 4.63919 5.6
      vertex -3.60962 10.5556 5.6
      vertex -1.61903 4.46835 5.6
    endloop
  endfacet
  facet normal 0 0 1
    outer loop
      vertex -3.60962 0 5.6
      vertex -1.61903 4.46835 5.6
      vertex -3.60962 10.5556 5.6
    endloop
  endfacet
  facet normal 0 0 1
    outer loop
      vertex -1.61903 4.46835 5.6
      vertex -3.60962 0 5.6
      vertex -1.63484 4.29695 5.6
    endloop
  endfacet
  facet normal 0 0 1
    outer loop
      vertex 7.99416 3.3194 5.6
      vertex 11.6192 7.5833 5.6
      vertex 9.39696 7.5833 5.6
    endloop
  endfacet
  facet normal 0 0 1
    outer loop
      vertex 11.6192 7.5833 5.6
      vertex 7.99416 3.3194 5.6
      vertex 8.41075 -0.972198 5.6
    endloop
  endfacet
  facet normal -0 0 1
    outer loop
      vertex 7.9561 3.19635 5.6
      vertex 8.41075 -0.972198 5.6
      vertex 7.99416 3.3194 5.6
    endloop
  endfacet
  facet normal -0 0 1
    outer loop
      vertex 7.91972 3.07166 5.6
      vertex 8.41075 -0.972198 5.6
      vertex 7.9561 3.19635 5.6
    endloop
  endfacet
  facet normal -0 0 1
    outer loop
      vertex 6.73026 0.0555878 5.6
      vertex 8.41075 -0.972198 5.6
      vertex 7.70245 2 5.6
    endloop
  endfacet
  facet normal -0 0 1
    outer loop
      vertex 7.88499 2.94527 5.6
      vertex 8.41075 -0.972198 5.6
      vertex 7.91972 3.07166 5.6
    endloop
  endfacet
  facet normal -0 0 1
    outer loop
      vertex 7.85194 2.81721 5.6
      vertex 8.41075 -0.972198 5.6
      vertex 7.88499 2.94527 5.6
    endloop
  endfacet
  facet normal -0 0 1
    outer loop
      vertex 7.82056 2.6875 5.6
      vertex 8.41075 -0.972198 5.6
      vertex 7.85194 2.81721 5.6
    endloop
  endfacet
  facet normal -0 0 1
    outer loop
      vertex 7.79138 2.55554 5.6
      vertex 8.41075 -0.972198 5.6
      vertex 7.82056 2.6875 5.6
    endloop
  endfacet
  facet normal -0 0 1
    outer loop
      vertex 7.76498 2.42082 5.6
      vertex 8.41075 -0.972198 5.6
      vertex 7.79138 2.55554 5.6
    endloop
  endfacet
  facet normal -0 0 1
    outer loop
      vertex 7.74136 2.28333 5.6
      vertex 8.41075 -0.972198 5.6
      vertex 7.76498 2.42082 5.6
    endloop
  endfacet
  facet normal -0 0 1
    outer loop
      vertex 6.60526 -0.319397 5.6
      vertex 8.41075 -0.972198 5.6
      vertex 6.73026 0.0555878 5.6
    endloop
  endfacet
  facet normal 0 0 1
    outer loop
      vertex 8.41075 -0.972198 5.6
      vertex 7.74136 2.28333 5.6
      vertex 7.70245 2 5.6
    endloop
  endfacet
  facet normal 0 0 1
    outer loop
      vertex 7.70245 2 5.6
      vertex 7.74136 2.28333 5.6
      vertex 7.72052 2.14305 5.6
    endloop
  endfacet
  facet normal -0 0 1
    outer loop
      vertex 6.52495 -0.535248 5.6
      vertex 8.41075 -0.972198 5.6
      vertex 6.60526 -0.319397 5.6
    endloop
  endfacet
  facet normal 0 0 1
    outer loop
      vertex 6.73026 0.0555878 5.6
      vertex 7.70245 2 5.6
      vertex 7.66075 2 5.6
    endloop
  endfacet
  facet normal 0 0 1
    outer loop
      vertex 6.73026 0.0555878 5.6
      vertex 7.66075 2 5.6
      vertex 7.64856 2.14305 5.6
    endloop
  endfacet
  facet normal 0 0 1
    outer loop
      vertex 6.73026 0.0555878 5.6
      vertex 7.64856 2.14305 5.6
      vertex 7.63412 2.28333 5.6
    endloop
  endfacet
  facet normal 0 0 1
    outer loop
      vertex 6.73026 0.0555878 5.6
      vertex 7.63412 2.28333 5.6
      vertex 7.61746 2.42082 5.6
    endloop
  endfacet
  facet normal 0 0 1
    outer loop
      vertex 6.73026 0.0555878 5.6
      vertex 7.61746 2.42082 5.6
      vertex 7.59857 2.55554 5.6
    endloop
  endfacet
  facet normal 0 0 1
    outer loop
      vertex 6.73026 0.0555878 5.6
      vertex 7.59857 2.55554 5.6
      vertex 7.57745 2.6875 5.6
    endloop
  endfacet
  facet normal 0 0 1
    outer loop
      vertex 6.73026 0.0555878 5.6
      vertex 7.57745 2.6875 5.6
      vertex 7.55302 2.81721 5.6
    endloop
  endfacet
  facet normal 0 0 1
    outer loop
      vertex 6.73026 0.0555878 5.6
      vertex 7.55302 2.81721 5.6
      vertex 7.52414 2.94527 5.6
    endloop
  endfacet
  facet normal 0 0 1
    outer loop
      vertex 6.73026 0.0555878 5.6
      vertex 7.52414 2.94527 5.6
      vertex 7.4908 3.07166 5.6
    endloop
  endfacet
  facet normal 0 0 1
    outer loop
      vertex 8.41075 -0.972198 5.6
      vertex 6.52495 -0.535248 5.6
      vertex 8.22272 -1.42082 5.6
    endloop
  endfacet
  facet normal 0 0 1
    outer loop
      vertex 6.73026 0.0555878 5.6
      vertex 7.4908 3.07166 5.6
      vertex 7.453 3.19635 5.6
    endloop
  endfacet
  facet normal 0 0 1
    outer loop
      vertex 6.73026 0.0555878 5.6
      vertex 7.453 3.19635 5.6
      vertex 7.41075 3.3194 5.6
    endloop
  endfacet
  facet normal -0 0 1
    outer loop
      vertex 6.42854 -0.738312 5.6
      vertex 8.22272 -1.42082 5.6
      vertex 6.52495 -0.535248 5.6
    endloop
  endfacet
  facet normal 0 0 1
    outer loop
      vertex 8.22272 -1.42082 5.6
      vertex 6.42854 -0.738312 5.6
      vertex 8.00301 -1.8222 5.6
    endloop
  endfacet
  facet normal -0 0 1
    outer loop
      vertex 6.31602 -0.928589 5.6
      vertex 8.00301 -1.8222 5.6
      vertex 6.42854 -0.738312 5.6
    endloop
  endfacet
  facet normal -0 0 1
    outer loop
      vertex 3.72284 7.56709 5.6
      vertex 7.41075 3.3194 5.6
      vertex 5.98026 7.5833 5.6
    endloop
  endfacet
  facet normal 0 0 1
    outer loop
      vertex 7.41075 3.3194 5.6
      vertex 3.72284 7.56709 5.6
      vertex 6.73026 0.0555878 5.6
    endloop
  endfacet
  facet normal -0 0 1
    outer loop
      vertex 1.40427 7.5833 5.6
      vertex 3.72284 7.56709 5.6
      vertex 5.98026 7.5833 5.6
    endloop
  endfacet
  facet normal 0 0 1
    outer loop
      vertex 1.40427 7.5833 5.6
      vertex 0.72377 4.29169 5.6
      vertex 3.72284 7.56709 5.6
    endloop
  endfacet
  facet normal -0 0 1
    outer loop
      vertex -0.720718 5.27779 5.6
      vertex 0.72377 4.29169 5.6
      vertex 1.40427 7.5833 5.6
    endloop
  endfacet
  facet normal -0 0 1
    outer loop
      vertex -0.819595 5.17084 5.6
      vertex 0.72377 4.29169 5.6
      vertex -0.720718 5.27779 5.6
    endloop
  endfacet
  facet normal -0 0 1
    outer loop
      vertex -0.91626 5.06113 5.6
      vertex 0.72377 4.29169 5.6
      vertex -0.819595 5.17084 5.6
    endloop
  endfacet
  facet normal -0 0 1
    outer loop
      vertex -1.01071 4.94862 5.6
      vertex 0.72377 4.29169 5.6
      vertex -0.91626 5.06113 5.6
    endloop
  endfacet
  facet normal -0 0 1
    outer loop
      vertex -1.10292 4.83334 5.6
      vertex 0.72377 4.29169 5.6
      vertex -1.01071 4.94862 5.6
    endloop
  endfacet
  facet normal -0 0 1
    outer loop
      vertex -1.19292 4.71529 5.6
      vertex 0.72377 4.29169 5.6
      vertex -1.10292 4.83334 5.6
    endloop
  endfacet
  facet normal 0 0 1
    outer loop
      vertex 0.72377 4.29169 5.6
      vertex -1.19292 4.71529 5.6
      vertex -0.651215 3.0694 5.6
    endloop
  endfacet
  facet normal -0 0 1
    outer loop
      vertex -1.28123 4.59613 5.6
      vertex -0.651215 3.0694 5.6
      vertex -1.19292 4.71529 5.6
    endloop
  endfacet
  facet normal -0 0 1
    outer loop
      vertex -1.36847 4.47752 5.6
      vertex -0.651215 3.0694 5.6
      vertex -1.28123 4.59613 5.6
    endloop
  endfacet
  facet normal -0 0 1
    outer loop
      vertex -1.45459 4.35945 5.6
      vertex -0.651215 3.0694 5.6
      vertex -1.36847 4.47752 5.6
    endloop
  endfacet
  facet normal -0 0 1
    outer loop
      vertex -1.5396 4.24194 5.6
      vertex -0.651215 3.0694 5.6
      vertex -1.45459 4.35945 5.6
    endloop
  endfacet
  facet normal -0 0 1
    outer loop
      vertex -1.62352 4.125 5.6
      vertex -0.651215 3.0694 5.6
      vertex -1.5396 4.24194 5.6
    endloop
  endfacet
  facet normal 0 0 1
    outer loop
      vertex -0.651215 3.0694 5.6
      vertex -1.62352 4.125 5.6
      vertex -1.54012 2.3611 5.6
    endloop
  endfacet
  facet normal -0 0 1
    outer loop
      vertex -1.65121 4.125 5.6
      vertex -1.54012 2.3611 5.6
      vertex -1.62352 4.125 5.6
    endloop
  endfacet
  facet normal 0 0 1
    outer loop
      vertex -3.60962 0 5.6
      vertex -1.54012 2.3611 5.6
      vertex -1.65121 4.125 5.6
    endloop
  endfacet
  facet normal 0 0 1
    outer loop
      vertex -1.63484 4.29695 5.6
      vertex -3.60962 0 5.6
      vertex -1.65121 4.125 5.6
    endloop
  endfacet
  facet normal 0 0 1
    outer loop
      vertex -1.54012 2.3611 5.6
      vertex -3.60962 0 5.6
      vertex -1.54012 0 5.6
    endloop
  endfacet
  facet normal 0 0 1
    outer loop
      vertex 8.00301 -1.8222 5.6
      vertex 6.31602 -0.928589 5.6
      vertex 7.75163 -2.17636 5.6
    endloop
  endfacet
  facet normal -0 0 1
    outer loop
      vertex 6.18739 -1.10608 5.6
      vertex 7.75163 -2.17636 5.6
      vertex 6.31602 -0.928589 5.6
    endloop
  endfacet
  facet normal 0 0 1
    outer loop
      vertex 7.75163 -2.17636 5.6
      vertex 6.18739 -1.10608 5.6
      vertex 7.46857 -2.48329 5.6
    endloop
  endfacet
  facet normal -0 0 1
    outer loop
      vertex 6.04265 -1.2708 5.6
      vertex 7.46857 -2.48329 5.6
      vertex 6.18739 -1.10608 5.6
    endloop
  endfacet
  facet normal 0 0 1
    outer loop
      vertex 7.46857 -2.48329 5.6
      vertex 6.04265 -1.2708 5.6
      vertex 7.15385 -2.743 5.6
    endloop
  endfacet
  facet normal -0 0 1
    outer loop
      vertex 5.87906 -1.41331 5.6
      vertex 7.15385 -2.743 5.6
      vertex 6.04265 -1.2708 5.6
    endloop
  endfacet
  facet normal 0 0 1
    outer loop
      vertex 7.15385 -2.743 5.6
      vertex 5.87906 -1.41331 5.6
      vertex 6.81302 -2.95551 5.6
    endloop
  endfacet
  facet normal 0 0 1
    outer loop
      vertex 6.81302 -2.95551 5.6
      vertex 5.87906 -1.41331 5.6
      vertex 6.45163 -3.12079 5.6
    endloop
  endfacet
  facet normal -0 0 1
    outer loop
      vertex 5.6938 -1.52417 5.6
      vertex 6.45163 -3.12079 5.6
      vertex 5.87906 -1.41331 5.6
    endloop
  endfacet
  facet normal 0 0 1
    outer loop
      vertex 6.45163 -3.12079 5.6
      vertex 5.6938 -1.52417 5.6
      vertex 6.06969 -3.23885 5.6
    endloop
  endfacet
  facet normal -0 0 1
    outer loop
      vertex 5.48688 -1.60335 5.6
      vertex 6.06969 -3.23885 5.6
      vertex 5.6938 -1.52417 5.6
    endloop
  endfacet
  facet normal 0 0 1
    outer loop
      vertex 6.06969 -3.23885 5.6
      vertex 5.48688 -1.60335 5.6
      vertex 5.66719 -3.30968 5.6
    endloop
  endfacet
  facet normal -0 0 1
    outer loop
      vertex 5.2583 -1.65086 5.6
      vertex 5.66719 -3.30968 5.6
      vertex 5.48688 -1.60335 5.6
    endloop
  endfacet
  facet normal 0 0 1
    outer loop
      vertex 5.2583 -1.65086 5.6
      vertex 5.24416 -3.3333 5.6
      vertex 5.66719 -3.30968 5.6
    endloop
  endfacet
  facet normal 0 0 1
    outer loop
      vertex 5.2583 -1.65086 5.6
      vertex 5.10887 -3.33191 5.6
      vertex 5.24416 -3.3333 5.6
    endloop
  endfacet
  facet normal -0 0 1
    outer loop
      vertex 5.00806 -1.66669 5.6
      vertex 5.10887 -3.33191 5.6
      vertex 5.2583 -1.65086 5.6
    endloop
  endfacet
  facet normal 0 0 1
    outer loop
      vertex 5.00806 -1.66669 5.6
      vertex 4.98082 -3.32774 5.6
      vertex 5.10887 -3.33191 5.6
    endloop
  endfacet
  facet normal 0 0 1
    outer loop
      vertex 4.85999 -3.3208 5.6
      vertex 5.00806 -1.66669 5.6
      vertex 4.91444 -1.66557 5.6
    endloop
  endfacet
  facet normal 0 0 1
    outer loop
      vertex 5.00806 -1.66669 5.6
      vertex 4.85999 -3.3208 5.6
      vertex 4.98082 -3.32774 5.6
    endloop
  endfacet
  facet normal 0 0 1
    outer loop
      vertex 4.74635 -3.31108 5.6
      vertex 4.91444 -1.66557 5.6
      vertex 4.82249 -1.66225 5.6
    endloop
  endfacet
  facet normal 0 0 1
    outer loop
      vertex 4.91444 -1.66557 5.6
      vertex 4.74635 -3.31108 5.6
      vertex 4.85999 -3.3208 5.6
    endloop
  endfacet
  facet normal 0 0 1
    outer loop
      vertex 4.63995 -3.2986 5.6
      vertex 4.82249 -1.66225 5.6
      vertex 4.73222 -1.65668 5.6
    endloop
  endfacet
  facet normal 0 0 1
    outer loop
      vertex 4.53969 -3.28444 5.6
      vertex 4.73222 -1.65668 5.6
      vertex 4.6436 -1.6489 5.6
    endloop
  endfacet
  facet normal 0 0 1
    outer loop
      vertex 4.82249 -1.66225 5.6
      vertex 4.63995 -3.2986 5.6
      vertex 4.74635 -3.31108 5.6
    endloop
  endfacet
  facet normal 0 0 1
    outer loop
      vertex 4.35414 -3.25443 5.6
      vertex 4.6436 -1.6489 5.6
      vertex 4.55666 -1.63889 5.6
    endloop
  endfacet
  facet normal 0 0 1
    outer loop
      vertex 4.73222 -1.65668 5.6
      vertex 4.53969 -3.28444 5.6
      vertex 4.63995 -3.2986 5.6
    endloop
  endfacet
  facet normal 0 0 1
    outer loop
      vertex 4.26884 -3.23859 5.6
      vertex 4.55666 -1.63889 5.6
      vertex 4.47302 -1.62778 5.6
    endloop
  endfacet
  facet normal 0 0 1
    outer loop
      vertex 4.6436 -1.6489 5.6
      vertex 4.44441 -3.26971 5.6
      vertex 4.53969 -3.28444 5.6
    endloop
  endfacet
  facet normal 0 0 1
    outer loop
      vertex 4.18855 -3.2222 5.6
      vertex 4.47302 -1.62778 5.6
      vertex 4.39441 -1.61665 5.6
    endloop
  endfacet
  facet normal 0 0 1
    outer loop
      vertex 4.6436 -1.6489 5.6
      vertex 4.35414 -3.25443 5.6
      vertex 4.44441 -3.26971 5.6
    endloop
  endfacet
  facet normal 0 0 1
    outer loop
      vertex 4.18855 -3.2222 5.6
      vertex 4.39441 -1.61665 5.6
      vertex 4.32079 -1.60553 5.6
    endloop
  endfacet
  facet normal 0 0 1
    outer loop
      vertex 4.55666 -1.63889 5.6
      vertex 4.26884 -3.23859 5.6
      vertex 4.35414 -3.25443 5.6
    endloop
  endfacet
  facet normal 0 0 1
    outer loop
      vertex 4.18855 -3.2222 5.6
      vertex 4.32079 -1.60553 5.6
      vertex 4.25217 -1.59441 5.6
    endloop
  endfacet
  facet normal 0 0 1
    outer loop
      vertex 4.18855 -3.2222 5.6
      vertex 4.25217 -1.59441 5.6
      vertex 4.18855 -1.5833 5.6
    endloop
  endfacet
  facet normal 0 0 1
    outer loop
      vertex 4.47302 -1.62778 5.6
      vertex 4.18855 -3.2222 5.6
      vertex 4.26884 -3.23859 5.6
    endloop
  endfacet
  facet normal 0 0 1
    outer loop
      vertex 0.72377 4.29169 5.6
      vertex 1.52927 0 5.6
      vertex 3.91817 0 5.6
    endloop
  endfacet
  facet normal 0 0 1
    outer loop
      vertex 1.52927 0 5.6
      vertex 0.72377 4.29169 5.6
      vertex -0.651215 3.0694 5.6
    endloop
  endfacet
  facet normal 0 0 1
    outer loop
      vertex -6.2028 5.81555 5.6
      vertex -5.4128 7.24556 5.6
      vertex -5.68004 7.35168 5.6
    endloop
  endfacet
  facet normal 0 0 1
    outer loop
      vertex -5.4128 7.24556 5.6
      vertex -5.98724 5.73027 5.6
      vertex -5.14223 7.125 5.6
    endloop
  endfacet
  facet normal 0 0 1
    outer loop
      vertex -6.41393 5.89471 5.6
      vertex -5.68004 7.35168 5.6
      vertex -5.94394 7.44334 5.6
    endloop
  endfacet
  facet normal 0 0 1
    outer loop
      vertex -5.14223 7.125 5.6
      vertex -5.98724 5.73027 5.6
      vertex -5.76723 5.63889 5.6
    endloop
  endfacet
  facet normal 0 0 1
    outer loop
      vertex -5.4128 7.24556 5.6
      vertex -6.2028 5.81555 5.6
      vertex -5.98724 5.73027 5.6
    endloop
  endfacet
  facet normal 0 0 1
    outer loop
      vertex -6.62061 5.96776 5.6
      vertex -5.94394 7.44334 5.6
      vertex -6.2045 7.52054 5.6
    endloop
  endfacet
  facet normal 0 0 1
    outer loop
      vertex -5.68004 7.35168 5.6
      vertex -6.41393 5.89471 5.6
      vertex -6.2028 5.81555 5.6
    endloop
  endfacet
  facet normal 0 0 1
    outer loop
      vertex -6.82283 6.0347 5.6
      vertex -6.2045 7.52054 5.6
      vertex -6.46173 7.5833 5.6
    endloop
  endfacet
  facet normal 0 0 1
    outer loop
      vertex -5.94394 7.44334 5.6
      vertex -6.62061 5.96776 5.6
      vertex -6.41393 5.89471 5.6
    endloop
  endfacet
  facet normal 0 0 1
    outer loop
      vertex -7.02338 6.09218 5.6
      vertex -6.46173 7.5833 5.6
      vertex -6.72006 7.6333 5.6
    endloop
  endfacet
  facet normal 0 0 1
    outer loop
      vertex -6.2045 7.52054 5.6
      vertex -6.82283 6.0347 5.6
      vertex -6.62061 5.96776 5.6
    endloop
  endfacet
  facet normal 0 0 1
    outer loop
      vertex -7.22505 6.1369 5.6
      vertex -6.72006 7.6333 5.6
      vertex -6.98395 7.6722 5.6
    endloop
  endfacet
  facet normal 0 0 1
    outer loop
      vertex -6.46173 7.5833 5.6
      vertex -7.02338 6.09218 5.6
      vertex -6.82283 6.0347 5.6
    endloop
  endfacet
  facet normal 0 0 1
    outer loop
      vertex -6.72006 7.6333 5.6
      vertex -7.22505 6.1369 5.6
      vertex -7.02338 6.09218 5.6
    endloop
  endfacet
  facet normal 0 0 1
    outer loop
      vertex -7.25339 7.69997 5.6
      vertex -7.22505 6.1369 5.6
      vertex -6.98395 7.6722 5.6
    endloop
  endfacet
  facet normal 0 0 1
    outer loop
      vertex -7.25339 7.69997 5.6
      vertex -7.42783 6.16884 5.6
      vertex -7.22505 6.1369 5.6
    endloop
  endfacet
  facet normal 0 0 1
    outer loop
      vertex -7.52838 7.71663 5.6
      vertex -7.42783 6.16884 5.6
      vertex -7.25339 7.69997 5.6
    endloop
  endfacet
  facet normal 0 0 1
    outer loop
      vertex -7.52838 7.71663 5.6
      vertex -7.63173 6.188 5.6
      vertex -7.42783 6.16884 5.6
    endloop
  endfacet
  facet normal 0 0 1
    outer loop
      vertex -7.80893 7.7222 5.6
      vertex -7.63173 6.188 5.6
      vertex -7.52838 7.71663 5.6
    endloop
  endfacet
  facet normal 0 0 1
    outer loop
      vertex -7.80893 7.7222 5.6
      vertex -7.83673 6.1944 5.6
      vertex -7.63173 6.188 5.6
    endloop
  endfacet
  facet normal -0 0 1
    outer loop
      vertex -8.33171 7.70108 5.6
      vertex -7.83673 6.1944 5.6
      vertex -7.80893 7.7222 5.6
    endloop
  endfacet
  facet normal 0 0 1
    outer loop
      vertex -7.83673 6.1944 5.6
      vertex -8.33171 7.70108 5.6
      vertex -8.1667 6.17439 5.6
    endloop
  endfacet
  facet normal 0 0 1
    outer loop
      vertex -8.33171 7.70108 5.6
      vertex -8.42336 6.1144 5.6
      vertex -8.1667 6.17439 5.6
    endloop
  endfacet
  facet normal -0 0 1
    outer loop
      vertex -8.81116 7.63774 5.6
      vertex -8.42336 6.1144 5.6
      vertex -8.33171 7.70108 5.6
    endloop
  endfacet
  facet normal -0 0 1
    outer loop
      vertex -9.24727 7.53218 5.6
      vertex -8.42336 6.1144 5.6
      vertex -8.81116 7.63774 5.6
    endloop
  endfacet
  facet normal -0 0 1
    outer loop
      vertex -9.64006 7.3844 5.6
      vertex -8.60667 6.01439 5.6
      vertex -9.24727 7.53218 5.6
    endloop
  endfacet
  facet normal 0 0 1
    outer loop
      vertex -8.42336 6.1144 5.6
      vertex -9.24727 7.53218 5.6
      vertex -8.60667 6.01439 5.6
    endloop
  endfacet
  facet normal 0 0 1
    outer loop
      vertex -5.05893 2.25 5.6
      vertex -7.1048 2.10388 5.6
      vertex -7.10063 2.02779 5.6
    endloop
  endfacet
  facet normal 0 0 1
    outer loop
      vertex -6.67668 4.39664 5.6
      vertex -7.11729 2.17665 5.6
      vertex -7.1048 2.10388 5.6
    endloop
  endfacet
  facet normal 0 0 1
    outer loop
      vertex -6.67668 4.39664 5.6
      vertex -7.13814 2.24609 5.6
      vertex -7.11729 2.17665 5.6
    endloop
  endfacet
  facet normal 0 0 1
    outer loop
      vertex -6.67668 4.39664 5.6
      vertex -7.16731 2.31221 5.6
      vertex -7.13814 2.24609 5.6
    endloop
  endfacet
  facet normal 0 0 1
    outer loop
      vertex -7.81056 2.80443 5.6
      vertex -6.91614 4.5047 5.6
      vertex -7.17003 4.6111 5.6
    endloop
  endfacet
  facet normal 0 0 1
    outer loop
      vertex -6.67668 4.39664 5.6
      vertex -7.20483 2.375 5.6
      vertex -7.16731 2.31221 5.6
    endloop
  endfacet
  facet normal 0 0 1
    outer loop
      vertex -6.67668 4.39664 5.6
      vertex -7.2562 2.43777 5.6
      vertex -7.20483 2.375 5.6
    endloop
  endfacet
  facet normal 0 0 1
    outer loop
      vertex -6.67668 4.39664 5.6
      vertex -7.32701 2.50389 5.6
      vertex -7.2562 2.43777 5.6
    endloop
  endfacet
  facet normal 0 0 1
    outer loop
      vertex -6.67668 4.39664 5.6
      vertex -7.41727 2.57333 5.6
      vertex -7.32701 2.50389 5.6
    endloop
  endfacet
  facet normal 0 0 1
    outer loop
      vertex -7.99612 2.89555 5.6
      vertex -7.17003 4.6111 5.6
      vertex -7.42365 4.71776 5.6
    endloop
  endfacet
  facet normal 0 0 1
    outer loop
      vertex -6.67668 4.39664 5.6
      vertex -7.52698 2.6461 5.6
      vertex -7.41727 2.57333 5.6
    endloop
  endfacet
  facet normal 0 0 1
    outer loop
      vertex -8.21281 2.99556 5.6
      vertex -7.42365 4.71776 5.6
      vertex -7.65117 4.81554 5.6
    endloop
  endfacet
  facet normal 0 0 1
    outer loop
      vertex -6.67668 4.39664 5.6
      vertex -7.65613 2.7222 5.6
      vertex -7.52698 2.6461 5.6
    endloop
  endfacet
  facet normal 0 0 1
    outer loop
      vertex -6.91614 4.5047 5.6
      vertex -7.81056 2.80443 5.6
      vertex -7.65613 2.7222 5.6
    endloop
  endfacet
  facet normal 0 0 1
    outer loop
      vertex -8.4606 3.10443 5.6
      vertex -7.65117 4.81554 5.6
      vertex -7.85257 4.90442 5.6
    endloop
  endfacet
  facet normal 0 0 1
    outer loop
      vertex -7.17003 4.6111 5.6
      vertex -7.99612 2.89555 5.6
      vertex -7.81056 2.80443 5.6
    endloop
  endfacet
  facet normal 0 0 1
    outer loop
      vertex -8.73953 3.2222 5.6
      vertex -7.85257 4.90442 5.6
      vertex -8.02785 4.98441 5.6
    endloop
  endfacet
  facet normal 0 0 1
    outer loop
      vertex -9.01285 3.34415 5.6
      vertex -8.02785 4.98441 5.6
      vertex -8.17703 5.0555 5.6
    endloop
  endfacet
  facet normal 0 0 1
    outer loop
      vertex -7.42365 4.71776 5.6
      vertex -8.21281 2.99556 5.6
      vertex -7.99612 2.89555 5.6
    endloop
  endfacet
  facet normal 0 0 1
    outer loop
      vertex -9.01285 3.34415 5.6
      vertex -8.17703 5.0555 5.6
      vertex -8.30423 5.12134 5.6
    endloop
  endfacet
  facet normal 0 0 1
    outer loop
      vertex -9.26619 3.46555 5.6
      vertex -8.30423 5.12134 5.6
      vertex -8.41365 5.1855 5.6
    endloop
  endfacet
  facet normal 0 0 1
    outer loop
      vertex -7.65117 4.81554 5.6
      vertex -8.4606 3.10443 5.6
      vertex -8.21281 2.99556 5.6
    endloop
  endfacet
  facet normal 0 0 1
    outer loop
      vertex -9.49953 3.5864 5.6
      vertex -8.41365 5.1855 5.6
      vertex -8.50531 5.248 5.6
    endloop
  endfacet
  facet normal 0 0 1
    outer loop
      vertex -9.71288 3.70667 5.6
      vertex -8.50531 5.248 5.6
      vertex -8.57921 5.30884 5.6
    endloop
  endfacet
  facet normal 0 0 1
    outer loop
      vertex -9.90623 3.82639 5.6
      vertex -8.57921 5.30884 5.6
      vertex -8.63533 5.368 5.6
    endloop
  endfacet
  facet normal 0 0 1
    outer loop
      vertex -10.2351 4.08527 5.6
      vertex -8.63533 5.368 5.6
      vertex -8.67781 5.42773 5.6
    endloop
  endfacet
  facet normal 0 0 1
    outer loop
      vertex -10.4884 4.38416 5.6
      vertex -8.67781 5.42773 5.6
      vertex -8.71085 5.49025 5.6
    endloop
  endfacet
  facet normal 0 0 1
    outer loop
      vertex -10.7289 4.92192 5.6
      vertex -8.71085 5.49025 5.6
      vertex -8.73445 5.55553 5.6
    endloop
  endfacet
  facet normal 0 0 1
    outer loop
      vertex -7.85257 4.90442 5.6
      vertex -8.73953 3.2222 5.6
      vertex -8.4606 3.10443 5.6
    endloop
  endfacet
  facet normal 0 0 1
    outer loop
      vertex -10.7734 5.13441 5.6
      vertex -8.73445 5.55553 5.6
      vertex -8.74861 5.62358 5.6
    endloop
  endfacet
  facet normal 0 0 1
    outer loop
      vertex -10.8089 5.6111 5.6
      vertex -8.74861 5.62358 5.6
      vertex -8.75333 5.6944 5.6
    endloop
  endfacet
  facet normal 0 0 1
    outer loop
      vertex -8.60667 6.01439 5.6
      vertex -9.64006 7.3844 5.6
      vertex -8.71666 5.87439 5.6
    endloop
  endfacet
  facet normal 0 0 1
    outer loop
      vertex -8.02785 4.98441 5.6
      vertex -9.01285 3.34415 5.6
      vertex -8.73953 3.2222 5.6
    endloop
  endfacet
  facet normal -0 0 1
    outer loop
      vertex -9.98953 7.1944 5.6
      vertex -8.71666 5.87439 5.6
      vertex -9.64006 7.3844 5.6
    endloop
  endfacet
  facet normal 0 0 1
    outer loop
      vertex -8.30423 5.12134 5.6
      vertex -9.26619 3.46555 5.6
      vertex -9.01285 3.34415 5.6
    endloop
  endfacet
  facet normal 0 0 1
    outer loop
      vertex -8.41365 5.1855 5.6
      vertex -9.49953 3.5864 5.6
      vertex -9.26619 3.46555 5.6
    endloop
  endfacet
  facet normal -0 0 1
    outer loop
      vertex -10.2845 6.9622 5.6
      vertex -8.71666 5.87439 5.6
      vertex -9.98953 7.1944 5.6
    endloop
  endfacet
  facet normal 0 0 1
    outer loop
      vertex -8.50531 5.248 5.6
      vertex -9.71288 3.70667 5.6
      vertex -9.49953 3.5864 5.6
    endloop
  endfacet
  facet normal 0 0 1
    outer loop
      vertex -8.57921 5.30884 5.6
      vertex -9.90623 3.82639 5.6
      vertex -9.71288 3.70667 5.6
    endloop
  endfacet
  facet normal -0 0 1
    outer loop
      vertex -10.5139 6.68777 5.6
      vertex -8.71666 5.87439 5.6
      vertex -10.2845 6.9622 5.6
    endloop
  endfacet
  facet normal 0 0 1
    outer loop
      vertex -8.74861 5.62358 5.6
      vertex -10.8 5.36415 5.6
      vertex -10.7734 5.13441 5.6
    endloop
  endfacet
  facet normal 0 0 1
    outer loop
      vertex -8.63533 5.368 5.6
      vertex -10.0801 3.95084 5.6
      vertex -9.90623 3.82639 5.6
    endloop
  endfacet
  facet normal -0 0 1
    outer loop
      vertex -10.6778 6.37111 5.6
      vertex -8.71666 5.87439 5.6
      vertex -10.5139 6.68777 5.6
    endloop
  endfacet
  facet normal 0 0 1
    outer loop
      vertex -8.73445 5.55553 5.6
      vertex -10.7734 5.13441 5.6
      vertex -10.7289 4.92192 5.6
    endloop
  endfacet
  facet normal 0 0 1
    outer loop
      vertex -8.63533 5.368 5.6
      vertex -10.2351 4.08527 5.6
      vertex -10.0801 3.95084 5.6
    endloop
  endfacet
  facet normal 0 0 1
    outer loop
      vertex -8.71666 5.87439 5.6
      vertex -10.6778 6.37111 5.6
      vertex -8.75333 5.6944 5.6
    endloop
  endfacet
  facet normal 0 0 1
    outer loop
      vertex -8.71085 5.49025 5.6
      vertex -10.7289 4.92192 5.6
      vertex -10.6667 4.72664 5.6
    endloop
  endfacet
  facet normal 0 0 1
    outer loop
      vertex -8.67781 5.42773 5.6
      vertex -10.3712 4.22971 5.6
      vertex -10.2351 4.08527 5.6
    endloop
  endfacet
  facet normal 0 0 1
    outer loop
      vertex -8.75333 5.6944 5.6
      vertex -10.6778 6.37111 5.6
      vertex -10.7762 6.01222 5.6
    endloop
  endfacet
  facet normal 0 0 1
    outer loop
      vertex -8.67781 5.42773 5.6
      vertex -10.4884 4.38416 5.6
      vertex -10.3712 4.22971 5.6
    endloop
  endfacet
  facet normal 0 0 1
    outer loop
      vertex -8.71085 5.49025 5.6
      vertex -10.6667 4.72664 5.6
      vertex -10.5867 4.5486 5.6
    endloop
  endfacet
  facet normal 0 0 1
    outer loop
      vertex -8.75333 5.6944 5.6
      vertex -10.7762 6.01222 5.6
      vertex -10.8089 5.6111 5.6
    endloop
  endfacet
  facet normal 0 0 1
    outer loop
      vertex -8.71085 5.49025 5.6
      vertex -10.5867 4.5486 5.6
      vertex -10.4884 4.38416 5.6
    endloop
  endfacet
  facet normal 0 0 1
    outer loop
      vertex -8.74861 5.62358 5.6
      vertex -10.8089 5.6111 5.6
      vertex -10.8 5.36415 5.6
    endloop
  endfacet
  facet normal 0 0 1
    outer loop
      vertex -7.1048 2.10388 5.6
      vertex -5.05893 2.25 5.6
      vertex -5.06921 2.51195 5.6
    endloop
  endfacet
  facet normal 0 0 1
    outer loop
      vertex -7.1048 2.10388 5.6
      vertex -5.06921 2.51195 5.6
      vertex -5.10005 2.75336 5.6
    endloop
  endfacet
  facet normal 0 0 1
    outer loop
      vertex -7.1048 2.10388 5.6
      vertex -5.10005 2.75336 5.6
      vertex -5.15144 2.9742 5.6
    endloop
  endfacet
  facet normal 0 0 1
    outer loop
      vertex -5.05893 2.25 5.6
      vertex -7.10063 2.02779 5.6
      vertex -5.09143 1.81026 5.6
    endloop
  endfacet
  facet normal 0 0 1
    outer loop
      vertex -7.1048 2.10388 5.6
      vertex -5.15144 2.9742 5.6
      vertex -5.2234 3.17447 5.6
    endloop
  endfacet
  facet normal 0 0 1
    outer loop
      vertex -7.1048 2.10388 5.6
      vertex -5.2234 3.17447 5.6
      vertex -5.31593 3.35419 5.6
    endloop
  endfacet
  facet normal -0 0 1
    outer loop
      vertex -7.1109 1.91556 5.6
      vertex -5.09143 1.81026 5.6
      vertex -7.10063 2.02779 5.6
    endloop
  endfacet
  facet normal 0 0 1
    outer loop
      vertex -7.1048 2.10388 5.6
      vertex -5.31593 3.35419 5.6
      vertex -5.42731 3.51808 5.6
    endloop
  endfacet
  facet normal 0 0 1
    outer loop
      vertex -7.1048 2.10388 5.6
      vertex -5.42731 3.51808 5.6
      vertex -5.55589 3.67085 5.6
    endloop
  endfacet
  facet normal 0 0 1
    outer loop
      vertex -5.09143 1.81026 5.6
      vertex -7.1109 1.91556 5.6
      vertex -5.18893 1.4133 5.6
    endloop
  endfacet
  facet normal 0 0 1
    outer loop
      vertex -7.1048 2.10388 5.6
      vertex -5.55589 3.67085 5.6
      vertex -5.70172 3.81252 5.6
    endloop
  endfacet
  facet normal 0 0 1
    outer loop
      vertex -7.1048 2.10388 5.6
      vertex -5.70172 3.81252 5.6
      vertex -5.86476 3.94305 5.6
    endloop
  endfacet
  facet normal 0 0 1
    outer loop
      vertex -5.18893 1.4133 5.6
      vertex -7.1109 1.91556 5.6
      vertex -5.35143 1.05913 5.6
    endloop
  endfacet
  facet normal 0 0 1
    outer loop
      vertex -7.1048 2.10388 5.6
      vertex -5.86476 3.94305 5.6
      vertex -6.04503 4.0625 5.6
    endloop
  endfacet
  facet normal -0 0 1
    outer loop
      vertex -7.14175 1.81221 5.6
      vertex -5.35143 1.05913 5.6
      vertex -7.1109 1.91556 5.6
    endloop
  endfacet
  facet normal 0 0 1
    outer loop
      vertex -7.1048 2.10388 5.6
      vertex -6.04503 4.0625 5.6
      vertex -6.24113 4.17554 5.6
    endloop
  endfacet
  facet normal 0 0 1
    outer loop
      vertex -7.1048 2.10388 5.6
      vertex -6.24113 4.17554 5.6
      vertex -6.45169 4.28693 5.6
    endloop
  endfacet
  facet normal 0 0 1
    outer loop
      vertex -5.35143 1.05913 5.6
      vertex -7.14175 1.81221 5.6
      vertex -5.57893 0.747726 5.6
    endloop
  endfacet
  facet normal 0 0 1
    outer loop
      vertex -7.1048 2.10388 5.6
      vertex -6.45169 4.28693 5.6
      vertex -6.67668 4.39664 5.6
    endloop
  endfacet
  facet normal 0 0 1
    outer loop
      vertex -7.65613 2.7222 5.6
      vertex -6.67668 4.39664 5.6
      vertex -6.91614 4.5047 5.6
    endloop
  endfacet
  facet normal -0 0 1
    outer loop
      vertex -7.19315 1.71774 5.6
      vertex -5.57893 0.747726 5.6
      vertex -7.14175 1.81221 5.6
    endloop
  endfacet
  facet normal 0 0 1
    outer loop
      vertex -5.57893 0.747726 5.6
      vertex -7.19315 1.71774 5.6
      vertex -5.87143 0.479095 5.6
    endloop
  endfacet
  facet normal 0 0 1
    outer loop
      vertex -5.87143 0.479095 5.6
      vertex -7.19315 1.71774 5.6
      vertex -6.22838 0.256607 5.6
    endloop
  endfacet
  facet normal -0 0 1
    outer loop
      vertex -7.26511 1.63217 5.6
      vertex -6.22838 0.256607 5.6
      vertex -7.19315 1.71774 5.6
    endloop
  endfacet
  facet normal 0 0 1
    outer loop
      vertex -6.22838 0.256607 5.6
      vertex -7.26511 1.63217 5.6
      vertex -6.6492 0.0835724 5.6
    endloop
  endfacet
  facet normal -0 0 1
    outer loop
      vertex -7.35764 1.5555 5.6
      vertex -6.6492 0.0835724 5.6
      vertex -7.26511 1.63217 5.6
    endloop
  endfacet
  facet normal -0 0 1
    outer loop
      vertex -7.47455 1.49051 5.6
      vertex -6.6492 0.0835724 5.6
      vertex -7.35764 1.5555 5.6
    endloop
  endfacet
  facet normal 0 0 1
    outer loop
      vertex -6.6492 0.0835724 5.6
      vertex -7.47455 1.49051 5.6
      vertex -7.13393 -0.0400085 5.6
    endloop
  endfacet
  facet normal -0 0 1
    outer loop
      vertex -7.61983 1.43997 5.6
      vertex -7.13393 -0.0400085 5.6
      vertex -7.47455 1.49051 5.6
    endloop
  endfacet
  facet normal 0 0 1
    outer loop
      vertex -7.61983 1.43997 5.6
      vertex -7.68253 -0.114166 5.6
      vertex -7.13393 -0.0400085 5.6
    endloop
  endfacet
  facet normal -0 0 1
    outer loop
      vertex -7.79343 1.40387 5.6
      vertex -7.68253 -0.114166 5.6
      vertex -7.61983 1.43997 5.6
    endloop
  endfacet
  facet normal -0 0 1
    outer loop
      vertex -7.99536 1.38222 5.6
      vertex -7.68253 -0.114166 5.6
      vertex -7.79343 1.40387 5.6
    endloop
  endfacet
  facet normal 0 0 1
    outer loop
      vertex -8.29503 -0.138885 5.6
      vertex -7.99536 1.38222 5.6
      vertex -8.22563 1.375 5.6
    endloop
  endfacet
  facet normal 0 0 1
    outer loop
      vertex -7.99536 1.38222 5.6
      vertex -8.29503 -0.138885 5.6
      vertex -7.68253 -0.114166 5.6
    endloop
  endfacet
  facet normal 0 0 1
    outer loop
      vertex -8.44894 1.38222 5.6
      vertex -8.29503 -0.138885 5.6
      vertex -8.22563 1.375 5.6
    endloop
  endfacet
  facet normal 0 0 1
    outer loop
      vertex -8.44894 1.38222 5.6
      vertex -8.60281 -0.13472 5.6
      vertex -8.29503 -0.138885 5.6
    endloop
  endfacet
  facet normal 0 0 1
    outer loop
      vertex -8.68559 1.40387 5.6
      vertex -8.60281 -0.13472 5.6
      vertex -8.44894 1.38222 5.6
    endloop
  endfacet
  facet normal 0 0 1
    outer loop
      vertex -8.68559 1.40387 5.6
      vertex -8.89284 -0.122223 5.6
      vertex -8.60281 -0.13472 5.6
    endloop
  endfacet
  facet normal 0 0 1
    outer loop
      vertex -8.93559 1.43997 5.6
      vertex -8.89284 -0.122223 5.6
      vertex -8.68559 1.40387 5.6
    endloop
  endfacet
  facet normal 0 0 1
    outer loop
      vertex -8.93559 1.43997 5.6
      vertex -9.16507 -0.101379 5.6
      vertex -8.89284 -0.122223 5.6
    endloop
  endfacet
  facet normal 0 0 1
    outer loop
      vertex -9.41954 -0.0722046 5.6
      vertex -8.93559 1.43997 5.6
      vertex -9.19894 1.49051 5.6
    endloop
  endfacet
  facet normal 0 0 1
    outer loop
      vertex -8.93559 1.43997 5.6
      vertex -9.41954 -0.0722046 5.6
      vertex -9.16507 -0.101379 5.6
    endloop
  endfacet
  facet normal 0 0 1
    outer loop
      vertex -9.65623 -0.0346985 5.6
      vertex -9.19894 1.49051 5.6
      vertex -9.47563 1.5555 5.6
    endloop
  endfacet
  facet normal 0 0 1
    outer loop
      vertex -9.19894 1.49051 5.6
      vertex -9.65623 -0.0346985 5.6
      vertex -9.41954 -0.0722046 5.6
    endloop
  endfacet
  facet normal 0 0 1
    outer loop
      vertex -10.1118 0.0697021 5.6
      vertex -9.47563 1.5555 5.6
      vertex -9.75507 1.63162 5.6
    endloop
  endfacet
  facet normal 0 0 1
    outer loop
      vertex -9.47563 1.5555 5.6
      vertex -9.88399 0.0122223 5.6
      vertex -9.65623 -0.0346985 5.6
    endloop
  endfacet
  facet normal 0 0 1
    outer loop
      vertex -10.3395 0.137772 5.6
      vertex -9.75507 1.63162 5.6
      vertex -10.0267 1.71553 5.6
    endloop
  endfacet
  facet normal 0 0 1
    outer loop
      vertex -9.47563 1.5555 5.6
      vertex -10.1118 0.0697021 5.6
      vertex -9.88399 0.0122223 5.6
    endloop
  endfacet
  facet normal 0 0 1
    outer loop
      vertex -10.795 0.305588 5.6
      vertex -10.0267 1.71553 5.6
      vertex -10.2906 1.80721 5.6
    endloop
  endfacet
  facet normal 0 0 1
    outer loop
      vertex -9.75507 1.63162 5.6
      vertex -10.3395 0.137772 5.6
      vertex -10.1118 0.0697021 5.6
    endloop
  endfacet
  facet normal 0 0 1
    outer loop
      vertex -10.795 0.305588 5.6
      vertex -10.2906 1.80721 5.6
      vertex -10.5467 1.90666 5.6
    endloop
  endfacet
  facet normal 0 0 1
    outer loop
      vertex -10.0267 1.71553 5.6
      vertex -10.5673 0.2164 5.6
      vertex -10.3395 0.137772 5.6
    endloop
  endfacet
  facet normal 0 0 1
    outer loop
      vertex -10.795 0.305588 5.6
      vertex -10.5467 1.90666 5.6
      vertex -10.795 2.01389 5.6
    endloop
  endfacet
  facet normal 0 0 1
    outer loop
      vertex -10.0267 1.71553 5.6
      vertex -10.795 0.305588 5.6
      vertex -10.5673 0.2164 5.6
    endloop
  endfacet
  facet normal 0.734277 -0.67885 0
    outer loop
      vertex -0.819595 5.17084 5.6
      vertex -0.720718 5.27779 12.725
      vertex -0.819595 5.17084 12.7387
    endloop
  endfacet
  facet normal 0.734277 -0.67885 0
    outer loop
      vertex -0.720718 5.27779 12.725
      vertex -0.819595 5.17084 5.6
      vertex -0.720718 5.27779 5.6
    endloop
  endfacet
  facet normal 0.750041 -0.661377 -0.00439318
    outer loop
      vertex -0.897095 5.08288 12.7493
      vertex -0.819595 5.17084 12.7387
      vertex -0.877735 5.10485 12.7471
    endloop
  endfacet
  facet normal 0.749765 -0.661637 -0.00942291
    outer loop
      vertex -0.897095 5.08288 12.7493
      vertex -0.877735 5.10485 12.7471
      vertex -0.885478 5.09606 12.7482
    endloop
  endfacet
  facet normal 0.75023 -0.661175 -0.0013338
    outer loop
      vertex -0.91626 5.06113 12.7511
      vertex -0.819595 5.17084 12.7387
      vertex -0.897095 5.08288 12.7493
    endloop
  endfacet
  facet normal 0.750306 -0.661091 0
    outer loop
      vertex -0.819595 5.17084 12.7387
      vertex -0.91626 5.06113 12.7511
      vertex -0.91626 5.06113 5.6
    endloop
  endfacet
  facet normal 0.750306 -0.661091 0
    outer loop
      vertex -0.819595 5.17084 12.7387
      vertex -0.91626 5.06113 5.6
      vertex -0.819595 5.17084 5.6
    endloop
  endfacet
  facet normal 0.764688 -0.643835 -0.0269907
    outer loop
      vertex -0.935417 5.03831 12.7527
      vertex -0.91626 5.06113 12.7511
      vertex -0.921252 5.05518 12.7516
    endloop
  endfacet
  facet normal 0.7659 -0.64296 2.37691e-08
    outer loop
      vertex -0.91626 5.06113 12.7511
      vertex -0.935417 5.03831 12.7527
      vertex -1.01071 4.94862 5.6
    endloop
  endfacet
  facet normal 0.765921 -0.642935 -5.07834e-07
    outer loop
      vertex -1.01071 4.94862 5.6
      vertex -0.935417 5.03831 12.7527
      vertex -0.971781 4.99499 12.7553
    endloop
  endfacet
  facet normal 0.765861 -0.643006 2.80906e-07
    outer loop
      vertex -1.01071 4.94862 5.6
      vertex -0.971781 4.99499 12.7553
      vertex -0.98843 4.97516 12.7563
    endloop
  endfacet
  facet normal 0.765898 -0.642962 0
    outer loop
      vertex -1.01071 4.94862 5.6
      vertex -0.98843 4.97516 12.7563
      vertex -1.01071 4.94862 12.7576
    endloop
  endfacet
  facet normal 0.765901 -0.642959 0
    outer loop
      vertex -0.91626 5.06113 12.7511
      vertex -1.01071 4.94862 5.6
      vertex -0.91626 5.06113 5.6
    endloop
  endfacet
  facet normal 0.780869 -0.624695 1.52624e-06
    outer loop
      vertex -1.10292 4.83334 5.6
      vertex -1.01071 4.94862 12.7576
      vertex -1.03543 4.91772 12.759
    endloop
  endfacet
  facet normal 0.780834 -0.624738 2.36594e-06
    outer loop
      vertex -1.10292 4.83334 5.6
      vertex -1.03543 4.91772 12.759
      vertex -1.05296 4.89581 12.7599
    endloop
  endfacet
  facet normal 0.780966 -0.624573 0
    outer loop
      vertex -1.10292 4.83334 5.6
      vertex -1.05296 4.89581 12.7599
      vertex -1.10292 4.83334 12.7623
    endloop
  endfacet
  facet normal 0.780915 -0.624637 0
    outer loop
      vertex -1.01071 4.94862 12.7576
      vertex -1.10292 4.83334 5.6
      vertex -1.01071 4.94862 5.6
    endloop
  endfacet
  facet normal 0.795224 -0.606316 7.57561e-07
    outer loop
      vertex -1.19292 4.71529 5.6
      vertex -1.10292 4.83334 12.7623
      vertex -1.10828 4.82631 12.7626
    endloop
  endfacet
  facet normal 0.795266 -0.606261 -5.85118e-07
    outer loop
      vertex -1.19292 4.71529 5.6
      vertex -1.10828 4.82631 12.7626
      vertex -1.12589 4.80321 12.7634
    endloop
  endfacet
  facet normal 0.795272 -0.606253 -7.4729e-07
    outer loop
      vertex -1.19292 4.71529 5.6
      vertex -1.12589 4.80321 12.7634
      vertex -1.18606 4.72428 12.7659
    endloop
  endfacet
  facet normal 0.794985 -0.606629 0
    outer loop
      vertex -1.19292 4.71529 5.6
      vertex -1.18606 4.72428 12.7659
      vertex -1.19292 4.71529 12.7662
    endloop
  endfacet
  facet normal 0.795246 -0.606287 0
    outer loop
      vertex -1.10292 4.83334 12.7623
      vertex -1.19292 4.71529 5.6
      vertex -1.10292 4.83334 5.6
    endloop
  endfacet
  facet normal 0.803417 -0.595416 0
    outer loop
      vertex -1.28123 4.59613 5.6
      vertex -1.19292 4.71529 12.7662
      vertex -1.28123 4.59613 12.7699
    endloop
  endfacet
  facet normal 0.803417 -0.595416 0
    outer loop
      vertex -1.19292 4.71529 12.7662
      vertex -1.28123 4.59613 5.6
      vertex -1.19292 4.71529 5.6
    endloop
  endfacet
  facet normal 0.805564 -0.592508 0
    outer loop
      vertex -1.36847 4.47752 5.6
      vertex -1.28123 4.59613 12.7699
      vertex -1.36847 4.47752 12.7736
    endloop
  endfacet
  facet normal 0.805564 -0.592508 0
    outer loop
      vertex -1.28123 4.59613 12.7699
      vertex -1.36847 4.47752 5.6
      vertex -1.28123 4.59613 5.6
    endloop
  endfacet
  facet normal 0.807919 -0.589294 0
    outer loop
      vertex -1.45459 4.35945 5.6
      vertex -1.36847 4.47752 12.7736
      vertex -1.45459 4.35945 12.7773
    endloop
  endfacet
  facet normal 0.807919 -0.589294 0
    outer loop
      vertex -1.36847 4.47752 12.7736
      vertex -1.45459 4.35945 5.6
      vertex -1.36847 4.47752 5.6
    endloop
  endfacet
  facet normal 0.810215 -0.586132 0
    outer loop
      vertex -1.5396 4.24194 5.6
      vertex -1.45459 4.35945 12.7773
      vertex -1.5396 4.24194 12.7809
    endloop
  endfacet
  facet normal 0.810215 -0.586132 0
    outer loop
      vertex -1.45459 4.35945 12.7773
      vertex -1.5396 4.24194 5.6
      vertex -1.45459 4.35945 5.6
    endloop
  endfacet
  facet normal 0.812445 -0.583037 0
    outer loop
      vertex -1.62352 4.125 5.6
      vertex -1.5396 4.24194 12.7809
      vertex -1.62352 4.125 12.7845
    endloop
  endfacet
  facet normal 0.812445 -0.583037 0
    outer loop
      vertex -1.5396 4.24194 12.7809
      vertex -1.62352 4.125 5.6
      vertex -1.5396 4.24194 5.6
    endloop
  endfacet
  facet normal 0 -1 0
    outer loop
      vertex -1.65121 4.125 5.6
      vertex -1.62352 4.125 12.7845
      vertex -1.65121 4.125 12.7853
    endloop
  endfacet
  facet normal 0 -1 -0
    outer loop
      vertex -1.62352 4.125 12.7845
      vertex -1.65121 4.125 5.6
      vertex -1.62352 4.125 5.6
    endloop
  endfacet
  facet normal -0.995499 0.0947736 0
    outer loop
      vertex -1.65121 4.125 5.6
      vertex -1.63484 4.29695 12.7831
      vertex -1.63484 4.29695 5.6
    endloop
  endfacet
  facet normal -0.995499 0.0947736 0
    outer loop
      vertex -1.63484 4.29695 12.7831
      vertex -1.65121 4.125 5.6
      vertex -1.65121 4.125 12.7853
    endloop
  endfacet
  facet normal -0.995773 0.0918505 0
    outer loop
      vertex -1.63484 4.29695 5.6
      vertex -1.61903 4.46835 12.7809
      vertex -1.61903 4.46835 5.6
    endloop
  endfacet
  facet normal -0.995773 0.0918505 0
    outer loop
      vertex -1.61903 4.46835 12.7809
      vertex -1.63484 4.29695 5.6
      vertex -1.63484 4.29695 12.7831
    endloop
  endfacet
  facet normal -0.99604 0.0889113 0
    outer loop
      vertex -1.61903 4.46835 5.6
      vertex -1.60378 4.63919 12.7787
      vertex -1.60378 4.63919 5.6
    endloop
  endfacet
  facet normal -0.99604 0.0889113 0
    outer loop
      vertex -1.60378 4.63919 12.7787
      vertex -1.61903 4.46835 5.6
      vertex -1.61903 4.46835 12.7809
    endloop
  endfacet
  facet normal -0.996361 0.0852285 0
    outer loop
      vertex -1.58907 4.80948 5.6
      vertex -1.58949 4.80457 12.7766
      vertex -1.58907 4.80948 12.7765
    endloop
  endfacet
  facet normal -0.996301 0.0859368 4.88199e-07
    outer loop
      vertex -1.58907 4.80948 5.6
      vertex -1.59131 4.78347 12.7769
      vertex -1.58949 4.80457 12.7766
    endloop
  endfacet
  facet normal -0.996292 0.0860347 8.45583e-07
    outer loop
      vertex -1.58907 4.80948 5.6
      vertex -1.59805 4.70542 12.7779
      vertex -1.59131 4.78347 12.7769
    endloop
  endfacet
  facet normal -0.99629 0.0860616 1.23761e-06
    outer loop
      vertex -1.60378 4.63919 5.6
      vertex -1.59805 4.70542 12.7779
      vertex -1.58907 4.80948 5.6
    endloop
  endfacet
  facet normal -0.996278 0.0861947 0
    outer loop
      vertex -1.59805 4.70542 12.7779
      vertex -1.60378 4.63919 5.6
      vertex -1.60378 4.63919 12.7787
    endloop
  endfacet
  facet normal -0.996537 0.0831475 0
    outer loop
      vertex -1.58907 4.80948 5.6
      vertex -1.57491 4.97919 12.7724
      vertex -1.57491 4.97919 5.6
    endloop
  endfacet
  facet normal -0.996546 0.0830456 2.42942e-06
    outer loop
      vertex -1.57491 4.97919 12.7724
      vertex -1.58907 4.80948 5.6
      vertex -1.57584 4.96803 12.7728
    endloop
  endfacet
  facet normal -0.996561 0.0828604 6.55166e-06
    outer loop
      vertex -1.57584 4.96803 12.7728
      vertex -1.58907 4.80948 5.6
      vertex -1.57732 4.95023 12.7734
    endloop
  endfacet
  facet normal -0.996531 0.0832191 -5.35907e-07
    outer loop
      vertex -1.57732 4.95023 12.7734
      vertex -1.58907 4.80948 5.6
      vertex -1.58208 4.89323 12.7749
    endloop
  endfacet
  facet normal -0.996556 0.0829208 2.97051e-06
    outer loop
      vertex -1.58208 4.89323 12.7749
      vertex -1.58907 4.80948 5.6
      vertex -1.58373 4.8734 12.7753
    endloop
  endfacet
  facet normal -0.996529 0.0832519 0
    outer loop
      vertex -1.58373 4.8734 12.7753
      vertex -1.58907 4.80948 5.6
      vertex -1.58907 4.80948 12.7765
    endloop
  endfacet
  facet normal -0.997286 0.0736271 0
    outer loop
      vertex -1.57491 4.97919 5.6
      vertex -1.56238 5.14891 12.7591
      vertex -1.56238 5.14891 5.6
    endloop
  endfacet
  facet normal -0.997286 0.0736271 0
    outer loop
      vertex -1.57491 4.97919 12.7724
      vertex -1.56238 5.14891 12.7591
      vertex -1.57491 4.97919 5.6
    endloop
  endfacet
  facet normal -0.997268 0.0738206 0.00248525
    outer loop
      vertex -1.56238 5.14891 12.7591
      vertex -1.57491 4.97919 12.7724
      vertex -1.56797 5.07312 12.7672
    endloop
  endfacet
  facet normal -0.997205 0.0720541 -0.0197757
    outer loop
      vertex -1.56797 5.07312 12.7672
      vertex -1.56941 5.05363 12.7688
      vertex -1.56855 5.06534 12.7681
    endloop
  endfacet
  facet normal -0.997299 0.0732923 -0.00477709
    outer loop
      vertex -1.56797 5.07312 12.7672
      vertex -1.57255 5.01106 12.7712
      vertex -1.56941 5.05363 12.7688
    endloop
  endfacet
  facet normal -0.997298 0.0732452 -0.00561128
    outer loop
      vertex -1.56941 5.05363 12.7688
      vertex -1.57255 5.01106 12.7712
      vertex -1.57144 5.02612 12.7705
    endloop
  endfacet
  facet normal -0.9972 0.0741955 0.00934969
    outer loop
      vertex -1.56797 5.07312 12.7672
      vertex -1.57491 4.97919 12.7724
      vertex -1.57255 5.01106 12.7712
    endloop
  endfacet
  facet normal -0.998368 0.0571099 0
    outer loop
      vertex -1.56238 5.14891 5.6
      vertex -1.55264 5.31918 12.7408
      vertex -1.55264 5.31918 5.6
    endloop
  endfacet
  facet normal -0.998368 0.0571099 0
    outer loop
      vertex -1.55264 5.31918 12.7408
      vertex -1.56238 5.14891 5.6
      vertex -1.56238 5.14891 12.7591
    endloop
  endfacet
  facet normal -0.999171 0.0407132 0
    outer loop
      vertex -1.55264 5.31918 5.6
      vertex -1.54568 5.48999 12.7226
      vertex -1.54568 5.48999 5.6
    endloop
  endfacet
  facet normal -0.999171 0.0407132 0
    outer loop
      vertex -1.54568 5.48999 12.7226
      vertex -1.55264 5.31918 5.6
      vertex -1.55264 5.31918 12.7408
    endloop
  endfacet
  facet normal -0.999703 0.0243844 0
    outer loop
      vertex -1.54568 5.48999 5.6
      vertex -1.5415 5.66136 12.7044
      vertex -1.5415 5.66136 5.6
    endloop
  endfacet
  facet normal -0.999703 0.0243844 0
    outer loop
      vertex -1.5415 5.66136 12.7044
      vertex -1.54568 5.48999 5.6
      vertex -1.54568 5.48999 12.7226
    endloop
  endfacet
  facet normal -0.999968 0.0080258 0
    outer loop
      vertex -1.5415 5.66136 5.6
      vertex -1.54012 5.8333 12.6862
      vertex -1.54012 5.8333 5.6
    endloop
  endfacet
  facet normal -0.999968 0.0080258 0
    outer loop
      vertex -1.54012 5.8333 12.6862
      vertex -1.5415 5.66136 5.6
      vertex -1.5415 5.66136 12.7044
    endloop
  endfacet
  facet normal -1 0 0
    outer loop
      vertex -1.54012 10.5556 5.6
      vertex -1.54012 10.2812 12.1071
      vertex -1.54012 10.5556 12.0164
    endloop
  endfacet
  facet normal -1 0 0
    outer loop
      vertex -1.54012 10.5556 5.6
      vertex -1.54012 9.88186 12.2103
      vertex -1.54012 10.2812 12.1071
    endloop
  endfacet
  facet normal -1 0 0
    outer loop
      vertex -1.54012 10.5556 5.6
      vertex -1.54012 9.09133 12.3415
      vertex -1.54012 9.88186 12.2103
    endloop
  endfacet
  facet normal -1 0 0
    outer loop
      vertex -1.54012 5.8333 5.6
      vertex -1.54012 9.09133 12.3415
      vertex -1.54012 10.5556 5.6
    endloop
  endfacet
  facet normal -1 -0 0
    outer loop
      vertex -1.54012 9.09133 12.3415
      vertex -1.54012 5.8333 5.6
      vertex -1.54012 5.8333 12.6862
    endloop
  endfacet
  facet normal 0 -1 0
    outer loop
      vertex -3.60962 10.5556 5.6
      vertex -3.43371 10.5556 12.1264
      vertex -3.60962 10.5556 12.1348
    endloop
  endfacet
  facet normal 0 -1 -0
    outer loop
      vertex -3.43371 10.5556 12.1264
      vertex -3.60962 10.5556 5.6
      vertex -1.54012 10.5556 12.0164
    endloop
  endfacet
  facet normal 0 -1 -0
    outer loop
      vertex -1.54012 10.5556 12.0164
      vertex -3.60962 10.5556 5.6
      vertex -1.54012 10.5556 5.6
    endloop
  endfacet
  facet normal 1 0 0
    outer loop
      vertex -3.60962 10.2265 12.2198
      vertex -3.60962 10.5556 5.6
      vertex -3.60962 10.5556 12.1348
    endloop
  endfacet
  facet normal 1 0 0
    outer loop
      vertex -3.60962 9.36367 12.363
      vertex -3.60962 10.5556 5.6
      vertex -3.60962 10.2265 12.2198
    endloop
  endfacet
  facet normal 1 0 0
    outer loop
      vertex -3.60962 4.97927 12.8268
      vertex -3.60962 10.5556 5.6
      vertex -3.60962 9.36367 12.363
    endloop
  endfacet
  facet normal 1 0 0
    outer loop
      vertex -3.60962 4.96489 12.8279
      vertex -3.60962 4.97927 12.8268
      vertex -3.60962 4.97352 12.8274
    endloop
  endfacet
  facet normal 1 0 0
    outer loop
      vertex -3.60962 4.87725 12.8319
      vertex -3.60962 4.97927 12.8268
      vertex -3.60962 4.96489 12.8279
    endloop
  endfacet
  facet normal 1 0 0
    outer loop
      vertex -3.60962 4.92394 12.8302
      vertex -3.60962 4.96489 12.8279
      vertex -3.60962 4.93502 12.8298
    endloop
  endfacet
  facet normal 1 0 0
    outer loop
      vertex -3.60962 4.87725 12.8319
      vertex -3.60962 4.96489 12.8279
      vertex -3.60962 4.92394 12.8302
    endloop
  endfacet
  facet normal 1 0 0
    outer loop
      vertex -3.60962 4.97927 12.8268
      vertex -3.60962 4.87725 12.8319
      vertex -3.60962 0 5.6
    endloop
  endfacet
  facet normal 1 0 0
    outer loop
      vertex -3.60962 0 5.6
      vertex -3.60962 4.87725 12.8319
      vertex -3.60962 4.86419 12.8323
    endloop
  endfacet
  facet normal 1 0 0
    outer loop
      vertex -3.60962 0 5.6
      vertex -3.60962 4.86419 12.8323
      vertex -3.60962 4.80239 12.8338
    endloop
  endfacet
  facet normal 1 0 0
    outer loop
      vertex -3.60962 0 5.6
      vertex -3.60962 4.80239 12.8338
      vertex -3.60962 4.78788 12.834
    endloop
  endfacet
  facet normal 1 0 0
    outer loop
      vertex -3.60962 0 5.6
      vertex -3.60962 4.78788 12.834
      vertex -3.60962 4.71328 12.8352
    endloop
  endfacet
  facet normal 1 0 0
    outer loop
      vertex -3.60962 0 5.6
      vertex -3.60962 4.71328 12.8352
      vertex -3.60962 4.69787 12.8354
    endloop
  endfacet
  facet normal 1 0 0
    outer loop
      vertex -3.60962 0 5.6
      vertex -3.60962 4.69787 12.8354
      vertex -3.60962 4.61333 12.8363
    endloop
  endfacet
  facet normal 1 0 0
    outer loop
      vertex -3.60962 0 5.6
      vertex -3.60962 4.61333 12.8363
      vertex -3.60962 1.70187 12.866
    endloop
  endfacet
  facet normal 1 0 0
    outer loop
      vertex -3.60962 0 5.6
      vertex -3.60962 1.70187 12.866
      vertex -3.60962 1.62277 12.8665
    endloop
  endfacet
  facet normal 1 0 0
    outer loop
      vertex -3.60962 0 5.6
      vertex -3.60962 1.62277 12.8665
      vertex -3.60962 1.6025 12.8666
    endloop
  endfacet
  facet normal 1 0 0
    outer loop
      vertex -3.60962 0 5.6
      vertex -3.60962 1.6025 12.8666
      vertex -3.60962 1.51386 12.8667
    endloop
  endfacet
  facet normal 1 0 0
    outer loop
      vertex -3.60962 0 5.6
      vertex -3.60962 1.51386 12.8667
      vertex -3.60962 1.41915 12.8666
    endloop
  endfacet
  facet normal 1 0 0
    outer loop
      vertex -3.60962 0 5.6
      vertex -3.60962 1.41915 12.8666
      vertex -3.60962 1.39433 12.8665
    endloop
  endfacet
  facet normal 1 0 0
    outer loop
      vertex -3.60962 0 5.6
      vertex -3.60962 1.39433 12.8665
      vertex -3.60962 1.29731 12.866
    endloop
  endfacet
  facet normal 1 0 0
    outer loop
      vertex -3.60962 0 5.6
      vertex -3.60962 1.29731 12.866
      vertex -3.60962 1.20188 12.8653
    endloop
  endfacet
  facet normal 1 0 0
    outer loop
      vertex -3.60962 0 5.6
      vertex -3.60962 1.20188 12.8653
      vertex -3.60962 1.11181 12.8643
    endloop
  endfacet
  facet normal 1 0 0
    outer loop
      vertex -3.60962 0 5.6
      vertex -3.60962 1.11181 12.8643
      vertex -3.60962 1.08301 12.864
    endloop
  endfacet
  facet normal 1 0 0
    outer loop
      vertex -3.60962 0 5.6
      vertex -3.60962 1.08301 12.864
      vertex -3.60962 1.00167 12.8628
    endloop
  endfacet
  facet normal 1 0 0
    outer loop
      vertex -3.60962 0 5.6
      vertex -3.60962 1.00167 12.8628
      vertex -3.60962 0.0317534 12.8475
    endloop
  endfacet
  facet normal 1 0 0
    outer loop
      vertex -3.60962 0 5.6
      vertex -3.60962 0.0317534 12.8475
      vertex -3.60962 0 12.8469
    endloop
  endfacet
  facet normal 1 0 0
    outer loop
      vertex -3.60962 4.97927 12.8268
      vertex -3.60962 0 5.6
      vertex -3.60962 10.5556 5.6
    endloop
  endfacet
  facet normal 0 1 0
    outer loop
      vertex -3.60962 0 5.6
      vertex -3.55984 0 12.8461
      vertex -1.54012 0 12.8134
    endloop
  endfacet
  facet normal 0 1 0
    outer loop
      vertex -3.60962 0 5.6
      vertex -1.54012 0 12.8134
      vertex -1.54012 0 5.6
    endloop
  endfacet
  facet normal 0 1 0
    outer loop
      vertex -3.55984 0 12.8461
      vertex -3.60962 0 5.6
      vertex -3.60962 0 12.8469
    endloop
  endfacet
  facet normal -1 0 0
    outer loop
      vertex -1.54012 2.3611 5.6
      vertex -1.54012 0.70466 12.817
      vertex -1.54012 2.3611 12.8001
    endloop
  endfacet
  facet normal -1 0 0
    outer loop
      vertex -1.54012 0 5.6
      vertex -1.54012 0.70466 12.817
      vertex -1.54012 2.3611 5.6
    endloop
  endfacet
  facet normal -1 -0 0
    outer loop
      vertex -1.54012 0.70466 12.817
      vertex -1.54012 0 5.6
      vertex -1.54012 0.632994 12.8174
    endloop
  endfacet
  facet normal -1 -0 0
    outer loop
      vertex -1.54012 0.632994 12.8174
      vertex -1.54012 0 5.6
      vertex -1.54012 0.605088 12.8176
    endloop
  endfacet
  facet normal -1 -0 0
    outer loop
      vertex -1.54012 0.605088 12.8176
      vertex -1.54012 0 5.6
      vertex -1.54012 0.524759 12.8177
    endloop
  endfacet
  facet normal -1 0 0
    outer loop
      vertex -1.54012 0.524759 12.8177
      vertex -1.54012 0 5.6
      vertex -1.54012 0.438943 12.8176
    endloop
  endfacet
  facet normal -1 0 0
    outer loop
      vertex -1.54012 0.438943 12.8176
      vertex -1.54012 0 5.6
      vertex -1.54012 0.404772 12.8174
    endloop
  endfacet
  facet normal -1 0 0
    outer loop
      vertex -1.54012 0.404772 12.8174
      vertex -1.54012 0 5.6
      vertex -1.54012 0.316869 12.817
    endloop
  endfacet
  facet normal -1 0 0
    outer loop
      vertex -1.54012 0.316869 12.817
      vertex -1.54012 0 5.6
      vertex -1.54012 0.230396 12.8164
    endloop
  endfacet
  facet normal -1 0 0
    outer loop
      vertex -1.54012 0.230396 12.8164
      vertex -1.54012 0 5.6
      vertex -1.54012 0.148793 12.8155
    endloop
  endfacet
  facet normal -1 0 0
    outer loop
      vertex -1.54012 0.148793 12.8155
      vertex -1.54012 0 5.6
      vertex -1.54012 0.109366 12.815
    endloop
  endfacet
  facet normal -1 0 0
    outer loop
      vertex -1.54012 0.109366 12.815
      vertex -1.54012 0 5.6
      vertex -1.54012 0.0356824 12.814
    endloop
  endfacet
  facet normal -1 0 0
    outer loop
      vertex -1.54012 0.0356824 12.814
      vertex -1.54012 0 5.6
      vertex -1.54012 0 12.8134
    endloop
  endfacet
  facet normal -0.623179 0.782079 0
    outer loop
      vertex -1.54012 2.3611 5.6
      vertex -0.651215 3.0694 12.7675
      vertex -0.651215 3.0694 5.6
    endloop
  endfacet
  facet normal -0.623179 0.782079 0
    outer loop
      vertex -0.651215 3.0694 12.7675
      vertex -1.54012 2.3611 5.6
      vertex -1.54012 2.3611 12.8001
    endloop
  endfacet
  facet normal 0.815231 0.579136 0
    outer loop
      vertex 1.52927 0 12.7365
      vertex -0.651215 3.0694 5.6
      vertex -0.651215 3.0694 12.7675
    endloop
  endfacet
  facet normal 0.815231 0.579136 0
    outer loop
      vertex -0.651215 3.0694 5.6
      vertex 1.52927 0 12.7365
      vertex 1.52927 0 5.6
    endloop
  endfacet
  facet normal 0 1 0
    outer loop
      vertex 1.52927 0 5.6
      vertex 3.91817 0 12.6682
      vertex 3.91817 0 5.6
    endloop
  endfacet
  facet normal 0 1 0
    outer loop
      vertex 3.91817 0 12.6682
      vertex 1.52927 0 5.6
      vertex 1.52927 0 12.7365
    endloop
  endfacet
  facet normal -0.802181 -0.597081 -0
    outer loop
      vertex 3.91817 0 12.6682
      vertex 0.72377 4.29169 5.6
      vertex 3.91817 0 5.6
    endloop
  endfacet
  facet normal -0.802181 -0.597081 0
    outer loop
      vertex 0.72377 4.29169 5.6
      vertex 3.91817 0 12.6682
      vertex 0.72377 4.29169 12.7157
    endloop
  endfacet
  facet normal -0.737533 0.675311 0
    outer loop
      vertex 3.72284 7.56709 5.6
      vertex 1.57142 5.21744 12.6756
      vertex 3.72284 7.56709 12.3748
    endloop
  endfacet
  facet normal -0.737533 0.675311 1.19578e-07
    outer loop
      vertex 0.72377 4.29169 5.6
      vertex 1.57142 5.21744 12.6756
      vertex 3.72284 7.56709 5.6
    endloop
  endfacet
  facet normal -0.737559 0.675283 6.82305e-06
    outer loop
      vertex 1.50289 5.14259 12.6821
      vertex 1.57142 5.21744 12.6756
      vertex 0.72377 4.29169 5.6
    endloop
  endfacet
  facet normal -0.736963 0.675848 0.0107548
    outer loop
      vertex 1.57142 5.21744 12.6756
      vertex 1.5455 5.18913 12.6785
      vertex 1.56105 5.20611 12.677
    endloop
  endfacet
  facet normal -0.737586 0.675253 -0.000618188
    outer loop
      vertex 1.57142 5.21744 12.6756
      vertex 1.50289 5.14259 12.6821
      vertex 1.5455 5.18913 12.6785
    endloop
  endfacet
  facet normal -0.73824 0.674165 -0.0224303
    outer loop
      vertex 1.5455 5.18913 12.6785
      vertex 1.50289 5.14259 12.6821
      vertex 1.52288 5.16443 12.6806
    endloop
  endfacet
  facet normal -0.737479 0.67537 -1.24731e-05
    outer loop
      vertex 1.50289 5.14259 12.6821
      vertex 0.72377 4.29169 5.6
      vertex 1.46744 5.10388 12.6844
    endloop
  endfacet
  facet normal -0.737511 0.675335 -5.03425e-06
    outer loop
      vertex 1.46744 5.10388 12.6844
      vertex 0.72377 4.29169 5.6
      vertex 1.44387 5.07814 12.6858
    endloop
  endfacet
  facet normal -0.737529 0.675316 -1.03505e-06
    outer loop
      vertex 1.44387 5.07814 12.6858
      vertex 0.72377 4.29169 5.6
      vertex 1.39676 5.02669 12.6884
    endloop
  endfacet
  facet normal -0.737657 0.675176 2.56562e-05
    outer loop
      vertex 1.39676 5.02669 12.6884
      vertex 0.72377 4.29169 5.6
      vertex 1.37061 4.99812 12.6896
    endloop
  endfacet
  facet normal -0.737464 0.675387 -1.30705e-05
    outer loop
      vertex 1.37061 4.99812 12.6896
      vertex 0.72377 4.29169 5.6
      vertex 1.31349 4.93575 12.6923
    endloop
  endfacet
  facet normal -0.737629 0.675206 1.71637e-05
    outer loop
      vertex 1.31349 4.93575 12.6923
      vertex 0.72377 4.29169 5.6
      vertex 1.2858 4.9055 12.6934
    endloop
  endfacet
  facet normal -0.737512 0.675334 -3.27793e-06
    outer loop
      vertex 1.2858 4.9055 12.6934
      vertex 0.72377 4.29169 5.6
      vertex 1.22074 4.83445 12.696
    endloop
  endfacet
  facet normal -0.737533 0.675311 0
    outer loop
      vertex 1.22074 4.83445 12.696
      vertex 0.72377 4.29169 5.6
      vertex 0.72377 4.29169 12.7157
    endloop
  endfacet
  facet normal 0.928356 0.371692 0
    outer loop
      vertex 4.6077 5.35702 12.587
      vertex 3.72284 7.56709 5.6
      vertex 3.72284 7.56709 12.3748
    endloop
  endfacet
  facet normal 0.928485 0.371337 -0.00488226
    outer loop
      vertex 4.62135 5.32292 12.5893
      vertex 4.6077 5.35702 12.587
      vertex 4.61315 5.34341 12.5883
    endloop
  endfacet
  facet normal 0.928408 0.371562 -0.00108771
    outer loop
      vertex 4.63983 5.27675 12.5911
      vertex 4.6077 5.35702 12.587
      vertex 4.62135 5.32292 12.5893
    endloop
  endfacet
  facet normal 0.928326 0.371742 0.00437647
    outer loop
      vertex 4.63983 5.27675 12.5911
      vertex 4.62135 5.32292 12.5893
      vertex 4.62921 5.30328 12.5903
    endloop
  endfacet
  facet normal 0.928304 0.371797 0.00432154
    outer loop
      vertex 4.65213 5.24603 12.5919
      vertex 4.6077 5.35702 12.587
      vertex 4.63983 5.27675 12.5911
    endloop
  endfacet
  facet normal 0.928379 0.371635 -2.08843e-05
    outer loop
      vertex 4.6077 5.35702 12.587
      vertex 4.65213 5.24603 12.5919
      vertex 3.72284 7.56709 5.6
    endloop
  endfacet
  facet normal 0.928334 0.371746 2.19497e-05
    outer loop
      vertex 4.66476 5.21449 12.5925
      vertex 3.72284 7.56709 5.6
      vertex 4.65213 5.24603 12.5919
    endloop
  endfacet
  facet normal 0.928319 0.371785 3.69926e-05
    outer loop
      vertex 4.68104 5.17384 12.593
      vertex 3.72284 7.56709 5.6
      vertex 4.66476 5.21449 12.5925
    endloop
  endfacet
  facet normal 0.928368 0.371662 -1.17107e-05
    outer loop
      vertex 4.6952 5.13847 12.5932
      vertex 3.72284 7.56709 5.6
      vertex 4.68104 5.17384 12.593
    endloop
  endfacet
  facet normal 0.928359 0.371684 -2.71387e-06
    outer loop
      vertex 4.71483 5.08944 12.5935
      vertex 3.72284 7.56709 5.6
      vertex 4.6952 5.13847 12.5932
    endloop
  endfacet
  facet normal 0.928341 0.371729 1.55414e-05
    outer loop
      vertex 4.72999 5.05158 12.5935
      vertex 3.72284 7.56709 5.6
      vertex 4.71483 5.08944 12.5935
    endloop
  endfacet
  facet normal 0.92835 0.371708 6.85558e-06
    outer loop
      vertex 4.7522 4.99611 12.5934
      vertex 3.72284 7.56709 5.6
      vertex 4.72999 5.05158 12.5935
    endloop
  endfacet
  facet normal 0.928357 0.371691 -0
    outer loop
      vertex 6.73026 0.0555878 5.6
      vertex 4.7522 4.99611 12.5934
      vertex 6.73026 0.0555878 12.5873
    endloop
  endfacet
  facet normal 0.928356 0.371691 -4.10587e-07
    outer loop
      vertex 4.7522 4.99611 12.5934
      vertex 6.73026 0.0555878 5.6
      vertex 3.72284 7.56709 5.6
    endloop
  endfacet
  facet normal 0.948679 -0.316239 0
    outer loop
      vertex 6.60526 -0.319397 5.6
      vertex 6.73026 0.0555878 12.5873
      vertex 6.60526 -0.319397 12.5947
    endloop
  endfacet
  facet normal 0.948679 -0.316239 0
    outer loop
      vertex 6.73026 0.0555878 12.5873
      vertex 6.60526 -0.319397 5.6
      vertex 6.73026 0.0555878 5.6
    endloop
  endfacet
  facet normal 0.937231 -0.348708 0
    outer loop
      vertex 6.52495 -0.535248 5.6
      vertex 6.60526 -0.319397 12.5947
      vertex 6.52495 -0.535248 12.5992
    endloop
  endfacet
  facet normal 0.937231 -0.348708 0
    outer loop
      vertex 6.60526 -0.319397 12.5947
      vertex 6.52495 -0.535248 5.6
      vertex 6.60526 -0.319397 5.6
    endloop
  endfacet
  facet normal 0.903356 -0.428892 0
    outer loop
      vertex 6.42854 -0.738312 5.6
      vertex 6.52495 -0.535248 12.5992
      vertex 6.42854 -0.738312 12.604
    endloop
  endfacet
  facet normal 0.903356 -0.428892 0
    outer loop
      vertex 6.52495 -0.535248 12.5992
      vertex 6.42854 -0.738312 5.6
      vertex 6.52495 -0.535248 5.6
    endloop
  endfacet
  facet normal 0.860761 -0.50901 0
    outer loop
      vertex 6.31602 -0.928589 5.6
      vertex 6.42854 -0.738312 12.604
      vertex 6.31602 -0.928589 12.6092
    endloop
  endfacet
  facet normal 0.860761 -0.50901 0
    outer loop
      vertex 6.42854 -0.738312 12.604
      vertex 6.31602 -0.928589 5.6
      vertex 6.42854 -0.738312 5.6
    endloop
  endfacet
  facet normal 0.809721 -0.586815 0
    outer loop
      vertex 6.18739 -1.10608 5.6
      vertex 6.31602 -0.928589 12.6092
      vertex 6.18739 -1.10608 12.6147
    endloop
  endfacet
  facet normal 0.809721 -0.586815 0
    outer loop
      vertex 6.31602 -0.928589 12.6092
      vertex 6.18739 -1.10608 5.6
      vertex 6.31602 -0.928589 5.6
    endloop
  endfacet
  facet normal 0.751196 -0.660079 0
    outer loop
      vertex 6.04265 -1.2708 5.6
      vertex 6.18739 -1.10608 12.6147
      vertex 6.04265 -1.2708 12.6205
    endloop
  endfacet
  facet normal 0.751196 -0.660079 0
    outer loop
      vertex 6.18739 -1.10608 12.6147
      vertex 6.04265 -1.2708 5.6
      vertex 6.18739 -1.10608 5.6
    endloop
  endfacet
  facet normal 0.656855 -0.754017 0
    outer loop
      vertex 5.87906 -1.41331 5.6
      vertex 6.04265 -1.2708 12.6205
      vertex 5.87906 -1.41331 12.6266
    endloop
  endfacet
  facet normal 0.656855 -0.754017 0
    outer loop
      vertex 6.04265 -1.2708 12.6205
      vertex 5.87906 -1.41331 5.6
      vertex 6.04265 -1.2708 5.6
    endloop
  endfacet
  facet normal 0.513487 -0.858097 0
    outer loop
      vertex 5.6938 -1.52417 5.6
      vertex 5.87906 -1.41331 12.6266
      vertex 5.6938 -1.52417 12.633
    endloop
  endfacet
  facet normal 0.513487 -0.858097 0
    outer loop
      vertex 5.87906 -1.41331 12.6266
      vertex 5.6938 -1.52417 5.6
      vertex 5.87906 -1.41331 5.6
    endloop
  endfacet
  facet normal 0.357388 -0.933956 0
    outer loop
      vertex 5.48688 -1.60335 5.6
      vertex 5.6938 -1.52417 12.633
      vertex 5.48688 -1.60335 12.6398
    endloop
  endfacet
  facet normal 0.357388 -0.933956 0
    outer loop
      vertex 5.6938 -1.52417 12.633
      vertex 5.48688 -1.60335 5.6
      vertex 5.6938 -1.52417 5.6
    endloop
  endfacet
  facet normal 0.203499 -0.979075 0
    outer loop
      vertex 5.2583 -1.65086 5.6
      vertex 5.48688 -1.60335 12.6398
      vertex 5.2583 -1.65086 12.6468
    endloop
  endfacet
  facet normal 0.203499 -0.979075 0
    outer loop
      vertex 5.48688 -1.60335 12.6398
      vertex 5.2583 -1.65086 5.6
      vertex 5.48688 -1.60335 5.6
    endloop
  endfacet
  facet normal 0.0631331 -0.998005 0
    outer loop
      vertex 5.00806 -1.66669 5.6
      vertex 5.2583 -1.65086 12.6468
      vertex 5.00806 -1.66669 12.6541
    endloop
  endfacet
  facet normal 0.0631331 -0.998005 0
    outer loop
      vertex 5.2583 -1.65086 12.6468
      vertex 5.00806 -1.66669 5.6
      vertex 5.2583 -1.65086 5.6
    endloop
  endfacet
  facet normal -0.0119624 -0.999928 0
    outer loop
      vertex 4.91444 -1.66557 5.6
      vertex 5.00806 -1.66669 12.6541
      vertex 4.91444 -1.66557 12.6567
    endloop
  endfacet
  facet normal -0.0119624 -0.999928 -0
    outer loop
      vertex 5.00806 -1.66669 12.6541
      vertex 4.91444 -1.66557 5.6
      vertex 5.00806 -1.66669 5.6
    endloop
  endfacet
  facet normal -0.0360831 -0.999349 0
    outer loop
      vertex 4.82249 -1.66225 5.6
      vertex 4.91444 -1.66557 12.6567
      vertex 4.82249 -1.66225 12.6593
    endloop
  endfacet
  facet normal -0.0360831 -0.999349 -0
    outer loop
      vertex 4.91444 -1.66557 12.6567
      vertex 4.82249 -1.66225 5.6
      vertex 4.91444 -1.66557 5.6
    endloop
  endfacet
  facet normal -0.0615866 -0.998102 0
    outer loop
      vertex 4.73222 -1.65668 5.6
      vertex 4.82249 -1.66225 12.6593
      vertex 4.73222 -1.65668 12.6619
    endloop
  endfacet
  facet normal -0.0615866 -0.998102 -0
    outer loop
      vertex 4.82249 -1.66225 12.6593
      vertex 4.73222 -1.65668 5.6
      vertex 4.82249 -1.66225 5.6
    endloop
  endfacet
  facet normal -0.0874542 -0.996169 0
    outer loop
      vertex 4.6436 -1.6489 5.6
      vertex 4.73222 -1.65668 12.6619
      vertex 4.6436 -1.6489 12.6643
    endloop
  endfacet
  facet normal -0.0874542 -0.996169 -0
    outer loop
      vertex 4.73222 -1.65668 12.6619
      vertex 4.6436 -1.6489 5.6
      vertex 4.73222 -1.65668 5.6
    endloop
  endfacet
  facet normal -0.114381 -0.993437 0
    outer loop
      vertex 4.55666 -1.63889 5.6
      vertex 4.6436 -1.6489 12.6643
      vertex 4.55666 -1.63889 12.6667
    endloop
  endfacet
  facet normal -0.114381 -0.993437 -0
    outer loop
      vertex 4.6436 -1.6489 12.6643
      vertex 4.55666 -1.63889 5.6
      vertex 4.6436 -1.6489 5.6
    endloop
  endfacet
  facet normal -0.131675 -0.991293 0
    outer loop
      vertex 4.47302 -1.62778 5.6
      vertex 4.55666 -1.63889 12.6667
      vertex 4.47302 -1.62778 12.669
    endloop
  endfacet
  facet normal -0.131675 -0.991293 -0
    outer loop
      vertex 4.55666 -1.63889 12.6667
      vertex 4.47302 -1.62778 5.6
      vertex 4.55666 -1.63889 5.6
    endloop
  endfacet
  facet normal -0.140187 -0.990125 0
    outer loop
      vertex 4.39441 -1.61665 5.6
      vertex 4.47302 -1.62778 12.669
      vertex 4.39441 -1.61665 12.6711
    endloop
  endfacet
  facet normal -0.140187 -0.990125 -0
    outer loop
      vertex 4.47302 -1.62778 12.669
      vertex 4.39441 -1.61665 5.6
      vertex 4.47302 -1.62778 5.6
    endloop
  endfacet
  facet normal -0.149352 -0.988784 0
    outer loop
      vertex 4.32079 -1.60553 5.6
      vertex 4.39441 -1.61665 12.6711
      vertex 4.32079 -1.60553 12.6731
    endloop
  endfacet
  facet normal -0.149352 -0.988784 -0
    outer loop
      vertex 4.39441 -1.61665 12.6711
      vertex 4.32079 -1.60553 5.6
      vertex 4.39441 -1.61665 5.6
    endloop
  endfacet
  facet normal -0.159965 -0.987123 0
    outer loop
      vertex 4.25217 -1.59441 5.6
      vertex 4.32079 -1.60553 12.6731
      vertex 4.25217 -1.59441 12.6749
    endloop
  endfacet
  facet normal -0.159965 -0.987123 -0
    outer loop
      vertex 4.32079 -1.60553 12.6731
      vertex 4.25217 -1.59441 5.6
      vertex 4.32079 -1.60553 5.6
    endloop
  endfacet
  facet normal -0.172027 -0.985092 0
    outer loop
      vertex 4.18855 -1.5833 5.6
      vertex 4.25217 -1.59441 12.6749
      vertex 4.18855 -1.5833 12.6767
    endloop
  endfacet
  facet normal -0.172027 -0.985092 -0
    outer loop
      vertex 4.25217 -1.59441 12.6749
      vertex 4.18855 -1.5833 5.6
      vertex 4.25217 -1.59441 5.6
    endloop
  endfacet
  facet normal 1 0 0
    outer loop
      vertex 4.18855 -2.05575 12.6815
      vertex 4.18855 -1.5833 5.6
      vertex 4.18855 -1.5833 12.6767
    endloop
  endfacet
  facet normal 1 0 0
    outer loop
      vertex 4.18855 -2.10685 12.6818
      vertex 4.18855 -1.5833 5.6
      vertex 4.18855 -2.05575 12.6815
    endloop
  endfacet
  facet normal 1 0 0
    outer loop
      vertex 4.18855 -2.15589 12.682
      vertex 4.18855 -1.5833 5.6
      vertex 4.18855 -2.10685 12.6818
    endloop
  endfacet
  facet normal 1 0 0
    outer loop
      vertex 4.18855 -2.2132 12.6821
      vertex 4.18855 -1.5833 5.6
      vertex 4.18855 -2.15589 12.682
    endloop
  endfacet
  facet normal 1 -0 0
    outer loop
      vertex 4.18855 -2.27441 12.682
      vertex 4.18855 -1.5833 5.6
      vertex 4.18855 -2.2132 12.6821
    endloop
  endfacet
  facet normal 1 -0 0
    outer loop
      vertex 4.18855 -2.33446 12.6818
      vertex 4.18855 -1.5833 5.6
      vertex 4.18855 -2.27441 12.682
    endloop
  endfacet
  facet normal 1 -0 0
    outer loop
      vertex 4.18855 -2.39714 12.6815
      vertex 4.18855 -1.5833 5.6
      vertex 4.18855 -2.33446 12.6818
    endloop
  endfacet
  facet normal 1 -0 0
    outer loop
      vertex 4.18855 -2.4588 12.681
      vertex 4.18855 -1.5833 5.6
      vertex 4.18855 -2.39714 12.6815
    endloop
  endfacet
  facet normal 1 0 0
    outer loop
      vertex 4.18855 -3.2222 5.6
      vertex 4.18855 -2.4588 12.681
      vertex 4.18855 -2.51698 12.6804
    endloop
  endfacet
  facet normal 1 0 0
    outer loop
      vertex 4.18855 -3.2222 5.6
      vertex 4.18855 -2.51698 12.6804
      vertex 4.18855 -2.58583 12.6796
    endloop
  endfacet
  facet normal 1 0 0
    outer loop
      vertex 4.18855 -3.2222 5.6
      vertex 4.18855 -2.58583 12.6796
      vertex 4.18855 -2.63829 12.6788
    endloop
  endfacet
  facet normal 1 0 0
    outer loop
      vertex 4.18855 -3.2222 5.6
      vertex 4.18855 -2.63829 12.6788
      vertex 4.18855 -3.2222 12.6696
    endloop
  endfacet
  facet normal 1 0 0
    outer loop
      vertex 4.18855 -2.4588 12.681
      vertex 4.18855 -3.2222 5.6
      vertex 4.18855 -1.5833 5.6
    endloop
  endfacet
  facet normal 0.20001 0.979794 0
    outer loop
      vertex 4.18855 -3.2222 5.6
      vertex 4.26884 -3.23859 12.668
      vertex 4.26884 -3.23859 5.6
    endloop
  endfacet
  facet normal 0.20001 0.979794 0
    outer loop
      vertex 4.26884 -3.23859 12.668
      vertex 4.18855 -3.2222 5.6
      vertex 4.18855 -3.2222 12.6696
    endloop
  endfacet
  facet normal 0.182576 0.983192 0
    outer loop
      vertex 4.26884 -3.23859 5.6
      vertex 4.35414 -3.25443 12.6664
      vertex 4.35414 -3.25443 5.6
    endloop
  endfacet
  facet normal 0.182576 0.983192 0
    outer loop
      vertex 4.35414 -3.25443 12.6664
      vertex 4.26884 -3.23859 5.6
      vertex 4.26884 -3.23859 12.668
    endloop
  endfacet
  facet normal 0.166896 0.985975 0
    outer loop
      vertex 4.35414 -3.25443 5.6
      vertex 4.44441 -3.26971 12.6647
      vertex 4.44441 -3.26971 5.6
    endloop
  endfacet
  facet normal 0.166896 0.985975 0
    outer loop
      vertex 4.44441 -3.26971 12.6647
      vertex 4.35414 -3.25443 5.6
      vertex 4.35414 -3.25443 12.6664
    endloop
  endfacet
  facet normal 0.152782 0.98826 0
    outer loop
      vertex 4.44441 -3.26971 5.6
      vertex 4.53969 -3.28444 12.6629
      vertex 4.53969 -3.28444 5.6
    endloop
  endfacet
  facet normal 0.152782 0.98826 0
    outer loop
      vertex 4.53969 -3.28444 12.6629
      vertex 4.44441 -3.26971 5.6
      vertex 4.44441 -3.26971 12.6647
    endloop
  endfacet
  facet normal 0.139845 0.990173 0
    outer loop
      vertex 4.53969 -3.28444 5.6
      vertex 4.63995 -3.2986 12.661
      vertex 4.63995 -3.2986 5.6
    endloop
  endfacet
  facet normal 0.139845 0.990173 0
    outer loop
      vertex 4.63995 -3.2986 12.661
      vertex 4.53969 -3.28444 5.6
      vertex 4.53969 -3.28444 12.6629
    endloop
  endfacet
  facet normal 0.116495 0.993191 0
    outer loop
      vertex 4.63995 -3.2986 5.6
      vertex 4.74635 -3.31108 12.6591
      vertex 4.74635 -3.31108 5.6
    endloop
  endfacet
  facet normal 0.116495 0.993191 0
    outer loop
      vertex 4.74635 -3.31108 12.6591
      vertex 4.63995 -3.2986 5.6
      vertex 4.63995 -3.2986 12.661
    endloop
  endfacet
  facet normal 0.0852221 0.996362 0
    outer loop
      vertex 4.74635 -3.31108 5.6
      vertex 4.85999 -3.3208 12.6571
      vertex 4.85999 -3.3208 5.6
    endloop
  endfacet
  facet normal 0.0852221 0.996362 0
    outer loop
      vertex 4.85999 -3.3208 12.6571
      vertex 4.74635 -3.31108 5.6
      vertex 4.74635 -3.31108 12.6591
    endloop
  endfacet
  facet normal 0.0573416 0.998355 0
    outer loop
      vertex 4.85999 -3.3208 5.6
      vertex 4.98082 -3.32774 12.6551
      vertex 4.98082 -3.32774 5.6
    endloop
  endfacet
  facet normal 0.0573416 0.998355 0
    outer loop
      vertex 4.98082 -3.32774 12.6551
      vertex 4.85999 -3.3208 5.6
      vertex 4.85999 -3.3208 12.6571
    endloop
  endfacet
  facet normal 0.0325481 0.99947 0
    outer loop
      vertex 4.98082 -3.32774 5.6
      vertex 5.10887 -3.33191 12.6529
      vertex 5.10887 -3.33191 5.6
    endloop
  endfacet
  facet normal 0.0325481 0.99947 0
    outer loop
      vertex 5.10887 -3.33191 12.6529
      vertex 4.98082 -3.32774 5.6
      vertex 4.98082 -3.32774 12.6551
    endloop
  endfacet
  facet normal 0.0102737 0.999947 0
    outer loop
      vertex 5.10887 -3.33191 5.6
      vertex 5.24416 -3.3333 12.6507
      vertex 5.24416 -3.3333 5.6
    endloop
  endfacet
  facet normal 0.0102737 0.999947 0
    outer loop
      vertex 5.24416 -3.3333 12.6507
      vertex 5.10887 -3.33191 5.6
      vertex 5.10887 -3.33191 12.6529
    endloop
  endfacet
  facet normal -0.0557929 0.998442 0
    outer loop
      vertex 5.66719 -3.30968 5.6
      vertex 5.63122 -3.31169 12.6448
      vertex 5.66719 -3.30968 12.6442
    endloop
  endfacet
  facet normal -0.0557485 0.998445 2.27452e-07
    outer loop
      vertex 5.63122 -3.31169 12.6448
      vertex 5.66719 -3.30968 5.6
      vertex 5.24416 -3.3333 5.6
    endloop
  endfacet
  facet normal -0.0557443 0.998445 0
    outer loop
      vertex 5.63122 -3.31169 12.6448
      vertex 5.24416 -3.3333 5.6
      vertex 5.24416 -3.3333 12.6507
    endloop
  endfacet
  facet normal -0.17325 0.984878 -1.44549e-06
    outer loop
      vertex 5.66719 -3.30968 5.6
      vertex 5.71079 -3.302 12.6436
      vertex 5.83034 -3.28097 12.6417
    endloop
  endfacet
  facet normal -0.173384 0.984854 1.75916e-06
    outer loop
      vertex 5.66719 -3.30968 5.6
      vertex 5.83034 -3.28097 12.6417
      vertex 5.91009 -3.26693 12.6403
    endloop
  endfacet
  facet normal -0.173314 0.984867 -7.25662e-07
    outer loop
      vertex 5.66719 -3.30968 5.6
      vertex 5.91009 -3.26693 12.6403
      vertex 5.99351 -3.25225 12.6388
    endloop
  endfacet
  facet normal -0.17324 0.98488 0
    outer loop
      vertex 6.06969 -3.23885 5.6
      vertex 5.99351 -3.25225 12.6388
      vertex 6.06969 -3.23885 12.6372
    endloop
  endfacet
  facet normal -0.173312 0.984867 -8.09762e-07
    outer loop
      vertex 5.99351 -3.25225 12.6388
      vertex 6.06969 -3.23885 5.6
      vertex 5.66719 -3.30968 5.6
    endloop
  endfacet
  facet normal -0.173476 0.984838 0
    outer loop
      vertex 5.71079 -3.302 12.6436
      vertex 5.66719 -3.30968 5.6
      vertex 5.66719 -3.30968 12.6442
    endloop
  endfacet
  facet normal -0.295281 0.95541 -1.4562e-06
    outer loop
      vertex 6.06969 -3.23885 5.6
      vertex 6.0759 -3.23692 12.6371
      vertex 6.16352 -3.20984 12.6353
    endloop
  endfacet
  facet normal -0.295318 0.955399 -9.13241e-07
    outer loop
      vertex 6.06969 -3.23885 5.6
      vertex 6.16352 -3.20984 12.6353
      vertex 6.23052 -3.18913 12.6338
    endloop
  endfacet
  facet normal -0.295276 0.955412 -1.97699e-06
    outer loop
      vertex 6.06969 -3.23885 5.6
      vertex 6.23052 -3.18913 12.6338
      vertex 6.29258 -3.16995 12.6322
    endloop
  endfacet
  facet normal -0.295295 0.955406 -1.2944e-06
    outer loop
      vertex 6.06969 -3.23885 5.6
      vertex 6.29258 -3.16995 12.6322
      vertex 6.36473 -3.14765 12.6302
    endloop
  endfacet
  facet normal -0.29541 0.95537 4.00073e-06
    outer loop
      vertex 6.06969 -3.23885 5.6
      vertex 6.36473 -3.14765 12.6302
      vertex 6.41945 -3.13073 12.6287
    endloop
  endfacet
  facet normal -0.295129 0.955457 0
    outer loop
      vertex 6.45163 -3.12079 5.6
      vertex 6.41945 -3.13073 12.6287
      vertex 6.45163 -3.12079 12.6277
    endloop
  endfacet
  facet normal -0.29532 0.955399 -9.56345e-07
    outer loop
      vertex 6.41945 -3.13073 12.6287
      vertex 6.45163 -3.12079 5.6
      vertex 6.06969 -3.23885 5.6
    endloop
  endfacet
  facet normal -0.296786 0.954944 0
    outer loop
      vertex 6.0759 -3.23692 12.6371
      vertex 6.06969 -3.23885 5.6
      vertex 6.06969 -3.23885 12.6372
    endloop
  endfacet
  facet normal -0.415912 0.909405 0
    outer loop
      vertex 6.45163 -3.12079 5.6
      vertex 6.81302 -2.95551 12.6156
      vertex 6.81302 -2.95551 5.6
    endloop
  endfacet
  facet normal -0.415912 0.909405 0
    outer loop
      vertex 6.81302 -2.95551 12.6156
      vertex 6.45163 -3.12079 5.6
      vertex 6.45163 -3.12079 12.6277
    endloop
  endfacet
  facet normal -0.529088 0.848567 0
    outer loop
      vertex 6.81302 -2.95551 5.6
      vertex 7.15385 -2.743 12.6037
      vertex 7.15385 -2.743 5.6
    endloop
  endfacet
  facet normal -0.529088 0.848567 0
    outer loop
      vertex 7.15385 -2.743 12.6037
      vertex 6.81302 -2.95551 5.6
      vertex 6.81302 -2.95551 12.6156
    endloop
  endfacet
  facet normal -0.636479 0.771294 0
    outer loop
      vertex 7.15385 -2.743 5.6
      vertex 7.46857 -2.48329 12.5921
      vertex 7.46857 -2.48329 5.6
    endloop
  endfacet
  facet normal -0.636479 0.771294 0
    outer loop
      vertex 7.46857 -2.48329 12.5921
      vertex 7.15385 -2.743 5.6
      vertex 7.15385 -2.743 12.6037
    endloop
  endfacet
  facet normal -0.735114 0.677944 0
    outer loop
      vertex 7.46857 -2.48329 5.6
      vertex 7.75163 -2.17636 12.5809
      vertex 7.75163 -2.17636 5.6
    endloop
  endfacet
  facet normal -0.735114 0.677944 0
    outer loop
      vertex 7.75163 -2.17636 12.5809
      vertex 7.46857 -2.48329 5.6
      vertex 7.46857 -2.48329 12.5921
    endloop
  endfacet
  facet normal -0.815463 0.578809 0
    outer loop
      vertex 7.75163 -2.17636 5.6
      vertex 8.00301 -1.8222 12.5701
      vertex 8.00301 -1.8222 5.6
    endloop
  endfacet
  facet normal -0.815463 0.578809 0
    outer loop
      vertex 8.00301 -1.8222 12.5701
      vertex 7.75163 -2.17636 5.6
      vertex 7.75163 -2.17636 12.5809
    endloop
  endfacet
  facet normal -0.877182 0.480158 0
    outer loop
      vertex 8.00301 -1.8222 5.6
      vertex 8.22272 -1.42082 12.5597
      vertex 8.22272 -1.42082 5.6
    endloop
  endfacet
  facet normal -0.877182 0.480158 0
    outer loop
      vertex 8.22272 -1.42082 12.5597
      vertex 8.00301 -1.8222 5.6
      vertex 8.00301 -1.8222 12.5701
    endloop
  endfacet
  facet normal -0.922269 0.386549 0
    outer loop
      vertex 8.22272 -1.42082 5.6
      vertex 8.41075 -0.972198 12.5497
      vertex 8.41075 -0.972198 5.6
    endloop
  endfacet
  facet normal -0.922269 0.386549 0
    outer loop
      vertex 8.41075 -0.972198 12.5497
      vertex 8.22272 -1.42082 5.6
      vertex 8.22272 -1.42082 12.5597
    endloop
  endfacet
  facet normal -0.936252 0.35133 0
    outer loop
      vertex 11.6192 7.5833 5.6
      vertex 11.5392 7.37011 12.2055
      vertex 11.6192 7.5833 12.1676
    endloop
  endfacet
  facet normal -0.936324 0.351138 -7.07563e-06
    outer loop
      vertex 11.6192 7.5833 5.6
      vertex 10.8926 5.64593 12.4036
      vertex 11.5392 7.37011 12.2055
    endloop
  endfacet
  facet normal -0.936265 0.351295 4.38218e-05
    outer loop
      vertex 10.8538 5.54252 12.4111
      vertex 10.8926 5.64593 12.4036
      vertex 11.6192 7.5833 5.6
    endloop
  endfacet
  facet normal -0.933118 0.35445 0.0604714
    outer loop
      vertex 10.8926 5.64593 12.4036
      vertex 10.8735 5.59488 12.4081
      vertex 10.885 5.62553 12.4059
    endloop
  endfacet
  facet normal -0.932857 0.354615 0.0634461
    outer loop
      vertex 10.8926 5.64593 12.4036
      vertex 10.8538 5.54252 12.4111
      vertex 10.8735 5.59488 12.4081
    endloop
  endfacet
  facet normal -0.933305 0.345553 -0.0976473
    outer loop
      vertex 10.8735 5.59488 12.4081
      vertex 10.8538 5.54252 12.4111
      vertex 10.8687 5.58217 12.409
    endloop
  endfacet
  facet normal -0.936271 0.351279 3.83662e-05
    outer loop
      vertex 11.6192 7.5833 5.6
      vertex 10.8463 5.52253 12.412
      vertex 10.8538 5.54252 12.4111
    endloop
  endfacet
  facet normal -0.936693 0.350152 -0.000350389
    outer loop
      vertex 11.6192 7.5833 5.6
      vertex 10.8287 5.47545 12.4138
      vertex 10.8463 5.52253 12.412
    endloop
  endfacet
  facet normal -0.936169 0.351551 0.000143302
    outer loop
      vertex 11.6192 7.5833 5.6
      vertex 10.8187 5.44882 12.4147
      vertex 10.8287 5.47545 12.4138
    endloop
  endfacet
  facet normal -0.936064 0.351831 0.000243146
    outer loop
      vertex 11.6192 7.5833 5.6
      vertex 10.7989 5.39614 12.4163
      vertex 10.8187 5.44882 12.4147
    endloop
  endfacet
  facet normal -0.936521 0.35061 -0.000203574
    outer loop
      vertex 11.6192 7.5833 5.6
      vertex 10.7868 5.36382 12.4172
      vertex 10.7989 5.39614 12.4163
    endloop
  endfacet
  facet normal -0.936295 0.351215 2.09681e-05
    outer loop
      vertex 11.6192 7.5833 5.6
      vertex 10.7657 5.30757 12.4184
      vertex 10.7868 5.36382 12.4172
    endloop
  endfacet
  facet normal -0.936361 0.351039 -4.60768e-05
    outer loop
      vertex 11.6192 7.5833 5.6
      vertex 10.7519 5.27076 12.4192
      vertex 10.7657 5.30757 12.4184
    endloop
  endfacet
  facet normal -0.936324 0.351137 -8.25644e-06
    outer loop
      vertex 8.41075 -0.972198 5.6
      vertex 10.7519 5.27076 12.4192
      vertex 11.6192 7.5833 5.6
    endloop
  endfacet
  facet normal -0.936327 0.351129 0
    outer loop
      vertex 10.7519 5.27076 12.4192
      vertex 8.41075 -0.972198 5.6
      vertex 8.41075 -0.972198 12.5497
    endloop
  endfacet
  facet normal 0 -1 0
    outer loop
      vertex 9.39696 7.5833 5.6
      vertex 9.91925 7.5833 12.2224
      vertex 9.39696 7.5833 12.2351
    endloop
  endfacet
  facet normal 0 -1 0
    outer loop
      vertex 11.6192 7.5833 5.6
      vertex 9.91925 7.5833 12.2224
      vertex 9.39696 7.5833 5.6
    endloop
  endfacet
  facet normal 0 -1 0
    outer loop
      vertex 9.91925 7.5833 12.2224
      vertex 11.6192 7.5833 5.6
      vertex 11.6192 7.5833 12.1676
    endloop
  endfacet
  facet normal 0.949912 -0.312517 0
    outer loop
      vertex 8.72682 5.54637 12.4668
      vertex 9.39696 7.5833 5.6
      vertex 9.39696 7.5833 12.2351
    endloop
  endfacet
  facet normal 0.950088 -0.311845 0.00928259
    outer loop
      vertex 8.71184 5.50085 12.4708
      vertex 8.72682 5.54637 12.4668
      vertex 8.72083 5.52818 12.4688
    endloop
  endfacet
  facet normal 0.949999 -0.312216 0.00472572
    outer loop
      vertex 8.69518 5.4502 12.4736
      vertex 8.72682 5.54637 12.4668
      vertex 8.71184 5.50085 12.4708
    endloop
  endfacet
  facet normal 0.948725 -0.314047 -0.0359765
    outer loop
      vertex 8.69518 5.4502 12.4736
      vertex 8.71184 5.50085 12.4708
      vertex 8.70681 5.48554 12.4718
    endloop
  endfacet
  facet normal 0.949911 -0.312521 1.99481e-06
    outer loop
      vertex 8.72682 5.54637 12.4668
      vertex 8.69518 5.4502 12.4736
      vertex 7.99416 3.3194 5.6
    endloop
  endfacet
  facet normal 0.949939 -0.312435 -2.77807e-05
    outer loop
      vertex 7.99416 3.3194 5.6
      vertex 8.69518 5.4502 12.4736
      vertex 8.68727 5.42615 12.4747
    endloop
  endfacet
  facet normal 0.949921 -0.312489 -9.1634e-06
    outer loop
      vertex 7.99416 3.3194 5.6
      vertex 8.68727 5.42615 12.4747
      vertex 8.67347 5.3842 12.4763
    endloop
  endfacet
  facet normal 0.949866 -0.312658 4.68803e-05
    outer loop
      vertex 7.99416 3.3194 5.6
      vertex 8.67347 5.3842 12.4763
      vertex 8.66295 5.35224 12.4773
    endloop
  endfacet
  facet normal 0.949891 -0.312581 2.16597e-05
    outer loop
      vertex 7.99416 3.3194 5.6
      vertex 8.66295 5.35224 12.4773
      vertex 8.64751 5.30532 12.4787
    endloop
  endfacet
  facet normal 0.94995 -0.312401 -3.59441e-05
    outer loop
      vertex 7.99416 3.3194 5.6
      vertex 8.64751 5.30532 12.4787
      vertex 8.63477 5.26658 12.4797
    endloop
  endfacet
  facet normal 0.949909 -0.312527 3.75933e-06
    outer loop
      vertex 7.99416 3.3194 5.6
      vertex 8.63477 5.26658 12.4797
      vertex 8.61829 5.21649 12.4807
    endloop
  endfacet
  facet normal 0.949905 -0.312539 7.46336e-06
    outer loop
      vertex 7.99416 3.3194 5.6
      vertex 8.61829 5.21649 12.4807
      vertex 8.60379 5.17242 12.4816
    endloop
  endfacet
  facet normal 0.949913 -0.312514 0
    outer loop
      vertex 7.99416 3.3194 5.6
      vertex 8.60379 5.17242 12.4816
      vertex 7.99416 3.3194 12.5179
    endloop
  endfacet
  facet normal 0.949912 -0.312516 1.47357e-07
    outer loop
      vertex 8.72682 5.54637 12.4668
      vertex 7.99416 3.3194 5.6
      vertex 9.39696 7.5833 5.6
    endloop
  endfacet
  facet normal 0.955345 -0.295493 0
    outer loop
      vertex 7.9561 3.19635 5.6
      vertex 7.99416 3.3194 12.5179
      vertex 7.9561 3.19635 12.5202
    endloop
  endfacet
  facet normal 0.955345 -0.295493 0
    outer loop
      vertex 7.99416 3.3194 12.5179
      vertex 7.9561 3.19635 5.6
      vertex 7.99416 3.3194 5.6
    endloop
  endfacet
  facet normal 0.959975 -0.280086 0
    outer loop
      vertex 7.91972 3.07166 5.6
      vertex 7.9561 3.19635 12.5202
      vertex 7.91972 3.07166 12.5225
    endloop
  endfacet
  facet normal 0.959975 -0.280086 0
    outer loop
      vertex 7.9561 3.19635 12.5202
      vertex 7.91972 3.07166 5.6
      vertex 7.9561 3.19635 5.6
    endloop
  endfacet
  facet normal 0.964259 -0.264963 0
    outer loop
      vertex 7.88499 2.94527 5.6
      vertex 7.91972 3.07166 12.5225
      vertex 7.88499 2.94527 12.5248
    endloop
  endfacet
  facet normal 0.964259 -0.264963 0
    outer loop
      vertex 7.91972 3.07166 12.5225
      vertex 7.88499 2.94527 5.6
      vertex 7.91972 3.07166 5.6
    endloop
  endfacet
  facet normal 0.968273 -0.249894 0
    outer loop
      vertex 7.85194 2.81721 5.6
      vertex 7.88499 2.94527 12.5248
      vertex 7.85194 2.81721 12.5271
    endloop
  endfacet
  facet normal 0.968273 -0.249894 0
    outer loop
      vertex 7.88499 2.94527 12.5248
      vertex 7.85194 2.81721 5.6
      vertex 7.88499 2.94527 5.6
    endloop
  endfacet
  facet normal 0.971961 -0.235141 0
    outer loop
      vertex 7.82056 2.6875 5.6
      vertex 7.85194 2.81721 12.5271
      vertex 7.82056 2.6875 12.5293
    endloop
  endfacet
  facet normal 0.971961 -0.235141 0
    outer loop
      vertex 7.85194 2.81721 12.5271
      vertex 7.82056 2.6875 5.6
      vertex 7.85194 2.81721 5.6
    endloop
  endfacet
  facet normal 0.976413 -0.215912 0
    outer loop
      vertex 7.79138 2.55554 5.6
      vertex 7.82056 2.6875 12.5293
      vertex 7.79138 2.55554 12.5315
    endloop
  endfacet
  facet normal 0.976413 -0.215912 0
    outer loop
      vertex 7.82056 2.6875 12.5293
      vertex 7.79138 2.55554 5.6
      vertex 7.82056 2.6875 5.6
    endloop
  endfacet
  facet normal 0.981335 -0.192304 0
    outer loop
      vertex 7.76498 2.42082 5.6
      vertex 7.79138 2.55554 12.5315
      vertex 7.76498 2.42082 12.5336
    endloop
  endfacet
  facet normal 0.981335 -0.192304 0
    outer loop
      vertex 7.79138 2.55554 12.5315
      vertex 7.76498 2.42082 5.6
      vertex 7.79138 2.55554 5.6
    endloop
  endfacet
  facet normal 0.985562 -0.169314 0
    outer loop
      vertex 7.74136 2.28333 5.6
      vertex 7.76498 2.42082 12.5336
      vertex 7.74136 2.28333 12.5357
    endloop
  endfacet
  facet normal 0.985562 -0.169314 0
    outer loop
      vertex 7.76498 2.42082 12.5336
      vertex 7.74136 2.28333 5.6
      vertex 7.76498 2.42082 5.6
    endloop
  endfacet
  facet normal 0.989144 -0.146947 0
    outer loop
      vertex 7.72052 2.14305 5.6
      vertex 7.74136 2.28333 12.5357
      vertex 7.72052 2.14305 12.5377
    endloop
  endfacet
  facet normal 0.989144 -0.146947 0
    outer loop
      vertex 7.74136 2.28333 12.5357
      vertex 7.72052 2.14305 5.6
      vertex 7.74136 2.28333 5.6
    endloop
  endfacet
  facet normal 0.992116 -0.125324 0
    outer loop
      vertex 7.70245 2 5.6
      vertex 7.72052 2.14305 12.5377
      vertex 7.70245 2 12.5397
    endloop
  endfacet
  facet normal 0.992116 -0.125324 0
    outer loop
      vertex 7.72052 2.14305 12.5377
      vertex 7.70245 2 5.6
      vertex 7.72052 2.14305 5.6
    endloop
  endfacet
  facet normal 0 -1 0
    outer loop
      vertex 7.66075 2 5.6
      vertex 7.70245 2 12.5397
      vertex 7.66075 2 12.5409
    endloop
  endfacet
  facet normal 0 -1 -0
    outer loop
      vertex 7.70245 2 12.5397
      vertex 7.66075 2 5.6
      vertex 7.70245 2 5.6
    endloop
  endfacet
  facet normal -0.996389 -0.0849072 0
    outer loop
      vertex 7.66075 2 5.6
      vertex 7.64856 2.14305 12.5398
      vertex 7.64856 2.14305 5.6
    endloop
  endfacet
  facet normal -0.996389 -0.0849072 0
    outer loop
      vertex 7.64856 2.14305 12.5398
      vertex 7.66075 2 5.6
      vertex 7.66075 2 12.5409
    endloop
  endfacet
  facet normal -0.994744 -0.102396 0
    outer loop
      vertex 7.64856 2.14305 5.6
      vertex 7.63412 2.28333 12.5387
      vertex 7.63412 2.28333 5.6
    endloop
  endfacet
  facet normal -0.994744 -0.102396 0
    outer loop
      vertex 7.63412 2.28333 12.5387
      vertex 7.64856 2.14305 5.6
      vertex 7.64856 2.14305 12.5398
    endloop
  endfacet
  facet normal -0.992738 -0.120293 0
    outer loop
      vertex 7.63412 2.28333 5.6
      vertex 7.61746 2.42082 12.5378
      vertex 7.61746 2.42082 5.6
    endloop
  endfacet
  facet normal -0.992738 -0.120293 0
    outer loop
      vertex 7.61746 2.42082 12.5378
      vertex 7.63412 2.28333 5.6
      vertex 7.63412 2.28333 12.5387
    endloop
  endfacet
  facet normal -0.990312 -0.138858 0
    outer loop
      vertex 7.61746 2.42082 5.6
      vertex 7.59857 2.55554 12.537
      vertex 7.59857 2.55554 5.6
    endloop
  endfacet
  facet normal -0.990312 -0.138858 0
    outer loop
      vertex 7.59857 2.55554 12.537
      vertex 7.61746 2.42082 5.6
      vertex 7.61746 2.42082 12.5378
    endloop
  endfacet
  facet normal -0.987433 -0.158037 0
    outer loop
      vertex 7.59857 2.55554 5.6
      vertex 7.57745 2.6875 12.5362
      vertex 7.57745 2.6875 5.6
    endloop
  endfacet
  facet normal -0.987433 -0.158037 0
    outer loop
      vertex 7.57745 2.6875 12.5362
      vertex 7.59857 2.55554 5.6
      vertex 7.59857 2.55554 12.537
    endloop
  endfacet
  facet normal -0.982722 -0.185089 0
    outer loop
      vertex 7.57745 2.6875 5.6
      vertex 7.55302 2.81721 12.5356
      vertex 7.55302 2.81721 5.6
    endloop
  endfacet
  facet normal -0.982722 -0.185089 0
    outer loop
      vertex 7.55302 2.81721 12.5356
      vertex 7.57745 2.6875 5.6
      vertex 7.57745 2.6875 12.5362
    endloop
  endfacet
  facet normal -0.975501 -0.219994 0
    outer loop
      vertex 7.55302 2.81721 5.6
      vertex 7.52414 2.94527 12.5351
      vertex 7.52414 2.94527 5.6
    endloop
  endfacet
  facet normal -0.975501 -0.219994 0
    outer loop
      vertex 7.52414 2.94527 12.5351
      vertex 7.55302 2.81721 5.6
      vertex 7.55302 2.81721 12.5356
    endloop
  endfacet
  facet normal -0.966925 -0.255062 0
    outer loop
      vertex 7.52414 2.94527 5.6
      vertex 7.4908 3.07166 12.5348
      vertex 7.4908 3.07166 5.6
    endloop
  endfacet
  facet normal -0.966925 -0.255062 0
    outer loop
      vertex 7.4908 3.07166 12.5348
      vertex 7.52414 2.94527 5.6
      vertex 7.52414 2.94527 12.5351
    endloop
  endfacet
  facet normal -0.956992 -0.290114 0
    outer loop
      vertex 7.4908 3.07166 5.6
      vertex 7.453 3.19635 12.5346
      vertex 7.453 3.19635 5.6
    endloop
  endfacet
  facet normal -0.956992 -0.290114 0
    outer loop
      vertex 7.453 3.19635 12.5346
      vertex 7.4908 3.07166 5.6
      vertex 7.4908 3.07166 12.5348
    endloop
  endfacet
  facet normal -0.945801 -0.324747 0
    outer loop
      vertex 7.453 3.19635 5.6
      vertex 7.41075 3.3194 12.5346
      vertex 7.41075 3.3194 5.6
    endloop
  endfacet
  facet normal -0.945801 -0.324747 0
    outer loop
      vertex 7.41075 3.3194 12.5346
      vertex 7.453 3.19635 5.6
      vertex 7.453 3.19635 12.5346
    endloop
  endfacet
  facet normal -0.948069 -0.318066 0
    outer loop
      vertex 5.98026 7.5833 5.6
      vertex 6.69496 5.45297 12.5261
      vertex 5.98026 7.5833 12.3182
    endloop
  endfacet
  facet normal -0.948069 -0.318066 -2.06476e-07
    outer loop
      vertex 7.41075 3.3194 5.6
      vertex 6.69496 5.45297 12.5261
      vertex 5.98026 7.5833 5.6
    endloop
  endfacet
  facet normal -0.948066 -0.318073 2.00717e-06
    outer loop
      vertex 6.73322 5.33893 12.5315
      vertex 6.69496 5.45297 12.5261
      vertex 7.41075 3.3194 5.6
    endloop
  endfacet
  facet normal -0.947991 -0.318284 -0.00283529
    outer loop
      vertex 6.69496 5.45297 12.5261
      vertex 6.70814 5.41369 12.5288
      vertex 6.70022 5.43729 12.5276
    endloop
  endfacet
  facet normal -0.948125 -0.317877 0.0037262
    outer loop
      vertex 6.69496 5.45297 12.5261
      vertex 6.72417 5.3659 12.5307
      vertex 6.70814 5.41369 12.5288
    endloop
  endfacet
  facet normal -0.948115 -0.317915 0.00270389
    outer loop
      vertex 6.70814 5.41369 12.5288
      vertex 6.72417 5.3659 12.5307
      vertex 6.71392 5.39646 12.5297
    endloop
  endfacet
  facet normal -0.948014 -0.318212 -0.00330723
    outer loop
      vertex 6.69496 5.45297 12.5261
      vertex 6.73322 5.33893 12.5315
      vertex 6.72417 5.3659 12.5307
    endloop
  endfacet
  facet normal -0.948108 -0.317949 -3.79612e-05
    outer loop
      vertex 6.73322 5.33893 12.5315
      vertex 7.41075 3.3194 5.6
      vertex 6.74541 5.30258 12.5322
    endloop
  endfacet
  facet normal -0.948018 -0.318217 4.72213e-05
    outer loop
      vertex 6.74541 5.30258 12.5322
      vertex 7.41075 3.3194 5.6
      vertex 6.7574 5.26686 12.5327
    endloop
  endfacet
  facet normal -0.948077 -0.318042 -7.47755e-06
    outer loop
      vertex 6.7574 5.26686 12.5327
      vertex 7.41075 3.3194 5.6
      vertex 6.77107 5.22611 12.5331
    endloop
  endfacet
  facet normal -0.948066 -0.318075 2.59224e-06
    outer loop
      vertex 6.77107 5.22611 12.5331
      vertex 7.41075 3.3194 5.6
      vertex 6.78553 5.18301 12.5334
    endloop
  endfacet
  facet normal -0.948051 -0.318118 1.53623e-05
    outer loop
      vertex 6.78553 5.18301 12.5334
      vertex 7.41075 3.3194 5.6
      vertex 6.80017 5.13938 12.5334
    endloop
  endfacet
  facet normal -0.948079 -0.318035 -8.72574e-06
    outer loop
      vertex 6.80017 5.13938 12.5334
      vertex 7.41075 3.3194 5.6
      vertex 6.81653 5.09061 12.5335
    endloop
  endfacet
  facet normal -0.948069 -0.318066 0
    outer loop
      vertex 6.81653 5.09061 12.5335
      vertex 7.41075 3.3194 5.6
      vertex 7.41075 3.3194 12.5346
    endloop
  endfacet
  facet normal 0 -1 0
    outer loop
      vertex 1.40427 7.5833 5.6
      vertex 5.98026 7.5833 12.3182
      vertex 1.40427 7.5833 12.4294
    endloop
  endfacet
  facet normal 0 -1 -0
    outer loop
      vertex 5.98026 7.5833 12.3182
      vertex 1.40427 7.5833 5.6
      vertex 5.98026 7.5833 5.6
    endloop
  endfacet
  facet normal 0.735308 -0.677733 0
    outer loop
      vertex -0.720718 5.27779 5.6
      vertex 1.40427 7.5833 12.4294
      vertex -0.720718 5.27779 12.725
    endloop
  endfacet
  facet normal 0.735308 -0.677733 0
    outer loop
      vertex 1.40427 7.5833 12.4294
      vertex -0.720718 5.27779 5.6
      vertex 1.40427 7.5833 5.6
    endloop
  endfacet
  facet normal -0.133958 0.990987 0
    outer loop
      vertex -7.13393 -0.0400085 5.6
      vertex -7.68253 -0.114166 12.8262
      vertex -7.13393 -0.0400085 12.8331
    endloop
  endfacet
  facet normal -0.133958 0.990987 0
    outer loop
      vertex -7.68253 -0.114166 12.8262
      vertex -7.13393 -0.0400085 5.6
      vertex -7.68253 -0.114166 5.6
    endloop
  endfacet
  facet normal -0.247046 0.969004 0
    outer loop
      vertex -6.6492 0.0835724 5.6
      vertex -7.13393 -0.0400085 12.8331
      vertex -6.6492 0.0835724 12.8421
    endloop
  endfacet
  facet normal -0.247046 0.969004 0
    outer loop
      vertex -7.13393 -0.0400085 12.8331
      vertex -6.6492 0.0835724 5.6
      vertex -7.13393 -0.0400085 5.6
    endloop
  endfacet
  facet normal -0.380291 0.924867 0
    outer loop
      vertex -6.22838 0.256607 5.6
      vertex -6.6492 0.0835724 12.8421
      vertex -6.22838 0.256607 12.8532
    endloop
  endfacet
  facet normal -0.380291 0.924867 0
    outer loop
      vertex -6.6492 0.0835724 12.8421
      vertex -6.22838 0.256607 5.6
      vertex -6.6492 0.0835724 5.6
    endloop
  endfacet
  facet normal -0.528963 0.848645 0
    outer loop
      vertex -5.87143 0.479095 5.6
      vertex -6.22838 0.256607 12.8532
      vertex -5.87143 0.479095 12.8663
    endloop
  endfacet
  facet normal -0.528963 0.848645 0
    outer loop
      vertex -6.22838 0.256607 12.8532
      vertex -5.87143 0.479095 5.6
      vertex -6.22838 0.256607 5.6
    endloop
  endfacet
  facet normal -0.676417 0.736519 0
    outer loop
      vertex -5.57893 0.747726 5.6
      vertex -5.87143 0.479095 12.8663
      vertex -5.57893 0.747726 12.8813
    endloop
  endfacet
  facet normal -0.676417 0.736519 0
    outer loop
      vertex -5.87143 0.479095 12.8663
      vertex -5.57893 0.747726 5.6
      vertex -5.87143 0.479095 5.6
    endloop
  endfacet
  facet normal -0.807508 0.589856 0
    outer loop
      vertex -5.35143 1.05913 5.6
      vertex -5.37265 1.03008 12.8916
      vertex -5.35143 1.05913 12.8918
    endloop
  endfacet
  facet normal -0.807424 0.589971 7.01087e-07
    outer loop
      vertex -5.35143 1.05913 5.6
      vertex -5.39213 1.00342 12.8913
      vertex -5.37265 1.03008 12.8916
    endloop
  endfacet
  facet normal -0.807458 0.589925 1.63626e-07
    outer loop
      vertex -5.35143 1.05913 5.6
      vertex -5.42659 0.956253 12.8905
      vertex -5.39213 1.00342 12.8913
    endloop
  endfacet
  facet normal -0.807536 0.589819 -2.14129e-06
    outer loop
      vertex -5.35143 1.05913 5.6
      vertex -5.4434 0.933238 12.8901
      vertex -5.42659 0.956253 12.8905
    endloop
  endfacet
  facet normal -0.807441 0.589949 1.30792e-06
    outer loop
      vertex -5.35143 1.05913 5.6
      vertex -5.46963 0.897338 12.889
      vertex -5.4434 0.933238 12.8901
    endloop
  endfacet
  facet normal -0.80748 0.589895 -5.211e-07
    outer loop
      vertex -5.49265 0.865827 12.8877
      vertex -5.46963 0.897338 12.889
      vertex -5.35143 1.05913 5.6
    endloop
  endfacet
  facet normal -0.807718 0.589099 0.0235167
    outer loop
      vertex -5.46963 0.897338 12.889
      vertex -5.49265 0.865827 12.8877
      vertex -5.48313 0.878852 12.8884
    endloop
  endfacet
  facet normal -0.807471 0.589908 0
    outer loop
      vertex -5.57893 0.747726 12.8813
      vertex -5.35143 1.05913 5.6
      vertex -5.57893 0.747726 5.6
    endloop
  endfacet
  facet normal -0.807471 0.589907 -3.78291e-08
    outer loop
      vertex -5.35143 1.05913 5.6
      vertex -5.57893 0.747726 12.8813
      vertex -5.49265 0.865827 12.8877
    endloop
  endfacet
  facet normal -0.908908 0.416996 0
    outer loop
      vertex -5.18893 1.4133 5.6
      vertex -5.32174 1.12382 12.8925
      vertex -5.18893 1.4133 12.8949
    endloop
  endfacet
  facet normal -0.908897 0.41702 1.11987e-06
    outer loop
      vertex -5.35143 1.05913 5.6
      vertex -5.32174 1.12382 12.8925
      vertex -5.18893 1.4133 5.6
    endloop
  endfacet
  facet normal -0.908836 0.417153 -3.11122e-07
    outer loop
      vertex -5.32174 1.12382 12.8925
      vertex -5.35143 1.05913 5.6
      vertex -5.33702 1.09053 12.8922
    endloop
  endfacet
  facet normal -0.908864 0.417093 0
    outer loop
      vertex -5.33702 1.09053 12.8922
      vertex -5.35143 1.05913 5.6
      vertex -5.35143 1.05913 12.8918
    endloop
  endfacet
  facet normal -0.971206 0.238243 0
    outer loop
      vertex -5.09143 1.81026 5.6
      vertex -5.09339 1.80227 12.8993
      vertex -5.09143 1.81026 12.8994
    endloop
  endfacet
  facet normal -0.971039 0.238923 7.88513e-07
    outer loop
      vertex -5.09143 1.81026 5.6
      vertex -5.09806 1.78329 12.8992
      vertex -5.09339 1.80227 12.8993
    endloop
  endfacet
  facet normal -0.971138 0.238516 -8.02555e-07
    outer loop
      vertex -5.09143 1.81026 5.6
      vertex -5.1172 1.70536 12.8984
      vertex -5.09806 1.78329 12.8992
    endloop
  endfacet
  facet normal -0.971136 0.238527 -6.39966e-07
    outer loop
      vertex -5.18893 1.4133 5.6
      vertex -5.1172 1.70536 12.8984
      vertex -5.09143 1.81026 5.6
    endloop
  endfacet
  facet normal -0.97114 0.238512 0
    outer loop
      vertex -5.1172 1.70536 12.8984
      vertex -5.18893 1.4133 5.6
      vertex -5.18893 1.4133 12.8949
    endloop
  endfacet
  facet normal -0.997285 0.0736442 0
    outer loop
      vertex -5.05893 2.25 5.6
      vertex -5.06203 2.20802 12.9011
      vertex -5.05893 2.25 12.901
    endloop
  endfacet
  facet normal -0.997278 0.0737323 5.09562e-07
    outer loop
      vertex -5.05893 2.25 5.6
      vertex -5.06924 2.1105 12.9011
      vertex -5.06203 2.20802 12.9011
    endloop
  endfacet
  facet normal -0.997286 0.0736214 -1.62191e-06
    outer loop
      vertex -5.05893 2.25 5.6
      vertex -5.07054 2.09289 12.9011
      vertex -5.06924 2.1105 12.9011
    endloop
  endfacet
  facet normal -0.997278 0.0737357 8.51891e-07
    outer loop
      vertex -5.05893 2.25 5.6
      vertex -5.07793 1.99294 12.9008
      vertex -5.07054 2.09289 12.9011
    endloop
  endfacet
  facet normal -0.99728 0.0737063 -1.89487e-07
    outer loop
      vertex -5.09143 1.81026 5.6
      vertex -5.07793 1.99294 12.9008
      vertex -5.05893 2.25 5.6
    endloop
  endfacet
  facet normal -0.997281 0.0736887 2.51884e-07
    outer loop
      vertex -5.07793 1.99294 12.9008
      vertex -5.09143 1.81026 5.6
      vertex -5.0852 1.89455 12.9002
    endloop
  endfacet
  facet normal -0.99728 0.0737104 0
    outer loop
      vertex -5.0852 1.89455 12.9002
      vertex -5.09143 1.81026 5.6
      vertex -5.09143 1.81026 12.8994
    endloop
  endfacet
  facet normal -0.999231 -0.0392089 0
    outer loop
      vertex -5.06921 2.51195 5.6
      vertex -5.06494 2.40313 12.9005
      vertex -5.06921 2.51195 12.8995
    endloop
  endfacet
  facet normal -0.999231 -0.0392139 -7.47712e-08
    outer loop
      vertex -5.05893 2.25 5.6
      vertex -5.06494 2.40313 12.9005
      vertex -5.06921 2.51195 5.6
    endloop
  endfacet
  facet normal -0.999232 -0.0391878 -6.23069e-07
    outer loop
      vertex -5.06494 2.40313 12.9005
      vertex -5.05893 2.25 5.6
      vertex -5.06157 2.3172 12.9008
    endloop
  endfacet
  facet normal -0.999222 -0.039443 1.72871e-06
    outer loop
      vertex -5.06157 2.3172 12.9008
      vertex -5.05893 2.25 5.6
      vertex -5.06097 2.302 12.9009
    endloop
  endfacet
  facet normal -0.999231 -0.0392006 0
    outer loop
      vertex -5.06097 2.302 12.9009
      vertex -5.05893 2.25 5.6
      vertex -5.05893 2.25 12.901
    endloop
  endfacet
  facet normal -0.991939 -0.12672 0
    outer loop
      vertex -5.06921 2.51195 5.6
      vertex -5.10005 2.75336 12.8979
      vertex -5.10005 2.75336 5.6
    endloop
  endfacet
  facet normal -0.991939 -0.12672 0
    outer loop
      vertex -5.10005 2.75336 12.8979
      vertex -5.06921 2.51195 5.6
      vertex -5.06921 2.51195 12.8995
    endloop
  endfacet
  facet normal -0.973977 -0.226647 0
    outer loop
      vertex -5.10005 2.75336 5.6
      vertex -5.15144 2.9742 12.8971
      vertex -5.15144 2.9742 5.6
    endloop
  endfacet
  facet normal -0.973977 -0.226647 0
    outer loop
      vertex -5.15144 2.9742 12.8971
      vertex -5.10005 2.75336 5.6
      vertex -5.10005 2.75336 12.8979
    endloop
  endfacet
  facet normal -0.941093 -0.338149 0
    outer loop
      vertex -5.15144 2.9742 5.6
      vertex -5.2234 3.17447 12.8971
      vertex -5.2234 3.17447 5.6
    endloop
  endfacet
  facet normal -0.941093 -0.338149 0
    outer loop
      vertex -5.2234 3.17447 12.8971
      vertex -5.15144 2.9742 5.6
      vertex -5.15144 2.9742 12.8971
    endloop
  endfacet
  facet normal -0.889081 -0.457749 0
    outer loop
      vertex -5.2234 3.17447 5.6
      vertex -5.31593 3.35419 12.8979
      vertex -5.31593 3.35419 5.6
    endloop
  endfacet
  facet normal -0.889081 -0.457749 0
    outer loop
      vertex -5.31593 3.35419 12.8979
      vertex -5.2234 3.17447 5.6
      vertex -5.2234 3.17447 12.8971
    endloop
  endfacet
  facet normal -0.827079 -0.562085 0
    outer loop
      vertex -5.31593 3.35419 5.6
      vertex -5.42731 3.51808 12.8994
      vertex -5.42731 3.51808 5.6
    endloop
  endfacet
  facet normal -0.827079 -0.562085 0
    outer loop
      vertex -5.42731 3.51808 12.8994
      vertex -5.31593 3.35419 5.6
      vertex -5.31593 3.35419 12.8979
    endloop
  endfacet
  facet normal -0.76508 -0.643935 -0
    outer loop
      vertex -5.42731 3.51808 12.8994
      vertex -5.55589 3.67085 5.6
      vertex -5.42731 3.51808 5.6
    endloop
  endfacet
  facet normal -0.76508 -0.643935 0
    outer loop
      vertex -5.55589 3.67085 5.6
      vertex -5.42731 3.51808 12.8994
      vertex -5.55589 3.67085 12.9016
    endloop
  endfacet
  facet normal -0.696802 -0.717263 0
    outer loop
      vertex -5.70172 3.81252 5.6
      vertex -5.55589 3.67085 12.9016
      vertex -5.70172 3.81252 12.9043
    endloop
  endfacet
  facet normal -0.696802 -0.717263 -0
    outer loop
      vertex -5.55589 3.67085 12.9016
      vertex -5.70172 3.81252 5.6
      vertex -5.55589 3.67085 5.6
    endloop
  endfacet
  facet normal -0.624981 -0.78064 0
    outer loop
      vertex -5.86476 3.94305 5.6
      vertex -5.70172 3.81252 12.9043
      vertex -5.86476 3.94305 12.9076
    endloop
  endfacet
  facet normal -0.624981 -0.78064 -0
    outer loop
      vertex -5.70172 3.81252 12.9043
      vertex -5.86476 3.94305 5.6
      vertex -5.70172 3.81252 5.6
    endloop
  endfacet
  facet normal -0.552361 -0.833605 0
    outer loop
      vertex -6.04503 4.0625 5.6
      vertex -5.86476 3.94305 12.9076
      vertex -6.04503 4.0625 12.9115
    endloop
  endfacet
  facet normal -0.552361 -0.833605 -0
    outer loop
      vertex -5.86476 3.94305 12.9076
      vertex -6.04503 4.0625 5.6
      vertex -5.86476 3.94305 5.6
    endloop
  endfacet
  facet normal -0.499409 -0.866366 0
    outer loop
      vertex -6.24113 4.17554 5.6
      vertex -6.04503 4.0625 12.9115
      vertex -6.24113 4.17554 12.916
    endloop
  endfacet
  facet normal -0.499409 -0.866366 -0
    outer loop
      vertex -6.04503 4.0625 12.9115
      vertex -6.24113 4.17554 5.6
      vertex -6.04503 4.0625 5.6
    endloop
  endfacet
  facet normal -0.467616 -0.883932 0
    outer loop
      vertex -6.45169 4.28693 5.6
      vertex -6.24113 4.17554 12.916
      vertex -6.45169 4.28693 12.9209
    endloop
  endfacet
  facet normal -0.467616 -0.883932 -0
    outer loop
      vertex -6.24113 4.17554 12.916
      vertex -6.45169 4.28693 5.6
      vertex -6.24113 4.17554 5.6
    endloop
  endfacet
  facet normal -0.438291 -0.898833 0
    outer loop
      vertex -6.67668 4.39664 5.6
      vertex -6.45169 4.28693 12.9209
      vertex -6.67668 4.39664 12.9262
    endloop
  endfacet
  facet normal -0.438291 -0.898833 -0
    outer loop
      vertex -6.45169 4.28693 12.9209
      vertex -6.67668 4.39664 5.6
      vertex -6.45169 4.28693 5.6
    endloop
  endfacet
  facet normal -0.411317 -0.911492 0
    outer loop
      vertex -6.91614 4.5047 5.6
      vertex -6.83018 4.46591 12.9299
      vertex -6.91614 4.5047 12.9319
    endloop
  endfacet
  facet normal -0.411327 -0.911488 1.4918e-07
    outer loop
      vertex -6.83018 4.46591 12.9299
      vertex -6.91614 4.5047 5.6
      vertex -6.67668 4.39664 12.9262
    endloop
  endfacet
  facet normal -0.411324 -0.911489 -0
    outer loop
      vertex -6.67668 4.39664 12.9262
      vertex -6.91614 4.5047 5.6
      vertex -6.67668 4.39664 5.6
    endloop
  endfacet
  facet normal -0.386521 -0.922281 0
    outer loop
      vertex -7.17003 4.6111 5.6
      vertex -7.04359 4.55811 12.935
      vertex -7.17003 4.6111 12.9377
    endloop
  endfacet
  facet normal -0.386667 -0.922219 2.97056e-06
    outer loop
      vertex -7.04359 4.55811 12.935
      vertex -7.17003 4.6111 5.6
      vertex -7.03083 4.55276 12.9347
    endloop
  endfacet
  facet normal -0.386482 -0.922297 -1.16448e-06
    outer loop
      vertex -7.03083 4.55276 12.9347
      vertex -7.17003 4.6111 5.6
      vertex -6.91614 4.5047 12.9319
    endloop
  endfacet
  facet normal -0.38651 -0.922285 -0
    outer loop
      vertex -6.91614 4.5047 12.9319
      vertex -7.17003 4.6111 5.6
      vertex -6.91614 4.5047 5.6
    endloop
  endfacet
  facet normal 0.386264 0.915033 0.116254
    outer loop
      vertex -7.42365 4.71776 12.9423
      vertex -7.39117 4.7041 12.9419
      vertex -7.40051 4.70803 12.942
    endloop
  endfacet
  facet normal -0.387676 -0.921796 0
    outer loop
      vertex -7.42365 4.71776 5.6
      vertex -7.39117 4.7041 12.9419
      vertex -7.42365 4.71776 12.9423
    endloop
  endfacet
  facet normal -0.387688 -0.921791 5.88041e-08
    outer loop
      vertex -7.39117 4.7041 12.9419
      vertex -7.42365 4.71776 5.6
      vertex -7.23831 4.63981 12.9391
    endloop
  endfacet
  facet normal -0.387275 -0.921964 -1.21993e-05
    outer loop
      vertex -7.23831 4.63981 12.9391
      vertex -7.42365 4.71776 5.6
      vertex -7.22724 4.63516 12.9389
    endloop
  endfacet
  facet normal -0.387668 -0.921799 1.72469e-07
    outer loop
      vertex -7.22724 4.63516 12.9389
      vertex -7.42365 4.71776 5.6
      vertex -7.17003 4.6111 12.9377
    endloop
  endfacet
  facet normal -0.387664 -0.921801 -0
    outer loop
      vertex -7.17003 4.6111 12.9377
      vertex -7.42365 4.71776 5.6
      vertex -7.17003 4.6111 5.6
    endloop
  endfacet
  facet normal -0.394362 -0.918574 -0.0264511
    outer loop
      vertex -7.6048 4.79561 12.9434
      vertex -7.59528 4.79152 12.9435
      vertex -7.60101 4.79398 12.9435
    endloop
  endfacet
  facet normal -0.394814 -0.918676 0.0124771
    outer loop
      vertex -7.59528 4.79152 12.9435
      vertex -7.6048 4.79561 12.9434
      vertex -7.52224 4.76013 12.9435
    endloop
  endfacet
  facet normal -0.39483 -0.918752 -0.00183689
    outer loop
      vertex -7.6048 4.79561 12.9434
      vertex -7.51477 4.75692 12.9434
      vertex -7.52224 4.76013 12.9435
    endloop
  endfacet
  facet normal -0.394829 -0.918751 -0.00247572
    outer loop
      vertex -7.65117 4.81554 12.9424
      vertex -7.51477 4.75692 12.9434
      vertex -7.6048 4.79561 12.9434
    endloop
  endfacet
  facet normal -0.394846 -0.918747 0
    outer loop
      vertex -7.65117 4.81554 5.6
      vertex -7.51477 4.75692 12.9434
      vertex -7.65117 4.81554 12.9424
    endloop
  endfacet
  facet normal -0.394844 -0.918748 -4.17313e-08
    outer loop
      vertex -7.51477 4.75692 12.9434
      vertex -7.65117 4.81554 5.6
      vertex -7.42365 4.71776 12.9423
    endloop
  endfacet
  facet normal -0.394845 -0.918748 -0
    outer loop
      vertex -7.42365 4.71776 12.9423
      vertex -7.65117 4.81554 5.6
      vertex -7.42365 4.71776 5.6
    endloop
  endfacet
  facet normal -0.403743 -0.914872 0
    outer loop
      vertex -7.65117 4.81554 5.6
      vertex -7.85257 4.90442 12.9379
      vertex -7.85257 4.90442 5.6
    endloop
  endfacet
  facet normal -0.403743 -0.914872 0
    outer loop
      vertex -7.85257 4.90442 12.9379
      vertex -7.65117 4.81554 5.6
      vertex -7.65117 4.81554 12.9424
    endloop
  endfacet
  facet normal -0.415167 -0.909745 0
    outer loop
      vertex -7.85257 4.90442 5.6
      vertex -8.02785 4.98441 12.9337
      vertex -8.02785 4.98441 5.6
    endloop
  endfacet
  facet normal -0.415167 -0.909745 0
    outer loop
      vertex -8.02785 4.98441 12.9337
      vertex -7.85257 4.90442 5.6
      vertex -7.85257 4.90442 12.9379
    endloop
  endfacet
  facet normal -0.43019 -0.902739 0
    outer loop
      vertex -8.02785 4.98441 5.6
      vertex -8.17703 5.0555 12.9298
      vertex -8.17703 5.0555 5.6
    endloop
  endfacet
  facet normal -0.43019 -0.902739 0
    outer loop
      vertex -8.17703 5.0555 12.9298
      vertex -8.02785 4.98441 5.6
      vertex -8.02785 4.98441 12.9337
    endloop
  endfacet
  facet normal -0.459681 -0.888084 0
    outer loop
      vertex -8.17703 5.0555 5.6
      vertex -8.30423 5.12134 12.926
      vertex -8.30423 5.12134 5.6
    endloop
  endfacet
  facet normal -0.459681 -0.888084 0
    outer loop
      vertex -8.30423 5.12134 12.926
      vertex -8.17703 5.0555 5.6
      vertex -8.17703 5.0555 12.9298
    endloop
  endfacet
  facet normal -0.505821 -0.862639 0
    outer loop
      vertex -8.30423 5.12134 5.6
      vertex -8.41365 5.1855 12.9218
      vertex -8.41365 5.1855 5.6
    endloop
  endfacet
  facet normal -0.505821 -0.862639 0
    outer loop
      vertex -8.41365 5.1855 12.9218
      vertex -8.30423 5.12134 5.6
      vertex -8.30423 5.12134 12.926
    endloop
  endfacet
  facet normal -0.563365 -0.826208 0
    outer loop
      vertex -8.41365 5.1855 5.6
      vertex -8.50531 5.248 12.9174
      vertex -8.50531 5.248 5.6
    endloop
  endfacet
  facet normal -0.563365 -0.826208 0
    outer loop
      vertex -8.50531 5.248 12.9174
      vertex -8.41365 5.1855 5.6
      vertex -8.41365 5.1855 12.9218
    endloop
  endfacet
  facet normal -0.63559 -0.772027 0
    outer loop
      vertex -8.50531 5.248 5.6
      vertex -8.57921 5.30884 12.9128
      vertex -8.57921 5.30884 5.6
    endloop
  endfacet
  facet normal -0.63559 -0.772027 0
    outer loop
      vertex -8.57921 5.30884 12.9128
      vertex -8.50531 5.248 5.6
      vertex -8.50531 5.248 12.9174
    endloop
  endfacet
  facet normal -0.725501 -0.688221 0
    outer loop
      vertex -8.57921 5.30884 5.6
      vertex -8.63533 5.368 12.9079
      vertex -8.63533 5.368 5.6
    endloop
  endfacet
  facet normal -0.725501 -0.688221 0
    outer loop
      vertex -8.63533 5.368 12.9079
      vertex -8.57921 5.30884 5.6
      vertex -8.57921 5.30884 12.9128
    endloop
  endfacet
  facet normal -0.814921 -0.579572 0
    outer loop
      vertex -8.63533 5.368 5.6
      vertex -8.67781 5.42773 12.9026
      vertex -8.67781 5.42773 5.6
    endloop
  endfacet
  facet normal -0.814921 -0.579572 0
    outer loop
      vertex -8.67781 5.42773 12.9026
      vertex -8.63533 5.368 5.6
      vertex -8.63533 5.368 12.9079
    endloop
  endfacet
  facet normal -0.884132 -0.467238 0
    outer loop
      vertex -8.67781 5.42773 5.6
      vertex -8.71085 5.49025 12.8968
      vertex -8.71085 5.49025 5.6
    endloop
  endfacet
  facet normal -0.884132 -0.467238 0
    outer loop
      vertex -8.71085 5.49025 12.8968
      vertex -8.67781 5.42773 5.6
      vertex -8.67781 5.42773 12.9026
    endloop
  endfacet
  facet normal -0.940431 -0.339984 0
    outer loop
      vertex -8.71085 5.49025 5.6
      vertex -8.73445 5.55553 12.8905
      vertex -8.73445 5.55553 5.6
    endloop
  endfacet
  facet normal -0.940431 -0.339984 0
    outer loop
      vertex -8.73445 5.55553 12.8905
      vertex -8.71085 5.49025 5.6
      vertex -8.71085 5.49025 12.8968
    endloop
  endfacet
  facet normal -0.979029 -0.203719 0
    outer loop
      vertex -8.73445 5.55553 5.6
      vertex -8.74861 5.62358 12.8836
      vertex -8.74861 5.62358 5.6
    endloop
  endfacet
  facet normal -0.979029 -0.203719 0
    outer loop
      vertex -8.74861 5.62358 12.8836
      vertex -8.73445 5.55553 5.6
      vertex -8.73445 5.55553 12.8905
    endloop
  endfacet
  facet normal -0.997786 -0.0665003 0
    outer loop
      vertex -8.74861 5.62358 5.6
      vertex -8.75333 5.6944 12.8763
      vertex -8.75333 5.6944 5.6
    endloop
  endfacet
  facet normal -0.997786 -0.0665003 0
    outer loop
      vertex -8.75333 5.6944 12.8763
      vertex -8.74861 5.62358 5.6
      vertex -8.74861 5.62358 12.8836
    endloop
  endfacet
  facet normal -0.979871 0.199633 0
    outer loop
      vertex -8.75333 5.6944 5.6
      vertex -8.71666 5.87439 12.8563
      vertex -8.71666 5.87439 5.6
    endloop
  endfacet
  facet normal -0.979871 0.199633 0
    outer loop
      vertex -8.71666 5.87439 12.8563
      vertex -8.75333 5.6944 5.6
      vertex -8.75333 5.6944 12.8763
    endloop
  endfacet
  facet normal -0.786346 0.617787 0
    outer loop
      vertex -8.71666 5.87439 5.6
      vertex -8.60667 6.01439 12.8388
      vertex -8.60667 6.01439 5.6
    endloop
  endfacet
  facet normal -0.786346 0.617787 0
    outer loop
      vertex -8.60667 6.01439 12.8388
      vertex -8.71666 5.87439 5.6
      vertex -8.71666 5.87439 12.8563
    endloop
  endfacet
  facet normal -0.478936 0.87785 0
    outer loop
      vertex -8.60667 6.01439 5.6
      vertex -8.42336 6.1144 12.8238
      vertex -8.42336 6.1144 5.6
    endloop
  endfacet
  facet normal -0.478936 0.87785 0
    outer loop
      vertex -8.42336 6.1144 12.8238
      vertex -8.60667 6.01439 5.6
      vertex -8.60667 6.01439 12.8388
    endloop
  endfacet
  facet normal -0.227599 0.973755 0
    outer loop
      vertex -8.42336 6.1144 5.6
      vertex -8.1667 6.17439 12.8112
      vertex -8.1667 6.17439 5.6
    endloop
  endfacet
  facet normal -0.227599 0.973755 0
    outer loop
      vertex -8.1667 6.17439 12.8112
      vertex -8.42336 6.1144 5.6
      vertex -8.42336 6.1144 12.8238
    endloop
  endfacet
  facet normal -0.0605307 0.998166 0
    outer loop
      vertex -8.1667 6.17439 5.6
      vertex -7.83673 6.1944 12.8011
      vertex -7.83673 6.1944 5.6
    endloop
  endfacet
  facet normal -0.0605307 0.998166 0
    outer loop
      vertex -7.83673 6.1944 12.8011
      vertex -8.1667 6.17439 5.6
      vertex -8.1667 6.17439 12.8112
    endloop
  endfacet
  facet normal 0.0312043 0.999513 0
    outer loop
      vertex -7.83673 6.1944 5.6
      vertex -7.63173 6.188 12.7968
      vertex -7.63173 6.188 5.6
    endloop
  endfacet
  facet normal 0.0312043 0.999513 0
    outer loop
      vertex -7.63173 6.188 12.7968
      vertex -7.83673 6.1944 5.6
      vertex -7.83673 6.1944 12.8011
    endloop
  endfacet
  facet normal 0.0935555 0.995614 0
    outer loop
      vertex -7.63173 6.188 5.6
      vertex -7.42783 6.16884 12.7938
      vertex -7.42783 6.16884 5.6
    endloop
  endfacet
  facet normal 0.0935555 0.995614 0
    outer loop
      vertex -7.42783 6.16884 12.7938
      vertex -7.63173 6.188 5.6
      vertex -7.63173 6.188 12.7968
    endloop
  endfacet
  facet normal 0.155592 0.987821 -0
    outer loop
      vertex -7.22505 6.1369 5.6
      vertex -7.42783 6.16884 12.7938
      vertex -7.22505 6.1369 12.7923
    endloop
  endfacet
  facet normal 0.155592 0.987821 0
    outer loop
      vertex -7.42783 6.16884 12.7938
      vertex -7.22505 6.1369 5.6
      vertex -7.42783 6.16884 5.6
    endloop
  endfacet
  facet normal 0.21649 0.976285 -0
    outer loop
      vertex -7.02338 6.09218 5.6
      vertex -7.22505 6.1369 12.7923
      vertex -7.02338 6.09218 12.7921
    endloop
  endfacet
  facet normal 0.21649 0.976285 0
    outer loop
      vertex -7.22505 6.1369 12.7923
      vertex -7.02338 6.09218 5.6
      vertex -7.22505 6.1369 5.6
    endloop
  endfacet
  facet normal 0.275519 0.961296 -0
    outer loop
      vertex -6.82283 6.0347 5.6
      vertex -7.02338 6.09218 12.7921
      vertex -6.82283 6.0347 12.7933
    endloop
  endfacet
  facet normal 0.275519 0.961296 0
    outer loop
      vertex -7.02338 6.09218 12.7921
      vertex -6.82283 6.0347 5.6
      vertex -7.02338 6.09218 5.6
    endloop
  endfacet
  facet normal 0.314255 0.949338 -0
    outer loop
      vertex -6.62061 5.96776 5.6
      vertex -6.82283 6.0347 12.7933
      vertex -6.62061 5.96776 12.7955
    endloop
  endfacet
  facet normal 0.314255 0.949338 0
    outer loop
      vertex -6.82283 6.0347 12.7933
      vertex -6.62061 5.96776 5.6
      vertex -6.82283 6.0347 5.6
    endloop
  endfacet
  facet normal 0.333242 0.942841 -0
    outer loop
      vertex -6.41393 5.89471 5.6
      vertex -6.62061 5.96776 12.7955
      vertex -6.41393 5.89471 12.7982
    endloop
  endfacet
  facet normal 0.333242 0.942841 0
    outer loop
      vertex -6.62061 5.96776 12.7955
      vertex -6.41393 5.89471 5.6
      vertex -6.62061 5.96776 5.6
    endloop
  endfacet
  facet normal 0.35107 0.936349 -0
    outer loop
      vertex -6.2028 5.81555 5.6
      vertex -6.41393 5.89471 12.7982
      vertex -6.2028 5.81555 12.8014
    endloop
  endfacet
  facet normal 0.35107 0.936349 0
    outer loop
      vertex -6.41393 5.89471 12.7982
      vertex -6.2028 5.81555 5.6
      vertex -6.41393 5.89471 5.6
    endloop
  endfacet
  facet normal 0.367878 0.929874 -0
    outer loop
      vertex -5.98724 5.73027 5.6
      vertex -6.2028 5.81555 12.8014
      vertex -5.98724 5.73027 12.8052
    endloop
  endfacet
  facet normal 0.367878 0.929874 0
    outer loop
      vertex -6.2028 5.81555 12.8014
      vertex -5.98724 5.73027 5.6
      vertex -6.2028 5.81555 5.6
    endloop
  endfacet
  facet normal 0.383575 0.92351 -0
    outer loop
      vertex -5.76723 5.63889 5.6
      vertex -5.98724 5.73027 12.8052
      vertex -5.76723 5.63889 12.8095
    endloop
  endfacet
  facet normal 0.383575 0.92351 0
    outer loop
      vertex -5.98724 5.73027 12.8052
      vertex -5.76723 5.63889 5.6
      vertex -5.98724 5.73027 5.6
    endloop
  endfacet
  facet normal -0.921797 0.387672 0
    outer loop
      vertex -5.76723 5.63889 5.6
      vertex -5.14223 7.125 12.6371
      vertex -5.14223 7.125 5.6
    endloop
  endfacet
  facet normal -0.921797 0.387672 0
    outer loop
      vertex -5.14223 7.125 12.6371
      vertex -5.76723 5.63889 5.6
      vertex -5.76723 5.63889 12.8095
    endloop
  endfacet
  facet normal -0.407003 -0.913427 0
    outer loop
      vertex -5.14223 7.125 5.6
      vertex -5.4128 7.24556 12.6309
      vertex -5.4128 7.24556 5.6
    endloop
  endfacet
  facet normal -0.407003 -0.913427 0
    outer loop
      vertex -5.4128 7.24556 12.6309
      vertex -5.14223 7.125 5.6
      vertex -5.14223 7.125 12.6371
    endloop
  endfacet
  facet normal -0.369063 -0.929404 0
    outer loop
      vertex -5.4128 7.24556 5.6
      vertex -5.68004 7.35168 12.6262
      vertex -5.68004 7.35168 5.6
    endloop
  endfacet
  facet normal -0.369063 -0.929404 0
    outer loop
      vertex -5.68004 7.35168 12.6262
      vertex -5.4128 7.24556 5.6
      vertex -5.4128 7.24556 12.6309
    endloop
  endfacet
  facet normal -0.328101 -0.944643 0
    outer loop
      vertex -5.68004 7.35168 5.6
      vertex -5.94394 7.44334 12.6229
      vertex -5.94394 7.44334 5.6
    endloop
  endfacet
  facet normal -0.328101 -0.944643 0
    outer loop
      vertex -5.94394 7.44334 12.6229
      vertex -5.68004 7.35168 5.6
      vertex -5.68004 7.35168 12.6262
    endloop
  endfacet
  facet normal -0.284078 -0.958801 0
    outer loop
      vertex -6.2045 7.52054 5.6
      vertex -5.94394 7.44334 12.6229
      vertex -6.2045 7.52054 12.6211
    endloop
  endfacet
  facet normal -0.284078 -0.958801 -0
    outer loop
      vertex -5.94394 7.44334 12.6229
      vertex -6.2045 7.52054 5.6
      vertex -5.94394 7.44334 5.6
    endloop
  endfacet
  facet normal -0.237031 -0.971502 0
    outer loop
      vertex -6.46173 7.5833 5.6
      vertex -6.2045 7.52054 12.6211
      vertex -6.46173 7.5833 12.6207
    endloop
  endfacet
  facet normal -0.237031 -0.971502 -0
    outer loop
      vertex -6.2045 7.52054 12.6211
      vertex -6.46173 7.5833 5.6
      vertex -6.2045 7.52054 5.6
    endloop
  endfacet
  facet normal -0.190024 -0.981779 0
    outer loop
      vertex -6.72006 7.6333 5.6
      vertex -6.46173 7.5833 12.6207
      vertex -6.72006 7.6333 12.6217
    endloop
  endfacet
  facet normal -0.190024 -0.981779 -0
    outer loop
      vertex -6.46173 7.5833 12.6207
      vertex -6.72006 7.6333 5.6
      vertex -6.46173 7.5833 5.6
    endloop
  endfacet
  facet normal -0.145834 -0.989309 0
    outer loop
      vertex -6.98395 7.6722 5.6
      vertex -6.72006 7.6333 12.6217
      vertex -6.98395 7.6722 12.624
    endloop
  endfacet
  facet normal -0.145834 -0.989309 -0
    outer loop
      vertex -6.72006 7.6333 12.6217
      vertex -6.98395 7.6722 5.6
      vertex -6.72006 7.6333 5.6
    endloop
  endfacet
  facet normal -0.102523 -0.994731 0
    outer loop
      vertex -7.25339 7.69997 5.6
      vertex -6.98395 7.6722 12.624
      vertex -7.25339 7.69997 12.6276
    endloop
  endfacet
  facet normal -0.102523 -0.994731 -0
    outer loop
      vertex -6.98395 7.6722 12.624
      vertex -7.25339 7.69997 5.6
      vertex -6.98395 7.6722 5.6
    endloop
  endfacet
  facet normal -0.0604731 -0.99817 0
    outer loop
      vertex -7.52838 7.71663 5.6
      vertex -7.25339 7.69997 12.6276
      vertex -7.52838 7.71663 12.6326
    endloop
  endfacet
  facet normal -0.0604731 -0.99817 -0
    outer loop
      vertex -7.25339 7.69997 12.6276
      vertex -7.52838 7.71663 5.6
      vertex -7.25339 7.69997 5.6
    endloop
  endfacet
  facet normal -0.0198499 -0.999803 0
    outer loop
      vertex -7.80893 7.7222 5.6
      vertex -7.52838 7.71663 12.6326
      vertex -7.80893 7.7222 12.6388
    endloop
  endfacet
  facet normal -0.0198499 -0.999803 -0
    outer loop
      vertex -7.52838 7.71663 12.6326
      vertex -7.80893 7.7222 5.6
      vertex -7.52838 7.71663 5.6
    endloop
  endfacet
  facet normal 0.0403665 -0.999185 0
    outer loop
      vertex -8.33171 7.70108 5.6
      vertex -7.80893 7.7222 12.6388
      vertex -8.33171 7.70108 12.6537
    endloop
  endfacet
  facet normal 0.0403665 -0.999185 0
    outer loop
      vertex -7.80893 7.7222 12.6388
      vertex -8.33171 7.70108 5.6
      vertex -7.80893 7.7222 5.6
    endloop
  endfacet
  facet normal 0.130972 -0.991386 0
    outer loop
      vertex -8.81116 7.63774 5.6
      vertex -8.33171 7.70108 12.6537
      vertex -8.81116 7.63774 12.6721
    endloop
  endfacet
  facet normal 0.130972 -0.991386 0
    outer loop
      vertex -8.33171 7.70108 12.6537
      vertex -8.81116 7.63774 5.6
      vertex -8.33171 7.70108 5.6
    endloop
  endfacet
  facet normal 0.235256 -0.971934 0
    outer loop
      vertex -9.24727 7.53218 5.6
      vertex -8.81116 7.63774 12.6721
      vertex -9.24727 7.53218 12.6939
    endloop
  endfacet
  facet normal 0.235256 -0.971934 0
    outer loop
      vertex -8.81116 7.63774 12.6721
      vertex -9.24727 7.53218 5.6
      vertex -8.81116 7.63774 5.6
    endloop
  endfacet
  facet normal 0.352134 -0.93595 0
    outer loop
      vertex -9.64006 7.3844 5.6
      vertex -9.24727 7.53218 12.6939
      vertex -9.64006 7.3844 12.719
    endloop
  endfacet
  facet normal 0.352134 -0.93595 0
    outer loop
      vertex -9.24727 7.53218 12.6939
      vertex -9.64006 7.3844 5.6
      vertex -9.24727 7.53218 5.6
    endloop
  endfacet
  facet normal 0.47765 -0.87855 0
    outer loop
      vertex -9.98953 7.1944 5.6
      vertex -9.64006 7.3844 12.719
      vertex -9.98953 7.1944 12.7476
    endloop
  endfacet
  facet normal 0.47765 -0.87855 0
    outer loop
      vertex -9.64006 7.3844 12.719
      vertex -9.98953 7.1944 5.6
      vertex -9.64006 7.3844 5.6
    endloop
  endfacet
  facet normal 0.618542 -0.785751 0
    outer loop
      vertex -10.2845 6.9622 5.6
      vertex -9.98953 7.1944 12.7476
      vertex -10.2845 6.9622 12.7794
    endloop
  endfacet
  facet normal 0.618542 -0.785751 0
    outer loop
      vertex -9.98953 7.1944 12.7476
      vertex -10.2845 6.9622 5.6
      vertex -9.98953 7.1944 5.6
    endloop
  endfacet
  facet normal 0.767246 -0.641352 0
    outer loop
      vertex -10.5139 6.68777 5.6
      vertex -10.2845 6.9622 12.7794
      vertex -10.5139 6.68777 12.814
    endloop
  endfacet
  facet normal 0.767246 -0.641352 0
    outer loop
      vertex -10.2845 6.9622 12.7794
      vertex -10.5139 6.68777 5.6
      vertex -10.2845 6.9622 5.6
    endloop
  endfacet
  facet normal 0.888091 -0.459667 0
    outer loop
      vertex -10.6778 6.37111 5.6
      vertex -10.5139 6.68777 12.814
      vertex -10.6778 6.37111 12.8515
    endloop
  endfacet
  facet normal 0.888091 -0.459667 0
    outer loop
      vertex -10.5139 6.68777 12.814
      vertex -10.6778 6.37111 5.6
      vertex -10.5139 6.68777 5.6
    endloop
  endfacet
  facet normal 0.964408 -0.26442 0
    outer loop
      vertex -10.7762 6.01222 5.6
      vertex -10.6778 6.37111 12.8515
      vertex -10.7762 6.01222 12.8918
    endloop
  endfacet
  facet normal 0.964408 -0.26442 0
    outer loop
      vertex -10.6778 6.37111 12.8515
      vertex -10.7762 6.01222 5.6
      vertex -10.6778 6.37111 5.6
    endloop
  endfacet
  facet normal 0.996694 -0.0812522 0
    outer loop
      vertex -10.8089 5.6111 5.6
      vertex -10.7762 6.01222 12.8918
      vertex -10.8089 5.6111 12.9351
    endloop
  endfacet
  facet normal 0.996694 -0.0812522 0
    outer loop
      vertex -10.7762 6.01222 12.8918
      vertex -10.8089 5.6111 5.6
      vertex -10.7762 6.01222 5.6
    endloop
  endfacet
  facet normal 0.998984 0.0382289 0.0238457
    outer loop
      vertex -10.8062 5.53649 12.9416
      vertex -10.8089 5.6111 12.9351
      vertex -10.8081 5.58876 12.9374
    endloop
  endfacet
  facet normal 0.999341 0.0358965 -0.00534273
    outer loop
      vertex -10.8062 5.53649 12.9416
      vertex -10.8081 5.58876 12.9374
      vertex -10.8068 5.55303 12.9405
    endloop
  endfacet
  facet normal 0.828109 0.0670533 0.556543
    outer loop
      vertex -10.8062 5.53649 12.9416
      vertex -10.8068 5.55303 12.9405
      vertex -10.8066 5.54641 12.941
    endloop
  endfacet
  facet normal 0.999294 0.0349665 -0.0137298
    outer loop
      vertex -10.8042 5.48055 12.9447
      vertex -10.8089 5.6111 12.9351
      vertex -10.8062 5.53649 12.9416
    endloop
  endfacet
  facet normal 0.995493 0.0292049 -0.0902214
    outer loop
      vertex -10.8038 5.46846 12.9452
      vertex -10.8089 5.6111 12.9351
      vertex -10.8042 5.48055 12.9447
    endloop
  endfacet
  facet normal 0.999361 0.0357322 9.57746e-06
    outer loop
      vertex -10.8089 5.6111 12.9351
      vertex -10.8038 5.46846 12.9452
      vertex -10.8 5.36415 5.6
    endloop
  endfacet
  facet normal 0.999346 0.0361598 3.49691e-06
    outer loop
      vertex -10.8 5.36415 5.6
      vertex -10.8038 5.46846 12.9452
      vertex -10.8011 5.39384 12.9482
    endloop
  endfacet
  facet normal 0.999313 0.0370665 -1.7148e-07
    outer loop
      vertex -10.8 5.36415 5.6
      vertex -10.8011 5.39384 12.9482
      vertex -10.8006 5.38036 12.9487
    endloop
  endfacet
  facet normal 0.999316 0.0369889 -0
    outer loop
      vertex -10.8 5.36415 5.6
      vertex -10.8006 5.38036 12.9487
      vertex -10.8 5.36415 12.9492
    endloop
  endfacet
  facet normal 0.999351 0.0360163 0
    outer loop
      vertex -10.8089 5.6111 12.9351
      vertex -10.8 5.36415 5.6
      vertex -10.8089 5.6111 5.6
    endloop
  endfacet
  facet normal 0.993348 0.115152 -4.35862e-06
    outer loop
      vertex -10.7734 5.13441 5.6
      vertex -10.8 5.36415 12.9492
      vertex -10.7909 5.28565 12.9518
    endloop
  endfacet
  facet normal 0.993476 0.114039 1.88499e-05
    outer loop
      vertex -10.7734 5.13441 5.6
      vertex -10.7909 5.28565 12.9518
      vertex -10.7892 5.27084 12.9522
    endloop
  endfacet
  facet normal 0.993293 0.115626 -1.09922e-05
    outer loop
      vertex -10.7734 5.13441 5.6
      vertex -10.7892 5.27084 12.9522
      vertex -10.7765 5.16174 12.9551
    endloop
  endfacet
  facet normal 0.993397 0.114726 -7.60566e-06
    outer loop
      vertex -10.7734 5.13441 5.6
      vertex -10.7765 5.16174 12.9551
      vertex -10.7748 5.14702 12.9555
    endloop
  endfacet
  facet normal 0.993893 0.110345 -0
    outer loop
      vertex -10.7734 5.13441 5.6
      vertex -10.7748 5.14702 12.9555
      vertex -10.7734 5.13441 12.9557
    endloop
  endfacet
  facet normal 0.993364 0.115015 0
    outer loop
      vertex -10.8 5.36415 12.9492
      vertex -10.7734 5.13441 5.6
      vertex -10.8 5.36415 5.6
    endloop
  endfacet
  facet normal 0.978706 0.205268 -8.84e-06
    outer loop
      vertex -10.7289 4.92192 5.6
      vertex -10.7734 5.13441 12.9557
      vertex -10.7497 5.02141 12.9585
    endloop
  endfacet
  facet normal 0.978898 0.204349 4.12861e-06
    outer loop
      vertex -10.7289 4.92192 5.6
      vertex -10.7497 5.02141 12.9585
      vertex -10.7466 5.00656 12.9588
    endloop
  endfacet
  facet normal 0.978826 0.204693 -0
    outer loop
      vertex -10.7289 4.92192 5.6
      vertex -10.7466 5.00656 12.9588
      vertex -10.7289 4.92192 12.9605
    endloop
  endfacet
  facet normal 0.978767 0.204975 0
    outer loop
      vertex -10.7734 5.13441 12.9557
      vertex -10.7289 4.92192 5.6
      vertex -10.7734 5.13441 5.6
    endloop
  endfacet
  facet normal 0.95286 0.303411 0
    outer loop
      vertex -10.7126 4.87073 12.9617
      vertex -10.7289 4.92192 5.6
      vertex -10.7289 4.92192 12.9605
    endloop
  endfacet
  facet normal 0.95378 0.300506 -2.22413e-05
    outer loop
      vertex -10.708 4.85613 12.962
      vertex -10.7289 4.92192 5.6
      vertex -10.7126 4.87073 12.9617
    endloop
  endfacet
  facet normal 0.952716 0.303863 -0
    outer loop
      vertex -10.6667 4.72664 5.6
      vertex -10.708 4.85613 12.962
      vertex -10.6667 4.72664 12.9646
    endloop
  endfacet
  facet normal 0.952833 0.303494 7.14865e-06
    outer loop
      vertex -10.708 4.85613 12.962
      vertex -10.6667 4.72664 5.6
      vertex -10.7289 4.92192 5.6
    endloop
  endfacet
  facet normal 0.912387 0.409328 0
    outer loop
      vertex -10.6598 4.71126 12.965
      vertex -10.6667 4.72664 5.6
      vertex -10.6667 4.72664 12.9646
    endloop
  endfacet
  facet normal 0.911921 0.410365 2.6003e-06
    outer loop
      vertex -10.6535 4.69726 12.9653
      vertex -10.6667 4.72664 5.6
      vertex -10.6598 4.71126 12.965
    endloop
  endfacet
  facet normal 0.912144 0.40987 -0
    outer loop
      vertex -10.5867 4.5486 5.6
      vertex -10.6535 4.69726 12.9653
      vertex -10.5867 4.5486 12.9684
    endloop
  endfacet
  facet normal 0.912148 0.409862 1.89202e-07
    outer loop
      vertex -10.6535 4.69726 12.9653
      vertex -10.5867 4.5486 5.6
      vertex -10.6667 4.72664 5.6
    endloop
  endfacet
  facet normal 0.861141 0.508366 0
    outer loop
      vertex -10.5834 4.54301 12.9685
      vertex -10.5867 4.5486 5.6
      vertex -10.5867 4.5486 12.9684
    endloop
  endfacet
  facet normal 0.858231 0.513264 -0
    outer loop
      vertex -10.4884 4.38416 5.6
      vertex -10.5834 4.54301 12.9685
      vertex -10.4884 4.38416 12.9723
    endloop
  endfacet
  facet normal 0.85833 0.513098 4.84888e-06
    outer loop
      vertex -10.5834 4.54301 12.9685
      vertex -10.4884 4.38416 5.6
      vertex -10.5867 4.5486 5.6
    endloop
  endfacet
  facet normal 0.795964 0.605344 -2.82749e-05
    outer loop
      vertex -10.3712 4.22971 5.6
      vertex -10.4884 4.38416 12.9723
      vertex -10.4837 4.37798 12.9724
    endloop
  endfacet
  facet normal 0.796393 0.604779 -1.03656e-05
    outer loop
      vertex -10.3712 4.22971 5.6
      vertex -10.4837 4.37798 12.9724
      vertex -10.4736 4.36468 12.9728
    endloop
  endfacet
  facet normal 0.796666 0.60442 -0
    outer loop
      vertex -10.3712 4.22971 5.6
      vertex -10.4736 4.36468 12.9728
      vertex -10.3712 4.22971 12.9764
    endloop
  endfacet
  facet normal 0.796614 0.604488 0
    outer loop
      vertex -10.4884 4.38416 12.9723
      vertex -10.3712 4.22971 5.6
      vertex -10.4884 4.38416 5.6
    endloop
  endfacet
  facet normal 0.727364 0.686252 -1.73423e-05
    outer loop
      vertex -10.2351 4.08527 5.6
      vertex -10.3712 4.22971 12.9764
      vertex -10.3278 4.18371 12.9781
    endloop
  endfacet
  facet normal 0.728315 0.685243 8.06398e-06
    outer loop
      vertex -10.2351 4.08527 5.6
      vertex -10.3278 4.18371 12.9781
      vertex -10.3173 4.17255 12.9784
    endloop
  endfacet
  facet normal 0.727975 0.685604 -0
    outer loop
      vertex -10.2351 4.08527 5.6
      vertex -10.3173 4.17255 12.9784
      vertex -10.2351 4.08527 12.9812
    endloop
  endfacet
  facet normal 0.727806 0.685783 0
    outer loop
      vertex -10.3712 4.22971 12.9764
      vertex -10.2351 4.08527 5.6
      vertex -10.3712 4.22971 5.6
    endloop
  endfacet
  facet normal 0.648466 0.761243 -0
    outer loop
      vertex -10.0801 3.95084 5.6
      vertex -10.0828 3.95314 12.9868
      vertex -10.0801 3.95084 12.9869
    endloop
  endfacet
  facet normal 0.655317 0.755354 4.33798e-06
    outer loop
      vertex -10.0828 3.95314 12.9868
      vertex -10.0801 3.95084 5.6
      vertex -10.2351 4.08527 12.9812
    endloop
  endfacet
  facet normal 0.6552 0.755456 0
    outer loop
      vertex -10.2351 4.08527 12.9812
      vertex -10.0801 3.95084 5.6
      vertex -10.2351 4.08527 5.6
    endloop
  endfacet
  facet normal 0.582052 0.813151 -0
    outer loop
      vertex -9.90623 3.82639 5.6
      vertex -10.0677 3.94197 12.9874
      vertex -9.90623 3.82639 12.9936
    endloop
  endfacet
  facet normal 0.581797 0.813334 -8.45496e-06
    outer loop
      vertex -10.0677 3.94197 12.9874
      vertex -9.90623 3.82639 5.6
      vertex -10.0801 3.95084 12.9869
    endloop
  endfacet
  facet normal 0.582034 0.813164 0
    outer loop
      vertex -10.0801 3.95084 12.9869
      vertex -9.90623 3.82639 5.6
      vertex -10.0801 3.95084 5.6
    endloop
  endfacet
  facet normal 0.526434 0.850216 0.000580714
    outer loop
      vertex -9.71288 3.70667 12.9966
      vertex -9.90623 3.82639 12.9936
      vertex -9.83396 3.78164 12.9966
    endloop
  endfacet
  facet normal 0.526441 0.850212 -0
    outer loop
      vertex -9.71288 3.70667 5.6
      vertex -9.90623 3.82639 12.9936
      vertex -9.71288 3.70667 12.9966
    endloop
  endfacet
  facet normal 0.526441 0.850212 0
    outer loop
      vertex -9.90623 3.82639 12.9936
      vertex -9.71288 3.70667 5.6
      vertex -9.90623 3.82639 5.6
    endloop
  endfacet
  facet normal 0.491069 0.87112 -0
    outer loop
      vertex -9.49953 3.5864 5.6
      vertex -9.71288 3.70667 12.9966
      vertex -9.49953 3.5864 12.9966
    endloop
  endfacet
  facet normal 0.491069 0.87112 0
    outer loop
      vertex -9.71288 3.70667 12.9966
      vertex -9.49953 3.5864 5.6
      vertex -9.71288 3.70667 5.6
    endloop
  endfacet
  facet normal 0.459928 0.887941 0.00518951
    outer loop
      vertex -9.34805 3.50795 12.9945
      vertex -9.49953 3.5864 12.9966
      vertex -9.44472 3.55801 12.9966
    endloop
  endfacet
  facet normal 0.461078 0.88736 -3.11992e-05
    outer loop
      vertex -9.49953 3.5864 5.6
      vertex -9.34805 3.50795 12.9945
      vertex -9.34295 3.5053 12.9943
    endloop
  endfacet
  facet normal 0.459848 0.887998 1.84683e-06
    outer loop
      vertex -9.49953 3.5864 5.6
      vertex -9.34295 3.5053 12.9943
      vertex -9.26619 3.46555 12.9926
    endloop
  endfacet
  facet normal 0.459894 0.887974 0
    outer loop
      vertex -9.49953 3.5864 5.6
      vertex -9.26619 3.46555 12.9926
      vertex -9.26619 3.46555 5.6
    endloop
  endfacet
  facet normal 0.459877 0.887982 0
    outer loop
      vertex -9.34805 3.50795 12.9945
      vertex -9.49953 3.5864 5.6
      vertex -9.49953 3.5864 12.9966
    endloop
  endfacet
  facet normal 0.432143 0.901805 0
    outer loop
      vertex -9.26619 3.46555 5.6
      vertex -9.01285 3.34415 12.9869
      vertex -9.01285 3.34415 5.6
    endloop
  endfacet
  facet normal 0.432143 0.901805 0
    outer loop
      vertex -9.01285 3.34415 12.9869
      vertex -9.26619 3.46555 5.6
      vertex -9.26619 3.46555 12.9926
    endloop
  endfacet
  facet normal 0.407599 0.913161 -2.92903e-06
    outer loop
      vertex -9.01285 3.34415 5.6
      vertex -8.87468 3.2825 12.9839
      vertex -8.85091 3.27189 12.9834
    endloop
  endfacet
  facet normal 0.407424 0.913239 1.68736e-06
    outer loop
      vertex -9.01285 3.34415 5.6
      vertex -8.85091 3.27189 12.9834
      vertex -8.73953 3.2222 12.9809
    endloop
  endfacet
  facet normal 0.407462 0.913222 0
    outer loop
      vertex -9.01285 3.34415 5.6
      vertex -8.73953 3.2222 12.9809
      vertex -8.73953 3.2222 5.6
    endloop
  endfacet
  facet normal 0.407469 0.913219 0
    outer loop
      vertex -8.87468 3.2825 12.9839
      vertex -9.01285 3.34415 5.6
      vertex -9.01285 3.34415 12.9869
    endloop
  endfacet
  facet normal 0.388971 0.92125 0
    outer loop
      vertex -8.73953 3.2222 5.6
      vertex -8.4606 3.10443 12.9747
      vertex -8.4606 3.10443 5.6
    endloop
  endfacet
  facet normal 0.388971 0.92125 0
    outer loop
      vertex -8.4606 3.10443 12.9747
      vertex -8.73953 3.2222 5.6
      vertex -8.73953 3.2222 12.9809
    endloop
  endfacet
  facet normal 0.40225 0.91553 2.64631e-08
    outer loop
      vertex -8.4606 3.10443 5.6
      vertex -8.40065 3.07809 12.9733
      vertex -8.35233 3.05686 12.9722
    endloop
  endfacet
  facet normal 0.40225 0.91553 1.37029e-08
    outer loop
      vertex -8.4606 3.10443 5.6
      vertex -8.35233 3.05686 12.9722
      vertex -8.21281 2.99556 12.969
    endloop
  endfacet
  facet normal 0.402251 0.91553 0
    outer loop
      vertex -8.4606 3.10443 5.6
      vertex -8.21281 2.99556 12.969
      vertex -8.21281 2.99556 5.6
    endloop
  endfacet
  facet normal 0.402252 0.915529 0
    outer loop
      vertex -8.40065 3.07809 12.9733
      vertex -8.4606 3.10443 5.6
      vertex -8.4606 3.10443 12.9747
    endloop
  endfacet
  facet normal 0.419056 0.907961 0
    outer loop
      vertex -8.21281 2.99556 5.6
      vertex -7.99612 2.89555 12.9639
      vertex -7.99612 2.89555 5.6
    endloop
  endfacet
  facet normal 0.419056 0.907961 0
    outer loop
      vertex -7.99612 2.89555 12.9639
      vertex -8.21281 2.99556 5.6
      vertex -8.21281 2.99556 12.969
    endloop
  endfacet
  facet normal 0.440778 0.897616 0
    outer loop
      vertex -7.99612 2.89555 5.6
      vertex -7.81056 2.80443 12.9594
      vertex -7.81056 2.80443 5.6
    endloop
  endfacet
  facet normal 0.440778 0.897616 0
    outer loop
      vertex -7.81056 2.80443 12.9594
      vertex -7.99612 2.89555 5.6
      vertex -7.99612 2.89555 12.9639
    endloop
  endfacet
  facet normal 0.469998 0.882668 0
    outer loop
      vertex -7.81056 2.80443 5.6
      vertex -7.65613 2.7222 12.9556
      vertex -7.65613 2.7222 5.6
    endloop
  endfacet
  facet normal 0.469998 0.882668 0
    outer loop
      vertex -7.65613 2.7222 12.9556
      vertex -7.81056 2.80443 5.6
      vertex -7.81056 2.80443 12.9594
    endloop
  endfacet
  facet normal 0.507661 0.861557 0
    outer loop
      vertex -7.65613 2.7222 5.6
      vertex -7.52698 2.6461 12.9523
      vertex -7.52698 2.6461 5.6
    endloop
  endfacet
  facet normal 0.507661 0.861557 0
    outer loop
      vertex -7.52698 2.6461 12.9523
      vertex -7.65613 2.7222 5.6
      vertex -7.65613 2.7222 12.9556
    endloop
  endfacet
  facet normal 0.552753 0.833345 0
    outer loop
      vertex -7.52698 2.6461 5.6
      vertex -7.41727 2.57333 12.9494
      vertex -7.41727 2.57333 5.6
    endloop
  endfacet
  facet normal 0.552753 0.833345 0
    outer loop
      vertex -7.41727 2.57333 12.9494
      vertex -7.52698 2.6461 5.6
      vertex -7.52698 2.6461 12.9523
    endloop
  endfacet
  facet normal 0.609762 0.792585 0
    outer loop
      vertex -7.41727 2.57333 5.6
      vertex -7.32701 2.50389 12.9468
      vertex -7.32701 2.50389 5.6
    endloop
  endfacet
  facet normal 0.609762 0.792585 0
    outer loop
      vertex -7.32701 2.50389 12.9468
      vertex -7.41727 2.57333 5.6
      vertex -7.41727 2.57333 12.9494
    endloop
  endfacet
  facet normal 0.682487 0.730897 0
    outer loop
      vertex -7.32701 2.50389 5.6
      vertex -7.2562 2.43777 12.9446
      vertex -7.2562 2.43777 5.6
    endloop
  endfacet
  facet normal 0.682487 0.730897 0
    outer loop
      vertex -7.2562 2.43777 12.9446
      vertex -7.32701 2.50389 5.6
      vertex -7.32701 2.50389 12.9468
    endloop
  endfacet
  facet normal 0.77388 0.633332 0
    outer loop
      vertex -7.20483 2.375 12.9428
      vertex -7.2562 2.43777 5.6
      vertex -7.2562 2.43777 12.9446
    endloop
  endfacet
  facet normal 0.77388 0.633332 0
    outer loop
      vertex -7.2562 2.43777 5.6
      vertex -7.20483 2.375 12.9428
      vertex -7.20483 2.375 5.6
    endloop
  endfacet
  facet normal 0.85842 0.512947 0
    outer loop
      vertex -7.16731 2.31221 12.9412
      vertex -7.20483 2.375 5.6
      vertex -7.20483 2.375 12.9428
    endloop
  endfacet
  facet normal 0.85842 0.512947 0
    outer loop
      vertex -7.20483 2.375 5.6
      vertex -7.16731 2.31221 12.9412
      vertex -7.16731 2.31221 5.6
    endloop
  endfacet
  facet normal 0.914969 0.403525 0
    outer loop
      vertex -7.16043 2.29661 12.9409
      vertex -7.16731 2.31221 5.6
      vertex -7.16731 2.31221 12.9412
    endloop
  endfacet
  facet normal 0.914856 0.403779 6.46168e-07
    outer loop
      vertex -7.14613 2.26421 12.9401
      vertex -7.16731 2.31221 5.6
      vertex -7.16043 2.29661 12.9409
    endloop
  endfacet
  facet normal 0.914995 0.403466 -1.79942e-06
    outer loop
      vertex -7.13814 2.24609 12.9397
      vertex -7.16731 2.31221 5.6
      vertex -7.14613 2.26421 12.9401
    endloop
  endfacet
  facet normal 0.914921 0.403633 0
    outer loop
      vertex -7.16731 2.31221 5.6
      vertex -7.13814 2.24609 12.9397
      vertex -7.13814 2.24609 5.6
    endloop
  endfacet
  facet normal 0.957758 0.287576 0
    outer loop
      vertex -7.11729 2.17665 12.938
      vertex -7.13814 2.24609 5.6
      vertex -7.13814 2.24609 12.9397
    endloop
  endfacet
  facet normal 0.957758 0.287576 0
    outer loop
      vertex -7.13814 2.24609 5.6
      vertex -7.11729 2.17665 12.938
      vertex -7.11729 2.17665 5.6
    endloop
  endfacet
  facet normal 0.985634 0.168898 0
    outer loop
      vertex -7.11303 2.15179 12.9375
      vertex -7.11729 2.17665 5.6
      vertex -7.11729 2.17665 12.938
    endloop
  endfacet
  facet normal 0.985572 0.169259 1.26138e-06
    outer loop
      vertex -7.10874 2.12681 12.937
      vertex -7.11729 2.17665 5.6
      vertex -7.11303 2.15179 12.9375
    endloop
  endfacet
  facet normal 0.985557 0.169345 1.86309e-06
    outer loop
      vertex -7.1048 2.10388 12.9363
      vertex -7.11729 2.17665 5.6
      vertex -7.10874 2.12681 12.937
    endloop
  endfacet
  facet normal 0.985588 0.169163 0
    outer loop
      vertex -7.11729 2.17665 5.6
      vertex -7.1048 2.10388 12.9363
      vertex -7.1048 2.10388 5.6
    endloop
  endfacet
  facet normal 0.998506 0.0546506 0
    outer loop
      vertex -7.10166 2.04651 12.9349
      vertex -7.1048 2.10388 5.6
      vertex -7.1048 2.10388 12.9363
    endloop
  endfacet
  facet normal 0.99849 0.0549382 2.25598e-06
    outer loop
      vertex -7.10063 2.02779 12.9344
      vertex -7.1048 2.10388 5.6
      vertex -7.10166 2.04651 12.9349
    endloop
  endfacet
  facet normal 0.998502 0.0547214 0
    outer loop
      vertex -7.1048 2.10388 5.6
      vertex -7.10063 2.02779 12.9344
      vertex -7.10063 2.02779 5.6
    endloop
  endfacet
  facet normal 0.995495 -0.0948091 0
    outer loop
      vertex -7.10079 2.02611 12.9344
      vertex -7.10063 2.02779 5.6
      vertex -7.10063 2.02779 12.9344
    endloop
  endfacet
  facet normal 0.995851 -0.090998 8.80716e-07
    outer loop
      vertex -7.10576 1.97172 12.9326
      vertex -7.10063 2.02779 5.6
      vertex -7.10079 2.02611 12.9344
    endloop
  endfacet
  facet normal 0.99583 -0.0910564 -0.00552654
    outer loop
      vertex -7.10817 1.94543 12.9315
      vertex -7.10576 1.97172 12.9326
      vertex -7.10717 1.95633 12.9321
    endloop
  endfacet
  facet normal 0.995825 -0.091287 -1.34783e-06
    outer loop
      vertex -7.10576 1.97172 12.9326
      vertex -7.10817 1.94543 12.9315
      vertex -7.10063 2.02779 5.6
    endloop
  endfacet
  facet normal 0.995849 -0.0910168 1.71341e-06
    outer loop
      vertex -7.1109 1.91556 12.93
      vertex -7.10063 2.02779 5.6
      vertex -7.10817 1.94543 12.9315
    endloop
  endfacet
  facet normal 0.995839 -0.0911278 0
    outer loop
      vertex -7.10063 2.02779 5.6
      vertex -7.1109 1.91556 12.93
      vertex -7.1109 1.91556 5.6
    endloop
  endfacet
  facet normal 0.958221 -0.286029 0
    outer loop
      vertex -7.14175 1.81221 12.9247
      vertex -7.1109 1.91556 5.6
      vertex -7.1109 1.91556 12.93
    endloop
  endfacet
  facet normal 0.958221 -0.286029 0
    outer loop
      vertex -7.1109 1.91556 5.6
      vertex -7.14175 1.81221 12.9247
      vertex -7.14175 1.81221 5.6
    endloop
  endfacet
  facet normal 0.8784 -0.477927 0
    outer loop
      vertex -7.19315 1.71774 12.9197
      vertex -7.14175 1.81221 5.6
      vertex -7.14175 1.81221 12.9247
    endloop
  endfacet
  facet normal 0.8784 -0.477927 0
    outer loop
      vertex -7.14175 1.81221 5.6
      vertex -7.19315 1.71774 12.9197
      vertex -7.19315 1.71774 5.6
    endloop
  endfacet
  facet normal 0.765347 -0.643618 0
    outer loop
      vertex -7.26511 1.63217 12.9151
      vertex -7.19315 1.71774 5.6
      vertex -7.19315 1.71774 12.9197
    endloop
  endfacet
  facet normal 0.765347 -0.643618 0
    outer loop
      vertex -7.19315 1.71774 5.6
      vertex -7.26511 1.63217 12.9151
      vertex -7.26511 1.63217 5.6
    endloop
  endfacet
  facet normal 0.638029 -0.770012 0
    outer loop
      vertex -7.26511 1.63217 5.6
      vertex -7.35764 1.5555 12.9107
      vertex -7.35764 1.5555 5.6
    endloop
  endfacet
  facet normal 0.638029 -0.770012 0
    outer loop
      vertex -7.35764 1.5555 12.9107
      vertex -7.26511 1.63217 5.6
      vertex -7.26511 1.63217 12.9151
    endloop
  endfacet
  facet normal 0.485871 -0.87403 0
    outer loop
      vertex -7.35764 1.5555 5.6
      vertex -7.47455 1.49051 12.9068
      vertex -7.47455 1.49051 5.6
    endloop
  endfacet
  facet normal 0.485871 -0.87403 0
    outer loop
      vertex -7.47455 1.49051 12.9068
      vertex -7.35764 1.5555 5.6
      vertex -7.35764 1.5555 12.9107
    endloop
  endfacet
  facet normal 0.328566 -0.944481 0
    outer loop
      vertex -7.47455 1.49051 5.6
      vertex -7.61983 1.43997 12.9035
      vertex -7.61983 1.43997 5.6
    endloop
  endfacet
  facet normal 0.328566 -0.944481 0
    outer loop
      vertex -7.61983 1.43997 12.9035
      vertex -7.47455 1.49051 5.6
      vertex -7.47455 1.49051 12.9068
    endloop
  endfacet
  facet normal 0.203594 -0.979055 0
    outer loop
      vertex -7.61983 1.43997 5.6
      vertex -7.79343 1.40387 12.9007
      vertex -7.79343 1.40387 5.6
    endloop
  endfacet
  facet normal 0.203594 -0.979055 0
    outer loop
      vertex -7.79343 1.40387 12.9007
      vertex -7.61983 1.43997 5.6
      vertex -7.61983 1.43997 12.9035
    endloop
  endfacet
  facet normal 0.106604 -0.994302 0
    outer loop
      vertex -7.79343 1.40387 5.6
      vertex -7.99536 1.38222 12.8984
      vertex -7.99536 1.38222 5.6
    endloop
  endfacet
  facet normal 0.106604 -0.994302 0
    outer loop
      vertex -7.99536 1.38222 12.8984
      vertex -7.79343 1.40387 5.6
      vertex -7.79343 1.40387 12.9007
    endloop
  endfacet
  facet normal 0.0313391 -0.999509 0
    outer loop
      vertex -8.22563 1.375 5.6
      vertex -7.99536 1.38222 12.8984
      vertex -8.22563 1.375 12.8967
    endloop
  endfacet
  facet normal 0.0313391 -0.999509 0
    outer loop
      vertex -7.99536 1.38222 12.8984
      vertex -8.22563 1.375 5.6
      vertex -7.99536 1.38222 5.6
    endloop
  endfacet
  facet normal -0.0323149 -0.999478 0
    outer loop
      vertex -8.44894 1.38222 5.6
      vertex -8.22563 1.375 12.8967
      vertex -8.44894 1.38222 12.8957
    endloop
  endfacet
  facet normal -0.0323149 -0.999478 -0
    outer loop
      vertex -8.22563 1.375 12.8967
      vertex -8.44894 1.38222 5.6
      vertex -8.22563 1.375 5.6
    endloop
  endfacet
  facet normal -0.0911049 -0.995841 0
    outer loop
      vertex -8.68559 1.40387 5.6
      vertex -8.44894 1.38222 12.8957
      vertex -8.68559 1.40387 12.8954
    endloop
  endfacet
  facet normal -0.0911049 -0.995841 -0
    outer loop
      vertex -8.44894 1.38222 12.8957
      vertex -8.68559 1.40387 5.6
      vertex -8.44894 1.38222 5.6
    endloop
  endfacet
  facet normal -0.142918 -0.989735 0
    outer loop
      vertex -8.93559 1.43997 5.6
      vertex -8.68559 1.40387 12.8954
      vertex -8.93559 1.43997 12.8957
    endloop
  endfacet
  facet normal -0.142918 -0.989735 -0
    outer loop
      vertex -8.68559 1.40387 12.8954
      vertex -8.93559 1.43997 5.6
      vertex -8.68559 1.40387 5.6
    endloop
  endfacet
  facet normal -0.188082 -0.980748 0.0525271
    outer loop
      vertex -9.17692 1.48628 12.8964
      vertex -9.08614 1.46886 12.8962
      vertex -9.15528 1.48213 12.8964
    endloop
  endfacet
  facet normal -0.18846 -0.982077 -0.00290761
    outer loop
      vertex -9.19625 1.48999 12.8962
      vertex -9.08614 1.46886 12.8962
      vertex -9.17692 1.48628 12.8964
    endloop
  endfacet
  facet normal 0 0 -1
    outer loop
      vertex -9.19894 1.49051 12.8962
      vertex -9.08614 1.46886 12.8962
      vertex -9.19625 1.48999 12.8962
    endloop
  endfacet
  facet normal -0.188492 -0.982075 0
    outer loop
      vertex -9.19894 1.49051 5.6
      vertex -9.08614 1.46886 12.8962
      vertex -9.19894 1.49051 12.8962
    endloop
  endfacet
  facet normal -0.188473 -0.982078 -3.14589e-07
    outer loop
      vertex -8.93559 1.43997 5.6
      vertex -9.08614 1.46886 12.8962
      vertex -9.19894 1.49051 5.6
    endloop
  endfacet
  facet normal -0.188458 -0.982081 0
    outer loop
      vertex -9.08614 1.46886 12.8962
      vertex -8.93559 1.43997 5.6
      vertex -8.93559 1.43997 12.8957
    endloop
  endfacet
  facet normal -0.227465 -0.971799 -0.0621796
    outer loop
      vertex -9.27591 1.50859 12.8952
      vertex -9.19894 1.49051 12.8962
      vertex -9.25933 1.50469 12.8955
    endloop
  endfacet
  facet normal -0.228676 -0.973502 0.000283413
    outer loop
      vertex -9.33002 1.5213 12.8936
      vertex -9.19894 1.49051 12.8962
      vertex -9.27591 1.50859 12.8952
    endloop
  endfacet
  facet normal -0.22755 -0.973564 -0.0198502
    outer loop
      vertex -9.3862 1.53449 12.8907
      vertex -9.33002 1.5213 12.8936
      vertex -9.34312 1.52437 12.8932
    endloop
  endfacet
  facet normal -0.228735 -0.973483 0.00348112
    outer loop
      vertex -9.33002 1.5213 12.8936
      vertex -9.3862 1.53449 12.8907
      vertex -9.19894 1.49051 12.8962
    endloop
  endfacet
  facet normal -0.228459 -0.973533 -0.00630587
    outer loop
      vertex -9.39526 1.53662 12.8901
      vertex -9.19894 1.49051 12.8962
      vertex -9.3862 1.53449 12.8907
    endloop
  endfacet
  facet normal -0.228615 -0.973516 -0.0011693
    outer loop
      vertex -9.47563 1.5555 12.8848
      vertex -9.19894 1.49051 12.8962
      vertex -9.39526 1.53662 12.8901
    endloop
  endfacet
  facet normal -0.228661 -0.973506 0
    outer loop
      vertex -9.19894 1.49051 5.6
      vertex -9.47563 1.5555 12.8848
      vertex -9.47563 1.5555 5.6
    endloop
  endfacet
  facet normal -0.228661 -0.973506 0
    outer loop
      vertex -9.47563 1.5555 12.8848
      vertex -9.19894 1.49051 5.6
      vertex -9.19894 1.49051 12.8962
    endloop
  endfacet
  facet normal -0.262825 -0.964843 0
    outer loop
      vertex -9.47563 1.5555 5.6
      vertex -9.75507 1.63162 12.867
      vertex -9.75507 1.63162 5.6
    endloop
  endfacet
  facet normal -0.262825 -0.964843 0
    outer loop
      vertex -9.75507 1.63162 12.867
      vertex -9.47563 1.5555 5.6
      vertex -9.47563 1.5555 12.8848
    endloop
  endfacet
  facet normal -0.295151 -0.955451 0
    outer loop
      vertex -9.75507 1.63162 5.6
      vertex -10.0267 1.71553 12.8503
      vertex -10.0267 1.71553 5.6
    endloop
  endfacet
  facet normal -0.295151 -0.955451 0
    outer loop
      vertex -10.0267 1.71553 12.8503
      vertex -9.75507 1.63162 5.6
      vertex -9.75507 1.63162 12.867
    endloop
  endfacet
  facet normal -0.328165 -0.94462 0
    outer loop
      vertex -10.0267 1.71553 5.6
      vertex -10.2906 1.80721 12.8348
      vertex -10.2906 1.80721 5.6
    endloop
  endfacet
  facet normal -0.328165 -0.94462 0
    outer loop
      vertex -10.2906 1.80721 12.8348
      vertex -10.0267 1.71553 5.6
      vertex -10.0267 1.71553 12.8503
    endloop
  endfacet
  facet normal -0.36199 -0.932182 0
    outer loop
      vertex -10.2906 1.80721 5.6
      vertex -10.5467 1.90666 12.8204
      vertex -10.5467 1.90666 5.6
    endloop
  endfacet
  facet normal -0.36199 -0.932182 0
    outer loop
      vertex -10.5467 1.90666 12.8204
      vertex -10.2906 1.80721 5.6
      vertex -10.2906 1.80721 12.8348
    endloop
  endfacet
  facet normal -0.396466 -0.91805 0
    outer loop
      vertex -10.5467 1.90666 5.6
      vertex -10.795 2.01389 12.8071
      vertex -10.795 2.01389 5.6
    endloop
  endfacet
  facet normal -0.396466 -0.91805 0
    outer loop
      vertex -10.795 2.01389 12.8071
      vertex -10.5467 1.90666 5.6
      vertex -10.5467 1.90666 12.8204
    endloop
  endfacet
  facet normal 1 -0 0
    outer loop
      vertex -10.795 0.305588 12.6982
      vertex -10.795 2.01389 5.6
      vertex -10.795 2.01389 12.8071
    endloop
  endfacet
  facet normal 1 0 0
    outer loop
      vertex -10.795 2.01389 5.6
      vertex -10.795 0.305588 12.6982
      vertex -10.795 0.305588 5.6
    endloop
  endfacet
  facet normal 0.364711 0.931121 -0
    outer loop
      vertex -10.5673 0.2164 5.6
      vertex -10.795 0.305588 12.6982
      vertex -10.5673 0.2164 12.711
    endloop
  endfacet
  facet normal 0.364711 0.931121 0
    outer loop
      vertex -10.795 0.305588 12.6982
      vertex -10.5673 0.2164 5.6
      vertex -10.795 0.305588 5.6
    endloop
  endfacet
  facet normal 0.326274 0.945275 -0
    outer loop
      vertex -10.3395 0.137772 5.6
      vertex -10.5673 0.2164 12.711
      vertex -10.3395 0.137772 12.7244
    endloop
  endfacet
  facet normal 0.326274 0.945275 0
    outer loop
      vertex -10.5673 0.2164 12.711
      vertex -10.3395 0.137772 5.6
      vertex -10.5673 0.2164 5.6
    endloop
  endfacet
  facet normal 0.286421 0.958104 -0
    outer loop
      vertex -10.1118 0.0697021 5.6
      vertex -10.3395 0.137772 12.7244
      vertex -10.1118 0.0697021 12.7386
    endloop
  endfacet
  facet normal 0.286421 0.958104 0
    outer loop
      vertex -10.3395 0.137772 12.7244
      vertex -10.1118 0.0697021 5.6
      vertex -10.3395 0.137772 5.6
    endloop
  endfacet
  facet normal 0.244647 0.969612 -0
    outer loop
      vertex -9.88399 0.0122223 5.6
      vertex -10.1118 0.0697021 12.7386
      vertex -9.88399 0.0122223 12.7534
    endloop
  endfacet
  facet normal 0.244647 0.969612 0
    outer loop
      vertex -10.1118 0.0697021 12.7386
      vertex -9.88399 0.0122223 5.6
      vertex -10.1118 0.0697021 5.6
    endloop
  endfacet
  facet normal 0.201773 0.979432 -0
    outer loop
      vertex -9.65623 -0.0346985 5.6
      vertex -9.88399 0.0122223 12.7534
      vertex -9.65623 -0.0346985 12.7688
    endloop
  endfacet
  facet normal 0.201773 0.979432 0
    outer loop
      vertex -9.88399 0.0122223 12.7534
      vertex -9.65623 -0.0346985 5.6
      vertex -9.88399 0.0122223 5.6
    endloop
  endfacet
  facet normal 0.156508 0.987677 -0
    outer loop
      vertex -9.41954 -0.0722046 5.6
      vertex -9.65623 -0.0346985 12.7688
      vertex -9.41954 -0.0722046 12.7856
    endloop
  endfacet
  facet normal 0.156508 0.987677 0
    outer loop
      vertex -9.65623 -0.0346985 12.7688
      vertex -9.41954 -0.0722046 5.6
      vertex -9.65623 -0.0346985 5.6
    endloop
  endfacet
  facet normal 0.113902 0.993492 -0
    outer loop
      vertex -9.16507 -0.101379 5.6
      vertex -9.41954 -0.0722046 12.7856
      vertex -9.16507 -0.101379 12.8044
    endloop
  endfacet
  facet normal 0.113902 0.993492 0
    outer loop
      vertex -9.41954 -0.0722046 12.7856
      vertex -9.16507 -0.101379 5.6
      vertex -9.41954 -0.0722046 5.6
    endloop
  endfacet
  facet normal 0.0764264 0.997068 -0.00382978
    outer loop
      vertex -8.89284 -0.122223 12.818
      vertex -8.97235 -0.116135 12.8163
      vertex -8.94377 -0.118323 12.817
    endloop
  endfacet
  facet normal 0.0763315 0.997082 0.000658811
    outer loop
      vertex -8.89284 -0.122223 12.818
      vertex -9.01757 -0.112672 12.8145
      vertex -8.97235 -0.116135 12.8163
    endloop
  endfacet
  facet normal 0.0763686 0.997079 -0.00067042
    outer loop
      vertex -9.076 -0.108199 12.8111
      vertex -9.01757 -0.112672 12.8145
      vertex -8.89284 -0.122223 12.818
    endloop
  endfacet
  facet normal 0.0762337 0.997089 0.00165938
    outer loop
      vertex -9.01757 -0.112672 12.8145
      vertex -9.076 -0.108199 12.8111
      vertex -9.04006 -0.110951 12.8136
    endloop
  endfacet
  facet normal 0.0764078 0.997075 -0.0017207
    outer loop
      vertex -8.89284 -0.122223 12.818
      vertex -9.09141 -0.10702 12.81
      vertex -9.076 -0.108199 12.8111
    endloop
  endfacet
  facet normal 0.0763176 0.997083 0.000534849
    outer loop
      vertex -8.89284 -0.122223 12.818
      vertex -9.16507 -0.101379 12.8044
      vertex -9.09141 -0.10702 12.81
    endloop
  endfacet
  facet normal 0.0763441 0.997082 -0
    outer loop
      vertex -8.89284 -0.122223 5.6
      vertex -9.16507 -0.101379 12.8044
      vertex -8.89284 -0.122223 12.818
    endloop
  endfacet
  facet normal 0.0763441 0.997082 0
    outer loop
      vertex -9.16507 -0.101379 12.8044
      vertex -8.89284 -0.122223 5.6
      vertex -9.16507 -0.101379 5.6
    endloop
  endfacet
  facet normal 0.0430509 0.999073 -0
    outer loop
      vertex -8.60281 -0.13472 5.6
      vertex -8.76238 -0.127844 12.8191
      vertex -8.60281 -0.13472 12.8197
    endloop
  endfacet
  facet normal 0.0430463 0.999073 -1.01568e-07
    outer loop
      vertex -8.76238 -0.127844 12.8191
      vertex -8.60281 -0.13472 5.6
      vertex -8.82038 -0.125345 12.8189
    endloop
  endfacet
  facet normal 0.0430487 0.999073 -2.81346e-08
    outer loop
      vertex -8.89284 -0.122223 5.6
      vertex -8.82038 -0.125345 12.8189
      vertex -8.60281 -0.13472 5.6
    endloop
  endfacet
  facet normal 0.0430551 0.999073 -9.29661e-08
    outer loop
      vertex -8.82038 -0.125345 12.8189
      vertex -8.89284 -0.122223 5.6
      vertex -8.8576 -0.123741 12.8186
    endloop
  endfacet
  facet normal 0.0430526 0.999073 -8.07177e-08
    outer loop
      vertex -8.8576 -0.123741 12.8186
      vertex -8.89284 -0.122223 5.6
      vertex -8.89097 -0.122303 12.818
    endloop
  endfacet
  facet normal 0.0427417 0.999086 0
    outer loop
      vertex -8.89097 -0.122303 12.818
      vertex -8.89284 -0.122223 5.6
      vertex -8.89284 -0.122223 12.818
    endloop
  endfacet
  facet normal 0.0135312 0.999908 -0
    outer loop
      vertex -8.29503 -0.138885 5.6
      vertex -8.60281 -0.13472 12.8197
      vertex -8.29503 -0.138885 12.8214
    endloop
  endfacet
  facet normal 0.0135312 0.999908 0
    outer loop
      vertex -8.60281 -0.13472 12.8197
      vertex -8.29503 -0.138885 5.6
      vertex -8.60281 -0.13472 5.6
    endloop
  endfacet
  facet normal -0.0403247 0.999187 0
    outer loop
      vertex -7.68253 -0.114166 5.6
      vertex -8.29503 -0.138885 12.8214
      vertex -7.68253 -0.114166 12.8262
    endloop
  endfacet
  facet normal -0.0403247 0.999187 0
    outer loop
      vertex -8.29503 -0.138885 12.8214
      vertex -7.68253 -0.114166 5.6
      vertex -8.29503 -0.138885 5.6
    endloop
  endfacet
endsolid OpenSCAD_Model
