solid OpenSCAD_Model
  facet normal -0.956938 -0.290293 0
    outer loop
      vertex -7.01841 0.593074 0.2
      vertex -7.19141 1.16336 3.24
      vertex -7.19141 1.16336 0.2
    endloop
  endfacet
  facet normal -0.956938 -0.290293 0
    outer loop
      vertex -7.19141 1.16336 3.24
      vertex -7.01841 0.593074 0.2
      vertex -7.01841 0.593074 3.24
    endloop
  endfacet
  facet normal -0.290291 0.956938 0
    outer loop
      vertex -8.83664 -2.80859 0.2
      vertex -9.40693 -2.98159 3.24
      vertex -8.83664 -2.80859 3.24
    endloop
  endfacet
  facet normal -0.290291 0.956938 0
    outer loop
      vertex -9.40693 -2.98159 3.24
      vertex -8.83664 -2.80859 0.2
      vertex -9.40693 -2.98159 0.2
    endloop
  endfacet
  facet normal 0.956938 -0.290293 0
    outer loop
      vertex -12.9816 0.593074 3.24
      vertex -12.8086 1.16336 0.2
      vertex -12.8086 1.16336 3.24
    endloop
  endfacet
  facet normal 0.956938 -0.290293 0
    outer loop
      vertex -12.8086 1.16336 0.2
      vertex -12.9816 0.593074 3.24
      vertex -12.9816 0.593074 0.2
    endloop
  endfacet
  facet normal 0.881937 -0.471367 0
    outer loop
      vertex -12.8086 1.16336 3.24
      vertex -12.5277 1.68893 0.2
      vertex -12.5277 1.68893 3.24
    endloop
  endfacet
  facet normal 0.881937 -0.471367 0
    outer loop
      vertex -12.5277 1.68893 0.2
      vertex -12.8086 1.16336 3.24
      vertex -12.8086 1.16336 0.2
    endloop
  endfacet
  facet normal -0.995185 0.0980127 0
    outer loop
      vertex -7.01841 -0.593074 0.2
      vertex -6.96 0 3.24
      vertex -6.96 0 0.2
    endloop
  endfacet
  facet normal -0.995185 0.0980127 0
    outer loop
      vertex -6.96 0 3.24
      vertex -7.01841 -0.593074 0.2
      vertex -7.01841 -0.593074 3.24
    endloop
  endfacet
  facet normal 0.772979 -0.634431 0
    outer loop
      vertex -12.5277 1.68893 3.24
      vertex -12.1496 2.1496 0.2
      vertex -12.1496 2.1496 3.24
    endloop
  endfacet
  facet normal 0.772979 -0.634431 0
    outer loop
      vertex -12.1496 2.1496 0.2
      vertex -12.5277 1.68893 3.24
      vertex -12.5277 1.68893 0.2
    endloop
  endfacet
  facet normal -0.881923 0.471393 0
    outer loop
      vertex -7.47233 -1.68893 0.2
      vertex -7.19141 -1.16336 3.24
      vertex -7.19141 -1.16336 0.2
    endloop
  endfacet
  facet normal -0.881923 0.471393 0
    outer loop
      vertex -7.19141 -1.16336 3.24
      vertex -7.47233 -1.68893 0.2
      vertex -7.47233 -1.68893 3.24
    endloop
  endfacet
  facet normal -0.0980133 0.995185 0
    outer loop
      vertex -9.40693 -2.98159 0.2
      vertex -10 -3.04 3.24
      vertex -9.40693 -2.98159 3.24
    endloop
  endfacet
  facet normal -0.0980133 0.995185 0
    outer loop
      vertex -10 -3.04 3.24
      vertex -9.40693 -2.98159 0.2
      vertex -10 -3.04 0.2
    endloop
  endfacet
  facet normal -0.995185 -0.0980127 0
    outer loop
      vertex -6.96 0 0.2
      vertex -7.01841 0.593074 3.24
      vertex -7.01841 0.593074 0.2
    endloop
  endfacet
  facet normal -0.995185 -0.0980127 0
    outer loop
      vertex -7.01841 0.593074 3.24
      vertex -6.96 0 0.2
      vertex -6.96 0 3.24
    endloop
  endfacet
  facet normal -0.634401 0.773004 0
    outer loop
      vertex -7.8504 -2.1496 0.2
      vertex -8.31107 -2.52767 3.24
      vertex -7.8504 -2.1496 3.24
    endloop
  endfacet
  facet normal -0.634401 0.773004 0
    outer loop
      vertex -8.31107 -2.52767 3.24
      vertex -7.8504 -2.1496 0.2
      vertex -8.31107 -2.52767 0.2
    endloop
  endfacet
  facet normal 0 0 1
    outer loop
      vertex -7.01841 0.593074 0.2
      vertex -7.01841 -0.593074 0.2
      vertex -6.96 0 0.2
    endloop
  endfacet
  facet normal 0 0 1
    outer loop
      vertex -7.19141 1.16336 0.2
      vertex -7.01841 -0.593074 0.2
      vertex -7.01841 0.593074 0.2
    endloop
  endfacet
  facet normal 0 0 1
    outer loop
      vertex -7.19141 1.16336 0.2
      vertex -7.19141 -1.16336 0.2
      vertex -7.01841 -0.593074 0.2
    endloop
  endfacet
  facet normal 0 0 1
    outer loop
      vertex -7.47233 1.68893 0.2
      vertex -7.19141 -1.16336 0.2
      vertex -7.19141 1.16336 0.2
    endloop
  endfacet
  facet normal 0 0 1
    outer loop
      vertex -7.47233 1.68893 0.2
      vertex -7.47233 -1.68893 0.2
      vertex -7.19141 -1.16336 0.2
    endloop
  endfacet
  facet normal 0 0 1
    outer loop
      vertex -7.8504 2.1496 0.2
      vertex -7.47233 -1.68893 0.2
      vertex -7.47233 1.68893 0.2
    endloop
  endfacet
  facet normal 0 0 1
    outer loop
      vertex -7.8504 2.1496 0.2
      vertex -7.8504 -2.1496 0.2
      vertex -7.47233 -1.68893 0.2
    endloop
  endfacet
  facet normal 0 0 1
    outer loop
      vertex -8.31107 2.52767 0.2
      vertex -7.8504 -2.1496 0.2
      vertex -7.8504 2.1496 0.2
    endloop
  endfacet
  facet normal 0 0 1
    outer loop
      vertex -8.31107 2.52767 0.2
      vertex -8.31107 -2.52767 0.2
      vertex -7.8504 -2.1496 0.2
    endloop
  endfacet
  facet normal 0 0 1
    outer loop
      vertex -8.83664 2.80859 0.2
      vertex -8.31107 -2.52767 0.2
      vertex -8.31107 2.52767 0.2
    endloop
  endfacet
  facet normal 0 0 1
    outer loop
      vertex -8.83664 2.80859 0.2
      vertex -8.83664 -2.80859 0.2
      vertex -8.31107 -2.52767 0.2
    endloop
  endfacet
  facet normal 0 0 1
    outer loop
      vertex -9.40693 2.98159 0.2
      vertex -8.83664 -2.80859 0.2
      vertex -8.83664 2.80859 0.2
    endloop
  endfacet
  facet normal 0 0 1
    outer loop
      vertex -9.40693 2.98159 0.2
      vertex -9.40693 -2.98159 0.2
      vertex -8.83664 -2.80859 0.2
    endloop
  endfacet
  facet normal 0 0 1
    outer loop
      vertex -10 3.04 0.2
      vertex -9.40693 -2.98159 0.2
      vertex -9.40693 2.98159 0.2
    endloop
  endfacet
  facet normal 0 0 1
    outer loop
      vertex -10 3.04 0.2
      vertex -10 -3.04 0.2
      vertex -9.40693 -2.98159 0.2
    endloop
  endfacet
  facet normal -0 0 1
    outer loop
      vertex -10.5931 2.98159 0.2
      vertex -10 -3.04 0.2
      vertex -10 3.04 0.2
    endloop
  endfacet
  facet normal 0 0 1
    outer loop
      vertex -10.5931 2.98159 0.2
      vertex -10.5931 -2.98159 0.2
      vertex -10 -3.04 0.2
    endloop
  endfacet
  facet normal -0 0 1
    outer loop
      vertex -11.1634 2.80859 0.2
      vertex -10.5931 -2.98159 0.2
      vertex -10.5931 2.98159 0.2
    endloop
  endfacet
  facet normal 0 0 1
    outer loop
      vertex -11.1634 2.80859 0.2
      vertex -11.1634 -2.80859 0.2
      vertex -10.5931 -2.98159 0.2
    endloop
  endfacet
  facet normal -0 0 1
    outer loop
      vertex -11.6889 2.52767 0.2
      vertex -11.1634 -2.80859 0.2
      vertex -11.1634 2.80859 0.2
    endloop
  endfacet
  facet normal 0 0 1
    outer loop
      vertex -11.6889 2.52767 0.2
      vertex -11.6889 -2.52767 0.2
      vertex -11.1634 -2.80859 0.2
    endloop
  endfacet
  facet normal -0 0 1
    outer loop
      vertex -12.1496 2.1496 0.2
      vertex -11.6889 -2.52767 0.2
      vertex -11.6889 2.52767 0.2
    endloop
  endfacet
  facet normal 0 0 1
    outer loop
      vertex -12.1496 2.1496 0.2
      vertex -12.1496 -2.1496 0.2
      vertex -11.6889 -2.52767 0.2
    endloop
  endfacet
  facet normal -0 0 1
    outer loop
      vertex -12.5277 1.68893 0.2
      vertex -12.1496 -2.1496 0.2
      vertex -12.1496 2.1496 0.2
    endloop
  endfacet
  facet normal 0 0 1
    outer loop
      vertex -12.5277 1.68893 0.2
      vertex -12.5277 -1.68893 0.2
      vertex -12.1496 -2.1496 0.2
    endloop
  endfacet
  facet normal -0 0 1
    outer loop
      vertex -12.8086 1.16336 0.2
      vertex -12.5277 -1.68893 0.2
      vertex -12.5277 1.68893 0.2
    endloop
  endfacet
  facet normal 0 0 1
    outer loop
      vertex -12.8086 1.16336 0.2
      vertex -12.8086 -1.16336 0.2
      vertex -12.5277 -1.68893 0.2
    endloop
  endfacet
  facet normal -0 0 1
    outer loop
      vertex -12.9816 0.593074 0.2
      vertex -12.8086 -1.16336 0.2
      vertex -12.8086 1.16336 0.2
    endloop
  endfacet
  facet normal 0 0 1
    outer loop
      vertex -12.9816 0.593074 0.2
      vertex -12.9816 -0.593074 0.2
      vertex -12.8086 -1.16336 0.2
    endloop
  endfacet
  facet normal 0 -0 1
    outer loop
      vertex -12.9816 -0.593074 0.2
      vertex -12.9816 0.593074 0.2
      vertex -13.04 0 0.2
    endloop
  endfacet
  facet normal 0.290287 0.95694 -0
    outer loop
      vertex -10.5931 -2.98159 0.2
      vertex -11.1634 -2.80859 3.24
      vertex -10.5931 -2.98159 3.24
    endloop
  endfacet
  facet normal 0.290287 0.95694 0
    outer loop
      vertex -11.1634 -2.80859 3.24
      vertex -10.5931 -2.98159 0.2
      vertex -11.1634 -2.80859 0.2
    endloop
  endfacet
  facet normal 0.471442 -0.881897 0
    outer loop
      vertex -11.6889 2.52767 0.2
      vertex -11.1634 2.80859 3.24
      vertex -11.6889 2.52767 3.24
    endloop
  endfacet
  facet normal 0.471442 -0.881897 0
    outer loop
      vertex -11.1634 2.80859 3.24
      vertex -11.6889 2.52767 0.2
      vertex -11.1634 2.80859 0.2
    endloop
  endfacet
  facet normal -0.881923 -0.471393 0
    outer loop
      vertex -7.19141 1.16336 0.2
      vertex -7.47233 1.68893 3.24
      vertex -7.47233 1.68893 0.2
    endloop
  endfacet
  facet normal -0.881923 -0.471393 0
    outer loop
      vertex -7.47233 1.68893 3.24
      vertex -7.19141 1.16336 0.2
      vertex -7.19141 1.16336 3.24
    endloop
  endfacet
  facet normal 0.0980084 -0.995186 0
    outer loop
      vertex -10.5931 2.98159 0.2
      vertex -10 3.04 3.24
      vertex -10.5931 2.98159 3.24
    endloop
  endfacet
  facet normal 0.0980084 -0.995186 0
    outer loop
      vertex -10 3.04 3.24
      vertex -10.5931 2.98159 0.2
      vertex -10 3.04 0.2
    endloop
  endfacet
  facet normal -0.471393 -0.881923 0
    outer loop
      vertex -8.83664 2.80859 0.2
      vertex -8.31107 2.52767 3.24
      vertex -8.83664 2.80859 3.24
    endloop
  endfacet
  facet normal -0.471393 -0.881923 -0
    outer loop
      vertex -8.31107 2.52767 3.24
      vertex -8.83664 2.80859 0.2
      vertex -8.31107 2.52767 0.2
    endloop
  endfacet
  facet normal -0.471393 0.881923 0
    outer loop
      vertex -8.31107 -2.52767 0.2
      vertex -8.83664 -2.80859 3.24
      vertex -8.31107 -2.52767 3.24
    endloop
  endfacet
  facet normal -0.471393 0.881923 0
    outer loop
      vertex -8.83664 -2.80859 3.24
      vertex -8.31107 -2.52767 0.2
      vertex -8.83664 -2.80859 0.2
    endloop
  endfacet
  facet normal 0.995187 0.097996 0
    outer loop
      vertex -12.9816 -0.593074 3.24
      vertex -13.04 0 0.2
      vertex -13.04 0 3.24
    endloop
  endfacet
  facet normal 0.995187 0.097996 0
    outer loop
      vertex -13.04 0 0.2
      vertex -12.9816 -0.593074 3.24
      vertex -12.9816 -0.593074 0.2
    endloop
  endfacet
  facet normal 0.634377 -0.773024 0
    outer loop
      vertex -12.1496 2.1496 0.2
      vertex -11.6889 2.52767 3.24
      vertex -12.1496 2.1496 3.24
    endloop
  endfacet
  facet normal 0.634377 -0.773024 0
    outer loop
      vertex -11.6889 2.52767 3.24
      vertex -12.1496 2.1496 0.2
      vertex -11.6889 2.52767 0.2
    endloop
  endfacet
  facet normal -0.634401 -0.773004 0
    outer loop
      vertex -8.31107 2.52767 0.2
      vertex -7.8504 2.1496 3.24
      vertex -8.31107 2.52767 3.24
    endloop
  endfacet
  facet normal -0.634401 -0.773004 -0
    outer loop
      vertex -7.8504 2.1496 3.24
      vertex -8.31107 2.52767 0.2
      vertex -7.8504 2.1496 0.2
    endloop
  endfacet
  facet normal 0.290287 -0.95694 0
    outer loop
      vertex -11.1634 2.80859 0.2
      vertex -10.5931 2.98159 3.24
      vertex -11.1634 2.80859 3.24
    endloop
  endfacet
  facet normal 0.290287 -0.95694 0
    outer loop
      vertex -10.5931 2.98159 3.24
      vertex -11.1634 2.80859 0.2
      vertex -10.5931 2.98159 0.2
    endloop
  endfacet
  facet normal 0.995187 -0.097996 0
    outer loop
      vertex -13.04 0 3.24
      vertex -12.9816 0.593074 0.2
      vertex -12.9816 0.593074 3.24
    endloop
  endfacet
  facet normal 0.995187 -0.097996 0
    outer loop
      vertex -12.9816 0.593074 0.2
      vertex -13.04 0 3.24
      vertex -13.04 0 0.2
    endloop
  endfacet
  facet normal 0.471442 0.881897 -0
    outer loop
      vertex -11.1634 -2.80859 0.2
      vertex -11.6889 -2.52767 3.24
      vertex -11.1634 -2.80859 3.24
    endloop
  endfacet
  facet normal 0.471442 0.881897 0
    outer loop
      vertex -11.6889 -2.52767 3.24
      vertex -11.1634 -2.80859 0.2
      vertex -11.6889 -2.52767 0.2
    endloop
  endfacet
  facet normal -0.290291 -0.956938 0
    outer loop
      vertex -9.40693 2.98159 0.2
      vertex -8.83664 2.80859 3.24
      vertex -9.40693 2.98159 3.24
    endloop
  endfacet
  facet normal -0.290291 -0.956938 -0
    outer loop
      vertex -8.83664 2.80859 3.24
      vertex -9.40693 2.98159 0.2
      vertex -8.83664 2.80859 0.2
    endloop
  endfacet
  facet normal -0.773004 -0.634401 0
    outer loop
      vertex -7.47233 1.68893 0.2
      vertex -7.8504 2.1496 3.24
      vertex -7.8504 2.1496 0.2
    endloop
  endfacet
  facet normal -0.773004 -0.634401 0
    outer loop
      vertex -7.8504 2.1496 3.24
      vertex -7.47233 1.68893 0.2
      vertex -7.47233 1.68893 3.24
    endloop
  endfacet
  facet normal -0.956938 0.290293 0
    outer loop
      vertex -7.19141 -1.16336 0.2
      vertex -7.01841 -0.593074 3.24
      vertex -7.01841 -0.593074 0.2
    endloop
  endfacet
  facet normal -0.956938 0.290293 0
    outer loop
      vertex -7.01841 -0.593074 3.24
      vertex -7.19141 -1.16336 0.2
      vertex -7.19141 -1.16336 3.24
    endloop
  endfacet
  facet normal -0.0980133 -0.995185 0
    outer loop
      vertex -10 3.04 0.2
      vertex -9.40693 2.98159 3.24
      vertex -10 3.04 3.24
    endloop
  endfacet
  facet normal -0.0980133 -0.995185 -0
    outer loop
      vertex -9.40693 2.98159 3.24
      vertex -10 3.04 0.2
      vertex -9.40693 2.98159 0.2
    endloop
  endfacet
  facet normal 0.881937 0.471367 0
    outer loop
      vertex -12.5277 -1.68893 3.24
      vertex -12.8086 -1.16336 0.2
      vertex -12.8086 -1.16336 3.24
    endloop
  endfacet
  facet normal 0.881937 0.471367 0
    outer loop
      vertex -12.8086 -1.16336 0.2
      vertex -12.5277 -1.68893 3.24
      vertex -12.5277 -1.68893 0.2
    endloop
  endfacet
  facet normal 0.772979 0.634431 0
    outer loop
      vertex -12.1496 -2.1496 3.24
      vertex -12.5277 -1.68893 0.2
      vertex -12.5277 -1.68893 3.24
    endloop
  endfacet
  facet normal 0.772979 0.634431 0
    outer loop
      vertex -12.5277 -1.68893 0.2
      vertex -12.1496 -2.1496 3.24
      vertex -12.1496 -2.1496 0.2
    endloop
  endfacet
  facet normal 0.956938 0.290293 0
    outer loop
      vertex -12.8086 -1.16336 3.24
      vertex -12.9816 -0.593074 0.2
      vertex -12.9816 -0.593074 3.24
    endloop
  endfacet
  facet normal 0.956938 0.290293 0
    outer loop
      vertex -12.9816 -0.593074 0.2
      vertex -12.8086 -1.16336 3.24
      vertex -12.8086 -1.16336 0.2
    endloop
  endfacet
  facet normal 0.634377 0.773024 -0
    outer loop
      vertex -11.6889 -2.52767 0.2
      vertex -12.1496 -2.1496 3.24
      vertex -11.6889 -2.52767 3.24
    endloop
  endfacet
  facet normal 0.634377 0.773024 0
    outer loop
      vertex -12.1496 -2.1496 3.24
      vertex -11.6889 -2.52767 0.2
      vertex -12.1496 -2.1496 0.2
    endloop
  endfacet
  facet normal -0.773004 0.634401 0
    outer loop
      vertex -7.8504 -2.1496 0.2
      vertex -7.47233 -1.68893 3.24
      vertex -7.47233 -1.68893 0.2
    endloop
  endfacet
  facet normal -0.773004 0.634401 0
    outer loop
      vertex -7.47233 -1.68893 3.24
      vertex -7.8504 -2.1496 0.2
      vertex -7.8504 -2.1496 3.24
    endloop
  endfacet
  facet normal 0.0980084 0.995186 -0
    outer loop
      vertex -10 -3.04 0.2
      vertex -10.5931 -2.98159 3.24
      vertex -10 -3.04 3.24
    endloop
  endfacet
  facet normal 0.0980084 0.995186 0
    outer loop
      vertex -10.5931 -2.98159 3.24
      vertex -10 -3.04 0.2
      vertex -10.5931 -2.98159 0.2
    endloop
  endfacet
  facet normal 0 0 -1
    outer loop
      vertex -7.01841 -0.593074 3.24
      vertex -7.01841 0.593074 3.24
      vertex -6.96 0 3.24
    endloop
  endfacet
  facet normal 0 0 -1
    outer loop
      vertex -7.19141 -1.16336 3.24
      vertex -7.01841 0.593074 3.24
      vertex -7.01841 -0.593074 3.24
    endloop
  endfacet
  facet normal 0 0 -1
    outer loop
      vertex -7.19141 -1.16336 3.24
      vertex -7.19141 1.16336 3.24
      vertex -7.01841 0.593074 3.24
    endloop
  endfacet
  facet normal 0 0 -1
    outer loop
      vertex -7.47233 -1.68893 3.24
      vertex -7.19141 1.16336 3.24
      vertex -7.19141 -1.16336 3.24
    endloop
  endfacet
  facet normal 0 0 -1
    outer loop
      vertex -7.47233 -1.68893 3.24
      vertex -7.47233 1.68893 3.24
      vertex -7.19141 1.16336 3.24
    endloop
  endfacet
  facet normal 0 0 -1
    outer loop
      vertex -7.8504 -2.1496 3.24
      vertex -7.47233 1.68893 3.24
      vertex -7.47233 -1.68893 3.24
    endloop
  endfacet
  facet normal 0 0 -1
    outer loop
      vertex -7.8504 -2.1496 3.24
      vertex -7.8504 2.1496 3.24
      vertex -7.47233 1.68893 3.24
    endloop
  endfacet
  facet normal 0 0 -1
    outer loop
      vertex -8.31107 -2.52767 3.24
      vertex -7.8504 2.1496 3.24
      vertex -7.8504 -2.1496 3.24
    endloop
  endfacet
  facet normal 0 0 -1
    outer loop
      vertex -8.31107 -2.52767 3.24
      vertex -8.31107 2.52767 3.24
      vertex -7.8504 2.1496 3.24
    endloop
  endfacet
  facet normal 0 0 -1
    outer loop
      vertex -8.83664 -2.80859 3.24
      vertex -8.31107 2.52767 3.24
      vertex -8.31107 -2.52767 3.24
    endloop
  endfacet
  facet normal 0 0 -1
    outer loop
      vertex -8.83664 -2.80859 3.24
      vertex -8.83664 2.80859 3.24
      vertex -8.31107 2.52767 3.24
    endloop
  endfacet
  facet normal 0 0 -1
    outer loop
      vertex -9.40693 -2.98159 3.24
      vertex -8.83664 2.80859 3.24
      vertex -8.83664 -2.80859 3.24
    endloop
  endfacet
  facet normal 0 0 -1
    outer loop
      vertex -9.40693 -2.98159 3.24
      vertex -9.40693 2.98159 3.24
      vertex -8.83664 2.80859 3.24
    endloop
  endfacet
  facet normal 0 0 -1
    outer loop
      vertex -10 -3.04 3.24
      vertex -9.40693 2.98159 3.24
      vertex -9.40693 -2.98159 3.24
    endloop
  endfacet
  facet normal 0 0 -1
    outer loop
      vertex -10 -3.04 3.24
      vertex -10 3.04 3.24
      vertex -9.40693 2.98159 3.24
    endloop
  endfacet
  facet normal 0 0 -1
    outer loop
      vertex -10.5931 -2.98159 3.24
      vertex -10 3.04 3.24
      vertex -10 -3.04 3.24
    endloop
  endfacet
  facet normal 0 0 -1
    outer loop
      vertex -10.5931 -2.98159 3.24
      vertex -10.5931 2.98159 3.24
      vertex -10 3.04 3.24
    endloop
  endfacet
  facet normal 0 0 -1
    outer loop
      vertex -11.1634 -2.80859 3.24
      vertex -10.5931 2.98159 3.24
      vertex -10.5931 -2.98159 3.24
    endloop
  endfacet
  facet normal 0 0 -1
    outer loop
      vertex -11.1634 -2.80859 3.24
      vertex -11.1634 2.80859 3.24
      vertex -10.5931 2.98159 3.24
    endloop
  endfacet
  facet normal 0 0 -1
    outer loop
      vertex -11.6889 -2.52767 3.24
      vertex -11.1634 2.80859 3.24
      vertex -11.1634 -2.80859 3.24
    endloop
  endfacet
  facet normal 0 0 -1
    outer loop
      vertex -11.6889 -2.52767 3.24
      vertex -11.6889 2.52767 3.24
      vertex -11.1634 2.80859 3.24
    endloop
  endfacet
  facet normal 0 0 -1
    outer loop
      vertex -12.1496 -2.1496 3.24
      vertex -11.6889 2.52767 3.24
      vertex -11.6889 -2.52767 3.24
    endloop
  endfacet
  facet normal 0 0 -1
    outer loop
      vertex -12.1496 -2.1496 3.24
      vertex -12.1496 2.1496 3.24
      vertex -11.6889 2.52767 3.24
    endloop
  endfacet
  facet normal 0 0 -1
    outer loop
      vertex -12.5277 -1.68893 3.24
      vertex -12.1496 2.1496 3.24
      vertex -12.1496 -2.1496 3.24
    endloop
  endfacet
  facet normal 0 0 -1
    outer loop
      vertex -12.5277 -1.68893 3.24
      vertex -12.5277 1.68893 3.24
      vertex -12.1496 2.1496 3.24
    endloop
  endfacet
  facet normal 0 0 -1
    outer loop
      vertex -12.8086 -1.16336 3.24
      vertex -12.5277 1.68893 3.24
      vertex -12.5277 -1.68893 3.24
    endloop
  endfacet
  facet normal 0 0 -1
    outer loop
      vertex -12.8086 -1.16336 3.24
      vertex -12.8086 1.16336 3.24
      vertex -12.5277 1.68893 3.24
    endloop
  endfacet
  facet normal 0 0 -1
    outer loop
      vertex -12.9816 -0.593074 3.24
      vertex -12.8086 1.16336 3.24
      vertex -12.8086 -1.16336 3.24
    endloop
  endfacet
  facet normal 0 0 -1
    outer loop
      vertex -12.9816 -0.593074 3.24
      vertex -12.9816 0.593074 3.24
      vertex -12.8086 1.16336 3.24
    endloop
  endfacet
  facet normal 0 -0 -1
    outer loop
      vertex -12.9816 0.593074 3.24
      vertex -12.9816 -0.593074 3.24
      vertex -13.04 0 3.24
    endloop
  endfacet
  facet normal 0.881923 -0.471393 0
    outer loop
      vertex 7.19141 1.16336 3.24
      vertex 7.47233 1.68893 0.2
      vertex 7.47233 1.68893 3.24
    endloop
  endfacet
  facet normal 0.881923 -0.471393 0
    outer loop
      vertex 7.47233 1.68893 0.2
      vertex 7.19141 1.16336 3.24
      vertex 7.19141 1.16336 0.2
    endloop
  endfacet
  facet normal 0.995185 -0.0980127 0
    outer loop
      vertex 6.96 0 3.24
      vertex 7.01841 0.593074 0.2
      vertex 7.01841 0.593074 3.24
    endloop
  endfacet
  facet normal 0.995185 -0.0980127 0
    outer loop
      vertex 7.01841 0.593074 0.2
      vertex 6.96 0 3.24
      vertex 6.96 0 0.2
    endloop
  endfacet
  facet normal -0.956938 -0.290293 0
    outer loop
      vertex 12.9816 0.593074 0.2
      vertex 12.8086 1.16336 3.24
      vertex 12.8086 1.16336 0.2
    endloop
  endfacet
  facet normal -0.956938 -0.290293 0
    outer loop
      vertex 12.8086 1.16336 3.24
      vertex 12.9816 0.593074 0.2
      vertex 12.9816 0.593074 3.24
    endloop
  endfacet
  facet normal -0.290287 0.95694 0
    outer loop
      vertex 11.1634 -2.80859 0.2
      vertex 10.5931 -2.98159 3.24
      vertex 11.1634 -2.80859 3.24
    endloop
  endfacet
  facet normal -0.290287 0.95694 0
    outer loop
      vertex 10.5931 -2.98159 3.24
      vertex 11.1634 -2.80859 0.2
      vertex 10.5931 -2.98159 0.2
    endloop
  endfacet
  facet normal -0.0980084 -0.995186 0
    outer loop
      vertex 10 3.04 0.2
      vertex 10.5931 2.98159 3.24
      vertex 10 3.04 3.24
    endloop
  endfacet
  facet normal -0.0980084 -0.995186 -0
    outer loop
      vertex 10.5931 2.98159 3.24
      vertex 10 3.04 0.2
      vertex 10.5931 2.98159 0.2
    endloop
  endfacet
  facet normal -0.995187 0.097996 0
    outer loop
      vertex 12.9816 -0.593074 0.2
      vertex 13.04 0 3.24
      vertex 13.04 0 0.2
    endloop
  endfacet
  facet normal -0.995187 0.097996 0
    outer loop
      vertex 13.04 0 3.24
      vertex 12.9816 -0.593074 0.2
      vertex 12.9816 -0.593074 3.24
    endloop
  endfacet
  facet normal -0.881937 0.471367 0
    outer loop
      vertex 12.5277 -1.68893 0.2
      vertex 12.8086 -1.16336 3.24
      vertex 12.8086 -1.16336 0.2
    endloop
  endfacet
  facet normal -0.881937 0.471367 0
    outer loop
      vertex 12.8086 -1.16336 3.24
      vertex 12.5277 -1.68893 0.2
      vertex 12.5277 -1.68893 3.24
    endloop
  endfacet
  facet normal 0.290291 0.956938 -0
    outer loop
      vertex 9.40693 -2.98159 0.2
      vertex 8.83664 -2.80859 3.24
      vertex 9.40693 -2.98159 3.24
    endloop
  endfacet
  facet normal 0.290291 0.956938 0
    outer loop
      vertex 8.83664 -2.80859 3.24
      vertex 9.40693 -2.98159 0.2
      vertex 8.83664 -2.80859 0.2
    endloop
  endfacet
  facet normal -0.995187 -0.097996 0
    outer loop
      vertex 13.04 0 0.2
      vertex 12.9816 0.593074 3.24
      vertex 12.9816 0.593074 0.2
    endloop
  endfacet
  facet normal -0.995187 -0.097996 0
    outer loop
      vertex 12.9816 0.593074 3.24
      vertex 13.04 0 0.2
      vertex 13.04 0 3.24
    endloop
  endfacet
  facet normal -0.634377 0.773024 0
    outer loop
      vertex 12.1496 -2.1496 0.2
      vertex 11.6889 -2.52767 3.24
      vertex 12.1496 -2.1496 3.24
    endloop
  endfacet
  facet normal -0.634377 0.773024 0
    outer loop
      vertex 11.6889 -2.52767 3.24
      vertex 12.1496 -2.1496 0.2
      vertex 11.6889 -2.52767 0.2
    endloop
  endfacet
  facet normal 0.773004 0.634401 0
    outer loop
      vertex 7.8504 -2.1496 3.24
      vertex 7.47233 -1.68893 0.2
      vertex 7.47233 -1.68893 3.24
    endloop
  endfacet
  facet normal 0.773004 0.634401 0
    outer loop
      vertex 7.47233 -1.68893 0.2
      vertex 7.8504 -2.1496 3.24
      vertex 7.8504 -2.1496 0.2
    endloop
  endfacet
  facet normal 0.471393 0.881923 -0
    outer loop
      vertex 8.83664 -2.80859 0.2
      vertex 8.31107 -2.52767 3.24
      vertex 8.83664 -2.80859 3.24
    endloop
  endfacet
  facet normal 0.471393 0.881923 0
    outer loop
      vertex 8.31107 -2.52767 3.24
      vertex 8.83664 -2.80859 0.2
      vertex 8.31107 -2.52767 0.2
    endloop
  endfacet
  facet normal -0.881937 -0.471367 0
    outer loop
      vertex 12.8086 1.16336 0.2
      vertex 12.5277 1.68893 3.24
      vertex 12.5277 1.68893 0.2
    endloop
  endfacet
  facet normal -0.881937 -0.471367 0
    outer loop
      vertex 12.5277 1.68893 3.24
      vertex 12.8086 1.16336 0.2
      vertex 12.8086 1.16336 3.24
    endloop
  endfacet
  facet normal 0.0980133 0.995185 -0
    outer loop
      vertex 10 -3.04 0.2
      vertex 9.40693 -2.98159 3.24
      vertex 10 -3.04 3.24
    endloop
  endfacet
  facet normal 0.0980133 0.995185 0
    outer loop
      vertex 9.40693 -2.98159 3.24
      vertex 10 -3.04 0.2
      vertex 9.40693 -2.98159 0.2
    endloop
  endfacet
  facet normal -0.471442 -0.881897 0
    outer loop
      vertex 11.1634 2.80859 0.2
      vertex 11.6889 2.52767 3.24
      vertex 11.1634 2.80859 3.24
    endloop
  endfacet
  facet normal -0.471442 -0.881897 -0
    outer loop
      vertex 11.6889 2.52767 3.24
      vertex 11.1634 2.80859 0.2
      vertex 11.6889 2.52767 0.2
    endloop
  endfacet
  facet normal -0.956938 0.290293 0
    outer loop
      vertex 12.8086 -1.16336 0.2
      vertex 12.9816 -0.593074 3.24
      vertex 12.9816 -0.593074 0.2
    endloop
  endfacet
  facet normal -0.956938 0.290293 0
    outer loop
      vertex 12.9816 -0.593074 3.24
      vertex 12.8086 -1.16336 0.2
      vertex 12.8086 -1.16336 3.24
    endloop
  endfacet
  facet normal 0.634401 0.773004 -0
    outer loop
      vertex 8.31107 -2.52767 0.2
      vertex 7.8504 -2.1496 3.24
      vertex 8.31107 -2.52767 3.24
    endloop
  endfacet
  facet normal 0.634401 0.773004 0
    outer loop
      vertex 7.8504 -2.1496 3.24
      vertex 8.31107 -2.52767 0.2
      vertex 7.8504 -2.1496 0.2
    endloop
  endfacet
  facet normal 0.290291 -0.956938 0
    outer loop
      vertex 8.83664 2.80859 0.2
      vertex 9.40693 2.98159 3.24
      vertex 8.83664 2.80859 3.24
    endloop
  endfacet
  facet normal 0.290291 -0.956938 0
    outer loop
      vertex 9.40693 2.98159 3.24
      vertex 8.83664 2.80859 0.2
      vertex 9.40693 2.98159 0.2
    endloop
  endfacet
  facet normal 0.0980133 -0.995185 0
    outer loop
      vertex 9.40693 2.98159 0.2
      vertex 10 3.04 3.24
      vertex 9.40693 2.98159 3.24
    endloop
  endfacet
  facet normal 0.0980133 -0.995185 0
    outer loop
      vertex 10 3.04 3.24
      vertex 9.40693 2.98159 0.2
      vertex 10 3.04 0.2
    endloop
  endfacet
  facet normal -0.0980084 0.995186 0
    outer loop
      vertex 10.5931 -2.98159 0.2
      vertex 10 -3.04 3.24
      vertex 10.5931 -2.98159 3.24
    endloop
  endfacet
  facet normal -0.0980084 0.995186 0
    outer loop
      vertex 10 -3.04 3.24
      vertex 10.5931 -2.98159 0.2
      vertex 10 -3.04 0.2
    endloop
  endfacet
  facet normal -0.634377 -0.773024 0
    outer loop
      vertex 11.6889 2.52767 0.2
      vertex 12.1496 2.1496 3.24
      vertex 11.6889 2.52767 3.24
    endloop
  endfacet
  facet normal -0.634377 -0.773024 -0
    outer loop
      vertex 12.1496 2.1496 3.24
      vertex 11.6889 2.52767 0.2
      vertex 12.1496 2.1496 0.2
    endloop
  endfacet
  facet normal 0.773004 -0.634401 0
    outer loop
      vertex 7.47233 1.68893 3.24
      vertex 7.8504 2.1496 0.2
      vertex 7.8504 2.1496 3.24
    endloop
  endfacet
  facet normal 0.773004 -0.634401 0
    outer loop
      vertex 7.8504 2.1496 0.2
      vertex 7.47233 1.68893 3.24
      vertex 7.47233 1.68893 0.2
    endloop
  endfacet
  facet normal 0.956938 0.290293 0
    outer loop
      vertex 7.19141 -1.16336 3.24
      vertex 7.01841 -0.593074 0.2
      vertex 7.01841 -0.593074 3.24
    endloop
  endfacet
  facet normal 0.956938 0.290293 0
    outer loop
      vertex 7.01841 -0.593074 0.2
      vertex 7.19141 -1.16336 3.24
      vertex 7.19141 -1.16336 0.2
    endloop
  endfacet
  facet normal 0.634401 -0.773004 0
    outer loop
      vertex 7.8504 2.1496 0.2
      vertex 8.31107 2.52767 3.24
      vertex 7.8504 2.1496 3.24
    endloop
  endfacet
  facet normal 0.634401 -0.773004 0
    outer loop
      vertex 8.31107 2.52767 3.24
      vertex 7.8504 2.1496 0.2
      vertex 8.31107 2.52767 0.2
    endloop
  endfacet
  facet normal -0.772979 -0.634431 0
    outer loop
      vertex 12.5277 1.68893 0.2
      vertex 12.1496 2.1496 3.24
      vertex 12.1496 2.1496 0.2
    endloop
  endfacet
  facet normal -0.772979 -0.634431 0
    outer loop
      vertex 12.1496 2.1496 3.24
      vertex 12.5277 1.68893 0.2
      vertex 12.5277 1.68893 3.24
    endloop
  endfacet
  facet normal 0.995185 0.0980127 0
    outer loop
      vertex 7.01841 -0.593074 3.24
      vertex 6.96 0 0.2
      vertex 6.96 0 3.24
    endloop
  endfacet
  facet normal 0.995185 0.0980127 0
    outer loop
      vertex 6.96 0 0.2
      vertex 7.01841 -0.593074 3.24
      vertex 7.01841 -0.593074 0.2
    endloop
  endfacet
  facet normal 0.471393 -0.881923 0
    outer loop
      vertex 8.31107 2.52767 0.2
      vertex 8.83664 2.80859 3.24
      vertex 8.31107 2.52767 3.24
    endloop
  endfacet
  facet normal 0.471393 -0.881923 0
    outer loop
      vertex 8.83664 2.80859 3.24
      vertex 8.31107 2.52767 0.2
      vertex 8.83664 2.80859 0.2
    endloop
  endfacet
  facet normal -0.471442 0.881897 0
    outer loop
      vertex 11.6889 -2.52767 0.2
      vertex 11.1634 -2.80859 3.24
      vertex 11.6889 -2.52767 3.24
    endloop
  endfacet
  facet normal -0.471442 0.881897 0
    outer loop
      vertex 11.1634 -2.80859 3.24
      vertex 11.6889 -2.52767 0.2
      vertex 11.1634 -2.80859 0.2
    endloop
  endfacet
  facet normal 0 0 1
    outer loop
      vertex 12.9816 0.593074 0.2
      vertex 12.9816 -0.593074 0.2
      vertex 13.04 0 0.2
    endloop
  endfacet
  facet normal 0 0 1
    outer loop
      vertex 12.8086 1.16336 0.2
      vertex 12.9816 -0.593074 0.2
      vertex 12.9816 0.593074 0.2
    endloop
  endfacet
  facet normal 0 0 1
    outer loop
      vertex 12.8086 1.16336 0.2
      vertex 12.8086 -1.16336 0.2
      vertex 12.9816 -0.593074 0.2
    endloop
  endfacet
  facet normal 0 0 1
    outer loop
      vertex 12.5277 1.68893 0.2
      vertex 12.8086 -1.16336 0.2
      vertex 12.8086 1.16336 0.2
    endloop
  endfacet
  facet normal 0 0 1
    outer loop
      vertex 12.5277 1.68893 0.2
      vertex 12.5277 -1.68893 0.2
      vertex 12.8086 -1.16336 0.2
    endloop
  endfacet
  facet normal 0 0 1
    outer loop
      vertex 12.1496 2.1496 0.2
      vertex 12.5277 -1.68893 0.2
      vertex 12.5277 1.68893 0.2
    endloop
  endfacet
  facet normal 0 0 1
    outer loop
      vertex 12.1496 2.1496 0.2
      vertex 12.1496 -2.1496 0.2
      vertex 12.5277 -1.68893 0.2
    endloop
  endfacet
  facet normal 0 0 1
    outer loop
      vertex 11.6889 2.52767 0.2
      vertex 12.1496 -2.1496 0.2
      vertex 12.1496 2.1496 0.2
    endloop
  endfacet
  facet normal 0 0 1
    outer loop
      vertex 11.6889 2.52767 0.2
      vertex 11.6889 -2.52767 0.2
      vertex 12.1496 -2.1496 0.2
    endloop
  endfacet
  facet normal 0 0 1
    outer loop
      vertex 11.1634 2.80859 0.2
      vertex 11.6889 -2.52767 0.2
      vertex 11.6889 2.52767 0.2
    endloop
  endfacet
  facet normal 0 0 1
    outer loop
      vertex 11.1634 2.80859 0.2
      vertex 11.1634 -2.80859 0.2
      vertex 11.6889 -2.52767 0.2
    endloop
  endfacet
  facet normal 0 0 1
    outer loop
      vertex 10.5931 2.98159 0.2
      vertex 11.1634 -2.80859 0.2
      vertex 11.1634 2.80859 0.2
    endloop
  endfacet
  facet normal 0 0 1
    outer loop
      vertex 10.5931 2.98159 0.2
      vertex 10.5931 -2.98159 0.2
      vertex 11.1634 -2.80859 0.2
    endloop
  endfacet
  facet normal 0 0 1
    outer loop
      vertex 10 3.04 0.2
      vertex 10.5931 -2.98159 0.2
      vertex 10.5931 2.98159 0.2
    endloop
  endfacet
  facet normal 0 0 1
    outer loop
      vertex 10 3.04 0.2
      vertex 10 -3.04 0.2
      vertex 10.5931 -2.98159 0.2
    endloop
  endfacet
  facet normal -0 0 1
    outer loop
      vertex 9.40693 2.98159 0.2
      vertex 10 -3.04 0.2
      vertex 10 3.04 0.2
    endloop
  endfacet
  facet normal 0 0 1
    outer loop
      vertex 9.40693 2.98159 0.2
      vertex 9.40693 -2.98159 0.2
      vertex 10 -3.04 0.2
    endloop
  endfacet
  facet normal -0 0 1
    outer loop
      vertex 8.83664 2.80859 0.2
      vertex 9.40693 -2.98159 0.2
      vertex 9.40693 2.98159 0.2
    endloop
  endfacet
  facet normal 0 0 1
    outer loop
      vertex 8.83664 2.80859 0.2
      vertex 8.83664 -2.80859 0.2
      vertex 9.40693 -2.98159 0.2
    endloop
  endfacet
  facet normal -0 0 1
    outer loop
      vertex 8.31107 2.52767 0.2
      vertex 8.83664 -2.80859 0.2
      vertex 8.83664 2.80859 0.2
    endloop
  endfacet
  facet normal 0 0 1
    outer loop
      vertex 8.31107 2.52767 0.2
      vertex 8.31107 -2.52767 0.2
      vertex 8.83664 -2.80859 0.2
    endloop
  endfacet
  facet normal -0 0 1
    outer loop
      vertex 7.8504 2.1496 0.2
      vertex 8.31107 -2.52767 0.2
      vertex 8.31107 2.52767 0.2
    endloop
  endfacet
  facet normal 0 0 1
    outer loop
      vertex 7.8504 2.1496 0.2
      vertex 7.8504 -2.1496 0.2
      vertex 8.31107 -2.52767 0.2
    endloop
  endfacet
  facet normal -0 0 1
    outer loop
      vertex 7.47233 1.68893 0.2
      vertex 7.8504 -2.1496 0.2
      vertex 7.8504 2.1496 0.2
    endloop
  endfacet
  facet normal 0 0 1
    outer loop
      vertex 7.47233 1.68893 0.2
      vertex 7.47233 -1.68893 0.2
      vertex 7.8504 -2.1496 0.2
    endloop
  endfacet
  facet normal -0 0 1
    outer loop
      vertex 7.19141 1.16336 0.2
      vertex 7.47233 -1.68893 0.2
      vertex 7.47233 1.68893 0.2
    endloop
  endfacet
  facet normal 0 0 1
    outer loop
      vertex 7.19141 1.16336 0.2
      vertex 7.19141 -1.16336 0.2
      vertex 7.47233 -1.68893 0.2
    endloop
  endfacet
  facet normal -0 0 1
    outer loop
      vertex 7.01841 0.593074 0.2
      vertex 7.19141 -1.16336 0.2
      vertex 7.19141 1.16336 0.2
    endloop
  endfacet
  facet normal 0 0 1
    outer loop
      vertex 7.01841 0.593074 0.2
      vertex 7.01841 -0.593074 0.2
      vertex 7.19141 -1.16336 0.2
    endloop
  endfacet
  facet normal 0 -0 1
    outer loop
      vertex 7.01841 -0.593074 0.2
      vertex 7.01841 0.593074 0.2
      vertex 6.96 0 0.2
    endloop
  endfacet
  facet normal 0.881923 0.471393 0
    outer loop
      vertex 7.47233 -1.68893 3.24
      vertex 7.19141 -1.16336 0.2
      vertex 7.19141 -1.16336 3.24
    endloop
  endfacet
  facet normal 0.881923 0.471393 0
    outer loop
      vertex 7.19141 -1.16336 0.2
      vertex 7.47233 -1.68893 3.24
      vertex 7.47233 -1.68893 0.2
    endloop
  endfacet
  facet normal 0 0 -1
    outer loop
      vertex 12.9816 -0.593074 3.24
      vertex 12.9816 0.593074 3.24
      vertex 13.04 0 3.24
    endloop
  endfacet
  facet normal 0 0 -1
    outer loop
      vertex 12.8086 -1.16336 3.24
      vertex 12.9816 0.593074 3.24
      vertex 12.9816 -0.593074 3.24
    endloop
  endfacet
  facet normal 0 0 -1
    outer loop
      vertex 12.8086 -1.16336 3.24
      vertex 12.8086 1.16336 3.24
      vertex 12.9816 0.593074 3.24
    endloop
  endfacet
  facet normal 0 0 -1
    outer loop
      vertex 12.5277 -1.68893 3.24
      vertex 12.8086 1.16336 3.24
      vertex 12.8086 -1.16336 3.24
    endloop
  endfacet
  facet normal 0 0 -1
    outer loop
      vertex 12.5277 -1.68893 3.24
      vertex 12.5277 1.68893 3.24
      vertex 12.8086 1.16336 3.24
    endloop
  endfacet
  facet normal 0 0 -1
    outer loop
      vertex 12.1496 -2.1496 3.24
      vertex 12.5277 1.68893 3.24
      vertex 12.5277 -1.68893 3.24
    endloop
  endfacet
  facet normal 0 0 -1
    outer loop
      vertex 12.1496 -2.1496 3.24
      vertex 12.1496 2.1496 3.24
      vertex 12.5277 1.68893 3.24
    endloop
  endfacet
  facet normal 0 0 -1
    outer loop
      vertex 11.6889 -2.52767 3.24
      vertex 12.1496 2.1496 3.24
      vertex 12.1496 -2.1496 3.24
    endloop
  endfacet
  facet normal 0 0 -1
    outer loop
      vertex 11.6889 -2.52767 3.24
      vertex 11.6889 2.52767 3.24
      vertex 12.1496 2.1496 3.24
    endloop
  endfacet
  facet normal 0 0 -1
    outer loop
      vertex 11.1634 -2.80859 3.24
      vertex 11.6889 2.52767 3.24
      vertex 11.6889 -2.52767 3.24
    endloop
  endfacet
  facet normal 0 0 -1
    outer loop
      vertex 11.1634 -2.80859 3.24
      vertex 11.1634 2.80859 3.24
      vertex 11.6889 2.52767 3.24
    endloop
  endfacet
  facet normal 0 0 -1
    outer loop
      vertex 10.5931 -2.98159 3.24
      vertex 11.1634 2.80859 3.24
      vertex 11.1634 -2.80859 3.24
    endloop
  endfacet
  facet normal 0 0 -1
    outer loop
      vertex 10.5931 -2.98159 3.24
      vertex 10.5931 2.98159 3.24
      vertex 11.1634 2.80859 3.24
    endloop
  endfacet
  facet normal 0 0 -1
    outer loop
      vertex 10 -3.04 3.24
      vertex 10.5931 2.98159 3.24
      vertex 10.5931 -2.98159 3.24
    endloop
  endfacet
  facet normal 0 0 -1
    outer loop
      vertex 10 -3.04 3.24
      vertex 10 3.04 3.24
      vertex 10.5931 2.98159 3.24
    endloop
  endfacet
  facet normal 0 0 -1
    outer loop
      vertex 9.40693 -2.98159 3.24
      vertex 10 3.04 3.24
      vertex 10 -3.04 3.24
    endloop
  endfacet
  facet normal 0 0 -1
    outer loop
      vertex 9.40693 -2.98159 3.24
      vertex 9.40693 2.98159 3.24
      vertex 10 3.04 3.24
    endloop
  endfacet
  facet normal 0 0 -1
    outer loop
      vertex 8.83664 -2.80859 3.24
      vertex 9.40693 2.98159 3.24
      vertex 9.40693 -2.98159 3.24
    endloop
  endfacet
  facet normal 0 0 -1
    outer loop
      vertex 8.83664 -2.80859 3.24
      vertex 8.83664 2.80859 3.24
      vertex 9.40693 2.98159 3.24
    endloop
  endfacet
  facet normal 0 0 -1
    outer loop
      vertex 8.31107 -2.52767 3.24
      vertex 8.83664 2.80859 3.24
      vertex 8.83664 -2.80859 3.24
    endloop
  endfacet
  facet normal 0 0 -1
    outer loop
      vertex 8.31107 -2.52767 3.24
      vertex 8.31107 2.52767 3.24
      vertex 8.83664 2.80859 3.24
    endloop
  endfacet
  facet normal 0 0 -1
    outer loop
      vertex 7.8504 -2.1496 3.24
      vertex 8.31107 2.52767 3.24
      vertex 8.31107 -2.52767 3.24
    endloop
  endfacet
  facet normal 0 0 -1
    outer loop
      vertex 7.8504 -2.1496 3.24
      vertex 7.8504 2.1496 3.24
      vertex 8.31107 2.52767 3.24
    endloop
  endfacet
  facet normal 0 0 -1
    outer loop
      vertex 7.47233 -1.68893 3.24
      vertex 7.8504 2.1496 3.24
      vertex 7.8504 -2.1496 3.24
    endloop
  endfacet
  facet normal 0 0 -1
    outer loop
      vertex 7.47233 -1.68893 3.24
      vertex 7.47233 1.68893 3.24
      vertex 7.8504 2.1496 3.24
    endloop
  endfacet
  facet normal 0 0 -1
    outer loop
      vertex 7.19141 -1.16336 3.24
      vertex 7.47233 1.68893 3.24
      vertex 7.47233 -1.68893 3.24
    endloop
  endfacet
  facet normal 0 0 -1
    outer loop
      vertex 7.19141 -1.16336 3.24
      vertex 7.19141 1.16336 3.24
      vertex 7.47233 1.68893 3.24
    endloop
  endfacet
  facet normal 0 0 -1
    outer loop
      vertex 7.01841 -0.593074 3.24
      vertex 7.19141 1.16336 3.24
      vertex 7.19141 -1.16336 3.24
    endloop
  endfacet
  facet normal 0 0 -1
    outer loop
      vertex 7.01841 -0.593074 3.24
      vertex 7.01841 0.593074 3.24
      vertex 7.19141 1.16336 3.24
    endloop
  endfacet
  facet normal 0 -0 -1
    outer loop
      vertex 7.01841 0.593074 3.24
      vertex 7.01841 -0.593074 3.24
      vertex 6.96 0 3.24
    endloop
  endfacet
  facet normal -0.290287 -0.95694 0
    outer loop
      vertex 10.5931 2.98159 0.2
      vertex 11.1634 2.80859 3.24
      vertex 10.5931 2.98159 3.24
    endloop
  endfacet
  facet normal -0.290287 -0.95694 -0
    outer loop
      vertex 11.1634 2.80859 3.24
      vertex 10.5931 2.98159 0.2
      vertex 11.1634 2.80859 0.2
    endloop
  endfacet
  facet normal 0.956938 -0.290293 0
    outer loop
      vertex 7.01841 0.593074 3.24
      vertex 7.19141 1.16336 0.2
      vertex 7.19141 1.16336 3.24
    endloop
  endfacet
  facet normal 0.956938 -0.290293 0
    outer loop
      vertex 7.19141 1.16336 0.2
      vertex 7.01841 0.593074 3.24
      vertex 7.01841 0.593074 0.2
    endloop
  endfacet
  facet normal -0.772979 0.634431 0
    outer loop
      vertex 12.1496 -2.1496 0.2
      vertex 12.5277 -1.68893 3.24
      vertex 12.5277 -1.68893 0.2
    endloop
  endfacet
  facet normal -0.772979 0.634431 0
    outer loop
      vertex 12.5277 -1.68893 3.24
      vertex 12.1496 -2.1496 0.2
      vertex 12.1496 -2.1496 3.24
    endloop
  endfacet
  facet normal 0.0477381 0.00910747 0.998818
    outer loop
      vertex 13.4214 -1.08046 13.2411
      vertex 8.44923 -3.3898 13.4998
      vertex 13.4603 -1.28436 13.2411
    endloop
  endfacet
  facet normal 0.158512 -0.2518 0.95471
    outer loop
      vertex 26.9723 -3.30209 10.9731
      vertex 26.2174 -3.77731 10.9731
      vertex 28.1385 -5.82071 10.1152
    endloop
  endfacet
  facet normal -0.227372 0.592962 0.772463
    outer loop
      vertex -12.2513 9.12514 13.1319
      vertex -15.2542 20.4018 3.59176
      vertex -15.1121 8.68395 12.6285
    endloop
  endfacet
  facet normal 0.133134 -0.267916 0.954199
    outer loop
      vertex 7.16055 -4.24815 13.4998
      vertex 6.70185 -4.47609 13.4998
      vertex 26.2174 -3.77731 10.9731
    endloop
  endfacet
  facet normal -0.112123 -0.497837 0.859992
    outer loop
      vertex -13.2752 -13.6678 11.0586
      vertex -16.9728 -14.7401 9.95578
      vertex -15.976 -14.9646 9.95578
    endloop
  endfacet
  facet normal -0.539558 0.366719 0.757888
    outer loop
      vertex -33.4984 7.19745 3.59176
      vertex -35.7264 3.91937 3.59176
      vertex -25.8774 5.42762 9.8737
    endloop
  endfacet
  facet normal 0.0499193 -0.109531 -0.992729
    outer loop
      vertex 19.1975 -10.1297 0.150753
      vertex 17.5959 -13.2401 0.413398
      vertex 18.0313 -10.6612 0.150753
    endloop
  endfacet
  facet normal -0.0128598 0.0735881 -0.997206
    outer loop
      vertex -13.9752 10.7833 0.119864
      vertex -14.0673 13.5971 0.328694
      vertex -12.1652 13.9295 0.328694
    endloop
  endfacet
  facet normal -0.106928 0.465157 0.878747
    outer loop
      vertex -5.7926 10.9948 13.1319
      vertex -7.42368 10.1351 13.3885
      vertex -7.03347 10.2248 13.3885
    endloop
  endfacet
  facet normal 0.197995 0.980203 -0
    outer loop
      vertex -0.185609 22.4373 2.51084
      vertex -3.29709 23.0658 3.05654
      vertex -0.185609 22.4373 3.05654
    endloop
  endfacet
  facet normal 0.197995 0.980203 0
    outer loop
      vertex -3.29709 23.0658 3.05654
      vertex -0.185609 22.4373 2.51084
      vertex -3.29709 23.0658 2.51084
    endloop
  endfacet
  facet normal -0.0809966 -0.359585 0.92959
    outer loop
      vertex -10.5546 -11.8557 11.9966
      vertex -14.1488 -13.471 11.0586
      vertex -9.83762 -12.0172 11.9966
    endloop
  endfacet
  facet normal 0.143159 -0.767271 -0.625141
    outer loop
      vertex 12.4306 -21.9757 3.15788
      vertex 9.14921 -22.0395 2.48474
      vertex 12.6726 -21.3821 2.48474
    endloop
  endfacet
  facet normal 0.051548 0.149249 0.987455
    outer loop
      vertex 14.409 11.142 12.4364
      vertex 12.7914 10.0923 12.6795
      vertex 12.9712 10.0302 12.6795
    endloop
  endfacet
  facet normal 0.130552 -0.300292 0.944871
    outer loop
      vertex 6.21213 -4.70354 13.4998
      vertex 5.71021 -4.92175 13.4998
      vertex 28.1385 -5.82071 10.1152
    endloop
  endfacet
  facet normal 0.0977023 0.0660654 0.99302
    outer loop
      vertex 15.2064 10.5906 12.4364
      vertex 13.2404 9.84406 12.6795
      vertex 15.4407 10.2441 12.4364
    endloop
  endfacet
  facet normal -0.262637 0.587956 0.765068
    outer loop
      vertex -15.2542 20.4018 3.59176
      vertex -16.4474 10.3056 10.9411
      vertex -16.2131 8.21456 12.6285
    endloop
  endfacet
  facet normal -0.262617 0.587958 0.765074
    outer loop
      vertex -15.2542 20.4018 3.59176
      vertex -16.5771 10.3545 10.859
      vertex -16.4474 10.3056 10.9411
    endloop
  endfacet
  facet normal -0.263006 0.587929 0.764962
    outer loop
      vertex -15.2542 20.4018 3.59176
      vertex -16.7219 10.4011 10.7734
      vertex -16.5771 10.3545 10.859
    endloop
  endfacet
  facet normal -0.262551 0.587958 0.765096
    outer loop
      vertex -15.2542 20.4018 3.59176
      vertex -16.8816 10.4456 10.6844
      vertex -16.7219 10.4011 10.7734
    endloop
  endfacet
  facet normal -0.262716 0.587949 0.765046
    outer loop
      vertex -19.3969 18.5507 3.59176
      vertex -16.8816 10.4456 10.6844
      vertex -15.2542 20.4018 3.59176
    endloop
  endfacet
  facet normal -0.261251 0.588484 0.765137
    outer loop
      vertex -16.8816 10.4456 10.6844
      vertex -19.3969 18.5507 3.59176
      vertex -16.9019 10.4505 10.6737
    endloop
  endfacet
  facet normal -0.262734 0.587933 0.765053
    outer loop
      vertex -16.2131 8.21456 12.6285
      vertex -16.4474 10.3056 10.9411
      vertex -16.665 9.68148 11.346
    endloop
  endfacet
  facet normal -0.461817 -0.180295 0.868458
    outer loop
      vertex -36.9679 -7.3018 3.59176
      vertex -38.7017 -5.43884 3.05654
      vertex -37.7709 -7.82304 3.05654
    endloop
  endfacet
  facet normal 0.0389983 0.0518783 0.997892
    outer loop
      vertex 13.1228 9.94643 12.6795
      vertex 12.9024 7.70386 12.8047
      vertex 13.1846 7.66484 12.7957
    endloop
  endfacet
  facet normal 0.0388215 0.0518961 0.997898
    outer loop
      vertex 13.1228 9.94643 12.6795
      vertex 12.4846 7.7222 12.82
      vertex 12.9024 7.70386 12.8047
    endloop
  endfacet
  facet normal 0.0388737 0.051881 0.997896
    outer loop
      vertex 13.1228 9.94643 12.6795
      vertex 11.8251 7.68164 12.8478
      vertex 12.4846 7.7222 12.82
    endloop
  endfacet
  facet normal 0.0388389 0.051901 0.997897
    outer loop
      vertex 13.1228 9.94643 12.6795
      vertex 11.2246 7.55997 12.8775
      vertex 11.8251 7.68164 12.8478
    endloop
  endfacet
  facet normal 0.0390225 0.051755 0.997897
    outer loop
      vertex 13.1228 9.94643 12.6795
      vertex 10.6829 7.35719 12.9092
      vertex 11.2246 7.55997 12.8775
    endloop
  endfacet
  facet normal 0.0389018 0.0518686 0.997896
    outer loop
      vertex 7.28783 7.5833 13.0298
      vertex 10.6829 7.35719 12.9092
      vertex 13.1228 9.94643 12.6795
    endloop
  endfacet
  facet normal 0.0389072 0.051952 0.997891
    outer loop
      vertex 10.6829 7.35719 12.9092
      vertex 7.28783 7.5833 13.0298
      vertex 10.2002 7.0733 12.9428
    endloop
  endfacet
  facet normal 0.0388943 0.0518644 0.997896
    outer loop
      vertex 7.28783 2.60579 13.2885
      vertex 8.82962 4.52612 13.1286
      vertex 7.28783 7.5833 13.0298
    endloop
  endfacet
  facet normal 0.038844 0.0518392 0.9979
    outer loop
      vertex 8.94795 5.17665 13.0902
      vertex 7.28783 7.5833 13.0298
      vertex 8.82962 4.52612 13.1286
    endloop
  endfacet
  facet normal 0.0389522 0.0519136 0.997892
    outer loop
      vertex 9.14517 5.75719 13.0523
      vertex 7.28783 7.5833 13.0298
      vertex 8.94795 5.17665 13.0902
    endloop
  endfacet
  facet normal 0.0389049 0.0518656 0.997896
    outer loop
      vertex 9.42128 6.26773 13.015
      vertex 7.28783 7.5833 13.0298
      vertex 9.14517 5.75719 13.0523
    endloop
  endfacet
  facet normal 0.0388687 0.0518069 0.9979
    outer loop
      vertex 9.77628 6.7083 12.9783
      vertex 7.28783 7.5833 13.0298
      vertex 9.42128 6.26773 13.015
    endloop
  endfacet
  facet normal 0.038895 0.0518819 0.997896
    outer loop
      vertex 10.2002 7.0733 12.9428
      vertex 7.28783 7.5833 13.0298
      vertex 9.77628 6.7083 12.9783
    endloop
  endfacet
  facet normal 0.0388894 0.051899 0.997895
    outer loop
      vertex 13.1228 9.94643 12.6795
      vertex 5.53783 7.5833 13.098
      vertex 7.28783 7.5833 13.0298
    endloop
  endfacet
  facet normal 0.0389319 0.0518351 0.997897
    outer loop
      vertex 4.97452 7.01109 13.1497
      vertex 5.37123 6.6111 13.155
      vertex 5.53783 7.5833 13.098
    endloop
  endfacet
  facet normal 0.0394831 0.0523812 0.997846
    outer loop
      vertex 5.37123 6.6111 13.155
      vertex 4.97452 7.01109 13.1497
      vertex 5.31563 6.6111 13.1572
    endloop
  endfacet
  facet normal 0.0388522 0.0519134 0.997896
    outer loop
      vertex 5.53783 7.5833 13.098
      vertex 4.58452 7.32219 13.1487
      vertex 4.97452 7.01109 13.1497
    endloop
  endfacet
  facet normal 0.0389112 0.0518295 0.997898
    outer loop
      vertex 3.65787 7.67775 13.1664
      vertex 5.53783 7.5833 13.098
      vertex 13.1228 9.94643 12.6795
    endloop
  endfacet
  facet normal 0.038911 0.0517004 0.997904
    outer loop
      vertex 5.53783 7.5833 13.098
      vertex 4.14563 7.54442 13.1543
      vertex 4.58452 7.32219 13.1487
    endloop
  endfacet
  facet normal 0.0389087 0.0517776 0.9979
    outer loop
      vertex 5.53783 7.5833 13.098
      vertex 3.65787 7.67775 13.1664
      vertex 4.14563 7.54442 13.1543
    endloop
  endfacet
  facet normal 0.0388881 0.0519251 0.997894
    outer loop
      vertex 13.1228 9.94643 12.6795
      vertex 3.12123 7.7222 13.185
      vertex 3.65787 7.67775 13.1664
    endloop
  endfacet
  facet normal 0.0388966 0.051887 0.997895
    outer loop
      vertex -5.63366 10.3715 13.3885
      vertex 3.12123 7.7222 13.185
      vertex 13.1228 9.94643 12.6795
    endloop
  endfacet
  facet normal 0.038849 0.0517917 0.997902
    outer loop
      vertex 0.98233 6.6805 13.3225
      vertex -5.63366 10.3715 13.3885
      vertex 0.85307 6.47303 13.3383
    endloop
  endfacet
  facet normal 0.0388648 0.05182 0.9979
    outer loop
      vertex 1.31679 7.05551 13.29
      vertex -5.63366 10.3715 13.3885
      vertex 0.98233 6.6805 13.3225
    endloop
  endfacet
  facet normal 0.0388753 0.0518421 0.997898
    outer loop
      vertex 1.69791 7.34718 13.26
      vertex -5.63366 10.3715 13.3885
      vertex 1.31679 7.05551 13.29
    endloop
  endfacet
  facet normal 0.0388868 0.0518701 0.997896
    outer loop
      vertex 2.12569 7.55553 13.2325
      vertex -5.63366 10.3715 13.3885
      vertex 1.69791 7.34718 13.26
    endloop
  endfacet
  facet normal 0.038904 0.0519177 0.997893
    outer loop
      vertex 2.60013 7.68053 13.2075
      vertex -5.63366 10.3715 13.3885
      vertex 2.12569 7.55553 13.2325
    endloop
  endfacet
  facet normal 0.038929 0.0519943 0.997888
    outer loop
      vertex 3.12123 7.7222 13.185
      vertex -5.63366 10.3715 13.3885
      vertex 2.60013 7.68053 13.2075
    endloop
  endfacet
  facet normal 0.0388681 0.0518854 0.997896
    outer loop
      vertex 8.82962 4.52612 13.1286
      vertex 7.28783 2.60579 13.2885
      vertex 8.79018 3.80559 13.1676
    endloop
  endfacet
  facet normal 0.0387991 0.0519717 0.997895
    outer loop
      vertex 8.79018 3.80559 13.1676
      vertex 7.28783 2.60579 13.2885
      vertex 8.80907 3.31531 13.1924
    endloop
  endfacet
  facet normal 0.0389342 0.0516833 0.997904
    outer loop
      vertex 8.80907 3.31531 13.1924
      vertex 7.28783 2.60579 13.2885
      vertex 8.86572 2.85558 13.214
    endloop
  endfacet
  facet normal 0.0389005 0.0519125 0.997894
    outer loop
      vertex 9.46542 1.32387 13.2703
      vertex 7.28783 2.60579 13.2885
      vertex 9.5035 1.27419 13.2714
    endloop
  endfacet
  facet normal 0.0390217 0.0521186 0.997878
    outer loop
      vertex 9.26237 1.6597 13.2607
      vertex 7.28783 2.60579 13.2885
      vertex 9.46542 1.32387 13.2703
    endloop
  endfacet
  facet normal 0.0388939 0.0518513 0.997897
    outer loop
      vertex 9.09239 2.02777 13.2482
      vertex 7.28783 2.60579 13.2885
      vertex 9.26237 1.6597 13.2607
    endloop
  endfacet
  facet normal 0.0388412 0.0516862 0.997908
    outer loop
      vertex 8.96017 2.42639 13.2327
      vertex 7.28783 2.60579 13.2885
      vertex 9.09239 2.02777 13.2482
    endloop
  endfacet
  facet normal 0.0388779 0.0520341 0.997888
    outer loop
      vertex 8.86572 2.85558 13.214
      vertex 7.28783 2.60579 13.2885
      vertex 8.96017 2.42639 13.2327
    endloop
  endfacet
  facet normal 0.0389261 0.0519184 0.997892
    outer loop
      vertex 13.0977 -0.0977783 13.2026
      vertex 13.4214 -1.08046 13.2411
      vertex 13.3932 -0.0367909 13.1879
    endloop
  endfacet
  facet normal 0.0389597 0.0519294 0.997891
    outer loop
      vertex 12.443 -0.138885 13.2303
      vertex 13.4214 -1.08046 13.2411
      vertex 13.0977 -0.0977783 13.2026
    endloop
  endfacet
  facet normal 0.0387713 0.0517338 0.997908
    outer loop
      vertex 12.0299 -0.12056 13.2454
      vertex 13.4214 -1.08046 13.2411
      vertex 12.443 -0.138885 13.2303
    endloop
  endfacet
  facet normal 0.0389239 0.0519551 0.997891
    outer loop
      vertex 13.4214 -1.08046 13.2411
      vertex 12.0299 -0.12056 13.2454
      vertex 11.7622 -0.0832612 13.2539
    endloop
  endfacet
  facet normal 0.038903 0.0518712 0.997896
    outer loop
      vertex 10.9013 3.80559 13.0853
      vertex 13.344 1.77736 13.0955
      vertex 13.2329 5.87949 12.8866
    endloop
  endfacet
  facet normal 0.0389471 0.0519244 0.997891
    outer loop
      vertex 10.916 3.37753 13.107
      vertex 13.344 1.77736 13.0955
      vertex 10.9013 3.80559 13.0853
    endloop
  endfacet
  facet normal 0.0387765 0.0514835 0.997921
    outer loop
      vertex 12.7716 6.0331 12.8966
      vertex 13.2329 5.87949 12.8866
      vertex 13.0491 5.96559 12.8893
    endloop
  endfacet
  facet normal 0.0388275 0.0517429 0.997905
    outer loop
      vertex 10.9602 2.99336 13.1252
      vertex 13.344 1.77736 13.0955
      vertex 10.916 3.37753 13.107
    endloop
  endfacet
  facet normal 0.0389068 0.0518764 0.997895
    outer loop
      vertex 13.2329 5.87949 12.8866
      vertex 12.7716 6.0331 12.8966
      vertex 11.0338 4.95309 13.0205
    endloop
  endfacet
  facet normal 0.0390286 0.0521376 0.997877
    outer loop
      vertex 11.0338 2.65309 13.1401
      vertex 13.344 1.77736 13.0955
      vertex 10.9602 2.99336 13.1252
    endloop
  endfacet
  facet normal 0.038905 0.0518793 0.997895
    outer loop
      vertex 11.0338 4.95309 13.0205
      vertex 12.7716 6.0331 12.8966
      vertex 12.4569 6.05559 12.9077
    endloop
  endfacet
  facet normal 0.0389648 0.0519688 0.997888
    outer loop
      vertex 12.7805 1.55084 13.1293
      vertex 13.344 1.77736 13.0955
      vertex 11.0338 2.65309 13.1401
    endloop
  endfacet
  facet normal 0.0390951 0.0515978 0.997902
    outer loop
      vertex 11.1368 5.24559 13.0013
      vertex 12.4569 6.05559 12.9077
      vertex 12.1471 6.0331 12.921
    endloop
  endfacet
  facet normal 0.0391067 0.0516177 0.997901
    outer loop
      vertex 13.0541 1.62001 13.115
      vertex 13.344 1.77736 13.0955
      vertex 12.7805 1.55084 13.1293
    endloop
  endfacet
  facet normal 0.0385096 0.0523473 0.997886
    outer loop
      vertex 11.1368 5.24559 13.0013
      vertex 12.1471 6.0331 12.921
      vertex 11.8735 5.96559 12.9351
    endloop
  endfacet
  facet normal 0.036449 0.0564939 0.997737
    outer loop
      vertex 13.344 1.77736 13.0955
      vertex 13.0541 1.62001 13.115
      vertex 13.2915 1.73529 13.0998
    endloop
  endfacet
  facet normal 0.0388705 0.0518799 0.997897
    outer loop
      vertex 11.2693 5.49309 12.9832
      vertex 11.8735 5.96559 12.9351
      vertex 11.636 5.85309 12.9502
    endloop
  endfacet
  facet normal 0.038697 0.0515441 0.997921
    outer loop
      vertex 12.7805 1.55084 13.1293
      vertex 11.0338 2.65309 13.1401
      vertex 12.4708 1.52779 13.1425
    endloop
  endfacet
  facet normal 0.0404952 0.0502269 0.997917
    outer loop
      vertex 11.2693 5.49309 12.9832
      vertex 11.636 5.85309 12.9502
      vertex 11.4346 5.69559 12.9663
    endloop
  endfacet
  facet normal 0.0384825 0.0523749 0.997886
    outer loop
      vertex 11.8735 5.96559 12.9351
      vertex 11.2693 5.49309 12.9832
      vertex 11.1368 5.24559 13.0013
    endloop
  endfacet
  facet normal 0.0386414 0.0514731 0.997927
    outer loop
      vertex 11.1368 2.35669 13.1514
      vertex 12.4708 1.52779 13.1425
      vertex 11.0338 2.65309 13.1401
    endloop
  endfacet
  facet normal 0.0389863 0.0517745 0.997898
    outer loop
      vertex 12.4569 6.05559 12.9077
      vertex 11.1368 5.24559 13.0013
      vertex 11.0338 4.95309 13.0205
    endloop
  endfacet
  facet normal 0.0389967 0.0520453 0.997883
    outer loop
      vertex 12.4708 1.52779 13.1425
      vertex 11.1368 2.35669 13.1514
      vertex 12.156 1.55084 13.1536
    endloop
  endfacet
  facet normal 0.0389271 0.0518283 0.997897
    outer loop
      vertex 13.2329 5.87949 12.8866
      vertex 11.0338 4.95309 13.0205
      vertex 10.9602 4.61559 13.0409
    endloop
  endfacet
  facet normal 0.0388036 0.0518012 0.997903
    outer loop
      vertex 12.156 1.55084 13.1536
      vertex 11.1368 2.35669 13.1514
      vertex 11.8785 1.62001 13.1608
    endloop
  endfacet
  facet normal 0.0389121 0.0518553 0.997896
    outer loop
      vertex 13.2329 5.87949 12.8866
      vertex 10.9602 4.61559 13.0409
      vertex 10.916 4.23309 13.0625
    endloop
  endfacet
  facet normal 0.0388918 0.0518838 0.997896
    outer loop
      vertex 13.2329 5.87949 12.8866
      vertex 10.916 4.23309 13.0625
      vertex 10.9013 3.80559 13.0853
    endloop
  endfacet
  facet normal 0.0391711 0.0521708 0.99787
    outer loop
      vertex 11.2693 2.10419 13.1594
      vertex 11.8785 1.62001 13.1608
      vertex 11.1368 2.35669 13.1514
    endloop
  endfacet
  facet normal 0.0391104 0.0520944 0.997876
    outer loop
      vertex 11.8785 1.62001 13.1608
      vertex 11.2693 2.10419 13.1594
      vertex 11.6382 1.73529 13.1642
    endloop
  endfacet
  facet normal 0.0382803 0.0512653 0.997951
    outer loop
      vertex 11.6382 1.73529 13.1642
      vertex 11.2693 2.10419 13.1594
      vertex 11.4351 1.89668 13.1637
    endloop
  endfacet
  facet normal 0.0388812 0.0518028 0.9979
    outer loop
      vertex 2.65812 5.38821 13.3244
      vertex 5.34233 4.22499 13.2802
      vertex 5.29733 4.63055 13.2609
    endloop
  endfacet
  facet normal 0.0389267 0.0519624 0.99789
    outer loop
      vertex 2.65812 5.38821 13.3244
      vertex 5.29733 4.63055 13.2609
      vertex 5.22234 4.98055 13.2456
    endloop
  endfacet
  facet normal 0.0388183 0.0518015 0.997903
    outer loop
      vertex 4.08896 6.02058 13.2357
      vertex 5.22234 4.98055 13.2456
      vertex 5.11734 5.27499 13.2344
    endloop
  endfacet
  facet normal 0.0393202 0.0522946 0.997857
    outer loop
      vertex 4.36731 5.95724 13.2282
      vertex 5.11734 5.27499 13.2344
      vertex 4.98233 5.51389 13.2272
    endloop
  endfacet
  facet normal 0.0390608 0.0519348 0.997886
    outer loop
      vertex 4.36731 5.95724 13.2282
      vertex 4.98233 5.51389 13.2272
      vertex 4.814 5.7039 13.2239
    endloop
  endfacet
  facet normal 0.0396618 0.0529959 0.997807
    outer loop
      vertex 4.36731 5.95724 13.2282
      vertex 4.814 5.7039 13.2239
      vertex 4.60899 5.85168 13.2242
    endloop
  endfacet
  facet normal 0.0386113 0.051516 0.997925
    outer loop
      vertex 5.11734 5.27499 13.2344
      vertex 4.36731 5.95724 13.2282
      vertex 4.08896 6.02058 13.2357
    endloop
  endfacet
  facet normal 0.0389186 0.0519107 0.997893
    outer loop
      vertex 5.22234 4.98055 13.2456
      vertex 4.08896 6.02058 13.2357
      vertex 2.65812 5.38821 13.3244
    endloop
  endfacet
  facet normal 0.038951 0.0518379 0.997896
    outer loop
      vertex 2.65812 5.38821 13.3244
      vertex 4.08896 6.02058 13.2357
      vertex 3.77393 6.04169 13.2469
    endloop
  endfacet
  facet normal 0.0388069 0.052083 0.997888
    outer loop
      vertex 2.65812 5.38821 13.3244
      vertex 3.77393 6.04169 13.2469
      vertex 3.24895 5.95003 13.2721
    endloop
  endfacet
  facet normal 0.0385285 0.0523754 0.997884
    outer loop
      vertex 2.65812 5.38821 13.3244
      vertex 3.24895 5.95003 13.2721
      vertex 2.84062 5.67502 13.3023
    endloop
  endfacet
  facet normal 0.0389351 0.0519276 0.997892
    outer loop
      vertex 5.34233 4.22499 13.2802
      vertex 2.65812 5.38821 13.3244
      vertex 5.35726 3.76604 13.3035
    endloop
  endfacet
  facet normal 0.583887 0.186328 0.790163
    outer loop
      vertex 39.0651 4.02753 3.8442
      vertex 37.6066 5.74337 4.51734
      vertex 38.2836 3.62189 4.51734
    endloop
  endfacet
  facet normal 0.559819 -0.671517 0.485457
    outer loop
      vertex 33.1036 -10.3921 5.42328
      vertex 31.7365 -11.5318 5.42328
      vertex 33.6127 -10.5519 4.61515
    endloop
  endfacet
  facet normal 0.23931 -0.525161 -0.816662
    outer loop
      vertex 20.1523 -17.471 1.85066
      vertex 16.4288 -20.1538 2.48474
      vertex 16.6091 -19.0856 1.85066
    endloop
  endfacet
  facet normal -0.273284 -0.132372 0.952782
    outer loop
      vertex -18.9613 0 11.5498
      vertex -14.1488 -13.471 11.0586
      vertex -18.9613 0.821264 11.6639
    endloop
  endfacet
  facet normal -0.273227 -0.132352 0.952801
    outer loop
      vertex -14.1488 -13.471 11.0586
      vertex -18.9613 0 11.5498
      vertex -20.8988 0 10.9942
    endloop
  endfacet
  facet normal -0.273182 -0.132349 0.952815
    outer loop
      vertex -22.0059 6.02779 11.514
      vertex -21.0307 0.263328 10.9929
      vertex -21.0307 6.02779 11.7936
    endloop
  endfacet
  facet normal -0.273231 -0.132356 0.952799
    outer loop
      vertex -21.0307 0.263328 10.9929
      vertex -22.0059 6.02779 11.514
      vertex -23.6946 5.57976 10.9675
    endloop
  endfacet
  facet normal 0.114401 0.566404 -0.816149
    outer loop
      vertex -0.827025 21.7957 1.97563
      vertex -3.81893 22.4 1.97563
      vertex -3.29709 23.0658 2.51084
    endloop
  endfacet
  facet normal 0.248289 -0.16847 -0.953924
    outer loop
      vertex 30.655 -9.62337 1.53671
      vertex 28.8096 -9.04406 0.954075
      vertex 29.3914 -8.18661 0.954075
    endloop
  endfacet
  facet normal 0.344873 0.0656944 0.936347
    outer loop
      vertex 28.762 5.81385 9.95578
      vertex 27.3664 -1.35966 10.9731
      vertex 28.88 5.19439 9.95578
    endloop
  endfacet
  facet normal 0.0821652 -0.493834 0.865665
    outer loop
      vertex -4.81348 -9.98061 12.7335
      vertex -8.51606 -11.8884 11.9966
      vertex 9.90022 -20.8235 5.15142
    endloop
  endfacet
  facet normal 0.254235 -0.00139763 0.967142
    outer loop
      vertex 24.8123 0.421953 11.6471
      vertex 24.8077 -0.414806 11.6471
      vertex 27.3603 -2.48575 10.9731
    endloop
  endfacet
  facet normal -0.493481 0.527848 -0.691269
    outer loop
      vertex -30.6317 10.4195 1.97563
      vertex -32.6939 7.66733 1.34625
      vertex -31.1814 10.6065 2.51084
    endloop
  endfacet
  facet normal 0.28916 -0.53366 0.794729
    outer loop
      vertex 30.6876 -8.53209 7.98552
      vertex 29.6479 -7.42621 9.10641
      vertex 30.8449 -11.1289 6.18453
    endloop
  endfacet
  facet normal -0.484869 0.541145 0.687069
    outer loop
      vertex -27.6503 13.7704 3.05654
      vertex -30.6317 10.4195 3.59176
      vertex -27.2363 13.4618 3.59176
    endloop
  endfacet
  facet normal 0.265493 0.22409 0.937709
    outer loop
      vertex 28.762 5.81385 9.95578
      vertex 22.0609 7.5833 11.4302
      vertex 25.9381 4.54472 11.0586
    endloop
  endfacet
  facet normal 0.265188 0.223732 0.93788
    outer loop
      vertex 22.0609 7.5833 11.4302
      vertex 19.9359 9.19449 11.6467
      vertex 21.9403 7.5833 11.4643
    endloop
  endfacet
  facet normal 0.265511 0.224185 0.937681
    outer loop
      vertex 28.762 5.81385 9.95578
      vertex 19.9359 9.19449 11.6467
      vertex 22.0609 7.5833 11.4302
    endloop
  endfacet
  facet normal 0.265677 0.224371 0.937589
    outer loop
      vertex 19.9359 9.19449 11.6467
      vertex 17.0583 11.2939 11.9597
      vertex 19.8205 9.19449 11.6794
    endloop
  endfacet
  facet normal 0.265478 0.224079 0.937715
    outer loop
      vertex 17.0583 11.2939 11.9597
      vertex 19.9359 9.19449 11.6467
      vertex 28.762 5.81385 9.95578
    endloop
  endfacet
  facet normal 0.265429 0.224004 0.937747
    outer loop
      vertex 25.9381 4.54472 11.0586
      vertex 22.0609 7.5833 11.4302
      vertex 22.0609 7.49162 11.4521
    endloop
  endfacet
  facet normal 0.2657 0.224403 0.937575
    outer loop
      vertex 21.9403 7.5833 11.4643
      vertex 19.9359 9.19449 11.6467
      vertex 19.9359 9.10675 11.6677
    endloop
  endfacet
  facet normal 0.507083 0.0583767 0.859918
    outer loop
      vertex 38.2836 3.62189 4.51734
      vertex 28.88 5.19439 9.95578
      vertex 29.5386 -2.87481 10.1152
    endloop
  endfacet
  facet normal 0.560873 -0.0166373 0.827735
    outer loop
      vertex 38.2836 3.62189 4.51734
      vertex 31.2366 -5.63072 9.10641
      vertex 38.2091 1.11036 4.51734
    endloop
  endfacet
  facet normal 0.104374 0.584351 0.80476
    outer loop
      vertex 8.65263 18.3915 9.10641
      vertex 6.72223 18.7363 9.10641
      vertex 9.73601 16.8087 10.1152
    endloop
  endfacet
  facet normal 0.000106796 -0.000231246 -1
    outer loop
      vertex 3.03773 6.80716 0.00819016
      vertex -23.2762 -1.00687 0.00718689
      vertex -23.0615 -0.907715 0.00718689
    endloop
  endfacet
  facet normal 0.583899 0.186343 -0.790151
    outer loop
      vertex 39.0651 4.02753 3.15788
      vertex 37.6066 5.74337 2.48474
      vertex 38.361 6.2338 3.15788
    endloop
  endfacet
  facet normal -0.353743 -0.162877 0.921052
    outer loop
      vertex -23.6946 5.57976 10.9675
      vertex -36.9679 -7.3018 3.59176
      vertex -16.9728 -14.7401 9.95578
    endloop
  endfacet
  facet normal -0.388267 -0.297464 0.872218
    outer loop
      vertex -36.9679 -7.3018 3.59176
      vertex -37.7709 -7.82304 3.05654
      vertex -16.9728 -14.7401 9.95578
    endloop
  endfacet
  facet normal -0.0562694 -0.249822 0.966655
    outer loop
      vertex -6.32825 -9.9563 12.7335
      vertex -9.83762 -12.0172 11.9966
      vertex -5.79548 -10.0763 12.7335
    endloop
  endfacet
  facet normal -0.196674 -0.187824 -0.962311
    outer loop
      vertex -31.647 -6.83926 0.788963
      vertex -35.3008 -9.09316 1.97563
      vertex -33.041 -5.37958 0.788963
    endloop
  endfacet
  facet normal 0.366136 -0.00198335 0.930559
    outer loop
      vertex 27.3664 -1.35966 10.9731
      vertex 27.3603 -2.48575 10.9731
      vertex 29.5386 -2.87481 10.1152
    endloop
  endfacet
  facet normal 0.0639035 -0.342463 -0.937356
    outer loop
      vertex 13.8367 -18.527 1.28
      vertex 9.90022 -20.8235 1.85066
      vertex 10.9905 -19.0581 1.28
    endloop
  endfacet
  facet normal -0.0468102 -0.0165773 -0.998766
    outer loop
      vertex -29.2723 -1.99322 0.176237
      vertex -29.6145 -1.02693 0.176237
      vertex -27.1521 -1.23412 0.0642681
    endloop
  endfacet
  facet normal 0.208481 -0.357336 -0.91041
    outer loop
      vertex 20.1523 -17.471 1.85066
      vertex 19.9766 -16.1196 1.28
      vertex 23.0342 -14.3357 1.28
    endloop
  endfacet
  facet normal 0.559819 -0.671517 -0.485457
    outer loop
      vertex 33.6127 -10.5519 3.79118
      vertex 31.7365 -11.5318 2.98305
      vertex 33.1036 -10.3921 2.98305
    endloop
  endfacet
  facet normal 0.827491 -0.561479 0
    outer loop
      vertex 33.6127 -10.5519 4.61515
      vertex 34.5254 -9.20679 3.79118
      vertex 34.5254 -9.20679 4.61515
    endloop
  endfacet
  facet normal 0.827491 -0.561479 0
    outer loop
      vertex 34.5254 -9.20679 3.79118
      vertex 33.6127 -10.5519 4.61515
      vertex 33.6127 -10.5519 3.79118
    endloop
  endfacet
  facet normal 0.628465 -0.127703 0.767283
    outer loop
      vertex 38.2091 1.11036 4.51734
      vertex 31.2366 -5.63072 9.10641
      vertex 32.4114 -6.58387 7.98552
    endloop
  endfacet
  facet normal 0.504118 0.428508 0.749831
    outer loop
      vertex 36.9025 7.94965 3.8442
      vertex 30.7072 6.68804 8.73033
      vertex 38.361 6.2338 3.8442
    endloop
  endfacet
  facet normal 0.00948129 0.19314 0.981125
    outer loop
      vertex -2.28321 11.5361 13.1319
      vertex -5.70336 10.4005 13.3885
      vertex -1.85339 11.515 13.1319
    endloop
  endfacet
  facet normal -0.204382 -0.110008 0.97269
    outer loop
      vertex -18.9613 0.821264 11.6639
      vertex -10.5546 -11.8557 11.9966
      vertex -18.9613 3.0468 11.9156
    endloop
  endfacet
  facet normal -0.204402 -0.110021 0.972685
    outer loop
      vertex -10.5546 -11.8557 11.9966
      vertex -18.9613 0.821264 11.6639
      vertex -14.1488 -13.471 11.0586
    endloop
  endfacet
  facet normal 0.1288 -0.320472 0.93846
    outer loop
      vertex 5.21538 -5.12234 13.4998
      vertex 3.88298 -6.41541 13.2411
      vertex 28.1385 -5.82071 10.1152
    endloop
  endfacet
  facet normal -0.320483 0.0546089 0.945679
    outer loop
      vertex -23.6284 5.97156 10.9675
      vertex -22.1696 6.1443 11.4519
      vertex -22.1696 6.3244 11.4415
    endloop
  endfacet
  facet normal -0.320441 0.0541429 0.94572
    outer loop
      vertex -22.1696 6.1443 11.4519
      vertex -23.6284 5.97156 10.9675
      vertex -23.6946 5.57976 10.9675
    endloop
  endfacet
  facet normal 0.3255 -0.623225 0.711084
    outer loop
      vertex 30.8449 -11.1289 6.18453
      vertex 29.1822 -11.9973 6.18453
      vertex 31.7365 -11.5318 5.42328
    endloop
  endfacet
  facet normal -0.241557 0.1492 -0.958848
    outer loop
      vertex -34.0939 3.66373 0.788963
      vertex -34.9735 3.97686 1.05928
      vertex -33.0641 5.33099 0.788963
    endloop
  endfacet
  facet normal -0.36987 -0.144394 0.917794
    outer loop
      vertex -23.6946 5.57976 10.9675
      vertex -37.8629 -5.00922 3.59176
      vertex -36.9679 -7.3018 3.59176
    endloop
  endfacet
  facet normal -0.373531 0.469975 0.799749
    outer loop
      vertex -22.1696 6.45594 11.3642
      vertex -23.6284 5.97156 10.9675
      vertex -22.1696 6.3244 11.4415
    endloop
  endfacet
  facet normal -0.504153 0.448552 0.737991
    outer loop
      vertex -30.6317 10.4195 3.59176
      vertex -33.4984 7.19745 3.59176
      vertex -25.8774 5.42762 9.8737
    endloop
  endfacet
  facet normal 0.0329794 0.0420775 0.99857
    outer loop
      vertex 0.484543 5.71609 13.3823
      vertex -1.29779 6.15191 13.4228
      vertex 0.328979 5.13556 13.4119
    endloop
  endfacet
  facet normal 0.0329396 0.0419138 0.998578
    outer loop
      vertex 0.702332 6.23108 13.3535
      vertex -1.29779 6.15191 13.4228
      vertex 0.484543 5.71609 13.3823
    endloop
  endfacet
  facet normal 0.032939 0.0419274 0.998578
    outer loop
      vertex -1.29779 6.15191 13.4228
      vertex 0.702332 6.23108 13.3535
      vertex -1.29779 7.5833 13.3627
    endloop
  endfacet
  facet normal 0.033074 0.0421272 0.998565
    outer loop
      vertex 0.85307 6.47303 13.3383
      vertex -1.29779 7.5833 13.3627
      vertex 0.702332 6.23108 13.3535
    endloop
  endfacet
  facet normal 0.0329276 0.0419649 0.998576
    outer loop
      vertex -1.29779 7.5833 13.3627
      vertex -5.63366 10.3715 13.3885
      vertex -2.76862 7.5833 13.4112
    endloop
  endfacet
  facet normal 0.0332447 0.0424582 0.998545
    outer loop
      vertex -5.63366 10.3715 13.3885
      vertex -1.29779 7.5833 13.3627
      vertex 0.85307 6.47303 13.3383
    endloop
  endfacet
  facet normal 0.0328527 0.0418745 0.998583
    outer loop
      vertex 0.328979 5.13556 13.4119
      vertex -1.29779 6.15191 13.4228
      vertex 0.257192 4.63863 13.4351
    endloop
  endfacet
  facet normal 0.0334978 0.0429188 0.998517
    outer loop
      vertex 11.6352 -0.065567 13.2574
      vertex 13.4214 -1.08046 13.2411
      vertex 11.7622 -0.0832612 13.2539
    endloop
  endfacet
  facet normal 0.0328048 0.0421176 0.998574
    outer loop
      vertex 8.43611 -3.32095 13.4998
      vertex 11.6352 -0.065567 13.2574
      vertex 11.2588 0.0260773 13.2659
    endloop
  endfacet
  facet normal 0.0329084 0.0420303 0.998574
    outer loop
      vertex 8.43611 -3.32095 13.4998
      vertex 11.2588 0.0260773 13.2659
      vertex 10.9007 0.154404 13.2723
    endloop
  endfacet
  facet normal 0.0330169 0.0419532 0.998574
    outer loop
      vertex 8.43611 -3.32095 13.4998
      vertex 10.9007 0.154404 13.2723
      vertex 10.561 0.319397 13.2766
    endloop
  endfacet
  facet normal 0.0329578 0.0419674 0.998575
    outer loop
      vertex 11.6352 -0.065567 13.2574
      vertex 8.43611 -3.32095 13.4998
      vertex 13.4214 -1.08046 13.2411
    endloop
  endfacet
  facet normal 0.0329106 0.0420154 0.998575
    outer loop
      vertex 10.2446 0.519699 13.2786
      vertex 8.43611 -3.32095 13.4998
      vertex 10.561 0.319397 13.2766
    endloop
  endfacet
  facet normal 0.0330211 0.0418997 0.998576
    outer loop
      vertex 7.2495 -0.632782 13.426
      vertex 10.2446 0.519699 13.2786
      vertex 9.95653 0.753876 13.2783
    endloop
  endfacet
  facet normal 0.0329679 0.0420011 0.998573
    outer loop
      vertex 7.28783 -0.0138855 13.3987
      vertex 9.95653 0.753876 13.2783
      vertex 9.69681 1.02193 13.2756
    endloop
  endfacet
  facet normal 0.0330041 0.0419172 0.998576
    outer loop
      vertex 7.28783 -0.0138855 13.3987
      vertex 9.69681 1.02193 13.2756
      vertex 9.5035 1.27419 13.2714
    endloop
  endfacet
  facet normal 0.0329522 0.0420063 0.998574
    outer loop
      vertex 7.28783 -0.0138855 13.3987
      vertex 9.5035 1.27419 13.2714
      vertex 7.28783 2.60579 13.2885
    endloop
  endfacet
  facet normal 0.0329664 0.0420061 0.998573
    outer loop
      vertex 9.95653 0.753876 13.2783
      vertex 7.28783 -0.0138855 13.3987
      vertex 7.2495 -0.632782 13.426
    endloop
  endfacet
  facet normal 0.0329907 0.0419784 0.998574
    outer loop
      vertex 7.13451 -1.18944 13.4532
      vertex 10.2446 0.519699 13.2786
      vertex 7.2495 -0.632782 13.426
    endloop
  endfacet
  facet normal 0.0329913 0.0419773 0.998574
    outer loop
      vertex 10.2446 0.519699 13.2786
      vertex 7.13451 -1.18944 13.4532
      vertex 8.43611 -3.32095 13.4998
    endloop
  endfacet
  facet normal 0.0329562 0.0419559 0.998576
    outer loop
      vertex 6.94284 -1.68388 13.4803
      vertex 8.43611 -3.32095 13.4998
      vertex 7.13451 -1.18944 13.4532
    endloop
  endfacet
  facet normal 0.0331669 0.0421479 0.998561
    outer loop
      vertex 8.43611 -3.32095 13.4998
      vertex 6.94284 -1.68388 13.4803
      vertex 6.8717 -1.79848 13.4875
    endloop
  endfacet
  facet normal 0.0329327 0.0475061 0.998328
    outer loop
      vertex 2.31563 3.75 13.4046
      vertex 5.35733 3.76389 13.3036
      vertex 5.35726 3.76604 13.3035
    endloop
  endfacet
  facet normal 0.0329663 0.0419402 0.998576
    outer loop
      vertex 5.35733 3.76389 13.3036
      vertex 2.31563 3.75 13.4046
      vertex 5.35733 3.51389 13.3141
    endloop
  endfacet
  facet normal 0.0329641 0.0420057 0.998573
    outer loop
      vertex 5.35733 3.51389 13.3141
      vertex 2.37508 2.93498 13.4369
      vertex 5.34206 3.09084 13.3324
    endloop
  endfacet
  facet normal 0.0329704 0.0418887 0.998578
    outer loop
      vertex 5.34206 3.09084 13.3324
      vertex 2.37508 2.93498 13.4369
      vertex 5.29622 2.72166 13.3494
    endloop
  endfacet
  facet normal 0.0329742 0.0419411 0.998576
    outer loop
      vertex 2.51355 2.44279 13.453
      vertex 5.29622 2.72166 13.3494
      vertex 2.37508 2.93498 13.4369
    endloop
  endfacet
  facet normal 0.0329715 0.0419679 0.998575
    outer loop
      vertex 4.10202 1.50415 13.44
      vertex 5.29622 2.72166 13.3494
      vertex 2.51355 2.44279 13.453
    endloop
  endfacet
  facet normal 0.0329343 0.0419838 0.998575
    outer loop
      vertex 4.36952 1.55832 13.4289
      vertex 5.21982 2.40639 13.3652
      vertex 4.10202 1.50415 13.44
    endloop
  endfacet
  facet normal 0.0330517 0.0418662 0.998576
    outer loop
      vertex 5.21982 2.40639 13.3652
      vertex 4.36952 1.55832 13.4289
      vertex 5.11285 2.14499 13.3797
    endloop
  endfacet
  facet normal 0.0326039 0.0424328 0.998567
    outer loop
      vertex 4.60425 1.64859 13.4174
      vertex 5.11285 2.14499 13.3797
      vertex 4.36952 1.55832 13.4289
    endloop
  endfacet
  facet normal 0.033425 0.0414042 0.998583
    outer loop
      vertex 4.97533 1.9375 13.393
      vertex 4.60425 1.64859 13.4174
      vertex 4.80618 1.77499 13.4054
    endloop
  endfacet
  facet normal 0.0326989 0.0423356 0.998568
    outer loop
      vertex 5.11285 2.14499 13.3797
      vertex 4.60425 1.64859 13.4174
      vertex 4.97533 1.9375 13.393
    endloop
  endfacet
  facet normal 0.0330505 0.0421017 0.998567
    outer loop
      vertex 4.10202 1.50415 13.44
      vertex 2.51355 2.44279 13.453
      vertex 3.80173 1.4861 13.4507
    endloop
  endfacet
  facet normal 0.0329211 0.0419121 0.998579
    outer loop
      vertex 2.37396 4.575 13.3679
      vertex 5.35726 3.76604 13.3035
      vertex 2.65812 5.38821 13.3244
    endloop
  endfacet
  facet normal 0.0329559 0.0418999 0.998578
    outer loop
      vertex 2.37396 4.575 13.3679
      vertex 2.65812 5.38821 13.3244
      vertex 2.54897 5.21667 13.3352
    endloop
  endfacet
  facet normal 0.0329693 0.0420902 0.99857
    outer loop
      vertex 2.31563 3.75 13.4046
      vertex 5.35726 3.76604 13.3035
      vertex 2.37396 4.575 13.3679
    endloop
  endfacet
  facet normal 0.0328544 0.0420826 0.998574
    outer loop
      vertex 5.29622 2.72166 13.3494
      vertex 4.10202 1.50415 13.44
      vertex 5.21982 2.40639 13.3652
    endloop
  endfacet
  facet normal 0.0329693 0.0419793 0.998574
    outer loop
      vertex 5.35733 3.51389 13.3141
      vertex 2.31563 3.75 13.4046
      vertex 2.37508 2.93498 13.4369
    endloop
  endfacet
  facet normal 0.033086 0.0421495 0.998563
    outer loop
      vertex 3.80173 1.4861 13.4507
      vertex 2.51355 2.44279 13.453
      vertex 3.43236 1.54861 13.4603
    endloop
  endfacet
  facet normal 0.032386 0.042595 0.998567
    outer loop
      vertex 5.21843 0.986099 13.4249
      vertex 5.26813 0.906113 13.4267
      vertex 5.27393 0.986099 13.4231
    endloop
  endfacet
  facet normal 0.0325027 0.0426674 0.99856
    outer loop
      vertex 5.05676 0.760544 13.4398
      vertex 5.26813 0.906113 13.4267
      vertex 5.21843 0.986099 13.4249
    endloop
  endfacet
  facet normal 0.0334954 0.0412284 0.998588
    outer loop
      vertex 5.26813 0.906113 13.4267
      vertex 5.05676 0.760544 13.4398
      vertex 5.26176 0.821671 13.4304
    endloop
  endfacet
  facet normal 0.0331575 0.042356 0.998552
    outer loop
      vertex 5.26176 0.821671 13.4304
      vertex 5.05676 0.760544 13.4398
      vertex 5.25482 0.732803 13.4344
    endloop
  endfacet
  facet normal 0.033145 0.0422659 0.998556
    outer loop
      vertex 5.25482 0.732803 13.4344
      vertex 5.05676 0.760544 13.4398
      vertex 5.24731 0.639465 13.4386
    endloop
  endfacet
  facet normal 0.0324883 0.0412318 0.998621
    outer loop
      vertex 5.24731 0.639465 13.4386
      vertex 5.05676 0.760544 13.4398
      vertex 5.23923 0.541687 13.4429
    endloop
  endfacet
  facet normal 0.0331654 0.0417957 0.998576
    outer loop
      vertex 4.88286 0.561661 13.4539
      vertex 5.23923 0.541687 13.4429
      vertex 5.05676 0.760544 13.4398
    endloop
  endfacet
  facet normal 0.0332142 0.0426879 0.998536
    outer loop
      vertex 5.23923 0.541687 13.4429
      vertex 4.88286 0.561661 13.4539
      vertex 5.23175 0.442245 13.4474
    endloop
  endfacet
  facet normal 0.0328839 0.0417201 0.998588
    outer loop
      vertex 5.23175 0.442245 13.4474
      vertex 4.88286 0.561661 13.4539
      vertex 5.22592 0.343918 13.4517
    endloop
  endfacet
  facet normal 0.0328894 0.0417288 0.998588
    outer loop
      vertex 5.22592 0.343918 13.4517
      vertex 4.88286 0.561661 13.4539
      vertex 5.22176 0.246689 13.4559
    endloop
  endfacet
  facet normal 0.0330861 0.0419403 0.998572
    outer loop
      vertex 4.69675 0.389435 13.4673
      vertex 5.22176 0.246689 13.4559
      vertex 4.88286 0.561661 13.4539
    endloop
  endfacet
  facet normal 0.0333127 0.042777 0.998529
    outer loop
      vertex 5.22176 0.246689 13.4559
      vertex 4.69675 0.389435 13.4673
      vertex 5.21927 0.150589 13.4601
    endloop
  endfacet
  facet normal 0.0328462 0.0417548 0.998588
    outer loop
      vertex 5.21927 0.150589 13.4601
      vertex 4.69675 0.389435 13.4673
      vertex 5.21843 0.0555878 13.4641
    endloop
  endfacet
  facet normal 0.0322294 0.0407903 0.998648
    outer loop
      vertex 4.65498 0.358784 13.4699
      vertex 5.21843 0.0555878 13.4641
      vertex 4.69675 0.389435 13.4673
    endloop
  endfacet
  facet normal 0.0327878 0.0418294 0.998587
    outer loop
      vertex 5.21843 0.0555878 13.4641
      vertex 4.65498 0.358784 13.4699
      vertex 5.21843 -0.0971985 13.4705
    endloop
  endfacet
  facet normal 0.0327868 0.041828 0.998587
    outer loop
      vertex 5.21843 -0.0971985 13.4705
      vertex 4.65498 0.358784 13.4699
      vertex 5.20978 -0.181138 13.4743
    endloop
  endfacet
  facet normal 0.0990499 0.0188967 0.994903
    outer loop
      vertex 18.1805 0.698916 12.7335
      vertex 13.4214 -1.08046 13.2411
      vertex 13.4603 -1.28436 13.2411
    endloop
  endfacet
  facet normal 0.0760981 -0.0588152 0.995364
    outer loop
      vertex 13.4603 -1.28436 13.2411
      vertex 8.44923 -3.3898 13.4998
      vertex 13.2083 -1.61041 13.2411
    endloop
  endfacet
  facet normal -0.00294073 0.00496929 0.999983
    outer loop
      vertex -9.44325 9.49591 13.3885
      vertex -7.24368 7.07477 13.407
      vertex -7.12768 7.16354 13.4069
    endloop
  endfacet
  facet normal -0.0027232 0.00516691 0.999983
    outer loop
      vertex -7.24368 7.07477 13.407
      vertex -9.44325 9.49591 13.3885
      vertex -9.6039 9.41124 13.3885
    endloop
  endfacet
  facet normal -0.00417649 0.00364654 0.999985
    outer loop
      vertex 3.29105 -3.33078 13.4893
      vertex 3.26736 -3.33049 13.4892
      vertex 4.6287 -4.67813 13.4998
    endloop
  endfacet
  facet normal -0.00227011 0.00560741 0.999982
    outer loop
      vertex -5.77774 5.62358 13.4185
      vertex -3.23799 3.24563 13.4376
      vertex -5.688 5.71341 13.4182
    endloop
  endfacet
  facet normal -0.00151183 0.00484992 0.999987
    outer loop
      vertex -5.77774 5.62358 13.4185
      vertex -5.688 5.71341 13.4182
      vertex -5.74501 5.67502 13.4183
    endloop
  endfacet
  facet normal -0.00245483 0.00541013 0.999982
    outer loop
      vertex -3.23799 3.24563 13.4376
      vertex -5.77774 5.62358 13.4185
      vertex -3.24274 3.11409 13.4383
    endloop
  endfacet
  facet normal -0.00237051 0.00547078 0.999982
    outer loop
      vertex -1.29779 1.29135 13.453
      vertex 1.41701 -1.49877 13.4747
      vertex 1.49369 -1.52038 13.475
    endloop
  endfacet
  facet normal -0.00298614 0.00487179 0.999984
    outer loop
      vertex 1.41701 -1.49877 13.4747
      vertex -1.29779 1.29135 13.453
      vertex -1.29779 1.18872 13.4535
    endloop
  endfacet
  facet normal 0.319536 -0.628973 0.708723
    outer loop
      vertex 29.1822 -11.9973 6.18453
      vertex 20.2734 -18.4018 4.51734
      vertex 29.9323 -12.474 5.42328
    endloop
  endfacet
  facet normal 0.507401 -0.00278744 0.861706
    outer loop
      vertex 31.2452 -4.06525 9.10641
      vertex 29.531 -4.24695 10.1152
      vertex 31.2366 -5.63072 9.10641
    endloop
  endfacet
  facet normal 0.09832 0.0299676 -0.994704
    outer loop
      vertex 28.3618 -1.52797 0.413398
      vertex 24.9894 7.09664 0.339893
      vertex 31.6925 0.20083 0.7947
    endloop
  endfacet
  facet normal -0.0998681 0.577651 0.810152
    outer loop
      vertex 5.20315 18.5752 9.10641
      vertex -4.70897 11.2158 13.1319
      vertex -3.73897 11.3835 13.1319
    endloop
  endfacet
  facet normal 0.278361 -0.0816811 -0.956997
    outer loop
      vertex 36.682 0.511568 1.85066
      vertex 33.8001 -2.62365 1.28
      vertex 34.465 -0.357739 1.28
    endloop
  endfacet
  facet normal 0.156055 0.450945 -0.878803
    outer loop
      vertex 25.0646 11.0364 1.05241
      vertex -0.827025 21.7957 1.97563
      vertex 25.8941 11.6637 1.5216
    endloop
  endfacet
  facet normal -0.295748 0.661907 0.688776
    outer loop
      vertex -15.1894 20.9877 3.05654
      vertex -19.4977 19.0627 3.05654
      vertex -15.2542 20.4018 3.59176
    endloop
  endfacet
  facet normal -0.295735 0.661845 -0.688841
    outer loop
      vertex -19.3969 18.5507 1.97563
      vertex -19.4977 19.0627 2.51084
      vertex -15.2542 20.4018 1.97563
    endloop
  endfacet
  facet normal -0.0393532 0.124712 -0.991412
    outer loop
      vertex -13.0959 16.3137 0.631868
      vertex -16.0773 12.9628 0.328694
      vertex -15.801 15.4601 0.631868
    endloop
  endfacet
  facet normal 0.012022 0.0348078 -0.999322
    outer loop
      vertex 19.7213 7.21823 0.0138607
      vertex 12.7914 10.0923 0.0306005
      vertex 12.9712 10.0302 0.0306005
    endloop
  endfacet
  facet normal -0.0234046 -0.00272268 -0.999722
    outer loop
      vertex -27.3629 -0.639089 0.0642681
      vertex -27.4349 -0.0201654 0.0642681
      vertex -24.9969 -0.0183725 0.00718689
    endloop
  endfacet
  facet normal -0.0608784 -0.1157 -0.991417
    outer loop
      vertex -16.1129 -10.0562 0.0942535
      vertex -29.1846 -7.04645 0.545684
      vertex -28.2108 -5.78601 0.338792
    endloop
  endfacet
  facet normal -0.0694949 0.0429294 -0.996658
    outer loop
      vertex -29.2808 1.95018 0.176237
      vertex -31.1918 2.63053 0.338792
      vertex -28.7303 2.84134 0.176237
    endloop
  endfacet
  facet normal -0.931527 -0.363671 0
    outer loop
      vertex -37.7709 -7.82304 2.51084
      vertex -38.7017 -5.43884 3.05654
      vertex -38.7017 -5.43884 2.51084
    endloop
  endfacet
  facet normal -0.931527 -0.363671 0
    outer loop
      vertex -38.7017 -5.43884 3.05654
      vertex -37.7709 -7.82304 2.51084
      vertex -37.7709 -7.82304 3.05654
    endloop
  endfacet
  facet normal -0.135819 -0.674135 -0.726013
    outer loop
      vertex 5.48497 -22.7233 3.15788
      vertex 3.32805 -21.5638 2.48474
      vertex 5.99393 -22.1009 2.48474
    endloop
  endfacet
  facet normal -0.393842 -0.32759 0.858821
    outer loop
      vertex -16.9728 -14.7401 9.95578
      vertex -37.7709 -7.82304 3.05654
      vertex -18.9179 -15.6143 8.73033
    endloop
  endfacet
  facet normal 0.500446 -0.33955 -0.796404
    outer loop
      vertex 33.1036 -10.3921 2.98305
      vertex 32.9137 -8.88652 2.22181
      vertex 33.9812 -9.09865 2.98305
    endloop
  endfacet
  facet normal 0.0469886 -0.00139388 -0.998894
    outer loop
      vertex 24.6383 -4.21078 0.150753
      vertex 21.7951 -6.52682 0.0202389
      vertex 24.6609 -3.44892 0.150753
    endloop
  endfacet
  facet normal 0.208462 -0.35732 -0.910421
    outer loop
      vertex 23.6408 -15.4358 1.85066
      vertex 20.1523 -17.471 1.85066
      vertex 23.0342 -14.3357 1.28
    endloop
  endfacet
  facet normal -0.0055839 -0.107404 -0.9942
    outer loop
      vertex -7.83052 -13.7327 0.258465
      vertex -11.0764 -12.0439 0.0942535
      vertex -10.609 -12.0682 0.0942535
    endloop
  endfacet
  facet normal 0.418821 -0.502393 -0.756433
    outer loop
      vertex 33.1036 -10.3921 2.98305
      vertex 30.8449 -11.1289 2.22181
      vertex 32.1049 -10.0785 2.22181
    endloop
  endfacet
  facet normal 0.421503 -0.722511 -0.548008
    outer loop
      vertex 24.2716 -16.5799 3.15788
      vertex 20.3351 -18.8764 3.15788
      vertex 24.0586 -16.1936 2.48474
    endloop
  endfacet
  facet normal 0.952663 0.304029 0
    outer loop
      vertex 39.0651 4.02753 3.8442
      vertex 38.361 6.2338 3.15788
      vertex 38.361 6.2338 3.8442
    endloop
  endfacet
  facet normal 0.952663 0.304029 0
    outer loop
      vertex 38.361 6.2338 3.15788
      vertex 39.0651 4.02753 3.8442
      vertex 39.0651 4.02753 3.15788
    endloop
  endfacet
  facet normal 0.135874 -0.204007 0.969494
    outer loop
      vertex 12.6754 -2.0461 13.2411
      vertex 11.8818 -2.57466 13.2411
      vertex 26.9723 -3.30209 10.9731
    endloop
  endfacet
  facet normal 0.320305 -0.508792 0.799084
    outer loop
      vertex 30.6973 -6.76557 9.10641
      vertex 29.6479 -7.42621 9.10641
      vertex 30.6876 -8.53209 7.98552
    endloop
  endfacet
  facet normal 0.0949361 -0.28152 0.954848
    outer loop
      vertex 4.32203 -5.44078 13.4998
      vertex 1.23728 -7.35849 13.2411
      vertex 4.74664 -5.29759 13.4998
    endloop
  endfacet
  facet normal 0.0477426 0.00909779 0.998818
    outer loop
      vertex 13.4214 -1.08046 13.2411
      vertex 8.43611 -3.32095 13.4998
      vertex 8.44923 -3.3898 13.4998
    endloop
  endfacet
  facet normal 0.00629842 0.0146124 0.999873
    outer loop
      vertex -5.63366 10.3715 13.3885
      vertex -2.80037 7.5833 13.4114
      vertex -2.76862 7.5833 13.4112
    endloop
  endfacet
  facet normal 0.00591966 0.0142276 0.999881
    outer loop
      vertex -2.80037 7.5833 13.4114
      vertex -5.63366 10.3715 13.3885
      vertex -5.70336 10.4005 13.3885
    endloop
  endfacet
  facet normal -0.00490112 0.00304271 0.999983
    outer loop
      vertex 6.8717 -1.79848 13.4875
      vertex 6.87003 -1.80117 13.4875
      vertex 8.43611 -3.32095 13.4998
    endloop
  endfacet
  facet normal 0.00663586 0.0149457 0.999866
    outer loop
      vertex -1.29779 6.12515 13.4232
      vertex 0.257192 4.63863 13.4351
      vertex -1.29779 6.15191 13.4228
    endloop
  endfacet
  facet normal 0.00605322 0.0143363 0.999879
    outer loop
      vertex 0.257192 4.63863 13.4351
      vertex -1.29779 6.12515 13.4232
      vertex 0.254342 4.61891 13.4354
    endloop
  endfacet
  facet normal 0.00165426 0.0097607 0.999951
    outer loop
      vertex 3.43236 1.54861 13.4603
      vertex 2.51985 2.42039 13.4533
      vertex 3.41519 1.55152 13.4603
    endloop
  endfacet
  facet normal 0.00700555 0.0153613 0.999857
    outer loop
      vertex 2.51985 2.42039 13.4533
      vertex 3.43236 1.54861 13.4603
      vertex 2.51355 2.44279 13.453
    endloop
  endfacet
  facet normal 0.00593511 0.014247 0.999881
    outer loop
      vertex 4.64888 0.354307 13.47
      vertex 5.20978 -0.181138 13.4743
      vertex 4.65498 0.358784 13.4699
    endloop
  endfacet
  facet normal 0.00379694 0.0120075 0.999921
    outer loop
      vertex 5.20978 -0.181138 13.4743
      vertex 4.64888 0.354307 13.47
      vertex 5.20895 -0.189203 13.4744
    endloop
  endfacet
  facet normal -0.297303 0.563885 0.770483
    outer loop
      vertex -18.9613 7.66964 11.967
      vertex -18.0169 7.5833 12.3946
      vertex -16.9858 7.80734 12.6285
    endloop
  endfacet
  facet normal -0.297278 0.563955 0.770442
    outer loop
      vertex -18.0169 7.5833 12.3946
      vertex -18.9613 7.66964 11.967
      vertex -18.9613 7.5833 12.0302
    endloop
  endfacet
  facet normal -0.22554 0.529031 0.818082
    outer loop
      vertex -12.2513 9.12514 13.1319
      vertex -15.1121 8.68395 12.6285
      vertex -12.9293 8.83609 13.1319
    endloop
  endfacet
  facet normal -0.329967 0.569716 0.752692
    outer loop
      vertex -23.4428 16.2074 3.59176
      vertex -19.9811 10.3117 9.57179
      vertex -19.3969 18.5507 3.59176
    endloop
  endfacet
  facet normal -0.331041 0.569089 0.752695
    outer loop
      vertex -19.9811 10.3117 9.57179
      vertex -23.4428 16.2074 3.59176
      vertex -20.0044 10.3014 9.56933
    endloop
  endfacet
  facet normal -0.33004 0.569671 0.752695
    outer loop
      vertex -20.0044 10.3014 9.56933
      vertex -23.4428 16.2074 3.59176
      vertex -20.2127 10.175 9.57366
    endloop
  endfacet
  facet normal -0.329998 0.569694 0.752695
    outer loop
      vertex -20.2127 10.175 9.57366
      vertex -23.4428 16.2074 3.59176
      vertex -20.3988 10.0236 9.60666
    endloop
  endfacet
  facet normal -0.329931 0.569729 0.752698
    outer loop
      vertex -20.3988 10.0236 9.60666
      vertex -23.4428 16.2074 3.59176
      vertex -20.5627 9.84721 9.66833
    endloop
  endfacet
  facet normal -0.329896 0.569747 0.7527
    outer loop
      vertex -20.5627 9.84721 9.66833
      vertex -23.4428 16.2074 3.59176
      vertex -20.7044 9.6458 9.75868
    endloop
  endfacet
  facet normal -0.329963 0.569715 0.752695
    outer loop
      vertex -20.7044 9.6458 9.75868
      vertex -23.4428 16.2074 3.59176
      vertex -20.8219 9.41441 9.88231
    endloop
  endfacet
  facet normal -0.329998 0.569698 0.752692
    outer loop
      vertex -20.8219 9.41441 9.88231
      vertex -23.4428 16.2074 3.59176
      vertex -20.9132 9.14803 10.0439
    endloop
  endfacet
  facet normal -0.329501 0.569921 0.752741
    outer loop
      vertex -20.9132 9.14803 10.0439
      vertex -23.4428 16.2074 3.59176
      vertex -20.921 9.11235 10.0675
    endloop
  endfacet
  facet normal -0.00852757 0.830654 0.556723
    outer loop
      vertex -3.29709 23.0658 3.05654
      vertex -6.93041 23.0285 3.05654
      vertex 5.81177 19.8558 7.98552
    endloop
  endfacet
  facet normal -0.373085 0.549599 0.747495
    outer loop
      vertex -21.0307 8.13889 10.7285
      vertex -22.1696 7.02779 10.977
      vertex -21.0307 7.5833 11.137
    endloop
  endfacet
  facet normal -0.373125 0.54963 0.747453
    outer loop
      vertex -21.0177 8.51027 10.4619
      vertex -22.1696 7.02779 10.977
      vertex -21.0307 8.13889 10.7285
    endloop
  endfacet
  facet normal -0.373162 0.549647 0.747421
    outer loop
      vertex -20.9785 8.84665 10.2341
      vertex -22.1696 7.02779 10.977
      vertex -21.0177 8.51027 10.4619
    endloop
  endfacet
  facet normal -0.372761 0.549508 0.747723
    outer loop
      vertex -20.921 9.11235 10.0675
      vertex -22.1696 7.02779 10.977
      vertex -20.9785 8.84665 10.2341
    endloop
  endfacet
  facet normal -0.373056 0.549516 0.74757
    outer loop
      vertex -22.1696 7.02779 10.977
      vertex -22.9488 6.51173 10.9675
      vertex -22.1696 6.68102 11.2319
    endloop
  endfacet
  facet normal -0.373118 0.549612 0.747469
    outer loop
      vertex -20.921 9.11235 10.0675
      vertex -22.9488 6.51173 10.9675
      vertex -22.1696 7.02779 10.977
    endloop
  endfacet
  facet normal -0.373115 0.54961 0.747472
    outer loop
      vertex -22.9488 6.51173 10.9675
      vertex -20.921 9.11235 10.0675
      vertex -23.4428 16.2074 3.59176
    endloop
  endfacet
  facet normal -0.45276 0.505309 0.734624
    outer loop
      vertex -27.2363 13.4618 3.59176
      vertex -30.6317 10.4195 3.59176
      vertex -23.6284 5.97156 10.9675
    endloop
  endfacet
  facet normal -0.301709 -0.146677 0.94205
    outer loop
      vertex -21.0307 0.263328 10.9929
      vertex -23.6946 5.57976 10.9675
      vertex -21.0307 0 10.9519
    endloop
  endfacet
  facet normal -0.301898 -0.146771 0.941974
    outer loop
      vertex -20.8988 0 10.9942
      vertex -16.9728 -14.7401 9.95578
      vertex -14.1488 -13.471 11.0586
    endloop
  endfacet
  facet normal -0.302069 -0.146812 0.941913
    outer loop
      vertex -21.0307 0 10.9519
      vertex -16.9728 -14.7401 9.95578
      vertex -20.8988 0 10.9942
    endloop
  endfacet
  facet normal -0.30191 -0.146772 0.94197
    outer loop
      vertex -16.9728 -14.7401 9.95578
      vertex -21.0307 0 10.9519
      vertex -23.6946 5.57976 10.9675
    endloop
  endfacet
  facet normal 0.0905461 -0.485261 0.869669
    outer loop
      vertex 13.1474 -20.2176 5.15142
      vertex -4.81348 -9.98061 12.7335
      vertex 9.90022 -20.8235 5.15142
    endloop
  endfacet
  facet normal 0 0 1
    outer loop
      vertex 8.32534 -3.29599 13.4998
      vertex 8.44923 -3.3898 13.4998
      vertex 8.43611 -3.32095 13.4998
    endloop
  endfacet
  facet normal 0 0 1
    outer loop
      vertex 8.44923 -3.3898 13.4998
      vertex 8.32534 -3.29599 13.4998
      vertex 8.36416 -3.49989 13.4998
    endloop
  endfacet
  facet normal -0 0 1
    outer loop
      vertex 8.12115 -3.31589 13.4998
      vertex 8.36416 -3.49989 13.4998
      vertex 8.32534 -3.29599 13.4998
    endloop
  endfacet
  facet normal 0 0 1
    outer loop
      vertex 8.36416 -3.49989 13.4998
      vertex 8.12115 -3.31589 13.4998
      vertex 8.1842 -3.647 13.4998
    endloop
  endfacet
  facet normal -0 0 1
    outer loop
      vertex 7.8314 -3.37988 13.4998
      vertex 8.1842 -3.647 13.4998
      vertex 8.12115 -3.31589 13.4998
    endloop
  endfacet
  facet normal 0 0 1
    outer loop
      vertex 8.1842 -3.647 13.4998
      vertex 7.8314 -3.37988 13.4998
      vertex 7.91624 -3.82548 13.4998
    endloop
  endfacet
  facet normal -0 0 1
    outer loop
      vertex 7.46722 -3.4855 13.4998
      vertex 7.91624 -3.82548 13.4998
      vertex 7.8314 -3.37988 13.4998
    endloop
  endfacet
  facet normal 0 0 1
    outer loop
      vertex 7.91624 -3.82548 13.4998
      vertex 7.46722 -3.4855 13.4998
      vertex 7.5706 -4.02846 13.4998
    endloop
  endfacet
  facet normal -0 0 1
    outer loop
      vertex 7.0426 -3.62868 13.4998
      vertex 7.5706 -4.02846 13.4998
      vertex 7.46722 -3.4855 13.4998
    endloop
  endfacet
  facet normal 0 0 1
    outer loop
      vertex 7.5706 -4.02846 13.4998
      vertex 7.0426 -3.62868 13.4998
      vertex 7.16055 -4.24815 13.4998
    endloop
  endfacet
  facet normal -0 0 1
    outer loop
      vertex 6.57387 -3.80394 13.4998
      vertex 7.16055 -4.24815 13.4998
      vertex 7.0426 -3.62868 13.4998
    endloop
  endfacet
  facet normal 0 0 1
    outer loop
      vertex 7.16055 -4.24815 13.4998
      vertex 6.57387 -3.80394 13.4998
      vertex 6.70185 -4.47609 13.4998
    endloop
  endfacet
  facet normal -0 0 1
    outer loop
      vertex 6.07904 -4.00452 13.4998
      vertex 6.70185 -4.47609 13.4998
      vertex 6.57387 -3.80394 13.4998
    endloop
  endfacet
  facet normal 0 0 1
    outer loop
      vertex 6.70185 -4.47609 13.4998
      vertex 6.07904 -4.00452 13.4998
      vertex 6.21213 -4.70354 13.4998
    endloop
  endfacet
  facet normal -0 0 1
    outer loop
      vertex 5.57712 -4.22274 13.4998
      vertex 6.21213 -4.70354 13.4998
      vertex 6.07904 -4.00452 13.4998
    endloop
  endfacet
  facet normal 0 0 1
    outer loop
      vertex 6.21213 -4.70354 13.4998
      vertex 5.57712 -4.22274 13.4998
      vertex 5.71021 -4.92175 13.4998
    endloop
  endfacet
  facet normal -0 0 1
    outer loop
      vertex 5.08739 -4.45018 13.4998
      vertex 5.71021 -4.92175 13.4998
      vertex 5.57712 -4.22274 13.4998
    endloop
  endfacet
  facet normal 0 0 1
    outer loop
      vertex 5.71021 -4.92175 13.4998
      vertex 5.08739 -4.45018 13.4998
      vertex 5.21538 -5.12234 13.4998
    endloop
  endfacet
  facet normal -0 0 1
    outer loop
      vertex 4.6287 -4.67813 13.4998
      vertex 5.21538 -5.12234 13.4998
      vertex 5.08739 -4.45018 13.4998
    endloop
  endfacet
  facet normal 0 0 1
    outer loop
      vertex 5.21538 -5.12234 13.4998
      vertex 4.6287 -4.67813 13.4998
      vertex 4.74664 -5.29759 13.4998
    endloop
  endfacet
  facet normal -0 0 1
    outer loop
      vertex 4.21865 -4.89782 13.4998
      vertex 4.74664 -5.29759 13.4998
      vertex 4.6287 -4.67813 13.4998
    endloop
  endfacet
  facet normal 0 0 1
    outer loop
      vertex 4.74664 -5.29759 13.4998
      vertex 4.21865 -4.89782 13.4998
      vertex 4.32203 -5.44078 13.4998
    endloop
  endfacet
  facet normal -0 0 1
    outer loop
      vertex 3.873 -5.1008 13.4998
      vertex 4.32203 -5.44078 13.4998
      vertex 4.21865 -4.89782 13.4998
    endloop
  endfacet
  facet normal 0 0 1
    outer loop
      vertex 4.32203 -5.44078 13.4998
      vertex 3.873 -5.1008 13.4998
      vertex 3.95785 -5.54639 13.4998
    endloop
  endfacet
  facet normal -0 0 1
    outer loop
      vertex 3.60505 -5.27927 13.4998
      vertex 3.95785 -5.54639 13.4998
      vertex 3.873 -5.1008 13.4998
    endloop
  endfacet
  facet normal 0 0 1
    outer loop
      vertex 3.95785 -5.54639 13.4998
      vertex 3.60505 -5.27927 13.4998
      vertex 3.6681 -5.61038 13.4998
    endloop
  endfacet
  facet normal -0 0 1
    outer loop
      vertex 3.42509 -5.42638 13.4998
      vertex 3.6681 -5.61038 13.4998
      vertex 3.60505 -5.27927 13.4998
    endloop
  endfacet
  facet normal 0 0 1
    outer loop
      vertex 3.6681 -5.61038 13.4998
      vertex 3.42509 -5.42638 13.4998
      vertex 3.46391 -5.63028 13.4998
    endloop
  endfacet
  facet normal -0 0 1
    outer loop
      vertex 3.34002 -5.53648 13.4998
      vertex 3.46391 -5.63028 13.4998
      vertex 3.42509 -5.42638 13.4998
    endloop
  endfacet
  facet normal 0 0 1
    outer loop
      vertex 3.46391 -5.63028 13.4998
      vertex 3.34002 -5.53648 13.4998
      vertex 3.35313 -5.60533 13.4998
    endloop
  endfacet
  facet normal -0.00259345 0.00521864 0.999983
    outer loop
      vertex 3.90353 -3.31395 13.4908
      vertex 4.6287 -4.67813 13.4998
      vertex 5.08739 -4.45018 13.4998
    endloop
  endfacet
  facet normal -0.00270038 0.00516179 0.999983
    outer loop
      vertex 3.49623 -3.3333 13.4898
      vertex 4.6287 -4.67813 13.4998
      vertex 3.90353 -3.31395 13.4908
    endloop
  endfacet
  facet normal -0.00237003 0.00543997 0.999982
    outer loop
      vertex 4.6287 -4.67813 13.4998
      vertex 3.49623 -3.3333 13.4898
      vertex 3.29105 -3.33078 13.4893
    endloop
  endfacet
  facet normal -0.00253943 0.00536769 0.999982
    outer loop
      vertex -7.06395 7.21232 13.4068
      vertex -9.44325 9.49591 13.3885
      vertex -7.12768 7.16354 13.4069
    endloop
  endfacet
  facet normal -0.00208549 0.00585126 0.999981
    outer loop
      vertex -5.688 5.71341 13.4182
      vertex -3.2283 3.51389 13.4362
      vertex -3.2283 3.53098 13.4361
    endloop
  endfacet
  facet normal -0.00261975 0.00524915 0.999983
    outer loop
      vertex -5.688 5.71341 13.4182
      vertex -3.2283 3.53098 13.4361
      vertex -5.57882 5.78695 13.4181
    endloop
  endfacet
  facet normal -0.00256818 0.00531149 0.999983
    outer loop
      vertex -3.2283 3.51389 13.4362
      vertex -5.688 5.71341 13.4182
      vertex -3.23799 3.24563 13.4376
    endloop
  endfacet
  facet normal -0.00289057 0.00434744 0.999986
    outer loop
      vertex 2.20976 -1.68832 13.4778
      vertex 1.49369 -1.52038 13.475
      vertex 1.80952 -1.60941 13.4763
    endloop
  endfacet
  facet normal -0.00269461 0.00518292 0.999983
    outer loop
      vertex -1.29779 1.67813 13.4509
      vertex 1.49369 -1.52038 13.475
      vertex 2.20976 -1.68832 13.4778
    endloop
  endfacet
  facet normal -0.00241225 0.00542935 0.999982
    outer loop
      vertex 1.49369 -1.52038 13.475
      vertex -1.29779 1.67813 13.4509
      vertex -1.29779 1.29135 13.453
    endloop
  endfacet
  facet normal -0.0245271 0.0777228 -0.996673
    outer loop
      vertex -14.0673 13.5971 0.328694
      vertex -16.3843 10.188 0.119864
      vertex -16.0773 12.9628 0.328694
    endloop
  endfacet
  facet normal -0.0378456 0.035927 -0.998638
    outer loop
      vertex -26.3617 2.22411 0.0642681
      vertex -28.7303 2.84134 0.176237
      vertex -27.9886 3.62265 0.176237
    endloop
  endfacet
  facet normal -0.0468348 0.0163788 -0.998768
    outer loop
      vertex -27.1574 1.1942 0.0642681
      vertex -29.6189 0.983392 0.176237
      vertex -29.2808 1.95018 0.176237
    endloop
  endfacet
  facet normal -0.461809 -0.180285 0.868464
    outer loop
      vertex -37.8629 -5.00922 3.59176
      vertex -38.7017 -5.43884 3.05654
      vertex -36.9679 -7.3018 3.59176
    endloop
  endfacet
  facet normal -0.715933 0.442221 -0.54026
    outer loop
      vertex -35.4219 4.1365 1.34625
      vertex -36.4798 3.84659 2.51084
      vertex -34.2598 6.01788 1.34625
    endloop
  endfacet
  facet normal -0.559737 0.380443 0.736178
    outer loop
      vertex -34.1627 7.25568 3.05654
      vertex -36.4798 3.84659 3.05654
      vertex -35.7264 3.91937 3.59176
    endloop
  endfacet
  facet normal 0.127504 0.0689389 0.989439
    outer loop
      vertex 19.9359 5.41356 12.1938
      vertex 19.9359 2.52155 12.3953
      vertex 21.4621 3.77345 12.1114
    endloop
  endfacet
  facet normal 0.127587 0.0689771 0.989426
    outer loop
      vertex 16.8803 6.90279 12.4837
      vertex 15.4407 10.2441 12.4364
      vertex 16.8803 6.02779 12.5447
    endloop
  endfacet
  facet normal 0.127476 0.0689296 0.989444
    outer loop
      vertex 15.4407 10.2441 12.4364
      vertex 16.8803 6.90279 12.4837
      vertex 17.9456 7.55234 12.3012
    endloop
  endfacet
  facet normal 0.127517 0.0689369 0.989438
    outer loop
      vertex 17.8665 6.02779 12.4176
      vertex 16.8803 6.02779 12.5447
      vertex 17.8665 2.375 12.6721
    endloop
  endfacet
  facet normal 0.127475 0.0689257 0.989444
    outer loop
      vertex 16.8803 6.02779 12.5447
      vertex 17.879 2.00305 12.6964
      vertex 17.8665 2.375 12.6721
    endloop
  endfacet
  facet normal 0.127076 0.0688289 0.989502
    outer loop
      vertex 16.8803 6.02779 12.5447
      vertex 17.9063 1.75713 12.71
      vertex 17.879 2.00305 12.6964
    endloop
  endfacet
  facet normal 0.127311 0.068884 0.989468
    outer loop
      vertex 17.9063 1.75713 12.71
      vertex 16.8803 6.02779 12.5447
      vertex 15.4407 10.2441 12.4364
    endloop
  endfacet
  facet normal 0.197357 0.137198 0.970684
    outer loop
      vertex 19.9359 5.65352 12.1696
      vertex 20.1228 6.02779 12.0787
      vertex 19.9359 6.02779 12.1167
    endloop
  endfacet
  facet normal 0.197787 0.13697 0.970628
    outer loop
      vertex 20.1228 6.02779 12.0787
      vertex 19.9359 5.65352 12.1696
      vertex 20.9668 4.57731 12.1114
    endloop
  endfacet
  facet normal 0.197804 0.137037 0.970615
    outer loop
      vertex 15.2064 10.5906 12.4364
      vertex 18.4848 8.84245 12.0151
      vertex 17.0583 11.2939 11.9597
    endloop
  endfacet
  facet normal 0.197819 0.137067 0.970608
    outer loop
      vertex 18.4848 8.84245 12.0151
      vertex 15.2064 10.5906 12.4364
      vertex 18.0346 7.63832 12.2769
    endloop
  endfacet
  facet normal -0.141757 0.616788 0.774259
    outer loop
      vertex 5.20315 18.5752 9.10641
      vertex -6.94823 10.7292 13.1319
      vertex -5.7926 10.9948 13.1319
    endloop
  endfacet
  facet normal -0.0716879 0.675976 0.733429
    outer loop
      vertex 6.72223 18.7363 9.10641
      vertex 4.16348 19.6811 7.98552
      vertex 5.20315 18.5752 9.10641
    endloop
  endfacet
  facet normal 0.133347 0.0617492 0.989144
    outer loop
      vertex 19.9359 2.52155 12.3953
      vertex 21.8023 3.03879 12.1114
      vertex 21.4621 3.77345 12.1114
    endloop
  endfacet
  facet normal 0.133266 0.0619037 0.989145
    outer loop
      vertex 21.8023 3.03879 12.1114
      vertex 19.9359 2.375 12.4044
      vertex 19.9829 2.04692 12.4186
    endloop
  endfacet
  facet normal 0.133713 0.061965 0.989081
    outer loop
      vertex 19.9459 2.21136 12.4133
      vertex 19.9829 2.04692 12.4186
      vertex 19.9359 2.375 12.4044
    endloop
  endfacet
  facet normal 0.133439 0.0614212 0.989152
    outer loop
      vertex 21.8023 3.03879 12.1114
      vertex 19.9359 2.52155 12.3953
      vertex 19.9359 2.375 12.4044
    endloop
  endfacet
  facet normal 0.128387 0.0607916 0.989859
    outer loop
      vertex 19.9829 2.04692 12.4186
      vertex 19.9459 2.21136 12.4133
      vertex 19.9759 2.06496 12.4184
    endloop
  endfacet
  facet normal 0.0951594 0.0181031 0.995297
    outer loop
      vertex 18.0992 1.02181 12.7354
      vertex 18.1805 0.698916 12.7335
      vertex 18.1323 0.95228 12.7335
    endloop
  endfacet
  facet normal 0.0989859 0.0190689 0.994906
    outer loop
      vertex 18.1805 0.698916 12.7335
      vertex 18.0992 1.02181 12.7354
      vertex 13.4214 -1.08046 13.2411
    endloop
  endfacet
  facet normal 0.255321 -0.560279 0.787971
    outer loop
      vertex 29.1822 -11.9973 6.18453
      vertex 16.4288 -20.1538 4.51734
      vertex 20.2734 -18.4018 4.51734
    endloop
  endfacet
  facet normal 0.342973 -0.752622 0.562076
    outer loop
      vertex 20.2734 -18.4018 4.51734
      vertex 16.4288 -20.1538 4.51734
      vertex 20.3351 -18.8764 3.8442
    endloop
  endfacet
  facet normal 0.239326 -0.525179 -0.816646
    outer loop
      vertex 20.2734 -18.4018 2.48474
      vertex 16.4288 -20.1538 2.48474
      vertex 20.1523 -17.471 1.85066
    endloop
  endfacet
  facet normal 0.503905 -0.863759 0
    outer loop
      vertex 20.3351 -18.8764 3.15788
      vertex 24.2716 -16.5799 3.8442
      vertex 20.3351 -18.8764 3.8442
    endloop
  endfacet
  facet normal 0.503905 -0.863759 0
    outer loop
      vertex 24.2716 -16.5799 3.8442
      vertex 20.3351 -18.8764 3.15788
      vertex 24.2716 -16.5799 3.15788
    endloop
  endfacet
  facet normal -0.155612 0.613739 0.774021
    outer loop
      vertex -6.94823 10.7292 13.1319
      vertex -11.1739 21.6894 3.59176
      vertex -8.13144 10.4292 13.1319
    endloop
  endfacet
  facet normal -0.129445 0.466872 0.8748
    outer loop
      vertex -8.13144 10.4292 13.1319
      vertex -9.29677 10.1061 13.1319
      vertex -8.21669 9.92476 13.3885
    endloop
  endfacet
  facet normal 0.336366 0.0677669 0.93929
    outer loop
      vertex 28.762 5.81385 9.95578
      vertex 25.9381 4.54472 11.0586
      vertex 27.3664 -1.35966 10.9731
    endloop
  endfacet
  facet normal 0.374413 0.927262 -0
    outer loop
      vertex 19.6802 15.2182 5.73214
      vertex 10.0847 19.0927 6.79558
      vertex 19.6802 15.2182 6.97795
    endloop
  endfacet
  facet normal 0.374413 0.927262 0
    outer loop
      vertex 10.0847 19.0927 6.79558
      vertex 19.6802 15.2182 5.73214
      vertex 10.0847 19.0927 5.58233
    endloop
  endfacet
  facet normal 0.523544 0.0289717 0.851506
    outer loop
      vertex 38.2836 3.62189 4.51734
      vertex 29.5386 -2.87481 10.1152
      vertex 31.2452 -4.06525 9.10641
    endloop
  endfacet
  facet normal 0.214339 0.0683961 -0.974362
    outer loop
      vertex 36.7506 2.82621 1.85066
      vertex 33.9782 3.38478 1.28
      vertex 36.1267 4.78138 1.85066
    endloop
  endfacet
  facet normal -0.0446093 0.0770152 -0.996031
    outer loop
      vertex -17.641 9.62651 0.119864
      vertex -20.111 10.8966 0.328694
      vertex -18.118 12.051 0.328694
    endloop
  endfacet
  facet normal 0.204355 0.592304 0.779368
    outer loop
      vertex 16.6009 14.4226 10.3866
      vertex 15.8185 13.5333 11.2676
      vertex 18.0188 13.9334 10.3866
    endloop
  endfacet
  facet normal -0.129373 0.466867 0.874813
    outer loop
      vertex -8.13144 10.4292 13.1319
      vertex -8.21669 9.92476 13.3885
      vertex -7.8232 10.0338 13.3885
    endloop
  endfacet
  facet normal 0.104367 0.584343 0.804768
    outer loop
      vertex 9.73601 16.8087 10.1152
      vertex 6.72223 18.7363 9.10641
      vertex 8.04401 17.1109 10.1152
    endloop
  endfacet
  facet normal -0.000965457 -0.00137537 -0.999999
    outer loop
      vertex -16.2483 -9.0988 0.01054
      vertex -24.4426 -0.908731 0.00718689
      vertex -16.0038 -9.27043 0.01054
    endloop
  endfacet
  facet normal -0.0486996 0.00545981 -0.998799
    outer loop
      vertex -27.3656 0.598861 0.0642681
      vertex -29.7316 -0.0218534 0.176237
      vertex -29.6189 0.983392 0.176237
    endloop
  endfacet
  facet normal -0.266878 -0.104187 -0.958082
    outer loop
      vertex -36.9679 -7.3018 1.97563
      vertex -37.8629 -5.00922 1.97563
      vertex -34.9562 -4.02826 1.05928
    endloop
  endfacet
  facet normal 0.0442011 -0.236909 -0.970526
    outer loop
      vertex 14.714 -16.3753 0.7947
      vertex 10.9905 -19.0581 1.28
      vertex 12.3782 -16.8111 0.7947
    endloop
  endfacet
  facet normal 0.0705587 -0.120945 -0.990148
    outer loop
      vertex 21.3544 -11.2892 0.413398
      vertex 19.4898 -12.377 0.413398
      vertex 23.8138 -7.95169 0.180986
    endloop
  endfacet
  facet normal 0.146406 -0.250941 -0.956867
    outer loop
      vertex 23.0342 -14.3357 1.28
      vertex 19.7529 -14.3996 0.7947
      vertex 22.2622 -12.9356 0.7947
    endloop
  endfacet
  facet normal -0.166766 0.0583179 -0.98427
    outer loop
      vertex -33.3714 1.62377 0.545684
      vertex -34.7264 1.855 0.788963
      vertex -32.817 3.20913 0.545684
    endloop
  endfacet
  facet normal -0.531482 -0.0173772 0.846891
    outer loop
      vertex -37.8629 -5.00922 3.59176
      vertex -38.7937 -2.62502 3.05654
      vertex -38.7017 -5.43884 3.05654
    endloop
  endfacet
  facet normal 0.342973 -0.752622 -0.562076
    outer loop
      vertex 20.3351 -18.8764 3.15788
      vertex 16.4288 -20.1538 2.48474
      vertex 20.2734 -18.4018 2.48474
    endloop
  endfacet
  facet normal -0.112141 -0.497797 0.860013
    outer loop
      vertex -14.1488 -13.471 11.0586
      vertex -16.9728 -14.7401 9.95578
      vertex -13.2752 -13.6678 11.0586
    endloop
  endfacet
  facet normal 0.00521957 -0.0923032 -0.995717
    outer loop
      vertex 14.0099 -14.169 0.413398
      vertex -7.83052 -13.7327 0.258465
      vertex 15.823 -11.2332 0.150753
    endloop
  endfacet
  facet normal 0.215926 -0.259001 -0.941432
    outer loop
      vertex 30.655 -9.62337 1.53671
      vertex 27.9033 -9.79963 0.954075
      vertex 28.8096 -9.04406 0.954075
    endloop
  endfacet
  facet normal 0.149046 -0.178779 -0.972534
    outer loop
      vertex 27.9033 -9.79963 0.954075
      vertex 26.6397 -8.36287 0.496305
      vertex 28.8096 -9.04406 0.954075
    endloop
  endfacet
  facet normal 0.0499154 -0.109529 -0.992729
    outer loop
      vertex 19.4898 -12.377 0.413398
      vertex 17.5959 -13.2401 0.413398
      vertex 19.1975 -10.1297 0.150753
    endloop
  endfacet
  facet normal 0.0516707 -0.0350634 -0.998048
    outer loop
      vertex 24.4948 -7.2136 0.180986
      vertex 21.6689 -6.80243 0.0202389
      vertex 21.7588 -6.66995 0.0202389
    endloop
  endfacet
  facet normal 0.352444 -0.239146 -0.904761
    outer loop
      vertex 32.1049 -10.0785 2.22181
      vertex 30.655 -9.62337 1.53671
      vertex 32.9137 -8.88652 2.22181
    endloop
  endfacet
  facet normal 0.302528 -0.362916 -0.881345
    outer loop
      vertex 32.1049 -10.0785 2.22181
      vertex 29.5506 -10.544 1.53671
      vertex 30.655 -9.62337 1.53671
    endloop
  endfacet
  facet normal 0.239959 -0.540083 0.806678
    outer loop
      vertex 29.6479 -7.42621 9.10641
      vertex 16.4288 -20.1538 4.51734
      vertex 29.1822 -11.9973 6.18453
    endloop
  endfacet
  facet normal 0.54761 -0.260233 0.795237
    outer loop
      vertex 31.2366 -5.63072 9.10641
      vertex 30.6973 -6.76557 9.10641
      vertex 32.4114 -6.58387 7.98552
    endloop
  endfacet
  facet normal 0.127787 -0.44063 0.888547
    outer loop
      vertex 1.23728 -7.35849 13.2411
      vertex 0.158727 -7.67128 13.2411
      vertex 13.1474 -20.2176 5.15142
    endloop
  endfacet
  facet normal 0.133847 -0.224721 0.965187
    outer loop
      vertex 11.8818 -2.57466 13.2411
      vertex 7.91624 -3.82548 13.4998
      vertex 26.2174 -3.77731 10.9731
    endloop
  endfacet
  facet normal 0.152408 -0.466069 0.871523
    outer loop
      vertex 29.6479 -7.42621 9.10641
      vertex 13.1474 -20.2176 5.15142
      vertex 16.6091 -19.0856 5.15142
    endloop
  endfacet
  facet normal 0.0850392 -0.385087 0.918954
    outer loop
      vertex -0.699391 -7.86078 13.2411
      vertex -4.81348 -9.98061 12.7335
      vertex -3.41997 -9.67288 12.7335
    endloop
  endfacet
  facet normal 0.559821 -0.671473 0.485515
    outer loop
      vertex 33.6127 -10.5519 4.61515
      vertex 31.7365 -11.5318 5.42328
      vertex 32.191 -11.7372 4.61515
    endloop
  endfacet
  facet normal 0.280509 -0.537083 0.795523
    outer loop
      vertex 29.6479 -7.42621 9.10641
      vertex 29.1822 -11.9973 6.18453
      vertex 30.8449 -11.1289 6.18453
    endloop
  endfacet
  facet normal 0.0487825 0.337944 0.939901
    outer loop
      vertex 13.9317 12.6698 11.9597
      vertex 1.7732 12.5648 12.6285
      vertex 13.2811 11.4379 12.4364
    endloop
  endfacet
  facet normal 0.0390814 0.0940367 0.994801
    outer loop
      vertex -1.85339 11.515 13.1319
      vertex -5.70336 10.4005 13.3885
      vertex -1.64694 11.4292 13.1319
    endloop
  endfacet
  facet normal -0.251192 0.589195 0.767953
    outer loop
      vertex -15.2542 20.4018 3.59176
      vertex -16.2131 8.21456 12.6285
      vertex -15.1121 8.68395 12.6285
    endloop
  endfacet
  facet normal -0.22554 0.529027 0.818084
    outer loop
      vertex -15.1121 8.68395 12.6285
      vertex -16.2131 8.21456 12.6285
      vertex -12.9293 8.83609 13.1319
    endloop
  endfacet
  facet normal 0.0275887 -0.283106 0.958692
    outer loop
      vertex -1.30411 -7.91971 13.2411
      vertex -5.79548 -10.0763 12.7335
      vertex -0.699391 -7.86078 13.2411
    endloop
  endfacet
  facet normal -0.0550878 -0.0345715 0.997883
    outer loop
      vertex -8.10109 5.71609 13.353
      vertex -9.88368 5.57198 13.2496
      vertex -8.25665 5.13556 13.3243
    endloop
  endfacet
  facet normal -0.0550812 -0.0346511 0.99788
    outer loop
      vertex -9.88368 5.57198 13.2496
      vertex -8.10109 5.71609 13.353
      vertex -9.98119 6.03224 13.2602
    endloop
  endfacet
  facet normal -0.0550892 -0.0346989 0.997878
    outer loop
      vertex -8.06034 5.81244 13.3586
      vertex -9.98119 6.03224 13.2602
      vertex -8.10109 5.71609 13.353
    endloop
  endfacet
  facet normal -0.0550655 -0.0344884 0.997887
    outer loop
      vertex -9.98119 6.03224 13.2602
      vertex -8.06034 5.81244 13.3586
      vertex -9.69847 9.29307 13.3885
    endloop
  endfacet
  facet normal -0.0551629 -0.0345705 0.997879
    outer loop
      vertex -5.26415 -0.12877 13.3075
      vertex -4.9644 -1.8194 13.2655
      vertex -4.49495 -1.76315 13.2934
    endloop
  endfacet
  facet normal -0.0551904 -0.0345348 0.997878
    outer loop
      vertex -5.58052 -1.79607 13.2323
      vertex -5.26415 -0.12877 13.3075
      vertex -5.51999 -0.138885 13.293
    endloop
  endfacet
  facet normal -0.0550801 -0.034556 0.997884
    outer loop
      vertex -5.26415 -0.12877 13.3075
      vertex -5.58052 -1.79607 13.2323
      vertex -4.9644 -1.8194 13.2655
    endloop
  endfacet
  facet normal -0.0550628 -0.0345396 0.997885
    outer loop
      vertex -6.18443 -1.72606 13.2014
      vertex -5.51999 -0.138885 13.293
      vertex -6.03526 -0.0975037 13.266
    endloop
  endfacet
  facet normal -0.0550625 -0.0345397 0.997885
    outer loop
      vertex -5.51999 -0.138885 13.293
      vertex -6.18443 -1.72606 13.2014
      vertex -5.58052 -1.79607 13.2323
    endloop
  endfacet
  facet normal -0.0535755 -0.0346788 0.997961
    outer loop
      vertex -6.03526 -0.0975037 13.266
      vertex -6.225 -1.71806 13.1995
      vertex -6.18443 -1.72606 13.2014
    endloop
  endfacet
  facet normal -0.0551957 -0.0344858 0.99788
    outer loop
      vertex -6.50333 0.0266418 13.2444
      vertex -6.225 -1.71806 13.1995
      vertex -6.03526 -0.0975037 13.266
    endloop
  endfacet
  facet normal -0.0548733 -0.0344349 0.997899
    outer loop
      vertex -6.92416 0.233582 13.2284
      vertex -6.225 -1.71806 13.1995
      vertex -6.50333 0.0266418 13.2444
    endloop
  endfacet
  facet normal -0.0550646 -0.0345032 0.997886
    outer loop
      vertex -7.29779 0.5233 13.2178
      vertex -6.225 -1.71806 13.1995
      vertex -6.92416 0.233582 13.2284
    endloop
  endfacet
  facet normal -0.0555239 -0.0347227 0.997853
    outer loop
      vertex -7.62419 0.895798 13.2126
      vertex -6.225 -1.71806 13.1995
      vertex -7.29779 0.5233 13.2178
    endloop
  endfacet
  facet normal -0.05509 -0.0345211 0.997884
    outer loop
      vertex -9.85118 3.12001 13.1666
      vertex -7.62419 0.895798 13.2126
      vertex -7.89668 1.34221 13.213
    endloop
  endfacet
  facet normal -0.0550377 -0.0343829 0.997892
    outer loop
      vertex -9.85118 5.05559 13.2336
      vertex -8.25665 5.13556 13.3243
      vertex -9.88368 5.57198 13.2496
    endloop
  endfacet
  facet normal -0.0550385 -0.0343677 0.997893
    outer loop
      vertex -8.25665 5.13556 13.3243
      vertex -9.85118 5.05559 13.2336
      vertex -8.34999 4.48946 13.2969
    endloop
  endfacet
  facet normal -0.0550714 -0.0345417 0.997885
    outer loop
      vertex -9.85118 3.12001 13.1666
      vertex -8.3811 3.77779 13.2705
      vertex -9.85118 5.05559 13.2336
    endloop
  endfacet
  facet normal -0.055125 -0.0345656 0.997881
    outer loop
      vertex -8.35081 3.07141 13.2478
      vertex -9.85118 3.12001 13.1666
      vertex -8.25999 2.43002 13.2306
    endloop
  endfacet
  facet normal -0.0551221 -0.034559 0.997881
    outer loop
      vertex -8.25999 2.43002 13.2306
      vertex -9.85118 3.12001 13.1666
      vertex -8.10861 1.85362 13.219
    endloop
  endfacet
  facet normal -0.055025 -0.0344559 0.99789
    outer loop
      vertex -7.62419 0.895798 13.2126
      vertex -9.85118 3.12001 13.1666
      vertex -6.225 -1.71806 13.1995
    endloop
  endfacet
  facet normal -0.055113 -0.0345464 0.997882
    outer loop
      vertex -8.10861 1.85362 13.219
      vertex -9.85118 3.12001 13.1666
      vertex -7.89668 1.34221 13.213
    endloop
  endfacet
  facet normal -0.0551209 -0.0344314 0.997886
    outer loop
      vertex -8.3811 3.77779 13.2705
      vertex -9.85118 3.12001 13.1666
      vertex -8.35081 3.07141 13.2478
    endloop
  endfacet
  facet normal -0.0551283 -0.0346073 0.997879
    outer loop
      vertex -8.34999 4.48946 13.2969
      vertex -9.85118 5.05559 13.2336
      vertex -8.3811 3.77779 13.2705
    endloop
  endfacet
  facet normal -0.055069 -0.0344881 0.997887
    outer loop
      vertex -9.69847 9.29307 13.3885
      vertex -10.1437 6.4364 13.2652
      vertex -9.98119 6.03224 13.2602
    endloop
  endfacet
  facet normal -0.0549781 -0.0345024 0.997891
    outer loop
      vertex -9.69847 9.29307 13.3885
      vertex -10.3712 6.78445 13.2647
      vertex -10.1437 6.4364 13.2652
    endloop
  endfacet
  facet normal -0.0551898 -0.0344452 0.997882
    outer loop
      vertex -9.69847 9.29307 13.3885
      vertex -10.6637 7.07639 13.2586
      vertex -10.3712 6.78445 13.2647
    endloop
  endfacet
  facet normal -0.0550625 -0.0345009 0.997887
    outer loop
      vertex -9.69847 9.29307 13.3885
      vertex -11.0173 7.31389 13.2473
      vertex -10.6637 7.07639 13.2586
    endloop
  endfacet
  facet normal -0.0550972 -0.0344777 0.997886
    outer loop
      vertex -9.69847 9.29307 13.3885
      vertex -11.4281 7.4986 13.231
      vertex -11.0173 7.31389 13.2473
    endloop
  endfacet
  facet normal -0.0551189 -0.0344567 0.997885
    outer loop
      vertex -9.69847 9.29307 13.3885
      vertex -11.8962 7.63054 13.2097
      vertex -11.4281 7.4986 13.231
    endloop
  endfacet
  facet normal -0.0549892 -0.0346284 0.997886
    outer loop
      vertex -9.69847 9.29307 13.3885
      vertex -12.4215 7.7097 13.1835
      vertex -11.8962 7.63054 13.2097
    endloop
  endfacet
  facet normal -0.0550831 -0.0344669 0.997887
    outer loop
      vertex -13.6852 8.23535 13.1319
      vertex -12.4215 7.7097 13.1835
      vertex -9.69847 9.29307 13.3885
    endloop
  endfacet
  facet normal -0.0551938 -0.0347345 0.997871
    outer loop
      vertex -12.4215 7.7097 13.1835
      vertex -13.6852 8.23535 13.1319
      vertex -13.004 7.7361 13.1522
    endloop
  endfacet
  facet normal -0.0550781 -0.0345762 0.997883
    outer loop
      vertex -13.004 7.7361 13.1522
      vertex -13.6852 8.23535 13.1319
      vertex -13.3059 7.72927 13.1353
    endloop
  endfacet
  facet normal -0.0552179 -0.0345767 0.997875
    outer loop
      vertex -4.37607 -3.29941 13.2468
      vertex -1.63218 -7.84581 13.2411
      vertex -3.81394 -3.21011 13.281
    endloop
  endfacet
  facet normal -0.0550401 -0.0344695 0.997889
    outer loop
      vertex -1.63218 -7.84581 13.2411
      vertex -4.37607 -3.29941 13.2468
      vertex -5.01694 -3.32986 13.2104
    endloop
  endfacet
  facet normal -0.17303 0.243979 -0.95422
    outer loop
      vertex -31.6765 6.79271 0.788963
      vertex -32.3504 7.37201 1.05928
      vertex -30.5144 8.6741 1.05928
    endloop
  endfacet
  facet normal -0.153614 0.0948779 -0.983565
    outer loop
      vertex -32.817 3.20913 0.545684
      vertex -34.0939 3.66373 0.788963
      vertex -31.9144 4.6705 0.545684
    endloop
  endfacet
  facet normal -0.393581 0.543797 0.741201
    outer loop
      vertex -23.4428 16.2074 3.59176
      vertex -27.2363 13.4618 3.59176
      vertex -22.9488 6.51173 10.9675
    endloop
  endfacet
  facet normal -0.431362 0.595998 0.677283
    outer loop
      vertex -23.7052 16.6257 3.05654
      vertex -27.2363 13.4618 3.59176
      vertex -23.4428 16.2074 3.59176
    endloop
  endfacet
  facet normal -0.559763 0.380452 0.736154
    outer loop
      vertex -34.1627 7.25568 3.05654
      vertex -35.7264 3.91937 3.59176
      vertex -33.4984 7.19745 3.59176
    endloop
  endfacet
  facet normal -0.502086 0.0848042 0.86065
    outer loop
      vertex -25.8774 5.42762 9.8737
      vertex -37.9514 -2.30353 3.59176
      vertex -25.9529 4.98062 9.8737
    endloop
  endfacet
  facet normal 0.103437 -0.4684 0.877441
    outer loop
      vertex -3.41997 -9.67288 12.7335
      vertex -4.81348 -9.98061 12.7335
      vertex 13.1474 -20.2176 5.15142
    endloop
  endfacet
  facet normal -0.185135 -0.0989484 0.977719
    outer loop
      vertex -16.3101 3.48637 12.4621
      vertex -18.9613 3.0468 11.9156
      vertex -16.4795 3.12943 12.3939
    endloop
  endfacet
  facet normal -0.185105 -0.0991109 0.977708
    outer loop
      vertex -18.9613 3.0468 11.9156
      vertex -16.3101 3.48637 12.4621
      vertex -17.1696 6.02779 12.557
    endloop
  endfacet
  facet normal -0.185197 -0.0991412 0.977688
    outer loop
      vertex -16.1581 3.68269 12.5108
      vertex -17.1696 6.02779 12.557
      vertex -16.3101 3.48637 12.4621
    endloop
  endfacet
  facet normal -0.185082 -0.099092 0.977714
    outer loop
      vertex -17.1696 6.02779 12.557
      vertex -16.1581 3.68269 12.5108
      vertex -17.1696 6.48758 12.6036
    endloop
  endfacet
  facet normal -0.185218 -0.0991467 0.977683
    outer loop
      vertex -15.0233 -0.0444489 12.3478
      vertex -10.5546 -11.8557 11.9966
      vertex -14.7982 -0.0882737 12.386
    endloop
  endfacet
  facet normal -0.18515 -0.0991215 0.977698
    outer loop
      vertex -15.3595 0.0735931 12.2961
      vertex -10.5546 -11.8557 11.9966
      vertex -15.0233 -0.0444489 12.3478
    endloop
  endfacet
  facet normal -0.185052 -0.0990823 0.977721
    outer loop
      vertex -15.6678 0.238892 12.2545
      vertex -10.5546 -11.8557 11.9966
      vertex -15.3595 0.0735931 12.2961
    endloop
  endfacet
  facet normal -0.185176 -0.0991344 0.977692
    outer loop
      vertex -15.9484 0.451385 12.2229
      vertex -10.5546 -11.8557 11.9966
      vertex -15.6678 0.238892 12.2545
    endloop
  endfacet
  facet normal -0.185657 -0.0997793 0.977535
    outer loop
      vertex -18.9613 3.0468 11.9156
      vertex -15.9484 0.451385 12.2229
      vertex -16.1884 0.712784 12.204
    endloop
  endfacet
  facet normal -0.185244 -0.0992724 0.977665
    outer loop
      vertex -18.9613 3.0468 11.9156
      vertex -16.1884 0.712784 12.204
      vertex -16.3751 1.02473 12.2003
    endloop
  endfacet
  facet normal -0.185122 -0.0991963 0.977696
    outer loop
      vertex -16.4795 3.12943 12.3939
      vertex -18.9613 3.0468 11.9156
      vertex -16.5812 2.72194 12.3333
    endloop
  endfacet
  facet normal -0.185124 -0.0992126 0.977694
    outer loop
      vertex -16.5812 2.72194 12.3333
      vertex -18.9613 3.0468 11.9156
      vertex -16.6151 2.26389 12.2804
    endloop
  endfacet
  facet normal -0.185097 -0.099116 0.977709
    outer loop
      vertex -18.9613 3.0468 11.9156
      vertex -17.1696 6.02779 12.557
      vertex -18.9613 6.02779 12.2178
    endloop
  endfacet
  facet normal -0.185066 -0.0990248 0.977724
    outer loop
      vertex -16.6151 2.26389 12.2804
      vertex -18.9613 3.0468 11.9156
      vertex -16.5884 1.80029 12.2385
    endloop
  endfacet
  facet normal -0.185077 -0.0990468 0.97772
    outer loop
      vertex -16.5884 1.80029 12.2385
      vertex -18.9613 3.0468 11.9156
      vertex -16.5084 1.38724 12.2118
    endloop
  endfacet
  facet normal -0.185098 -0.0990793 0.977713
    outer loop
      vertex -16.5084 1.38724 12.2118
      vertex -18.9613 3.0468 11.9156
      vertex -16.3751 1.02473 12.2003
    endloop
  endfacet
  facet normal -0.185085 -0.099095 0.977713
    outer loop
      vertex -15.9484 0.451385 12.2229
      vertex -18.9613 3.0468 11.9156
      vertex -10.5546 -11.8557 11.9966
    endloop
  endfacet
  facet normal -0.418689 0.526762 0.739744
    outer loop
      vertex -22.9488 6.51173 10.9675
      vertex -27.2363 13.4618 3.59176
      vertex -23.6284 5.97156 10.9675
    endloop
  endfacet
  facet normal -0.373488 0.470066 0.799715
    outer loop
      vertex -22.9488 6.51173 10.9675
      vertex -22.1696 6.45594 11.3642
      vertex -22.1696 6.68102 11.2319
    endloop
  endfacet
  facet normal -0.373526 0.469941 0.799771
    outer loop
      vertex -22.1696 6.45594 11.3642
      vertex -22.9488 6.51173 10.9675
      vertex -23.6284 5.97156 10.9675
    endloop
  endfacet
  facet normal -0.320261 0.0535779 0.945813
    outer loop
      vertex -22.1696 6.1443 11.4519
      vertex -23.6946 5.57976 10.9675
      vertex -22.1696 6.02779 11.4585
    endloop
  endfacet
  facet normal -0.320598 0.0549354 0.945621
    outer loop
      vertex -22.0059 6.02779 11.514
      vertex -22.1696 6.02779 11.4585
      vertex -23.6946 5.57976 10.9675
    endloop
  endfacet
  facet normal 0.342977 -0.752671 0.562008
    outer loop
      vertex 16.4288 -20.1538 4.51734
      vertex 16.3369 -20.6983 3.8442
      vertex 20.3351 -18.8764 3.8442
    endloop
  endfacet
  facet normal -0.15193 -0.674584 0.722394
    outer loop
      vertex -16.9728 -14.7401 9.95578
      vertex -17.8364 -15.8579 8.73033
      vertex -15.976 -14.9646 9.95578
    endloop
  endfacet
  facet normal -0.121882 0.597623 0.79246
    outer loop
      vertex 5.20315 18.5752 9.10641
      vertex -5.7926 10.9948 13.1319
      vertex -4.70897 11.2158 13.1319
    endloop
  endfacet
  facet normal -0.183599 0.60704 0.773171
    outer loop
      vertex -9.29677 10.1061 13.1319
      vertex -11.1739 21.6894 3.59176
      vertex -10.3994 9.77261 13.1319
    endloop
  endfacet
  facet normal -0.0231341 0.513543 0.857752
    outer loop
      vertex 6.72223 18.7363 9.10641
      vertex 1.07521 12.5991 12.6285
      vertex 8.04401 17.1109 10.1152
    endloop
  endfacet
  facet normal 7.42858e-05 -0.000283098 -1
    outer loop
      vertex -13.5586 -10.3013 0.01054
      vertex -23.5092 -1.06801 0.00718689
      vertex -23.2762 -1.00687 0.00718689
    endloop
  endfacet
  facet normal -0.44658 0.275834 -0.851165
    outer loop
      vertex -33.8561 5.78595 1.05928
      vertex -34.9735 3.97686 1.05928
      vertex -34.2598 6.01788 1.34625
    endloop
  endfacet
  facet normal 0.259475 0.220565 -0.940225
    outer loop
      vertex 37.6066 5.74337 2.48474
      vertex 36.1267 4.78138 1.85066
      vertex 36.2041 7.39329 2.48474
    endloop
  endfacet
  facet normal -0.628059 0.558798 -0.54156
    outer loop
      vertex -31.1814 10.6065 2.51084
      vertex -34.2598 6.01788 1.34625
      vertex -34.1627 7.25568 2.51084
    endloop
  endfacet
  facet normal -0.116878 -0.0136095 -0.993053
    outer loop
      vertex -31.641 -1.37598 0.338792
      vertex -33.5562 -0.0246649 0.545684
      vertex -31.7985 -0.0233727 0.338792
    endloop
  endfacet
  facet normal -0.484874 0.541148 0.687063
    outer loop
      vertex -27.6503 13.7704 3.05654
      vertex -31.1814 10.6065 3.05654
      vertex -30.6317 10.4195 3.59176
    endloop
  endfacet
  facet normal -0.431353 0.59599 0.677296
    outer loop
      vertex -23.7052 16.6257 3.05654
      vertex -27.6503 13.7704 3.05654
      vertex -27.2363 13.4618 3.59176
    endloop
  endfacet
  facet normal -0.0169727 0.0379875 -0.999134
    outer loop
      vertex -16.7102 7.24231 0.0134039
      vertex -17.641 9.62651 0.119864
      vertex -16.3843 10.188 0.119864
    endloop
  endfacet
  facet normal -0.0867279 -0.427424 -0.899882
    outer loop
      vertex 3.32805 -21.5638 2.48474
      vertex -6.10042 -16.1043 0.800285
      vertex -4.44795 -16.4396 0.800285
    endloop
  endfacet
  facet normal 0.212581 0.384704 0.898227
    outer loop
      vertex 17.9636 12.5894 11.2676
      vertex 15.7633 12.1893 11.9597
      vertex 16.4926 11.7863 11.9597
    endloop
  endfacet
  facet normal 0.0850615 0.476254 0.875184
    outer loop
      vertex 9.73601 16.8087 10.1152
      vertex 8.04401 17.1109 10.1152
      vertex 13.9317 12.6698 11.9597
    endloop
  endfacet
  facet normal 0.161701 0.000362533 0.98684
    outer loop
      vertex 21.9743 2.40158 12.1114
      vertex 22.1442 1.75 12.0838
      vertex 24.8123 0.421953 11.6471
    endloop
  endfacet
  facet normal 0.161318 0.00026001 0.986902
    outer loop
      vertex 21.9743 2.40158 12.1114
      vertex 22.0164 1.71222 12.1047
      vertex 22.1442 1.75 12.0838
    endloop
  endfacet
  facet normal 0.162062 0.000306618 0.986781
    outer loop
      vertex 21.9743 2.40158 12.1114
      vertex 21.8886 1.67667 12.1257
      vertex 22.0164 1.71222 12.1047
    endloop
  endfacet
  facet normal 0.161418 0.000384793 0.986886
    outer loop
      vertex 21.9743 2.40158 12.1114
      vertex 21.7609 1.64333 12.1466
      vertex 21.8886 1.67667 12.1257
    endloop
  endfacet
  facet normal 0.1621 0.0001876 0.986774
    outer loop
      vertex 21.9743 2.40158 12.1114
      vertex 21.6331 1.6122 12.1676
      vertex 21.7609 1.64333 12.1466
    endloop
  endfacet
  facet normal 0.16127 0.000556005 0.98691
    outer loop
      vertex 21.9743 2.40158 12.1114
      vertex 21.5053 1.5833 12.1885
      vertex 21.6331 1.6122 12.1676
    endloop
  endfacet
  facet normal 0.161459 0.000445169 0.986879
    outer loop
      vertex 21.9743 2.40158 12.1114
      vertex 21.3764 1.5583 12.2096
      vertex 21.5053 1.5833 12.1885
    endloop
  endfacet
  facet normal 0.161808 0.000191195 0.986822
    outer loop
      vertex 21.9743 2.40158 12.1114
      vertex 21.2453 1.53888 12.2311
      vertex 21.3764 1.5583 12.2096
    endloop
  endfacet
  facet normal 0.162126 -8.55303e-05 0.98677
    outer loop
      vertex 21.9743 2.40158 12.1114
      vertex 21.112 1.52499 12.253
      vertex 21.2453 1.53888 12.2311
    endloop
  endfacet
  facet normal 0.161659 0.000386798 0.986847
    outer loop
      vertex 21.9743 2.40158 12.1114
      vertex 20.9765 1.51666 12.2752
      vertex 21.112 1.52499 12.253
    endloop
  endfacet
  facet normal 0.161126 0.00100318 0.986933
    outer loop
      vertex 21.9743 2.40158 12.1114
      vertex 20.8387 1.51389 12.2977
      vertex 20.9765 1.51666 12.2752
    endloop
  endfacet
  facet normal 0.16173 0.000210304 0.986835
    outer loop
      vertex 20.2973 1.64893 12.3864
      vertex 20.8387 1.51389 12.2977
      vertex 21.9743 2.40158 12.1114
    endloop
  endfacet
  facet normal 0.161724 0.000185665 0.986836
    outer loop
      vertex 20.8387 1.51389 12.2977
      vertex 20.2973 1.64893 12.3864
      vertex 20.6837 1.52251 12.3231
    endloop
  endfacet
  facet normal 0.161763 0.000307782 0.98683
    outer loop
      vertex 20.6837 1.52251 12.3231
      vertex 20.2973 1.64893 12.3864
      vertex 20.5409 1.54832 12.3465
    endloop
  endfacet
  facet normal 0.161953 0.000781199 0.986798
    outer loop
      vertex 20.5409 1.54832 12.3465
      vertex 20.2973 1.64893 12.3864
      vertex 20.4103 1.59137 12.3679
    endloop
  endfacet
  facet normal 0.161683 0.000324454 0.986843
    outer loop
      vertex 24.8123 0.421953 11.6471
      vertex 22.1442 1.75 12.0838
      vertex 22.1442 0.533382 12.0842
    endloop
  endfacet
  facet normal 0.161584 0.000249051 0.986859
    outer loop
      vertex 18.2574 0.733389 12.7209
      vertex 18.1805 0.698916 12.7335
      vertex 18.2825 0.694659 12.7168
    endloop
  endfacet
  facet normal 0.156868 0.0965319 0.982891
    outer loop
      vertex 19.9359 5.41356 12.1938
      vertex 20.9668 4.57731 12.1114
      vertex 19.9359 5.63451 12.1721
    endloop
  endfacet
  facet normal 0.157058 0.0967715 0.982837
    outer loop
      vertex 20.9668 4.57731 12.1114
      vertex 19.9359 5.41356 12.1938
      vertex 21.4621 3.77345 12.1114
    endloop
  endfacet
  facet normal 0.122516 0.151035 0.980907
    outer loop
      vertex 18.0199 7.59923 12.2847
      vertex 17.9456 7.55234 12.3012
      vertex 18.0192 7.5972 12.2851
    endloop
  endfacet
  facet normal 0.15713 0.0968583 0.982817
    outer loop
      vertex 17.9456 7.55234 12.3012
      vertex 18.0199 7.59923 12.2847
      vertex 15.4407 10.2441 12.4364
    endloop
  endfacet
  facet normal 0.0225884 0.459663 0.887806
    outer loop
      vertex 8.04401 17.1109 10.1152
      vertex 1.07521 12.5991 12.6285
      vertex 1.7732 12.5648 12.6285
    endloop
  endfacet
  facet normal 0.045735 0.434268 0.899622
    outer loop
      vertex 8.04401 17.1109 10.1152
      vertex 1.7732 12.5648 12.6285
      vertex 13.9317 12.6698 11.9597
    endloop
  endfacet
  facet normal -0.00177375 0.00625569 0.999979
    outer loop
      vertex -7.42368 10.1351 13.3885
      vertex -4.92775 7.67775 13.4083
      vertex -4.5259 7.5679 13.4097
    endloop
  endfacet
  facet normal -0.00130095 0.0067359 0.999976
    outer loop
      vertex -7.42368 10.1351 13.3885
      vertex -5.08912 7.69112 13.408
      vertex -4.92775 7.67775 13.4083
    endloop
  endfacet
  facet normal -0.00162857 0.00642296 0.999978
    outer loop
      vertex -5.08912 7.69112 13.408
      vertex -7.42368 10.1351 13.3885
      vertex -7.8232 10.0338 13.3885
    endloop
  endfacet
  facet normal -0.00163535 0.00636242 0.999978
    outer loop
      vertex 6.55255 -2.24691 13.4905
      vertex 6.53328 -2.26758 13.4906
      vertex 7.8314 -3.37988 13.4998
    endloop
  endfacet
  facet normal -0.00162909 0.00640287 0.999978
    outer loop
      vertex -1.29779 4.4425 13.4349
      vertex 0.222382 3.36122 13.4443
      vertex -1.29779 4.708 13.4332
    endloop
  endfacet
  facet normal -0.00158738 0.00646151 0.999978
    outer loop
      vertex 0.222382 3.36122 13.4443
      vertex -1.29779 4.4425 13.4349
      vertex 0.232227 3.1315 13.4458
    endloop
  endfacet
  facet normal -0.00213888 0.00585597 0.999981
    outer loop
      vertex 4.0044 0.0105984 13.4719
      vertex 5.04513 -0.992455 13.48
      vertex 5.06895 -0.932526 13.4797
    endloop
  endfacet
  facet normal -0.00113076 0.00690191 0.999976
    outer loop
      vertex 5.04513 -0.992455 13.48
      vertex 4.0044 0.0105984 13.4719
      vertex 3.90955 -0.0194296 13.472
    endloop
  endfacet
  facet normal 0.149184 0.0287343 0.988392
    outer loop
      vertex 20.16 1.75637 12.404
      vertex 20.2973 1.64893 12.3864
      vertex 21.9743 2.40158 12.1114
    endloop
  endfacet
  facet normal 0.150949 0.0310451 0.988054
    outer loop
      vertex 20.1859 1.7291 12.4009
      vertex 20.2973 1.64893 12.3864
      vertex 20.16 1.75637 12.404
    endloop
  endfacet
  facet normal 0.135448 0.00901975 0.990743
    outer loop
      vertex 20.2973 1.64893 12.3864
      vertex 20.1859 1.7291 12.4009
      vertex 20.292 1.65163 12.3871
    endloop
  endfacet
  facet normal 0.149034 0.0288124 0.988412
    outer loop
      vertex 18.179 0.854187 12.7292
      vertex 18.1805 0.698916 12.7335
      vertex 18.2574 0.733389 12.7209
    endloop
  endfacet
  facet normal 0.151524 0.0288259 0.988033
    outer loop
      vertex 18.1805 0.698916 12.7335
      vertex 18.179 0.854187 12.7292
      vertex 18.1323 0.95228 12.7335
    endloop
  endfacet
  facet normal 0.332532 0.106117 -0.937103
    outer loop
      vertex 38.2836 3.62189 2.48474
      vertex 36.1267 4.78138 1.85066
      vertex 37.6066 5.74337 2.48474
    endloop
  endfacet
  facet normal 0.999561 -0.0296205 0
    outer loop
      vertex 38.9877 1.41562 3.8442
      vertex 39.0651 4.02753 3.15788
      vertex 39.0651 4.02753 3.8442
    endloop
  endfacet
  facet normal 0.999561 -0.0296205 0
    outer loop
      vertex 39.0651 4.02753 3.15788
      vertex 38.9877 1.41562 3.8442
      vertex 38.9877 1.41562 3.15788
    endloop
  endfacet
  facet normal -0.0195332 0.27995 0.959816
    outer loop
      vertex -2.9199 11.4917 13.1319
      vertex -6.06348 10.3926 13.3885
      vertex -5.8485 10.4076 13.3885
    endloop
  endfacet
  facet normal -0.0733128 0.554975 0.82863
    outer loop
      vertex 5.20315 18.5752 9.10641
      vertex -3.73897 11.3835 13.1319
      vertex -2.9199 11.4917 13.1319
    endloop
  endfacet
  facet normal 0.16306 0.912864 0.374288
    outer loop
      vertex 7.52594 20.0375 6.79558
      vertex 5.34763 20.4266 6.79558
      vertex 5.81177 19.8558 7.98552
    endloop
  endfacet
  facet normal 0.373601 0.9274 -0.0187388
    outer loop
      vertex 26.7567 12.3161 2.59639
      vertex 10.0847 19.0927 5.58233
      vertex 34.7456 9.10914 3.15788
    endloop
  endfacet
  facet normal 0.499645 0.0951767 0.860985
    outer loop
      vertex 30.8352 6.01589 8.73033
      vertex 28.762 5.81385 9.95578
      vertex 28.88 5.19439 9.95578
    endloop
  endfacet
  facet normal 0.499649 0.0951499 0.860986
    outer loop
      vertex 30.7072 6.68804 8.73033
      vertex 28.762 5.81385 9.95578
      vertex 30.8352 6.01589 8.73033
    endloop
  endfacet
  facet normal 0.21434 0.0684024 -0.974361
    outer loop
      vertex 34.5251 1.67106 1.28
      vertex 33.9782 3.38478 1.28
      vertex 36.7506 2.82621 1.85066
    endloop
  endfacet
  facet normal 0.00904932 -0.0484987 -0.998782
    outer loop
      vertex 18.1087 -8.04928 0.0168581
      vertex 15.823 -11.2332 0.150753
      vertex 17.7478 -8.11662 0.0168581
    endloop
  endfacet
  facet normal 0.22517 0.614497 -0.756103
    outer loop
      vertex 25.8941 11.6637 1.5216
      vertex -0.185609 22.4373 2.51084
      vertex 26.4655 12.0958 2.04294
    endloop
  endfacet
  facet normal 0.29714 0.954834 -0
    outer loop
      vertex 7.52594 20.0375 5.58233
      vertex -0.185609 22.4373 3.05654
      vertex 7.52594 20.0375 6.79558
    endloop
  endfacet
  facet normal 0.29714 0.954834 0
    outer loop
      vertex -0.185609 22.4373 3.05654
      vertex 7.52594 20.0375 5.58233
      vertex -0.185609 22.4373 2.51084
    endloop
  endfacet
  facet normal 0.16896 0.945892 0.27702
    outer loop
      vertex 7.52594 20.0375 6.79558
      vertex -3.29709 23.0658 3.05654
      vertex 5.34763 20.4266 6.79558
    endloop
  endfacet
  facet normal 0.329186 0.891519 0.311176
    outer loop
      vertex 10.0847 19.0927 6.79558
      vertex 7.52594 20.0375 6.79558
      vertex 10.3668 18.5732 7.98552
    endloop
  endfacet
  facet normal 0.041392 0.146537 -0.988339
    outer loop
      vertex 20.7892 8.46277 0.123948
      vertex 12.7914 10.0923 0.0306005
      vertex 21.7951 9.63511 0.339893
    endloop
  endfacet
  facet normal -0.112346 -0.0397899 -0.992872
    outer loop
      vertex -32.8031 -3.25736 0.545684
      vertex -33.3643 -1.67282 0.545684
      vertex -31.641 -1.37598 0.338792
    endloop
  endfacet
  facet normal 0.00223166 -0.00253395 -0.999994
    outer loop
      vertex 21.6689 -6.80243 0.0202389
      vertex 19.6417 -7.2536 0.0168581
      vertex 19.9734 -6.96147 0.0168581
    endloop
  endfacet
  facet normal 0.0143915 -0.739562 0.672934
    outer loop
      vertex 5.99393 -22.1009 4.51734
      vertex 5.48497 -22.7233 3.8442
      vertex 9.14921 -22.0395 4.51734
    endloop
  endfacet
  facet normal -0.350061 -0.936727 0
    outer loop
      vertex -33.5671 -10.9561 3.05654
      vertex -19.9096 -16.06 6.103
      vertex -19.9096 -16.06 7.42941
    endloop
  endfacet
  facet normal -0.350061 -0.936727 0
    outer loop
      vertex -19.9096 -16.06 6.103
      vertex -33.5671 -10.9561 3.05654
      vertex -33.5671 -10.9561 2.51084
    endloop
  endfacet
  facet normal -0.0457126 -0.225255 -0.973227
    outer loop
      vertex -7.70748 -14.9021 0.496862
      vertex -9.59718 -13.4886 0.258465
      vertex -8.58948 -13.6931 0.258465
    endloop
  endfacet
  facet normal 0.16664 -0.0858032 -0.982277
    outer loop
      vertex 30.0766 -5.30646 0.7947
      vertex 27.072 -7.72572 0.496305
      vertex 31.0975 -3.32375 0.7947
    endloop
  endfacet
  facet normal 0.00411536 -0.145326 -0.989375
    outer loop
      vertex 12.3782 -16.8111 0.7947
      vertex -7.83052 -13.7327 0.258465
      vertex 14.0099 -14.169 0.413398
    endloop
  endfacet
  facet normal -0.166675 -0.0590316 -0.984243
    outer loop
      vertex -32.8031 -3.25736 0.545684
      vertex -34.7183 -1.90605 0.788963
      vertex -33.3643 -1.67282 0.545684
    endloop
  endfacet
  facet normal -0.361349 -0.336284 -0.869678
    outer loop
      vertex -36.0372 -9.686 2.51084
      vertex -36.9679 -7.3018 1.97563
      vertex -35.3008 -9.09316 1.97563
    endloop
  endfacet
  facet normal -0.450937 0.076192 0.889298
    outer loop
      vertex -23.6284 5.97156 10.9675
      vertex -25.8774 5.42762 9.8737
      vertex -23.6946 5.57976 10.9675
    endloop
  endfacet
  facet normal -0.474975 0.477689 0.739062
    outer loop
      vertex -23.6284 5.97156 10.9675
      vertex -30.6317 10.4195 3.59176
      vertex -25.8774 5.42762 9.8737
    endloop
  endfacet
  facet normal 0.488925 -0.838081 0.242017
    outer loop
      vertex 32.191 -11.7372 4.61515
      vertex 20.3351 -18.8764 3.8442
      vertex 24.2716 -16.5799 3.8442
    endloop
  endfacet
  facet normal 0.342977 -0.752671 -0.562008
    outer loop
      vertex 20.3351 -18.8764 3.15788
      vertex 16.3369 -20.6983 3.15788
      vertex 16.4288 -20.1538 2.48474
    endloop
  endfacet
  facet normal 0.0639001 -0.342458 -0.937358
    outer loop
      vertex 13.1474 -20.2176 1.85066
      vertex 9.90022 -20.8235 1.85066
      vertex 13.8367 -18.527 1.28
    endloop
  endfacet
  facet normal 0.170199 -0.115478 -0.97862
    outer loop
      vertex 29.3914 -8.18661 0.954075
      vertex 26.6397 -8.36287 0.496305
      vertex 27.072 -7.72572 0.496305
    endloop
  endfacet
  facet normal 0.248293 -0.168466 -0.953923
    outer loop
      vertex 30.655 -9.62337 1.53671
      vertex 29.3914 -8.18661 0.954075
      vertex 31.3639 -8.57856 1.53671
    endloop
  endfacet
  facet normal 0.41882 -0.502385 -0.756438
    outer loop
      vertex 31.7365 -11.5318 2.98305
      vertex 30.8449 -11.1289 2.22181
      vertex 33.1036 -10.3921 2.98305
    endloop
  endfacet
  facet normal 0.166391 -0.365151 -0.915958
    outer loop
      vertex 20.1523 -17.471 1.85066
      vertex 16.8709 -17.5348 1.28
      vertex 19.9766 -16.1196 1.28
    endloop
  endfacet
  facet normal 0.00908266 -0.466748 -0.884344
    outer loop
      vertex 9.14921 -22.0395 2.48474
      vertex 5.99393 -22.1009 2.48474
      vertex 9.90022 -20.8235 1.85066
    endloop
  endfacet
  facet normal 0.202657 -0.284854 -0.936904
    outer loop
      vertex 29.5506 -10.544 1.53671
      vertex 23.0342 -14.3357 1.28
      vertex 27.9033 -9.79963 0.954075
    endloop
  endfacet
  facet normal 0.215926 -0.259028 -0.941425
    outer loop
      vertex 29.5506 -10.544 1.53671
      vertex 27.9033 -9.79963 0.954075
      vertex 30.655 -9.62337 1.53671
    endloop
  endfacet
  facet normal 0.128688 -0.0377638 -0.990966
    outer loop
      vertex 31.0975 -3.32375 0.7947
      vertex 27.9197 -4.14697 0.413398
      vertex 31.6432 -1.46416 0.7947
    endloop
  endfacet
  facet normal 0.104467 -0.169364 -0.980001
    outer loop
      vertex 22.2622 -12.9356 0.7947
      vertex 21.3544 -11.2892 0.413398
      vertex 25.9662 -8.9243 0.496305
    endloop
  endfacet
  facet normal 0.25201 -0.00746541 -0.967696
    outer loop
      vertex 36.7506 2.82621 1.85066
      vertex 34.465 -0.357739 1.28
      vertex 34.5251 1.67106 1.28
    endloop
  endfacet
  facet normal 0.458818 0.390014 -0.798358
    outer loop
      vertex 37.6066 5.74337 2.48474
      vertex 36.2041 7.39329 2.48474
      vertex 38.361 6.2338 3.15788
    endloop
  endfacet
  facet normal 0.1744 -0.0957201 -0.980011
    outer loop
      vertex 29.3914 -8.18661 0.954075
      vertex 27.072 -7.72572 0.496305
      vertex 30.0766 -5.30646 0.7947
    endloop
  endfacet
  facet normal 0.0560006 -0.0124877 -0.998353
    outer loop
      vertex 24.6022 -6.78971 0.180986
      vertex 21.7951 -6.52682 0.0202389
      vertex 24.6383 -4.21078 0.150753
    endloop
  endfacet
  facet normal 0.0637525 0.120763 -0.990632
    outer loop
      vertex 21.9016 7.98464 0.123948
      vertex 21.3879 8.25583 0.123948
      vertex 23.6015 8.85866 0.339893
    endloop
  endfacet
  facet normal 0.0760276 -0.0127524 -0.997024
    outer loop
      vertex 28.3251 -2.76517 0.413398
      vertex 24.6022 -6.78971 0.180986
      vertex 24.6383 -4.21078 0.150753
    endloop
  endfacet
  facet normal 0.421506 -0.123672 -0.898353
    outer loop
      vertex 38.2091 1.11036 2.48474
      vertex 35.9235 -2.07359 1.85066
      vertex 36.682 0.511568 1.85066
    endloop
  endfacet
  facet normal 0.278349 -0.0816691 -0.957002
    outer loop
      vertex 35.9235 -2.07359 1.85066
      vertex 33.8001 -2.62365 1.28
      vertex 36.682 0.511568 1.85066
    endloop
  endfacet
  facet normal 0.352441 -0.23913 -0.904766
    outer loop
      vertex 32.9137 -8.88652 2.22181
      vertex 30.655 -9.62337 1.53671
      vertex 31.3639 -8.57856 1.53671
    endloop
  endfacet
  facet normal 0.685369 -0.201112 0.699873
    outer loop
      vertex 38.9877 1.41562 3.8442
      vertex 32.4114 -6.58387 7.98552
      vertex 38.1317 -1.50154 3.8442
    endloop
  endfacet
  facet normal 0.684478 -0.199722 0.701143
    outer loop
      vertex 38.2091 1.11036 4.51734
      vertex 32.4114 -6.58387 7.98552
      vertex 38.9877 1.41562 3.8442
    endloop
  endfacet
  facet normal 0.144216 -0.0909025 0.985362
    outer loop
      vertex 20.9089 -0.101379 12.2604
      vertex 24.5194 -1.0214 11.6471
      vertex 21.0543 -0.0809954 12.241
    endloop
  endfacet
  facet normal 0.143965 -0.0918522 0.985311
    outer loop
      vertex 20.6937 -0.122223 12.2899
      vertex 24.5194 -1.0214 11.6471
      vertex 20.9089 -0.101379 12.2604
    endloop
  endfacet
  facet normal 0.144169 -0.0910162 0.985358
    outer loop
      vertex 20.4712 -0.13472 12.3213
      vertex 24.5194 -1.0214 11.6471
      vertex 20.6937 -0.122223 12.2899
    endloop
  endfacet
  facet normal 0.144486 -0.0896318 0.985439
    outer loop
      vertex 20.2415 -0.138885 12.3546
      vertex 24.5194 -1.0214 11.6471
      vertex 20.4712 -0.13472 12.3213
    endloop
  endfacet
  facet normal 0.144176 -0.0910677 0.985353
    outer loop
      vertex 19.9751 -0.130005 12.3944
      vertex 24.5194 -1.0214 11.6471
      vertex 20.2415 -0.138885 12.3546
    endloop
  endfacet
  facet normal 0.144116 -0.090566 0.985408
    outer loop
      vertex 13.4603 -1.28436 13.2411
      vertex 19.9751 -0.130005 12.3944
      vertex 19.7204 -0.103348 12.4341
    endloop
  endfacet
  facet normal 0.144231 -0.0912275 0.98533
    outer loop
      vertex 13.4603 -1.28436 13.2411
      vertex 19.7204 -0.103348 12.4341
      vertex 19.4773 -0.0588989 12.4738
    endloop
  endfacet
  facet normal 0.145891 -0.0867711 0.985488
    outer loop
      vertex 18.1805 0.698916 12.7335
      vertex 18.3129 0.647812 12.7094
      vertex 18.3009 0.666251 12.7128
    endloop
  endfacet
  facet normal 0.144366 -0.0906621 0.985362
    outer loop
      vertex 18.1805 0.698916 12.7335
      vertex 18.4645 0.467514 12.6706
      vertex 18.3129 0.647812 12.7094
    endloop
  endfacet
  facet normal 0.144163 -0.0909128 0.985369
    outer loop
      vertex 13.4603 -1.28436 13.2411
      vertex 18.4645 0.467514 12.6706
      vertex 18.1805 0.698916 12.7335
    endloop
  endfacet
  facet normal 0.144188 -0.0910072 0.985357
    outer loop
      vertex 19.9751 -0.130005 12.3944
      vertex 13.4603 -1.28436 13.2411
      vertex 24.5194 -1.0214 11.6471
    endloop
  endfacet
  facet normal 0.14418 -0.0909568 0.985362
    outer loop
      vertex 19.2459 0.0032959 12.5134
      vertex 13.4603 -1.28436 13.2411
      vertex 19.4773 -0.0588989 12.4738
    endloop
  endfacet
  facet normal 0.144131 -0.0907167 0.985392
    outer loop
      vertex 19.0262 0.0832977 12.5529
      vertex 13.4603 -1.28436 13.2411
      vertex 19.2459 0.0032959 12.5134
    endloop
  endfacet
  facet normal 0.144173 -0.0909001 0.985369
    outer loop
      vertex 18.8212 0.185257 12.5923
      vertex 13.4603 -1.28436 13.2411
      vertex 19.0262 0.0832977 12.5529
    endloop
  endfacet
  facet normal 0.144165 -0.0908706 0.985372
    outer loop
      vertex 18.634 0.313339 12.6315
      vertex 13.4603 -1.28436 13.2411
      vertex 18.8212 0.185257 12.5923
    endloop
  endfacet
  facet normal 0.14428 -0.0912633 0.985319
    outer loop
      vertex 18.4645 0.467514 12.6706
      vertex 13.4603 -1.28436 13.2411
      vertex 18.634 0.313339 12.6315
    endloop
  endfacet
  facet normal 0.135044 -0.21452 0.967339
    outer loop
      vertex 26.9723 -3.30209 10.9731
      vertex 11.8818 -2.57466 13.2411
      vertex 26.2174 -3.77731 10.9731
    endloop
  endfacet
  facet normal 0.507403 -0.0028104 0.861705
    outer loop
      vertex 29.5386 -2.87481 10.1152
      vertex 29.531 -4.24695 10.1152
      vertex 31.2452 -4.06525 9.10641
    endloop
  endfacet
  facet normal 0.548473 -0.00301307 0.836163
    outer loop
      vertex 31.2452 -4.06525 9.10641
      vertex 31.2366 -5.63072 9.10641
      vertex 38.2836 3.62189 4.51734
    endloop
  endfacet
  facet normal 0.0275865 -0.283101 0.958693
    outer loop
      vertex -0.699391 -7.86078 13.2411
      vertex -5.79548 -10.0763 12.7335
      vertex -4.81348 -9.98061 12.7335
    endloop
  endfacet
  facet normal 0.397151 0.0505193 0.916362
    outer loop
      vertex 28.88 5.19439 9.95578
      vertex 27.3664 -1.35966 10.9731
      vertex 29.5386 -2.87481 10.1152
    endloop
  endfacet
  facet normal 0.0760919 -0.0587986 0.995366
    outer loop
      vertex 8.44923 -3.3898 13.4998
      vertex 8.36416 -3.49989 13.4998
      vertex 13.2083 -1.61041 13.2411
    endloop
  endfacet
  facet normal 0.133758 -0.227768 0.964485
    outer loop
      vertex 7.91624 -3.82548 13.4998
      vertex 7.5706 -4.02846 13.4998
      vertex 26.2174 -3.77731 10.9731
    endloop
  endfacet
  facet normal 0.699409 -0.474546 0.534446
    outer loop
      vertex 33.9812 -9.09865 5.42328
      vertex 33.1036 -10.3921 5.42328
      vertex 33.6127 -10.5519 4.61515
    endloop
  endfacet
  facet normal 0.330123 -0.524361 0.784898
    outer loop
      vertex 31.8262 -7.81526 7.98552
      vertex 30.6876 -8.53209 7.98552
      vertex 30.8449 -11.1289 6.18453
    endloop
  endfacet
  facet normal 0.0441393 0.0520478 0.997669
    outer loop
      vertex 13.4041 -0.0345337 13.1873
      vertex 13.3932 -0.0367909 13.1879
      vertex 13.4214 -1.08046 13.2411
    endloop
  endfacet
  facet normal 0.0450619 0.0520415 0.997628
    outer loop
      vertex 13.2404 9.84406 12.6795
      vertex 13.1846 7.66484 12.7957
      vertex 13.2768 7.6521 12.7922
    endloop
  endfacet
  facet normal 0.0452961 0.052035 0.997617
    outer loop
      vertex 13.1846 7.66484 12.7957
      vertex 13.2404 9.84406 12.6795
      vertex 13.1228 9.94643 12.6795
    endloop
  endfacet
  facet normal 0.0456744 0.0520395 0.9976
    outer loop
      vertex 13.2329 5.87949 12.8866
      vertex 13.3737 1.80113 13.0929
      vertex 13.3068 5.83955 12.8853
    endloop
  endfacet
  facet normal 0.045007 0.0508015 0.997694
    outer loop
      vertex 13.2329 5.87949 12.8866
      vertex 13.3068 5.83955 12.8853
      vertex 13.2893 5.85309 12.8854
    endloop
  endfacet
  facet normal 0.0456826 0.0520398 0.9976
    outer loop
      vertex 13.3737 1.80113 13.0929
      vertex 13.2329 5.87949 12.8866
      vertex 13.344 1.77736 13.0955
    endloop
  endfacet
  facet normal 0.0838424 0.0524118 0.9951
    outer loop
      vertex 18.0415 1.16783 12.7326
      vertex 16.1185 4.29529 12.7299
      vertex 16.1374 3.80559 12.7541
    endloop
  endfacet
  facet normal 0.0840718 0.0525528 0.995073
    outer loop
      vertex 18.0415 1.16783 12.7326
      vertex 16.0618 4.75333 12.7105
      vertex 16.1185 4.29529 12.7299
    endloop
  endfacet
  facet normal 0.10575 0.064505 0.992298
    outer loop
      vertex 16.0618 4.75333 12.7105
      vertex 18.0415 1.16783 12.7326
      vertex 16.0607 4.75821 12.7103
    endloop
  endfacet
  facet normal 0.0839721 0.0525055 0.995084
    outer loop
      vertex 16.0977 3.08447 12.7955
      vertex 18.0415 1.16783 12.7326
      vertex 16.1374 3.80559 12.7541
    endloop
  endfacet
  facet normal 0.0840058 0.0525398 0.995079
    outer loop
      vertex 15.9785 2.43225 12.84
      vertex 18.0415 1.16783 12.7326
      vertex 16.0977 3.08447 12.7955
    endloop
  endfacet
  facet normal 0.0839493 0.0524469 0.995089
    outer loop
      vertex 15.7799 1.84891 12.8875
      vertex 18.0415 1.16783 12.7326
      vertex 15.9785 2.43225 12.84
    endloop
  endfacet
  facet normal 0.0839611 0.0524867 0.995086
    outer loop
      vertex 15.5018 1.33446 12.9381
      vertex 18.0415 1.16783 12.7326
      vertex 15.7799 1.84891 12.8875
    endloop
  endfacet
  facet normal 0.0839889 0.0529429 0.995059
    outer loop
      vertex 18.0415 1.16783 12.7326
      vertex 15.5018 1.33446 12.9381
      vertex 18.0665 1.09058 12.7346
    endloop
  endfacet
  facet normal 0.0838539 0.0514489 0.995149
    outer loop
      vertex 18.0665 1.09058 12.7346
      vertex 15.5018 1.33446 12.9381
      vertex 18.0992 1.02181 12.7354
    endloop
  endfacet
  facet normal 0.0839806 0.0525451 0.995081
    outer loop
      vertex 15.1443 0.888885 12.9918
      vertex 18.0992 1.02181 12.7354
      vertex 15.5018 1.33446 12.9381
    endloop
  endfacet
  facet normal 0.0839908 0.0523379 0.995091
    outer loop
      vertex 14.7185 0.51889 13.0472
      vertex 18.0992 1.02181 12.7354
      vertex 15.1443 0.888885 12.9918
    endloop
  endfacet
  facet normal 0.0841219 0.0524155 0.995076
    outer loop
      vertex 13.4214 -1.08046 13.2411
      vertex 14.7185 0.51889 13.0472
      vertex 14.2354 0.231094 13.1032
    endloop
  endfacet
  facet normal 0.0838941 0.0525581 0.995088
    outer loop
      vertex 13.4214 -1.08046 13.2411
      vertex 14.2354 0.231094 13.1032
      vertex 13.6952 0.0255432 13.1596
    endloop
  endfacet
  facet normal 0.0839586 0.0525487 0.995083
    outer loop
      vertex 14.7185 0.51889 13.0472
      vertex 13.4214 -1.08046 13.2411
      vertex 18.0992 1.02181 12.7354
    endloop
  endfacet
  facet normal 0.083888 0.0525597 0.995088
    outer loop
      vertex 13.4214 -1.08046 13.2411
      vertex 13.6952 0.0255432 13.1596
      vertex 13.4116 -0.0329951 13.1866
    endloop
  endfacet
  facet normal 0.0841292 0.0525052 0.995071
    outer loop
      vertex 13.6779 7.55721 12.7637
      vertex 13.3196 9.72706 12.6795
      vertex 13.3392 7.63938 12.788
    endloop
  endfacet
  facet normal 0.083897 0.0524677 0.995092
    outer loop
      vertex 14.0357 7.42888 12.7403
      vertex 13.3196 9.72706 12.6795
      vertex 13.6779 7.55721 12.7637
    endloop
  endfacet
  facet normal 0.083963 0.0524881 0.995086
    outer loop
      vertex 14.3735 7.26389 12.7205
      vertex 13.3196 9.72706 12.6795
      vertex 14.0357 7.42888 12.7403
    endloop
  endfacet
  facet normal 0.0837386 0.0523925 0.995109
    outer loop
      vertex 14.6874 7.06418 12.7046
      vertex 13.3196 9.72706 12.6795
      vertex 14.3735 7.26389 12.7205
    endloop
  endfacet
  facet normal 0.0848034 0.0529383 0.99499
    outer loop
      vertex 13.3196 9.72706 12.6795
      vertex 14.6874 7.06418 12.7046
      vertex 14.8708 6.91511 12.6969
    endloop
  endfacet
  facet normal 0.0845632 0.0527171 0.995023
    outer loop
      vertex 13.3566 5.80094 12.8835
      vertex 14.0263 3.80559 12.9323
      vertex 14.0116 4.23309 12.9109
    endloop
  endfacet
  facet normal 0.0836352 0.0523312 0.995121
    outer loop
      vertex 13.3566 5.80094 12.8835
      vertex 14.0116 4.23309 12.9109
      vertex 13.9674 4.61559 12.8945
    endloop
  endfacet
  facet normal 0.0839107 0.0524998 0.995089
    outer loop
      vertex 13.3941 1.81749 13.0905
      vertex 14.0263 3.80559 12.9323
      vertex 13.3566 5.80094 12.8835
    endloop
  endfacet
  facet normal 0.0840026 0.0525201 0.995081
    outer loop
      vertex 13.3566 5.80094 12.8835
      vertex 13.9674 4.61559 12.8945
      vertex 13.8938 4.95309 12.8829
    endloop
  endfacet
  facet normal 0.0841024 0.0524378 0.995076
    outer loop
      vertex 14.0263 3.80559 12.9323
      vertex 13.3941 1.81749 13.0905
      vertex 14.0116 3.37753 12.9561
    endloop
  endfacet
  facet normal 0.0835882 0.0522575 0.995129
    outer loop
      vertex 13.3566 5.80094 12.8835
      vertex 13.8938 4.95309 12.8829
      vertex 13.7907 5.24559 12.8762
    endloop
  endfacet
  facet normal 0.0839227 0.0525099 0.995088
    outer loop
      vertex 14.0116 3.37753 12.9561
      vertex 13.3941 1.81749 13.0905
      vertex 13.9674 2.99336 12.9801
    endloop
  endfacet
  facet normal 0.084115 0.0526701 0.995063
    outer loop
      vertex 13.3566 5.80094 12.8835
      vertex 13.7907 5.24559 12.8762
      vertex 13.6582 5.49309 12.8743
    endloop
  endfacet
  facet normal 0.0845979 0.052177 0.995048
    outer loop
      vertex 13.9674 2.99336 12.9801
      vertex 13.3941 1.81749 13.0905
      vertex 13.8938 2.65309 13.0042
    endloop
  endfacet
  facet normal 0.0833643 0.0529214 0.995113
    outer loop
      vertex 13.8938 2.65309 13.0042
      vertex 13.3941 1.81749 13.0905
      vertex 13.7907 2.35669 13.0286
    endloop
  endfacet
  facet normal 0.0840196 0.0525763 0.995076
    outer loop
      vertex 13.3566 5.80094 12.8835
      vertex 13.6582 5.49309 12.8743
      vertex 13.4924 5.69559 12.8776
    endloop
  endfacet
  facet normal 0.0835142 0.0528801 0.995103
    outer loop
      vertex 13.6582 2.10419 13.0531
      vertex 13.3941 1.81749 13.0905
      vertex 13.4929 1.89668 13.078
    endloop
  endfacet
  facet normal 0.0838913 0.0525311 0.995089
    outer loop
      vertex 13.7907 2.35669 13.0286
      vertex 13.3941 1.81749 13.0905
      vertex 13.6582 2.10419 13.0531
    endloop
  endfacet
  facet normal -0.000719376 0.00738138 0.999972
    outer loop
      vertex 6.82696 -1.87054 13.4882
      vertex 8.12115 -3.31589 13.4998
      vertex 8.32534 -3.29599 13.4998
    endloop
  endfacet
  facet normal -0.000413016 0.00765568 0.999971
    outer loop
      vertex 8.12115 -3.31589 13.4998
      vertex 6.82696 -1.87054 13.4882
      vertex 6.75145 -1.99217 13.4891
    endloop
  endfacet
  facet normal -0.000360777 0.00776572 0.99997
    outer loop
      vertex -3.05658 7.53202 13.4118
      vertex -6.06348 10.3926 13.3885
      vertex -3.06325 7.49308 13.4121
    endloop
  endfacet
  facet normal -0.00110291 0.0069491 0.999975
    outer loop
      vertex -1.29779 5.78688 13.4259
      vertex 0.231888 4.40359 13.4372
      vertex -1.29779 5.85883 13.4254
    endloop
  endfacet
  facet normal -0.000428547 0.00769479 0.99997
    outer loop
      vertex 0.231888 4.40359 13.4372
      vertex -1.29779 5.78688 13.4259
      vertex 0.227901 4.3124 13.4379
    endloop
  endfacet
  facet normal 0.000407713 0.00848473 0.999964
    outer loop
      vertex 3.06498 1.70837 13.4591
      vertex 2.7388 2.01868 13.4566
      vertex 2.85063 1.84831 13.458
    endloop
  endfacet
  facet normal -0.000517125 0.00753709 0.999971
    outer loop
      vertex 4.4984 0.243881 13.471
      vertex 5.19562 -0.31858 13.4756
      vertex 4.55823 0.287788 13.4707
    endloop
  endfacet
  facet normal -0.00117994 0.00671551 0.999977
    outer loop
      vertex 4.4601 0.222261 13.4711
      vertex 5.19562 -0.31858 13.4756
      vertex 4.4984 0.243881 13.471
    endloop
  endfacet
  facet normal -0.000381263 0.00780162 0.999969
    outer loop
      vertex 5.19562 -0.31858 13.4756
      vertex 4.4601 0.222261 13.4711
      vertex 5.17969 -0.473168 13.4768
    endloop
  endfacet
  facet normal -0.091887 0.11562 0.989034
    outer loop
      vertex -9.6039 9.41124 13.3885
      vertex -13.6603 8.38249 13.1319
      vertex -9.69008 9.34275 13.3885
    endloop
  endfacet
  facet normal -0.368468 0.63619 0.67786
    outer loop
      vertex -19.3969 18.5507 3.59176
      vertex -23.7052 16.6257 3.05654
      vertex -23.4428 16.2074 3.59176
    endloop
  endfacet
  facet normal -0.501202 0.86533 0
    outer loop
      vertex -19.4977 19.0627 2.51084
      vertex -23.7052 16.6257 3.05654
      vertex -19.4977 19.0627 3.05654
    endloop
  endfacet
  facet normal -0.501202 0.86533 0
    outer loop
      vertex -23.7052 16.6257 3.05654
      vertex -19.4977 19.0627 2.51084
      vertex -23.7052 16.6257 2.51084
    endloop
  endfacet
  facet normal -0.297153 0.574924 0.76234
    outer loop
      vertex -18.9713 10.5894 9.76172
      vertex -19.3969 18.5507 3.59176
      vertex -19.2292 10.5492 9.69151
    endloop
  endfacet
  facet normal -0.29745 0.574857 0.762275
    outer loop
      vertex -18.6694 10.6161 9.85939
      vertex -19.3969 18.5507 3.59176
      vertex -18.9713 10.5894 9.76172
    endloop
  endfacet
  facet normal -0.297286 0.574898 0.762308
    outer loop
      vertex -18.3502 10.625 9.97716
      vertex -19.3969 18.5507 3.59176
      vertex -18.6694 10.6161 9.85939
    endloop
  endfacet
  facet normal -0.297346 0.574881 0.762297
    outer loop
      vertex -18.1105 10.6211 10.0736
      vertex -19.3969 18.5507 3.59176
      vertex -18.3502 10.625 9.97716
    endloop
  endfacet
  facet normal -0.297172 0.574933 0.762326
    outer loop
      vertex -17.8802 10.6094 10.1722
      vertex -19.3969 18.5507 3.59176
      vertex -18.1105 10.6211 10.0736
    endloop
  endfacet
  facet normal -0.29749 0.574833 0.762278
    outer loop
      vertex -17.6594 10.59 10.273
      vertex -19.3969 18.5507 3.59176
      vertex -17.8802 10.6094 10.1722
    endloop
  endfacet
  facet normal -0.297091 0.574966 0.762333
    outer loop
      vertex -17.448 10.5628 10.3759
      vertex -19.3969 18.5507 3.59176
      vertex -17.6594 10.59 10.273
    endloop
  endfacet
  facet normal -0.297539 0.574809 0.762276
    outer loop
      vertex -17.2461 10.5278 10.4811
      vertex -19.3969 18.5507 3.59176
      vertex -17.448 10.5628 10.3759
    endloop
  endfacet
  facet normal -0.297505 0.574821 0.76228
    outer loop
      vertex -17.0564 10.4878 10.5853
      vertex -19.3969 18.5507 3.59176
      vertex -17.2461 10.5278 10.4811
    endloop
  endfacet
  facet normal -0.297373 0.574872 0.762294
    outer loop
      vertex -19.3969 18.5507 3.59176
      vertex -17.0564 10.4878 10.5853
      vertex -16.9019 10.4505 10.6737
    endloop
  endfacet
  facet normal -0.297359 0.574864 0.762305
    outer loop
      vertex -16.9752 8.79169 11.896
      vertex -16.2131 8.21456 12.6285
      vertex -16.665 9.68148 11.346
    endloop
  endfacet
  facet normal -0.297111 0.575094 0.762228
    outer loop
      vertex -17.0713 8.81918 11.8378
      vertex -16.2131 8.21456 12.6285
      vertex -16.9752 8.79169 11.896
    endloop
  endfacet
  facet normal -0.297235 0.574771 0.762423
    outer loop
      vertex -18.9613 7.69442 11.9489
      vertex -17.0713 8.81918 11.8378
      vertex -17.1708 8.84612 11.7787
    endloop
  endfacet
  facet normal -0.297542 0.575185 0.761991
    outer loop
      vertex -18.9613 7.69442 11.9489
      vertex -17.1708 8.84612 11.7787
      vertex -17.2735 8.87248 11.7187
    endloop
  endfacet
  facet normal -0.296924 0.574454 0.762783
    outer loop
      vertex -18.9613 7.69442 11.9489
      vertex -17.2735 8.87248 11.7187
      vertex -17.3797 8.89832 11.6579
    endloop
  endfacet
  facet normal -0.297571 0.575121 0.762028
    outer loop
      vertex -18.9613 7.69442 11.9489
      vertex -17.3797 8.89832 11.6579
      vertex -17.4891 8.9236 11.5961
    endloop
  endfacet
  facet normal -0.297393 0.574962 0.762218
    outer loop
      vertex -18.9613 7.69442 11.9489
      vertex -17.4891 8.9236 11.5961
      vertex -17.6035 8.94609 11.5345
    endloop
  endfacet
  facet normal -0.297195 0.574811 0.762409
    outer loop
      vertex -18.9613 7.69442 11.9489
      vertex -17.6035 8.94609 11.5345
      vertex -17.7246 8.96359 11.4741
    endloop
  endfacet
  facet normal -0.297421 0.574987 0.762188
    outer loop
      vertex -18.9613 8.05559 11.6765
      vertex -17.7246 8.96359 11.4741
      vertex -17.8524 8.97609 11.4148
    endloop
  endfacet
  facet normal -0.297234 0.574818 0.762389
    outer loop
      vertex -18.9613 8.05559 11.6765
      vertex -17.8524 8.97609 11.4148
      vertex -17.9869 8.9836 11.3567
    endloop
  endfacet
  facet normal -0.297248 0.574837 0.762369
    outer loop
      vertex -18.9532 8.21112 11.5624
      vertex -17.9869 8.9836 11.3567
      vertex -18.128 8.9861 11.2998
    endloop
  endfacet
  facet normal -0.297278 0.574872 0.762331
    outer loop
      vertex -18.9291 8.35555 11.4629
      vertex -18.128 8.9861 11.2998
      vertex -18.291 8.97554 11.2442
    endloop
  endfacet
  facet normal -0.297598 0.575246 0.761923
    outer loop
      vertex -18.8324 8.61108 11.3079
      vertex -18.291 8.97554 11.2442
      vertex -18.4357 8.94386 11.2116
    endloop
  endfacet
  facet normal -0.297517 0.57538 0.761854
    outer loop
      vertex -18.7599 8.7222 11.2524
      vertex -18.4357 8.94386 11.2116
      vertex -18.5621 8.89108 11.2021
    endloop
  endfacet
  facet normal -0.297063 0.574989 0.762326
    outer loop
      vertex -18.7599 8.7222 11.2524
      vertex -18.5621 8.89108 11.2021
      vertex -18.6702 8.8172 11.2157
    endloop
  endfacet
  facet normal -0.296904 0.574632 0.762657
    outer loop
      vertex -18.4357 8.94386 11.2116
      vertex -18.7599 8.7222 11.2524
      vertex -18.8324 8.61108 11.3079
    endloop
  endfacet
  facet normal -0.297013 0.574514 0.762704
    outer loop
      vertex -18.291 8.97554 11.2442
      vertex -18.8324 8.61108 11.3079
      vertex -18.8888 8.48886 11.378
    endloop
  endfacet
  facet normal -0.297779 0.575224 0.761869
    outer loop
      vertex -18.291 8.97554 11.2442
      vertex -18.8888 8.48886 11.378
      vertex -18.9291 8.35555 11.4629
    endloop
  endfacet
  facet normal -0.297224 0.574819 0.762392
    outer loop
      vertex -18.128 8.9861 11.2998
      vertex -18.9291 8.35555 11.4629
      vertex -18.9532 8.21112 11.5624
    endloop
  endfacet
  facet normal -0.297209 0.5748 0.762412
    outer loop
      vertex -17.9869 8.9836 11.3567
      vertex -18.9532 8.21112 11.5624
      vertex -18.9613 8.05559 11.6765
    endloop
  endfacet
  facet normal -0.297355 0.574915 0.762268
    outer loop
      vertex -17.7246 8.96359 11.4741
      vertex -18.9613 8.05559 11.6765
      vertex -18.9613 7.69442 11.9489
    endloop
  endfacet
  facet normal -0.297316 0.574895 0.762299
    outer loop
      vertex -17.0713 8.81918 11.8378
      vertex -18.9613 7.69442 11.9489
      vertex -16.2131 8.21456 12.6285
    endloop
  endfacet
  facet normal -0.303132 0.573704 0.760904
    outer loop
      vertex -19.3969 18.5507 3.59176
      vertex -19.256 10.545 9.684
      vertex -19.2292 10.5492 9.69151
    endloop
  endfacet
  facet normal -0.302434 0.573846 0.761075
    outer loop
      vertex -19.3969 18.5507 3.59176
      vertex -19.5235 10.4828 9.6246
      vertex -19.256 10.545 9.684
    endloop
  endfacet
  facet normal -0.30245 0.573843 0.76107
    outer loop
      vertex -19.3969 18.5507 3.59176
      vertex -19.7738 10.4028 9.58545
      vertex -19.5235 10.4828 9.6246
    endloop
  endfacet
  facet normal -0.302341 0.57386 0.761101
    outer loop
      vertex -19.7738 10.4028 9.58545
      vertex -19.3969 18.5507 3.59176
      vertex -19.9811 10.3117 9.57179
    endloop
  endfacet
  facet normal -0.528387 0.470113 0.706966
    outer loop
      vertex -30.6317 10.4195 3.59176
      vertex -34.1627 7.25568 3.05654
      vertex -33.4984 7.19745 3.59176
    endloop
  endfacet
  facet normal 0.251468 -0.769 0.58771
    outer loop
      vertex 16.4288 -20.1538 4.51734
      vertex 12.6726 -21.3821 4.51734
      vertex 16.3369 -20.6983 3.8442
    endloop
  endfacet
  facet normal -0.297262 0.564054 0.770376
    outer loop
      vertex -18.9613 7.69442 11.9489
      vertex -16.9858 7.80734 12.6285
      vertex -16.2131 8.21456 12.6285
    endloop
  endfacet
  facet normal -0.297418 0.563145 0.77098
    outer loop
      vertex -16.9858 7.80734 12.6285
      vertex -18.9613 7.69442 11.9489
      vertex -18.9613 7.66964 11.967
    endloop
  endfacet
  facet normal -0.0356097 -0.158098 0.986781
    outer loop
      vertex -1.63218 -7.84581 13.2411
      vertex -6.32825 -9.9563 12.7335
      vertex -5.79548 -10.0763 12.7335
    endloop
  endfacet
  facet normal 0.0136788 -0.140356 0.990007
    outer loop
      vertex 3.46391 -5.63028 13.4998
      vertex -0.699391 -7.86078 13.2411
      vertex 3.6681 -5.61038 13.4998
    endloop
  endfacet
  facet normal -0.151944 -0.674578 0.722397
    outer loop
      vertex -16.9728 -14.7401 9.95578
      vertex -18.9179 -15.6143 8.73033
      vertex -17.8364 -15.8579 8.73033
    endloop
  endfacet
  facet normal 0.0943165 -0.505467 0.857676
    outer loop
      vertex 13.1474 -20.2176 5.15142
      vertex 9.90022 -20.8235 5.15142
      vertex 12.6726 -21.3821 4.51734
    endloop
  endfacet
  facet normal 0.143172 -0.76721 -0.625212
    outer loop
      vertex 12.4306 -21.9757 3.15788
      vertex 8.76635 -22.6595 3.15788
      vertex 9.14921 -22.0395 2.48474
    endloop
  endfacet
  facet normal -0.0562717 -0.249818 0.966656
    outer loop
      vertex -6.32825 -9.9563 12.7335
      vertex -10.5546 -11.8557 11.9966
      vertex -9.83762 -12.0172 11.9966
    endloop
  endfacet
  facet normal -0.0700074 0.404932 0.911663
    outer loop
      vertex -4.70897 11.2158 13.1319
      vertex -6.34005 10.3561 13.3885
      vertex -3.73897 11.3835 13.1319
    endloop
  endfacet
  facet normal -0.0701394 0.405151 0.911555
    outer loop
      vertex -4.70897 11.2158 13.1319
      vertex -6.66757 10.2994 13.3885
      vertex -6.34005 10.3561 13.3885
    endloop
  endfacet
  facet normal -0.142847 0.617913 0.773162
    outer loop
      vertex 5.20315 18.5752 9.10641
      vertex -11.1739 21.6894 3.59176
      vertex -6.94823 10.7292 13.1319
    endloop
  endfacet
  facet normal -0.136693 0.411721 0.901
    outer loop
      vertex -10.3994 9.77261 13.1319
      vertex -11.3971 9.44137 13.1319
      vertex -8.92587 9.70029 13.3885
    endloop
  endfacet
  facet normal -0.121971 0.272978 -0.954257
    outer loop
      vertex -15.566 17.5838 1.01774
      vertex -19.1993 17.5465 1.47147
      vertex -15.3814 19.2524 1.47147
    endloop
  endfacet
  facet normal -0.0449719 0.257371 -0.965266
    outer loop
      vertex -9.15084 19.169 1.01774
      vertex -11.6209 20.4391 1.47147
      vertex -8.06238 21.0609 1.47147
    endloop
  endfacet
  facet normal 0.107329 0.912103 0.395661
    outer loop
      vertex 5.34763 20.4266 6.79558
      vertex -3.29709 23.0658 3.05654
      vertex 5.81177 19.8558 7.98552
    endloop
  endfacet
  facet normal -0.388438 0.368757 -0.844473
    outer loop
      vertex -33.8561 5.78595 1.05928
      vertex -34.2598 6.01788 1.34625
      vertex -32.3504 7.37201 1.05928
    endloop
  endfacet
  facet normal -0.172986 0.253932 -0.951627
    outer loop
      vertex -22.1807 14.1956 1.01774
      vertex -30.5144 8.6741 1.05928
      vertex -22.928 15.3869 1.47147
    endloop
  endfacet
  facet normal -0.0744833 0.105029 -0.991676
    outer loop
      vertex -29.4529 4.88131 0.338792
      vertex -30.6981 5.95171 0.545684
      vertex -28.2357 5.74451 0.338792
    endloop
  endfacet
  facet normal -0.528397 0.470127 0.706949
    outer loop
      vertex -31.1814 10.6065 3.05654
      vertex -34.1627 7.25568 3.05654
      vertex -30.6317 10.4195 3.59176
    endloop
  endfacet
  facet normal -0.667321 0.74477 0
    outer loop
      vertex -27.6503 13.7704 2.51084
      vertex -31.1814 10.6065 3.05654
      vertex -27.6503 13.7704 3.05654
    endloop
  endfacet
  facet normal -0.667321 0.74477 0
    outer loop
      vertex -31.1814 10.6065 3.05654
      vertex -27.6503 13.7704 2.51084
      vertex -31.1814 10.6065 2.51084
    endloop
  endfacet
  facet normal -0.531489 -0.0173844 -0.846887
    outer loop
      vertex -37.8629 -5.00922 1.97563
      vertex -38.7937 -2.62502 2.51084
      vertex -37.9514 -2.30353 1.97563
    endloop
  endfacet
  facet normal -0.25558 -0.111753 -0.960307
    outer loop
      vertex -34.078 -3.71384 0.788963
      vertex -36.9679 -7.3018 1.97563
      vertex -34.9562 -4.02826 1.05928
    endloop
  endfacet
  facet normal -0.000434232 -0.00083463 -1
    outer loop
      vertex -15.4171 -9.6219 0.01054
      vertex -24.4426 -0.908731 0.00718689
      vertex -15.0974 -9.78823 0.01054
    endloop
  endfacet
  facet normal -0.273219 0.0306201 -0.961464
    outer loop
      vertex -34.7264 1.855 0.788963
      vertex -35.8885 -0.0263796 1.05928
      vertex -35.6598 2.01428 1.05928
    endloop
  endfacet
  facet normal -0.827048 0.562131 0
    outer loop
      vertex -36.4798 3.84659 2.51084
      vertex -34.1627 7.25568 3.05654
      vertex -34.1627 7.25568 2.51084
    endloop
  endfacet
  facet normal -0.827048 0.562131 0
    outer loop
      vertex -34.1627 7.25568 3.05654
      vertex -36.4798 3.84659 2.51084
      vertex -36.4798 3.84659 3.05654
    endloop
  endfacet
  facet normal 0.527589 0.286238 0.799823
    outer loop
      vertex 38.361 6.2338 3.8442
      vertex 30.7072 6.68804 8.73033
      vertex 37.6066 5.74337 4.51734
    endloop
  endfacet
  facet normal 0.359557 0.417683 0.834422
    outer loop
      vertex 19.2146 13.2725 10.3866
      vertex 17.9636 12.5894 11.2676
      vertex 30.7072 6.68804 8.73033
    endloop
  endfacet
  facet normal 0.0453137 0.300328 0.952759
    outer loop
      vertex 1.7732 12.5648 12.6285
      vertex -1.85339 11.515 13.1319
      vertex 13.2811 11.4379 12.4364
    endloop
  endfacet
  facet normal 0.103044 0.298599 0.9488
    outer loop
      vertex 14.8986 12.4877 11.9597
      vertex 13.8765 11.3257 12.4364
      vertex 15.7633 12.1893 11.9597
    endloop
  endfacet
  facet normal 0.206298 0.127111 0.970198
    outer loop
      vertex 25.9381 4.54472 11.0586
      vertex 20.9668 4.57731 12.1114
      vertex 21.4621 3.77345 12.1114
    endloop
  endfacet
  facet normal 0.206002 0.141746 0.968231
    outer loop
      vertex 22.0609 6.02779 11.6664
      vertex 25.9381 4.54472 11.0586
      vertex 22.0609 7.49162 11.4521
    endloop
  endfacet
  facet normal 0.20598 0.141682 0.968245
    outer loop
      vertex 22.0609 6.02779 11.6664
      vertex 20.9668 4.57731 12.1114
      vertex 25.9381 4.54472 11.0586
    endloop
  endfacet
  facet normal 0.205979 0.141683 0.968245
    outer loop
      vertex 20.9668 4.57731 12.1114
      vertex 22.0609 6.02779 11.6664
      vertex 20.1228 6.02779 12.0787
    endloop
  endfacet
  facet normal 0.206107 0.141814 0.968199
    outer loop
      vertex 18.6165 9.19449 11.9355
      vertex 17.0583 11.2939 11.9597
      vertex 18.4848 8.84245 12.0151
    endloop
  endfacet
  facet normal 0.205954 0.1417 0.968248
    outer loop
      vertex 17.0583 11.2939 11.9597
      vertex 18.6165 9.19449 11.9355
      vertex 19.8205 9.19449 11.6794
    endloop
  endfacet
  facet normal 0.205975 0.141729 0.968239
    outer loop
      vertex 19.9359 9.10675 11.6677
      vertex 19.9359 7.5833 11.8907
      vertex 21.9403 7.5833 11.4643
    endloop
  endfacet
  facet normal 0.253652 0.0684647 0.96487
    outer loop
      vertex 25.9381 4.54472 11.0586
      vertex 24.533 1.45672 11.6471
      vertex 24.8123 0.421953 11.6471
    endloop
  endfacet
  facet normal 0.197294 0.0532529 0.978897
    outer loop
      vertex 24.533 1.45672 11.6471
      vertex 21.8023 3.03879 12.1114
      vertex 24.8123 0.421953 11.6471
    endloop
  endfacet
  facet normal -0.0778535 0.734546 0.674078
    outer loop
      vertex 5.81177 19.8558 7.98552
      vertex -6.93041 23.0285 3.05654
      vertex 4.16348 19.6811 7.98552
    endloop
  endfacet
  facet normal 0.347783 0.924466 -0.156233
    outer loop
      vertex 26.7567 12.3161 2.59639
      vertex -0.185609 22.4373 2.51084
      vertex 10.0847 19.0927 5.58233
    endloop
  endfacet
  facet normal 0.197297 0.0532556 0.978896
    outer loop
      vertex 24.8123 0.421953 11.6471
      vertex 21.8023 3.03879 12.1114
      vertex 21.9743 2.40158 12.1114
    endloop
  endfacet
  facet normal 0.145506 0.039276 0.988577
    outer loop
      vertex 19.9829 2.04692 12.4186
      vertex 21.9743 2.40158 12.1114
      vertex 21.8023 3.03879 12.1114
    endloop
  endfacet
  facet normal 0.145549 0.0390411 0.98858
    outer loop
      vertex 21.9743 2.40158 12.1114
      vertex 19.9829 2.04692 12.4186
      vertex 20.16 1.75637 12.404
    endloop
  endfacet
  facet normal 0.147174 0.0400461 0.9883
    outer loop
      vertex 20.0259 1.93578 12.4167
      vertex 20.16 1.75637 12.404
      vertex 19.9829 2.04692 12.4186
    endloop
  endfacet
  facet normal 0.146297 0.0393791 0.988457
    outer loop
      vertex 20.16 1.75637 12.404
      vertex 20.0259 1.93578 12.4167
      vertex 20.0959 1.82382 12.4108
    endloop
  endfacet
  facet normal -0.0386183 0.524128 0.850763
    outer loop
      vertex 6.72223 18.7363 9.10641
      vertex -2.9199 11.4917 13.1319
      vertex 0.0412893 12.527 12.6285
    endloop
  endfacet
  facet normal 0.000913788 0.00906424 0.999959
    outer loop
      vertex -5.70336 10.4005 13.3885
      vertex -2.9273 7.5833 13.4115
      vertex -2.81787 7.5833 13.4114
    endloop
  endfacet
  facet normal 0.000419586 0.00857729 0.999963
    outer loop
      vertex -2.9273 7.5833 13.4115
      vertex -5.70336 10.4005 13.3885
      vertex -5.8485 10.4076 13.3885
    endloop
  endfacet
  facet normal -0.00491221 0.00304434 0.999983
    outer loop
      vertex 6.84143 -1.84723 13.4881
      vertex 6.83597 -1.85604 13.4881
      vertex 8.32534 -3.29599 13.4998
    endloop
  endfacet
  facet normal 0.000601855 0.00875623 0.999961
    outer loop
      vertex -1.29779 6.00786 13.4243
      vertex 0.249904 4.58818 13.4358
      vertex -1.29779 6.09922 13.4235
    endloop
  endfacet
  facet normal -0.000540773 0.00751065 0.999972
    outer loop
      vertex 0.249904 4.58818 13.4358
      vertex -1.29779 6.00786 13.4243
      vertex 0.240185 4.52091 13.4363
    endloop
  endfacet
  facet normal -0.000362628 0.00782764 0.999969
    outer loop
      vertex 3.34871 1.56277 13.4604
      vertex 2.58335 2.25548 13.4547
      vertex 3.28946 1.5728 13.4603
    endloop
  endfacet
  facet normal -0.000126155 0.0080889 0.999967
    outer loop
      vertex 2.53861 2.35368 13.4539
      vertex 2.58335 2.25548 13.4547
      vertex 3.34871 1.56277 13.4604
    endloop
  endfacet
  facet normal 0.0078251 0.011711 0.999901
    outer loop
      vertex 2.58335 2.25548 13.4547
      vertex 2.53861 2.35368 13.4539
      vertex 2.55341 2.3011 13.4544
    endloop
  endfacet
  facet normal -0.000665284 0.00748215 0.999972
    outer loop
      vertex 4.59253 0.312961 13.4705
      vertex 5.20294 -0.247543 13.4751
      vertex 4.61326 0.328169 13.4704
    endloop
  endfacet
  facet normal -0.000661391 0.00748639 0.999972
    outer loop
      vertex 5.20294 -0.247543 13.4751
      vertex 4.59253 0.312961 13.4705
      vertex 5.20016 -0.274503 13.4753
    endloop
  endfacet
  facet normal -0.19118 0.605833 0.77228
    outer loop
      vertex -11.1739 21.6894 3.59176
      vertex -15.2542 20.4018 3.59176
      vertex -10.3994 9.77261 13.1319
    endloop
  endfacet
  facet normal 0.358782 0.900172 0.246912
    outer loop
      vertex 19.6802 15.2182 6.97795
      vertex 10.0847 19.0927 6.79558
      vertex 19.3943 14.997 8.19982
    endloop
  endfacet
  facet normal 0.408386 0.876681 0.254266
    outer loop
      vertex 19.6802 15.2182 6.97795
      vertex 19.3943 14.997 8.19982
      vertex 34.7456 9.10914 3.8442
    endloop
  endfacet
  facet normal 0.658262 -0.0195261 0.752536
    outer loop
      vertex 38.2836 3.62189 4.51734
      vertex 38.2091 1.11036 4.51734
      vertex 38.9877 1.41562 3.8442
    endloop
  endfacet
  facet normal 0.658294 -0.0195075 0.752508
    outer loop
      vertex 39.0651 4.02753 3.8442
      vertex 38.2836 3.62189 4.51734
      vertex 38.9877 1.41562 3.8442
    endloop
  endfacet
  facet normal 0.53041 0.169263 0.830672
    outer loop
      vertex 37.6066 5.74337 4.51734
      vertex 30.7072 6.68804 8.73033
      vertex 38.2836 3.62189 4.51734
    endloop
  endfacet
  facet normal 0.583899 0.186343 0.790151
    outer loop
      vertex 38.361 6.2338 3.8442
      vertex 37.6066 5.74337 4.51734
      vertex 39.0651 4.02753 3.8442
    endloop
  endfacet
  facet normal 0.0658602 0.00953744 -0.997783
    outer loop
      vertex 24.6609 -3.44892 0.150753
      vertex 22.7562 6.89959 0.123948
      vertex 28.3618 -1.52797 0.413398
    endloop
  endfacet
  facet normal 0.122002 0.153525 -0.980584
    outer loop
      vertex 24.2657 8.33084 0.339893
      vertex 23.6015 8.85866 0.339893
      vertex 26.0253 8.93493 0.653398
    endloop
  endfacet
  facet normal -0.0575116 0.542301 0.838214
    outer loop
      vertex 5.20315 18.5752 9.10641
      vertex -2.9199 11.4917 13.1319
      vertex 6.72223 18.7363 9.10641
    endloop
  endfacet
  facet normal -0.036431 0.522424 0.851907
    outer loop
      vertex 6.72223 18.7363 9.10641
      vertex 0.0412893 12.527 12.6285
      vertex 1.07521 12.5991 12.6285
    endloop
  endfacet
  facet normal 0.00641132 0.0828334 -0.996543
    outer loop
      vertex 3.88625 11.3676 0.0145388
      vertex 3.30112 12.8021 0.130011
      vertex 4.34892 12.721 0.130011
    endloop
  endfacet
  facet normal -0.0047653 0.00658317 -0.999967
    outer loop
      vertex -17.549 6.81269 0.0134039
      vertex -24.6345 0.739424 0.00718689
      vertex -17.9375 6.53147 0.0134039
    endloop
  endfacet
  facet normal 0.0026644 -0.000675734 -0.999996
    outer loop
      vertex 21.7588 -6.66995 0.0202389
      vertex 20.7244 -5.74543 0.0168581
      vertex 21.7951 -6.52682 0.0202389
    endloop
  endfacet
  facet normal -0.00185005 0.00319492 -0.999993
    outer loop
      vertex -17.1345 7.05271 0.0134039
      vertex -24.4464 0.872794 0.00718689
      vertex -17.549 6.81269 0.0134039
    endloop
  endfacet
  facet normal 0.0856401 -0.0216984 -0.99609
    outer loop
      vertex 28.3251 -2.76517 0.413398
      vertex 24.4948 -7.2136 0.180986
      vertex 24.6022 -6.78971 0.180986
    endloop
  endfacet
  facet normal -0.0468107 -0.0165835 -0.998766
    outer loop
      vertex -27.1521 -1.23412 0.0642681
      vertex -29.6145 -1.02693 0.176237
      vertex -27.3629 -0.639089 0.0642681
    endloop
  endfacet
  facet normal 0.000110731 -0.000244496 -1
    outer loop
      vertex -13.4586 -10.2749 0.01054
      vertex -23.2762 -1.00687 0.00718689
      vertex 3.03773 6.80716 0.00819016
    endloop
  endfacet
  facet normal 0.00393567 -0.00863457 -0.999955
    outer loop
      vertex 21.3441 -7.01568 0.0202389
      vertex 18.4935 -7.92347 0.0168581
      vertex 18.8872 -7.74402 0.0168581
    endloop
  endfacet
  facet normal -3.37435e-05 -0.000401087 -1
    outer loop
      vertex -13.7164 -10.2931 0.01054
      vertex -23.9942 -1.06836 0.00718689
      vertex -23.7516 -1.08877 0.00718689
    endloop
  endfacet
  facet normal -0.0207312 -0.0129113 -0.999702
    outer loop
      vertex -24.7861 -0.613409 0.00718689
      vertex -27.1521 -1.23412 0.0642681
      vertex -24.9014 -0.428276 0.00718689
    endloop
  endfacet
  facet normal 0.00908493 -0.466754 -0.884341
    outer loop
      vertex 9.90022 -20.8235 1.85066
      vertex 5.99393 -22.1009 2.48474
      vertex 6.9923 -20.8801 1.85066
    endloop
  endfacet
  facet normal -0.154947 -0.536889 -0.829302
    outer loop
      vertex 3.32805 -21.5638 2.48474
      vertex -33.5671 -10.9561 2.51084
      vertex -32.9257 -10.3145 1.97563
    endloop
  endfacet
  facet normal -0.169704 -0.885017 0.433527
    outer loop
      vertex -17.8364 -15.8579 8.73033
      vertex -18.7848 -16.3133 7.42941
      vertex 5.48497 -22.7233 3.8442
    endloop
  endfacet
  facet normal -0.406636 -0.378422 0.831531
    outer loop
      vertex -18.9179 -15.6143 8.73033
      vertex -37.7709 -7.82304 3.05654
      vertex -36.0372 -9.686 3.05654
    endloop
  endfacet
  facet normal -0.361359 -0.336287 -0.869673
    outer loop
      vertex -36.0372 -9.686 2.51084
      vertex -37.7709 -7.82304 2.51084
      vertex -36.9679 -7.3018 1.97563
    endloop
  endfacet
  facet normal -0.46181 -0.180292 -0.868462
    outer loop
      vertex -37.7709 -7.82304 2.51084
      vertex -38.7017 -5.43884 2.51084
      vertex -36.9679 -7.3018 1.97563
    endloop
  endfacet
  facet normal -0.446547 0.275825 -0.851185
    outer loop
      vertex -34.9735 3.97686 1.05928
      vertex -35.4219 4.1365 1.34625
      vertex -34.2598 6.01788 1.34625
    endloop
  endfacet
  facet normal 0.00356062 -0.0451171 -0.998975
    outer loop
      vertex 15.823 -11.2332 0.150753
      vertex -10.609 -12.0682 0.0942535
      vertex 17.7478 -8.11662 0.0168581
    endloop
  endfacet
  facet normal 0.00497063 -0.0899567 -0.995933
    outer loop
      vertex -7.83052 -13.7327 0.258465
      vertex -10.609 -12.0682 0.0942535
      vertex 15.823 -11.2332 0.150753
    endloop
  endfacet
  facet normal 0.161768 -0.242378 -0.9566
    outer loop
      vertex 23.0342 -14.3357 1.28
      vertex 22.2622 -12.9356 0.7947
      vertex 27.9033 -9.79963 0.954075
    endloop
  endfacet
  facet normal 0.0350221 -0.10711 -0.99363
    outer loop
      vertex 17.5959 -13.2401 0.413398
      vertex 15.7456 -13.8451 0.413398
      vertex 16.8919 -11.0338 0.150753
    endloop
  endfacet
  facet normal -0.45665 -0.0149365 0.889521
    outer loop
      vertex -25.9529 4.98062 9.8737
      vertex -37.9514 -2.30353 3.59176
      vertex -37.8629 -5.00922 3.59176
    endloop
  endfacet
  facet normal -0.599786 0.143533 -0.787182
    outer loop
      vertex -36.1356 2.09548 1.34625
      vertex -38.7937 -2.62502 2.51084
      vertex -38.0434 0.510283 2.51084
    endloop
  endfacet
  facet normal -0.567795 0.135877 0.811878
    outer loop
      vertex -38.0434 0.510283 3.05654
      vertex -38.7937 -2.62502 3.05654
      vertex -37.23 0.711282 3.59176
    endloop
  endfacet
  facet normal 0.183447 -0.98303 0
    outer loop
      vertex 8.76635 -22.6595 3.15788
      vertex 12.4306 -21.9757 3.8442
      vertex 8.76635 -22.6595 3.8442
    endloop
  endfacet
  facet normal 0.183447 -0.98303 0
    outer loop
      vertex 12.4306 -21.9757 3.8442
      vertex 8.76635 -22.6595 3.15788
      vertex 12.4306 -21.9757 3.15788
    endloop
  endfacet
  facet normal 0.414658 -0.909977 0
    outer loop
      vertex 16.3369 -20.6983 3.15788
      vertex 20.3351 -18.8764 3.8442
      vertex 16.3369 -20.6983 3.8442
    endloop
  endfacet
  facet normal 0.414658 -0.909977 0
    outer loop
      vertex 20.3351 -18.8764 3.8442
      vertex 16.3369 -20.6983 3.15788
      vertex 20.3351 -18.8764 3.15788
    endloop
  endfacet
  facet normal 0.302526 -0.362893 -0.881355
    outer loop
      vertex 30.8449 -11.1289 2.22181
      vertex 29.5506 -10.544 1.53671
      vertex 32.1049 -10.0785 2.22181
    endloop
  endfacet
  facet normal 0.42149 -0.722499 -0.548034
    outer loop
      vertex 20.3351 -18.8764 3.15788
      vertex 20.2734 -18.4018 2.48474
      vertex 24.0586 -16.1936 2.48474
    endloop
  endfacet
  facet normal 0.460136 -0.69937 -0.546952
    outer loop
      vertex 24.2716 -16.5799 3.15788
      vertex 24.0586 -16.1936 2.48474
      vertex 31.7365 -11.5318 2.98305
    endloop
  endfacet
  facet normal 0.64036 -0.768075 0
    outer loop
      vertex 32.191 -11.7372 3.79118
      vertex 33.6127 -10.5519 4.61515
      vertex 32.191 -11.7372 4.61515
    endloop
  endfacet
  facet normal 0.64036 -0.768075 0
    outer loop
      vertex 33.6127 -10.5519 4.61515
      vertex 32.191 -11.7372 3.79118
      vertex 33.6127 -10.5519 3.79118
    endloop
  endfacet
  facet normal 0.0795877 -0.174663 -0.981407
    outer loop
      vertex 19.7529 -14.3996 0.7947
      vertex 17.2041 -15.561 0.7947
      vertex 19.4898 -12.377 0.413398
    endloop
  endfacet
  facet normal 0.116486 -0.255639 -0.959729
    outer loop
      vertex 19.9766 -16.1196 1.28
      vertex 17.2041 -15.561 0.7947
      vertex 19.7529 -14.3996 0.7947
    endloop
  endfacet
  facet normal 0.699409 -0.474546 -0.534446
    outer loop
      vertex 33.6127 -10.5519 3.79118
      vertex 33.1036 -10.3921 2.98305
      vertex 33.9812 -9.09865 2.98305
    endloop
  endfacet
  facet normal 0.68462 -0.200892 -0.700669
    outer loop
      vertex 38.1317 -1.50154 3.15788
      vertex 37.3861 -1.6947 2.48474
      vertex 38.9877 1.41562 3.15788
    endloop
  endfacet
  facet normal 0.171391 -0.524119 -0.834221
    outer loop
      vertex 16.4288 -20.1538 2.48474
      vertex 13.1474 -20.2176 1.85066
      vertex 16.6091 -19.0856 1.85066
    endloop
  endfacet
  facet normal 0.251468 -0.768992 -0.587721
    outer loop
      vertex 16.3369 -20.6983 3.15788
      vertex 12.4306 -21.9757 3.15788
      vertex 12.6726 -21.3821 2.48474
    endloop
  endfacet
  facet normal 0.282553 -0.397386 -0.873068
    outer loop
      vertex 30.8449 -11.1289 2.22181
      vertex 23.6408 -15.4358 1.85066
      vertex 29.5506 -10.544 1.53671
    endloop
  endfacet
  facet normal 0.235019 -0.342312 -0.909719
    outer loop
      vertex 23.6408 -15.4358 1.85066
      vertex 23.0342 -14.3357 1.28
      vertex 29.5506 -10.544 1.53671
    endloop
  endfacet
  facet normal 0.0458703 0.00585522 -0.99893
    outer loop
      vertex 24.6609 -3.44892 0.150753
      vertex 20.3855 6.69041 0.0138607
      vertex 22.7562 6.89959 0.123948
    endloop
  endfacet
  facet normal 0.0556654 0.22914 -0.971801
    outer loop
      vertex 6.44271 13.7367 0.356519
      vertex -2.08521 20.537 1.47147
      vertex 7.99335 13.36 0.356519
    endloop
  endfacet
  facet normal 0.0448059 0.0178705 -0.998836
    outer loop
      vertex 22.7562 6.89959 0.123948
      vertex 20.3325 6.82332 0.0138607
      vertex 22.5992 7.29323 0.123948
    endloop
  endfacet
  facet normal 0.0120658 0.0349129 -0.999318
    outer loop
      vertex 19.7213 7.21823 0.0138607
      vertex 12.9712 10.0302 0.0306005
      vertex 19.9235 7.14835 0.0138607
    endloop
  endfacet
  facet normal 0.071891 -0.00213259 -0.99741
    outer loop
      vertex 28.3618 -1.52797 0.413398
      vertex 24.6383 -4.21078 0.150753
      vertex 24.6609 -3.44892 0.150753
    endloop
  endfacet
  facet normal 0.071891 -0.00213256 -0.99741
    outer loop
      vertex 28.3251 -2.76517 0.413398
      vertex 24.6383 -4.21078 0.150753
      vertex 28.3618 -1.52797 0.413398
    endloop
  endfacet
  facet normal -0.022513 0.00786182 -0.999716
    outer loop
      vertex -24.9734 0.190644 0.00718689
      vertex -27.3656 0.598861 0.0642681
      vertex -24.9032 0.391668 0.00718689
    endloop
  endfacet
  facet normal 0.041291 0.00392148 -0.999139
    outer loop
      vertex 21.7951 -6.52682 0.0202389
      vertex 20.3855 6.69041 0.0138607
      vertex 24.6609 -3.44892 0.150753
    endloop
  endfacet
  facet normal 0.51145 -0.306752 -0.802696
    outer loop
      vertex 33.9812 -9.09865 2.98305
      vertex 32.9137 -8.88652 2.22181
      vertex 35.846 -4.6855 2.48474
    endloop
  endfacet
  facet normal 0.500427 -0.339557 -0.796413
    outer loop
      vertex 33.1036 -10.3921 2.98305
      vertex 32.1049 -10.0785 2.22181
      vertex 32.9137 -8.88652 2.22181
    endloop
  endfacet
  facet normal 0.115489 -0.00342585 -0.993303
    outer loop
      vertex 31.6432 -1.46416 0.7947
      vertex 28.3251 -2.76517 0.413398
      vertex 28.3618 -1.52797 0.413398
    endloop
  endfacet
  facet normal 0.251615 -0.154073 -0.955485
    outer loop
      vertex 31.3639 -8.57856 1.53671
      vertex 29.3914 -8.18661 0.954075
      vertex 32.5561 -5.0396 1.28
    endloop
  endfacet
  facet normal 0.959542 -0.281564 0
    outer loop
      vertex 38.1317 -1.50154 3.8442
      vertex 38.9877 1.41562 3.15788
      vertex 38.9877 1.41562 3.8442
    endloop
  endfacet
  facet normal 0.959542 -0.281564 0
    outer loop
      vertex 38.9877 1.41562 3.15788
      vertex 38.1317 -1.50154 3.8442
      vertex 38.1317 -1.50154 3.15788
    endloop
  endfacet
  facet normal 0.701583 -0.244144 0.669459
    outer loop
      vertex 38.1317 -1.50154 3.8442
      vertex 32.4114 -6.58387 7.98552
      vertex 33.9812 -9.09865 5.42328
    endloop
  endfacet
  facet normal 0.59184 -0.401561 0.69891
    outer loop
      vertex 33.9812 -9.09865 5.42328
      vertex 31.8262 -7.81526 7.98552
      vertex 33.1036 -10.3921 5.42328
    endloop
  endfacet
  facet normal 0.646805 -0.307385 0.697967
    outer loop
      vertex 32.4114 -6.58387 7.98552
      vertex 31.8262 -7.81526 7.98552
      vertex 33.9812 -9.09865 5.42328
    endloop
  endfacet
  facet normal 0.385942 -0.183406 0.904108
    outer loop
      vertex 31.2366 -5.63072 9.10641
      vertex 29.531 -4.24695 10.1152
      vertex 30.6973 -6.76557 9.10641
    endloop
  endfacet
  facet normal 0.385943 -0.183406 0.904107
    outer loop
      vertex 29.531 -4.24695 10.1152
      vertex 29.0583 -5.24166 10.1152
      vertex 30.6973 -6.76557 9.10641
    endloop
  endfacet
  facet normal 0.271998 -0.129257 0.953577
    outer loop
      vertex 29.531 -4.24695 10.1152
      vertex 27.3603 -2.48575 10.9731
      vertex 29.0583 -5.24166 10.1152
    endloop
  endfacet
  facet normal 0.144368 -0.11158 0.983213
    outer loop
      vertex 13.4603 -1.28436 13.2411
      vertex 13.2083 -1.61041 13.2411
      vertex 24.5194 -1.0214 11.6471
    endloop
  endfacet
  facet normal 0.36613 -0.00202792 0.930562
    outer loop
      vertex 29.5386 -2.87481 10.1152
      vertex 27.3603 -2.48575 10.9731
      vertex 29.531 -4.24695 10.1152
    endloop
  endfacet
  facet normal 0.161632 -0.000910704 0.986851
    outer loop
      vertex 22.1442 0.208298 12.0839
      vertex 24.8123 0.421953 11.6471
      vertex 22.1442 0.533382 12.0842
    endloop
  endfacet
  facet normal 0.16163 -0.000888548 0.986851
    outer loop
      vertex 24.8123 0.421953 11.6471
      vertex 22.1442 0.208298 12.0839
      vertex 24.8077 -0.414806 11.6471
    endloop
  endfacet
  facet normal 0.161548 -0.00125065 0.986864
    outer loop
      vertex 22.0045 0.154129 12.1067
      vertex 24.8077 -0.414806 11.6471
      vertex 22.1442 0.208298 12.0839
    endloop
  endfacet
  facet normal 0.161788 -3.8477e-05 0.986826
    outer loop
      vertex 21.852 0.102737 12.1317
      vertex 24.8077 -0.414806 11.6471
      vertex 22.0045 0.154129 12.1067
    endloop
  endfacet
  facet normal 0.161042 -0.00440332 0.986938
    outer loop
      vertex 24.8077 -0.414806 11.6471
      vertex 21.852 0.102737 12.1317
      vertex 21.8069 0.0894884 12.139
    endloop
  endfacet
  facet normal 0.161351 -0.00542952 0.986882
    outer loop
      vertex 18.2825 0.694659 12.7168
      vertex 18.1805 0.698916 12.7335
      vertex 18.2918 0.680211 12.7152
    endloop
  endfacet
  facet normal 0.100824 -0.12332 0.987232
    outer loop
      vertex 13.2083 -1.61041 13.2411
      vertex 8.36416 -3.49989 13.4998
      vertex 12.6754 -2.0461 13.2411
    endloop
  endfacet
  facet normal 0.139711 -0.170883 0.975336
    outer loop
      vertex 13.2083 -1.61041 13.2411
      vertex 12.6754 -2.0461 13.2411
      vertex 26.9723 -3.30209 10.9731
    endloop
  endfacet
  facet normal 0.0709068 -0.244511 0.96705
    outer loop
      vertex 3.95785 -5.54639 13.4998
      vertex 0.158727 -7.67128 13.2411
      vertex 4.32203 -5.44078 13.4998
    endloop
  endfacet
  facet normal 0.225199 -0.35772 0.906268
    outer loop
      vertex 29.0583 -5.24166 10.1152
      vertex 28.1385 -5.82071 10.1152
      vertex 30.6973 -6.76557 9.10641
    endloop
  endfacet
  facet normal 0.128982 -0.318181 0.939215
    outer loop
      vertex 5.71021 -4.92175 13.4998
      vertex 5.21538 -5.12234 13.4998
      vertex 28.1385 -5.82071 10.1152
    endloop
  endfacet
  facet normal -0.185103 0.232824 0.954741
    outer loop
      vertex -16.9858 7.80734 12.6285
      vertex -17.2676 7.5833 12.6285
      vertex -17.1696 7.5833 12.6475
    endloop
  endfacet
  facet normal -0.184956 0.232709 0.954797
    outer loop
      vertex -17.1696 7.54186 12.6576
      vertex -16.9858 7.80734 12.6285
      vertex -17.1696 7.5833 12.6475
    endloop
  endfacet
  facet normal -0.184777 0.232592 0.954861
    outer loop
      vertex -16.9858 7.80734 12.6285
      vertex -17.1696 7.54186 12.6576
      vertex -13.4051 8.58533 13.1319
    endloop
  endfacet
  facet normal 0.440329 -0.779378 0.445737
    outer loop
      vertex 31.7365 -11.5318 5.42328
      vertex 20.3351 -18.8764 3.8442
      vertex 32.191 -11.7372 4.61515
    endloop
  endfacet
  facet normal 0.395656 -0.733125 0.553158
    outer loop
      vertex 31.7365 -11.5318 5.42328
      vertex 20.2734 -18.4018 4.51734
      vertex 20.3351 -18.8764 3.8442
    endloop
  endfacet
  facet normal 0.0390984 0.093971 0.994807
    outer loop
      vertex -1.64694 11.4292 13.1319
      vertex -5.70336 10.4005 13.3885
      vertex -5.63366 10.3715 13.3885
    endloop
  endfacet
  facet normal 0.0426132 0.123379 0.991444
    outer loop
      vertex 12.7914 10.0923 12.6795
      vertex -1.85339 11.515 13.1319
      vertex 12.9712 10.0302 12.6795
    endloop
  endfacet
  facet normal 0.0993562 0.0609832 0.993181
    outer loop
      vertex 17.979 1.36086 12.727
      vertex 16.0607 4.75821 12.7103
      vertex 18.0415 1.16783 12.7326
    endloop
  endfacet
  facet normal 0.0991501 0.0608669 0.993209
    outer loop
      vertex 17.9165 1.66501 12.7146
      vertex 16.0607 4.75821 12.7103
      vertex 17.979 1.36086 12.727
    endloop
  endfacet
  facet normal 0.0985597 0.0605128 0.99329
    outer loop
      vertex 17.9063 1.75713 12.71
      vertex 16.0607 4.75821 12.7103
      vertex 17.9165 1.66501 12.7146
    endloop
  endfacet
  facet normal 0.0990315 0.060803 0.993225
    outer loop
      vertex 17.9063 1.75713 12.71
      vertex 15.9674 5.1797 12.6938
      vertex 16.0607 4.75821 12.7103
    endloop
  endfacet
  facet normal 0.0981458 0.0603018 0.993343
    outer loop
      vertex 17.9063 1.75713 12.71
      vertex 15.8352 5.57442 12.6829
      vertex 15.9674 5.1797 12.6938
    endloop
  endfacet
  facet normal 0.0990629 0.0607985 0.993222
    outer loop
      vertex 15.4407 10.2441 12.4364
      vertex 15.8352 5.57442 12.6829
      vertex 17.9063 1.75713 12.71
    endloop
  endfacet
  facet normal 0.0988494 0.0607816 0.993244
    outer loop
      vertex 15.8352 5.57442 12.6829
      vertex 15.4407 10.2441 12.4364
      vertex 15.6652 5.9375 12.6776
    endloop
  endfacet
  facet normal 0.099182 0.0607971 0.99321
    outer loop
      vertex 15.4407 10.2441 12.4364
      vertex 15.4624 6.26834 12.6776
      vertex 15.6652 5.9375 12.6776
    endloop
  endfacet
  facet normal 0.0988723 0.0607973 0.993241
    outer loop
      vertex 15.4407 10.2441 12.4364
      vertex 15.2319 6.56641 12.6823
      vertex 15.4624 6.26834 12.6776
    endloop
  endfacet
  facet normal 0.0989262 0.0607939 0.993236
    outer loop
      vertex 15.4407 10.2441 12.4364
      vertex 14.9735 6.83168 12.6918
      vertex 15.2319 6.56641 12.6823
    endloop
  endfacet
  facet normal 0.0987335 0.0608215 0.993253
    outer loop
      vertex 15.4407 10.2441 12.4364
      vertex 14.8708 6.91511 12.6969
      vertex 14.9735 6.83168 12.6918
    endloop
  endfacet
  facet normal 0.0990208 0.0607704 0.993228
    outer loop
      vertex 14.8708 6.91511 12.6969
      vertex 15.4407 10.2441 12.4364
      vertex 13.3196 9.72706 12.6795
    endloop
  endfacet
  facet normal 0.0821082 0.0525508 0.995237
    outer loop
      vertex 13.4116 -0.0329951 13.1866
      vertex 13.4041 -0.0345337 13.1873
      vertex 13.4214 -1.08046 13.2411
    endloop
  endfacet
  facet normal 0.0765791 0.0524661 0.995682
    outer loop
      vertex 13.3196 9.72706 12.6795
      vertex 13.3002 7.64886 12.7905
      vertex 13.3392 7.63938 12.788
    endloop
  endfacet
  facet normal 0.0795779 0.0524257 0.995449
    outer loop
      vertex 13.3196 9.72706 12.6795
      vertex 13.2768 7.6521 12.7922
      vertex 13.3002 7.64886 12.7905
    endloop
  endfacet
  facet normal 0.0775225 0.0524767 0.995609
    outer loop
      vertex 13.2768 7.6521 12.7922
      vertex 13.3196 9.72706 12.6795
      vertex 13.2404 9.84406 12.6795
    endloop
  endfacet
  facet normal 0.0750869 0.0524534 0.995796
    outer loop
      vertex 13.3566 5.80094 12.8835
      vertex 13.3737 1.80113 13.0929
      vertex 13.3941 1.81749 13.0905
    endloop
  endfacet
  facet normal 0.0766559 0.0524539 0.995677
    outer loop
      vertex 13.3737 1.80113 13.0929
      vertex 13.3566 5.80094 12.8835
      vertex 13.3068 5.83955 12.8853
    endloop
  endfacet
  facet normal -0.125427 0.294202 0.947477
    outer loop
      vertex -12.2513 9.12514 13.1319
      vertex -12.9293 8.83609 13.1319
      vertex -9.44325 9.49591 13.3885
    endloop
  endfacet
  facet normal -0.0672323 0.0113775 0.997672
    outer loop
      vertex -13.6603 8.38249 13.1319
      vertex -13.6852 8.23535 13.1319
      vertex -9.69847 9.29307 13.3885
    endloop
  endfacet
  facet normal -0.36845 0.636131 0.677925
    outer loop
      vertex -19.4977 19.0627 3.05654
      vertex -23.7052 16.6257 3.05654
      vertex -19.3969 18.5507 3.59176
    endloop
  endfacet
  facet normal -0.271167 0.374654 -0.886624
    outer loop
      vertex -22.928 15.3869 1.47147
      vertex -26.4241 12.8565 1.47147
      vertex -23.4428 16.2074 1.97563
    endloop
  endfacet
  facet normal -0.231511 0.399723 -0.886918
    outer loop
      vertex -19.1993 17.5465 1.47147
      vertex -23.4428 16.2074 1.97563
      vertex -19.3969 18.5507 1.97563
    endloop
  endfacet
  facet normal -0.300943 0.953642 0
    outer loop
      vertex -10.946 22.3268 2.51084
      vertex -15.1894 20.9877 3.05654
      vertex -10.946 22.3268 3.05654
    endloop
  endfacet
  facet normal -0.300943 0.953642 0
    outer loop
      vertex -15.1894 20.9877 3.05654
      vertex -10.946 22.3268 2.51084
      vertex -15.1894 20.9877 2.51084
    endloop
  endfacet
  facet normal -0.111523 0.211607 0.970971
    outer loop
      vertex -12.9293 8.83609 13.1319
      vertex -13.4051 8.58533 13.1319
      vertex -9.44325 9.49591 13.3885
    endloop
  endfacet
  facet normal -0.00351816 0.00442685 0.999984
    outer loop
      vertex -9.69008 9.34275 13.3885
      vertex -7.37686 6.9344 13.4073
      vertex -9.6039 9.41124 13.3885
    endloop
  endfacet
  facet normal -0.00342625 0.00451513 0.999984
    outer loop
      vertex -7.37686 6.9344 13.4073
      vertex -9.69008 9.34275 13.3885
      vertex -7.43797 6.86588 13.4074
    endloop
  endfacet
  facet normal -0.00275293 0.00508908 0.999983
    outer loop
      vertex 1.72699 -3.19057 13.484
      vertex 1.70087 -3.18505 13.4839
      vertex 3.60505 -5.27927 13.4998
    endloop
  endfacet
  facet normal -0.0226128 0.00926162 0.999701
    outer loop
      vertex -3.35301 2.45923 13.4412
      vertex -3.3712 2.39323 13.4414
      vertex -3.36581 2.40639 13.4414
    endloop
  endfacet
  facet normal -0.00306027 0.00482478 0.999984
    outer loop
      vertex -5.99622 5.28023 13.4195
      vertex -3.35301 2.45923 13.4412
      vertex -5.952 5.34973 13.4193
    endloop
  endfacet
  facet normal -0.00384463 0.00408986 0.999984
    outer loop
      vertex -3.35301 2.45923 13.4412
      vertex -5.99622 5.28023 13.4195
      vertex -3.3712 2.39323 13.4414
    endloop
  endfacet
  facet normal -0.00291 0.00495033 0.999984
    outer loop
      vertex -1.29779 0.112887 13.4588
      vertex 0.662827 -2.00704 13.475
      vertex -1.29779 0.173488 13.4585
    endloop
  endfacet
  facet normal -0.0023168 0.00549894 0.999982
    outer loop
      vertex 0.662827 -2.00704 13.475
      vertex -1.29779 0.112887 13.4588
      vertex 0.662827 -2.04341 13.4752
    endloop
  endfacet
  facet normal 0.122929 -0.44477 0.887169
    outer loop
      vertex 0.158727 -7.67128 13.2411
      vertex -3.41997 -9.67288 12.7335
      vertex 13.1474 -20.2176 5.15142
    endloop
  endfacet
  facet normal 0.0136775 -0.140353 0.990007
    outer loop
      vertex 3.46391 -5.63028 13.4998
      vertex -1.30411 -7.91971 13.2411
      vertex -0.699391 -7.86078 13.2411
    endloop
  endfacet
  facet normal 0.132087 -0.284394 0.949565
    outer loop
      vertex 6.70185 -4.47609 13.4998
      vertex 6.21213 -4.70354 13.4998
      vertex 28.1385 -5.82071 10.1152
    endloop
  endfacet
  facet normal 0.0143915 -0.739562 -0.672934
    outer loop
      vertex 9.14921 -22.0395 2.48474
      vertex 5.48497 -22.7233 3.15788
      vertex 5.99393 -22.1009 2.48474
    endloop
  endfacet
  facet normal 0.0194394 -0.999811 0
    outer loop
      vertex 5.48497 -22.7233 3.15788
      vertex 8.76635 -22.6595 3.8442
      vertex 5.48497 -22.7233 3.8442
    endloop
  endfacet
  facet normal 0.0194394 -0.999811 0
    outer loop
      vertex 8.76635 -22.6595 3.8442
      vertex 5.48497 -22.7233 3.15788
      vertex 8.76635 -22.6595 3.15788
    endloop
  endfacet
  facet normal 0.0116012 -0.596174 0.802772
    outer loop
      vertex 9.14921 -22.0395 4.51734
      vertex -13.2752 -13.6678 11.0586
      vertex 5.99393 -22.1009 4.51734
    endloop
  endfacet
  facet normal 0.0788323 -0.49877 0.863142
    outer loop
      vertex 9.90022 -20.8235 5.15142
      vertex -8.51606 -11.8884 11.9966
      vertex 9.14921 -22.0395 4.51734
    endloop
  endfacet
  facet normal -0.0017242 0.0062617 0.999979
    outer loop
      vertex -6.93294 7.31258 13.4065
      vertex -9.44325 9.49591 13.3885
      vertex -6.99813 7.26269 13.4067
    endloop
  endfacet
  facet normal -0.00238803 0.00549263 0.999982
    outer loop
      vertex 5.0742 -3.13057 13.4926
      vertex 5.57712 -4.22274 13.4998
      vertex 6.07904 -4.00452 13.4998
    endloop
  endfacet
  facet normal -0.00212388 0.00561426 0.999982
    outer loop
      vertex 4.84956 -3.19774 13.4925
      vertex 5.57712 -4.22274 13.4998
      vertex 5.0742 -3.13057 13.4926
    endloop
  endfacet
  facet normal -0.0023531 0.00545156 0.999982
    outer loop
      vertex 5.57712 -4.22274 13.4998
      vertex 4.84956 -3.19774 13.4925
      vertex 4.51334 -3.25115 13.492
    endloop
  endfacet
  facet normal -0.00261543 0.00520472 0.999983
    outer loop
      vertex -5.46574 5.86311 13.418
      vertex -3.23924 4.1 13.433
      vertex -5.35339 5.93878 13.4179
    endloop
  endfacet
  facet normal -0.00224917 0.00566723 0.999981
    outer loop
      vertex -3.23924 4.1 13.433
      vertex -5.46574 5.86311 13.418
      vertex -3.23017 3.82128 13.4346
    endloop
  endfacet
  facet normal -0.00298687 -0.00802659 0.999963
    outer loop
      vertex 3.56418 -1.81724 13.4818
      vertex 2.90784 -1.78479 13.4801
      vertex 3.00511 -1.79607 13.4803
    endloop
  endfacet
  facet normal -0.00231355 0.00559298 0.999982
    outer loop
      vertex -1.29779 2.41144 13.4469
      vertex 2.90784 -1.78479 13.4801
      vertex 3.56418 -1.81724 13.4818
    endloop
  endfacet
  facet normal -0.00227404 0.00563259 0.999982
    outer loop
      vertex 2.90784 -1.78479 13.4801
      vertex -1.29779 2.41144 13.4469
      vertex -1.29779 2.05637 13.4489
    endloop
  endfacet
  facet normal -0.00257997 0.00529625 0.999983
    outer loop
      vertex -6.68404 7.44639 13.4064
      vertex -9.21431 9.59351 13.3885
      vertex -6.75864 7.41005 13.4064
    endloop
  endfacet
  facet normal -0.00225794 0.00557032 0.999982
    outer loop
      vertex 5.57171 -2.95353 13.4928
      vertex 6.07904 -4.00452 13.4998
      vertex 6.57387 -3.80394 13.4998
    endloop
  endfacet
  facet normal -0.00259948 0.00540545 0.999982
    outer loop
      vertex 5.41621 -3.02831 13.4928
      vertex 6.07904 -4.00452 13.4998
      vertex 5.57171 -2.95353 13.4928
    endloop
  endfacet
  facet normal -0.00229268 0.00561377 0.999982
    outer loop
      vertex 6.07904 -4.00452 13.4998
      vertex 5.41621 -3.02831 13.4928
      vertex 5.09061 -3.12566 13.4926
    endloop
  endfacet
  facet normal -0.0022363 0.00569638 0.999981
    outer loop
      vertex -5.15271 5.98215 13.4181
      vertex -3.28025 4.55802 13.4304
      vertex -4.99165 6.01027 13.4183
    endloop
  endfacet
  facet normal -0.0025095 0.00533719 0.999983
    outer loop
      vertex -3.28025 4.55802 13.4304
      vertex -5.15271 5.98215 13.4181
      vertex -3.25062 4.29091 13.4319
    endloop
  endfacet
  facet normal -0.00233747 0.00554185 0.999982
    outer loop
      vertex 2.02863 0.0530338 13.4678
      vertex 3.62145 -1.81937 13.4819
      vertex 4.15923 -1.75494 13.4828
    endloop
  endfacet
  facet normal -0.00253024 0.00537787 0.999982
    outer loop
      vertex 1.66147 0.233582 13.4659
      vertex 3.62145 -1.81937 13.4819
      vertex 2.02863 0.0530338 13.4678
    endloop
  endfacet
  facet normal -0.00146379 0.00639599 0.999978
    outer loop
      vertex 1.28784 0.5233 13.4635
      vertex 3.62145 -1.81937 13.4819
      vertex 1.66147 0.233582 13.4659
    endloop
  endfacet
  facet normal -0.00204559 0.00591539 0.99998
    outer loop
      vertex -1.29779 2.55456 13.4462
      vertex 0.881856 1.02616 13.4597
      vertex -1.29779 2.87575 13.4443
    endloop
  endfacet
  facet normal -0.00236464 0.00546041 0.999982
    outer loop
      vertex 0.881856 1.02616 13.4597
      vertex -1.29779 2.55456 13.4462
      vertex 0.961426 0.895798 13.4606
    endloop
  endfacet
  facet normal -0.00184449 0.00616882 0.999979
    outer loop
      vertex 0.961426 0.895798 13.4606
      vertex -1.29779 2.55456 13.4462
      vertex 1.28784 0.5233 13.4635
    endloop
  endfacet
  facet normal -0.00239384 0.00546956 0.999982
    outer loop
      vertex 1.28784 0.5233 13.4635
      vertex -1.29779 2.55456 13.4462
      vertex 3.62145 -1.81937 13.4819
    endloop
  endfacet
  facet normal -0.00187786 0.0061089 0.99998
    outer loop
      vertex -8.21669 9.92476 13.3885
      vertex -5.9855 7.68053 13.4064
      vertex -5.62562 7.70931 13.4069
    endloop
  endfacet
  facet normal -0.0016661 0.00631942 0.999979
    outer loop
      vertex -8.21669 9.92476 13.3885
      vertex -6.00803 7.67459 13.4064
      vertex -5.9855 7.68053 13.4064
    endloop
  endfacet
  facet normal -0.00185546 0.00613356 0.999979
    outer loop
      vertex -6.00803 7.67459 13.4064
      vertex -8.21669 9.92476 13.3885
      vertex -8.58901 9.81213 13.3885
    endloop
  endfacet
  facet normal -0.000550077 0.00766299 0.99997
    outer loop
      vertex 6.31268 -2.49833 13.4916
      vertex 6.29275 -2.51281 13.4917
      vertex 7.46722 -3.4855 13.4998
    endloop
  endfacet
  facet normal -0.00164326 0.00637579 0.999978
    outer loop
      vertex -1.29779 3.77361 13.4391
      vertex 0.294899 2.64707 13.4489
      vertex -1.29779 4.00887 13.4376
    endloop
  endfacet
  facet normal -0.00176787 0.00619962 0.999979
    outer loop
      vertex 0.294899 2.64707 13.4489
      vertex -1.29779 3.77361 13.4391
      vertex 0.325638 2.43002 13.4503
    endloop
  endfacet
  facet normal -0.00882331 -0.00232547 0.999958
    outer loop
      vertex 0.325638 2.43002 13.4503
      vertex -1.29779 3.77361 13.4391
      vertex 0.325949 2.42884 13.4503
    endloop
  endfacet
  facet normal -0.00150319 0.00650132 0.999978
    outer loop
      vertex 3.51446 -0.105764 13.4718
      vertex 4.85166 -1.31932 13.4817
      vertex 4.88798 -1.28016 13.4815
    endloop
  endfacet
  facet normal -0.00167917 0.00630742 0.999979
    outer loop
      vertex 4.85166 -1.31932 13.4817
      vertex 3.51446 -0.105764 13.4718
      vertex 3.40303 -0.119575 13.4717
    endloop
  endfacet
  facet normal -0.135111 0.446723 0.884411
    outer loop
      vertex -9.29677 10.1061 13.1319
      vertex -10.3994 9.77261 13.1319
      vertex -8.21669 9.92476 13.3885
    endloop
  endfacet
  facet normal 0.0432837 0.214271 -0.975815
    outer loop
      vertex 6.44271 13.7367 0.356519
      vertex -4.84257 21.094 1.47147
      vertex -2.08521 20.537 1.47147
    endloop
  endfacet
  facet normal -0.0102656 0.999947 0
    outer loop
      vertex -3.29709 23.0658 2.51084
      vertex -6.93041 23.0285 3.05654
      vertex -3.29709 23.0658 3.05654
    endloop
  endfacet
  facet normal -0.0102656 0.999947 0
    outer loop
      vertex -6.93041 23.0285 3.05654
      vertex -3.29709 23.0658 2.51084
      vertex -6.93041 23.0285 2.51084
    endloop
  endfacet
  facet normal 0.0370367 0.205028 -0.978055
    outer loop
      vertex 6.44271 13.7367 0.356519
      vertex -6.32865 19.198 1.01774
      vertex -4.84257 21.094 1.47147
    endloop
  endfacet
  facet normal 0.0937471 0.0281753 -0.995197
    outer loop
      vertex 28.3618 -1.52797 0.413398
      vertex 22.7562 6.89959 0.123948
      vertex 24.9894 7.09664 0.339893
    endloop
  endfacet
  facet normal -0.071651 0.676025 0.733387
    outer loop
      vertex 5.81177 19.8558 7.98552
      vertex 4.16348 19.6811 7.98552
      vertex 6.72223 18.7363 9.10641
    endloop
  endfacet
  facet normal 0.13461 0.753626 0.643372
    outer loop
      vertex 7.90637 19.4817 7.98552
      vertex 6.72223 18.7363 9.10641
      vertex 8.65263 18.3915 9.10641
    endloop
  endfacet
  facet normal 1.39714e-05 0.000104525 -1
    outer loop
      vertex 2.28679 7.18316 0.00819016
      vertex -23.5137 1.03344 0.00718689
      vertex 1.86454 7.2396 0.00819016
    endloop
  endfacet
  facet normal -0.0245259 0.0777219 -0.996673
    outer loop
      vertex -15.1465 10.5786 0.119864
      vertex -16.3843 10.188 0.119864
      vertex -14.0673 13.5971 0.328694
    endloop
  endfacet
  facet normal -0.0225031 -0.00796334 -0.999715
    outer loop
      vertex -24.9014 -0.428276 0.00718689
      vertex -27.1521 -1.23412 0.0642681
      vertex -24.9725 -0.227359 0.00718689
    endloop
  endfacet
  facet normal 0.000322386 -0.00172779 -0.999998
    outer loop
      vertex 17.7478 -8.11662 0.0168581
      vertex -13.5586 -10.3013 0.01054
      vertex 18.1087 -8.04928 0.0168581
    endloop
  endfacet
  facet normal -0.0688748 0.394167 -0.916454
    outer loop
      vertex -7.31263 22.3641 1.97563
      vertex -11.6209 20.4391 1.47147
      vertex -11.1739 21.6894 1.97563
    endloop
  endfacet
  facet normal -0.105686 0.182485 -0.977512
    outer loop
      vertex -21.2295 12.6795 0.631868
      vertex -22.1807 14.1956 1.01774
      vertex -18.5473 14.2329 0.631868
    endloop
  endfacet
  facet normal -0.455594 0.508471 -0.730679
    outer loop
      vertex -27.2363 13.4618 1.97563
      vertex -32.6939 7.66733 1.34625
      vertex -30.6317 10.4195 1.97563
    endloop
  endfacet
  facet normal -0.567494 0.538749 -0.622656
    outer loop
      vertex -32.6939 7.66733 1.34625
      vertex -34.2598 6.01788 1.34625
      vertex -31.1814 10.6065 2.51084
    endloop
  endfacet
  facet normal -0.451562 0.0506073 -0.890803
    outer loop
      vertex -35.8885 -0.0263796 1.05928
      vertex -37.9514 -2.30353 1.97563
      vertex -35.6598 2.01428 1.05928
    endloop
  endfacet
  facet normal -0.262363 -0.092931 -0.960484
    outer loop
      vertex -34.9562 -4.02826 1.05928
      vertex -35.651 -2.0667 1.05928
      vertex -34.7183 -1.90605 0.788963
    endloop
  endfacet
  facet normal -0.567761 0.135857 0.811906
    outer loop
      vertex -37.23 0.711282 3.59176
      vertex -38.7937 -2.62502 3.05654
      vertex -37.9514 -2.30353 3.59176
    endloop
  endfacet
  facet normal -0.563791 0.115718 -0.817771
    outer loop
      vertex -37.9514 -2.30353 1.97563
      vertex -38.7937 -2.62502 2.51084
      vertex -36.1356 2.09548 1.34625
    endloop
  endfacet
  facet normal -0.262373 -0.0929296 -0.960482
    outer loop
      vertex -34.078 -3.71384 0.788963
      vertex -34.9562 -4.02826 1.05928
      vertex -34.7183 -1.90605 0.788963
    endloop
  endfacet
  facet normal -0.112404 0.0393075 -0.992885
    outer loop
      vertex -31.6468 1.32946 0.338792
      vertex -33.3714 1.62377 0.545684
      vertex -32.817 3.20913 0.545684
    endloop
  endfacet
  facet normal -0.574888 0.269428 0.772601
    outer loop
      vertex -36.4798 3.84659 3.05654
      vertex -38.0434 0.510283 3.05654
      vertex -35.7264 3.91937 3.59176
    endloop
  endfacet
  facet normal -0.731208 0.496989 -0.467266
    outer loop
      vertex -34.2598 6.01788 1.34625
      vertex -36.4798 3.84659 2.51084
      vertex -34.1627 7.25568 2.51084
    endloop
  endfacet
  facet normal -0.211293 0.200587 -0.956619
    outer loop
      vertex -31.6765 6.79271 0.788963
      vertex -33.8561 5.78595 1.05928
      vertex -32.3504 7.37201 1.05928
    endloop
  endfacet
  facet normal -0.168639 0.247352 -0.954137
    outer loop
      vertex -29.9844 7.99272 0.788963
      vertex -30.5144 8.6741 1.05928
      vertex -22.1807 14.1956 1.01774
    endloop
  endfacet
  facet normal 0.256512 0.723088 0.641362
    outer loop
      vertex 18.8333 14.5632 9.35079
      vertex 8.65263 18.3915 9.10641
      vertex 18.0188 13.9334 10.3866
    endloop
  endfacet
  facet normal 0.098283 0.487714 0.867453
    outer loop
      vertex 15.8185 13.5333 11.2676
      vertex 9.73601 16.8087 10.1152
      vertex 14.8986 12.4877 11.9597
    endloop
  endfacet
  facet normal 0.140411 0.254007 0.956956
    outer loop
      vertex 15.7633 12.1893 11.9597
      vertex 14.409 11.142 12.4364
      vertex 14.858 10.8938 12.4364
    endloop
  endfacet
  facet normal 0.188643 0.128046 0.973662
    outer loop
      vertex 19.9359 5.65352 12.1696
      vertex 19.9359 5.63451 12.1721
      vertex 20.9668 4.57731 12.1114
    endloop
  endfacet
  facet normal 0.185315 0.124807 0.974721
    outer loop
      vertex 18.0346 7.63832 12.2769
      vertex 15.4407 10.2441 12.4364
      vertex 18.0199 7.59923 12.2847
    endloop
  endfacet
  facet normal 0.186793 0.126307 0.974246
    outer loop
      vertex 15.4407 10.2441 12.4364
      vertex 18.0346 7.63832 12.2769
      vertex 15.2064 10.5906 12.4364
    endloop
  endfacet
  facet normal 0.21584 0.0871306 0.972533
    outer loop
      vertex 25.9381 4.54472 11.0586
      vertex 21.8023 3.03879 12.1114
      vertex 24.533 1.45672 11.6471
    endloop
  endfacet
  facet normal 0.211812 0.0980839 0.972376
    outer loop
      vertex 25.9381 4.54472 11.0586
      vertex 21.4621 3.77345 12.1114
      vertex 21.8023 3.03879 12.1114
    endloop
  endfacet
  facet normal 0.018619 0.379281 0.925094
    outer loop
      vertex 1.7732 12.5648 12.6285
      vertex -2.28321 11.5361 13.1319
      vertex -1.85339 11.515 13.1319
    endloop
  endfacet
  facet normal 0.0186356 0.379226 0.925116
    outer loop
      vertex 1.07521 12.5991 12.6285
      vertex -2.28321 11.5361 13.1319
      vertex 1.7732 12.5648 12.6285
    endloop
  endfacet
  facet normal -0.106895 0.465104 0.878779
    outer loop
      vertex -6.94823 10.7292 13.1319
      vertex -7.42368 10.1351 13.3885
      vertex -5.7926 10.9948 13.1319
    endloop
  endfacet
  facet normal -0.125428 0.294216 0.947473
    outer loop
      vertex -9.21431 9.59351 13.3885
      vertex -12.2513 9.12514 13.1319
      vertex -9.44325 9.49591 13.3885
    endloop
  endfacet
  facet normal 0.1346 0.753633 0.643367
    outer loop
      vertex 7.90637 19.4817 7.98552
      vertex 5.81177 19.8558 7.98552
      vertex 6.72223 18.7363 9.10641
    endloop
  endfacet
  facet normal 0.259484 0.220564 -0.940223
    outer loop
      vertex 36.1267 4.78138 1.85066
      vertex 34.8342 6.30195 1.85066
      vertex 36.2041 7.39329 2.48474
    endloop
  endfacet
  facet normal 0.346383 0.938093 -0
    outer loop
      vertex 10.0847 19.0927 5.58233
      vertex 7.52594 20.0375 6.79558
      vertex 10.0847 19.0927 6.79558
    endloop
  endfacet
  facet normal 0.346383 0.938093 0
    outer loop
      vertex 7.52594 20.0375 6.79558
      vertex 10.0847 19.0927 5.58233
      vertex 7.52594 20.0375 5.58233
    endloop
  endfacet
  facet normal 0.329189 0.89152 0.31117
    outer loop
      vertex 10.3668 18.5732 7.98552
      vertex 7.52594 20.0375 6.79558
      vertex 7.90637 19.4817 7.98552
    endloop
  endfacet
  facet normal 0.163042 0.912877 0.374263
    outer loop
      vertex 7.52594 20.0375 6.79558
      vertex 5.81177 19.8558 7.98552
      vertex 7.90637 19.4817 7.98552
    endloop
  endfacet
  facet normal 0.428324 0.756091 0.494839
    outer loop
      vertex 20.8746 14.1788 8.19982
      vertex 20.1975 13.8091 9.35079
      vertex 36.9025 7.94965 3.8442
    endloop
  endfacet
  facet normal 0.241733 0.700641 0.671317
    outer loop
      vertex 18.0188 13.9334 10.3866
      vertex 8.65263 18.3915 9.10641
      vertex 16.6009 14.4226 10.3866
    endloop
  endfacet
  facet normal 0.208153 0.394257 -0.895117
    outer loop
      vertex 26.4325 10.3142 1.05241
      vertex 25.0646 11.0364 1.05241
      vertex 25.8941 11.6637 1.5216
    endloop
  endfacet
  facet normal 0.01732 0.0921442 -0.995595
    outer loop
      vertex 12.5903 10.1301 0.0306005
      vertex 5.36988 12.5614 0.130011
      vertex 12.7914 10.0923 0.0306005
    endloop
  endfacet
  facet normal 0.035848 0.147546 -0.988405
    outer loop
      vertex 12.7914 10.0923 0.0306005
      vertex 5.36988 12.5614 0.130011
      vertex 6.32476 12.3294 0.130011
    endloop
  endfacet
  facet normal -0.0361781 0.518789 0.854136
    outer loop
      vertex 0.0412893 12.527 12.6285
      vertex -2.9199 11.4917 13.1319
      vertex -2.28321 11.5361 13.1319
    endloop
  endfacet
  facet normal -0.0361775 0.518788 0.854137
    outer loop
      vertex 0.0412893 12.527 12.6285
      vertex -2.28321 11.5361 13.1319
      vertex 1.07521 12.5991 12.6285
    endloop
  endfacet
  facet normal -0.00163532 0.159144 -0.987254
    outer loop
      vertex -8.22008 16.7848 0.631868
      vertex -9.15084 19.169 1.01774
      vertex -6.32865 19.198 1.01774
    endloop
  endfacet
  facet normal -0.0393566 0.124715 -0.991412
    outer loop
      vertex -14.0673 13.5971 0.328694
      vertex -16.0773 12.9628 0.328694
      vertex -13.0959 16.3137 0.631868
    endloop
  endfacet
  facet normal 0.00032301 -0.000231862 -1
    outer loop
      vertex 20.4823 -6.33909 0.0168581
      vertex 20.2572 -6.65268 0.0168581
      vertex 20.2667 6.28809 0.0138607
    endloop
  endfacet
  facet normal 0.00225233 -0.00152841 -0.999996
    outer loop
      vertex 21.6689 -6.80243 0.0202389
      vertex 20.4823 -6.33909 0.0168581
      vertex 21.7588 -6.66995 0.0202389
    endloop
  endfacet
  facet normal -0.0896927 -0.245327 -0.965282
    outer loop
      vertex -10.8149 -13.127 0.258465
      vertex -28.0144 -8.92612 0.788963
      vertex -12.1959 -12.6221 0.258465
    endloop
  endfacet
  facet normal -0.0743276 -0.105345 -0.991654
    outer loop
      vertex -28.2108 -5.78601 0.338792
      vertex -30.6723 -5.99682 0.545684
      vertex -29.4317 -4.92459 0.338792
    endloop
  endfacet
  facet normal 0.000330298 0.000415618 -1
    outer loop
      vertex 20.235 6.94703 0.0138607
      vertex 3.04444 6.96498 0.00819016
      vertex 20.0969 7.05678 0.0138607
    endloop
  endfacet
  facet normal -0.0559903 -0.101748 -0.993233
    outer loop
      vertex -16.1129 -10.0562 0.0942535
      vertex -28.2108 -5.78601 0.338792
      vertex -15.4171 -9.6219 0.01054
    endloop
  endfacet
  facet normal 0.000330135 0.000260191 -1
    outer loop
      vertex 20.3325 6.82332 0.0138607
      vertex 3.04444 6.96498 0.00819016
      vertex 20.235 6.94703 0.0138607
    endloop
  endfacet
  facet normal 0.00258934 -0.000759716 -0.999996
    outer loop
      vertex 21.7588 -6.66995 0.0202389
      vertex 20.6401 -6.03275 0.0168581
      vertex 20.7244 -5.74543 0.0168581
    endloop
  endfacet
  facet normal -0.0240912 -0.288483 -0.957182
    outer loop
      vertex 6.9923 -20.8801 1.85066
      vertex -4.44795 -16.4396 0.800285
      vertex 8.4417 -19.1077 1.28
    endloop
  endfacet
  facet normal -0.148435 -0.516534 -0.843303
    outer loop
      vertex 3.32805 -21.5638 2.48474
      vertex -32.9257 -10.3145 1.97563
      vertex -6.10042 -16.1043 0.800285
    endloop
  endfacet
  facet normal 0.00415588 -0.213558 -0.976921
    outer loop
      vertex 10.9905 -19.0581 1.28
      vertex 8.4417 -19.1077 1.28
      vertex 10.2864 -16.8518 0.7947
    endloop
  endfacet
  facet normal 0.0300221 -0.160912 -0.986512
    outer loop
      vertex 14.714 -16.3753 0.7947
      vertex 12.3782 -16.8111 0.7947
      vertex 14.0099 -14.169 0.413398
    endloop
  endfacet
  facet normal -0.0574587 -0.710995 0.700846
    outer loop
      vertex 5.99393 -22.1009 4.51734
      vertex -15.976 -14.9646 9.95578
      vertex 5.48497 -22.7233 3.8442
    endloop
  endfacet
  facet normal -0.260535 -0.965464 0
    outer loop
      vertex -19.9096 -16.06 6.103
      vertex 2.71254 -22.1647 3.8442
      vertex -19.9096 -16.06 7.42941
    endloop
  endfacet
  facet normal -0.260535 -0.965464 -0
    outer loop
      vertex 2.71254 -22.1647 3.8442
      vertex -19.9096 -16.06 6.103
      vertex 2.71254 -22.1647 3.15788
    endloop
  endfacet
  facet normal -0.425999 -0.828485 0.363507
    outer loop
      vertex -19.9096 -16.06 7.42941
      vertex -36.0372 -9.686 3.05654
      vertex -33.5671 -10.9561 3.05654
    endloop
  endfacet
  facet normal -0.240825 -0.468324 -0.850104
    outer loop
      vertex -32.9257 -10.3145 1.97563
      vertex -36.0372 -9.686 2.51084
      vertex -35.3008 -9.09316 1.97563
    endloop
  endfacet
  facet normal -0.431072 -0.700594 0.568635
    outer loop
      vertex -18.9179 -15.6143 8.73033
      vertex -36.0372 -9.686 3.05654
      vertex -19.9096 -16.06 7.42941
    endloop
  endfacet
  facet normal -0.196403 -0.87196 0.448456
    outer loop
      vertex -18.9179 -15.6143 8.73033
      vertex -19.9096 -16.06 7.42941
      vertex -17.8364 -15.8579 8.73033
    endloop
  endfacet
  facet normal -0.503916 0.0850242 -0.859558
    outer loop
      vertex -35.6598 2.01428 1.05928
      vertex -37.9514 -2.30353 1.97563
      vertex -36.1356 2.09548 1.34625
    endloop
  endfacet
  facet normal -0.0757419 -0.410127 -0.908878
    outer loop
      vertex 5.99393 -22.1009 2.48474
      vertex -4.44795 -16.4396 0.800285
      vertex 6.9923 -20.8801 1.85066
    endloop
  endfacet
  facet normal -0.100536 -0.291277 -0.951341
    outer loop
      vertex -9.34626 -14.4155 0.496862
      vertex -28.3768 -9.68392 1.05928
      vertex -28.0144 -8.92612 0.788963
    endloop
  endfacet
  facet normal 0.100188 -0.171732 -0.980036
    outer loop
      vertex 22.2622 -12.9356 0.7947
      vertex 19.4898 -12.377 0.413398
      vertex 21.3544 -11.2892 0.413398
    endloop
  endfacet
  facet normal 0.0442091 -0.236919 -0.970523
    outer loop
      vertex 13.8367 -18.527 1.28
      vertex 10.9905 -19.0581 1.28
      vertex 14.714 -16.3753 0.7947
    endloop
  endfacet
  facet normal 0.19491 -0.100359 -0.975673
    outer loop
      vertex 31.0975 -3.32375 0.7947
      vertex 29.3914 -8.18661 0.954075
      vertex 30.0766 -5.30646 0.7947
    endloop
  endfacet
  facet normal 0.132837 -0.0543917 -0.989644
    outer loop
      vertex 31.0975 -3.32375 0.7947
      vertex 27.072 -7.72572 0.496305
      vertex 27.9197 -4.14697 0.413398
    endloop
  endfacet
  facet normal 0.146406 -0.25094 -0.956867
    outer loop
      vertex 19.9766 -16.1196 1.28
      vertex 19.7529 -14.3996 0.7947
      vertex 23.0342 -14.3357 1.28
    endloop
  endfacet
  facet normal 0.117851 -0.360393 -0.925326
    outer loop
      vertex 16.8709 -17.5348 1.28
      vertex 13.1474 -20.2176 1.85066
      vertex 13.8367 -18.527 1.28
    endloop
  endfacet
  facet normal -0.420225 -0.0680132 0.904867
    outer loop
      vertex -25.9529 4.98062 9.8737
      vertex -37.8629 -5.00922 3.59176
      vertex -23.6946 5.57976 10.9675
    endloop
  endfacet
  facet normal -0.450937 0.0761649 0.8893
    outer loop
      vertex -25.8774 5.42762 9.8737
      vertex -25.9529 4.98062 9.8737
      vertex -23.6946 5.57976 10.9675
    endloop
  endfacet
  facet normal -0.241557 0.1492 -0.958848
    outer loop
      vertex -33.0641 5.33099 0.788963
      vertex -34.9735 3.97686 1.05928
      vertex -33.8561 5.78595 1.05928
    endloop
  endfacet
  facet normal -0.999466 -0.0326783 0
    outer loop
      vertex -38.7017 -5.43884 2.51084
      vertex -38.7937 -2.62502 3.05654
      vertex -38.7937 -2.62502 2.51084
    endloop
  endfacet
  facet normal -0.999466 -0.0326783 0
    outer loop
      vertex -38.7937 -2.62502 3.05654
      vertex -38.7017 -5.43884 2.51084
      vertex -38.7017 -5.43884 3.05654
    endloop
  endfacet
  facet normal 0.0943129 -0.505478 0.85767
    outer loop
      vertex 9.90022 -20.8235 5.15142
      vertex 9.14921 -22.0395 4.51734
      vertex 12.6726 -21.3821 4.51734
    endloop
  endfacet
  facet normal 0.143172 -0.76721 0.625212
    outer loop
      vertex 9.14921 -22.0395 4.51734
      vertex 8.76635 -22.6595 3.8442
      vertex 12.4306 -21.9757 3.8442
    endloop
  endfacet
  facet normal 0.48907 -0.739248 -0.46295
    outer loop
      vertex 32.191 -11.7372 3.79118
      vertex 24.2716 -16.5799 3.15788
      vertex 31.7365 -11.5318 2.98305
    endloop
  endfacet
  facet normal 0.559821 -0.671473 -0.485515
    outer loop
      vertex 32.191 -11.7372 3.79118
      vertex 31.7365 -11.5318 2.98305
      vertex 33.6127 -10.5519 3.79118
    endloop
  endfacet
  facet normal 0.521691 -0.853135 0
    outer loop
      vertex 24.2716 -16.5799 3.8442
      vertex 32.191 -11.7372 3.79118
      vertex 32.191 -11.7372 4.61515
    endloop
  endfacet
  facet normal 0.521691 -0.853135 0
    outer loop
      vertex 32.191 -11.7372 3.79118
      vertex 24.2716 -16.5799 3.8442
      vertex 24.2716 -16.5799 3.15788
    endloop
  endfacet
  facet normal 0.171391 -0.524121 -0.83422
    outer loop
      vertex 16.4288 -20.1538 2.48474
      vertex 12.6726 -21.3821 2.48474
      vertex 13.1474 -20.2176 1.85066
    endloop
  endfacet
  facet normal 0.251468 -0.769 -0.58771
    outer loop
      vertex 16.3369 -20.6983 3.15788
      vertex 12.6726 -21.3821 2.48474
      vertex 16.4288 -20.1538 2.48474
    endloop
  endfacet
  facet normal 0.435981 -0.224507 -0.871503
    outer loop
      vertex 37.3861 -1.6947 2.48474
      vertex 35.846 -4.6855 2.48474
      vertex 35.9235 -2.07359 1.85066
    endloop
  endfacet
  facet normal 0.676252 -0.348222 -0.649173
    outer loop
      vertex 36.5301 -4.61187 3.15788
      vertex 35.846 -4.6855 2.48474
      vertex 38.1317 -1.50154 3.15788
    endloop
  endfacet
  facet normal 0.297891 -0.510631 -0.806546
    outer loop
      vertex 24.0586 -16.1936 2.48474
      vertex 20.2734 -18.4018 2.48474
      vertex 23.6408 -15.4358 1.85066
    endloop
  endfacet
  facet normal 0.297919 -0.510657 -0.806519
    outer loop
      vertex 20.2734 -18.4018 2.48474
      vertex 20.1523 -17.471 1.85066
      vertex 23.6408 -15.4358 1.85066
    endloop
  endfacet
  facet normal 0.684567 -0.200851 -0.700734
    outer loop
      vertex 38.9877 1.41562 3.15788
      vertex 37.3861 -1.6947 2.48474
      vertex 38.2091 1.11036 2.48474
    endloop
  endfacet
  facet normal 0.4215 -0.123667 -0.898356
    outer loop
      vertex 37.3861 -1.6947 2.48474
      vertex 35.9235 -2.07359 1.85066
      vertex 38.2091 1.11036 2.48474
    endloop
  endfacet
  facet normal 0.171425 -0.00507821 -0.985184
    outer loop
      vertex 34.465 -0.357739 1.28
      vertex 31.6432 -1.46416 0.7947
      vertex 34.5251 1.67106 1.28
    endloop
  endfacet
  facet normal 0.292816 -0.150774 -0.944206
    outer loop
      vertex 34.5042 -4.82992 1.85066
      vertex 32.5561 -5.0396 1.28
      vertex 33.8001 -2.62365 1.28
    endloop
  endfacet
  facet normal 0.114414 0.566422 -0.816134
    outer loop
      vertex -0.827025 21.7957 1.97563
      vertex -3.29709 23.0658 2.51084
      vertex -0.185609 22.4373 2.51084
    endloop
  endfacet
  facet normal 0.18162 0.516485 -0.836814
    outer loop
      vertex 25.8941 11.6637 1.5216
      vertex -0.827025 21.7957 1.97563
      vertex -0.185609 22.4373 2.51084
    endloop
  endfacet
  facet normal 0.171283 0.135258 -0.975893
    outer loop
      vertex 33.9782 3.38478 1.28
      vertex 26.0253 8.93493 0.653398
      vertex 36.1267 4.78138 1.85066
    endloop
  endfacet
  facet normal 0.0418927 0.15756 -0.98662
    outer loop
      vertex 21.7951 9.63511 0.339893
      vertex 12.7914 10.0923 0.0306005
      vertex 13.8765 11.3257 0.273645
    endloop
  endfacet
  facet normal 0.0416875 0.0328553 -0.99859
    outer loop
      vertex 20.3325 6.82332 0.0138607
      vertex 20.235 6.94703 0.0138607
      vertex 22.5992 7.29323 0.123948
    endloop
  endfacet
  facet normal 0.435556 -0.249893 -0.86478
    outer loop
      vertex 35.846 -4.6855 2.48474
      vertex 32.9137 -8.88652 2.22181
      vertex 34.5042 -4.82992 1.85066
    endloop
  endfacet
  facet normal 0.435997 -0.224505 -0.871495
    outer loop
      vertex 35.846 -4.6855 2.48474
      vertex 34.5042 -4.82992 1.85066
      vertex 35.9235 -2.07359 1.85066
    endloop
  endfacet
  facet normal 0.170199 -0.115484 -0.978619
    outer loop
      vertex 28.8096 -9.04406 0.954075
      vertex 26.6397 -8.36287 0.496305
      vertex 29.3914 -8.18661 0.954075
    endloop
  endfacet
  facet normal 0.292812 -0.150776 -0.944207
    outer loop
      vertex 34.5042 -4.82992 1.85066
      vertex 33.8001 -2.62365 1.28
      vertex 35.9235 -2.07359 1.85066
    endloop
  endfacet
  facet normal 0.676272 -0.348244 -0.64914
    outer loop
      vertex 38.1317 -1.50154 3.15788
      vertex 35.846 -4.6855 2.48474
      vertex 37.3861 -1.6947 2.48474
    endloop
  endfacet
  facet normal 0.674216 -0.357842 -0.646051
    outer loop
      vertex 36.5301 -4.61187 3.15788
      vertex 33.9812 -9.09865 2.98305
      vertex 35.846 -4.6855 2.48474
    endloop
  endfacet
  facet normal 0.115489 -0.00341961 -0.993303
    outer loop
      vertex 31.6432 -1.46416 0.7947
      vertex 28.3618 -1.52797 0.413398
      vertex 31.6925 0.20083 0.7947
    endloop
  endfacet
  facet normal 0.100447 0.0320535 -0.994426
    outer loop
      vertex 31.6925 0.20083 0.7947
      vertex 24.9894 7.09664 0.339893
      vertex 31.2437 1.60725 0.7947
    endloop
  endfacet
  facet normal 0.770637 -0.304679 0.559723
    outer loop
      vertex 38.1317 -1.50154 3.8442
      vertex 33.9812 -9.09865 5.42328
      vertex 34.5254 -9.20679 4.61515
    endloop
  endfacet
  facet normal 0.350167 -0.670527 0.654046
    outer loop
      vertex 29.9323 -12.474 5.42328
      vertex 20.2734 -18.4018 4.51734
      vertex 31.7365 -11.5318 5.42328
    endloop
  endfacet
  facet normal 0.325496 -0.623285 0.711033
    outer loop
      vertex 31.7365 -11.5318 5.42328
      vertex 29.1822 -11.9973 6.18453
      vertex 29.9323 -12.474 5.42328
    endloop
  endfacet
  facet normal 0.171391 -0.524119 0.834221
    outer loop
      vertex 16.6091 -19.0856 5.15142
      vertex 13.1474 -20.2176 5.15142
      vertex 16.4288 -20.1538 4.51734
    endloop
  endfacet
  facet normal 0.220231 -0.525129 0.822033
    outer loop
      vertex 16.6091 -19.0856 5.15142
      vertex 16.4288 -20.1538 4.51734
      vertex 29.6479 -7.42621 9.10641
    endloop
  endfacet
  facet normal 0.32032 -0.50879 0.79908
    outer loop
      vertex 30.6973 -6.76557 9.10641
      vertex 30.6876 -8.53209 7.98552
      vertex 31.8262 -7.81526 7.98552
    endloop
  endfacet
  facet normal 0.547609 -0.260243 0.795234
    outer loop
      vertex 32.4114 -6.58387 7.98552
      vertex 30.6973 -6.76557 9.10641
      vertex 31.8262 -7.81526 7.98552
    endloop
  endfacet
  facet normal 0.186457 -0.0886216 0.978458
    outer loop
      vertex 27.3603 -2.48575 10.9731
      vertex 24.8077 -0.414806 11.6471
      vertex 26.9723 -3.30209 10.9731
    endloop
  endfacet
  facet normal 0.186459 -0.0886198 0.978458
    outer loop
      vertex 24.8077 -0.414806 11.6471
      vertex 24.5194 -1.0214 11.6471
      vertex 26.9723 -3.30209 10.9731
    endloop
  endfacet
  facet normal 0.128325 -0.343221 0.930447
    outer loop
      vertex 3.88298 -6.41541 13.2411
      vertex 2.4948 -6.93443 13.2411
      vertex 28.1385 -5.82071 10.1152
    endloop
  endfacet
  facet normal 0.11494 -0.30742 0.944607
    outer loop
      vertex 5.21538 -5.12234 13.4998
      vertex 2.4948 -6.93443 13.2411
      vertex 3.88298 -6.41541 13.2411
    endloop
  endfacet
  facet normal 0.133342 -0.248882 0.959311
    outer loop
      vertex 7.5706 -4.02846 13.4998
      vertex 7.16055 -4.24815 13.4998
      vertex 26.2174 -3.77731 10.9731
    endloop
  endfacet
  facet normal -0.0394615 -0.0270896 0.998854
    outer loop
      vertex -1.33612 -0.632782 13.4495
      vertex 0.662827 -2.53435 13.4769
      vertex -1.31413 -0.277657 13.46
    endloop
  endfacet
  facet normal -0.039712 -0.0271774 0.998842
    outer loop
      vertex -1.63218 -7.84581 13.2411
      vertex 1.10379 -3.03771 13.4807
      vertex 0.925339 -2.98277 13.4751
    endloop
  endfacet
  facet normal -0.0397677 -0.027148 0.99884
    outer loop
      vertex -1.63218 -7.84581 13.2411
      vertex 0.925339 -2.98277 13.4751
      vertex 0.662827 -2.88889 13.4672
    endloop
  endfacet
  facet normal -0.0396882 -0.0273282 0.998838
    outer loop
      vertex -1.45113 -1.18944 13.4297
      vertex 0.662827 -2.53435 13.4769
      vertex -1.33612 -0.632782 13.4495
    endloop
  endfacet
  facet normal -0.0395413 -0.0270969 0.99885
    outer loop
      vertex -1.64278 -1.68388 13.4087
      vertex 0.662827 -2.53435 13.4769
      vertex -1.45113 -1.18944 13.4297
    endloop
  endfacet
  facet normal -0.0396468 -0.0273838 0.998838
    outer loop
      vertex -1.9111 -2.1161 13.3862
      vertex 0.662827 -2.53435 13.4769
      vertex -1.64278 -1.68388 13.4087
    endloop
  endfacet
  facet normal -0.0396377 -0.0273277 0.99884
    outer loop
      vertex 0.662827 -2.53435 13.4769
      vertex -1.9111 -2.1161 13.3862
      vertex 0.662827 -2.88889 13.4672
    endloop
  endfacet
  facet normal -0.0395662 -0.0270886 0.99885
    outer loop
      vertex -2.25609 -2.4861 13.3625
      vertex 0.662827 -2.88889 13.4672
      vertex -1.9111 -2.1161 13.3862
    endloop
  endfacet
  facet normal -0.0396008 -0.0273409 0.998841
    outer loop
      vertex -2.67609 -2.79109 13.3375
      vertex 0.662827 -2.88889 13.4672
      vertex -2.25609 -2.4861 13.3625
    endloop
  endfacet
  facet normal -0.0395863 -0.027249 0.998845
    outer loop
      vertex 1.10379 -3.03771 13.4807
      vertex -1.63218 -7.84581 13.2411
      vertex 3.35313 -5.60533 13.4998
    endloop
  endfacet
  facet normal -0.0395976 -0.027227 0.998845
    outer loop
      vertex 0.662827 -2.88889 13.4672
      vertex -2.67609 -2.79109 13.3375
      vertex -1.63218 -7.84581 13.2411
    endloop
  endfacet
  facet normal -0.0395558 -0.0272184 0.998847
    outer loop
      vertex -3.1694 -3.02831 13.3115
      vertex -1.63218 -7.84581 13.2411
      vertex -2.67609 -2.79109 13.3375
    endloop
  endfacet
  facet normal -0.0396234 -0.0272399 0.998843
    outer loop
      vertex -3.73607 -3.19774 13.2844
      vertex -1.63218 -7.84581 13.2411
      vertex -3.1694 -3.02831 13.3115
    endloop
  endfacet
  facet normal -0.0393082 -0.0270974 0.99886
    outer loop
      vertex -1.63218 -7.84581 13.2411
      vertex -3.73607 -3.19774 13.2844
      vertex -3.81394 -3.21011 13.281
    endloop
  endfacet
  facet normal -0.0395292 -0.0271846 0.998849
    outer loop
      vertex -7.8833 6.23108 13.377
      vertex -9.69847 9.29307 13.3885
      vertex -8.06034 5.81244 13.3586
    endloop
  endfacet
  facet normal -0.0396891 -0.0272794 0.99884
    outer loop
      vertex -7.6033 6.6805 13.4004
      vertex -9.69847 9.29307 13.3885
      vertex -7.8833 6.23108 13.377
    endloop
  endfacet
  facet normal -0.0393157 -0.0269798 0.998863
    outer loop
      vertex -9.69847 9.29307 13.3885
      vertex -7.6033 6.6805 13.4004
      vertex -7.50566 6.78997 13.4072
    endloop
  endfacet
  facet normal -0.0395869 -0.0270952 0.998849
    outer loop
      vertex -3.3672 0.986099 13.4131
      vertex -3.3175 0.906113 13.4129
      vertex -3.31169 0.986099 13.4153
    endloop
  endfacet
  facet normal -0.0398316 -0.0272472 0.998835
    outer loop
      vertex -3.52887 0.760544 13.4005
      vertex -3.3175 0.906113 13.4129
      vertex -3.3672 0.986099 13.4131
    endloop
  endfacet
  facet normal -0.0394665 -0.0277773 0.998835
    outer loop
      vertex -3.3175 0.906113 13.4129
      vertex -3.52887 0.760544 13.4005
      vertex -3.32387 0.821671 13.4103
    endloop
  endfacet
  facet normal -0.0396234 -0.0272527 0.998843
    outer loop
      vertex -3.32387 0.821671 13.4103
      vertex -3.52887 0.760544 13.4005
      vertex -3.33081 0.732803 13.4076
    endloop
  endfacet
  facet normal -0.0395579 -0.0267814 0.998858
    outer loop
      vertex -3.33081 0.732803 13.4076
      vertex -3.52887 0.760544 13.4005
      vertex -3.33832 0.639465 13.4048
    endloop
  endfacet
  facet normal -0.0399192 -0.0273511 0.998828
    outer loop
      vertex -3.33832 0.639465 13.4048
      vertex -3.52887 0.760544 13.4005
      vertex -3.34639 0.541687 13.4018
    endloop
  endfacet
  facet normal -0.0396384 -0.0271169 0.998846
    outer loop
      vertex -3.70276 0.561661 13.3882
      vertex -3.34639 0.541687 13.4018
      vertex -3.52887 0.760544 13.4005
    endloop
  endfacet
  facet normal -0.0396401 -0.0271478 0.998845
    outer loop
      vertex -3.34639 0.541687 13.4018
      vertex -3.70276 0.561661 13.3882
      vertex -3.35388 0.442245 13.3988
    endloop
  endfacet
  facet normal -0.0396272 -0.0271098 0.998847
    outer loop
      vertex -3.35388 0.442245 13.3988
      vertex -3.70276 0.561661 13.3882
      vertex -3.35971 0.343918 13.3959
    endloop
  endfacet
  facet normal -0.0396047 -0.0270744 0.998849
    outer loop
      vertex -3.35971 0.343918 13.3959
      vertex -3.70276 0.561661 13.3882
      vertex -3.36386 0.246689 13.3931
    endloop
  endfacet
  facet normal -0.0397431 -0.0272234 0.998839
    outer loop
      vertex -3.88889 0.389435 13.3761
      vertex -3.36386 0.246689 13.3931
      vertex -3.70276 0.561661 13.3882
    endloop
  endfacet
  facet normal -0.0399699 -0.0280617 0.998807
    outer loop
      vertex -3.36386 0.246689 13.3931
      vertex -3.88889 0.389435 13.3761
      vertex -3.36636 0.150589 13.3903
    endloop
  endfacet
  facet normal -0.0394803 -0.0269877 0.998856
    outer loop
      vertex -3.36636 0.150589 13.3903
      vertex -3.88889 0.389435 13.3761
      vertex -3.3672 0.0555878 13.3877
    endloop
  endfacet
  facet normal -0.0395454 -0.0270896 0.99885
    outer loop
      vertex -4.08723 0.243881 13.3643
      vertex -3.3672 0.0555878 13.3877
      vertex -3.88889 0.389435 13.3761
    endloop
  endfacet
  facet normal -0.0396412 -0.0274574 0.998837
    outer loop
      vertex -3.3672 0.0555878 13.3877
      vertex -4.08723 0.243881 13.3643
      vertex -3.3672 -0.0971985 13.3835
    endloop
  endfacet
  facet normal -0.0395883 -0.0273455 0.998842
    outer loop
      vertex -4.29779 0.125 13.3527
      vertex -3.3672 -0.0971985 13.3835
      vertex -4.08723 0.243881 13.3643
    endloop
  endfacet
  facet normal -0.0395489 -0.0271797 0.998848
    outer loop
      vertex -3.3672 -0.0971985 13.3835
      vertex -4.29779 0.125 13.3527
      vertex -3.43109 -0.717178 13.3641
    endloop
  endfacet
  facet normal -0.0396006 -0.0272329 0.998844
    outer loop
      vertex -4.51999 0.0299835 13.3413
      vertex -3.43109 -0.717178 13.3641
      vertex -4.29779 0.125 13.3527
    endloop
  endfacet
  facet normal -0.0395496 -0.0271586 0.998848
    outer loop
      vertex -3.43109 -0.717178 13.3641
      vertex -4.51999 0.0299835 13.3413
      vertex -3.62274 -1.1994 13.3434
    endloop
  endfacet
  facet normal -0.0397005 -0.0272687 0.998839
    outer loop
      vertex -3.62274 -1.1994 13.3434
      vertex -4.51999 0.0299835 13.3413
      vertex -3.94218 -1.54384 13.3213
    endloop
  endfacet
  facet normal -0.0397376 -0.0272823 0.998838
    outer loop
      vertex -4.75331 -0.0438843 13.33
      vertex -3.94218 -1.54384 13.3213
      vertex -4.51999 0.0299835 13.3413
    endloop
  endfacet
  facet normal -0.0396719 -0.0272468 0.998841
    outer loop
      vertex -3.94218 -1.54384 13.3213
      vertex -4.75331 -0.0438843 13.33
      vertex -4.3894 -1.7505 13.2979
    endloop
  endfacet
  facet normal -0.0393283 -0.0271738 0.998857
    outer loop
      vertex -4.3894 -1.7505 13.2979
      vertex -4.75331 -0.0438843 13.33
      vertex -4.49495 -1.76315 13.2934
    endloop
  endfacet
  facet normal -0.0394836 -0.027197 0.99885
    outer loop
      vertex -4.99776 -0.0966644 13.3189
      vertex -4.49495 -1.76315 13.2934
      vertex -4.75331 -0.0438843 13.33
    endloop
  endfacet
  facet normal -0.0396183 -0.0272376 0.998844
    outer loop
      vertex -5.25331 -0.128342 13.3079
      vertex -4.49495 -1.76315 13.2934
      vertex -4.99776 -0.0966644 13.3189
    endloop
  endfacet
  facet normal -0.035858 -0.0254949 0.999032
    outer loop
      vertex -4.49495 -1.76315 13.2934
      vertex -5.25331 -0.128342 13.3079
      vertex -5.26415 -0.12877 13.3075
    endloop
  endfacet
  facet normal -0.0434073 -0.0246625 0.998753
    outer loop
      vertex -3.46122 2.17324 13.4417
      vertex -3.61029 1.9375 13.4294
      vertex -3.47278 2.14499 13.4405
    endloop
  endfacet
  facet normal -0.0409302 -0.0262322 0.998818
    outer loop
      vertex -3.46122 2.17324 13.4417
      vertex -3.77945 1.77499 13.4182
      vertex -3.61029 1.9375 13.4294
    endloop
  endfacet
  facet normal -0.0390067 -0.0277713 0.998853
    outer loop
      vertex -3.46122 2.17324 13.4417
      vertex -3.98138 1.64859 13.4068
      vertex -3.77945 1.77499 13.4182
    endloop
  endfacet
  facet normal -0.0398567 -0.026928 0.998842
    outer loop
      vertex -3.46122 2.17324 13.4417
      vertex -4.21611 1.55832 13.395
      vertex -3.98138 1.64859 13.4068
    endloop
  endfacet
  facet normal -0.0396858 -0.0271378 0.998844
    outer loop
      vertex -3.46122 2.17324 13.4417
      vertex -4.48361 1.50415 13.3829
      vertex -4.21611 1.55832 13.395
    endloop
  endfacet
  facet normal -0.0396087 -0.0272556 0.998843
    outer loop
      vertex -3.46122 2.17324 13.4417
      vertex -4.78389 1.4861 13.3705
      vertex -4.48361 1.50415 13.3829
    endloop
  endfacet
  facet normal -0.0395862 -0.0272988 0.998843
    outer loop
      vertex -6.03223 2.3011 13.3433
      vertex -4.78389 1.4861 13.3705
      vertex -3.46122 2.17324 13.4417
    endloop
  endfacet
  facet normal -0.0395142 -0.0271883 0.998849
    outer loop
      vertex -4.78389 1.4861 13.3705
      vertex -6.03223 2.3011 13.3433
      vertex -5.31889 1.57664 13.3518
    endloop
  endfacet
  facet normal -0.0397392 -0.02741 0.998834
    outer loop
      vertex -5.31889 1.57664 13.3518
      vertex -6.03223 2.3011 13.3433
      vertex -5.735 1.84831 13.3427
    endloop
  endfacet
  facet normal -0.0395494 -0.0272004 0.998847
    outer loop
      vertex -6.21167 4.575 13.3982
      vertex -3.46122 2.17324 13.4417
      vertex -6.0582 5.1377 13.4196
    endloop
  endfacet
  facet normal -0.039566 -0.027151 0.998848
    outer loop
      vertex -6.21056 2.93498 13.3535
      vertex -3.46122 2.17324 13.4417
      vertex -6.26999 3.75 13.3733
    endloop
  endfacet
  facet normal -0.0396731 -0.0273422 0.998839
    outer loop
      vertex -3.46122 2.17324 13.4417
      vertex -6.21167 4.575 13.3982
      vertex -6.26999 3.75 13.3733
    endloop
  endfacet
  facet normal -0.0395818 -0.0272084 0.998846
    outer loop
      vertex -3.46122 2.17324 13.4417
      vertex -6.21056 2.93498 13.3535
      vertex -6.03223 2.3011 13.3433
    endloop
  endfacet
  facet normal 0.0709145 -0.244525 0.967046
    outer loop
      vertex 4.32203 -5.44078 13.4998
      vertex 0.158727 -7.67128 13.2411
      vertex 1.23728 -7.35849 13.2411
    endloop
  endfacet
  facet normal 0.225199 -0.35772 0.906268
    outer loop
      vertex 30.6973 -6.76557 9.10641
      vertex 28.1385 -5.82071 10.1152
      vertex 29.6479 -7.42621 9.10641
    endloop
  endfacet
  facet normal -0.0172702 -0.076681 0.996906
    outer loop
      vertex 3.35313 -5.60533 13.4998
      vertex -1.63218 -7.84581 13.2411
      vertex 3.46391 -5.63028 13.4998
    endloop
  endfacet
  facet normal -0.00835886 0.000143749 0.999965
    outer loop
      vertex 1.1695 -3.05793 13.4813
      vertex 1.1576 -3.05427 13.4812
      vertex 3.34002 -5.53648 13.4998
    endloop
  endfacet
  facet normal -0.00716859 0.00121064 0.999974
    outer loop
      vertex -9.69847 9.29307 13.3885
      vertex -7.47988 6.81889 13.4074
      vertex -9.69008 9.34275 13.3885
    endloop
  endfacet
  facet normal -0.00656177 0.0017548 0.999977
    outer loop
      vertex -7.47988 6.81889 13.4074
      vertex -9.69847 9.29307 13.3885
      vertex -7.50165 6.79447 13.4073
    endloop
  endfacet
  facet normal -0.00918256 -0.000566613 0.999958
    outer loop
      vertex -6.05507 5.14918 13.4196
      vertex -3.44541 2.21188 13.4419
      vertex -6.04619 5.18175 13.4197
    endloop
  endfacet
  facet normal -0.0095123 -0.000859597 0.999954
    outer loop
      vertex -3.44541 2.21188 13.4419
      vertex -6.05507 5.14918 13.4196
      vertex -3.45402 2.19083 13.4418
    endloop
  endfacet
  facet normal -0.00799806 0.000494033 0.999968
    outer loop
      vertex -1.31212 -0.245288 13.4601
      vertex 0.662827 -2.47936 13.477
      vertex -1.3109 -0.225537 13.4601
    endloop
  endfacet
  facet normal -0.00855688 0 0.999963
    outer loop
      vertex 0.662827 -2.47936 13.477
      vertex -1.31212 -0.245288 13.4601
      vertex 0.662827 -2.49153 13.477
    endloop
  endfacet
  facet normal -0.00957689 -0.000927258 0.999954
    outer loop
      vertex 1.10379 -3.03771 13.4807
      vertex 3.34002 -5.53648 13.4998
      vertex 1.1576 -3.05427 13.4812
    endloop
  endfacet
  facet normal -0.010849 -0.00206579 0.999939
    outer loop
      vertex 3.34002 -5.53648 13.4998
      vertex 1.10379 -3.03771 13.4807
      vertex 3.35313 -5.60533 13.4998
    endloop
  endfacet
  facet normal -0.0167999 -0.00724789 0.999833
    outer loop
      vertex -7.50165 6.79447 13.4073
      vertex -9.69847 9.29307 13.3885
      vertex -7.50566 6.78997 13.4072
    endloop
  endfacet
  facet normal -0.00651463 0.0017762 0.999977
    outer loop
      vertex -6.0582 5.1377 13.4196
      vertex -3.45402 2.19083 13.4418
      vertex -6.05507 5.14918 13.4196
    endloop
  endfacet
  facet normal -0.0102223 -0.00150052 0.999947
    outer loop
      vertex -3.45402 2.19083 13.4418
      vertex -6.0582 5.1377 13.4196
      vertex -3.46122 2.17324 13.4417
    endloop
  endfacet
  facet normal -0.0112739 -0.0023891 0.999934
    outer loop
      vertex -1.31413 -0.277657 13.46
      vertex 0.662827 -2.49153 13.477
      vertex -1.31212 -0.245288 13.4601
    endloop
  endfacet
  facet normal -0.0112136 -0.0023352 0.999934
    outer loop
      vertex 0.662827 -2.49153 13.477
      vertex -1.31413 -0.277657 13.46
      vertex 0.662827 -2.53435 13.4769
    endloop
  endfacet
  facet normal -0.133661 0.361052 0.922917
    outer loop
      vertex -8.92587 9.70029 13.3885
      vertex -12.2513 9.12514 13.1319
      vertex -9.21431 9.59351 13.3885
    endloop
  endfacet
  facet normal 0.0976905 0.0661289 0.993017
    outer loop
      vertex 15.4407 10.2441 12.4364
      vertex 13.2404 9.84406 12.6795
      vertex 13.3196 9.72706 12.6795
    endloop
  endfacet
  facet normal 0.0624331 0.331307 0.941455
    outer loop
      vertex 14.8986 12.4877 11.9597
      vertex 13.2811 11.4379 12.4364
      vertex 13.8765 11.3257 12.4364
    endloop
  endfacet
  facet normal -0.00179055 0.00617385 0.999979
    outer loop
      vertex 6.5143 -2.28794 13.4907
      vertex 7.46722 -3.4855 13.4998
      vertex 7.8314 -3.37988 13.4998
    endloop
  endfacet
  facet normal -0.00176891 0.00619107 0.999979
    outer loop
      vertex 6.32953 -2.4861 13.4916
      vertex 7.46722 -3.4855 13.4998
      vertex 6.5143 -2.28794 13.4907
    endloop
  endfacet
  facet normal -0.00326088 0.0044927 0.999985
    outer loop
      vertex 7.46722 -3.4855 13.4998
      vertex 6.32953 -2.4861 13.4916
      vertex 6.31268 -2.49833 13.4916
    endloop
  endfacet
  facet normal -0.00184168 0.00615121 0.999979
    outer loop
      vertex -5.55155 7.71523 13.407
      vertex -8.21669 9.92476 13.3885
      vertex -5.62562 7.70931 13.4069
    endloop
  endfacet
  facet normal -0.00186314 0.00611812 0.99998
    outer loop
      vertex -1.29779 4.00887 13.4376
      vertex 0.259409 2.89766 13.4473
      vertex -1.29779 4.18866 13.4365
    endloop
  endfacet
  facet normal -0.00186091 0.00612125 0.99998
    outer loop
      vertex 0.259409 2.89766 13.4473
      vertex -1.29779 4.00887 13.4376
      vertex 0.294899 2.64707 13.4489
    endloop
  endfacet
  facet normal -0.00314405 0.00663053 0.999973
    outer loop
      vertex 5.02197 -1.05073 13.4804
      vertex 4.88798 -1.28016 13.4815
      vertex 4.96288 -1.1994 13.4812
    endloop
  endfacet
  facet normal -0.00200181 0.00596348 0.99998
    outer loop
      vertex 3.81263 -0.048132 13.472
      vertex 4.88798 -1.28016 13.4815
      vertex 5.02197 -1.05073 13.4804
    endloop
  endfacet
  facet normal -0.00177536 0.00616112 0.999979
    outer loop
      vertex 3.58788 -0.0966644 13.4719
      vertex 4.88798 -1.28016 13.4815
      vertex 3.81263 -0.048132 13.472
    endloop
  endfacet
  facet normal -0.00208363 0.00582248 0.999981
    outer loop
      vertex 4.88798 -1.28016 13.4815
      vertex 3.58788 -0.0966644 13.4719
      vertex 3.51446 -0.105764 13.4718
    endloop
  endfacet
  facet normal -0.00192594 0.00604845 0.99998
    outer loop
      vertex -8.58901 9.81213 13.3885
      vertex -6.3089 7.59532 13.4063
      vertex -6.00803 7.67459 13.4064
    endloop
  endfacet
  facet normal -0.00198721 0.00598544 0.99998
    outer loop
      vertex -6.3089 7.59532 13.4063
      vertex -8.58901 9.81213 13.3885
      vertex -8.92587 9.70029 13.3885
    endloop
  endfacet
  facet normal -0.00322211 0.00443677 0.999985
    outer loop
      vertex 6.29275 -2.51281 13.4917
      vertex 6.27445 -2.5261 13.4917
      vertex 7.46722 -3.4855 13.4998
    endloop
  endfacet
  facet normal -0.00308859 0.00515783 0.999982
    outer loop
      vertex -3.77164 5.7039 13.4226
      vertex -3.50507 5.34006 13.4253
      vertex -3.6033 5.51389 13.4241
    endloop
  endfacet
  facet normal -0.00106841 0.0066379 0.999977
    outer loop
      vertex -3.97664 5.85168 13.4214
      vertex -3.50507 5.34006 13.4253
      vertex -3.77164 5.7039 13.4226
    endloop
  endfacet
  facet normal -0.000136517 0.0110547 0.999939
    outer loop
      vertex -4.29369 5.9744 13.42
      vertex -3.97664 5.85168 13.4214
      vertex -4.21832 5.95724 13.4202
    endloop
  endfacet
  facet normal -0.00227775 0.00552327 0.999982
    outer loop
      vertex -3.97664 5.85168 13.4214
      vertex -4.29369 5.9744 13.42
      vertex -3.50507 5.34006 13.4253
    endloop
  endfacet
  facet normal -0.00214176 0.00574234 0.999981
    outer loop
      vertex -1.29779 3.56464 13.4403
      vertex 0.325949 2.42884 13.4503
      vertex -1.29779 3.77361 13.4391
    endloop
  endfacet
  facet normal -0.00198664 0.00596409 0.99998
    outer loop
      vertex 0.325949 2.42884 13.4503
      vertex -1.29779 3.56464 13.4403
      vertex 0.382639 2.21299 13.4517
    endloop
  endfacet
  facet normal -0.00128167 0.00678735 0.999976
    outer loop
      vertex 3.40303 -0.119575 13.4717
      vertex 4.81854 -1.35504 13.4819
      vertex 4.85166 -1.31932 13.4817
    endloop
  endfacet
  facet normal -0.00213431 0.00581049 0.999981
    outer loop
      vertex 3.33231 -0.128342 13.4716
      vertex 4.81854 -1.35504 13.4819
      vertex 3.40303 -0.119575 13.4717
    endloop
  endfacet
  facet normal -0.00289443 0.00488958 0.999984
    outer loop
      vertex 4.81854 -1.35504 13.4819
      vertex 3.33231 -0.128342 13.4716
      vertex 3.29529 -0.129805 13.4715
    endloop
  endfacet
  facet normal -0.199966 0.602302 0.772817
    outer loop
      vertex -10.3994 9.77261 13.1319
      vertex -15.2542 20.4018 3.59176
      vertex -11.3971 9.44137 13.1319
    endloop
  endfacet
  facet normal -0.0020791 0.00585954 0.999981
    outer loop
      vertex -9.21431 9.59351 13.3885
      vertex -6.88773 7.34718 13.4065
      vertex -6.75864 7.41005 13.4064
    endloop
  endfacet
  facet normal -0.00342087 0.00446987 0.999984
    outer loop
      vertex -9.21431 9.59351 13.3885
      vertex -6.93294 7.31258 13.4065
      vertex -6.88773 7.34718 13.4065
    endloop
  endfacet
  facet normal -0.00235853 0.00553239 0.999982
    outer loop
      vertex -6.93294 7.31258 13.4065
      vertex -9.21431 9.59351 13.3885
      vertex -9.44325 9.49591 13.3885
    endloop
  endfacet
  facet normal -0.00183402 0.00612959 0.99998
    outer loop
      vertex 5.09061 -3.12566 13.4926
      vertex 5.0742 -3.13057 13.4926
      vertex 6.07904 -4.00452 13.4998
    endloop
  endfacet
  facet normal -0.00595076 0.00540697 0.999968
    outer loop
      vertex -3.25062 4.29091 13.4319
      vertex -3.23924 4.1 13.433
      vertex -3.2433 4.22499 13.4323
    endloop
  endfacet
  facet normal -0.00222033 0.00566241 0.999982
    outer loop
      vertex -5.35339 5.93878 13.4179
      vertex -3.25062 4.29091 13.4319
      vertex -5.15271 5.98215 13.4181
    endloop
  endfacet
  facet normal -0.00429522 0.0152638 0.999874
    outer loop
      vertex -5.35339 5.93878 13.4179
      vertex -5.15271 5.98215 13.4181
      vertex -5.33669 5.95003 13.4178
    endloop
  endfacet
  facet normal -0.00224744 0.0056278 0.999982
    outer loop
      vertex -3.25062 4.29091 13.4319
      vertex -5.35339 5.93878 13.4179
      vertex -3.23924 4.1 13.433
    endloop
  endfacet
  facet normal -0.00137186 0.0100603 0.999948
    outer loop
      vertex 3.62145 -1.81937 13.4819
      vertex 3.56418 -1.81724 13.4818
      vertex 3.62123 -1.8194 13.4819
    endloop
  endfacet
  facet normal -0.00150549 0.00646863 0.999978
    outer loop
      vertex -1.29779 2.55456 13.4462
      vertex 3.56418 -1.81724 13.4818
      vertex 3.62145 -1.81937 13.4819
    endloop
  endfacet
  facet normal -0.00292418 0.00489092 0.999984
    outer loop
      vertex 3.56418 -1.81724 13.4818
      vertex -1.29779 2.55456 13.4462
      vertex -1.29779 2.41144 13.4469
    endloop
  endfacet
  facet normal -0.00240991 0.234525 -0.972107
    outer loop
      vertex -6.32865 19.198 1.01774
      vertex -9.15084 19.169 1.01774
      vertex -8.06238 21.0609 1.47147
    endloop
  endfacet
  facet normal -0.211994 0.671776 -0.709771
    outer loop
      vertex -11.1739 21.6894 1.97563
      vertex -15.1894 20.9877 2.51084
      vertex -10.946 22.3268 2.51084
    endloop
  endfacet
  facet normal -0.118334 0.677186 0.726235
    outer loop
      vertex -6.93041 23.0285 3.05654
      vertex -10.946 22.3268 3.05654
      vertex 4.16348 19.6811 7.98552
    endloop
  endfacet
  facet normal -0.172136 0.985073 0
    outer loop
      vertex -6.93041 23.0285 2.51084
      vertex -10.946 22.3268 3.05654
      vertex -6.93041 23.0285 3.05654
    endloop
  endfacet
  facet normal -0.172136 0.985073 0
    outer loop
      vertex -10.946 22.3268 3.05654
      vertex -6.93041 23.0285 2.51084
      vertex -10.946 22.3268 2.51084
    endloop
  endfacet
  facet normal -0.431359 0.595993 -0.67729
    outer loop
      vertex -23.4428 16.2074 1.97563
      vertex -27.2363 13.4618 1.97563
      vertex -23.7052 16.6257 2.51084
    endloop
  endfacet
  facet normal -0.271155 0.374645 -0.886632
    outer loop
      vertex -26.4241 12.8565 1.47147
      vertex -27.2363 13.4618 1.97563
      vertex -23.4428 16.2074 1.97563
    endloop
  endfacet
  facet normal -0.23151 0.399718 -0.886921
    outer loop
      vertex -22.928 15.3869 1.47147
      vertex -23.4428 16.2074 1.97563
      vertex -19.1993 17.5465 1.47147
    endloop
  endfacet
  facet normal -0.184031 0.411855 -0.892473
    outer loop
      vertex -19.1993 17.5465 1.47147
      vertex -19.3969 18.5507 1.97563
      vertex -15.2542 20.4018 1.97563
    endloop
  endfacet
  facet normal -0.0836037 0.187093 -0.978778
    outer loop
      vertex -15.801 15.4601 0.631868
      vertex -18.5473 14.2329 0.631868
      vertex -15.566 17.5838 1.01774
    endloop
  endfacet
  facet normal -0.277736 0.366837 -0.887859
    outer loop
      vertex -26.4241 12.8565 1.47147
      vertex -32.3504 7.37201 1.05928
      vertex -27.2363 13.4618 1.97563
    endloop
  endfacet
  facet normal -0.0810023 -0.359571 0.929595
    outer loop
      vertex -9.83762 -12.0172 11.9966
      vertex -14.1488 -13.471 11.0586
      vertex -13.2752 -13.6678 11.0586
    endloop
  endfacet
  facet normal 0.0372993 -0.551318 0.833461
    outer loop
      vertex -9.83762 -12.0172 11.9966
      vertex -13.2752 -13.6678 11.0586
      vertex 9.14921 -22.0395 4.51734
    endloop
  endfacet
  facet normal -0.0918821 0.1156 0.989037
    outer loop
      vertex -13.4051 8.58533 13.1319
      vertex -13.6603 8.38249 13.1319
      vertex -9.6039 9.41124 13.3885
    endloop
  endfacet
  facet normal -0.279023 0.350959 0.893853
    outer loop
      vertex -16.9858 7.80734 12.6285
      vertex -18.0169 7.5833 12.3946
      vertex -17.2676 7.5833 12.6285
    endloop
  endfacet
  facet normal -0.0823932 -0.0550752 0.995077
    outer loop
      vertex -13.3237 7.72887 13.1338
      vertex -13.6852 8.23535 13.1319
      vertex -13.4761 7.71837 13.1206
    endloop
  endfacet
  facet normal -0.0826114 -0.0552311 0.99505
    outer loop
      vertex -13.6852 8.23535 13.1319
      vertex -13.3237 7.72887 13.1338
      vertex -13.3059 7.72927 13.1353
    endloop
  endfacet
  facet normal -0.0827534 -0.055258 0.995037
    outer loop
      vertex -9.85118 3.12001 13.1666
      vertex -6.77611 -1.60941 13.1597
      vertex -6.225 -1.71806 13.1995
    endloop
  endfacet
  facet normal -0.0827111 -0.0552305 0.995042
    outer loop
      vertex -6.77611 -1.60941 13.1597
      vertex -9.85118 3.12001 13.1666
      vertex -7.35556 -1.44608 13.1206
    endloop
  endfacet
  facet normal -0.082724 -0.0552373 0.99504
    outer loop
      vertex -9.85118 0 12.9934
      vertex -7.92279 -1.2361 13.0851
      vertex -9.85118 3.12001 13.1666
    endloop
  endfacet
  facet normal -0.0827222 -0.0552365 0.995041
    outer loop
      vertex -7.35556 -1.44608 13.1206
      vertex -9.85118 3.12001 13.1666
      vertex -7.92279 -1.2361 13.0851
    endloop
  endfacet
  facet normal -0.0825268 -0.0550903 0.995065
    outer loop
      vertex -5.0894 -3.3333 13.2042
      vertex -1.63218 -7.84581 13.2411
      vertex -5.01694 -3.32986 13.2104
    endloop
  endfacet
  facet normal -0.0827841 -0.0552327 0.995036
    outer loop
      vertex -6.32825 -9.9563 12.7335
      vertex -5.0894 -3.3333 13.2042
      vertex -5.40691 -3.32941 13.178
    endloop
  endfacet
  facet normal -0.0828409 -0.0552245 0.995031
    outer loop
      vertex -6.32825 -9.9563 12.7335
      vertex -5.40691 -3.32941 13.178
      vertex -5.71498 -3.31773 13.153
    endloop
  endfacet
  facet normal -0.0825692 -0.055251 0.995053
    outer loop
      vertex -6.32825 -9.9563 12.7335
      vertex -5.71498 -3.31773 13.153
      vertex -6.0136 -3.29829 13.1293
    endloop
  endfacet
  facet normal -0.0826232 -0.0552481 0.995048
    outer loop
      vertex -6.32825 -9.9563 12.7335
      vertex -6.0136 -3.29829 13.1293
      vertex -6.30276 -3.27109 13.1068
    endloop
  endfacet
  facet normal -0.0827268 -0.0552437 0.99504
    outer loop
      vertex -5.0894 -3.3333 13.2042
      vertex -6.32825 -9.9563 12.7335
      vertex -1.63218 -7.84581 13.2411
    endloop
  endfacet
  facet normal -0.0826781 -0.0552477 0.995044
    outer loop
      vertex -6.58249 -3.2361 13.0855
      vertex -6.32825 -9.9563 12.7335
      vertex -6.30276 -3.27109 13.1068
    endloop
  endfacet
  facet normal -0.0829087 -0.0552554 0.995024
    outer loop
      vertex -6.85611 -3.1911 13.0652
      vertex -6.32825 -9.9563 12.7335
      vertex -6.58249 -3.2361 13.0855
    endloop
  endfacet
  facet normal -0.0825789 -0.0552311 0.995053
    outer loop
      vertex -7.12694 -3.13388 13.0459
      vertex -6.32825 -9.9563 12.7335
      vertex -6.85611 -3.1911 13.0652
    endloop
  endfacet
  facet normal -0.0829899 -0.0552775 0.995016
    outer loop
      vertex -7.395 -3.06444 13.0274
      vertex -6.32825 -9.9563 12.7335
      vertex -7.12694 -3.13388 13.0459
    endloop
  endfacet
  facet normal -0.0826399 -0.0552247 0.995048
    outer loop
      vertex -7.66029 -2.98277 13.0099
      vertex -6.32825 -9.9563 12.7335
      vertex -7.395 -3.06444 13.0274
    endloop
  endfacet
  facet normal -0.0826777 -0.0552318 0.995045
    outer loop
      vertex -7.92279 -2.88889 12.9933
      vertex -6.32825 -9.9563 12.7335
      vertex -7.66029 -2.98277 13.0099
    endloop
  endfacet
  facet normal -0.0827427 -0.0552668 0.995037
    outer loop
      vertex -7.92279 -1.2361 13.0851
      vertex -9.85118 0 12.9934
      vertex -7.92279 -2.88889 12.9933
    endloop
  endfacet
  facet normal -0.0828006 -0.0553055 0.99503
    outer loop
      vertex -10.3547 0 12.9515
      vertex -7.92279 -2.88889 12.9933
      vertex -9.85118 0 12.9934
    endloop
  endfacet
  facet normal -0.082726 -0.0552425 0.99504
    outer loop
      vertex -7.92279 -2.88889 12.9933
      vertex -10.3547 0 12.9515
      vertex -6.32825 -9.9563 12.7335
    endloop
  endfacet
  facet normal -0.0828014 -0.0551877 0.995037
    outer loop
      vertex -12.2599 4.71106 13.0547
      vertex -11.9067 5.05559 13.1032
      vertex -11.9192 5.28169 13.1147
    endloop
  endfacet
  facet normal -0.0828176 -0.055178 0.995036
    outer loop
      vertex -12.2599 4.71106 13.0547
      vertex -11.9192 5.28169 13.1147
      vertex -11.9567 5.48224 13.1227
    endloop
  endfacet
  facet normal -0.082069 -0.0554763 0.995081
    outer loop
      vertex -12.2599 4.71106 13.0547
      vertex -11.9567 5.48224 13.1227
      vertex -12.0192 5.65721 13.1273
    endloop
  endfacet
  facet normal -0.0829654 -0.0552436 0.99502
    outer loop
      vertex -12.2599 4.71106 13.0547
      vertex -12.0192 5.65721 13.1273
      vertex -12.1067 5.80663 13.1283
    endloop
  endfacet
  facet normal -0.0829421 -0.0552469 0.995022
    outer loop
      vertex -12.2599 4.71106 13.0547
      vertex -12.1067 5.80663 13.1283
      vertex -12.2192 5.9305 13.1258
    endloop
  endfacet
  facet normal -0.0827747 -0.0552152 0.995038
    outer loop
      vertex -11.9067 5.05559 13.1032
      vertex -12.2599 4.71106 13.0547
      vertex -11.9067 4.7222 13.0847
    endloop
  endfacet
  facet normal -0.0823989 -0.0552676 0.995066
    outer loop
      vertex -12.3539 6.0305 13.1202
      vertex -12.2599 4.71106 13.0547
      vertex -12.2192 5.9305 13.1258
    endloop
  endfacet
  facet normal -0.0827423 -0.0552906 0.995036
    outer loop
      vertex -12.5081 6.10829 13.1117
      vertex -12.2599 4.71106 13.0547
      vertex -12.3539 6.0305 13.1202
    endloop
  endfacet
  facet normal -0.0830532 -0.0553446 0.995007
    outer loop
      vertex -12.6817 6.16385 13.1003
      vertex -12.2599 4.71106 13.0547
      vertex -12.5081 6.10829 13.1117
    endloop
  endfacet
  facet normal -0.0826803 -0.0552376 0.995044
    outer loop
      vertex -12.2599 4.71106 13.0547
      vertex -12.6817 6.16385 13.1003
      vertex -12.8599 6.1946 13.0872
    endloop
  endfacet
  facet normal 0.0850398 -0.385088 0.918953
    outer loop
      vertex -0.699391 -7.86078 13.2411
      vertex -3.41997 -9.67288 12.7335
      vertex 0.158727 -7.67128 13.2411
    endloop
  endfacet
  facet normal 0.133127 -0.274647 0.952285
    outer loop
      vertex 26.2174 -3.77731 10.9731
      vertex 6.70185 -4.47609 13.4998
      vertex 28.1385 -5.82071 10.1152
    endloop
  endfacet
  facet normal -0.0132672 -0.631597 0.775183
    outer loop
      vertex -13.2752 -13.6678 11.0586
      vertex -15.976 -14.9646 9.95578
      vertex 5.99393 -22.1009 4.51734
    endloop
  endfacet
  facet normal 0.171391 -0.524121 0.83422
    outer loop
      vertex 13.1474 -20.2176 5.15142
      vertex 12.6726 -21.3821 4.51734
      vertex 16.4288 -20.1538 4.51734
    endloop
  endfacet
  facet normal 0.0143787 -0.73953 -0.67297
    outer loop
      vertex 8.76635 -22.6595 3.15788
      vertex 5.48497 -22.7233 3.15788
      vertex 9.14921 -22.0395 2.48474
    endloop
  endfacet
  facet normal -0.197515 -0.9803 0
    outer loop
      vertex 2.71254 -22.1647 3.15788
      vertex 5.48497 -22.7233 3.8442
      vertex 2.71254 -22.1647 3.8442
    endloop
  endfacet
  facet normal -0.197515 -0.9803 -0
    outer loop
      vertex 5.48497 -22.7233 3.8442
      vertex 2.71254 -22.1647 3.15788
      vertex 5.48497 -22.7233 3.15788
    endloop
  endfacet
  facet normal -0.119923 0.472979 0.872874
    outer loop
      vertex -6.94823 10.7292 13.1319
      vertex -8.13144 10.4292 13.1319
      vertex -7.42368 10.1351 13.3885
    endloop
  endfacet
  facet normal -0.169158 0.610105 0.774052
    outer loop
      vertex -8.13144 10.4292 13.1319
      vertex -11.1739 21.6894 3.59176
      vertex -9.29677 10.1061 13.1319
    endloop
  endfacet
  facet normal -0.0462916 0.350764 0.935319
    outer loop
      vertex -2.9199 11.4917 13.1319
      vertex -6.34005 10.3561 13.3885
      vertex -6.06348 10.3926 13.3885
    endloop
  endfacet
  facet normal -0.0463619 0.350958 0.935243
    outer loop
      vertex -3.73897 11.3835 13.1319
      vertex -6.34005 10.3561 13.3885
      vertex -2.9199 11.4917 13.1319
    endloop
  endfacet
  facet normal 0.00945217 0.193224 0.981109
    outer loop
      vertex -2.28321 11.5361 13.1319
      vertex -5.8485 10.4076 13.3885
      vertex -5.70336 10.4005 13.3885
    endloop
  endfacet
  facet normal -0.0195202 0.279917 0.959826
    outer loop
      vertex -2.9199 11.4917 13.1319
      vertex -5.8485 10.4076 13.3885
      vertex -2.28321 11.5361 13.1319
    endloop
  endfacet
  facet normal -0.220326 0.595145 0.772825
    outer loop
      vertex -11.3971 9.44137 13.1319
      vertex -15.2542 20.4018 3.59176
      vertex -12.2513 9.12514 13.1319
    endloop
  endfacet
  facet normal -0.133659 0.36104 0.922922
    outer loop
      vertex -11.3971 9.44137 13.1319
      vertex -12.2513 9.12514 13.1319
      vertex -8.92587 9.70029 13.3885
    endloop
  endfacet
  facet normal -0.115789 0.662656 -0.739919
    outer loop
      vertex -7.31263 22.3641 1.97563
      vertex -11.1739 21.6894 1.97563
      vertex -6.93041 23.0285 2.51084
    endloop
  endfacet
  facet normal -0.0064634 0.629587 -0.776903
    outer loop
      vertex -3.81893 22.4 1.97563
      vertex -6.93041 23.0285 2.51084
      vertex -3.29709 23.0658 2.51084
    endloop
  endfacet
  facet normal 0.0259887 0.166249 -0.985741
    outer loop
      vertex 5.36988 12.5614 0.130011
      vertex 4.34892 12.721 0.130011
      vertex 4.78476 13.9959 0.356519
    endloop
  endfacet
  facet normal -0.0306354 0.175313 -0.984036
    outer loop
      vertex -10.5362 16.761 0.631868
      vertex -13.0959 16.3137 0.631868
      vertex -9.15084 19.169 1.01774
    endloop
  endfacet
  facet normal -0.0339592 0.0478823 -0.998276
    outer loop
      vertex -18.8683 8.91567 0.119864
      vertex -27.9886 3.62265 0.176237
      vertex -27.0842 4.26407 0.176237
    endloop
  endfacet
  facet normal -0.116899 0.0131084 -0.993057
    outer loop
      vertex -31.7985 -0.0233727 0.338792
      vertex -33.5562 -0.0246649 0.545684
      vertex -31.6468 1.32946 0.338792
    endloop
  endfacet
  facet normal -0.0499989 0.0704983 -0.996258
    outer loop
      vertex -27.9886 3.62265 0.176237
      vertex -29.4529 4.88131 0.338792
      vertex -27.0842 4.26407 0.176237
    endloop
  endfacet
  facet normal 0.00313925 -0.042096 -0.999109
    outer loop
      vertex -10.609 -12.0682 0.0942535
      vertex -13.5586 -10.3013 0.01054
      vertex 17.7478 -8.11662 0.0168581
    endloop
  endfacet
  facet normal 6.58995e-05 -9.28927e-05 -1
    outer loop
      vertex 3.03773 6.80716 0.00819016
      vertex -23.0615 -0.907715 0.00718689
      vertex -22.8735 -0.774345 0.00718689
    endloop
  endfacet
  facet normal -0.0241506 0.0354261 -0.99908
    outer loop
      vertex -17.549 6.81269 0.0134039
      vertex -25.8047 2.61909 0.0642681
      vertex -18.8683 8.91567 0.119864
    endloop
  endfacet
  facet normal -0.0352424 0.0788779 -0.996261
    outer loop
      vertex -17.641 9.62651 0.119864
      vertex -18.118 12.051 0.328694
      vertex -16.3843 10.188 0.119864
    endloop
  endfacet
  facet normal -0.0477437 0.0722538 -0.996243
    outer loop
      vertex -27.0842 4.26407 0.176237
      vertex -28.2357 5.74451 0.338792
      vertex -18.8683 8.91567 0.119864
    endloop
  endfacet
  facet normal -0.7471 0.664712 0
    outer loop
      vertex -34.1627 7.25568 2.51084
      vertex -31.1814 10.6065 3.05654
      vertex -31.1814 10.6065 2.51084
    endloop
  endfacet
  facet normal -0.7471 0.664712 0
    outer loop
      vertex -31.1814 10.6065 3.05654
      vertex -34.1627 7.25568 2.51084
      vertex -34.1627 7.25568 3.05654
    endloop
  endfacet
  facet normal -0.586308 0.810088 0
    outer loop
      vertex -23.7052 16.6257 2.51084
      vertex -27.6503 13.7704 3.05654
      vertex -23.7052 16.6257 3.05654
    endloop
  endfacet
  facet normal -0.586308 0.810088 0
    outer loop
      vertex -27.6503 13.7704 3.05654
      vertex -23.7052 16.6257 2.51084
      vertex -27.6503 13.7704 2.51084
    endloop
  endfacet
  facet normal -0.431349 0.595985 -0.677303
    outer loop
      vertex -27.2363 13.4618 1.97563
      vertex -27.6503 13.7704 2.51084
      vertex -23.7052 16.6257 2.51084
    endloop
  endfacet
  facet normal -0.531475 -0.017377 -0.846896
    outer loop
      vertex -38.7017 -5.43884 2.51084
      vertex -38.7937 -2.62502 2.51084
      vertex -37.8629 -5.00922 1.97563
    endloop
  endfacet
  facet normal -0.461802 -0.180283 -0.868468
    outer loop
      vertex -36.9679 -7.3018 1.97563
      vertex -38.7017 -5.43884 2.51084
      vertex -37.8629 -5.00922 1.97563
    endloop
  endfacet
  facet normal -0.0608304 -0.0580907 -0.996456
    outer loop
      vertex -29.4317 -4.92459 0.338792
      vertex -30.4344 -3.8746 0.338792
      vertex -28.718 -2.88357 0.176237
    endloop
  endfacet
  facet normal -0.0486893 -0.00566408 -0.998798
    outer loop
      vertex -27.3629 -0.639089 0.0642681
      vertex -29.7316 -0.0218534 0.176237
      vertex -27.4349 -0.0201654 0.0642681
    endloop
  endfacet
  facet normal -0.090641 -0.0865589 -0.992115
    outer loop
      vertex -30.6723 -5.99682 0.545684
      vertex -31.8941 -4.7174 0.545684
      vertex -30.4344 -3.8746 0.338792
    endloop
  endfacet
  facet normal -0.153461 -0.0955427 -0.983525
    outer loop
      vertex -31.8941 -4.7174 0.545684
      vertex -33.041 -5.37958 0.788963
      vertex -32.8031 -3.25736 0.545684
    endloop
  endfacet
  facet normal -0.6359 0.22236 -0.739045
    outer loop
      vertex -36.1356 2.09548 1.34625
      vertex -38.0434 0.510283 2.51084
      vertex -35.4219 4.1365 1.34625
    endloop
  endfacet
  facet normal -0.166765 0.0583164 -0.984271
    outer loop
      vertex -32.817 3.20913 0.545684
      vertex -34.7264 1.855 0.788963
      vertex -34.0939 3.66373 0.788963
    endloop
  endfacet
  facet normal -0.394006 -0.0128875 -0.919018
    outer loop
      vertex -37.8629 -5.00922 1.97563
      vertex -37.9514 -2.30353 1.97563
      vertex -35.8885 -0.0263796 1.05928
    endloop
  endfacet
  facet normal -0.153469 -0.0955416 -0.983524
    outer loop
      vertex -33.041 -5.37958 0.788963
      vertex -34.078 -3.71384 0.788963
      vertex -32.8031 -3.25736 0.545684
    endloop
  endfacet
  facet normal -0.112343 -0.0397918 -0.992872
    outer loop
      vertex -31.1804 -2.67638 0.338792
      vertex -32.8031 -3.25736 0.545684
      vertex -31.641 -1.37598 0.338792
    endloop
  endfacet
  facet normal 0.282102 0.265345 0.92196
    outer loop
      vertex 18.7249 11.9268 11.2676
      vertex 17.0583 11.2939 11.9597
      vertex 28.762 5.81385 9.95578
    endloop
  endfacet
  facet normal 0.353616 0.39907 0.84599
    outer loop
      vertex 30.7072 6.68804 8.73033
      vertex 18.7249 11.9268 11.2676
      vertex 28.762 5.81385 9.95578
    endloop
  endfacet
  facet normal 0.430969 0.575493 0.695035
    outer loop
      vertex 36.9025 7.94965 3.8442
      vertex 20.1975 13.8091 9.35079
      vertex 30.7072 6.68804 8.73033
    endloop
  endfacet
  facet normal 0.344362 0.887613 0.305873
    outer loop
      vertex 19.3943 14.997 8.19982
      vertex 10.0847 19.0927 6.79558
      vertex 10.3668 18.5732 7.98552
    endloop
  endfacet
  facet normal 0.0904913 0.480483 0.872323
    outer loop
      vertex 14.8986 12.4877 11.9597
      vertex 9.73601 16.8087 10.1152
      vertex 13.9317 12.6698 11.9597
    endloop
  endfacet
  facet normal 0.0624038 0.331347 0.941443
    outer loop
      vertex 13.9317 12.6698 11.9597
      vertex 13.2811 11.4379 12.4364
      vertex 14.8986 12.4877 11.9597
    endloop
  endfacet
  facet normal 0.0457664 0.242864 0.96898
    outer loop
      vertex 13.2811 11.4379 12.4364
      vertex -1.85339 11.515 13.1319
      vertex 13.8765 11.3257 12.4364
    endloop
  endfacet
  facet normal 0.154364 0.447313 0.880956
    outer loop
      vertex 15.8185 13.5333 11.2676
      vertex 14.8986 12.4877 11.9597
      vertex 15.7633 12.1893 11.9597
    endloop
  endfacet
  facet normal -0.0902599 0.442709 0.892111
    outer loop
      vertex -4.70897 11.2158 13.1319
      vertex -7.03347 10.2248 13.3885
      vertex -6.66757 10.2994 13.3885
    endloop
  endfacet
  facet normal -0.0903082 0.442808 0.892057
    outer loop
      vertex -5.7926 10.9948 13.1319
      vertex -7.03347 10.2248 13.3885
      vertex -4.70897 11.2158 13.1319
    endloop
  endfacet
  facet normal 0.316348 0.826472 0.46569
    outer loop
      vertex 19.3943 14.997 8.19982
      vertex 10.3668 18.5732 7.98552
      vertex 18.8333 14.5632 9.35079
    endloop
  endfacet
  facet normal 0.374514 0.927182 -0.00854992
    outer loop
      vertex 34.7456 9.10914 3.15788
      vertex 10.0847 19.0927 5.58233
      vertex 19.6802 15.2182 5.73214
    endloop
  endfacet
  facet normal 0.375783 0.926708 0
    outer loop
      vertex 34.7456 9.10914 3.8442
      vertex 19.6802 15.2182 5.73214
      vertex 19.6802 15.2182 6.97795
    endloop
  endfacet
  facet normal 0.375783 0.926708 0
    outer loop
      vertex 19.6802 15.2182 5.73214
      vertex 34.7456 9.10914 3.8442
      vertex 34.7456 9.10914 3.15788
    endloop
  endfacet
  facet normal 0.277583 0.77447 0.568457
    outer loop
      vertex 18.8333 14.5632 9.35079
      vertex 7.90637 19.4817 7.98552
      vertex 8.65263 18.3915 9.10641
    endloop
  endfacet
  facet normal 0.29607 0.801827 0.519054
    outer loop
      vertex 10.3668 18.5732 7.98552
      vertex 7.90637 19.4817 7.98552
      vertex 18.8333 14.5632 9.35079
    endloop
  endfacet
  facet normal 0.508226 0.0707659 0.858311
    outer loop
      vertex 30.8352 6.01589 8.73033
      vertex 28.88 5.19439 9.95578
      vertex 38.2836 3.62189 4.51734
    endloop
  endfacet
  facet normal 0.513596 0.0978059 0.85244
    outer loop
      vertex 38.2836 3.62189 4.51734
      vertex 30.7072 6.68804 8.73033
      vertex 30.8352 6.01589 8.73033
    endloop
  endfacet
  facet normal 0.030836 0.0584109 -0.997816
    outer loop
      vertex 21.9016 7.98464 0.123948
      vertex 20.0969 7.05678 0.0138607
      vertex 21.3879 8.25583 0.123948
    endloop
  endfacet
  facet normal 0.000270487 0.00140965 -0.999999
    outer loop
      vertex 2.63247 7.11683 0.00819016
      vertex 2.28679 7.18316 0.00819016
      vertex 4.23098 11.3138 0.0145388
    endloop
  endfacet
  facet normal -0.00650134 0.0776056 -0.996963
    outer loop
      vertex 2.85186 11.3671 0.0145388
      vertex 1.28553 12.7193 0.130011
      vertex 2.26674 12.8015 0.130011
    endloop
  endfacet
  facet normal 0.0126186 0.0807211 -0.996657
    outer loop
      vertex 5.36988 12.5614 0.130011
      vertex 3.88625 11.3676 0.0145388
      vertex 4.34892 12.721 0.130011
    endloop
  endfacet
  facet normal 0.0259912 0.16625 -0.985741
    outer loop
      vertex 5.36988 12.5614 0.130011
      vertex 4.78476 13.9959 0.356519
      vertex 6.44271 13.7367 0.356519
    endloop
  endfacet
  facet normal 0.0378258 0.155705 -0.987079
    outer loop
      vertex 7.99335 13.36 0.356519
      vertex 5.36988 12.5614 0.130011
      vertex 6.44271 13.7367 0.356519
    endloop
  endfacet
  facet normal 0.0622144 0.234851 -0.970038
    outer loop
      vertex 21.7951 9.63511 0.339893
      vertex 7.99335 13.36 0.356519
      vertex 22.7004 10.6902 0.653398
    endloop
  endfacet
  facet normal 0.040885 0.158428 -0.986524
    outer loop
      vertex 12.7914 10.0923 0.0306005
      vertex 7.99335 13.36 0.356519
      vertex 13.8765 11.3257 0.273645
    endloop
  endfacet
  facet normal -0.184014 0.411834 -0.892486
    outer loop
      vertex -15.3814 19.2524 1.47147
      vertex -19.1993 17.5465 1.47147
      vertex -15.2542 20.4018 1.97563
    endloop
  endfacet
  facet normal -0.0852708 0.270212 -0.959017
    outer loop
      vertex -11.6209 20.4391 1.47147
      vertex -15.566 17.5838 1.01774
      vertex -15.3814 19.2524 1.47147
    endloop
  endfacet
  facet normal -0.068875 0.394167 -0.916454
    outer loop
      vertex -8.06238 21.0609 1.47147
      vertex -11.6209 20.4391 1.47147
      vertex -7.31263 22.3641 1.97563
    endloop
  endfacet
  facet normal 0.0292951 0.187384 -0.98185
    outer loop
      vertex 4.78476 13.9959 0.356519
      vertex -6.32865 19.198 1.01774
      vertex 6.44271 13.7367 0.356519
    endloop
  endfacet
  facet normal -0.00871397 0.0712174 -0.997423
    outer loop
      vertex 2.85186 11.3671 0.0145388
      vertex -13.9752 10.7833 0.119864
      vertex -12.1652 13.9295 0.328694
    endloop
  endfacet
  facet normal -0.0206523 0.118179 -0.992777
    outer loop
      vertex -12.1652 13.9295 0.328694
      vertex -14.0673 13.5971 0.328694
      vertex -13.0959 16.3137 0.631868
    endloop
  endfacet
  facet normal 0.00233652 -0.00120358 -0.999997
    outer loop
      vertex 21.7588 -6.66995 0.0202389
      vertex 20.4823 -6.33909 0.0168581
      vertex 20.6401 -6.03275 0.0168581
    endloop
  endfacet
  facet normal 0.0516717 -0.0350571 -0.998049
    outer loop
      vertex 24.2286 -7.60596 0.180986
      vertex 21.6689 -6.80243 0.0202389
      vertex 24.4948 -7.2136 0.180986
    endloop
  endfacet
  facet normal 0.00318259 -0.00609411 -0.999976
    outer loop
      vertex 21.3441 -7.01568 0.0202389
      vertex 18.8872 -7.74402 0.0168581
      vertex 21.5289 -6.91917 0.0202389
    endloop
  endfacet
  facet normal 0.00275416 -0.00472198 -0.999985
    outer loop
      vertex 21.5289 -6.91917 0.0202389
      vertex 18.8872 -7.74402 0.0168581
      vertex 19.275 -7.51783 0.0168581
    endloop
  endfacet
  facet normal 0.034107 -0.0653089 -0.997282
    outer loop
      vertex 21.5289 -6.91917 0.0202389
      vertex 19.1975 -10.1297 0.150753
      vertex 21.3441 -7.01568 0.0202389
    endloop
  endfacet
  facet normal 0.0939711 -0.112729 -0.989172
    outer loop
      vertex 25.9662 -8.9243 0.496305
      vertex 23.8138 -7.95169 0.180986
      vertex 26.6397 -8.36287 0.496305
    endloop
  endfacet
  facet normal -0.000346754 0.00140184 -0.999999
    outer loop
      vertex -2.02469 7.18418 0.00819016
      vertex -23.9987 1.03309 0.00718689
      vertex -16.2923 7.3742 0.0134039
    endloop
  endfacet
  facet normal 7.464e-05 -0.000282727 -1
    outer loop
      vertex -13.5586 -10.3013 0.01054
      vertex -23.2762 -1.00687 0.00718689
      vertex -13.4586 -10.2749 0.01054
    endloop
  endfacet
  facet normal 0.000323582 0.00138943 -0.999999
    outer loop
      vertex 19.7213 7.21823 0.0138607
      vertex 2.63247 7.11683 0.00819016
      vertex 4.23098 11.3138 0.0145388
    endloop
  endfacet
  facet normal 0.000329179 0.000623345 -1
    outer loop
      vertex 20.0969 7.05678 0.0138607
      vertex 3.04444 6.96498 0.00819016
      vertex 19.9235 7.14835 0.0138607
    endloop
  endfacet
  facet normal 0.000760609 -0.000223164 -1
    outer loop
      vertex 20.6401 -6.03275 0.0168581
      vertex 20.3921 6.55339 0.0138607
      vertex 20.7244 -5.74543 0.0168581
    endloop
  endfacet
  facet normal 0.000292935 -0.000269228 -1
    outer loop
      vertex 19.9734 -6.96147 0.0168581
      vertex 3.03773 6.80716 0.00819016
      vertex 20.2572 -6.65268 0.0168581
    endloop
  endfacet
  facet normal -0.0181681 -0.0173474 -0.999684
    outer loop
      vertex -24.6312 -0.775637 0.00718689
      vertex -26.352 -2.26286 0.0642681
      vertex -24.7861 -0.613409 0.00718689
    endloop
  endfacet
  facet normal 5.36211e-05 -5.09291e-05 -1
    outer loop
      vertex 3.03773 6.80716 0.00819016
      vertex -22.8735 -0.774345 0.00718689
      vertex -22.7192 -0.611889 0.00718689
    endloop
  endfacet
  facet normal 0.0132633 0.0801418 -0.996695
    outer loop
      vertex 12.5903 10.1301 0.0306005
      vertex 4.23098 11.3138 0.0145388
      vertex 5.36988 12.5614 0.130011
    endloop
  endfacet
  facet normal 0.0077828 0.0414053 -0.999112
    outer loop
      vertex 12.7914 10.0923 0.0306005
      vertex 4.23098 11.3138 0.0145388
      vertex 12.5903 10.1301 0.0306005
    endloop
  endfacet
  facet normal -0.00896093 -0.171742 -0.985101
    outer loop
      vertex -5.32995 -15.2306 0.496862
      vertex -8.58948 -13.6931 0.258465
      vertex -7.83052 -13.7327 0.258465
    endloop
  endfacet
  facet normal -0.0457297 -0.225266 -0.973223
    outer loop
      vertex -7.70748 -14.9021 0.496862
      vertex -8.58948 -13.6931 0.258465
      vertex -6.35134 -15.1774 0.496862
    endloop
  endfacet
  facet normal -0.0858993 -0.426359 -0.900466
    outer loop
      vertex 3.32805 -21.5638 2.48474
      vertex -4.44795 -16.4396 0.800285
      vertex 5.99393 -22.1009 2.48474
    endloop
  endfacet
  facet normal -0.100272 -0.290364 -0.951648
    outer loop
      vertex -9.34626 -14.4155 0.496862
      vertex -28.0144 -8.92612 0.788963
      vertex -10.8149 -13.127 0.258465
    endloop
  endfacet
  facet normal 0.00605243 -0.310954 -0.950406
    outer loop
      vertex 9.90022 -20.8235 1.85066
      vertex 6.9923 -20.8801 1.85066
      vertex 10.9905 -19.0581 1.28
    endloop
  endfacet
  facet normal 0.00605115 -0.310951 -0.950407
    outer loop
      vertex 10.9905 -19.0581 1.28
      vertex 6.9923 -20.8801 1.85066
      vertex 8.4417 -19.1077 1.28
    endloop
  endfacet
  facet normal -0.0743273 -0.105348 -0.991654
    outer loop
      vertex -29.1846 -7.04645 0.545684
      vertex -30.6723 -5.99682 0.545684
      vertex -28.2108 -5.78601 0.338792
    endloop
  endfacet
  facet normal -0.165949 -0.235193 -0.957677
    outer loop
      vertex -29.9498 -8.03678 0.788963
      vertex -35.3008 -9.09316 1.97563
      vertex -31.647 -6.83926 0.788963
    endloop
  endfacet
  facet normal 0.00415519 -0.213559 -0.976921
    outer loop
      vertex 10.9905 -19.0581 1.28
      vertex 10.2864 -16.8518 0.7947
      vertex 12.3782 -16.8111 0.7947
    endloop
  endfacet
  facet normal -0.00293992 -0.208014 -0.978121
    outer loop
      vertex 8.4417 -19.1077 1.28
      vertex -5.32995 -15.2306 0.496862
      vertex 10.2864 -16.8518 0.7947
    endloop
  endfacet
  facet normal 0.0187703 -0.100586 -0.994751
    outer loop
      vertex 15.7456 -13.8451 0.413398
      vertex 14.0099 -14.169 0.413398
      vertex 15.823 -11.2332 0.150753
    endloop
  endfacet
  facet normal 0.0168993 -0.0516879 -0.99852
    outer loop
      vertex 18.4935 -7.92347 0.0168581
      vertex 18.0313 -10.6612 0.150753
      vertex 18.1087 -8.04928 0.0168581
    endloop
  endfacet
  facet normal 0.0176865 -0.0518198 -0.9985
    outer loop
      vertex 21.3441 -7.01568 0.0202389
      vertex 18.0313 -10.6612 0.150753
      vertex 18.4935 -7.92347 0.0168581
    endloop
  endfacet
  facet normal 0.0277888 -0.0609734 -0.997752
    outer loop
      vertex 19.1975 -10.1297 0.150753
      vertex 18.0313 -10.6612 0.150753
      vertex 21.3441 -7.01568 0.0202389
    endloop
  endfacet
  facet normal 0.0300276 -0.16091 -0.986512
    outer loop
      vertex 14.714 -16.3753 0.7947
      vertex 14.0099 -14.169 0.413398
      vertex 15.7456 -13.8451 0.413398
    endloop
  endfacet
  facet normal 0.0559263 -0.171042 -0.983675
    outer loop
      vertex 17.5959 -13.2401 0.413398
      vertex 14.714 -16.3753 0.7947
      vertex 15.7456 -13.8451 0.413398
    endloop
  endfacet
  facet normal 0.0852279 -0.131579 -0.987635
    outer loop
      vertex 25.9662 -8.9243 0.496305
      vertex 21.3544 -11.2892 0.413398
      vertex 23.8138 -7.95169 0.180986
    endloop
  endfacet
  facet normal 0.0390158 -0.0688566 -0.996863
    outer loop
      vertex 23.8138 -7.95169 0.180986
      vertex 19.1975 -10.1297 0.150753
      vertex 21.5289 -6.91917 0.0202389
    endloop
  endfacet
  facet normal 0.128681 -0.037753 -0.990967
    outer loop
      vertex 31.6432 -1.46416 0.7947
      vertex 27.9197 -4.14697 0.413398
      vertex 28.3251 -2.76517 0.413398
    endloop
  endfacet
  facet normal 0.111612 -0.0494308 -0.992522
    outer loop
      vertex 27.072 -7.72572 0.496305
      vertex 24.4948 -7.2136 0.180986
      vertex 27.9197 -4.14697 0.413398
    endloop
  endfacet
  facet normal 0.0796033 -0.174673 -0.981403
    outer loop
      vertex 19.4898 -12.377 0.413398
      vertex 17.2041 -15.561 0.7947
      vertex 17.5959 -13.2401 0.413398
    endloop
  endfacet
  facet normal 0.116487 -0.255634 -0.95973
    outer loop
      vertex 19.9766 -16.1196 1.28
      vertex 16.8709 -17.5348 1.28
      vertex 17.2041 -15.561 0.7947
    endloop
  endfacet
  facet normal -0.531496 -0.0173846 0.846882
    outer loop
      vertex -37.9514 -2.30353 3.59176
      vertex -38.7937 -2.62502 3.05654
      vertex -37.8629 -5.00922 3.59176
    endloop
  endfacet
  facet normal -0.519446 0.124296 0.845415
    outer loop
      vertex -37.23 0.711282 3.59176
      vertex -37.9514 -2.30353 3.59176
      vertex -25.8774 5.42762 9.8737
    endloop
  endfacet
  facet normal -0.547375 0.25655 0.796594
    outer loop
      vertex -35.7264 3.91937 3.59176
      vertex -37.23 0.711282 3.59176
      vertex -25.8774 5.42762 9.8737
    endloop
  endfacet
  facet normal -0.574932 0.269465 0.772556
    outer loop
      vertex -35.7264 3.91937 3.59176
      vertex -38.0434 0.510283 3.05654
      vertex -37.23 0.711282 3.59176
    endloop
  endfacet
  facet normal 0.0943129 -0.505478 -0.85767
    outer loop
      vertex 12.6726 -21.3821 2.48474
      vertex 9.14921 -22.0395 2.48474
      vertex 9.90022 -20.8235 1.85066
    endloop
  endfacet
  facet normal 0.0943165 -0.505467 -0.857676
    outer loop
      vertex 12.6726 -21.3821 2.48474
      vertex 9.90022 -20.8235 1.85066
      vertex 13.1474 -20.2176 1.85066
    endloop
  endfacet
  facet normal 0.699384 -0.474554 0.534472
    outer loop
      vertex 33.9812 -9.09865 5.42328
      vertex 33.6127 -10.5519 4.61515
      vertex 34.5254 -9.20679 4.61515
    endloop
  endfacet
  facet normal 0.699384 -0.474554 -0.534472
    outer loop
      vertex 34.5254 -9.20679 3.79118
      vertex 33.6127 -10.5519 3.79118
      vertex 33.9812 -9.09865 2.98305
    endloop
  endfacet
  facet normal 0.383114 -0.551799 -0.740771
    outer loop
      vertex 31.7365 -11.5318 2.98305
      vertex 24.0586 -16.1936 2.48474
      vertex 30.8449 -11.1289 2.22181
    endloop
  endfacet
  facet normal 0.334201 -0.489612 -0.805351
    outer loop
      vertex 24.0586 -16.1936 2.48474
      vertex 23.6408 -15.4358 1.85066
      vertex 30.8449 -11.1289 2.22181
    endloop
  endfacet
  facet normal 0.171423 -0.0050758 -0.985184
    outer loop
      vertex 34.5251 1.67106 1.28
      vertex 31.6432 -1.46416 0.7947
      vertex 31.6925 0.20083 0.7947
    endloop
  endfacet
  facet normal 0.583887 0.186328 -0.790163
    outer loop
      vertex 38.2836 3.62189 2.48474
      vertex 37.6066 5.74337 2.48474
      vertex 39.0651 4.02753 3.15788
    endloop
  endfacet
  facet normal 0.387286 -0.0114781 -0.921888
    outer loop
      vertex 38.2091 1.11036 2.48474
      vertex 36.682 0.511568 1.85066
      vertex 36.7506 2.82621 1.85066
    endloop
  endfacet
  facet normal 0.252015 -0.00746908 -0.967694
    outer loop
      vertex 36.682 0.511568 1.85066
      vertex 34.465 -0.357739 1.28
      vertex 36.7506 2.82621 1.85066
    endloop
  endfacet
  facet normal 0.0439307 0.167172 -0.984949
    outer loop
      vertex 13.8765 11.3257 0.273645
      vertex 7.99335 13.36 0.356519
      vertex 21.7951 9.63511 0.339893
    endloop
  endfacet
  facet normal 0.178392 0.224489 -0.958009
    outer loop
      vertex 27.5217 9.44866 1.05241
      vertex 25.1315 9.64526 0.653398
      vertex 26.4325 10.3142 1.05241
    endloop
  endfacet
  facet normal 0.352611 0.790798 -0.500304
    outer loop
      vertex 34.7456 9.10914 3.15788
      vertex 26.4655 12.0958 2.04294
      vertex 26.7567 12.3161 2.59639
    endloop
  endfacet
  facet normal 0.761933 0.647656 0
    outer loop
      vertex 38.361 6.2338 3.8442
      vertex 36.9025 7.94965 3.15788
      vertex 36.9025 7.94965 3.8442
    endloop
  endfacet
  facet normal 0.761933 0.647656 0
    outer loop
      vertex 36.9025 7.94965 3.15788
      vertex 38.361 6.2338 3.8442
      vertex 38.361 6.2338 3.15788
    endloop
  endfacet
  facet normal 0.044806 0.0178671 -0.998836
    outer loop
      vertex 20.3855 6.69041 0.0138607
      vertex 20.3325 6.82332 0.0138607
      vertex 22.7562 6.89959 0.123948
    endloop
  endfacet
  facet normal 0.0929414 0.0370689 -0.994981
    outer loop
      vertex 22.7562 6.89959 0.123948
      vertex 22.5992 7.29323 0.123948
      vertex 24.9894 7.09664 0.339893
    endloop
  endfacet
  facet normal 0.000328133 1.58056e-05 -1
    outer loop
      vertex 20.3921 6.55339 0.0138607
      vertex 3.0949 6.88529 0.00819016
      vertex 20.3855 6.69041 0.0138607
    endloop
  endfacet
  facet normal 0.000329714 0.000208776 -1
    outer loop
      vertex 3.0949 6.88529 0.00819016
      vertex 3.04444 6.96498 0.00819016
      vertex 20.3325 6.82332 0.0138607
    endloop
  endfacet
  facet normal 0.293693 -0.167209 -0.941162
    outer loop
      vertex 34.5042 -4.82992 1.85066
      vertex 31.3639 -8.57856 1.53671
      vertex 32.5561 -5.0396 1.28
    endloop
  endfacet
  facet normal 0.356755 -0.22288 -0.907221
    outer loop
      vertex 32.9137 -8.88652 2.22181
      vertex 31.3639 -8.57856 1.53671
      vertex 34.5042 -4.82992 1.85066
    endloop
  endfacet
  facet normal 0.190474 -0.0558949 -0.9801
    outer loop
      vertex 33.8001 -2.62365 1.28
      vertex 31.0975 -3.32375 0.7947
      vertex 31.6432 -1.46416 0.7947
    endloop
  endfacet
  facet normal 0.190475 -0.0558923 -0.9801
    outer loop
      vertex 33.8001 -2.62365 1.28
      vertex 31.6432 -1.46416 0.7947
      vertex 34.465 -0.357739 1.28
    endloop
  endfacet
  facet normal 0.792869 -0.408271 -0.452408
    outer loop
      vertex 38.1317 -1.50154 3.15788
      vertex 34.5254 -9.20679 3.79118
      vertex 36.5301 -4.61187 3.15788
    endloop
  endfacet
  facet normal 0.735933 -0.396698 -0.548666
    outer loop
      vertex 34.5254 -9.20679 3.79118
      vertex 33.9812 -9.09865 2.98305
      vertex 36.5301 -4.61187 3.15788
    endloop
  endfacet
  facet normal 0.432516 -0.518815 0.737401
    outer loop
      vertex 31.8262 -7.81526 7.98552
      vertex 31.7365 -11.5318 5.42328
      vertex 33.1036 -10.3921 5.42328
    endloop
  endfacet
  facet normal 0.401942 -0.526287 0.74931
    outer loop
      vertex 31.8262 -7.81526 7.98552
      vertex 30.8449 -11.1289 6.18453
      vertex 31.7365 -11.5318 5.42328
    endloop
  endfacet
  facet normal 0.291531 0.0566953 0.95488
    outer loop
      vertex 25.9381 4.54472 11.0586
      vertex 24.8123 0.421953 11.6471
      vertex 27.3664 -1.35966 10.9731
    endloop
  endfacet
  facet normal 0.254256 -0.0013773 0.967136
    outer loop
      vertex 27.3664 -1.35966 10.9731
      vertex 24.8123 0.421953 11.6471
      vertex 27.3603 -2.48575 10.9731
    endloop
  endfacet
  facet normal 0.150082 -0.0716925 0.986071
    outer loop
      vertex 18.2918 0.680211 12.7152
      vertex 18.1805 0.698916 12.7335
      vertex 18.3009 0.666251 12.7128
    endloop
  endfacet
  facet normal 0.149699 -0.0711484 0.986168
    outer loop
      vertex 21.8069 0.0894884 12.139
      vertex 24.5194 -1.0214 11.6471
      vertex 24.8077 -0.414806 11.6471
    endloop
  endfacet
  facet normal 0.149719 -0.0710994 0.986169
    outer loop
      vertex 21.6867 0.0541382 12.1547
      vertex 24.5194 -1.0214 11.6471
      vertex 21.8069 0.0894884 12.139
    endloop
  endfacet
  facet normal 0.149598 -0.0714158 0.986164
    outer loop
      vertex 21.5086 0.0083313 12.1784
      vertex 24.5194 -1.0214 11.6471
      vertex 21.6867 0.0541382 12.1547
    endloop
  endfacet
  facet normal 0.149825 -0.0707579 0.986177
    outer loop
      vertex 21.3178 -0.0346985 12.2043
      vertex 24.5194 -1.0214 11.6471
      vertex 21.5086 0.0083313 12.1784
    endloop
  endfacet
  facet normal 0.149777 -0.0709122 0.986174
    outer loop
      vertex 21.117 -0.0722046 12.2321
      vertex 24.5194 -1.0214 11.6471
      vertex 21.3178 -0.0346985 12.2043
    endloop
  endfacet
  facet normal 0.149877 -0.0705595 0.986184
    outer loop
      vertex 24.5194 -1.0214 11.6471
      vertex 21.117 -0.0722046 12.2321
      vertex 21.0543 -0.0809954 12.241
    endloop
  endfacet
  facet normal 0.145113 -0.133646 0.980347
    outer loop
      vertex 24.5194 -1.0214 11.6471
      vertex 13.2083 -1.61041 13.2411
      vertex 26.9723 -3.30209 10.9731
    endloop
  endfacet
  facet normal 0.158517 -0.251798 0.95471
    outer loop
      vertex 29.0583 -5.24166 10.1152
      vertex 26.9723 -3.30209 10.9731
      vertex 28.1385 -5.82071 10.1152
    endloop
  endfacet
  facet normal 0.27198 -0.12927 0.953581
    outer loop
      vertex 27.3603 -2.48575 10.9731
      vertex 26.9723 -3.30209 10.9731
      vertex 29.0583 -5.24166 10.1152
    endloop
  endfacet
  facet normal 0.12094 -0.181584 0.97591
    outer loop
      vertex 12.6754 -2.0461 13.2411
      vertex 8.1842 -3.647 13.4998
      vertex 11.8818 -2.57466 13.2411
    endloop
  endfacet
  facet normal 0.100835 -0.123351 0.987227
    outer loop
      vertex 8.36416 -3.49989 13.4998
      vertex 8.1842 -3.647 13.4998
      vertex 12.6754 -2.0461 13.2411
    endloop
  endfacet
  facet normal -0.00144812 0.00655715 0.999977
    outer loop
      vertex 6.71157 -2.05642 13.4895
      vertex 7.8314 -3.37988 13.4998
      vertex 8.12115 -3.31589 13.4998
    endloop
  endfacet
  facet normal -0.00187835 0.00619312 0.999979
    outer loop
      vertex 6.67451 -2.1161 13.4898
      vertex 7.8314 -3.37988 13.4998
      vertex 6.71157 -2.05642 13.4895
    endloop
  endfacet
  facet normal -0.00134641 0.00668006 0.999977
    outer loop
      vertex 7.8314 -3.37988 13.4998
      vertex 6.67451 -2.1161 13.4898
      vertex 6.5714 -2.2267 13.4904
    endloop
  endfacet
  facet normal -0.00101534 0.00709239 0.999974
    outer loop
      vertex -3.18447 6.78573 13.4168
      vertex -7.03347 10.2248 13.3885
      vertex -3.19686 6.71346 13.4173
    endloop
  endfacet
  facet normal -0.0015799 0.00642144 0.999978
    outer loop
      vertex -1.29779 4.97539 13.4315
      vertex 0.205426 3.75684 13.4417
      vertex -1.29779 5.09997 13.4307
    endloop
  endfacet
  facet normal -0.00138476 0.00666216 0.999977
    outer loop
      vertex 0.205426 3.75684 13.4417
      vertex -1.29779 4.97539 13.4315
      vertex 0.21244 3.59319 13.4428
    endloop
  endfacet
  facet normal -0.00182145 0.00649233 0.999977
    outer loop
      vertex 5.15944 -0.669596 13.4781
      vertex 5.09253 -0.873197 13.4793
      vertex 5.15454 -0.717178 13.4784
    endloop
  endfacet
  facet normal -0.00161577 0.00642475 0.999978
    outer loop
      vertex 4.27587 0.119885 13.4716
      vertex 5.09253 -0.873197 13.4793
      vertex 5.15944 -0.669596 13.4781
    endloop
  endfacet
  facet normal -0.00164406 0.00640148 0.999978
    outer loop
      vertex 5.09253 -0.873197 13.4793
      vertex 4.27587 0.119885 13.4716
      vertex 4.09293 0.0416595 13.4718
    endloop
  endfacet
  facet normal -0.00167775 0.00637016 0.999978
    outer loop
      vertex -6.3089 7.59532 13.4063
      vertex -8.92587 9.70029 13.3885
      vertex -6.38123 7.57627 13.4063
    endloop
  endfacet
  facet normal -0.0020059 0.00594878 0.99998
    outer loop
      vertex 6.27445 -2.5261 13.4917
      vertex 7.0426 -3.62868 13.4998
      vertex 7.46722 -3.4855 13.4998
    endloop
  endfacet
  facet normal -0.00197004 0.00597377 0.99998
    outer loop
      vertex 7.0426 -3.62868 13.4998
      vertex 6.27445 -2.5261 13.4917
      vertex 5.97885 -2.74076 13.4924
    endloop
  endfacet
  facet normal -0.00579639 0.00440749 0.999973
    outer loop
      vertex -3.50507 5.34006 13.4253
      vertex -3.4022 5.08965 13.427
      vertex -3.46829 5.27499 13.4258
    endloop
  endfacet
  facet normal -0.00188158 0.00601577 0.99998
    outer loop
      vertex -4.29369 5.9744 13.42
      vertex -3.4022 5.08965 13.427
      vertex -3.50507 5.34006 13.4253
    endloop
  endfacet
  facet normal 0.00144429 0.0215028 0.999768
    outer loop
      vertex -4.5193 6.0221 13.4193
      vertex -4.29369 5.9744 13.42
      vertex -4.49667 6.02058 13.4193
    endloop
  endfacet
  facet normal -0.00181698 0.00608086 0.99998
    outer loop
      vertex -4.29369 5.9744 13.42
      vertex -4.5193 6.0221 13.4193
      vertex -3.4022 5.08965 13.427
    endloop
  endfacet
  facet normal -0.00192069 0.00604609 0.99998
    outer loop
      vertex -1.29779 3.33309 13.4417
      vertex 0.382639 2.21299 13.4517
      vertex -1.29779 3.56464 13.4403
    endloop
  endfacet
  facet normal -0.0018175 0.00620089 0.999979
    outer loop
      vertex 0.382639 2.21299 13.4517
      vertex -1.29779 3.33309 13.4417
      vertex 0.47702 1.85362 13.4541
    endloop
  endfacet
  facet normal -0.0106845 -0.00443652 0.999933
    outer loop
      vertex 0.47702 1.85362 13.4541
      vertex -1.29779 3.33309 13.4417
      vertex 0.478274 1.8506 13.4541
    endloop
  endfacet
  facet normal -0.000239196 0.00392943 0.999992
    outer loop
      vertex 4.81854 -1.35504 13.4819
      vertex 4.58002 -1.57315 13.4827
      vertex 4.64345 -1.54384 13.4826
    endloop
  endfacet
  facet normal -0.00206273 0.00592355 0.99998
    outer loop
      vertex 3.29529 -0.129805 13.4715
      vertex 4.58002 -1.57315 13.4827
      vertex 4.81854 -1.35504 13.4819
    endloop
  endfacet
  facet normal -0.00197882 0.00599824 0.99998
    outer loop
      vertex 3.06563 -0.138885 13.4711
      vertex 4.58002 -1.57315 13.4827
      vertex 3.29529 -0.129805 13.4715
    endloop
  endfacet
  facet normal -0.00219613 0.00576879 0.999981
    outer loop
      vertex 4.58002 -1.57315 13.4827
      vertex 3.06563 -0.138885 13.4711
      vertex 2.84002 -0.120767 13.4705
    endloop
  endfacet
  facet normal 0.114933 -0.30741 0.944611
    outer loop
      vertex 4.74664 -5.29759 13.4998
      vertex 2.4948 -6.93443 13.2411
      vertex 5.21538 -5.12234 13.4998
    endloop
  endfacet
  facet normal 0.128281 -0.440247 0.888666
    outer loop
      vertex 29.6479 -7.42621 9.10641
      vertex 1.23728 -7.35849 13.2411
      vertex 13.1474 -20.2176 5.15142
    endloop
  endfacet
  facet normal 0.128427 -0.438247 0.889633
    outer loop
      vertex 28.1385 -5.82071 10.1152
      vertex 1.23728 -7.35849 13.2411
      vertex 29.6479 -7.42621 9.10641
    endloop
  endfacet
  facet normal -0.00100801 0.00709605 0.999974
    outer loop
      vertex -6.06348 10.3926 13.3885
      vertex -3.0979 7.29087 13.4135
      vertex -3.06325 7.49308 13.4121
    endloop
  endfacet
  facet normal -0.000944505 0.00715676 0.999974
    outer loop
      vertex -3.0979 7.29087 13.4135
      vertex -6.06348 10.3926 13.3885
      vertex -6.34005 10.3561 13.3885
    endloop
  endfacet
  facet normal -0.00155328 0.00647587 0.999978
    outer loop
      vertex 6.75145 -1.99217 13.4891
      vertex 6.7402 -2.01031 13.4892
      vertex 8.12115 -3.31589 13.4998
    endloop
  endfacet
  facet normal -0.00102775 0.00707481 0.999974
    outer loop
      vertex -1.29779 5.589 13.4273
      vertex 0.227901 4.3124 13.4379
      vertex -1.29779 5.78688 13.4259
    endloop
  endfacet
  facet normal -0.00112642 0.00695689 0.999975
    outer loop
      vertex 0.227901 4.3124 13.4379
      vertex -1.29779 5.589 13.4273
      vertex 0.220939 4.15316 13.439
    endloop
  endfacet
  facet normal -0.000442387 0.00773838 0.99997
    outer loop
      vertex 4.40917 0.193505 13.4713
      vertex 5.17969 -0.473168 13.4768
      vertex 4.4601 0.222261 13.4711
    endloop
  endfacet
  facet normal -0.000910365 0.00719753 0.999974
    outer loop
      vertex 5.17969 -0.473168 13.4768
      vertex 4.40917 0.193505 13.4713
      vertex 5.17388 -0.529476 13.4772
    endloop
  endfacet
  facet normal -0.00121189 0.00687396 0.999976
    outer loop
      vertex -6.34005 10.3561 13.3885
      vertex -3.13904 7.05086 13.4151
      vertex -3.0979 7.29087 13.4135
    endloop
  endfacet
  facet normal -0.00119316 0.0068921 0.999976
    outer loop
      vertex -3.13904 7.05086 13.4151
      vertex -6.34005 10.3561 13.3885
      vertex -6.66757 10.2994 13.3885
    endloop
  endfacet
  facet normal -0.00209841 0.00589929 0.99998
    outer loop
      vertex 6.7402 -2.01031 13.4892
      vertex 6.72668 -2.03207 13.4893
      vertex 8.12115 -3.31589 13.4998
    endloop
  endfacet
  facet normal -0.000814433 0.00728687 0.999973
    outer loop
      vertex -1.29779 5.35571 13.429
      vertex 0.220939 4.15316 13.439
      vertex -1.29779 5.589 13.4273
    endloop
  endfacet
  facet normal -0.00107511 0.00695768 0.999975
    outer loop
      vertex 0.220939 4.15316 13.439
      vertex -1.29779 5.35571 13.429
      vertex 0.212716 3.96505 13.4403
    endloop
  endfacet
  facet normal -0.00187308 0.0061793 0.999979
    outer loop
      vertex 4.34726 0.158556 13.4714
      vertex 5.17388 -0.529476 13.4772
      vertex 4.40917 0.193505 13.4713
    endloop
  endfacet
  facet normal -0.00186325 0.00619111 0.999979
    outer loop
      vertex 5.17388 -0.529476 13.4772
      vertex 4.34726 0.158556 13.4714
      vertex 5.16701 -0.596151 13.4776
    endloop
  endfacet
  facet normal -0.0672268 0.0113533 0.997673
    outer loop
      vertex -9.69008 9.34275 13.3885
      vertex -13.6603 8.38249 13.1319
      vertex -9.69847 9.29307 13.3885
    endloop
  endfacet
  facet normal 2.04102e-05 0.00820061 0.999966
    outer loop
      vertex 6.72668 -2.03207 13.4893
      vertex 6.71157 -2.05642 13.4895
      vertex 8.12115 -3.31589 13.4998
    endloop
  endfacet
  facet normal -0.00141252 0.00665384 0.999977
    outer loop
      vertex -6.66757 10.2994 13.3885
      vertex -3.18447 6.78573 13.4168
      vertex -3.13904 7.05086 13.4151
    endloop
  endfacet
  facet normal -0.00136599 0.00669996 0.999977
    outer loop
      vertex -3.18447 6.78573 13.4168
      vertex -6.66757 10.2994 13.3885
      vertex -7.03347 10.2248 13.3885
    endloop
  endfacet
  facet normal -0.00136094 0.00664722 0.999977
    outer loop
      vertex -1.29779 5.09997 13.4307
      vertex 0.212716 3.96505 13.4403
      vertex -1.29779 5.35571 13.429
    endloop
  endfacet
  facet normal -0.00110318 0.00699028 0.999975
    outer loop
      vertex 0.212716 3.96505 13.4403
      vertex -1.29779 5.09997 13.4307
      vertex 0.204529 3.77779 13.4416
    endloop
  endfacet
  facet normal -0.00317409 0.00463729 0.999984
    outer loop
      vertex 0.204529 3.77779 13.4416
      vertex -1.29779 5.09997 13.4307
      vertex 0.205426 3.75684 13.4417
    endloop
  endfacet
  facet normal -0.000789171 0.0073577 0.999973
    outer loop
      vertex 4.28783 0.125 13.4716
      vertex 5.16701 -0.596151 13.4776
      vertex 4.34726 0.158556 13.4714
    endloop
  endfacet
  facet normal -0.00233878 0.00546859 0.999982
    outer loop
      vertex 4.27587 0.119885 13.4716
      vertex 5.16701 -0.596151 13.4776
      vertex 4.28783 0.125 13.4716
    endloop
  endfacet
  facet normal -0.00116622 0.00692785 0.999975
    outer loop
      vertex 5.16701 -0.596151 13.4776
      vertex 4.27587 0.119885 13.4716
      vertex 5.15944 -0.669596 13.4781
    endloop
  endfacet
  facet normal -0.295745 0.661901 -0.688783
    outer loop
      vertex -15.2542 20.4018 1.97563
      vertex -19.4977 19.0627 2.51084
      vertex -15.1894 20.9877 2.51084
    endloop
  endfacet
  facet normal -0.211995 0.671795 -0.709754
    outer loop
      vertex -11.1739 21.6894 1.97563
      vertex -15.2542 20.4018 1.97563
      vertex -15.1894 20.9877 2.51084
    endloop
  endfacet
  facet normal -0.115799 0.662678 -0.739897
    outer loop
      vertex -6.93041 23.0285 2.51084
      vertex -11.1739 21.6894 1.97563
      vertex -10.946 22.3268 2.51084
    endloop
  endfacet
  facet normal -0.132506 0.641373 0.7557
    outer loop
      vertex 4.16348 19.6811 7.98552
      vertex -11.1739 21.6894 3.59176
      vertex 5.20315 18.5752 9.10641
    endloop
  endfacet
  facet normal -0.124368 0.663765 0.737529
    outer loop
      vertex -10.946 22.3268 3.05654
      vertex -11.1739 21.6894 3.59176
      vertex 4.16348 19.6811 7.98552
    endloop
  endfacet
  facet normal -0.48487 0.541143 -0.68707
    outer loop
      vertex -30.6317 10.4195 1.97563
      vertex -31.1814 10.6065 2.51084
      vertex -27.6503 13.7704 2.51084
    endloop
  endfacet
  facet normal -0.484865 0.54114 -0.687076
    outer loop
      vertex -27.2363 13.4618 1.97563
      vertex -30.6317 10.4195 1.97563
      vertex -27.6503 13.7704 2.51084
    endloop
  endfacet
  facet normal -0.295738 0.661851 0.688834
    outer loop
      vertex -15.2542 20.4018 3.59176
      vertex -19.4977 19.0627 3.05654
      vertex -19.3969 18.5507 3.59176
    endloop
  endfacet
  facet normal -0.407943 0.913008 0
    outer loop
      vertex -15.1894 20.9877 2.51084
      vertex -19.4977 19.0627 3.05654
      vertex -15.1894 20.9877 3.05654
    endloop
  endfacet
  facet normal -0.407943 0.913008 0
    outer loop
      vertex -19.4977 19.0627 3.05654
      vertex -15.1894 20.9877 2.51084
      vertex -19.4977 19.0627 2.51084
    endloop
  endfacet
  facet normal 0.0435128 -0.19704 0.979429
    outer loop
      vertex 3.95785 -5.54639 13.4998
      vertex -0.699391 -7.86078 13.2411
      vertex 0.158727 -7.67128 13.2411
    endloop
  endfacet
  facet normal 0.0435175 -0.197049 0.979427
    outer loop
      vertex 3.6681 -5.61038 13.4998
      vertex -0.699391 -7.86078 13.2411
      vertex 3.95785 -5.54639 13.4998
    endloop
  endfacet
  facet normal 0.0518773 -0.53229 0.844971
    outer loop
      vertex -8.51606 -11.8884 11.9966
      vertex -9.83762 -12.0172 11.9966
      vertex 9.14921 -22.0395 4.51734
    endloop
  endfacet
  facet normal -0.184736 0.232423 0.954909
    outer loop
      vertex -17.1696 7.54186 12.6576
      vertex -13.6603 8.38249 13.1319
      vertex -13.4051 8.58533 13.1319
    endloop
  endfacet
  facet normal -0.182927 0.22347 0.957392
    outer loop
      vertex -13.6603 8.38249 13.1319
      vertex -17.1696 7.54186 12.6576
      vertex -17.1696 7.53372 12.6595
    endloop
  endfacet
  facet normal -0.11152 0.211594 0.970974
    outer loop
      vertex -9.44325 9.49591 13.3885
      vertex -13.4051 8.58533 13.1319
      vertex -9.6039 9.41124 13.3885
    endloop
  endfacet
  facet normal 0.310814 -0.950471 0
    outer loop
      vertex 12.4306 -21.9757 3.15788
      vertex 16.3369 -20.6983 3.8442
      vertex 12.4306 -21.9757 3.8442
    endloop
  endfacet
  facet normal 0.310814 -0.950471 0
    outer loop
      vertex 16.3369 -20.6983 3.8442
      vertex 12.4306 -21.9757 3.15788
      vertex 16.3369 -20.6983 3.15788
    endloop
  endfacet
  facet normal 0.0418771 -0.429682 0.902009
    outer loop
      vertex -4.81348 -9.98061 12.7335
      vertex -9.83762 -12.0172 11.9966
      vertex -8.51606 -11.8884 11.9966
    endloop
  endfacet
  facet normal 0.0418681 -0.429663 0.902018
    outer loop
      vertex -5.79548 -10.0763 12.7335
      vertex -9.83762 -12.0172 11.9966
      vertex -4.81348 -9.98061 12.7335
    endloop
  endfacet
  facet normal -0.0799408 -0.743825 0.663577
    outer loop
      vertex -15.976 -14.9646 9.95578
      vertex -17.8364 -15.8579 8.73033
      vertex 5.48497 -22.7233 3.8442
    endloop
  endfacet
  facet normal -0.182389 -0.905228 0.383792
    outer loop
      vertex 5.48497 -22.7233 3.8442
      vertex -18.7848 -16.3133 7.42941
      vertex 2.71254 -22.1647 3.8442
    endloop
  endfacet
  facet normal -0.13583 -0.674147 -0.726
    outer loop
      vertex 5.48497 -22.7233 3.15788
      vertex 2.71254 -22.1647 3.15788
      vertex 3.32805 -21.5638 2.48474
    endloop
  endfacet
  facet normal -0.196369 -0.871992 0.448407
    outer loop
      vertex -17.8364 -15.8579 8.73033
      vertex -19.9096 -16.06 7.42941
      vertex -18.7848 -16.3133 7.42941
    endloop
  endfacet
  facet normal -0.211835 -0.94067 0.265076
    outer loop
      vertex -18.7848 -16.3133 7.42941
      vertex -19.9096 -16.06 7.42941
      vertex 2.71254 -22.1647 3.8442
    endloop
  endfacet
  facet normal -0.119925 0.472975 0.872876
    outer loop
      vertex -7.42368 10.1351 13.3885
      vertex -8.13144 10.4292 13.1319
      vertex -7.8232 10.0338 13.3885
    endloop
  endfacet
  facet normal 0.19334 0.957156 0.215573
    outer loop
      vertex -0.185609 22.4373 3.05654
      vertex -3.29709 23.0658 3.05654
      vertex 7.52594 20.0375 6.79558
    endloop
  endfacet
  facet normal 0.308417 0.816877 -0.487432
    outer loop
      vertex 26.4655 12.0958 2.04294
      vertex -0.185609 22.4373 2.51084
      vertex 26.7567 12.3161 2.59639
    endloop
  endfacet
  facet normal 0.34319 0.929448 -0.135453
    outer loop
      vertex 10.0847 19.0927 5.58233
      vertex -0.185609 22.4373 2.51084
      vertex 7.52594 20.0375 5.58233
    endloop
  endfacet
  facet normal 0.0637383 0.315528 -0.946773
    outer loop
      vertex -2.08521 20.537 1.47147
      vertex -4.84257 21.094 1.47147
      vertex -3.81893 22.4 1.97563
    endloop
  endfacet
  facet normal -0.00646923 0.62957 -0.776917
    outer loop
      vertex -3.81893 22.4 1.97563
      vertex -7.31263 22.3641 1.97563
      vertex -6.93041 23.0285 2.51084
    endloop
  endfacet
  facet normal -0.00888118 0.0435606 -0.999011
    outer loop
      vertex -7.03347 10.2248 0.0323124
      vertex -15.1465 10.5786 0.119864
      vertex -6.66757 10.2994 0.0323124
    endloop
  endfacet
  facet normal -0.000383197 0.00212149 -0.999998
    outer loop
      vertex 2.85186 11.3671 0.0145388
      vertex -16.2923 7.3742 0.0134039
      vertex 2.55124 11.3128 0.0145388
    endloop
  endfacet
  facet normal -0.103578 0.0639785 -0.992562
    outer loop
      vertex -31.1918 2.63053 0.338792
      vertex -32.817 3.20913 0.545684
      vertex -30.451 3.82985 0.338792
    endloop
  endfacet
  facet normal -0.0907703 0.0861716 -0.992137
    outer loop
      vertex -29.4529 4.88131 0.338792
      vertex -31.9144 4.6705 0.545684
      vertex -30.6981 5.95171 0.545684
    endloop
  endfacet
  facet normal -0.110343 0.155592 -0.981639
    outer loop
      vertex -30.6981 5.95171 0.545684
      vertex -31.6765 6.79271 0.788963
      vertex -29.9844 7.99272 0.788963
    endloop
  endfacet
  facet normal -0.0214865 0.0370974 -0.999081
    outer loop
      vertex -17.549 6.81269 0.0134039
      vertex -18.8683 8.91567 0.119864
      vertex -17.641 9.62651 0.119864
    endloop
  endfacet
  facet normal -0.075361 -0.0266882 -0.996799
    outer loop
      vertex -29.2723 -1.99322 0.176237
      vertex -31.641 -1.37598 0.338792
      vertex -29.6145 -1.02693 0.176237
    endloop
  endfacet
  facet normal -0.0499979 0.0705021 -0.996258
    outer loop
      vertex -27.0842 4.26407 0.176237
      vertex -29.4529 4.88131 0.338792
      vertex -28.2357 5.74451 0.338792
    endloop
  endfacet
  facet normal -0.0694946 0.0429257 -0.996658
    outer loop
      vertex -28.7303 2.84134 0.176237
      vertex -31.1918 2.63053 0.338792
      vertex -30.451 3.82985 0.338792
    endloop
  endfacet
  facet normal -0.0754031 0.0263696 -0.996804
    outer loop
      vertex -29.6189 0.983392 0.176237
      vertex -31.6468 1.32946 0.338792
      vertex -29.2808 1.95018 0.176237
    endloop
  endfacet
  facet normal -0.0468348 0.0163789 -0.998768
    outer loop
      vertex -27.3656 0.598861 0.0642681
      vertex -29.6189 0.983392 0.176237
      vertex -27.1574 1.1942 0.0642681
    endloop
  endfacet
  facet normal -0.0427232 -0.101334 -0.993935
    outer loop
      vertex -13.2972 -11.3844 0.0942535
      vertex -14.7764 -9.93966 0.01054
      vertex -14.4663 -10.0704 0.01054
    endloop
  endfacet
  facet normal -0.00269367 -0.0518117 -0.998653
    outer loop
      vertex -11.0764 -12.0439 0.0942535
      vertex -13.5586 -10.3013 0.01054
      vertex -10.609 -12.0682 0.0942535
    endloop
  endfacet
  facet normal -0.0783947 -0.00912842 -0.996881
    outer loop
      vertex -31.641 -1.37598 0.338792
      vertex -31.7985 -0.0233727 0.338792
      vertex -29.7316 -0.0218534 0.176237
    endloop
  endfacet
  facet normal -0.0783913 -0.00913326 -0.996881
    outer loop
      vertex -29.6145 -1.02693 0.176237
      vertex -31.641 -1.37598 0.338792
      vertex -29.7316 -0.0218534 0.176237
    endloop
  endfacet
  facet normal -0.145112 -0.315791 -0.937667
    outer loop
      vertex -28.3768 -9.68392 1.05928
      vertex -32.9257 -10.3145 1.97563
      vertex -30.4768 -8.71893 1.05928
    endloop
  endfacet
  facet normal -0.199735 -0.18588 -0.962057
    outer loop
      vertex -35.3008 -9.09316 1.97563
      vertex -36.9679 -7.3018 1.97563
      vertex -33.041 -5.37958 0.788963
    endloop
  endfacet
  facet normal -0.155253 -0.301915 -0.940608
    outer loop
      vertex -32.9257 -10.3145 1.97563
      vertex -35.3008 -9.09316 1.97563
      vertex -30.4768 -8.71893 1.05928
    endloop
  endfacet
  facet normal -0.134351 -0.1283 -0.982593
    outer loop
      vertex -30.6723 -5.99682 0.545684
      vertex -33.041 -5.37958 0.788963
      vertex -31.8941 -4.7174 0.545684
    endloop
  endfacet
  facet normal -0.97254 0.232736 0
    outer loop
      vertex -38.7937 -2.62502 2.51084
      vertex -38.0434 0.510283 3.05654
      vertex -38.0434 0.510283 2.51084
    endloop
  endfacet
  facet normal -0.97254 0.232736 0
    outer loop
      vertex -38.0434 0.510283 3.05654
      vertex -38.7937 -2.62502 2.51084
      vertex -38.7937 -2.62502 3.05654
    endloop
  endfacet
  facet normal -0.487417 0.170446 -0.856372
    outer loop
      vertex -35.6598 2.01428 1.05928
      vertex -36.1356 2.09548 1.34625
      vertex -34.9735 3.97686 1.05928
    endloop
  endfacet
  facet normal -0.487398 0.170432 -0.856386
    outer loop
      vertex -34.9735 3.97686 1.05928
      vertex -36.1356 2.09548 1.34625
      vertex -35.4219 4.1365 1.34625
    endloop
  endfacet
  facet normal -0.269811 -0.0955692 -0.958159
    outer loop
      vertex -34.9562 -4.02826 1.05928
      vertex -37.8629 -5.00922 1.97563
      vertex -35.651 -2.0667 1.05928
    endloop
  endfacet
  facet normal -0.337402 -0.0392746 -0.940541
    outer loop
      vertex -35.651 -2.0667 1.05928
      vertex -37.8629 -5.00922 1.97563
      vertex -35.8885 -0.0263796 1.05928
    endloop
  endfacet
  facet normal -0.273167 -0.0318148 -0.96144
    outer loop
      vertex -34.7183 -1.90605 0.788963
      vertex -35.651 -2.0667 1.05928
      vertex -34.9373 -0.0256796 0.788963
    endloop
  endfacet
  facet normal -0.273201 -0.0318015 -0.961431
    outer loop
      vertex -35.651 -2.0667 1.05928
      vertex -35.8885 -0.0263796 1.05928
      vertex -34.9373 -0.0256796 0.788963
    endloop
  endfacet
  facet normal 0.264602 0.304017 0.915183
    outer loop
      vertex 17.9636 12.5894 11.2676
      vertex 17.0583 11.2939 11.9597
      vertex 18.7249 11.9268 11.2676
    endloop
  endfacet
  facet normal 0.357058 0.410245 0.839171
    outer loop
      vertex 30.7072 6.68804 8.73033
      vertex 17.9636 12.5894 11.2676
      vertex 18.7249 11.9268 11.2676
    endloop
  endfacet
  facet normal 0.421074 0.761741 0.492389
    outer loop
      vertex 20.8746 14.1788 8.19982
      vertex 18.8333 14.5632 9.35079
      vertex 20.1975 13.8091 9.35079
    endloop
  endfacet
  facet normal 0.42717 0.794627 0.431386
    outer loop
      vertex 34.7456 9.10914 3.8442
      vertex 19.3943 14.997 8.19982
      vertex 36.9025 7.94965 3.8442
    endloop
  endfacet
  facet normal 0.357371 0.6465 0.674035
    outer loop
      vertex 20.1975 13.8091 9.35079
      vertex 18.8333 14.5632 9.35079
      vertex 19.2146 13.2725 10.3866
    endloop
  endfacet
  facet normal 0.427771 0.570225 0.701324
    outer loop
      vertex 20.1975 13.8091 9.35079
      vertex 19.2146 13.2725 10.3866
      vertex 30.7072 6.68804 8.73033
    endloop
  endfacet
  facet normal 0.285802 0.517116 0.806789
    outer loop
      vertex 18.0188 13.9334 10.3866
      vertex 17.9636 12.5894 11.2676
      vertex 19.2146 13.2725 10.3866
    endloop
  endfacet
  facet normal 0.357313 0.646505 0.674062
    outer loop
      vertex 18.8333 14.5632 9.35079
      vertex 18.0188 13.9334 10.3866
      vertex 19.2146 13.2725 10.3866
    endloop
  endfacet
  facet normal 0.103023 0.298638 0.948789
    outer loop
      vertex 15.7633 12.1893 11.9597
      vertex 13.8765 11.3257 12.4364
      vertex 14.409 11.142 12.4364
    endloop
  endfacet
  facet normal 0.264616 0.304007 0.915182
    outer loop
      vertex 17.9636 12.5894 11.2676
      vertex 16.4926 11.7863 11.9597
      vertex 17.0583 11.2939 11.9597
    endloop
  endfacet
  facet normal 0.0392867 0.0710977 0.996695
    outer loop
      vertex 12.9712 10.0302 12.6795
      vertex -5.63366 10.3715 13.3885
      vertex 13.1228 9.94643 12.6795
    endloop
  endfacet
  facet normal 0.0853675 0.098068 0.991511
    outer loop
      vertex 14.858 10.8938 12.4364
      vertex 13.1228 9.94643 12.6795
      vertex 13.2404 9.84406 12.6795
    endloop
  endfacet
  facet normal 0.0399877 0.0962175 0.994557
    outer loop
      vertex 12.9712 10.0302 12.6795
      vertex -1.85339 11.515 13.1319
      vertex -1.64694 11.4292 13.1319
    endloop
  endfacet
  facet normal 0.0396058 0.0920961 0.994962
    outer loop
      vertex -1.64694 11.4292 13.1319
      vertex -5.63366 10.3715 13.3885
      vertex 12.9712 10.0302 12.6795
    endloop
  endfacet
  facet normal 0.658294 -0.0195075 -0.752508
    outer loop
      vertex 38.9877 1.41562 3.15788
      vertex 38.2836 3.62189 2.48474
      vertex 39.0651 4.02753 3.15788
    endloop
  endfacet
  facet normal 0.658262 -0.0195261 -0.752536
    outer loop
      vertex 38.9877 1.41562 3.15788
      vertex 38.2091 1.11036 2.48474
      vertex 38.2836 3.62189 2.48474
    endloop
  endfacet
  facet normal 0.292401 0.55389 -0.779556
    outer loop
      vertex 27.4548 10.8398 1.5216
      vertex 25.8941 11.6637 1.5216
      vertex 26.4655 12.0958 2.04294
    endloop
  endfacet
  facet normal 0.473493 0.880798 -0
    outer loop
      vertex 36.9025 7.94965 3.15788
      vertex 34.7456 9.10914 3.8442
      vertex 36.9025 7.94965 3.8442
    endloop
  endfacet
  facet normal 0.473493 0.880798 0
    outer loop
      vertex 34.7456 9.10914 3.8442
      vertex 36.9025 7.94965 3.15788
      vertex 34.7456 9.10914 3.15788
    endloop
  endfacet
  facet normal 0.0378285 0.155697 -0.98708
    outer loop
      vertex 6.32476 12.3294 0.130011
      vertex 5.36988 12.5614 0.130011
      vertex 7.99335 13.36 0.356519
    endloop
  endfacet
  facet normal 0.0383842 0.154823 -0.987196
    outer loop
      vertex 12.7914 10.0923 0.0306005
      vertex 6.32476 12.3294 0.130011
      vertex 7.99335 13.36 0.356519
    endloop
  endfacet
  facet normal 0.0637282 0.31552 -0.946777
    outer loop
      vertex -2.08521 20.537 1.47147
      vertex -3.81893 22.4 1.97563
      vertex -0.827025 21.7957 1.97563
    endloop
  endfacet
  facet normal 0.147402 0.279239 -0.948841
    outer loop
      vertex 25.1315 9.64526 0.653398
      vertex 24.0088 10.2379 0.653398
      vertex 25.0646 11.0364 1.05241
    endloop
  endfacet
  facet normal -0.0582846 0.184707 -0.981064
    outer loop
      vertex -13.0959 16.3137 0.631868
      vertex -15.801 15.4601 0.631868
      vertex -15.566 17.5838 1.01774
    endloop
  endfacet
  facet normal -0.0715103 0.123458 -0.98977
    outer loop
      vertex -18.118 12.051 0.328694
      vertex -20.111 10.8966 0.328694
      vertex -18.5473 14.2329 0.631868
    endloop
  endfacet
  facet normal -0.00241093 0.234524 -0.972107
    outer loop
      vertex -6.32865 19.198 1.01774
      vertex -8.06238 21.0609 1.47147
      vertex -4.84257 21.094 1.47147
    endloop
  endfacet
  facet normal -0.0306393 0.175318 -0.984035
    outer loop
      vertex -9.15084 19.169 1.01774
      vertex -13.0959 16.3137 0.631868
      vertex -12.2699 18.6239 1.01774
    endloop
  endfacet
  facet normal 0.0201073 0.168225 -0.985544
    outer loop
      vertex 4.34892 12.721 0.130011
      vertex -6.32865 19.198 1.01774
      vertex 4.78476 13.9959 0.356519
    endloop
  endfacet
  facet normal -0.00125117 0.121759 -0.992559
    outer loop
      vertex 2.26674 12.8015 0.130011
      vertex -10.5362 16.761 0.631868
      vertex -8.22008 16.7848 0.631868
    endloop
  endfacet
  facet normal -0.00788938 0.0760074 -0.997076
    outer loop
      vertex 2.85186 11.3671 0.0145388
      vertex -12.1652 13.9295 0.328694
      vertex 1.28553 12.7193 0.130011
    endloop
  endfacet
  facet normal 0.00641514 0.0828349 -0.996543
    outer loop
      vertex 3.53245 11.395 0.0145388
      vertex 3.30112 12.8021 0.130011
      vertex 3.88625 11.3676 0.0145388
    endloop
  endfacet
  facet normal 0.000325983 -9.62304e-05 -1
    outer loop
      vertex 20.352 6.41755 0.0138607
      vertex 3.0949 6.88529 0.00819016
      vertex 20.3921 6.55339 0.0138607
    endloop
  endfacet
  facet normal 0.000329436 0.000131368 -1
    outer loop
      vertex 20.3855 6.69041 0.0138607
      vertex 3.0949 6.88529 0.00819016
      vertex 20.3325 6.82332 0.0138607
    endloop
  endfacet
  facet normal 0.0576829 -0.108483 -0.992423
    outer loop
      vertex 19.4898 -12.377 0.413398
      vertex 19.1975 -10.1297 0.150753
      vertex 23.8138 -7.95169 0.180986
    endloop
  endfacet
  facet normal 0.00237568 -0.00329698 -0.999992
    outer loop
      vertex 21.5289 -6.91917 0.0202389
      vertex 19.275 -7.51783 0.0168581
      vertex 19.6417 -7.2536 0.0168581
    endloop
  endfacet
  facet normal -0.00033573 -0.000730639 -1
    outer loop
      vertex -14.7764 -9.93966 0.01054
      vertex -24.4426 -0.908731 0.00718689
      vertex -24.2275 -1.00757 0.00718689
    endloop
  endfacet
  facet normal -0.000954883 0.0021369 -0.999997
    outer loop
      vertex -16.7102 7.24231 0.0134039
      vertex -24.2317 0.971952 0.00718689
      vertex -17.1345 7.05271 0.0134039
    endloop
  endfacet
  facet normal -0.0161068 0.0196964 -0.999676
    outer loop
      vertex -24.6345 0.739424 0.00718689
      vertex -26.3617 2.22411 0.0642681
      vertex -17.9375 6.53147 0.0134039
    endloop
  endfacet
  facet normal 0.00227488 -0.00272814 -0.999994
    outer loop
      vertex 21.5289 -6.91917 0.0202389
      vertex 19.6417 -7.2536 0.0168581
      vertex 21.6689 -6.80243 0.0202389
    endloop
  endfacet
  facet normal 2.88745e-05 4.09381e-05 -1
    outer loop
      vertex -22.8767 0.740716 0.00718689
      vertex -23.0654 0.87381 0.00718689
      vertex 3.04444 6.96498 0.00819016
    endloop
  endfacet
  facet normal -0.0486975 0.00545169 -0.998799
    outer loop
      vertex -27.4349 -0.0201654 0.0642681
      vertex -29.7316 -0.0218534 0.176237
      vertex -27.3656 0.598861 0.0642681
    endloop
  endfacet
  facet normal 0.0765441 0.0963218 -0.992403
    outer loop
      vertex 24.2657 8.33084 0.339893
      vertex 21.9016 7.98464 0.123948
      vertex 23.6015 8.85866 0.339893
    endloop
  endfacet
  facet normal 0.0308424 0.0584041 -0.997816
    outer loop
      vertex 20.0969 7.05678 0.0138607
      vertex 19.9235 7.14835 0.0138607
      vertex 21.3879 8.25583 0.123948
    endloop
  endfacet
  facet normal 0.000322826 -0.000212707 -1
    outer loop
      vertex 20.2667 6.28809 0.0138607
      vertex 3.0949 6.88529 0.00819016
      vertex 20.352 6.41755 0.0138607
    endloop
  endfacet
  facet normal 0.000351167 -0.000231381 -1
    outer loop
      vertex 20.4823 -6.33909 0.0168581
      vertex 20.2667 6.28809 0.0138607
      vertex 20.352 6.41755 0.0138607
    endloop
  endfacet
  facet normal 0.00222538 -0.00159742 -0.999996
    outer loop
      vertex 21.6689 -6.80243 0.0202389
      vertex 20.2572 -6.65268 0.0168581
      vertex 20.4823 -6.33909 0.0168581
    endloop
  endfacet
  facet normal 0.00218209 -0.0020055 -0.999996
    outer loop
      vertex 21.6689 -6.80243 0.0202389
      vertex 19.9734 -6.96147 0.0168581
      vertex 20.2572 -6.65268 0.0168581
    endloop
  endfacet
  facet normal 3.79764e-08 0.000159702 -1
    outer loop
      vertex 0.311528 7.33027 0.00819016
      vertex -23.7563 1.05385 0.00718689
      vertex -0.23516 7.3304 0.00819016
    endloop
  endfacet
  facet normal 2.02749e-05 7.77789e-05 -1
    outer loop
      vertex -23.2805 0.972651 0.00718689
      vertex -23.5137 1.03344 0.00718689
      vertex 2.63247 7.11683 0.00819016
    endloop
  endfacet
  facet normal -0.000339932 0.00191405 -0.999998
    outer loop
      vertex -2.02469 7.18418 0.00819016
      vertex -16.2923 7.3742 0.0134039
      vertex 2.85186 11.3671 0.0145388
    endloop
  endfacet
  facet normal -0.0051348 0.109382 -0.993987
    outer loop
      vertex 2.26674 12.8015 0.130011
      vertex -12.1652 13.9295 0.328694
      vertex -10.5362 16.761 0.631868
    endloop
  endfacet
  facet normal 0.00032216 -0.000231861 -1
    outer loop
      vertex 20.2572 -6.65268 0.0168581
      vertex 3.0949 6.88529 0.00819016
      vertex 20.2667 6.28809 0.0138607
    endloop
  endfacet
  facet normal 0.000328817 0.000656708 -1
    outer loop
      vertex 3.04444 6.96498 0.00819016
      vertex 2.8883 7.04316 0.00819016
      vertex 19.9235 7.14835 0.0138607
    endloop
  endfacet
  facet normal 0.000327029 0.000946268 -0.999999
    outer loop
      vertex 19.9235 7.14835 0.0138607
      vertex 2.8883 7.04316 0.00819016
      vertex 19.7213 7.21823 0.0138607
    endloop
  endfacet
  facet normal 0.00414402 0.0158156 -0.999866
    outer loop
      vertex 19.7213 7.21823 0.0138607
      vertex 4.55341 11.2354 0.0145388
      vertex 12.7914 10.0923 0.0306005
    endloop
  endfacet
  facet normal 3.71339e-07 0.00156159 -0.999999
    outer loop
      vertex 0.311528 7.33027 0.00819016
      vertex -0.23516 7.3304 0.00819016
      vertex 3.53245 11.395 0.0145388
    endloop
  endfacet
  facet normal -7.23996e-05 0.124814 -0.99218
    outer loop
      vertex 2.26674 12.8015 0.130011
      vertex -8.22008 16.7848 0.631868
      vertex 3.30112 12.8021 0.130011
    endloop
  endfacet
  facet normal -2.00674e-05 -0.000386176 -1
    outer loop
      vertex -13.7164 -10.2931 0.01054
      vertex -23.7516 -1.08877 0.00718689
      vertex -13.5586 -10.3013 0.01054
    endloop
  endfacet
  facet normal -0.0817011 -0.177788 -0.980671
    outer loop
      vertex -28.0144 -8.92612 0.788963
      vertex -29.1846 -7.04645 0.545684
      vertex -27.4883 -7.82597 0.545684
    endloop
  endfacet
  facet normal -0.0662574 -0.326539 -0.942859
    outer loop
      vertex -6.10042 -16.1043 0.800285
      vertex -7.70748 -14.9021 0.496862
      vertex -4.44795 -16.4396 0.800285
    endloop
  endfacet
  facet normal -0.024637 -0.0829532 -0.996249
    outer loop
      vertex -12.4468 -11.6952 0.0942535
      vertex -14.1792 -10.1753 0.01054
      vertex -13.926 -10.2505 0.01054
    endloop
  endfacet
  facet normal -0.732047 -0.681254 0
    outer loop
      vertex -36.0372 -9.686 2.51084
      vertex -37.7709 -7.82304 3.05654
      vertex -37.7709 -7.82304 2.51084
    endloop
  endfacet
  facet normal -0.732047 -0.681254 0
    outer loop
      vertex -37.7709 -7.82304 3.05654
      vertex -36.0372 -9.686 2.51084
      vertex -36.0372 -9.686 3.05654
    endloop
  endfacet
  facet normal -0.110109 -0.156054 -0.981592
    outer loop
      vertex -29.9498 -8.03678 0.788963
      vertex -31.647 -6.83926 0.788963
      vertex -29.1846 -7.04645 0.545684
    endloop
  endfacet
  facet normal -0.240829 -0.468366 -0.850079
    outer loop
      vertex -33.5671 -10.9561 2.51084
      vertex -36.0372 -9.686 2.51084
      vertex -32.9257 -10.3145 1.97563
    endloop
  endfacet
  facet normal -0.45728 -0.889323 0
    outer loop
      vertex -36.0372 -9.686 2.51084
      vertex -33.5671 -10.9561 3.05654
      vertex -36.0372 -9.686 3.05654
    endloop
  endfacet
  facet normal -0.45728 -0.889323 -0
    outer loop
      vertex -33.5671 -10.9561 3.05654
      vertex -36.0372 -9.686 2.51084
      vertex -33.5671 -10.9561 2.51084
    endloop
  endfacet
  facet normal -0.0427196 -0.101331 -0.993935
    outer loop
      vertex -14.2154 -10.9973 0.0942535
      vertex -14.7764 -9.93966 0.01054
      vertex -13.2972 -11.3844 0.0942535
    endloop
  endfacet
  facet normal -0.113908 -0.383574 -0.916458
    outer loop
      vertex -6.10042 -16.1043 0.800285
      vertex -8.09728 -15.5113 0.800285
      vertex -7.70748 -14.9021 0.496862
    endloop
  endfacet
  facet normal -0.0176113 -0.258726 -0.96579
    outer loop
      vertex -4.44795 -16.4396 0.800285
      vertex -6.35134 -15.1774 0.496862
      vertex 8.4417 -19.1077 1.28
    endloop
  endfacet
  facet normal -0.0797298 -0.268497 -0.959975
    outer loop
      vertex -7.70748 -14.9021 0.496862
      vertex -10.8149 -13.127 0.258465
      vertex -9.59718 -13.4886 0.258465
    endloop
  endfacet
  facet normal 0.0187639 -0.100585 -0.994751
    outer loop
      vertex 16.8919 -11.0338 0.150753
      vertex 15.7456 -13.8451 0.413398
      vertex 15.823 -11.2332 0.150753
    endloop
  endfacet
  facet normal 0.00904696 -0.048497 -0.998782
    outer loop
      vertex 16.8919 -11.0338 0.150753
      vertex 15.823 -11.2332 0.150753
      vertex 18.1087 -8.04928 0.0168581
    endloop
  endfacet
  facet normal 0.106911 -0.0725349 -0.991619
    outer loop
      vertex 26.6397 -8.36287 0.496305
      vertex 24.2286 -7.60596 0.180986
      vertex 24.4948 -7.2136 0.180986
    endloop
  endfacet
  facet normal 0.0455083 -0.0545756 -0.997472
    outer loop
      vertex 24.2286 -7.60596 0.180986
      vertex 21.5289 -6.91917 0.0202389
      vertex 21.6689 -6.80243 0.0202389
    endloop
  endfacet
  facet normal 0.100189 -0.171725 -0.980037
    outer loop
      vertex 19.7529 -14.3996 0.7947
      vertex 19.4898 -12.377 0.413398
      vertex 22.2622 -12.9356 0.7947
    endloop
  endfacet
  facet normal 0.0820779 -0.250999 -0.964501
    outer loop
      vertex 16.8709 -17.5348 1.28
      vertex 13.8367 -18.527 1.28
      vertex 17.2041 -15.561 0.7947
    endloop
  endfacet
  facet normal 0.166392 -0.365143 -0.915961
    outer loop
      vertex 20.1523 -17.471 1.85066
      vertex 16.6091 -19.0856 1.85066
      vertex 16.8709 -17.5348 1.28
    endloop
  endfacet
  facet normal 0.117851 -0.360394 -0.925325
    outer loop
      vertex 16.6091 -19.0856 1.85066
      vertex 13.1474 -20.2176 1.85066
      vertex 16.8709 -17.5348 1.28
    endloop
  endfacet
  facet normal 0.00297492 -0.152897 -0.988238
    outer loop
      vertex 10.2864 -16.8518 0.7947
      vertex -5.32995 -15.2306 0.496862
      vertex 12.3782 -16.8111 0.7947
    endloop
  endfacet
  facet normal 0.00303623 -0.15223 -0.98834
    outer loop
      vertex -5.32995 -15.2306 0.496862
      vertex -7.83052 -13.7327 0.258465
      vertex 12.3782 -16.8111 0.7947
    endloop
  endfacet
  facet normal 0.10691 -0.0725374 -0.991619
    outer loop
      vertex 26.6397 -8.36287 0.496305
      vertex 24.4948 -7.2136 0.180986
      vertex 27.072 -7.72572 0.496305
    endloop
  endfacet
  facet normal 0.0916168 -0.026879 -0.995432
    outer loop
      vertex 27.9197 -4.14697 0.413398
      vertex 24.4948 -7.2136 0.180986
      vertex 28.3251 -2.76517 0.413398
    endloop
  endfacet
  facet normal 0.149037 -0.178787 -0.972534
    outer loop
      vertex 27.9033 -9.79963 0.954075
      vertex 25.9662 -8.9243 0.496305
      vertex 26.6397 -8.36287 0.496305
    endloop
  endfacet
  facet normal 0.138716 -0.200237 -0.969878
    outer loop
      vertex 27.9033 -9.79963 0.954075
      vertex 22.2622 -12.9356 0.7947
      vertex 25.9662 -8.9243 0.496305
    endloop
  endfacet
  facet normal 0.905709 -0.4239 0
    outer loop
      vertex 34.5254 -9.20679 3.79118
      vertex 38.1317 -1.50154 3.8442
      vertex 34.5254 -9.20679 4.61515
    endloop
  endfacet
  facet normal 0.905709 -0.4239 0
    outer loop
      vertex 38.1317 -1.50154 3.8442
      vertex 34.5254 -9.20679 3.79118
      vertex 38.1317 -1.50154 3.15788
    endloop
  endfacet
  facet normal 0.145262 0.0463575 -0.988307
    outer loop
      vertex 34.5251 1.67106 1.28
      vertex 31.6925 0.20083 0.7947
      vertex 33.9782 3.38478 1.28
    endloop
  endfacet
  facet normal 0.145265 0.0463552 -0.988306
    outer loop
      vertex 31.6925 0.20083 0.7947
      vertex 31.2437 1.60725 0.7947
      vertex 33.9782 3.38478 1.28
    endloop
  endfacet
  facet normal 0.33253 0.106111 -0.937104
    outer loop
      vertex 36.7506 2.82621 1.85066
      vertex 36.1267 4.78138 1.85066
      vertex 38.2836 3.62189 2.48474
    endloop
  endfacet
  facet normal 0.387276 -0.0114878 -0.921892
    outer loop
      vertex 38.2091 1.11036 2.48474
      vertex 36.7506 2.82621 1.85066
      vertex 38.2836 3.62189 2.48474
    endloop
  endfacet
  facet normal 0.304916 0.554272 -0.774473
    outer loop
      vertex 36.2041 7.39329 2.48474
      vertex 28.1589 11.2018 2.04294
      vertex 36.9025 7.94965 3.15788
    endloop
  endfacet
  facet normal 0.458813 0.389998 -0.798369
    outer loop
      vertex 38.361 6.2338 3.15788
      vertex 36.2041 7.39329 2.48474
      vertex 36.9025 7.94965 3.15788
    endloop
  endfacet
  facet normal 0.178391 0.224467 -0.958014
    outer loop
      vertex 26.0253 8.93493 0.653398
      vertex 25.1315 9.64526 0.653398
      vertex 27.5217 9.44866 1.05241
    endloop
  endfacet
  facet normal 0.147428 0.279239 -0.948837
    outer loop
      vertex 25.1315 9.64526 0.653398
      vertex 25.0646 11.0364 1.05241
      vertex 26.4325 10.3142 1.05241
    endloop
  endfacet
  facet normal 0.2015 -0.10262 -0.974098
    outer loop
      vertex 33.8001 -2.62365 1.28
      vertex 29.3914 -8.18661 0.954075
      vertex 31.0975 -3.32375 0.7947
    endloop
  endfacet
  facet normal 0.205348 -0.105736 -0.972961
    outer loop
      vertex 32.5561 -5.0396 1.28
      vertex 29.3914 -8.18661 0.954075
      vertex 33.8001 -2.62365 1.28
    endloop
  endfacet
  facet normal 0.120935 -0.181565 0.975914
    outer loop
      vertex 8.1842 -3.647 13.4998
      vertex 7.91624 -3.82548 13.4998
      vertex 11.8818 -2.57466 13.2411
    endloop
  endfacet
  facet normal -0.00179885 0.00616979 0.999979
    outer loop
      vertex -3.19686 6.71346 13.4173
      vertex -3.26999 6.6111 13.4178
      vertex -3.2144 6.6111 13.4179
    endloop
  endfacet
  facet normal -0.00182829 0.00619082 0.999979
    outer loop
      vertex -3.19686 6.71346 13.4173
      vertex -3.61111 7.01109 13.4147
      vertex -3.26999 6.6111 13.4178
    endloop
  endfacet
  facet normal -0.00273659 0.00492667 0.999984
    outer loop
      vertex -3.19686 6.71346 13.4173
      vertex -4.00111 7.32219 13.4121
      vertex -3.61111 7.01109 13.4147
    endloop
  endfacet
  facet normal -0.0014892 0.00657466 0.999977
    outer loop
      vertex -7.03347 10.2248 13.3885
      vertex -4.00111 7.32219 13.4121
      vertex -3.19686 6.71346 13.4173
    endloop
  endfacet
  facet normal -0.00141795 0.00664909 0.999977
    outer loop
      vertex -7.03347 10.2248 13.3885
      vertex -4.44 7.54442 13.41
      vertex -4.00111 7.32219 13.4121
    endloop
  endfacet
  facet normal -0.00176727 0.00631111 0.999979
    outer loop
      vertex -7.03347 10.2248 13.3885
      vertex -4.5259 7.5679 13.4097
      vertex -4.44 7.54442 13.41
    endloop
  endfacet
  facet normal -0.0015072 0.00655656 0.999977
    outer loop
      vertex -4.5259 7.5679 13.4097
      vertex -7.03347 10.2248 13.3885
      vertex -7.42368 10.1351 13.3885
    endloop
  endfacet
  facet normal -0.00158159 0.0064231 0.999978
    outer loop
      vertex 6.5714 -2.2267 13.4904
      vertex 6.55255 -2.24691 13.4905
      vertex 7.8314 -3.37988 13.4998
    endloop
  endfacet
  facet normal -0.00166349 0.00635762 0.999978
    outer loop
      vertex -1.29779 4.708 13.4332
      vertex 0.21244 3.59319 13.4428
      vertex -1.29779 4.97539 13.4315
    endloop
  endfacet
  facet normal -0.00163506 0.00639614 0.999978
    outer loop
      vertex 0.21244 3.59319 13.4428
      vertex -1.29779 4.708 13.4332
      vertex 0.222382 3.36122 13.4443
    endloop
  endfacet
  facet normal -0.000977067 0.00713022 0.999974
    outer loop
      vertex 4.09293 0.0416595 13.4718
      vertex 5.06895 -0.932526 13.4797
      vertex 5.09253 -0.873197 13.4793
    endloop
  endfacet
  facet normal 0.000136294 0.00824561 0.999966
    outer loop
      vertex 4.06563 0.0299835 13.4719
      vertex 5.06895 -0.932526 13.4797
      vertex 4.09293 0.0416595 13.4718
    endloop
  endfacet
  facet normal -0.00192898 0.00609289 0.99998
    outer loop
      vertex 5.06895 -0.932526 13.4797
      vertex 4.06563 0.0299835 13.4719
      vertex 4.0044 0.0105984 13.4719
    endloop
  endfacet
  facet normal -0.00165302 0.00638857 0.999978
    outer loop
      vertex -6.61545 7.47979 13.4063
      vertex -9.21431 9.59351 13.3885
      vertex -6.68404 7.44639 13.4064
    endloop
  endfacet
  facet normal -0.00216083 0.0057791 0.999981
    outer loop
      vertex 5.96408 -2.75149 13.4924
      vertex 6.57387 -3.80394 13.4998
      vertex 7.0426 -3.62868 13.4998
    endloop
  endfacet
  facet normal -0.00101239 0.00644448 0.999979
    outer loop
      vertex 5.90955 -2.79109 13.4926
      vertex 6.57387 -3.80394 13.4998
      vertex 5.96408 -2.75149 13.4924
    endloop
  endfacet
  facet normal -0.0021484 0.0056994 0.999981
    outer loop
      vertex 6.57387 -3.80394 13.4998
      vertex 5.90955 -2.79109 13.4926
      vertex 5.57171 -2.95353 13.4928
    endloop
  endfacet
  facet normal 0.0109061 0.00810351 0.999908
    outer loop
      vertex -3.32545 4.80394 13.4289
      vertex -3.28025 4.55802 13.4304
      vertex -3.2883 4.63055 13.4299
    endloop
  endfacet
  facet normal -0.00230547 0.00560248 0.999982
    outer loop
      vertex -4.99165 6.01027 13.4183
      vertex -3.32545 4.80394 13.4289
      vertex -4.84099 6.03657 13.4185
    endloop
  endfacet
  facet normal -0.00224432 0.00568692 0.999981
    outer loop
      vertex -3.32545 4.80394 13.4289
      vertex -4.99165 6.01027 13.4183
      vertex -3.28025 4.55802 13.4304
    endloop
  endfacet
  facet normal -0.00220412 0.00573384 0.999981
    outer loop
      vertex -1.29779 2.87575 13.4443
      vertex 0.565992 1.63892 13.4555
      vertex -1.29779 3.15479 13.4427
    endloop
  endfacet
  facet normal -0.00211879 0.00586242 0.999981
    outer loop
      vertex 0.565992 1.63892 13.4555
      vertex -1.29779 2.87575 13.4443
      vertex 0.68895 1.34221 13.4575
    endloop
  endfacet
  facet normal -0.00240321 0.00549396 0.999982
    outer loop
      vertex 0.68895 1.34221 13.4575
      vertex -1.29779 2.87575 13.4443
      vertex 0.881856 1.02616 13.4597
    endloop
  endfacet
  facet normal -0.0038553 0.00960619 0.999946
    outer loop
      vertex 4.53874 -1.59222 13.4827
      vertex 4.15923 -1.75494 13.4828
      vertex 4.19623 -1.7505 13.4829
    endloop
  endfacet
  facet normal -0.0021966 0.00573764 0.999981
    outer loop
      vertex 2.71746 -0.110924 13.4702
      vertex 4.15923 -1.75494 13.4828
      vertex 4.53874 -1.59222 13.4827
    endloop
  endfacet
  facet normal -0.00191282 0.0059865 0.99998
    outer loop
      vertex 2.55035 -0.0975037 13.4698
      vertex 4.15923 -1.75494 13.4828
      vertex 2.71746 -0.110924 13.4702
    endloop
  endfacet
  facet normal -0.00208976 0.00581475 0.999981
    outer loop
      vertex 2.08231 0.0266418 13.4681
      vertex 4.15923 -1.75494 13.4828
      vertex 2.55035 -0.0975037 13.4698
    endloop
  endfacet
  facet normal -0.00358906 0.00406694 0.999985
    outer loop
      vertex 4.15923 -1.75494 13.4828
      vertex 2.08231 0.0266418 13.4681
      vertex 2.02863 0.0530338 13.4678
    endloop
  endfacet
  facet normal 0.0949312 -0.281512 0.95485
    outer loop
      vertex 4.74664 -5.29759 13.4998
      vertex 1.23728 -7.35849 13.2411
      vertex 2.4948 -6.93443 13.2411
    endloop
  endfacet
  facet normal 0.128169 -0.380076 0.916032
    outer loop
      vertex 2.4948 -6.93443 13.2411
      vertex 1.23728 -7.35849 13.2411
      vertex 28.1385 -5.82071 10.1152
    endloop
  endfacet
  facet normal -0.000829922 0.007285 0.999973
    outer loop
      vertex -5.8485 10.4076 13.3885
      vertex -3.04779 7.5833 13.4114
      vertex -2.9273 7.5833 13.4115
    endloop
  endfacet
  facet normal -0.000264718 0.00784545 0.999969
    outer loop
      vertex -5.8485 10.4076 13.3885
      vertex -3.05658 7.53202 13.4118
      vertex -3.04779 7.5833 13.4114
    endloop
  endfacet
  facet normal -0.000529473 0.00758841 0.999971
    outer loop
      vertex -3.05658 7.53202 13.4118
      vertex -5.8485 10.4076 13.3885
      vertex -6.06348 10.3926 13.3885
    endloop
  endfacet
  facet normal -0.000742101 0.00735749 0.999973
    outer loop
      vertex 6.83597 -1.85604 13.4881
      vertex 6.82696 -1.87054 13.4882
      vertex 8.32534 -3.29599 13.4998
    endloop
  endfacet
  facet normal -0.000666265 0.00738086 0.999973
    outer loop
      vertex -1.29779 5.85883 13.4254
      vertex 0.240185 4.52091 13.4363
      vertex -1.29779 6.00786 13.4243
    endloop
  endfacet
  facet normal 0.00107566 0.00938311 0.999955
    outer loop
      vertex 0.240185 4.52091 13.4363
      vertex -1.29779 5.85883 13.4254
      vertex 0.235641 4.48946 13.4366
    endloop
  endfacet
  facet normal -0.00102415 0.00703189 0.999975
    outer loop
      vertex 0.235641 4.48946 13.4366
      vertex -1.29779 5.85883 13.4254
      vertex 0.231888 4.40359 13.4372
    endloop
  endfacet
  facet normal 0.00207725 0.0122904 0.999922
    outer loop
      vertex 3.28946 1.5728 13.4603
      vertex 3.06498 1.70837 13.4591
      vertex 3.26674 1.57664 13.4603
    endloop
  endfacet
  facet normal -0.0013148 0.00667423 0.999977
    outer loop
      vertex 3.28946 1.5728 13.4603
      vertex 2.7388 2.01868 13.4566
      vertex 3.06498 1.70837 13.4591
    endloop
  endfacet
  facet normal -0.000474544 0.00771189 0.99997
    outer loop
      vertex 2.7388 2.01868 13.4566
      vertex 3.28946 1.5728 13.4603
      vertex 2.58335 2.25548 13.4547
    endloop
  endfacet
  facet normal -9.41574e-05 0.00807306 0.999967
    outer loop
      vertex 4.55823 0.287788 13.4707
      vertex 5.20016 -0.274503 13.4753
      vertex 4.59253 0.312961 13.4705
    endloop
  endfacet
  facet normal -0.00110435 0.00691985 0.999975
    outer loop
      vertex 5.20016 -0.274503 13.4753
      vertex 4.55823 0.287788 13.4707
      vertex 5.19562 -0.31858 13.4756
    endloop
  endfacet
  facet normal 0.00237504 0.0105402 0.999942
    outer loop
      vertex 6.87003 -1.80117 13.4875
      vertex 8.32534 -3.29599 13.4998
      vertex 8.43611 -3.32095 13.4998
    endloop
  endfacet
  facet normal 0.00300894 0.0111573 0.999933
    outer loop
      vertex 8.32534 -3.29599 13.4998
      vertex 6.87003 -1.80117 13.4875
      vertex 6.84143 -1.84723 13.4881
    endloop
  endfacet
  facet normal 0 0.00812837 0.999967
    outer loop
      vertex -2.80037 7.5833 13.4114
      vertex -5.70336 10.4005 13.3885
      vertex -2.81787 7.5833 13.4114
    endloop
  endfacet
  facet normal 0.00336713 0.0115688 0.999927
    outer loop
      vertex -1.29779 6.09922 13.4235
      vertex 0.254342 4.61891 13.4354
      vertex -1.29779 6.12515 13.4232
    endloop
  endfacet
  facet normal 0.00417232 0.0124129 0.999914
    outer loop
      vertex 0.254342 4.61891 13.4354
      vertex -1.29779 6.09922 13.4235
      vertex 0.249904 4.58818 13.4358
    endloop
  endfacet
  facet normal 0.00350168 0.0118044 0.999924
    outer loop
      vertex 3.41519 1.55152 13.4603
      vertex 2.53861 2.35368 13.4539
      vertex 3.34871 1.56277 13.4604
    endloop
  endfacet
  facet normal 0.00125148 0.00934569 0.999956
    outer loop
      vertex 2.53861 2.35368 13.4539
      vertex 3.41519 1.55152 13.4603
      vertex 2.51985 2.42039 13.4533
    endloop
  endfacet
  facet normal 0.00301156 0.0111983 0.999933
    outer loop
      vertex 4.61326 0.328169 13.4704
      vertex 5.20895 -0.189203 13.4744
      vertex 4.64888 0.354307 13.47
    endloop
  endfacet
  facet normal 0.00340159 0.0116473 0.999926
    outer loop
      vertex 5.20895 -0.189203 13.4744
      vertex 4.61326 0.328169 13.4704
      vertex 5.20294 -0.247543 13.4751
    endloop
  endfacet
  facet normal -0.00284786 0.00502955 0.999983
    outer loop
      vertex -7.34103 6.97457 13.4072
      vertex -9.6039 9.41124 13.3885
      vertex -7.37686 6.9344 13.4073
    endloop
  endfacet
  facet normal -0.00314463 0.00472126 0.999984
    outer loop
      vertex 2.15948 -3.25566 13.4857
      vertex 3.60505 -5.27927 13.4998
      vertex 3.873 -5.1008 13.4998
    endloop
  endfacet
  facet normal -0.00325686 0.00464109 0.999984
    outer loop
      vertex 2.00313 -3.2361 13.4851
      vertex 3.60505 -5.27927 13.4998
      vertex 2.15948 -3.25566 13.4857
    endloop
  endfacet
  facet normal -0.00325696 0.00464101 0.999984
    outer loop
      vertex 1.72952 -3.1911 13.484
      vertex 3.60505 -5.27927 13.4998
      vertex 2.00313 -3.2361 13.4851
    endloop
  endfacet
  facet normal 0.00195233 0.00931961 0.999955
    outer loop
      vertex 3.60505 -5.27927 13.4998
      vertex 1.72952 -3.1911 13.484
      vertex 1.72699 -3.19057 13.484
    endloop
  endfacet
  facet normal -0.00323005 0.00466539 0.999984
    outer loop
      vertex -5.952 5.34973 13.4193
      vertex -3.31054 2.6345 13.4405
      vertex -5.90325 5.42635 13.4191
    endloop
  endfacet
  facet normal -0.00313865 0.00475431 0.999984
    outer loop
      vertex -3.31054 2.6345 13.4405
      vertex -5.952 5.34973 13.4193
      vertex -3.35301 2.45923 13.4412
    endloop
  endfacet
  facet normal -0.00312919 0.00476723 0.999984
    outer loop
      vertex -1.29779 0.173488 13.4585
      vertex 0.662827 -1.64405 13.4733
      vertex -1.29779 0.467155 13.4571
    endloop
  endfacet
  facet normal -0.00320704 0.00468325 0.999984
    outer loop
      vertex 0.662827 -1.64405 13.4733
      vertex -1.29779 0.173488 13.4585
      vertex 0.662827 -2.00704 13.475
    endloop
  endfacet
  facet normal -0.212827 0.403825 0.889736
    outer loop
      vertex -12.9293 8.83609 13.1319
      vertex -16.2131 8.21456 12.6285
      vertex -13.4051 8.58533 13.1319
    endloop
  endfacet
  facet normal -0.212828 0.403841 0.889728
    outer loop
      vertex -16.2131 8.21456 12.6285
      vertex -16.9858 7.80734 12.6285
      vertex -13.4051 8.58533 13.1319
    endloop
  endfacet
  facet normal -0.00264373 0.00521293 0.999983
    outer loop
      vertex -8.92587 9.70029 13.3885
      vertex -6.45995 7.55553 13.4062
      vertex -6.38123 7.57627 13.4063
    endloop
  endfacet
  facet normal -0.00216442 0.00576399 0.999981
    outer loop
      vertex -8.92587 9.70029 13.3885
      vertex -6.61545 7.47979 13.4063
      vertex -6.45995 7.55553 13.4062
    endloop
  endfacet
  facet normal -0.00214233 0.00578698 0.999981
    outer loop
      vertex -6.61545 7.47979 13.4063
      vertex -8.92587 9.70029 13.3885
      vertex -9.21431 9.59351 13.3885
    endloop
  endfacet
  facet normal -0.00323707 0.00445587 0.999985
    outer loop
      vertex 5.97885 -2.74076 13.4924
      vertex 5.96408 -2.75149 13.4924
      vertex 7.0426 -3.62868 13.4998
    endloop
  endfacet
  facet normal -0.00776341 0.00456435 0.999959
    outer loop
      vertex -3.4022 5.08965 13.427
      vertex -3.32545 4.80394 13.4289
      vertex -3.3633 4.98055 13.4278
    endloop
  endfacet
  facet normal -0.00223587 0.00557903 0.999982
    outer loop
      vertex -4.84099 6.03657 13.4185
      vertex -3.4022 5.08965 13.427
      vertex -4.5193 6.0221 13.4193
    endloop
  endfacet
  facet normal -0.00197764 0.0113173 0.999934
    outer loop
      vertex -4.84099 6.03657 13.4185
      vertex -4.5193 6.0221 13.4193
      vertex -4.81169 6.04169 13.4185
    endloop
  endfacet
  facet normal -0.00185985 0.00615035 0.999979
    outer loop
      vertex -3.4022 5.08965 13.427
      vertex -4.84099 6.03657 13.4185
      vertex -3.32545 4.80394 13.4289
    endloop
  endfacet
  facet normal -0.00230022 0.00560842 0.999982
    outer loop
      vertex -1.29779 3.15479 13.4427
      vertex 0.478274 1.8506 13.4541
      vertex -1.29779 3.33309 13.4417
    endloop
  endfacet
  facet normal -0.00224531 0.0056832 0.999981
    outer loop
      vertex 0.478274 1.8506 13.4541
      vertex -1.29779 3.15479 13.4427
      vertex 0.565992 1.63892 13.4555
    endloop
  endfacet
  facet normal -0.00249795 0.00540721 0.999982
    outer loop
      vertex 2.84002 -0.120767 13.4705
      vertex 4.53874 -1.59222 13.4827
      vertex 4.58002 -1.57315 13.4827
    endloop
  endfacet
  facet normal -0.00196396 0.00602366 0.99998
    outer loop
      vertex 4.53874 -1.59222 13.4827
      vertex 2.84002 -0.120767 13.4705
      vertex 2.71746 -0.110924 13.4702
    endloop
  endfacet
  facet normal -0.368465 0.636184 -0.677867
    outer loop
      vertex -23.4428 16.2074 1.97563
      vertex -23.7052 16.6257 2.51084
      vertex -19.3969 18.5507 1.97563
    endloop
  endfacet
  facet normal -0.368446 0.636126 -0.677932
    outer loop
      vertex -19.3969 18.5507 1.97563
      vertex -23.7052 16.6257 2.51084
      vertex -19.4977 19.0627 2.51084
    endloop
  endfacet
  facet normal -0.211997 0.671801 0.709747
    outer loop
      vertex -15.1894 20.9877 3.05654
      vertex -15.2542 20.4018 3.59176
      vertex -11.1739 21.6894 3.59176
    endloop
  endfacet
  facet normal -0.211996 0.671783 0.709765
    outer loop
      vertex -10.946 22.3268 3.05654
      vertex -15.1894 20.9877 3.05654
      vertex -11.1739 21.6894 3.59176
    endloop
  endfacet
  facet normal -0.017272 -0.0766769 0.996906
    outer loop
      vertex 3.46391 -5.63028 13.4998
      vertex -1.63218 -7.84581 13.2411
      vertex -1.30411 -7.91971 13.2411
    endloop
  endfacet
  facet normal -0.0356118 -0.158094 0.986782
    outer loop
      vertex -1.63218 -7.84581 13.2411
      vertex -5.79548 -10.0763 12.7335
      vertex -1.30411 -7.91971 13.2411
    endloop
  endfacet
  facet normal -0.135608 -0.0816065 0.987396
    outer loop
      vertex -13.0145 0.0388794 12.6413
      vertex -6.32825 -9.9563 12.7335
      vertex -12.8369 0.11521 12.672
    endloop
  endfacet
  facet normal -0.135516 -0.0815449 0.987414
    outer loop
      vertex -6.32825 -9.9563 12.7335
      vertex -13.0145 0.0388794 12.6413
      vertex -10.5546 -11.8557 11.9966
    endloop
  endfacet
  facet normal -0.135546 -0.0815509 0.987409
    outer loop
      vertex -13.2795 -0.0388794 12.5985
      vertex -10.5546 -11.8557 11.9966
      vertex -13.0145 0.0388794 12.6413
    endloop
  endfacet
  facet normal -0.135584 -0.0815593 0.987403
    outer loop
      vertex -13.5767 -0.0944519 12.5531
      vertex -10.5546 -11.8557 11.9966
      vertex -13.2795 -0.0388794 12.5985
    endloop
  endfacet
  facet normal -0.135344 -0.0814994 0.987441
    outer loop
      vertex -13.9061 -0.127777 12.5052
      vertex -10.5546 -11.8557 11.9966
      vertex -13.5767 -0.0944519 12.5531
    endloop
  endfacet
  facet normal -0.135626 -0.0815781 0.987396
    outer loop
      vertex -14.2678 -0.138885 12.4546
      vertex -10.5546 -11.8557 11.9966
      vertex -13.9061 -0.127777 12.5052
    endloop
  endfacet
  facet normal -0.135494 -0.0815369 0.987417
    outer loop
      vertex -14.6595 -0.11528 12.4028
      vertex -10.5546 -11.8557 11.9966
      vertex -14.2678 -0.138885 12.4546
    endloop
  endfacet
  facet normal -0.135476 -0.0815307 0.98742
    outer loop
      vertex -10.5546 -11.8557 11.9966
      vertex -14.6595 -0.11528 12.4028
      vertex -14.7982 -0.0882737 12.386
    endloop
  endfacet
  facet normal -0.135814 -0.0817569 0.987355
    outer loop
      vertex -17.1696 6.48758 12.6036
      vertex -15.4825 4.20912 12.647
      vertex -17.1696 6.81969 12.6311
    endloop
  endfacet
  facet normal -0.135459 -0.0814928 0.987426
    outer loop
      vertex -15.4825 4.20912 12.647
      vertex -17.1696 6.48758 12.6036
      vertex -15.7679 4.0486 12.5946
    endloop
  endfacet
  facet normal -0.135553 -0.0815471 0.987408
    outer loop
      vertex -15.7679 4.0486 12.5946
      vertex -17.1696 6.48758 12.6036
      vertex -16.0729 3.79276 12.5316
    endloop
  endfacet
  facet normal -0.135652 -0.0815866 0.987392
    outer loop
      vertex -16.0729 3.79276 12.5316
      vertex -17.1696 6.48758 12.6036
      vertex -16.1581 3.68269 12.5108
    endloop
  endfacet
  facet normal -0.11342 0.067885 0.991225
    outer loop
      vertex -13.6561 1.3828 12.6642
      vertex -13.8189 1.40721 12.6439
      vertex -13.6612 1.38304 12.6636
    endloop
  endfacet
  facet normal -0.135336 -0.0814198 0.987449
    outer loop
      vertex -14.4901 2.25 12.6214
      vertex -13.8189 1.40721 12.6439
      vertex -13.6561 1.3828 12.6642
    endloop
  endfacet
  facet normal -0.135478 -0.0815341 0.98742
    outer loop
      vertex -13.8189 1.40721 12.6439
      vertex -14.4901 2.25 12.6214
      vertex -13.9634 1.44749 12.6274
    endloop
  endfacet
  facet normal -0.135112 -0.0811963 0.987498
    outer loop
      vertex -13.9634 1.44749 12.6274
      vertex -14.479 2.07195 12.6082
      vertex -14.0945 1.50389 12.6141
    endloop
  endfacet
  facet normal -0.135256 -0.0812939 0.98747
    outer loop
      vertex -14.4456 1.91556 12.5999
      vertex -14.0945 1.50389 12.6141
      vertex -14.479 2.07195 12.6082
    endloop
  endfacet
  facet normal -0.135199 -0.0813518 0.987473
    outer loop
      vertex -14.3901 1.78084 12.5964
      vertex -14.2123 1.57639 12.6039
      vertex -14.4456 1.91556 12.5999
    endloop
  endfacet
  facet normal -0.13566 -0.0816523 0.987385
    outer loop
      vertex -14.4745 2.45834 12.6407
      vertex -13.6561 1.3828 12.6642
      vertex -14.4408 2.59704 12.6568
    endloop
  endfacet
  facet normal -0.135668 -0.081659 0.987383
    outer loop
      vertex -13.9634 1.44749 12.6274
      vertex -14.4901 2.25 12.6214
      vertex -14.479 2.07195 12.6082
    endloop
  endfacet
  facet normal -0.135262 -0.0813477 0.987465
    outer loop
      vertex -13.6561 1.3828 12.6642
      vertex -14.4745 2.45834 12.6407
      vertex -14.4901 2.25 12.6214
    endloop
  endfacet
  facet normal -0.135827 -0.0817848 0.987351
    outer loop
      vertex -14.0945 1.50389 12.6141
      vertex -14.4456 1.91556 12.5999
      vertex -14.2123 1.57639 12.6039
    endloop
  endfacet
  facet normal -0.136997 -0.0829294 0.987094
    outer loop
      vertex -14.2123 1.57639 12.6039
      vertex -14.3901 1.78084 12.5964
      vertex -14.3123 1.66779 12.5977
    endloop
  endfacet
  facet normal -0.114988 -0.0681703 0.991025
    outer loop
      vertex -13.6852 8.23535 13.1319
      vertex -13.6384 7.7072 13.101
      vertex -13.4761 7.71837 13.1206
    endloop
  endfacet
  facet normal -0.114617 -0.06814 0.99107
    outer loop
      vertex -13.6852 8.23535 13.1319
      vertex -13.9481 7.67108 13.0627
      vertex -13.6384 7.7072 13.101
    endloop
  endfacet
  facet normal -0.114913 -0.0679991 0.991046
    outer loop
      vertex -13.6852 8.23535 13.1319
      vertex -14.2528 7.62051 13.0239
      vertex -13.9481 7.67108 13.0627
    endloop
  endfacet
  facet normal -0.11482 -0.0680857 0.99105
    outer loop
      vertex -13.6852 8.23535 13.1319
      vertex -14.5526 7.5555 12.9847
      vertex -14.2528 7.62051 13.0239
    endloop
  endfacet
  facet normal -0.114509 -0.0684844 0.991059
    outer loop
      vertex -13.6852 8.23535 13.1319
      vertex -14.8445 7.47774 12.9456
      vertex -14.5526 7.5555 12.9847
    endloop
  endfacet
  facet normal -0.114818 -0.0680101 0.991056
    outer loop
      vertex -13.6852 8.23535 13.1319
      vertex -15.1259 7.38887 12.9069
      vertex -14.8445 7.47774 12.9456
    endloop
  endfacet
  facet normal -0.114807 -0.0680289 0.991056
    outer loop
      vertex -17.1696 7.31091 12.6648
      vertex -15.1259 7.38887 12.9069
      vertex -13.6852 8.23535 13.1319
    endloop
  endfacet
  facet normal -0.114773 -0.0687637 0.991009
    outer loop
      vertex -15.1259 7.38887 12.9069
      vertex -17.1696 7.31091 12.6648
      vertex -15.3967 7.28889 12.8686
    endloop
  endfacet
  facet normal -0.114767 -0.0674278 0.991101
    outer loop
      vertex -15.3967 7.28889 12.8686
      vertex -17.1696 7.31091 12.6648
      vertex -15.657 7.1778 12.8309
    endloop
  endfacet
  facet normal -0.11486 -0.0685964 0.99101
    outer loop
      vertex -15.657 7.1778 12.8309
      vertex -17.1696 7.31091 12.6648
      vertex -15.9067 7.05559 12.7935
    endloop
  endfacet
  facet normal -0.111685 -0.0689049 0.991352
    outer loop
      vertex -13.2262 4.68059 12.9407
      vertex -12.8599 6.1946 13.0872
      vertex -12.8748 6.19717 13.0857
    endloop
  endfacet
  facet normal -0.115028 -0.0680992 0.991025
    outer loop
      vertex -13.2262 4.68059 12.9407
      vertex -12.8748 6.19717 13.0857
      vertex -13.0873 6.2083 13.0618
    endloop
  endfacet
  facet normal -0.114772 -0.0681292 0.991053
    outer loop
      vertex -12.8599 6.1946 13.0872
      vertex -13.2262 4.68059 12.9407
      vertex -12.2599 4.71106 13.0547
    endloop
  endfacet
  facet normal -0.114572 -0.0681446 0.991075
    outer loop
      vertex -13.3084 6.2019 13.0358
      vertex -13.2262 4.68059 12.9407
      vertex -13.0873 6.2083 13.0618
    endloop
  endfacet
  facet normal -0.114914 -0.0681605 0.991034
    outer loop
      vertex -13.5273 6.18274 13.0091
      vertex -13.2262 4.68059 12.9407
      vertex -13.3084 6.2019 13.0358
    endloop
  endfacet
  facet normal -0.11486 -0.0681501 0.991041
    outer loop
      vertex -13.7439 6.1508 12.9818
      vertex -13.2262 4.68059 12.9407
      vertex -13.5273 6.18274 13.0091
    endloop
  endfacet
  facet normal -0.11473 -0.0681047 0.991059
    outer loop
      vertex -13.7439 6.1508 12.9818
      vertex -13.8701 4.63753 12.8632
      vertex -13.2262 4.68059 12.9407
    endloop
  endfacet
  facet normal -0.114708 -0.0681067 0.991062
    outer loop
      vertex -13.9584 6.10608 12.9539
      vertex -13.8701 4.63753 12.8632
      vertex -13.7439 6.1508 12.9818
    endloop
  endfacet
  facet normal -0.11466 -0.0681041 0.991068
    outer loop
      vertex -14.1706 6.0486 12.9254
      vertex -13.8701 4.63753 12.8632
      vertex -13.9584 6.10608 12.9539
    endloop
  endfacet
  facet normal -0.114994 -0.0681734 0.991024
    outer loop
      vertex -14.3817 5.98166 12.8963
      vertex -13.8701 4.63753 12.8632
      vertex -14.1706 6.0486 12.9254
    endloop
  endfacet
  facet normal -0.114869 -0.0681261 0.991042
    outer loop
      vertex -14.3817 5.98166 12.8963
      vertex -14.4462 4.55278 12.7906
      vertex -13.8701 4.63753 12.8632
    endloop
  endfacet
  facet normal -0.11445 -0.0681485 0.991089
    outer loop
      vertex -14.5928 5.90862 12.8669
      vertex -14.4462 4.55278 12.7906
      vertex -14.3817 5.98166 12.8963
    endloop
  endfacet
  facet normal -0.114799 -0.0681839 0.991046
    outer loop
      vertex -14.8039 5.82945 12.837
      vertex -14.4462 4.55278 12.7906
      vertex -14.5928 5.90862 12.8669
    endloop
  endfacet
  facet normal -0.115082 -0.0682616 0.991008
    outer loop
      vertex -15.0151 5.74417 12.8066
      vertex -14.4462 4.55278 12.7906
      vertex -14.8039 5.82945 12.837
    endloop
  endfacet
  facet normal -0.114683 -0.068072 0.991067
    outer loop
      vertex -14.4462 4.55278 12.7906
      vertex -15.0151 5.74417 12.8066
      vertex -14.9545 4.42639 12.7231
    endloop
  endfacet
  facet normal -0.114664 -0.0680712 0.991069
    outer loop
      vertex -15.2262 5.65279 12.7759
      vertex -14.9545 4.42639 12.7231
      vertex -15.0151 5.74417 12.8066
    endloop
  endfacet
  facet normal -0.114827 -0.0681066 0.991048
    outer loop
      vertex -15.2262 5.65279 12.7759
      vertex -15.3951 4.25832 12.6605
      vertex -14.9545 4.42639 12.7231
    endloop
  endfacet
  facet normal -0.114735 -0.0681186 0.991058
    outer loop
      vertex -15.2262 5.65279 12.7759
      vertex -15.4825 4.20912 12.647
      vertex -15.3951 4.25832 12.6605
    endloop
  endfacet
  facet normal -0.114725 -0.0680875 0.991061
    outer loop
      vertex -17.1696 6.81969 12.6311
      vertex -15.2262 5.65279 12.7759
      vertex -15.9067 7.05559 12.7935
    endloop
  endfacet
  facet normal -0.114744 -0.0679918 0.991066
    outer loop
      vertex -17.1696 6.81969 12.6311
      vertex -15.9067 7.05559 12.7935
      vertex -17.1696 7.31091 12.6648
    endloop
  endfacet
  facet normal -0.114743 -0.0681172 0.991057
    outer loop
      vertex -15.2262 5.65279 12.7759
      vertex -17.1696 6.81969 12.6311
      vertex -15.4825 4.20912 12.647
    endloop
  endfacet
  facet normal -0.114706 -0.0680885 0.991063
    outer loop
      vertex -11.2956 0 12.8426
      vertex -6.32825 -9.9563 12.7335
      vertex -10.3547 0 12.9515
    endloop
  endfacet
  facet normal -0.115855 -0.0669661 0.991006
    outer loop
      vertex -11.9506 0.796692 12.8215
      vertex -11.6984 1.02779 12.8666
      vertex -11.754 1.02779 12.8601
    endloop
  endfacet
  facet normal -0.114795 -0.0681313 0.99105
    outer loop
      vertex -11.6984 1.02779 12.8666
      vertex -11.9506 0.796692 12.8215
      vertex -11.2956 0 12.8426
    endloop
  endfacet
  facet normal -0.114898 -0.0682165 0.991032
    outer loop
      vertex -12.1518 0.592239 12.7841
      vertex -11.2956 0 12.8426
      vertex -11.9506 0.796692 12.8215
    endloop
  endfacet
  facet normal -0.114768 -0.0680248 0.991061
    outer loop
      vertex -12.3573 0.414459 12.7481
      vertex -11.2956 0 12.8426
      vertex -12.1518 0.592239 12.7841
    endloop
  endfacet
  facet normal -0.114783 -0.0680653 0.991056
    outer loop
      vertex -12.5673 0.263351 12.7134
      vertex -11.2956 0 12.8426
      vertex -12.3573 0.414459 12.7481
    endloop
  endfacet
  facet normal -0.114793 -0.0681154 0.991051
    outer loop
      vertex -12.7818 0.138885 12.68
      vertex -11.2956 0 12.8426
      vertex -12.5673 0.263351 12.7134
    endloop
  endfacet
  facet normal -0.114766 -0.0677942 0.991077
    outer loop
      vertex -12.8369 0.11521 12.672
      vertex -11.2956 0 12.8426
      vertex -12.7818 0.138885 12.68
    endloop
  endfacet
  facet normal -0.114788 -0.0681292 0.991051
    outer loop
      vertex -11.2956 0 12.8426
      vertex -12.8369 0.11521 12.672
      vertex -6.32825 -9.9563 12.7335
    endloop
  endfacet
  facet normal -0.11477 -0.0680264 0.99106
    outer loop
      vertex -12.7123 3.4861 12.9181
      vertex -11.9067 2.88889 12.9704
      vertex -11.9067 3.51389 13.0133
    endloop
  endfacet
  facet normal -0.11489 -0.0681907 0.991035
    outer loop
      vertex -11.9067 2.88889 12.9704
      vertex -12.7123 3.4861 12.9181
      vertex -11.925 2.61307 12.9493
    endloop
  endfacet
  facet normal -0.114684 -0.0680037 0.991072
    outer loop
      vertex -11.925 2.61307 12.9493
      vertex -12.7123 3.4861 12.9181
      vertex -11.98 2.36334 12.9258
    endloop
  endfacet
  facet normal -0.114799 -0.0680786 0.991053
    outer loop
      vertex -13.0878 3.46275 12.873
      vertex -11.98 2.36334 12.9258
      vertex -12.7123 3.4861 12.9181
    endloop
  endfacet
  facet normal -0.11485 -0.0681308 0.991044
    outer loop
      vertex -11.98 2.36334 12.9258
      vertex -13.0878 3.46275 12.873
      vertex -12.0717 2.13972 12.8998
    endloop
  endfacet
  facet normal -0.114993 -0.068241 0.99102
    outer loop
      vertex -12.0717 2.13972 12.8998
      vertex -13.0878 3.46275 12.873
      vertex -12.2001 1.9422 12.8713
    endloop
  endfacet
  facet normal -0.114816 -0.0681376 0.991047
    outer loop
      vertex -12.2001 1.9422 12.8713
      vertex -13.0878 3.46275 12.873
      vertex -12.3651 1.7708 12.8404
    endloop
  endfacet
  facet normal -0.114839 -0.0681474 0.991044
    outer loop
      vertex -12.3651 1.7708 12.8404
      vertex -13.0878 3.46275 12.873
      vertex -12.5567 1.62831 12.8084
    endloop
  endfacet
  facet normal -0.114719 -0.0681134 0.99106
    outer loop
      vertex -13.4145 3.41498 12.8319
      vertex -12.5567 1.62831 12.8084
      vertex -13.0878 3.46275 12.873
    endloop
  endfacet
  facet normal -0.114572 -0.0680429 0.991082
    outer loop
      vertex -12.5567 1.62831 12.8084
      vertex -13.4145 3.41498 12.8319
      vertex -12.7651 1.51749 12.7767
    endloop
  endfacet
  facet normal -0.114781 -0.0681135 0.991053
    outer loop
      vertex -12.7651 1.51749 12.7767
      vertex -13.4145 3.41498 12.8319
      vertex -12.9901 1.43832 12.7452
    endloop
  endfacet
  facet normal -0.11499 -0.0681573 0.991026
    outer loop
      vertex -12.9901 1.43832 12.7452
      vertex -13.4145 3.41498 12.8319
      vertex -13.2317 1.39082 12.7139
    endloop
  endfacet
  facet normal -0.114645 -0.0681285 0.991068
    outer loop
      vertex -13.6923 3.34276 12.7948
      vertex -13.2317 1.39082 12.7139
      vertex -13.4145 3.41498 12.8319
    endloop
  endfacet
  facet normal -0.114724 -0.0681468 0.991057
    outer loop
      vertex -13.2317 1.39082 12.7139
      vertex -13.6923 3.34276 12.7948
      vertex -13.4901 1.375 12.6829
    endloop
  endfacet
  facet normal -0.114951 -0.0681685 0.991029
    outer loop
      vertex -13.9212 3.24609 12.7616
      vertex -13.4901 1.375 12.6829
      vertex -13.6923 3.34276 12.7948
    endloop
  endfacet
  facet normal -0.114445 -0.0680548 0.991096
    outer loop
      vertex -14.1012 3.125 12.7325
      vertex -13.4901 1.375 12.6829
      vertex -13.9212 3.24609 12.7616
    endloop
  endfacet
  facet normal -0.114993 -0.068244 0.991019
    outer loop
      vertex -14.2412 2.98334 12.7065
      vertex -13.4901 1.375 12.6829
      vertex -14.1012 3.125 12.7325
    endloop
  endfacet
  facet normal -0.114784 -0.0681468 0.99105
    outer loop
      vertex -14.3501 2.82501 12.683
      vertex -13.4901 1.375 12.6829
      vertex -14.2412 2.98334 12.7065
    endloop
  endfacet
  facet normal -0.114868 -0.0681962 0.991037
    outer loop
      vertex -14.4408 2.59704 12.6568
      vertex -13.4901 1.375 12.6829
      vertex -14.3501 2.82501 12.683
    endloop
  endfacet
  facet normal -0.107685 -0.0711229 0.991638
    outer loop
      vertex -14.4408 2.59704 12.6568
      vertex -14.3501 2.82501 12.683
      vertex -14.4279 2.65001 12.662
    endloop
  endfacet
  facet normal -0.114845 -0.0681785 0.991041
    outer loop
      vertex -13.4901 1.375 12.6829
      vertex -14.4408 2.59704 12.6568
      vertex -13.6561 1.3828 12.6642
    endloop
  endfacet
  facet normal 0.143159 -0.767271 0.625141
    outer loop
      vertex 12.6726 -21.3821 4.51734
      vertex 9.14921 -22.0395 4.51734
      vertex 12.4306 -21.9757 3.8442
    endloop
  endfacet
  facet normal 0.251468 -0.768992 0.587721
    outer loop
      vertex 12.6726 -21.3821 4.51734
      vertex 12.4306 -21.9757 3.8442
      vertex 16.3369 -20.6983 3.8442
    endloop
  endfacet
  facet normal 0.0143787 -0.73953 0.67297
    outer loop
      vertex 9.14921 -22.0395 4.51734
      vertex 5.48497 -22.7233 3.8442
      vertex 8.76635 -22.6595 3.8442
    endloop
  endfacet
  facet normal -0.282198 -0.92755 -0.244981
    outer loop
      vertex -19.9096 -16.06 6.103
      vertex -33.5671 -10.9561 2.51084
      vertex 2.71254 -22.1647 3.15788
    endloop
  endfacet
  facet normal -0.185335 -0.642795 -0.74328
    outer loop
      vertex 2.71254 -22.1647 3.15788
      vertex -33.5671 -10.9561 2.51084
      vertex 3.32805 -21.5638 2.48474
    endloop
  endfacet
  facet normal -0.121971 0.272973 -0.954258
    outer loop
      vertex -18.9125 16.0885 1.01774
      vertex -19.1993 17.5465 1.47147
      vertex -15.566 17.5838 1.01774
    endloop
  endfacet
  facet normal -0.0449775 0.257361 -0.965268
    outer loop
      vertex -9.15084 19.169 1.01774
      vertex -12.2699 18.6239 1.01774
      vertex -11.6209 20.4391 1.47147
    endloop
  endfacet
  facet normal -0.00412921 0.0200436 -0.999791
    outer loop
      vertex 2.55124 11.3128 0.0145388
      vertex -16.2923 7.3742 0.0134039
      vertex -7.03347 10.2248 0.0323124
    endloop
  endfacet
  facet normal -0.0128605 0.073588 -0.997206
    outer loop
      vertex -13.9752 10.7833 0.119864
      vertex -15.1465 10.5786 0.119864
      vertex -14.0673 13.5971 0.328694
    endloop
  endfacet
  facet normal 4.1349e-06 0.000143992 -1
    outer loop
      vertex 0.85756 7.31459 0.00819016
      vertex -23.7563 1.05385 0.00718689
      vertex 0.311528 7.33027 0.00819016
    endloop
  endfacet
  facet normal -0.0118097 0.0374197 -0.99923
    outer loop
      vertex -16.2923 7.3742 0.0134039
      vertex -16.7102 7.24231 0.0134039
      vertex -16.3843 10.188 0.119864
    endloop
  endfacet
  facet normal -0.116896 0.0131048 -0.993058
    outer loop
      vertex -31.6468 1.32946 0.338792
      vertex -33.5562 -0.0246649 0.545684
      vertex -33.3714 1.62377 0.545684
    endloop
  endfacet
  facet normal -0.173467 0.0194467 -0.984648
    outer loop
      vertex -33.5562 -0.0246649 0.545684
      vertex -34.7264 1.855 0.788963
      vertex -33.3714 1.62377 0.545684
    endloop
  endfacet
  facet normal -0.0714975 0.123452 -0.989772
    outer loop
      vertex -20.111 10.8966 0.328694
      vertex -21.2295 12.6795 0.631868
      vertex -18.5473 14.2329 0.631868
    endloop
  endfacet
  facet normal -0.0565221 0.126489 -0.990356
    outer loop
      vertex -18.118 12.051 0.328694
      vertex -18.5473 14.2329 0.631868
      vertex -15.801 15.4601 0.631868
    endloop
  endfacet
  facet normal 2.54769e-05 5.54434e-05 -1
    outer loop
      vertex -23.0654 0.87381 0.00718689
      vertex -23.2805 0.972651 0.00718689
      vertex 2.8883 7.04316 0.00819016
    endloop
  endfacet
  facet normal 4.04057e-05 -4.54281e-06 -1
    outer loop
      vertex 3.0949 6.88529 0.00819016
      vertex -22.5345 -0.225565 0.00718689
      vertex -22.511 -0.0165462 0.00718689
    endloop
  endfacet
  facet normal -0.044608 0.0770178 -0.996031
    outer loop
      vertex -18.8683 8.91567 0.119864
      vertex -20.111 10.8966 0.328694
      vertex -17.641 9.62651 0.119864
    endloop
  endfacet
  facet normal -0.0485207 0.0745636 -0.996035
    outer loop
      vertex -18.8683 8.91567 0.119864
      vertex -28.2357 5.74451 0.338792
      vertex -20.111 10.8966 0.328694
    endloop
  endfacet
  facet normal -0.103577 0.0639731 -0.992562
    outer loop
      vertex -30.451 3.82985 0.338792
      vertex -32.817 3.20913 0.545684
      vertex -31.9144 4.6705 0.545684
    endloop
  endfacet
  facet normal -0.0609168 0.0578254 -0.996466
    outer loop
      vertex -28.7303 2.84134 0.176237
      vertex -30.451 3.82985 0.338792
      vertex -29.4529 4.88131 0.338792
    endloop
  endfacet
  facet normal -0.22967 0.317321 -0.920087
    outer loop
      vertex -22.928 15.3869 1.47147
      vertex -32.3504 7.37201 1.05928
      vertex -26.4241 12.8565 1.47147
    endloop
  endfacet
  facet normal -0.205122 0.28923 -0.935025
    outer loop
      vertex -30.5144 8.6741 1.05928
      vertex -32.3504 7.37201 1.05928
      vertex -22.928 15.3869 1.47147
    endloop
  endfacet
  facet normal -0.043169 0.0266669 -0.998712
    outer loop
      vertex -27.1574 1.1942 0.0642681
      vertex -28.7303 2.84134 0.176237
      vertex -26.8184 1.74298 0.0642681
    endloop
  endfacet
  facet normal -0.0609144 0.0578263 -0.996467
    outer loop
      vertex -28.7303 2.84134 0.176237
      vertex -29.4529 4.88131 0.338792
      vertex -27.9886 3.62265 0.176237
    endloop
  endfacet
  facet normal -0.0784092 0.00879061 -0.996882
    outer loop
      vertex -29.7316 -0.0218534 0.176237
      vertex -31.6468 1.32946 0.338792
      vertex -29.6189 0.983392 0.176237
    endloop
  endfacet
  facet normal -0.0784081 0.00879229 -0.996883
    outer loop
      vertex -29.7316 -0.0218534 0.176237
      vertex -31.7985 -0.0233727 0.338792
      vertex -31.6468 1.32946 0.338792
    endloop
  endfacet
  facet normal -0.0486916 -0.00567299 -0.998798
    outer loop
      vertex -29.6145 -1.02693 0.176237
      vertex -29.7316 -0.0218534 0.176237
      vertex -27.3629 -0.639089 0.0642681
    endloop
  endfacet
  facet normal 0.000222718 -0.000352643 -1
    outer loop
      vertex 19.275 -7.51783 0.0168581
      vertex -13.4586 -10.2749 0.01054
      vertex 3.03773 6.80716 0.00819016
    endloop
  endfacet
  facet normal 0.000225593 -0.000386776 -1
    outer loop
      vertex 18.8872 -7.74402 0.0168581
      vertex -13.4586 -10.2749 0.01054
      vertex 19.275 -7.51783 0.0168581
    endloop
  endfacet
  facet normal -0.0906413 -0.0865589 -0.992115
    outer loop
      vertex -29.4317 -4.92459 0.338792
      vertex -30.6723 -5.99682 0.545684
      vertex -30.4344 -3.8746 0.338792
    endloop
  endfacet
  facet normal -0.0475018 -0.0725628 -0.996232
    outer loop
      vertex -16.0038 -9.27043 0.01054
      vertex -28.2108 -5.78601 0.338792
      vertex -27.0657 -4.30387 0.176237
    endloop
  endfacet
  facet normal -0.0181673 -0.0173482 -0.999684
    outer loop
      vertex -26.352 -2.26286 0.0642681
      vertex -26.8108 -1.7824 0.0642681
      vertex -24.7861 -0.613409 0.00718689
    endloop
  endfacet
  facet normal -0.0207326 -0.0129059 -0.999702
    outer loop
      vertex -26.8108 -1.7824 0.0642681
      vertex -27.1521 -1.23412 0.0642681
      vertex -24.7861 -0.613409 0.00718689
    endloop
  endfacet
  facet normal -0.166677 -0.0590354 -0.984243
    outer loop
      vertex -34.078 -3.71384 0.788963
      vertex -34.7183 -1.90605 0.788963
      vertex -32.8031 -3.25736 0.545684
    endloop
  endfacet
  facet normal -0.0753623 -0.0266932 -0.996799
    outer loop
      vertex -31.1804 -2.67638 0.338792
      vertex -31.641 -1.37598 0.338792
      vertex -29.2723 -1.99322 0.176237
    endloop
  endfacet
  facet normal -0.116878 -0.0136084 -0.993053
    outer loop
      vertex -33.3643 -1.67282 0.545684
      vertex -33.5562 -0.0246649 0.545684
      vertex -31.641 -1.37598 0.338792
    endloop
  endfacet
  facet normal -0.223443 -0.139103 -0.96474
    outer loop
      vertex -33.041 -5.37958 0.788963
      vertex -36.9679 -7.3018 1.97563
      vertex -34.078 -3.71384 0.788963
    endloop
  endfacet
  facet normal -0.134352 -0.128307 -0.982592
    outer loop
      vertex -31.647 -6.83926 0.788963
      vertex -33.041 -5.37958 0.788963
      vertex -30.6723 -5.99682 0.545684
    endloop
  endfacet
  facet normal -0.11011 -0.156065 -0.98159
    outer loop
      vertex -29.1846 -7.04645 0.545684
      vertex -31.647 -6.83926 0.788963
      vertex -30.6723 -5.99682 0.545684
    endloop
  endfacet
  facet normal -0.735918 0.344897 -0.582642
    outer loop
      vertex -35.4219 4.1365 1.34625
      vertex -38.0434 0.510283 2.51084
      vertex -36.4798 3.84659 2.51084
    endloop
  endfacet
  facet normal -0.90549 0.424368 0
    outer loop
      vertex -38.0434 0.510283 2.51084
      vertex -36.4798 3.84659 3.05654
      vertex -36.4798 3.84659 2.51084
    endloop
  endfacet
  facet normal -0.90549 0.424368 0
    outer loop
      vertex -36.4798 3.84659 3.05654
      vertex -38.0434 0.510283 2.51084
      vertex -38.0434 0.510283 3.05654
    endloop
  endfacet
  facet normal -0.262515 0.0917996 -0.960551
    outer loop
      vertex -34.7264 1.855 0.788963
      vertex -35.6598 2.01428 1.05928
      vertex -34.9735 3.97686 1.05928
    endloop
  endfacet
  facet normal -0.262515 0.0917996 -0.960551
    outer loop
      vertex -34.7264 1.855 0.788963
      vertex -34.9735 3.97686 1.05928
      vertex -34.0939 3.66373 0.788963
    endloop
  endfacet
  facet normal 0.427703 0.773807 0.467218
    outer loop
      vertex 36.9025 7.94965 3.8442
      vertex 19.3943 14.997 8.19982
      vertex 20.8746 14.1788 8.19982
    endloop
  endfacet
  facet normal 0.421056 0.761781 0.492344
    outer loop
      vertex 19.3943 14.997 8.19982
      vertex 18.8333 14.5632 9.35079
      vertex 20.8746 14.1788 8.19982
    endloop
  endfacet
  facet normal 0.183249 0.614492 0.767345
    outer loop
      vertex 16.6009 14.4226 10.3866
      vertex 8.65263 18.3915 9.10641
      vertex 9.73601 16.8087 10.1152
    endloop
  endfacet
  facet normal 0.180563 0.60747 0.773548
    outer loop
      vertex 16.6009 14.4226 10.3866
      vertex 9.73601 16.8087 10.1152
      vertex 15.8185 13.5333 11.2676
    endloop
  endfacet
  facet normal 0.285848 0.517108 0.806778
    outer loop
      vertex 18.0188 13.9334 10.3866
      vertex 16.9822 13.1319 11.2676
      vertex 17.9636 12.5894 11.2676
    endloop
  endfacet
  facet normal 0.204328 0.592367 0.779328
    outer loop
      vertex 18.0188 13.9334 10.3866
      vertex 15.8185 13.5333 11.2676
      vertex 16.9822 13.1319 11.2676
    endloop
  endfacet
  facet normal 0.0454972 0.154498 0.986945
    outer loop
      vertex 13.8765 11.3257 12.4364
      vertex -1.85339 11.515 13.1319
      vertex 12.7914 10.0923 12.6795
    endloop
  endfacet
  facet normal 0.051508 0.149309 0.987448
    outer loop
      vertex 13.8765 11.3257 12.4364
      vertex 12.7914 10.0923 12.6795
      vertex 14.409 11.142 12.4364
    endloop
  endfacet
  facet normal 0.172882 0.198654 0.964701
    outer loop
      vertex 17.0583 11.2939 11.9597
      vertex 14.858 10.8938 12.4364
      vertex 15.2064 10.5906 12.4364
    endloop
  endfacet
  facet normal 0.0853579 0.0980827 0.991511
    outer loop
      vertex 14.858 10.8938 12.4364
      vertex 13.2404 9.84406 12.6795
      vertex 15.2064 10.5906 12.4364
    endloop
  endfacet
  facet normal 0.212608 0.384614 0.898259
    outer loop
      vertex 16.9822 13.1319 11.2676
      vertex 15.7633 12.1893 11.9597
      vertex 17.9636 12.5894 11.2676
    endloop
  endfacet
  facet normal 0.154296 0.44732 0.880964
    outer loop
      vertex 15.8185 13.5333 11.2676
      vertex 15.7633 12.1893 11.9597
      vertex 16.9822 13.1319 11.2676
    endloop
  endfacet
  facet normal 0.0697341 0.126199 0.989551
    outer loop
      vertex 14.858 10.8938 12.4364
      vertex 12.9712 10.0302 12.6795
      vertex 13.1228 9.94643 12.6795
    endloop
  endfacet
  facet normal 0.0697464 0.126173 0.989553
    outer loop
      vertex 14.409 11.142 12.4364
      vertex 12.9712 10.0302 12.6795
      vertex 14.858 10.8938 12.4364
    endloop
  endfacet
  facet normal -0.105687 0.182474 -0.977514
    outer loop
      vertex -18.5473 14.2329 0.631868
      vertex -22.1807 14.1956 1.01774
      vertex -18.9125 16.0885 1.01774
    endloop
  endfacet
  facet normal -0.0835944 0.187085 -0.97878
    outer loop
      vertex -18.5473 14.2329 0.631868
      vertex -18.9125 16.0885 1.01774
      vertex -15.566 17.5838 1.01774
    endloop
  endfacet
  facet normal -0.129474 0.410287 -0.902719
    outer loop
      vertex -11.6209 20.4391 1.47147
      vertex -15.3814 19.2524 1.47147
      vertex -15.2542 20.4018 1.97563
    endloop
  endfacet
  facet normal -0.129474 0.410292 -0.902716
    outer loop
      vertex -11.6209 20.4391 1.47147
      vertex -15.2542 20.4018 1.97563
      vertex -11.1739 21.6894 1.97563
    endloop
  endfacet
  facet normal -8.94873e-07 0.00156276 -0.999999
    outer loop
      vertex 3.53245 11.395 0.0145388
      vertex -0.23516 7.3304 0.00819016
      vertex 3.18318 11.3948 0.0145388
    endloop
  endfacet
  facet normal -0.00163533 0.159144 -0.987254
    outer loop
      vertex -8.22008 16.7848 0.631868
      vertex -10.5362 16.761 0.631868
      vertex -9.15084 19.169 1.01774
    endloop
  endfacet
  facet normal -0.000141927 0.00169759 -0.999999
    outer loop
      vertex 3.18318 11.3948 0.0145388
      vertex -1.24727 7.2846 0.00819016
      vertex 2.85186 11.3671 0.0145388
    endloop
  endfacet
  facet normal -0.0234021 -0.00273229 -0.999722
    outer loop
      vertex -24.9725 -0.227359 0.00718689
      vertex -27.3629 -0.639089 0.0642681
      vertex -24.9969 -0.0183725 0.00718689
    endloop
  endfacet
  facet normal 0.000239992 -0.000333063 -1
    outer loop
      vertex 19.275 -7.51783 0.0168581
      vertex 3.03773 6.80716 0.00819016
      vertex 19.6417 -7.2536 0.0168581
    endloop
  endfacet
  facet normal 0.000266138 -0.000302188 -1
    outer loop
      vertex 19.6417 -7.2536 0.0168581
      vertex 3.03773 6.80716 0.00819016
      vertex 19.9734 -6.96147 0.0168581
    endloop
  endfacet
  facet normal 0.00825148 0.000397458 -0.999966
    outer loop
      vertex 20.3921 6.55339 0.0138607
      vertex 20.3855 6.69041 0.0138607
      vertex 21.7951 -6.52682 0.0202389
    endloop
  endfacet
  facet normal 0.00303962 -0.000161586 -0.999995
    outer loop
      vertex 20.7244 -5.74543 0.0168581
      vertex 20.3921 6.55339 0.0138607
      vertex 21.7951 -6.52682 0.0202389
    endloop
  endfacet
  facet normal -0.000503546 0.00159551 -0.999999
    outer loop
      vertex -16.2923 7.3742 0.0134039
      vertex -24.2317 0.971952 0.00718689
      vertex -16.7102 7.24231 0.0134039
    endloop
  endfacet
  facet normal -0.0313825 0.0434394 -0.998563
    outer loop
      vertex -26.3617 2.22411 0.0642681
      vertex -27.9886 3.62265 0.176237
      vertex -18.8683 8.91567 0.119864
    endloop
  endfacet
  facet normal -0.0285781 0.0403008 -0.998779
    outer loop
      vertex -25.8047 2.61909 0.0642681
      vertex -26.3617 2.22411 0.0642681
      vertex -18.8683 8.91567 0.119864
    endloop
  endfacet
  facet normal 4.33515e-05 -1.51604e-05 -1
    outer loop
      vertex 3.0949 6.88529 0.00819016
      vertex -22.6048 -0.426589 0.00718689
      vertex -22.5345 -0.225565 0.00718689
    endloop
  endfacet
  facet normal -0.0224996 -0.00797088 -0.999715
    outer loop
      vertex -27.1521 -1.23412 0.0642681
      vertex -27.3629 -0.639089 0.0642681
      vertex -24.9725 -0.227359 0.00718689
    endloop
  endfacet
  facet normal -0.00709631 0.0847077 -0.996381
    outer loop
      vertex 1.28553 12.7193 0.130011
      vertex -12.1652 13.9295 0.328694
      vertex 2.26674 12.8015 0.130011
    endloop
  endfacet
  facet normal 3.14858e-05 3.00632e-05 -1
    outer loop
      vertex -22.7218 0.578486 0.00718689
      vertex -22.8767 0.740716 0.00718689
      vertex 3.04444 6.96498 0.00819016
    endloop
  endfacet
  facet normal 0.000320223 -0.000234317 -1
    outer loop
      vertex 20.2572 -6.65268 0.0168581
      vertex 3.03773 6.80716 0.00819016
      vertex 3.0949 6.88529 0.00819016
    endloop
  endfacet
  facet normal 4.93536e-05 -3.61135e-05 -1
    outer loop
      vertex 3.03773 6.80716 0.00819016
      vertex -22.7192 -0.611889 0.00718689
      vertex 3.0949 6.88529 0.00819016
    endloop
  endfacet
  facet normal 0.000325128 0.00112905 -0.999999
    outer loop
      vertex 2.8883 7.04316 0.00819016
      vertex 2.63247 7.11683 0.00819016
      vertex 19.7213 7.21823 0.0138607
    endloop
  endfacet
  facet normal 0.000501095 0.00206082 -0.999998
    outer loop
      vertex 19.7213 7.21823 0.0138607
      vertex 4.23098 11.3138 0.0145388
      vertex 4.55341 11.2354 0.0145388
    endloop
  endfacet
  facet normal 0.00454041 0.018673 -0.999815
    outer loop
      vertex 4.55341 11.2354 0.0145388
      vertex 4.23098 11.3138 0.0145388
      vertex 12.7914 10.0923 0.0306005
    endloop
  endfacet
  facet normal 0.012601 0.0807427 -0.996655
    outer loop
      vertex 4.23098 11.3138 0.0145388
      vertex 3.88625 11.3676 0.0145388
      vertex 5.36988 12.5614 0.130011
    endloop
  endfacet
  facet normal 0.000223451 0.00143179 -0.999999
    outer loop
      vertex 4.23098 11.3138 0.0145388
      vertex 2.28679 7.18316 0.00819016
      vertex 3.88625 11.3676 0.0145388
    endloop
  endfacet
  facet normal -0.0764325 -0.1803 -0.980637
    outer loop
      vertex -14.2154 -10.9973 0.0942535
      vertex -28.0144 -8.92612 0.788963
      vertex -27.4883 -7.82597 0.545684
    endloop
  endfacet
  facet normal -0.0698496 -0.151999 -0.985909
    outer loop
      vertex -27.4883 -7.82597 0.545684
      vertex -29.1846 -7.04645 0.545684
      vertex -14.2154 -10.9973 0.0942535
    endloop
  endfacet
  facet normal -0.124999 -0.394541 -0.910337
    outer loop
      vertex -8.09728 -15.5113 0.800285
      vertex -28.3768 -9.68392 1.05928
      vertex -9.34626 -14.4155 0.496862
    endloop
  endfacet
  facet normal -0.0663087 -0.32664 -0.94282
    outer loop
      vertex -4.44795 -16.4396 0.800285
      vertex -7.70748 -14.9021 0.496862
      vertex -6.35134 -15.1774 0.496862
    endloop
  endfacet
  facet normal -0.0288098 -0.141964 -0.989452
    outer loop
      vertex -9.59718 -13.4886 0.258465
      vertex -11.0764 -12.0439 0.0942535
      vertex -8.58948 -13.6931 0.258465
    endloop
  endfacet
  facet normal -0.00560619 -0.107446 -0.994195
    outer loop
      vertex -8.58948 -13.6931 0.258465
      vertex -11.0764 -12.0439 0.0942535
      vertex -7.83052 -13.7327 0.258465
    endloop
  endfacet
  facet normal -0.00894347 -0.171706 -0.985108
    outer loop
      vertex -6.35134 -15.1774 0.496862
      vertex -8.58948 -13.6931 0.258465
      vertex -5.32995 -15.2306 0.496862
    endloop
  endfacet
  facet normal -0.0125291 -0.240547 -0.970557
    outer loop
      vertex 8.4417 -19.1077 1.28
      vertex -6.35134 -15.1774 0.496862
      vertex -5.32995 -15.2306 0.496862
    endloop
  endfacet
  facet normal 0.035026 -0.107109 -0.99363
    outer loop
      vertex 17.5959 -13.2401 0.413398
      vertex 16.8919 -11.0338 0.150753
      vertex 18.0313 -10.6612 0.150753
    endloop
  endfacet
  facet normal 0.0169027 -0.051688 -0.99852
    outer loop
      vertex 18.0313 -10.6612 0.150753
      vertex 16.8919 -11.0338 0.150753
      vertex 18.1087 -8.04928 0.0168581
    endloop
  endfacet
  facet normal 0.0820816 -0.251002 -0.9645
    outer loop
      vertex 17.2041 -15.561 0.7947
      vertex 13.8367 -18.527 1.28
      vertex 14.714 -16.3753 0.7947
    endloop
  endfacet
  facet normal 0.0559362 -0.171051 -0.983673
    outer loop
      vertex 17.2041 -15.561 0.7947
      vertex 14.714 -16.3753 0.7947
      vertex 17.5959 -13.2401 0.413398
    endloop
  endfacet
  facet normal 0.055841 -0.0141621 -0.998339
    outer loop
      vertex 24.4948 -7.2136 0.180986
      vertex 21.7588 -6.66995 0.0202389
      vertex 21.7951 -6.52682 0.0202389
    endloop
  endfacet
  facet normal 0.0558443 -0.0141491 -0.998339
    outer loop
      vertex 24.4948 -7.2136 0.180986
      vertex 21.7951 -6.52682 0.0202389
      vertex 24.6022 -6.78971 0.180986
    endloop
  endfacet
  facet normal 0.13806 0.108749 -0.984435
    outer loop
      vertex 26.656 8.13424 0.653398
      vertex 24.2657 8.33084 0.339893
      vertex 26.0253 8.93493 0.653398
    endloop
  endfacet
  facet normal 0.132054 0.0668637 -0.988985
    outer loop
      vertex 31.2437 1.60725 0.7947
      vertex 24.7344 7.73588 0.339893
      vertex 33.9782 3.38478 1.28
    endloop
  endfacet
  facet normal 0.177212 0.150632 -0.972577
    outer loop
      vertex 36.1267 4.78138 1.85066
      vertex 26.0253 8.93493 0.653398
      vertex 34.8342 6.30195 1.85066
    endloop
  endfacet
  facet normal 0.208126 0.394249 -0.895126
    outer loop
      vertex 26.4325 10.3142 1.05241
      vertex 25.8941 11.6637 1.5216
      vertex 27.4548 10.8398 1.5216
    endloop
  endfacet
  facet normal 0.311613 0.579668 -0.752916
    outer loop
      vertex 36.9025 7.94965 3.15788
      vertex 28.1589 11.2018 2.04294
      vertex 34.7456 9.10914 3.15788
    endloop
  endfacet
  facet normal 0.219811 0.276612 -0.935505
    outer loop
      vertex 27.5217 9.44866 1.05241
      vertex 26.4325 10.3142 1.05241
      vertex 36.2041 7.39329 2.48474
    endloop
  endfacet
  facet normal 0.0637532 0.12076 -0.990632
    outer loop
      vertex 23.6015 8.85866 0.339893
      vertex 21.3879 8.25583 0.123948
      vertex 22.7673 9.29906 0.339893
    endloop
  endfacet
  facet normal 0.036973 0.0465237 -0.998233
    outer loop
      vertex 20.235 6.94703 0.0138607
      vertex 20.0969 7.05678 0.0138607
      vertex 21.9016 7.98464 0.123948
    endloop
  endfacet
  facet normal -0.0030937 0.00480125 0.999984
    outer loop
      vertex -7.29737 7.02353 13.4071
      vertex -9.6039 9.41124 13.3885
      vertex -7.34103 6.97457 13.4072
    endloop
  endfacet
  facet normal -0.00291751 0.00496816 0.999983
    outer loop
      vertex 2.68032 -3.30534 13.4874
      vertex 3.873 -5.1008 13.4998
      vertex 4.21865 -4.89782 13.4998
    endloop
  endfacet
  facet normal -0.00242581 0.00529479 0.999983
    outer loop
      vertex 2.57204 -3.29829 13.4871
      vertex 3.873 -5.1008 13.4998
      vertex 2.68032 -3.30534 13.4874
    endloop
  endfacet
  facet normal -0.00299877 0.00488126 0.999984
    outer loop
      vertex 2.28285 -3.27109 13.4861
      vertex 3.873 -5.1008 13.4998
      vertex 2.57204 -3.29829 13.4871
    endloop
  endfacet
  facet normal -0.00258696 0.00523914 0.999983
    outer loop
      vertex 3.873 -5.1008 13.4998
      vertex 2.28285 -3.27109 13.4861
      vertex 2.15948 -3.25566 13.4857
    endloop
  endfacet
  facet normal 0.00134337 0.00426355 0.99999
    outer loop
      vertex -3.2726 2.85709 13.4395
      vertex -3.31054 2.6345 13.4405
      vertex -3.28941 2.72166 13.4401
    endloop
  endfacet
  facet normal -0.00283573 0.00503641 0.999983
    outer loop
      vertex -5.90325 5.42635 13.4191
      vertex -3.2726 2.85709 13.4395
      vertex -5.84417 5.51918 13.4188
    endloop
  endfacet
  facet normal -0.00288645 0.00498448 0.999983
    outer loop
      vertex -3.2726 2.85709 13.4395
      vertex -5.90325 5.42635 13.4191
      vertex -3.31054 2.6345 13.4405
    endloop
  endfacet
  facet normal -0.000899067 0.00689981 0.999976
    outer loop
      vertex -1.29779 0.81278 13.4554
      vertex 0.662827 -1.2361 13.4713
      vertex 0.691781 -1.24682 13.4714
    endloop
  endfacet
  facet normal -0.00296959 0.00491854 0.999983
    outer loop
      vertex -1.29779 0.467155 13.4571
      vertex 0.662827 -1.2361 13.4713
      vertex -1.29779 0.81278 13.4554
    endloop
  endfacet
  facet normal -0.00298355 0.00490248 0.999984
    outer loop
      vertex 0.662827 -1.2361 13.4713
      vertex -1.29779 0.467155 13.4571
      vertex 0.662827 -1.64405 13.4733
    endloop
  endfacet
  facet normal -0.00250945 0.00536563 0.999982
    outer loop
      vertex -7.26884 7.05551 13.407
      vertex -9.6039 9.41124 13.3885
      vertex -7.29737 7.02353 13.4071
    endloop
  endfacet
  facet normal -0.003418 0.00446506 0.999984
    outer loop
      vertex -9.6039 9.41124 13.3885
      vertex -7.26884 7.05551 13.407
      vertex -7.24368 7.07477 13.407
    endloop
  endfacet
  facet normal -0.00273424 0.00510344 0.999983
    outer loop
      vertex 3.26736 -3.33049 13.4892
      vertex 4.21865 -4.89782 13.4998
      vertex 4.6287 -4.67813 13.4998
    endloop
  endfacet
  facet normal -0.00332624 0.00474412 0.999983
    outer loop
      vertex 3.17871 -3.32941 13.4889
      vertex 4.21865 -4.89782 13.4998
      vertex 3.26736 -3.33049 13.4892
    endloop
  endfacet
  facet normal -0.00272651 0.00514177 0.999983
    outer loop
      vertex 2.87065 -3.31773 13.488
      vertex 4.21865 -4.89782 13.4998
      vertex 3.17871 -3.32941 13.4889
    endloop
  endfacet
  facet normal -0.00282301 0.00505945 0.999983
    outer loop
      vertex 4.21865 -4.89782 13.4998
      vertex 2.87065 -3.31773 13.488
      vertex 2.68032 -3.30534 13.4874
    endloop
  endfacet
  facet normal 0.00459891 0.00413484 0.999981
    outer loop
      vertex -3.24274 3.11409 13.4383
      vertex -3.2726 2.85709 13.4395
      vertex -3.24358 3.09084 13.4384
    endloop
  endfacet
  facet normal -0.00304677 0.00481218 0.999984
    outer loop
      vertex -5.84417 5.51918 13.4188
      vertex -3.24274 3.11409 13.4383
      vertex -5.77774 5.62358 13.4185
    endloop
  endfacet
  facet normal -0.00287062 0.00500271 0.999983
    outer loop
      vertex -3.24274 3.11409 13.4383
      vertex -5.84417 5.51918 13.4188
      vertex -3.2726 2.85709 13.4395
    endloop
  endfacet
  facet normal -0.00287443 0.00498463 0.999983
    outer loop
      vertex -1.29779 1.18872 13.4535
      vertex 1.23007 -1.44608 13.4739
      vertex 1.41701 -1.49877 13.4747
    endloop
  endfacet
  facet normal -0.0027576 0.00509672 0.999983
    outer loop
      vertex 1.23007 -1.44608 13.4739
      vertex -1.29779 1.18872 13.4535
      vertex 0.691781 -1.24682 13.4714
    endloop
  endfacet
  facet normal -0.00281 0.00505391 0.999983
    outer loop
      vertex 0.691781 -1.24682 13.4714
      vertex -1.29779 1.18872 13.4535
      vertex -1.29779 0.81278 13.4554
    endloop
  endfacet
  facet normal -0.13511 0.446633 0.884457
    outer loop
      vertex -8.21669 9.92476 13.3885
      vertex -10.3994 9.77261 13.1319
      vertex -8.58901 9.81213 13.3885
    endloop
  endfacet
  facet normal -0.136693 0.411717 0.901001
    outer loop
      vertex -8.58901 9.81213 13.3885
      vertex -10.3994 9.77261 13.1319
      vertex -8.92587 9.70029 13.3885
    endloop
  endfacet
  facet normal -0.00189165 0.00611594 0.99998
    outer loop
      vertex -7.8232 10.0338 13.3885
      vertex -5.4644 7.7222 13.4071
      vertex -5.08912 7.69112 13.408
    endloop
  endfacet
  facet normal -0.0016558 0.00635659 0.999978
    outer loop
      vertex -7.8232 10.0338 13.3885
      vertex -5.55155 7.71523 13.407
      vertex -5.4644 7.7222 13.4071
    endloop
  endfacet
  facet normal -0.00173891 0.00627517 0.999979
    outer loop
      vertex -5.55155 7.71523 13.407
      vertex -7.8232 10.0338 13.3885
      vertex -8.21669 9.92476 13.3885
    endloop
  endfacet
  facet normal -0.0016003 0.00640332 0.999978
    outer loop
      vertex 6.53328 -2.26758 13.4906
      vertex 6.5143 -2.28794 13.4907
      vertex 7.8314 -3.37988 13.4998
    endloop
  endfacet
  facet normal -0.00172316 0.00630305 0.999979
    outer loop
      vertex -1.29779 4.18866 13.4365
      vertex 0.232227 3.1315 13.4458
      vertex -1.29779 4.4425 13.4349
    endloop
  endfacet
  facet normal -0.00152404 0.00659122 0.999977
    outer loop
      vertex 0.232227 3.1315 13.4458
      vertex -1.29779 4.18866 13.4365
      vertex 0.234802 3.07141 13.4462
    endloop
  endfacet
  facet normal -0.00191122 0.00606013 0.99998
    outer loop
      vertex 0.234802 3.07141 13.4462
      vertex -1.29779 4.18866 13.4365
      vertex 0.259409 2.89766 13.4473
    endloop
  endfacet
  facet normal -0.000867848 0.00720873 0.999974
    outer loop
      vertex 3.90955 -0.0194296 13.472
      vertex 5.02197 -1.05073 13.4804
      vertex 5.04513 -0.992455 13.48
    endloop
  endfacet
  facet normal -0.00192226 0.00607143 0.99998
    outer loop
      vertex 3.83231 -0.0438843 13.472
      vertex 5.02197 -1.05073 13.4804
      vertex 3.90955 -0.0194296 13.472
    endloop
  endfacet
  facet normal -0.00143477 0.00664741 0.999977
    outer loop
      vertex 5.02197 -1.05073 13.4804
      vertex 3.83231 -0.0438843 13.472
      vertex 3.81263 -0.048132 13.472
    endloop
  endfacet
  facet normal -0.139009 0.0237334 0.990007
    outer loop
      vertex -17.1696 7.53372 12.6595
      vertex -17.1696 7.32098 12.6646
      vertex -13.6603 8.38249 13.1319
    endloop
  endfacet
  facet normal -0.138944 0.023513 0.990021
    outer loop
      vertex -17.1696 7.32098 12.6646
      vertex -13.6852 8.23535 13.1319
      vertex -13.6603 8.38249 13.1319
    endloop
  endfacet
  facet normal -0.137964 0.0196672 0.990242
    outer loop
      vertex -13.6852 8.23535 13.1319
      vertex -17.1696 7.32098 12.6646
      vertex -17.1696 7.31091 12.6648
    endloop
  endfacet
  facet normal -0.153982 0.265859 -0.951634
    outer loop
      vertex -18.9125 16.0885 1.01774
      vertex -22.1807 14.1956 1.01774
      vertex -19.1993 17.5465 1.47147
    endloop
  endfacet
  facet normal -0.15398 0.265858 -0.951635
    outer loop
      vertex -22.1807 14.1956 1.01774
      vertex -22.928 15.3869 1.47147
      vertex -19.1993 17.5465 1.47147
    endloop
  endfacet
  facet normal -0.00601628 0.0261718 -0.999639
    outer loop
      vertex -7.03347 10.2248 0.0323124
      vertex -16.2923 7.3742 0.0134039
      vertex -7.42368 10.1351 0.0323124
    endloop
  endfacet
  facet normal -0.0118082 0.0374198 -0.99923
    outer loop
      vertex -16.2923 7.3742 0.0134039
      vertex -16.3843 10.188 0.119864
      vertex -15.1465 10.5786 0.119864
    endloop
  endfacet
  facet normal -0.00867763 0.0496537 -0.998729
    outer loop
      vertex -6.66757 10.2994 0.0323124
      vertex -15.1465 10.5786 0.119864
      vertex -13.9752 10.7833 0.119864
    endloop
  endfacet
  facet normal -0.0082386 0.0573538 -0.99832
    outer loop
      vertex -6.34005 10.3561 0.0323124
      vertex -13.9752 10.7833 0.119864
      vertex 2.85186 11.3671 0.0145388
    endloop
  endfacet
  facet normal -0.0049238 0.0272596 -0.999616
    outer loop
      vertex 2.55124 11.3128 0.0145388
      vertex -6.66757 10.2994 0.0323124
      vertex 2.85186 11.3671 0.0145388
    endloop
  endfacet
  facet normal -0.00418282 0.020516 -0.999781
    outer loop
      vertex 2.55124 11.3128 0.0145388
      vertex -7.03347 10.2248 0.0323124
      vertex -6.66757 10.2994 0.0323124
    endloop
  endfacet
  facet normal -0.173023 0.243975 -0.954222
    outer loop
      vertex -29.9844 7.99272 0.788963
      vertex -31.6765 6.79271 0.788963
      vertex -30.5144 8.6741 1.05928
    endloop
  endfacet
  facet normal -0.0907696 0.0861632 -0.992137
    outer loop
      vertex -30.451 3.82985 0.338792
      vertex -31.9144 4.6705 0.545684
      vertex -29.4529 4.88131 0.338792
    endloop
  endfacet
  facet normal -0.0205496 0.0283889 -0.999386
    outer loop
      vertex -17.9375 6.53147 0.0134039
      vertex -26.3617 2.22411 0.0642681
      vertex -17.549 6.81269 0.0134039
    endloop
  endfacet
  facet normal -0.021704 0.0306069 -0.999296
    outer loop
      vertex -17.549 6.81269 0.0134039
      vertex -26.3617 2.22411 0.0642681
      vertex -25.8047 2.61909 0.0642681
    endloop
  endfacet
  facet normal -0.0565134 0.126483 -0.990358
    outer loop
      vertex -16.0773 12.9628 0.328694
      vertex -18.118 12.051 0.328694
      vertex -15.801 15.4601 0.631868
    endloop
  endfacet
  facet normal -0.035243 0.0788773 -0.996261
    outer loop
      vertex -16.3843 10.188 0.119864
      vertex -18.118 12.051 0.328694
      vertex -16.0773 12.9628 0.328694
    endloop
  endfacet
  facet normal -0.0378463 0.0359246 -0.998638
    outer loop
      vertex -26.8184 1.74298 0.0642681
      vertex -28.7303 2.84134 0.176237
      vertex -26.3617 2.22411 0.0642681
    endloop
  endfacet
  facet normal -0.043169 0.0266669 -0.998712
    outer loop
      vertex -27.1574 1.1942 0.0642681
      vertex -29.2808 1.95018 0.176237
      vertex -28.7303 2.84134 0.176237
    endloop
  endfacet
  facet normal -0.112402 0.0393084 -0.992885
    outer loop
      vertex -31.6468 1.32946 0.338792
      vertex -32.817 3.20913 0.545684
      vertex -31.1918 2.63053 0.338792
    endloop
  endfacet
  facet normal -0.075403 0.0263693 -0.996804
    outer loop
      vertex -29.2808 1.95018 0.176237
      vertex -31.6468 1.32946 0.338792
      vertex -31.1918 2.63053 0.338792
    endloop
  endfacet
  facet normal 2.12334e-05 7.37362e-05 -1
    outer loop
      vertex 2.8883 7.04316 0.00819016
      vertex -23.2805 0.972651 0.00718689
      vertex 2.63247 7.11683 0.00819016
    endloop
  endfacet
  facet normal 0.000273074 -0.00103437 -0.999999
    outer loop
      vertex 18.1087 -8.04928 0.0168581
      vertex -13.5586 -10.3013 0.01054
      vertex -13.4586 -10.2749 0.01054
    endloop
  endfacet
  facet normal 2.84738e-05 -0.000332469 -1
    outer loop
      vertex -13.5586 -10.3013 0.01054
      vertex -23.7516 -1.08877 0.00718689
      vertex -23.5092 -1.06801 0.00718689
    endloop
  endfacet
  facet normal -0.00269226 -0.0518097 -0.998653
    outer loop
      vertex -11.0764 -12.0439 0.0942535
      vertex -13.7164 -10.2931 0.01054
      vertex -13.5586 -10.3013 0.01054
    endloop
  endfacet
  facet normal -0.0225121 0.00787285 -0.999716
    outer loop
      vertex -24.9032 0.391668 0.00718689
      vertex -27.3656 0.598861 0.0642681
      vertex -27.1574 1.1942 0.0642681
    endloop
  endfacet
  facet normal 2.62121e-05 5.23505e-05 -1
    outer loop
      vertex 3.04444 6.96498 0.00819016
      vertex -23.0654 0.87381 0.00718689
      vertex 2.8883 7.04316 0.00819016
    endloop
  endfacet
  facet normal -0.043129 -0.0268506 -0.998709
    outer loop
      vertex -28.718 -2.88357 0.176237
      vertex -29.2723 -1.99322 0.176237
      vertex -27.1521 -1.23412 0.0642681
    endloop
  endfacet
  facet normal -0.0175764 -0.018032 -0.999683
    outer loop
      vertex -16.4472 -8.93876 0.01054
      vertex -26.352 -2.26286 0.0642681
      vertex -24.6312 -0.775637 0.00718689
    endloop
  endfacet
  facet normal -0.0498944 -0.0707159 -0.996248
    outer loop
      vertex -28.2108 -5.78601 0.338792
      vertex -29.4317 -4.92459 0.338792
      vertex -27.0657 -4.30387 0.176237
    endloop
  endfacet
  facet normal -0.0377914 -0.0360903 -0.998634
    outer loop
      vertex -27.9729 -3.66379 0.176237
      vertex -28.718 -2.88357 0.176237
      vertex -26.352 -2.26286 0.0642681
    endloop
  endfacet
  facet normal -0.103481 -0.0644263 -0.992543
    outer loop
      vertex -30.4344 -3.8746 0.338792
      vertex -32.8031 -3.25736 0.545684
      vertex -31.1804 -2.67638 0.338792
    endloop
  endfacet
  facet normal -0.103481 -0.0644257 -0.992543
    outer loop
      vertex -31.8941 -4.7174 0.545684
      vertex -32.8031 -3.25736 0.545684
      vertex -30.4344 -3.8746 0.338792
    endloop
  endfacet
  facet normal -0.0816939 -0.177784 -0.980673
    outer loop
      vertex -28.0144 -8.92612 0.788963
      vertex -29.9498 -8.03678 0.788963
      vertex -29.1846 -7.04645 0.545684
    endloop
  endfacet
  facet normal -0.161547 -0.253175 -0.953837
    outer loop
      vertex -30.4768 -8.71893 1.05928
      vertex -35.3008 -9.09316 1.97563
      vertex -29.9498 -8.03678 0.788963
    endloop
  endfacet
  facet normal -0.173459 0.0194517 -0.984649
    outer loop
      vertex -33.5562 -0.0246649 0.545684
      vertex -34.9373 -0.0256796 0.788963
      vertex -34.7264 1.855 0.788963
    endloop
  endfacet
  facet normal -0.273254 0.0306427 -0.961454
    outer loop
      vertex -34.9373 -0.0256796 0.788963
      vertex -35.8885 -0.0263796 1.05928
      vertex -34.7264 1.855 0.788963
    endloop
  endfacet
  facet normal 0.140375 0.254033 0.956955
    outer loop
      vertex 15.7633 12.1893 11.9597
      vertex 14.858 10.8938 12.4364
      vertex 16.4926 11.7863 11.9597
    endloop
  endfacet
  facet normal 0.172888 0.198625 0.964706
    outer loop
      vertex 16.4926 11.7863 11.9597
      vertex 14.858 10.8938 12.4364
      vertex 17.0583 11.2939 11.9597
    endloop
  endfacet
  facet normal -0.0852639 0.270203 -0.959021
    outer loop
      vertex -12.2699 18.6239 1.01774
      vertex -15.566 17.5838 1.01774
      vertex -11.6209 20.4391 1.47147
    endloop
  endfacet
  facet normal -0.0582849 0.184706 -0.981064
    outer loop
      vertex -13.0959 16.3137 0.631868
      vertex -15.566 17.5838 1.01774
      vertex -12.2699 18.6239 1.01774
    endloop
  endfacet
  facet normal -0.00372663 0.362666 -0.931912
    outer loop
      vertex -3.81893 22.4 1.97563
      vertex -8.06238 21.0609 1.47147
      vertex -7.31263 22.3641 1.97563
    endloop
  endfacet
  facet normal -0.0037283 0.362671 -0.93191
    outer loop
      vertex -4.84257 21.094 1.47147
      vertex -8.06238 21.0609 1.47147
      vertex -3.81893 22.4 1.97563
    endloop
  endfacet
  facet normal -4.74379e-05 0.0817813 -0.99665
    outer loop
      vertex 3.53245 11.395 0.0145388
      vertex 2.26674 12.8015 0.130011
      vertex 3.30112 12.8021 0.130011
    endloop
  endfacet
  facet normal -0.0206515 0.11818 -0.992777
    outer loop
      vertex -12.1652 13.9295 0.328694
      vertex -13.0959 16.3137 0.631868
      vertex -10.5362 16.761 0.631868
    endloop
  endfacet
  facet normal 0.00911215 0.15092 -0.988504
    outer loop
      vertex 3.30112 12.8021 0.130011
      vertex -8.22008 16.7848 0.631868
      vertex -6.32865 19.198 1.01774
    endloop
  endfacet
  facet normal 0.0120117 0.15519 -0.987812
    outer loop
      vertex 3.30112 12.8021 0.130011
      vertex -6.32865 19.198 1.01774
      vertex 4.34892 12.721 0.130011
    endloop
  endfacet
  facet normal -0.00170968 -0.00212481 -0.999996
    outer loop
      vertex -16.4472 -8.93876 0.01054
      vertex -24.6312 -0.775637 0.00718689
      vertex -16.2483 -9.0988 0.01054
    endloop
  endfacet
  facet normal -0.000982916 -0.00139283 -0.999999
    outer loop
      vertex -16.2483 -9.0988 0.01054
      vertex -24.6312 -0.775637 0.00718689
      vertex -24.4426 -0.908731 0.00718689
    endloop
  endfacet
  facet normal 0.000756264 -0.000223249 -1
    outer loop
      vertex 20.6401 -6.03275 0.0168581
      vertex 20.352 6.41755 0.0138607
      vertex 20.3921 6.55339 0.0138607
    endloop
  endfacet
  facet normal 0.000447278 -0.000230399 -1
    outer loop
      vertex 20.4823 -6.33909 0.0168581
      vertex 20.352 6.41755 0.0138607
      vertex 20.6401 -6.03275 0.0168581
    endloop
  endfacet
  facet normal -0.0207499 0.0128218 -0.999702
    outer loop
      vertex -24.9032 0.391668 0.00718689
      vertex -27.1574 1.1942 0.0642681
      vertex -24.7887 0.576967 0.00718689
    endloop
  endfacet
  facet normal -1.30094e-05 0.000208017 -1
    outer loop
      vertex -0.761503 7.31498 0.00819016
      vertex -23.7563 1.05385 0.00718689
      vertex -1.24727 7.2846 0.00819016
    endloop
  endfacet
  facet normal -0.0234086 0.00262059 -0.999723
    outer loop
      vertex -24.9969 -0.0183725 0.00718689
      vertex -27.4349 -0.0201654 0.0642681
      vertex -27.3656 0.598861 0.0642681
    endloop
  endfacet
  facet normal -5.2604e-06 0.000179557 -1
    outer loop
      vertex -0.23516 7.3304 0.00819016
      vertex -23.7563 1.05385 0.00718689
      vertex -0.761503 7.31498 0.00819016
    endloop
  endfacet
  facet normal -0.000377706 0.00143946 -0.999999
    outer loop
      vertex -23.9987 1.03309 0.00718689
      vertex -24.2317 0.971952 0.00718689
      vertex -16.2923 7.3742 0.0134039
    endloop
  endfacet
  facet normal -0.0181932 0.0172695 -0.999685
    outer loop
      vertex -24.7887 0.576967 0.00718689
      vertex -26.8184 1.74298 0.0642681
      vertex -26.3617 2.22411 0.0642681
    endloop
  endfacet
  facet normal -0.0207507 0.0128184 -0.999703
    outer loop
      vertex -24.7887 0.576967 0.00718689
      vertex -27.1574 1.1942 0.0642681
      vertex -26.8184 1.74298 0.0642681
    endloop
  endfacet
  facet normal -0.0181937 0.017269 -0.999685
    outer loop
      vertex -24.7887 0.576967 0.00718689
      vertex -26.3617 2.22411 0.0642681
      vertex -24.6345 0.739424 0.00718689
    endloop
  endfacet
  facet normal -1.99683e-05 0.000233156 -1
    outer loop
      vertex -23.7563 1.05385 0.00718689
      vertex -23.9987 1.03309 0.00718689
      vertex -1.24727 7.2846 0.00819016
    endloop
  endfacet
  facet normal 8.74736e-05 0.00149854 -0.999999
    outer loop
      vertex 1.38195 7.28398 0.00819016
      vertex 0.85756 7.31459 0.00819016
      vertex 3.53245 11.395 0.0145388
    endloop
  endfacet
  facet normal -0.000103583 0.00165626 -0.999999
    outer loop
      vertex -0.761503 7.31498 0.00819016
      vertex -1.24727 7.2846 0.00819016
      vertex 3.18318 11.3948 0.0145388
    endloop
  endfacet
  facet normal -4.69174e-05 0.00160147 -0.999999
    outer loop
      vertex -0.23516 7.3304 0.00819016
      vertex -0.761503 7.31498 0.00819016
      vertex 3.18318 11.3948 0.0145388
    endloop
  endfacet
  facet normal -0.00102438 0.00221801 -0.999997
    outer loop
      vertex -24.2317 0.971952 0.00718689
      vertex -24.4464 0.872794 0.00718689
      vertex -17.1345 7.05271 0.0134039
    endloop
  endfacet
  facet normal 1.73426e-05 9.03815e-05 -1
    outer loop
      vertex 2.63247 7.11683 0.00819016
      vertex -23.5137 1.03344 0.00718689
      vertex 2.28679 7.18316 0.00819016
    endloop
  endfacet
  facet normal -0.0795589 -0.200347 -0.976489
    outer loop
      vertex -12.1959 -12.6221 0.258465
      vertex -28.0144 -8.92612 0.788963
      vertex -13.2972 -11.3844 0.0942535
    endloop
  endfacet
  facet normal -0.0676003 -0.14331 -0.987366
    outer loop
      vertex -14.2154 -10.9973 0.0942535
      vertex -29.1846 -7.04645 0.545684
      vertex -15.1662 -10.5488 0.0942535
    endloop
  endfacet
  facet normal -0.000285741 -0.000677745 -1
    outer loop
      vertex -14.7764 -9.93966 0.01054
      vertex -24.2275 -1.00757 0.00718689
      vertex -14.4663 -10.0704 0.01054
    endloop
  endfacet
  facet normal -0.070369 -0.192473 -0.978776
    outer loop
      vertex -12.1959 -12.6221 0.258465
      vertex -13.2972 -11.3844 0.0942535
      vertex -10.8149 -13.127 0.258465
    endloop
  endfacet
  facet normal -0.0506645 -0.170603 -0.984036
    outer loop
      vertex -10.8149 -13.127 0.258465
      vertex -12.4468 -11.6952 0.0942535
      vertex -11.6969 -11.9179 0.0942535
    endloop
  endfacet
  facet normal -0.0766422 -0.181795 -0.980345
    outer loop
      vertex -13.2972 -11.3844 0.0942535
      vertex -28.0144 -8.92612 0.788963
      vertex -14.2154 -10.9973 0.0942535
    endloop
  endfacet
  facet normal -0.139727 -0.470515 -0.871259
    outer loop
      vertex -6.10042 -16.1043 0.800285
      vertex -32.9257 -10.3145 1.97563
      vertex -8.09728 -15.5113 0.800285
    endloop
  endfacet
  facet normal -0.127011 -0.401694 -0.906923
    outer loop
      vertex -8.09728 -15.5113 0.800285
      vertex -32.9257 -10.3145 1.97563
      vertex -28.3768 -9.68392 1.05928
    endloop
  endfacet
  facet normal -0.113896 -0.383581 -0.916457
    outer loop
      vertex -8.09728 -15.5113 0.800285
      vertex -9.34626 -14.4155 0.496862
      vertex -7.70748 -14.9021 0.496862
    endloop
  endfacet
  facet normal -0.079719 -0.268479 -0.959981
    outer loop
      vertex -9.34626 -14.4155 0.496862
      vertex -10.8149 -13.127 0.258465
      vertex -7.70748 -14.9021 0.496862
    endloop
  endfacet
  facet normal 0.093969 -0.112742 -0.989171
    outer loop
      vertex 26.6397 -8.36287 0.496305
      vertex 23.8138 -7.95169 0.180986
      vertex 24.2286 -7.60596 0.180986
    endloop
  endfacet
  facet normal 0.0455035 -0.0545942 -0.997471
    outer loop
      vertex 23.8138 -7.95169 0.180986
      vertex 21.5289 -6.91917 0.0202389
      vertex 24.2286 -7.60596 0.180986
    endloop
  endfacet
  facet normal 0.092942 0.0370756 -0.994981
    outer loop
      vertex 24.9894 7.09664 0.339893
      vertex 22.5992 7.29323 0.123948
      vertex 24.7344 7.73588 0.339893
    endloop
  endfacet
  facet normal 0.111094 0.0443165 -0.992821
    outer loop
      vertex 24.9894 7.09664 0.339893
      vertex 24.7344 7.73588 0.339893
      vertex 31.2437 1.60725 0.7947
    endloop
  endfacet
  facet normal 0.170791 0.134531 -0.97608
    outer loop
      vertex 26.656 8.13424 0.653398
      vertex 26.0253 8.93493 0.653398
      vertex 33.9782 3.38478 1.28
    endloop
  endfacet
  facet normal 0.0864098 0.0680723 -0.993931
    outer loop
      vertex 24.7344 7.73588 0.339893
      vertex 22.5992 7.29323 0.123948
      vertex 24.2657 8.33084 0.339893
    endloop
  endfacet
  facet normal 0.142308 0.0893391 -0.985782
    outer loop
      vertex 33.9782 3.38478 1.28
      vertex 24.7344 7.73588 0.339893
      vertex 26.656 8.13424 0.653398
    endloop
  endfacet
  facet normal 0.138061 0.108762 -0.984434
    outer loop
      vertex 24.7344 7.73588 0.339893
      vertex 24.2657 8.33084 0.339893
      vertex 26.656 8.13424 0.653398
    endloop
  endfacet
  facet normal 0.218664 0.27029 -0.937619
    outer loop
      vertex 34.8342 6.30195 1.85066
      vertex 27.5217 9.44866 1.05241
      vertex 36.2041 7.39329 2.48474
    endloop
  endfacet
  facet normal 0.0629295 0.238906 -0.969001
    outer loop
      vertex 7.99335 13.36 0.356519
      vertex -2.08521 20.537 1.47147
      vertex 22.7004 10.6902 0.653398
    endloop
  endfacet
  facet normal 0.292422 0.5539 -0.779541
    outer loop
      vertex 27.4548 10.8398 1.5216
      vertex 26.4655 12.0958 2.04294
      vertex 28.1589 11.2018 2.04294
    endloop
  endfacet
  facet normal 0.314318 0.595377 -0.739412
    outer loop
      vertex 28.1589 11.2018 2.04294
      vertex 26.4655 12.0958 2.04294
      vertex 34.7456 9.10914 3.15788
    endloop
  endfacet
  facet normal 0.0858977 0.295269 -0.951545
    outer loop
      vertex 22.7004 10.6902 0.653398
      vertex -2.08521 20.537 1.47147
      vertex -0.827025 21.7957 1.97563
    endloop
  endfacet
  facet normal 0.0769885 0.22271 -0.97184
    outer loop
      vertex 24.0088 10.2379 0.653398
      vertex 21.7951 9.63511 0.339893
      vertex 22.7004 10.6902 0.653398
    endloop
  endfacet
  facet normal 0.024998 0.0661005 -0.9975
    outer loop
      vertex 19.9235 7.14835 0.0138607
      vertex 12.9712 10.0302 0.0306005
      vertex 21.3879 8.25583 0.123948
    endloop
  endfacet
  facet normal 0.0485596 0.140488 -0.988891
    outer loop
      vertex 21.3879 8.25583 0.123948
      vertex 20.7892 8.46277 0.123948
      vertex 21.7951 9.63511 0.339893
    endloop
  endfacet
  facet normal -0.00247157 0.00532185 0.999983
    outer loop
      vertex 4.51334 -3.25115 13.492
      vertex 5.08739 -4.45018 13.4998
      vertex 5.57712 -4.22274 13.4998
    endloop
  endfacet
  facet normal -0.00248996 0.00531305 0.999983
    outer loop
      vertex 4.20956 -3.29941 13.4915
      vertex 5.08739 -4.45018 13.4998
      vertex 4.51334 -3.25115 13.492
    endloop
  endfacet
  facet normal -0.00253801 0.0052764 0.999983
    outer loop
      vertex 5.08739 -4.45018 13.4998
      vertex 4.20956 -3.29941 13.4915
      vertex 3.90353 -3.31395 13.4908
    endloop
  endfacet
  facet normal -0.00256671 0.00533927 0.999982
    outer loop
      vertex -6.99813 7.26269 13.4067
      vertex -9.44325 9.49591 13.3885
      vertex -7.06395 7.21232 13.4068
    endloop
  endfacet
  facet normal -0.00272458 0.00513853 0.999983
    outer loop
      vertex -5.57882 5.78695 13.4181
      vertex -3.2283 3.76389 13.4349
      vertex -3.23017 3.82128 13.4346
    endloop
  endfacet
  facet normal -0.00264253 0.00523655 0.999983
    outer loop
      vertex -5.57882 5.78695 13.4181
      vertex -3.23017 3.82128 13.4346
      vertex -5.46574 5.86311 13.418
    endloop
  endfacet
  facet normal -0.00271288 0.00515212 0.999983
    outer loop
      vertex -3.2283 3.76389 13.4349
      vertex -5.57882 5.78695 13.4181
      vertex -3.2283 3.53098 13.4361
    endloop
  endfacet
  facet normal -0.00244659 0.00613698 0.999978
    outer loop
      vertex 2.90784 -1.78479 13.4801
      vertex 2.20976 -1.68832 13.4778
      vertex 2.4012 -1.72606 13.4785
    endloop
  endfacet
  facet normal -0.0025595 0.00532005 0.999983
    outer loop
      vertex -1.29779 2.05637 13.4489
      vertex 2.20976 -1.68832 13.4778
      vertex 2.90784 -1.78479 13.4801
    endloop
  endfacet
  facet normal -0.00259419 0.00528756 0.999983
    outer loop
      vertex 2.20976 -1.68832 13.4778
      vertex -1.29779 2.05637 13.4489
      vertex -1.29779 1.67813 13.4509
    endloop
  endfacet
  facet normal -0.00452427 0.00349573 0.999984
    outer loop
      vertex 1.36859 -3.11054 13.4824
      vertex 3.34002 -5.53648 13.4998
      vertex 3.42509 -5.42638 13.4998
    endloop
  endfacet
  facet normal -0.00476407 0.00330086 0.999983
    outer loop
      vertex 1.19063 -3.06444 13.4814
      vertex 3.34002 -5.53648 13.4998
      vertex 1.36859 -3.11054 13.4824
    endloop
  endfacet
  facet normal -0.00333191 0.00454609 0.999984
    outer loop
      vertex 3.34002 -5.53648 13.4998
      vertex 1.19063 -3.06444 13.4814
      vertex 1.1695 -3.05793 13.4813
    endloop
  endfacet
  facet normal -0.004236 0.00377885 0.999984
    outer loop
      vertex -7.46434 6.83631 13.4074
      vertex -9.69008 9.34275 13.3885
      vertex -7.47988 6.81889 13.4074
    endloop
  endfacet
  facet normal -0.00421954 0.00379314 0.999984
    outer loop
      vertex -6.04619 5.18175 13.4197
      vertex -3.41777 2.27943 13.4418
      vertex -6.03225 5.22362 13.4196
    endloop
  endfacet
  facet normal -0.00788105 0.00501212 0.999956
    outer loop
      vertex -6.04619 5.18175 13.4197
      vertex -6.03225 5.22362 13.4196
      vertex -6.03667 5.21667 13.4196
    endloop
  endfacet
  facet normal -0.00466541 0.00338935 0.999983
    outer loop
      vertex -3.41777 2.27943 13.4418
      vertex -6.04619 5.18175 13.4197
      vertex -3.44541 2.21188 13.4419
    endloop
  endfacet
  facet normal -0.00453791 0.00351307 0.999984
    outer loop
      vertex -1.3109 -0.225537 13.4601
      vertex 0.662827 -2.31577 13.4764
      vertex -1.30323 -0.101771 13.4597
    endloop
  endfacet
  facet normal -0.00437421 0.00366765 0.999984
    outer loop
      vertex 0.662827 -2.31577 13.4764
      vertex -1.3109 -0.225537 13.4601
      vertex 0.662827 -2.47936 13.477
    endloop
  endfacet
  facet normal -0.00423671 0.00377822 0.999984
    outer loop
      vertex -7.43797 6.86588 13.4074
      vertex -9.69008 9.34275 13.3885
      vertex -7.46434 6.83631 13.4074
    endloop
  endfacet
  facet normal -0.00356014 0.00435513 0.999984
    outer loop
      vertex 1.70087 -3.18505 13.4839
      vertex 3.42509 -5.42638 13.4998
      vertex 3.60505 -5.27927 13.4998
    endloop
  endfacet
  facet normal -0.0036336 0.00429862 0.999984
    outer loop
      vertex 1.45868 -3.13388 13.4828
      vertex 3.42509 -5.42638 13.4998
      vertex 1.70087 -3.18505 13.4839
    endloop
  endfacet
  facet normal -0.00323846 0.00463755 0.999984
    outer loop
      vertex 3.42509 -5.42638 13.4998
      vertex 1.45868 -3.13388 13.4828
      vertex 1.36859 -3.11054 13.4824
    endloop
  endfacet
  facet normal -0.00376471 0.00416253 0.999984
    outer loop
      vertex -6.03225 5.22362 13.4196
      vertex -3.3712 2.39323 13.4414
      vertex -5.99622 5.28023 13.4195
    endloop
  endfacet
  facet normal -0.00310295 0.00478469 0.999984
    outer loop
      vertex -3.3712 2.39323 13.4414
      vertex -6.03225 5.22362 13.4196
      vertex -3.41777 2.27943 13.4418
    endloop
  endfacet
  facet normal -0.00402694 0.00394401 0.999984
    outer loop
      vertex -1.29779 -0.0138855 13.4593
      vertex 0.662827 -2.04341 13.4752
      vertex -1.29779 0.112887 13.4588
    endloop
  endfacet
  facet normal -0.00319367 0.00474899 0.999984
    outer loop
      vertex -1.30323 -0.101771 13.4597
      vertex 0.662827 -2.04341 13.4752
      vertex -1.29779 -0.0138855 13.4593
    endloop
  endfacet
  facet normal -0.00353253 0.00440586 0.999984
    outer loop
      vertex 0.662827 -2.04341 13.4752
      vertex -1.30323 -0.101771 13.4597
      vertex 0.662827 -2.31577 13.4764
    endloop
  endfacet
  facet normal -0.00923256 0.0365008 -0.999291
    outer loop
      vertex -7.42368 10.1351 0.0323124
      vertex -16.2923 7.3742 0.0134039
      vertex -15.1465 10.5786 0.119864
    endloop
  endfacet
  facet normal -0.00906329 0.0394268 -0.999181
    outer loop
      vertex -7.42368 10.1351 0.0323124
      vertex -15.1465 10.5786 0.119864
      vertex -7.03347 10.2248 0.0323124
    endloop
  endfacet
  facet normal -0.0086549 0.0499939 -0.998712
    outer loop
      vertex -6.66757 10.2994 0.0323124
      vertex -13.9752 10.7833 0.119864
      vertex -6.34005 10.3561 0.0323124
    endloop
  endfacet
  facet normal -0.00529982 0.0306137 -0.999517
    outer loop
      vertex 2.85186 11.3671 0.0145388
      vertex -6.66757 10.2994 0.0323124
      vertex -6.34005 10.3561 0.0323124
    endloop
  endfacet
  facet normal -0.110346 0.155593 -0.981639
    outer loop
      vertex -29.215 7.00352 0.545684
      vertex -30.6981 5.95171 0.545684
      vertex -29.9844 7.99272 0.788963
    endloop
  endfacet
  facet normal -0.103671 0.160758 -0.981534
    outer loop
      vertex -29.215 7.00352 0.545684
      vertex -29.9844 7.99272 0.788963
      vertex -21.2295 12.6795 0.631868
    endloop
  endfacet
  facet normal -0.388445 0.368769 -0.844464
    outer loop
      vertex -32.3504 7.37201 1.05928
      vertex -34.2598 6.01788 1.34625
      vertex -32.6939 7.66733 1.34625
    endloop
  endfacet
  facet normal -0.344943 0.416266 -0.841271
    outer loop
      vertex -32.3504 7.37201 1.05928
      vertex -32.6939 7.66733 1.34625
      vertex -27.2363 13.4618 1.97563
    endloop
  endfacet
  facet normal -0.0214817 0.0370976 -0.999081
    outer loop
      vertex -17.549 6.81269 0.0134039
      vertex -17.641 9.62651 0.119864
      vertex -17.1345 7.05271 0.0134039
    endloop
  endfacet
  facet normal -0.0169745 0.0379868 -0.999134
    outer loop
      vertex -17.1345 7.05271 0.0134039
      vertex -17.641 9.62651 0.119864
      vertex -16.7102 7.24231 0.0134039
    endloop
  endfacet
  facet normal -0.0234057 0.00263153 -0.999723
    outer loop
      vertex -24.9969 -0.0183725 0.00718689
      vertex -27.3656 0.598861 0.0642681
      vertex -24.9734 0.190644 0.00718689
    endloop
  endfacet
  facet normal 0.000235809 -0.000517348 -1
    outer loop
      vertex 18.4935 -7.92347 0.0168581
      vertex -13.4586 -10.2749 0.01054
      vertex 18.8872 -7.74402 0.0168581
    endloop
  endfacet
  facet normal 0.000255173 -0.000780467 -1
    outer loop
      vertex 18.1087 -8.04928 0.0168581
      vertex -13.4586 -10.2749 0.01054
      vertex 18.4935 -7.92347 0.0168581
    endloop
  endfacet
  facet normal -0.0377919 -0.0360882 -0.998634
    outer loop
      vertex -26.352 -2.26286 0.0642681
      vertex -28.718 -2.88357 0.176237
      vertex -26.8108 -1.7824 0.0642681
    endloop
  endfacet
  facet normal -0.0431309 -0.0268487 -0.998709
    outer loop
      vertex -26.8108 -1.7824 0.0642681
      vertex -28.718 -2.88357 0.176237
      vertex -27.1521 -1.23412 0.0642681
    endloop
  endfacet
  facet normal -0.0410986 -0.05825 -0.997456
    outer loop
      vertex -27.0657 -4.30387 0.176237
      vertex -27.9729 -3.66379 0.176237
      vertex -16.2483 -9.0988 0.01054
    endloop
  endfacet
  facet normal -0.0414546 -0.0590552 -0.997394
    outer loop
      vertex -16.0038 -9.27043 0.01054
      vertex -27.0657 -4.30387 0.176237
      vertex -16.2483 -9.0988 0.01054
    endloop
  endfacet
  facet normal -0.0608292 -0.0580911 -0.996456
    outer loop
      vertex -27.9729 -3.66379 0.176237
      vertex -29.4317 -4.92459 0.338792
      vertex -28.718 -2.88357 0.176237
    endloop
  endfacet
  facet normal -0.0498943 -0.0707164 -0.996248
    outer loop
      vertex -27.0657 -4.30387 0.176237
      vertex -29.4317 -4.92459 0.338792
      vertex -27.9729 -3.66379 0.176237
    endloop
  endfacet
  facet normal -0.173435 -0.0201993 -0.984638
    outer loop
      vertex -34.7183 -1.90605 0.788963
      vertex -34.9373 -0.0256796 0.788963
      vertex -33.3643 -1.67282 0.545684
    endloop
  endfacet
  facet normal -0.173428 -0.0201928 -0.984639
    outer loop
      vertex -33.3643 -1.67282 0.545684
      vertex -34.9373 -0.0256796 0.788963
      vertex -33.5562 -0.0246649 0.545684
    endloop
  endfacet
  facet normal -0.127923 -0.278388 -0.951912
    outer loop
      vertex -28.0144 -8.92612 0.788963
      vertex -30.4768 -8.71893 1.05928
      vertex -29.9498 -8.03678 0.788963
    endloop
  endfacet
  facet normal -0.127923 -0.278384 -0.951913
    outer loop
      vertex -28.3768 -9.68392 1.05928
      vertex -30.4768 -8.71893 1.05928
      vertex -28.0144 -8.92612 0.788963
    endloop
  endfacet
  facet normal -0.0332931 -0.0413772 -0.998589
    outer loop
      vertex -16.2483 -9.0988 0.01054
      vertex -27.9729 -3.66379 0.176237
      vertex -16.4472 -8.93876 0.01054
    endloop
  endfacet
  facet normal -0.0332675 -0.0413211 -0.998592
    outer loop
      vertex -16.4472 -8.93876 0.01054
      vertex -27.9729 -3.66379 0.176237
      vertex -26.352 -2.26286 0.0642681
    endloop
  endfacet
  facet normal 3.37295e-05 2.10068e-05 -1
    outer loop
      vertex -22.6065 0.393355 0.00718689
      vertex -22.7218 0.578486 0.00718689
      vertex 3.0949 6.88529 0.00819016
    endloop
  endfacet
  facet normal 3.79858e-05 4.43508e-06 -1
    outer loop
      vertex -22.511 -0.0165462 0.00718689
      vertex -22.5354 0.192436 0.00718689
      vertex 3.0949 6.88529 0.00819016
    endloop
  endfacet
  facet normal -2.66612e-05 0.000257514 -1
    outer loop
      vertex -1.24727 7.2846 0.00819016
      vertex -23.9987 1.03309 0.00718689
      vertex -1.6738 7.24044 0.00819016
    endloop
  endfacet
  facet normal -6.12125e-05 0.000381779 -1
    outer loop
      vertex -1.6738 7.24044 0.00819016
      vertex -23.9987 1.03309 0.00718689
      vertex -2.02469 7.18418 0.00819016
    endloop
  endfacet
  facet normal 0.000114941 0.00148417 -0.999999
    outer loop
      vertex 3.88625 11.3676 0.0145388
      vertex 1.38195 7.28398 0.00819016
      vertex 3.53245 11.395 0.0145388
    endloop
  endfacet
  facet normal 1.08036e-05 0.000117479 -1
    outer loop
      vertex 1.86454 7.2396 0.00819016
      vertex -23.5137 1.03344 0.00718689
      vertex 1.38195 7.28398 0.00819016
    endloop
  endfacet
  facet normal 4.38536e-05 0.00152713 -0.999999
    outer loop
      vertex 0.85756 7.31459 0.00819016
      vertex 0.311528 7.33027 0.00819016
      vertex 3.53245 11.395 0.0145388
    endloop
  endfacet
  facet normal -4.68301e-05 0.0817818 -0.99665
    outer loop
      vertex 3.18318 11.3948 0.0145388
      vertex 2.26674 12.8015 0.130011
      vertex 3.53245 11.395 0.0145388
    endloop
  endfacet
  facet normal -0.00648864 0.0776107 -0.996963
    outer loop
      vertex 2.85186 11.3671 0.0145388
      vertex 2.26674 12.8015 0.130011
      vertex 3.18318 11.3948 0.0145388
    endloop
  endfacet
  facet normal -0.00420056 0.00592431 -0.999974
    outer loop
      vertex -24.4464 0.872794 0.00718689
      vertex -24.6345 0.739424 0.00718689
      vertex -17.549 6.81269 0.0134039
    endloop
  endfacet
  facet normal 3.36553e-05 2.13106e-05 -1
    outer loop
      vertex 3.0949 6.88529 0.00819016
      vertex -22.7218 0.578486 0.00718689
      vertex 3.04444 6.96498 0.00819016
    endloop
  endfacet
  facet normal -0.0536699 -0.0939315 -0.994131
    outer loop
      vertex -15.4171 -9.6219 0.01054
      vertex -28.2108 -5.78601 0.338792
      vertex -15.7231 -9.44706 0.01054
    endloop
  endfacet
  facet normal -0.0490076 -0.0778827 -0.995757
    outer loop
      vertex -15.7231 -9.44706 0.01054
      vertex -28.2108 -5.78601 0.338792
      vertex -16.0038 -9.27043 0.01054
    endloop
  endfacet
  facet normal -0.034314 -0.0939138 -0.994989
    outer loop
      vertex -12.4468 -11.6952 0.0942535
      vertex -14.4663 -10.0704 0.01054
      vertex -14.1792 -10.1753 0.01054
    endloop
  endfacet
  facet normal -0.000133213 -0.000511245 -1
    outer loop
      vertex -13.926 -10.2505 0.01054
      vertex -24.2275 -1.00757 0.00718689
      vertex -23.9942 -1.06836 0.00718689
    endloop
  endfacet
  facet normal 0.3005 0.543895 -0.783504
    outer loop
      vertex 36.2041 7.39329 2.48474
      vertex 27.4548 10.8398 1.5216
      vertex 28.1589 11.2018 2.04294
    endloop
  endfacet
  facet normal 0.237077 0.348416 -0.906863
    outer loop
      vertex 36.2041 7.39329 2.48474
      vertex 26.4325 10.3142 1.05241
      vertex 27.4548 10.8398 1.5216
    endloop
  endfacet
  facet normal 0.18932 0.195868 -0.962182
    outer loop
      vertex 34.8342 6.30195 1.85066
      vertex 26.0253 8.93493 0.653398
      vertex 27.5217 9.44866 1.05241
    endloop
  endfacet
  facet normal 0.122003 0.153515 -0.980586
    outer loop
      vertex 26.0253 8.93493 0.653398
      vertex 23.6015 8.85866 0.339893
      vertex 25.1315 9.64526 0.653398
    endloop
  endfacet
  facet normal 0.10133 0.19196 -0.976158
    outer loop
      vertex 25.1315 9.64526 0.653398
      vertex 23.6015 8.85866 0.339893
      vertex 24.0088 10.2379 0.653398
    endloop
  endfacet
  facet normal 0.0769854 0.22272 -0.971838
    outer loop
      vertex 22.7673 9.29906 0.339893
      vertex 21.7951 9.63511 0.339893
      vertex 24.0088 10.2379 0.653398
    endloop
  endfacet
  facet normal 0.0485609 0.140488 -0.988891
    outer loop
      vertex 22.7673 9.29906 0.339893
      vertex 21.3879 8.25583 0.123948
      vertex 21.7951 9.63511 0.339893
    endloop
  endfacet
  facet normal 0.10134 0.191957 -0.976157
    outer loop
      vertex 23.6015 8.85866 0.339893
      vertex 22.7673 9.29906 0.339893
      vertex 24.0088 10.2379 0.653398
    endloop
  endfacet
  facet normal 0.102692 0.329311 -0.938621
    outer loop
      vertex 22.7004 10.6902 0.653398
      vertex -0.827025 21.7957 1.97563
      vertex 23.4703 11.5874 1.05241
    endloop
  endfacet
  facet normal 0.155067 0.448681 -0.880136
    outer loop
      vertex 23.4703 11.5874 1.05241
      vertex -0.827025 21.7957 1.97563
      vertex 25.0646 11.0364 1.05241
    endloop
  endfacet
  facet normal 0.0283243 0.0819454 -0.996234
    outer loop
      vertex 21.3879 8.25583 0.123948
      vertex 12.9712 10.0302 0.0306005
      vertex 20.7892 8.46277 0.123948
    endloop
  endfacet
  facet normal 0.028354 0.0820943 -0.996221
    outer loop
      vertex 12.9712 10.0302 0.0306005
      vertex 12.7914 10.0923 0.0306005
      vertex 20.7892 8.46277 0.123948
    endloop
  endfacet
  facet normal 0.0369726 0.0465244 -0.998233
    outer loop
      vertex 22.3106 7.65961 0.123948
      vertex 20.235 6.94703 0.0138607
      vertex 21.9016 7.98464 0.123948
    endloop
  endfacet
  facet normal 0.0765444 0.0963193 -0.992403
    outer loop
      vertex 22.3106 7.65961 0.123948
      vertex 21.9016 7.98464 0.123948
      vertex 24.2657 8.33084 0.339893
    endloop
  endfacet
  facet normal -0.153616 0.0948822 -0.983565
    outer loop
      vertex -31.9144 4.6705 0.545684
      vertex -34.0939 3.66373 0.788963
      vertex -33.0641 5.33099 0.788963
    endloop
  endfacet
  facet normal -0.134544 0.127727 -0.982641
    outer loop
      vertex -30.6981 5.95171 0.545684
      vertex -31.9144 4.6705 0.545684
      vertex -31.6765 6.79271 0.788963
    endloop
  endfacet
  facet normal -0.112834 0.178008 -0.977539
    outer loop
      vertex -21.2295 12.6795 0.631868
      vertex -29.9844 7.99272 0.788963
      vertex -22.1807 14.1956 1.01774
    endloop
  endfacet
  facet normal -0.0744837 0.105025 -0.991676
    outer loop
      vertex -28.2357 5.74451 0.338792
      vertex -30.6981 5.95171 0.545684
      vertex -29.215 7.00352 0.545684
    endloop
  endfacet
  facet normal 0 0 -1
    outer loop
      vertex -22.5345 -0.225565 0.00718689
      vertex -22.5354 0.192436 0.00718689
      vertex -22.511 -0.0165462 0.00718689
    endloop
  endfacet
  facet normal 0 0 -1
    outer loop
      vertex -22.6048 -0.426589 0.00718689
      vertex -22.5354 0.192436 0.00718689
      vertex -22.5345 -0.225565 0.00718689
    endloop
  endfacet
  facet normal 0 0 -1
    outer loop
      vertex -22.6048 -0.426589 0.00718689
      vertex -22.6065 0.393355 0.00718689
      vertex -22.5354 0.192436 0.00718689
    endloop
  endfacet
  facet normal 0 0 -1
    outer loop
      vertex -22.7192 -0.611889 0.00718689
      vertex -22.6065 0.393355 0.00718689
      vertex -22.6048 -0.426589 0.00718689
    endloop
  endfacet
  facet normal 0 0 -1
    outer loop
      vertex -22.7192 -0.611889 0.00718689
      vertex -22.7218 0.578486 0.00718689
      vertex -22.6065 0.393355 0.00718689
    endloop
  endfacet
  facet normal 0 0 -1
    outer loop
      vertex -22.8735 -0.774345 0.00718689
      vertex -22.7218 0.578486 0.00718689
      vertex -22.7192 -0.611889 0.00718689
    endloop
  endfacet
  facet normal 0 0 -1
    outer loop
      vertex -22.8735 -0.774345 0.00718689
      vertex -22.8767 0.740716 0.00718689
      vertex -22.7218 0.578486 0.00718689
    endloop
  endfacet
  facet normal 0 0 -1
    outer loop
      vertex -23.0615 -0.907715 0.00718689
      vertex -22.8767 0.740716 0.00718689
      vertex -22.8735 -0.774345 0.00718689
    endloop
  endfacet
  facet normal 0 0 -1
    outer loop
      vertex -23.0615 -0.907715 0.00718689
      vertex -23.0654 0.87381 0.00718689
      vertex -22.8767 0.740716 0.00718689
    endloop
  endfacet
  facet normal 0 0 -1
    outer loop
      vertex -23.2762 -1.00687 0.00718689
      vertex -23.0654 0.87381 0.00718689
      vertex -23.0615 -0.907715 0.00718689
    endloop
  endfacet
  facet normal 0 0 -1
    outer loop
      vertex -23.2762 -1.00687 0.00718689
      vertex -23.2805 0.972651 0.00718689
      vertex -23.0654 0.87381 0.00718689
    endloop
  endfacet
  facet normal 0 0 -1
    outer loop
      vertex -23.5092 -1.06801 0.00718689
      vertex -23.2805 0.972651 0.00718689
      vertex -23.2762 -1.00687 0.00718689
    endloop
  endfacet
  facet normal 0 0 -1
    outer loop
      vertex -23.5092 -1.06801 0.00718689
      vertex -23.5137 1.03344 0.00718689
      vertex -23.2805 0.972651 0.00718689
    endloop
  endfacet
  facet normal 0 0 -1
    outer loop
      vertex -23.7516 -1.08877 0.00718689
      vertex -23.5137 1.03344 0.00718689
      vertex -23.5092 -1.06801 0.00718689
    endloop
  endfacet
  facet normal 0 0 -1
    outer loop
      vertex -23.7516 -1.08877 0.00718689
      vertex -23.7563 1.05385 0.00718689
      vertex -23.5137 1.03344 0.00718689
    endloop
  endfacet
  facet normal 0 0 -1
    outer loop
      vertex -23.9942 -1.06836 0.00718689
      vertex -23.7563 1.05385 0.00718689
      vertex -23.7516 -1.08877 0.00718689
    endloop
  endfacet
  facet normal 0 0 -1
    outer loop
      vertex -23.9942 -1.06836 0.00718689
      vertex -23.9987 1.03309 0.00718689
      vertex -23.7563 1.05385 0.00718689
    endloop
  endfacet
  facet normal 0 0 -1
    outer loop
      vertex -24.2275 -1.00757 0.00718689
      vertex -23.9987 1.03309 0.00718689
      vertex -23.9942 -1.06836 0.00718689
    endloop
  endfacet
  facet normal 0 0 -1
    outer loop
      vertex -24.2275 -1.00757 0.00718689
      vertex -24.2317 0.971952 0.00718689
      vertex -23.9987 1.03309 0.00718689
    endloop
  endfacet
  facet normal 0 0 -1
    outer loop
      vertex -24.4426 -0.908731 0.00718689
      vertex -24.2317 0.971952 0.00718689
      vertex -24.2275 -1.00757 0.00718689
    endloop
  endfacet
  facet normal 0 0 -1
    outer loop
      vertex -24.4426 -0.908731 0.00718689
      vertex -24.4464 0.872794 0.00718689
      vertex -24.2317 0.971952 0.00718689
    endloop
  endfacet
  facet normal 0 0 -1
    outer loop
      vertex -24.6312 -0.775637 0.00718689
      vertex -24.4464 0.872794 0.00718689
      vertex -24.4426 -0.908731 0.00718689
    endloop
  endfacet
  facet normal 0 0 -1
    outer loop
      vertex -24.6312 -0.775637 0.00718689
      vertex -24.6345 0.739424 0.00718689
      vertex -24.4464 0.872794 0.00718689
    endloop
  endfacet
  facet normal 0 0 -1
    outer loop
      vertex -24.7861 -0.613409 0.00718689
      vertex -24.6345 0.739424 0.00718689
      vertex -24.6312 -0.775637 0.00718689
    endloop
  endfacet
  facet normal 0 0 -1
    outer loop
      vertex -24.7861 -0.613409 0.00718689
      vertex -24.7887 0.576967 0.00718689
      vertex -24.6345 0.739424 0.00718689
    endloop
  endfacet
  facet normal 0 0 -1
    outer loop
      vertex -24.9014 -0.428276 0.00718689
      vertex -24.7887 0.576967 0.00718689
      vertex -24.7861 -0.613409 0.00718689
    endloop
  endfacet
  facet normal 0 0 -1
    outer loop
      vertex -24.9014 -0.428276 0.00718689
      vertex -24.9032 0.391668 0.00718689
      vertex -24.7887 0.576967 0.00718689
    endloop
  endfacet
  facet normal 0 0 -1
    outer loop
      vertex -24.9725 -0.227359 0.00718689
      vertex -24.9032 0.391668 0.00718689
      vertex -24.9014 -0.428276 0.00718689
    endloop
  endfacet
  facet normal 0 0 -1
    outer loop
      vertex -24.9725 -0.227359 0.00718689
      vertex -24.9734 0.190644 0.00718689
      vertex -24.9032 0.391668 0.00718689
    endloop
  endfacet
  facet normal 0 -0 -1
    outer loop
      vertex -24.9734 0.190644 0.00718689
      vertex -24.9725 -0.227359 0.00718689
      vertex -24.9969 -0.0183725 0.00718689
    endloop
  endfacet
  facet normal -0.0694309 -0.043227 -0.99665
    outer loop
      vertex -30.4344 -3.8746 0.338792
      vertex -31.1804 -2.67638 0.338792
      vertex -28.718 -2.88357 0.176237
    endloop
  endfacet
  facet normal -0.0694307 -0.0432251 -0.99665
    outer loop
      vertex -28.718 -2.88357 0.176237
      vertex -31.1804 -2.67638 0.338792
      vertex -29.2723 -1.99322 0.176237
    endloop
  endfacet
  facet normal -0.000299293 0.00186667 -0.999998
    outer loop
      vertex -1.6738 7.24044 0.00819016
      vertex -2.02469 7.18418 0.00819016
      vertex 2.85186 11.3671 0.0145388
    endloop
  endfacet
  facet normal -0.000179682 0.0017355 -0.999998
    outer loop
      vertex -1.24727 7.2846 0.00819016
      vertex -1.6738 7.24044 0.00819016
      vertex 2.85186 11.3671 0.0145388
    endloop
  endfacet
  facet normal 0.000135337 0.00147166 -0.999999
    outer loop
      vertex 1.86454 7.2396 0.00819016
      vertex 1.38195 7.28398 0.00819016
      vertex 3.88625 11.3676 0.0145388
    endloop
  endfacet
  facet normal 0.000192939 0.00144345 -0.999999
    outer loop
      vertex 2.28679 7.18316 0.00819016
      vertex 1.86454 7.2396 0.00819016
      vertex 3.88625 11.3676 0.0145388
    endloop
  endfacet
  facet normal 3.58327e-05 1.26803e-05 -1
    outer loop
      vertex -22.5354 0.192436 0.00718689
      vertex -22.6065 0.393355 0.00718689
      vertex 3.0949 6.88529 0.00819016
    endloop
  endfacet
  facet normal 1.01145e-05 0.000120224 -1
    outer loop
      vertex -23.5137 1.03344 0.00718689
      vertex -23.7563 1.05385 0.00718689
      vertex 1.38195 7.28398 0.00819016
    endloop
  endfacet
  facet normal 7.6081e-06 0.000130337 -1
    outer loop
      vertex 1.38195 7.28398 0.00819016
      vertex -23.7563 1.05385 0.00718689
      vertex 0.85756 7.31459 0.00819016
    endloop
  endfacet
  facet normal -0.0543105 -0.104389 -0.993052
    outer loop
      vertex -15.1662 -10.5488 0.0942535
      vertex -15.4171 -9.6219 0.01054
      vertex -15.0974 -9.78823 0.01054
    endloop
  endfacet
  facet normal -0.000353797 -0.000749977 -1
    outer loop
      vertex -15.0974 -9.78823 0.01054
      vertex -24.4426 -0.908731 0.00718689
      vertex -14.7764 -9.93966 0.01054
    endloop
  endfacet
  facet normal -0.00069142 -0.0010988 -0.999999
    outer loop
      vertex -16.0038 -9.27043 0.01054
      vertex -24.4426 -0.908731 0.00718689
      vertex -15.7231 -9.44706 0.01054
    endloop
  endfacet
  facet normal -0.000538735 -0.000942879 -0.999999
    outer loop
      vertex -15.7231 -9.44706 0.01054
      vertex -24.4426 -0.908731 0.00718689
      vertex -15.4171 -9.6219 0.01054
    endloop
  endfacet
  facet normal -0.0139778 -0.0687734 -0.997534
    outer loop
      vertex -11.0764 -12.0439 0.0942535
      vertex -13.926 -10.2505 0.01054
      vertex -13.7164 -10.2931 0.01054
    endloop
  endfacet
  facet normal -9.55039e-05 -0.000469897 -1
    outer loop
      vertex -13.926 -10.2505 0.01054
      vertex -23.9942 -1.06836 0.00718689
      vertex -13.7164 -10.2931 0.01054
    endloop
  endfacet
  facet normal -0.0246339 -0.0829501 -0.996249
    outer loop
      vertex -12.4468 -11.6952 0.0942535
      vertex -13.926 -10.2505 0.01054
      vertex -11.6969 -11.9179 0.0942535
    endloop
  endfacet
  facet normal -0.0139593 -0.0687442 -0.997537
    outer loop
      vertex -11.6969 -11.9179 0.0942535
      vertex -13.926 -10.2505 0.01054
      vertex -11.0764 -12.0439 0.0942535
    endloop
  endfacet
  facet normal 0.111455 0.322412 -0.940015
    outer loop
      vertex 24.0088 10.2379 0.653398
      vertex 22.7004 10.6902 0.653398
      vertex 23.4703 11.5874 1.05241
    endloop
  endfacet
  facet normal 0.111424 0.322402 -0.940022
    outer loop
      vertex 24.0088 10.2379 0.653398
      vertex 23.4703 11.5874 1.05241
      vertex 25.0646 11.0364 1.05241
    endloop
  endfacet
  facet normal 0.0864126 0.0680678 -0.993931
    outer loop
      vertex 22.5992 7.29323 0.123948
      vertex 22.3106 7.65961 0.123948
      vertex 24.2657 8.33084 0.339893
    endloop
  endfacet
  facet normal 0.0416899 0.0328394 -0.998591
    outer loop
      vertex 22.5992 7.29323 0.123948
      vertex 20.235 6.94703 0.0138607
      vertex 22.3106 7.65961 0.123948
    endloop
  endfacet
  facet normal -0.211287 0.200573 -0.956623
    outer loop
      vertex -33.0641 5.33099 0.788963
      vertex -33.8561 5.78595 1.05928
      vertex -31.6765 6.79271 0.788963
    endloop
  endfacet
  facet normal -0.134551 0.127728 -0.98264
    outer loop
      vertex -31.9144 4.6705 0.545684
      vertex -33.0641 5.33099 0.788963
      vertex -31.6765 6.79271 0.788963
    endloop
  endfacet
  facet normal -0.0753496 0.121038 -0.989784
    outer loop
      vertex -20.111 10.8966 0.328694
      vertex -29.215 7.00352 0.545684
      vertex -21.2295 12.6795 0.631868
    endloop
  endfacet
  facet normal -0.0700258 0.108485 -0.991629
    outer loop
      vertex -28.2357 5.74451 0.338792
      vertex -29.215 7.00352 0.545684
      vertex -20.111 10.8966 0.328694
    endloop
  endfacet
  facet normal 4.73564e-05 -2.92368e-05 -1
    outer loop
      vertex 3.0949 6.88529 0.00819016
      vertex -22.7192 -0.611889 0.00718689
      vertex -22.6048 -0.426589 0.00718689
    endloop
  endfacet
  facet normal -0.0494626 -0.10485 -0.993257
    outer loop
      vertex -14.7764 -9.93966 0.01054
      vertex -15.1662 -10.5488 0.0942535
      vertex -15.0974 -9.78823 0.01054
    endloop
  endfacet
  facet normal -0.0494596 -0.104852 -0.993257
    outer loop
      vertex -14.2154 -10.9973 0.0942535
      vertex -15.1662 -10.5488 0.0942535
      vertex -14.7764 -9.93966 0.01054
    endloop
  endfacet
  facet normal -0.0343307 -0.0939344 -0.994986
    outer loop
      vertex -13.2972 -11.3844 0.0942535
      vertex -14.4663 -10.0704 0.01054
      vertex -12.4468 -11.6952 0.0942535
    endloop
  endfacet
  facet normal -0.0703182 -0.192402 -0.978794
    outer loop
      vertex -10.8149 -13.127 0.258465
      vertex -13.2972 -11.3844 0.0942535
      vertex -12.4468 -11.6952 0.0942535
    endloop
  endfacet
  facet normal -0.000222905 -0.000610066 -1
    outer loop
      vertex -14.4663 -10.0704 0.01054
      vertex -24.2275 -1.00757 0.00718689
      vertex -14.1792 -10.1753 0.01054
    endloop
  endfacet
  facet normal -0.000161055 -0.000542276 -1
    outer loop
      vertex -14.1792 -10.1753 0.01054
      vertex -24.2275 -1.00757 0.00718689
      vertex -13.926 -10.2505 0.01054
    endloop
  endfacet
  facet normal -0.0288321 -0.141986 -0.989449
    outer loop
      vertex -9.59718 -13.4886 0.258465
      vertex -11.6969 -11.9179 0.0942535
      vertex -11.0764 -12.0439 0.0942535
    endloop
  endfacet
  facet normal -0.0506592 -0.170599 -0.984037
    outer loop
      vertex -10.8149 -13.127 0.258465
      vertex -11.6969 -11.9179 0.0942535
      vertex -9.59718 -13.4886 0.258465
    endloop
  endfacet
  facet normal -0.061396 -0.117994 -0.991115
    outer loop
      vertex -15.1662 -10.5488 0.0942535
      vertex -29.1846 -7.04645 0.545684
      vertex -16.1129 -10.0562 0.0942535
    endloop
  endfacet
  facet normal -0.0543183 -0.104391 -0.993052
    outer loop
      vertex -15.1662 -10.5488 0.0942535
      vertex -16.1129 -10.0562 0.0942535
      vertex -15.4171 -9.6219 0.01054
    endloop
  endfacet
  facet normal -0 0 1
    outer loop
      vertex -22.1696 7.02779 5.6
      vertex -21.0307 6.02779 5.6
      vertex -21.0307 7.5833 5.6
    endloop
  endfacet
  facet normal 0 0 1
    outer loop
      vertex -21.0307 6.02779 5.6
      vertex -22.1696 7.02779 5.6
      vertex -22.1696 6.02779 5.6
    endloop
  endfacet
  facet normal 0 0 1
    outer loop
      vertex -17.0713 8.81918 5.6
      vertex -16.5771 10.3545 5.6
      vertex -16.7219 10.4011 5.6
    endloop
  endfacet
  facet normal 0 0 1
    outer loop
      vertex -17.1708 8.84612 5.6
      vertex -16.7219 10.4011 5.6
      vertex -16.8816 10.4456 5.6
    endloop
  endfacet
  facet normal 0 0 1
    outer loop
      vertex -16.5771 10.3545 5.6
      vertex -17.0713 8.81918 5.6
      vertex -16.4474 10.3056 5.6
    endloop
  endfacet
  facet normal 0 0 1
    outer loop
      vertex -17.3797 8.89832 5.6
      vertex -16.8816 10.4456 5.6
      vertex -17.0564 10.4878 5.6
    endloop
  endfacet
  facet normal 0 0 1
    outer loop
      vertex -16.4474 10.3056 5.6
      vertex -17.0713 8.81918 5.6
      vertex -16.9752 8.79169 5.6
    endloop
  endfacet
  facet normal 0 0 1
    outer loop
      vertex -16.7219 10.4011 5.6
      vertex -17.1708 8.84612 5.6
      vertex -17.0713 8.81918 5.6
    endloop
  endfacet
  facet normal 0 0 1
    outer loop
      vertex -17.4891 8.9236 5.6
      vertex -17.0564 10.4878 5.6
      vertex -17.2461 10.5278 5.6
    endloop
  endfacet
  facet normal 0 0 1
    outer loop
      vertex -16.8816 10.4456 5.6
      vertex -17.2735 8.87248 5.6
      vertex -17.1708 8.84612 5.6
    endloop
  endfacet
  facet normal 0 0 1
    outer loop
      vertex -16.8816 10.4456 5.6
      vertex -17.3797 8.89832 5.6
      vertex -17.2735 8.87248 5.6
    endloop
  endfacet
  facet normal 0 0 1
    outer loop
      vertex -17.6035 8.94609 5.6
      vertex -17.2461 10.5278 5.6
      vertex -17.448 10.5628 5.6
    endloop
  endfacet
  facet normal 0 0 1
    outer loop
      vertex -17.0564 10.4878 5.6
      vertex -17.4891 8.9236 5.6
      vertex -17.3797 8.89832 5.6
    endloop
  endfacet
  facet normal 0 0 1
    outer loop
      vertex -17.2461 10.5278 5.6
      vertex -17.6035 8.94609 5.6
      vertex -17.4891 8.9236 5.6
    endloop
  endfacet
  facet normal 0 0 1
    outer loop
      vertex -17.7246 8.96359 5.6
      vertex -17.448 10.5628 5.6
      vertex -17.6594 10.59 5.6
    endloop
  endfacet
  facet normal 0 0 1
    outer loop
      vertex -17.448 10.5628 5.6
      vertex -17.7246 8.96359 5.6
      vertex -17.6035 8.94609 5.6
    endloop
  endfacet
  facet normal 0 0 1
    outer loop
      vertex -17.6594 10.59 5.6
      vertex -17.8524 8.97609 5.6
      vertex -17.7246 8.96359 5.6
    endloop
  endfacet
  facet normal 0 0 1
    outer loop
      vertex -17.8802 10.6094 5.6
      vertex -17.8524 8.97609 5.6
      vertex -17.6594 10.59 5.6
    endloop
  endfacet
  facet normal 0 0 1
    outer loop
      vertex -17.8802 10.6094 5.6
      vertex -17.9869 8.9836 5.6
      vertex -17.8524 8.97609 5.6
    endloop
  endfacet
  facet normal 0 0 1
    outer loop
      vertex -18.1105 10.6211 5.6
      vertex -17.9869 8.9836 5.6
      vertex -17.8802 10.6094 5.6
    endloop
  endfacet
  facet normal 0 0 1
    outer loop
      vertex -18.1105 10.6211 5.6
      vertex -18.128 8.9861 5.6
      vertex -17.9869 8.9836 5.6
    endloop
  endfacet
  facet normal 0 0 1
    outer loop
      vertex -18.3502 10.625 5.6
      vertex -18.128 8.9861 5.6
      vertex -18.1105 10.6211 5.6
    endloop
  endfacet
  facet normal 0 0 1
    outer loop
      vertex -18.128 8.9861 5.6
      vertex -18.3502 10.625 5.6
      vertex -18.291 8.97554 5.6
    endloop
  endfacet
  facet normal -0 0 1
    outer loop
      vertex -18.6694 10.6161 5.6
      vertex -18.291 8.97554 5.6
      vertex -18.3502 10.625 5.6
    endloop
  endfacet
  facet normal 0 0 1
    outer loop
      vertex -18.291 8.97554 5.6
      vertex -18.6694 10.6161 5.6
      vertex -18.4357 8.94386 5.6
    endloop
  endfacet
  facet normal -0 0 1
    outer loop
      vertex -18.9713 10.5894 5.6
      vertex -18.4357 8.94386 5.6
      vertex -18.6694 10.6161 5.6
    endloop
  endfacet
  facet normal 0 0 1
    outer loop
      vertex -18.4357 8.94386 5.6
      vertex -18.9713 10.5894 5.6
      vertex -18.5621 8.89108 5.6
    endloop
  endfacet
  facet normal -0 0 1
    outer loop
      vertex -19.256 10.545 5.6
      vertex -18.5621 8.89108 5.6
      vertex -18.9713 10.5894 5.6
    endloop
  endfacet
  facet normal 0 0 1
    outer loop
      vertex -18.5621 8.89108 5.6
      vertex -19.256 10.545 5.6
      vertex -18.6702 8.8172 5.6
    endloop
  endfacet
  facet normal -0 0 1
    outer loop
      vertex -19.5235 10.4828 5.6
      vertex -18.6702 8.8172 5.6
      vertex -19.256 10.545 5.6
    endloop
  endfacet
  facet normal -0 0 1
    outer loop
      vertex -19.7738 10.4028 5.6
      vertex -18.6702 8.8172 5.6
      vertex -19.5235 10.4828 5.6
    endloop
  endfacet
  facet normal 0 0 1
    outer loop
      vertex -18.6702 8.8172 5.6
      vertex -19.7738 10.4028 5.6
      vertex -18.7599 8.7222 5.6
    endloop
  endfacet
  facet normal 0 0 1
    outer loop
      vertex -21.0307 7.5833 5.6
      vertex -18.9613 7.5833 5.6
      vertex -18.9613 8.05559 5.6
    endloop
  endfacet
  facet normal 0 0 1
    outer loop
      vertex -18.9613 7.5833 5.6
      vertex -21.0307 7.5833 5.6
      vertex -18.9613 6.02779 5.6
    endloop
  endfacet
  facet normal -0 0 1
    outer loop
      vertex -20.0044 10.3014 5.6
      vertex -18.7599 8.7222 5.6
      vertex -19.7738 10.4028 5.6
    endloop
  endfacet
  facet normal -0 0 1
    outer loop
      vertex -20.2127 10.175 5.6
      vertex -18.7599 8.7222 5.6
      vertex -20.0044 10.3014 5.6
    endloop
  endfacet
  facet normal -0 0 1
    outer loop
      vertex -20.3988 10.0236 5.6
      vertex -18.7599 8.7222 5.6
      vertex -20.2127 10.175 5.6
    endloop
  endfacet
  facet normal 0 0 1
    outer loop
      vertex -18.7599 8.7222 5.6
      vertex -20.3988 10.0236 5.6
      vertex -18.8324 8.61108 5.6
    endloop
  endfacet
  facet normal -0 0 1
    outer loop
      vertex -20.5627 9.84721 5.6
      vertex -18.8324 8.61108 5.6
      vertex -20.3988 10.0236 5.6
    endloop
  endfacet
  facet normal -0 0 1
    outer loop
      vertex -20.7044 9.6458 5.6
      vertex -18.8324 8.61108 5.6
      vertex -20.5627 9.84721 5.6
    endloop
  endfacet
  facet normal -0 0 1
    outer loop
      vertex -20.8219 9.41441 5.6
      vertex -18.8324 8.61108 5.6
      vertex -20.7044 9.6458 5.6
    endloop
  endfacet
  facet normal 0 0 1
    outer loop
      vertex -18.8324 8.61108 5.6
      vertex -20.8219 9.41441 5.6
      vertex -18.8888 8.48886 5.6
    endloop
  endfacet
  facet normal -0 0 1
    outer loop
      vertex -20.9132 9.14803 5.6
      vertex -18.8888 8.48886 5.6
      vertex -20.8219 9.41441 5.6
    endloop
  endfacet
  facet normal -0 0 1
    outer loop
      vertex -20.9785 8.84665 5.6
      vertex -18.8888 8.48886 5.6
      vertex -20.9132 9.14803 5.6
    endloop
  endfacet
  facet normal 0 0 1
    outer loop
      vertex -18.8888 8.48886 5.6
      vertex -20.9785 8.84665 5.6
      vertex -18.9291 8.35555 5.6
    endloop
  endfacet
  facet normal -0 0 1
    outer loop
      vertex -21.0177 8.51027 5.6
      vertex -18.9291 8.35555 5.6
      vertex -20.9785 8.84665 5.6
    endloop
  endfacet
  facet normal 0 0 1
    outer loop
      vertex -18.9291 8.35555 5.6
      vertex -21.0177 8.51027 5.6
      vertex -18.9532 8.21112 5.6
    endloop
  endfacet
  facet normal 0 0 1
    outer loop
      vertex -21.0307 8.13889 5.6
      vertex -18.9532 8.21112 5.6
      vertex -21.0177 8.51027 5.6
    endloop
  endfacet
  facet normal 0 0 1
    outer loop
      vertex -18.9532 8.21112 5.6
      vertex -21.0307 8.13889 5.6
      vertex -18.9613 8.05559 5.6
    endloop
  endfacet
  facet normal 0 0 1
    outer loop
      vertex -18.9613 8.05559 5.6
      vertex -21.0307 8.13889 5.6
      vertex -21.0307 7.5833 5.6
    endloop
  endfacet
  facet normal 0 0 1
    outer loop
      vertex -18.9613 6.02779 5.6
      vertex -21.0307 7.5833 5.6
      vertex -21.0307 6.02779 5.6
    endloop
  endfacet
  facet normal 0 0 1
    outer loop
      vertex -18.9613 6.02779 5.6
      vertex -21.0307 6.02779 5.6
      vertex -18.9613 0 5.6
    endloop
  endfacet
  facet normal 0 0 1
    outer loop
      vertex -18.9613 0 5.6
      vertex -21.0307 6.02779 5.6
      vertex -21.0307 0 5.6
    endloop
  endfacet
  facet normal -0 0 1
    outer loop
      vertex -18.9613 7.5833 5.6
      vertex -17.1696 6.02779 5.6
      vertex -17.1696 7.5833 5.6
    endloop
  endfacet
  facet normal 0 0 1
    outer loop
      vertex -17.1696 6.02779 5.6
      vertex -18.9613 7.5833 5.6
      vertex -18.9613 6.02779 5.6
    endloop
  endfacet
  facet normal -0 0 1
    outer loop
      vertex 18.6165 9.19449 5.6
      vertex 19.9359 7.5833 5.6
      vertex 19.9359 9.19449 5.6
    endloop
  endfacet
  facet normal 0 0 1
    outer loop
      vertex 19.9359 7.5833 5.6
      vertex 18.0192 7.5972 5.6
      vertex 19.9359 6.02779 5.6
    endloop
  endfacet
  facet normal 0 0 1
    outer loop
      vertex 19.9359 6.02779 5.6
      vertex 17.8665 6.02779 5.6
      vertex 19.9359 2.375 5.6
    endloop
  endfacet
  facet normal 0 0 1
    outer loop
      vertex 17.8665 2.375 5.6
      vertex 19.9359 2.375 5.6
      vertex 17.8665 6.02779 5.6
    endloop
  endfacet
  facet normal 0 -0 1
    outer loop
      vertex 17.879 2.00305 5.6
      vertex 19.9359 2.375 5.6
      vertex 17.8665 2.375 5.6
    endloop
  endfacet
  facet normal 0 -0 1
    outer loop
      vertex 17.9165 1.66501 5.6
      vertex 19.9359 2.375 5.6
      vertex 17.879 2.00305 5.6
    endloop
  endfacet
  facet normal 0 0 1
    outer loop
      vertex 19.9359 2.375 5.6
      vertex 19.4773 -0.0588989 5.6
      vertex 19.7204 -0.103348 5.6
    endloop
  endfacet
  facet normal 0 -0 1
    outer loop
      vertex 18.0665 1.09058 5.6
      vertex 19.9359 2.375 5.6
      vertex 17.979 1.36086 5.6
    endloop
  endfacet
  facet normal 0 0 1
    outer loop
      vertex 19.9359 7.5833 5.6
      vertex 18.6165 9.19449 5.6
      vertex 18.0192 7.5972 5.6
    endloop
  endfacet
  facet normal 0 -0 1
    outer loop
      vertex 17.979 1.36086 5.6
      vertex 19.9359 2.375 5.6
      vertex 17.9165 1.66501 5.6
    endloop
  endfacet
  facet normal 0 0 1
    outer loop
      vertex 19.9359 2.375 5.6
      vertex 19.2459 0.0032959 5.6
      vertex 19.4773 -0.0588989 5.6
    endloop
  endfacet
  facet normal 0 -0 1
    outer loop
      vertex 18.179 0.854187 5.6
      vertex 19.9359 2.375 5.6
      vertex 18.0665 1.09058 5.6
    endloop
  endfacet
  facet normal 0 0 1
    outer loop
      vertex 19.9359 2.375 5.6
      vertex 19.0262 0.0832977 5.6
      vertex 19.2459 0.0032959 5.6
    endloop
  endfacet
  facet normal 0 0 1
    outer loop
      vertex 19.9359 6.02779 5.6
      vertex 18.0192 7.5972 5.6
      vertex 17.8665 6.02779 5.6
    endloop
  endfacet
  facet normal 0 -0 1
    outer loop
      vertex 18.3129 0.647812 5.6
      vertex 19.9359 2.375 5.6
      vertex 18.179 0.854187 5.6
    endloop
  endfacet
  facet normal 0 0 1
    outer loop
      vertex 19.9359 2.375 5.6
      vertex 18.634 0.313339 5.6
      vertex 18.8212 0.185257 5.6
    endloop
  endfacet
  facet normal 0 0 1
    outer loop
      vertex 19.9359 2.375 5.6
      vertex 18.8212 0.185257 5.6
      vertex 19.0262 0.0832977 5.6
    endloop
  endfacet
  facet normal 0 0 1
    outer loop
      vertex 19.9359 2.375 5.6
      vertex 18.4645 0.467514 5.6
      vertex 18.634 0.313339 5.6
    endloop
  endfacet
  facet normal -0 0 1
    outer loop
      vertex 16.8803 6.90279 5.6
      vertex 17.8665 6.02779 5.6
      vertex 18.0192 7.5972 5.6
    endloop
  endfacet
  facet normal 0 0 1
    outer loop
      vertex 17.8665 6.02779 5.6
      vertex 16.8803 6.90279 5.6
      vertex 16.8803 6.02779 5.6
    endloop
  endfacet
  facet normal -0 0 1
    outer loop
      vertex 19.9359 7.5833 5.6
      vertex 22.0609 6.02779 5.6
      vertex 22.0609 7.5833 5.6
    endloop
  endfacet
  facet normal 0 0 1
    outer loop
      vertex 22.0609 6.02779 5.6
      vertex 19.9359 7.5833 5.6
      vertex 19.9359 6.02779 5.6
    endloop
  endfacet
  facet normal -0 0 1
    outer loop
      vertex 22.0164 1.71222 5.6
      vertex 22.1442 0.208298 5.6
      vertex 22.1442 1.75 5.6
    endloop
  endfacet
  facet normal -0 0 1
    outer loop
      vertex 21.8886 1.67667 5.6
      vertex 22.1442 0.208298 5.6
      vertex 22.0164 1.71222 5.6
    endloop
  endfacet
  facet normal -0 0 1
    outer loop
      vertex 21.7609 1.64333 5.6
      vertex 22.1442 0.208298 5.6
      vertex 21.8886 1.67667 5.6
    endloop
  endfacet
  facet normal -0 0 1
    outer loop
      vertex 21.6331 1.6122 5.6
      vertex 22.1442 0.208298 5.6
      vertex 21.7609 1.64333 5.6
    endloop
  endfacet
  facet normal 0 0 1
    outer loop
      vertex 22.1442 0.208298 5.6
      vertex 21.6331 1.6122 5.6
      vertex 22.0045 0.154129 5.6
    endloop
  endfacet
  facet normal -0 0 1
    outer loop
      vertex 21.5053 1.5833 5.6
      vertex 22.0045 0.154129 5.6
      vertex 21.6331 1.6122 5.6
    endloop
  endfacet
  facet normal 0 0 1
    outer loop
      vertex 22.0045 0.154129 5.6
      vertex 21.5053 1.5833 5.6
      vertex 21.852 0.102737 5.6
    endloop
  endfacet
  facet normal -0 0 1
    outer loop
      vertex 21.3764 1.5583 5.6
      vertex 21.852 0.102737 5.6
      vertex 21.5053 1.5833 5.6
    endloop
  endfacet
  facet normal 0 0 1
    outer loop
      vertex 21.852 0.102737 5.6
      vertex 21.3764 1.5583 5.6
      vertex 21.6867 0.0541382 5.6
    endloop
  endfacet
  facet normal -0 0 1
    outer loop
      vertex 21.2453 1.53888 5.6
      vertex 21.6867 0.0541382 5.6
      vertex 21.3764 1.5583 5.6
    endloop
  endfacet
  facet normal 0 0 1
    outer loop
      vertex 21.6867 0.0541382 5.6
      vertex 21.2453 1.53888 5.6
      vertex 21.5086 0.0083313 5.6
    endloop
  endfacet
  facet normal -0 0 1
    outer loop
      vertex 21.112 1.52499 5.6
      vertex 21.5086 0.0083313 5.6
      vertex 21.2453 1.53888 5.6
    endloop
  endfacet
  facet normal 0 0 1
    outer loop
      vertex 21.5086 0.0083313 5.6
      vertex 21.112 1.52499 5.6
      vertex 21.3178 -0.0346985 5.6
    endloop
  endfacet
  facet normal -0 0 1
    outer loop
      vertex 20.9765 1.51666 5.6
      vertex 21.3178 -0.0346985 5.6
      vertex 21.112 1.52499 5.6
    endloop
  endfacet
  facet normal 0 0 1
    outer loop
      vertex 21.3178 -0.0346985 5.6
      vertex 20.9765 1.51666 5.6
      vertex 21.117 -0.0722046 5.6
    endloop
  endfacet
  facet normal -0 0 1
    outer loop
      vertex 20.8387 1.51389 5.6
      vertex 21.117 -0.0722046 5.6
      vertex 20.9765 1.51666 5.6
    endloop
  endfacet
  facet normal 0 0 1
    outer loop
      vertex 21.117 -0.0722046 5.6
      vertex 20.8387 1.51389 5.6
      vertex 20.9089 -0.101379 5.6
    endloop
  endfacet
  facet normal 0 0 1
    outer loop
      vertex 20.8387 1.51389 5.6
      vertex 20.6937 -0.122223 5.6
      vertex 20.9089 -0.101379 5.6
    endloop
  endfacet
  facet normal 0 0 1
    outer loop
      vertex 20.6837 1.52251 5.6
      vertex 20.6937 -0.122223 5.6
      vertex 20.8387 1.51389 5.6
    endloop
  endfacet
  facet normal 0 0 1
    outer loop
      vertex 20.4712 -0.13472 5.6
      vertex 20.6837 1.52251 5.6
      vertex 20.5409 1.54832 5.6
    endloop
  endfacet
  facet normal 0 0 1
    outer loop
      vertex 20.6837 1.52251 5.6
      vertex 20.4712 -0.13472 5.6
      vertex 20.6937 -0.122223 5.6
    endloop
  endfacet
  facet normal 0 0 1
    outer loop
      vertex 20.2415 -0.138885 5.6
      vertex 20.5409 1.54832 5.6
      vertex 20.4103 1.59137 5.6
    endloop
  endfacet
  facet normal 0 0 1
    outer loop
      vertex 19.7204 -0.103348 5.6
      vertex 20.4103 1.59137 5.6
      vertex 20.292 1.65163 5.6
    endloop
  endfacet
  facet normal 0 0 1
    outer loop
      vertex 20.5409 1.54832 5.6
      vertex 20.2415 -0.138885 5.6
      vertex 20.4712 -0.13472 5.6
    endloop
  endfacet
  facet normal 0 0 1
    outer loop
      vertex 19.7204 -0.103348 5.6
      vertex 20.292 1.65163 5.6
      vertex 20.1859 1.7291 5.6
    endloop
  endfacet
  facet normal 0 0 1
    outer loop
      vertex 19.7204 -0.103348 5.6
      vertex 20.1859 1.7291 5.6
      vertex 20.0959 1.82382 5.6
    endloop
  endfacet
  facet normal 0 0 1
    outer loop
      vertex 19.7204 -0.103348 5.6
      vertex 20.0959 1.82382 5.6
      vertex 20.0259 1.93578 5.6
    endloop
  endfacet
  facet normal 0 0 1
    outer loop
      vertex 19.7204 -0.103348 5.6
      vertex 20.0259 1.93578 5.6
      vertex 19.9759 2.06496 5.6
    endloop
  endfacet
  facet normal 0 0 1
    outer loop
      vertex 20.4103 1.59137 5.6
      vertex 19.9751 -0.130005 5.6
      vertex 20.2415 -0.138885 5.6
    endloop
  endfacet
  facet normal 0 0 1
    outer loop
      vertex 19.7204 -0.103348 5.6
      vertex 19.9759 2.06496 5.6
      vertex 19.9459 2.21136 5.6
    endloop
  endfacet
  facet normal 0 0 1
    outer loop
      vertex 19.7204 -0.103348 5.6
      vertex 19.9459 2.21136 5.6
      vertex 19.9359 2.375 5.6
    endloop
  endfacet
  facet normal 0 0 1
    outer loop
      vertex 20.4103 1.59137 5.6
      vertex 19.7204 -0.103348 5.6
      vertex 19.9751 -0.130005 5.6
    endloop
  endfacet
  facet normal 0 -0 1
    outer loop
      vertex 18.4645 0.467514 5.6
      vertex 19.9359 2.375 5.6
      vertex 18.3129 0.647812 5.6
    endloop
  endfacet
  facet normal 0 0 1
    outer loop
      vertex -11.9067 4.7222 5.6
      vertex -12.7123 3.4861 5.6
      vertex -11.9067 3.51389 5.6
    endloop
  endfacet
  facet normal -0 0 1
    outer loop
      vertex -13.2262 4.68059 5.6
      vertex -12.7123 3.4861 5.6
      vertex -11.9067 4.7222 5.6
    endloop
  endfacet
  facet normal 0 0 1
    outer loop
      vertex -12.7123 3.4861 5.6
      vertex -13.2262 4.68059 5.6
      vertex -13.0878 3.46275 5.6
    endloop
  endfacet
  facet normal 0 0 1
    outer loop
      vertex -13.2262 4.68059 5.6
      vertex -13.4145 3.41498 5.6
      vertex -13.0878 3.46275 5.6
    endloop
  endfacet
  facet normal -0 0 1
    outer loop
      vertex -13.8701 4.63753 5.6
      vertex -13.4145 3.41498 5.6
      vertex -13.2262 4.68059 5.6
    endloop
  endfacet
  facet normal 0 0 1
    outer loop
      vertex -13.4145 3.41498 5.6
      vertex -13.8701 4.63753 5.6
      vertex -13.6923 3.34276 5.6
    endloop
  endfacet
  facet normal -0 0 1
    outer loop
      vertex -14.4462 4.55278 5.6
      vertex -13.6923 3.34276 5.6
      vertex -13.8701 4.63753 5.6
    endloop
  endfacet
  facet normal 0 0 1
    outer loop
      vertex -13.6923 3.34276 5.6
      vertex -14.4462 4.55278 5.6
      vertex -13.9212 3.24609 5.6
    endloop
  endfacet
  facet normal 0 0 1
    outer loop
      vertex -13.9212 3.24609 5.6
      vertex -14.4462 4.55278 5.6
      vertex -14.1012 3.125 5.6
    endloop
  endfacet
  facet normal -0 0 1
    outer loop
      vertex -14.9545 4.42639 5.6
      vertex -14.1012 3.125 5.6
      vertex -14.4462 4.55278 5.6
    endloop
  endfacet
  facet normal 0 0 1
    outer loop
      vertex -14.1012 3.125 5.6
      vertex -14.9545 4.42639 5.6
      vertex -14.2412 2.98334 5.6
    endloop
  endfacet
  facet normal -0 0 1
    outer loop
      vertex -15.3951 4.25832 5.6
      vertex -14.2412 2.98334 5.6
      vertex -14.9545 4.42639 5.6
    endloop
  endfacet
  facet normal 0 0 1
    outer loop
      vertex -14.2412 2.98334 5.6
      vertex -15.3951 4.25832 5.6
      vertex -14.3501 2.82501 5.6
    endloop
  endfacet
  facet normal -0 0 1
    outer loop
      vertex -15.7679 4.0486 5.6
      vertex -14.3501 2.82501 5.6
      vertex -15.3951 4.25832 5.6
    endloop
  endfacet
  facet normal -0 0 1
    outer loop
      vertex -16.0729 3.79276 5.6
      vertex -14.3501 2.82501 5.6
      vertex -15.7679 4.0486 5.6
    endloop
  endfacet
  facet normal 0 0 1
    outer loop
      vertex -14.3501 2.82501 5.6
      vertex -16.0729 3.79276 5.6
      vertex -14.4279 2.65001 5.6
    endloop
  endfacet
  facet normal 0 -0 1
    outer loop
      vertex -16.5884 1.80029 5.6
      vertex -14.4901 2.25 5.6
      vertex -16.6151 2.26389 5.6
    endloop
  endfacet
  facet normal 0 0 1
    outer loop
      vertex -14.4901 2.25 5.6
      vertex -15.0233 -0.0444489 5.6
      vertex -14.6595 -0.11528 5.6
    endloop
  endfacet
  facet normal -0 0 1
    outer loop
      vertex -16.3101 3.48637 5.6
      vertex -14.4279 2.65001 5.6
      vertex -16.0729 3.79276 5.6
    endloop
  endfacet
  facet normal 0 0 1
    outer loop
      vertex -14.4901 2.25 5.6
      vertex -15.3595 0.0735931 5.6
      vertex -15.0233 -0.0444489 5.6
    endloop
  endfacet
  facet normal -0 0 1
    outer loop
      vertex -16.4795 3.12943 5.6
      vertex -14.4279 2.65001 5.6
      vertex -16.3101 3.48637 5.6
    endloop
  endfacet
  facet normal 0 -0 1
    outer loop
      vertex -16.3751 1.02473 5.6
      vertex -14.4901 2.25 5.6
      vertex -16.5084 1.38724 5.6
    endloop
  endfacet
  facet normal 0 0 1
    outer loop
      vertex -14.4279 2.65001 5.6
      vertex -16.4795 3.12943 5.6
      vertex -14.4745 2.45834 5.6
    endloop
  endfacet
  facet normal 0 0 1
    outer loop
      vertex -14.4901 2.25 5.6
      vertex -15.6678 0.238892 5.6
      vertex -15.3595 0.0735931 5.6
    endloop
  endfacet
  facet normal -0 0 1
    outer loop
      vertex -16.5812 2.72194 5.6
      vertex -14.4745 2.45834 5.6
      vertex -16.4795 3.12943 5.6
    endloop
  endfacet
  facet normal 0 0 1
    outer loop
      vertex -14.4901 2.25 5.6
      vertex -15.9484 0.451385 5.6
      vertex -15.6678 0.238892 5.6
    endloop
  endfacet
  facet normal 0 0 1
    outer loop
      vertex -14.4745 2.45834 5.6
      vertex -16.5812 2.72194 5.6
      vertex -14.4901 2.25 5.6
    endloop
  endfacet
  facet normal 0 -0 1
    outer loop
      vertex -16.1884 0.712784 5.6
      vertex -14.4901 2.25 5.6
      vertex -16.3751 1.02473 5.6
    endloop
  endfacet
  facet normal 0 0 1
    outer loop
      vertex -14.4901 2.25 5.6
      vertex -16.5812 2.72194 5.6
      vertex -16.6151 2.26389 5.6
    endloop
  endfacet
  facet normal 0 0 1
    outer loop
      vertex -14.4901 2.25 5.6
      vertex -16.1884 0.712784 5.6
      vertex -15.9484 0.451385 5.6
    endloop
  endfacet
  facet normal 0 -0 1
    outer loop
      vertex -16.5084 1.38724 5.6
      vertex -14.4901 2.25 5.6
      vertex -16.5884 1.80029 5.6
    endloop
  endfacet
  facet normal 0 0 1
    outer loop
      vertex -9.85118 5.05559 5.6
      vertex -11.9192 5.28169 5.6
      vertex -11.9067 5.05559 5.6
    endloop
  endfacet
  facet normal 0 0 1
    outer loop
      vertex -11.4281 7.4986 5.6
      vertex -11.9567 5.48224 5.6
      vertex -11.9192 5.28169 5.6
    endloop
  endfacet
  facet normal 0 0 1
    outer loop
      vertex -11.4281 7.4986 5.6
      vertex -12.0192 5.65721 5.6
      vertex -11.9567 5.48224 5.6
    endloop
  endfacet
  facet normal 0 0 1
    outer loop
      vertex -11.4281 7.4986 5.6
      vertex -12.1067 5.80663 5.6
      vertex -12.0192 5.65721 5.6
    endloop
  endfacet
  facet normal 0 0 1
    outer loop
      vertex -11.4281 7.4986 5.6
      vertex -12.2192 5.9305 5.6
      vertex -12.1067 5.80663 5.6
    endloop
  endfacet
  facet normal 0 0 1
    outer loop
      vertex -11.4281 7.4986 5.6
      vertex -12.3539 6.0305 5.6
      vertex -12.2192 5.9305 5.6
    endloop
  endfacet
  facet normal 0 0 1
    outer loop
      vertex -12.5081 6.10829 5.6
      vertex -11.8962 7.63054 5.6
      vertex -12.4215 7.7097 5.6
    endloop
  endfacet
  facet normal 0 0 1
    outer loop
      vertex -11.8962 7.63054 5.6
      vertex -12.5081 6.10829 5.6
      vertex -12.3539 6.0305 5.6
    endloop
  endfacet
  facet normal 0 0 1
    outer loop
      vertex -12.4215 7.7097 5.6
      vertex -12.6817 6.16385 5.6
      vertex -12.5081 6.10829 5.6
    endloop
  endfacet
  facet normal 0 0 1
    outer loop
      vertex -12.4215 7.7097 5.6
      vertex -12.8748 6.19717 5.6
      vertex -12.6817 6.16385 5.6
    endloop
  endfacet
  facet normal 0 0 1
    outer loop
      vertex -13.004 7.7361 5.6
      vertex -12.8748 6.19717 5.6
      vertex -12.4215 7.7097 5.6
    endloop
  endfacet
  facet normal 0 0 1
    outer loop
      vertex -13.004 7.7361 5.6
      vertex -13.0873 6.2083 5.6
      vertex -12.8748 6.19717 5.6
    endloop
  endfacet
  facet normal -0 0 1
    outer loop
      vertex -13.3237 7.72887 5.6
      vertex -13.0873 6.2083 5.6
      vertex -13.004 7.7361 5.6
    endloop
  endfacet
  facet normal 0 0 1
    outer loop
      vertex -13.0873 6.2083 5.6
      vertex -13.3237 7.72887 5.6
      vertex -13.3084 6.2019 5.6
    endloop
  endfacet
  facet normal -0 0 1
    outer loop
      vertex -13.6384 7.7072 5.6
      vertex -13.3084 6.2019 5.6
      vertex -13.3237 7.72887 5.6
    endloop
  endfacet
  facet normal 0 0 1
    outer loop
      vertex -13.3084 6.2019 5.6
      vertex -13.6384 7.7072 5.6
      vertex -13.5273 6.18274 5.6
    endloop
  endfacet
  facet normal -0 0 1
    outer loop
      vertex -13.9481 7.67108 5.6
      vertex -13.5273 6.18274 5.6
      vertex -13.6384 7.7072 5.6
    endloop
  endfacet
  facet normal 0 0 1
    outer loop
      vertex -13.5273 6.18274 5.6
      vertex -13.9481 7.67108 5.6
      vertex -13.7439 6.1508 5.6
    endloop
  endfacet
  facet normal -0 0 1
    outer loop
      vertex -14.2528 7.62051 5.6
      vertex -13.7439 6.1508 5.6
      vertex -13.9481 7.67108 5.6
    endloop
  endfacet
  facet normal 0 0 1
    outer loop
      vertex -13.7439 6.1508 5.6
      vertex -14.2528 7.62051 5.6
      vertex -13.9584 6.10608 5.6
    endloop
  endfacet
  facet normal -0 0 1
    outer loop
      vertex -14.5526 7.5555 5.6
      vertex -13.9584 6.10608 5.6
      vertex -14.2528 7.62051 5.6
    endloop
  endfacet
  facet normal 0 0 1
    outer loop
      vertex -13.9584 6.10608 5.6
      vertex -14.5526 7.5555 5.6
      vertex -14.1706 6.0486 5.6
    endloop
  endfacet
  facet normal -0 0 1
    outer loop
      vertex -14.8445 7.47774 5.6
      vertex -14.1706 6.0486 5.6
      vertex -14.5526 7.5555 5.6
    endloop
  endfacet
  facet normal 0 0 1
    outer loop
      vertex -14.1706 6.0486 5.6
      vertex -14.8445 7.47774 5.6
      vertex -14.3817 5.98166 5.6
    endloop
  endfacet
  facet normal 0 0 1
    outer loop
      vertex -14.3817 5.98166 5.6
      vertex -14.8445 7.47774 5.6
      vertex -14.5928 5.90862 5.6
    endloop
  endfacet
  facet normal -0 0 1
    outer loop
      vertex -15.1259 7.38887 5.6
      vertex -14.5928 5.90862 5.6
      vertex -14.8445 7.47774 5.6
    endloop
  endfacet
  facet normal 0 0 1
    outer loop
      vertex -14.5928 5.90862 5.6
      vertex -15.1259 7.38887 5.6
      vertex -14.8039 5.82945 5.6
    endloop
  endfacet
  facet normal -0 0 1
    outer loop
      vertex -15.3967 7.28889 5.6
      vertex -14.8039 5.82945 5.6
      vertex -15.1259 7.38887 5.6
    endloop
  endfacet
  facet normal 0 0 1
    outer loop
      vertex -14.8039 5.82945 5.6
      vertex -15.3967 7.28889 5.6
      vertex -15.0151 5.74417 5.6
    endloop
  endfacet
  facet normal -0 0 1
    outer loop
      vertex -15.657 7.1778 5.6
      vertex -15.0151 5.74417 5.6
      vertex -15.3967 7.28889 5.6
    endloop
  endfacet
  facet normal 0 0 1
    outer loop
      vertex -15.0151 5.74417 5.6
      vertex -15.657 7.1778 5.6
      vertex -15.2262 5.65279 5.6
    endloop
  endfacet
  facet normal 0 0 1
    outer loop
      vertex -15.2262 5.65279 5.6
      vertex -15.657 7.1778 5.6
      vertex -15.9067 7.05559 5.6
    endloop
  endfacet
  facet normal -0 0 1
    outer loop
      vertex -11.9192 5.28169 5.6
      vertex -9.85118 5.05559 5.6
      vertex -9.88368 5.57198 5.6
    endloop
  endfacet
  facet normal 0 0 1
    outer loop
      vertex -11.9192 5.28169 5.6
      vertex -9.88368 5.57198 5.6
      vertex -9.98119 6.03224 5.6
    endloop
  endfacet
  facet normal 0 0 1
    outer loop
      vertex -11.9192 5.28169 5.6
      vertex -9.98119 6.03224 5.6
      vertex -10.1437 6.4364 5.6
    endloop
  endfacet
  facet normal 0 0 1
    outer loop
      vertex -11.9192 5.28169 5.6
      vertex -10.1437 6.4364 5.6
      vertex -10.3712 6.78445 5.6
    endloop
  endfacet
  facet normal 0 0 1
    outer loop
      vertex -11.9192 5.28169 5.6
      vertex -10.3712 6.78445 5.6
      vertex -10.6637 7.07639 5.6
    endloop
  endfacet
  facet normal 0 0 1
    outer loop
      vertex -11.9192 5.28169 5.6
      vertex -10.6637 7.07639 5.6
      vertex -11.0173 7.31389 5.6
    endloop
  endfacet
  facet normal 0 0 1
    outer loop
      vertex -9.85118 5.05559 5.6
      vertex -11.9067 4.7222 5.6
      vertex -11.9067 3.51389 5.6
    endloop
  endfacet
  facet normal 0 0 1
    outer loop
      vertex -11.9192 5.28169 5.6
      vertex -11.0173 7.31389 5.6
      vertex -11.4281 7.4986 5.6
    endloop
  endfacet
  facet normal 0 0 1
    outer loop
      vertex -11.925 2.61307 5.6
      vertex -9.85118 5.05559 5.6
      vertex -11.9067 2.88889 5.6
    endloop
  endfacet
  facet normal 0 0 1
    outer loop
      vertex -9.85118 5.05559 5.6
      vertex -11.925 2.61307 5.6
      vertex -9.85118 0 5.6
    endloop
  endfacet
  facet normal 0 0 1
    outer loop
      vertex -12.3539 6.0305 5.6
      vertex -11.4281 7.4986 5.6
      vertex -11.8962 7.63054 5.6
    endloop
  endfacet
  facet normal 0 0 1
    outer loop
      vertex -9.85118 5.05559 5.6
      vertex -11.9067 5.05559 5.6
      vertex -11.9067 4.7222 5.6
    endloop
  endfacet
  facet normal 0 0 1
    outer loop
      vertex -9.85118 5.05559 5.6
      vertex -11.9067 3.51389 5.6
      vertex -11.9067 2.88889 5.6
    endloop
  endfacet
  facet normal 0 0 1
    outer loop
      vertex -9.85118 0 5.6
      vertex -11.6984 1.02779 5.6
      vertex -11.2956 0 5.6
    endloop
  endfacet
  facet normal 0 0 1
    outer loop
      vertex -9.85118 0 5.6
      vertex -11.925 2.61307 5.6
      vertex -11.6984 1.02779 5.6
    endloop
  endfacet
  facet normal -0 0 1
    outer loop
      vertex -11.98 2.36334 5.6
      vertex -11.6984 1.02779 5.6
      vertex -11.925 2.61307 5.6
    endloop
  endfacet
  facet normal -0 0 1
    outer loop
      vertex -12.0717 2.13972 5.6
      vertex -11.6984 1.02779 5.6
      vertex -11.98 2.36334 5.6
    endloop
  endfacet
  facet normal -0 0 1
    outer loop
      vertex -12.2001 1.9422 5.6
      vertex -11.6984 1.02779 5.6
      vertex -12.0717 2.13972 5.6
    endloop
  endfacet
  facet normal 0 0 1
    outer loop
      vertex -11.6984 1.02779 5.6
      vertex -12.2001 1.9422 5.6
      vertex -11.754 1.02779 5.6
    endloop
  endfacet
  facet normal -0 0 1
    outer loop
      vertex -12.3651 1.7708 5.6
      vertex -11.754 1.02779 5.6
      vertex -12.2001 1.9422 5.6
    endloop
  endfacet
  facet normal -0 0 1
    outer loop
      vertex -12.5567 1.62831 5.6
      vertex -11.754 1.02779 5.6
      vertex -12.3651 1.7708 5.6
    endloop
  endfacet
  facet normal 0 0 1
    outer loop
      vertex -11.754 1.02779 5.6
      vertex -12.5567 1.62831 5.6
      vertex -11.9506 0.796692 5.6
    endloop
  endfacet
  facet normal -0 0 1
    outer loop
      vertex -12.7651 1.51749 5.6
      vertex -11.9506 0.796692 5.6
      vertex -12.5567 1.62831 5.6
    endloop
  endfacet
  facet normal 0 0 1
    outer loop
      vertex -11.9506 0.796692 5.6
      vertex -12.7651 1.51749 5.6
      vertex -12.1518 0.592239 5.6
    endloop
  endfacet
  facet normal 0 0 1
    outer loop
      vertex -12.1518 0.592239 5.6
      vertex -12.7651 1.51749 5.6
      vertex -12.3573 0.414459 5.6
    endloop
  endfacet
  facet normal -0 0 1
    outer loop
      vertex -12.9901 1.43832 5.6
      vertex -12.3573 0.414459 5.6
      vertex -12.7651 1.51749 5.6
    endloop
  endfacet
  facet normal 0 0 1
    outer loop
      vertex -12.3573 0.414459 5.6
      vertex -12.9901 1.43832 5.6
      vertex -12.5673 0.263351 5.6
    endloop
  endfacet
  facet normal -0 0 1
    outer loop
      vertex -13.2317 1.39082 5.6
      vertex -12.5673 0.263351 5.6
      vertex -12.9901 1.43832 5.6
    endloop
  endfacet
  facet normal 0 0 1
    outer loop
      vertex -12.5673 0.263351 5.6
      vertex -13.2317 1.39082 5.6
      vertex -12.7818 0.138885 5.6
    endloop
  endfacet
  facet normal 0 0 1
    outer loop
      vertex -12.7818 0.138885 5.6
      vertex -13.2317 1.39082 5.6
      vertex -13.0145 0.0388794 5.6
    endloop
  endfacet
  facet normal -0 0 1
    outer loop
      vertex -13.4901 1.375 5.6
      vertex -13.0145 0.0388794 5.6
      vertex -13.2317 1.39082 5.6
    endloop
  endfacet
  facet normal 0 0 1
    outer loop
      vertex -13.0145 0.0388794 5.6
      vertex -13.4901 1.375 5.6
      vertex -13.2795 -0.0388794 5.6
    endloop
  endfacet
  facet normal 0 0 1
    outer loop
      vertex -13.4901 1.375 5.6
      vertex -13.5767 -0.0944519 5.6
      vertex -13.2795 -0.0388794 5.6
    endloop
  endfacet
  facet normal 0 0 1
    outer loop
      vertex -13.6612 1.38304 5.6
      vertex -13.5767 -0.0944519 5.6
      vertex -13.4901 1.375 5.6
    endloop
  endfacet
  facet normal 0 0 1
    outer loop
      vertex -13.9061 -0.127777 5.6
      vertex -13.6612 1.38304 5.6
      vertex -13.8189 1.40721 5.6
    endloop
  endfacet
  facet normal 0 0 1
    outer loop
      vertex -13.6612 1.38304 5.6
      vertex -13.9061 -0.127777 5.6
      vertex -13.5767 -0.0944519 5.6
    endloop
  endfacet
  facet normal 0 0 1
    outer loop
      vertex -13.9634 1.44749 5.6
      vertex -13.9061 -0.127777 5.6
      vertex -13.8189 1.40721 5.6
    endloop
  endfacet
  facet normal 0 0 1
    outer loop
      vertex -14.2678 -0.138885 5.6
      vertex -13.9634 1.44749 5.6
      vertex -14.0945 1.50389 5.6
    endloop
  endfacet
  facet normal 0 0 1
    outer loop
      vertex -14.6595 -0.11528 5.6
      vertex -14.0945 1.50389 5.6
      vertex -14.2123 1.57639 5.6
    endloop
  endfacet
  facet normal 0 0 1
    outer loop
      vertex -13.9634 1.44749 5.6
      vertex -14.2678 -0.138885 5.6
      vertex -13.9061 -0.127777 5.6
    endloop
  endfacet
  facet normal 0 0 1
    outer loop
      vertex -14.6595 -0.11528 5.6
      vertex -14.2123 1.57639 5.6
      vertex -14.3123 1.66779 5.6
    endloop
  endfacet
  facet normal 0 0 1
    outer loop
      vertex -14.6595 -0.11528 5.6
      vertex -14.3123 1.66779 5.6
      vertex -14.3901 1.78084 5.6
    endloop
  endfacet
  facet normal 0 0 1
    outer loop
      vertex -14.6595 -0.11528 5.6
      vertex -14.3901 1.78084 5.6
      vertex -14.4456 1.91556 5.6
    endloop
  endfacet
  facet normal 0 0 1
    outer loop
      vertex -14.6595 -0.11528 5.6
      vertex -14.4456 1.91556 5.6
      vertex -14.479 2.07195 5.6
    endloop
  endfacet
  facet normal 0 0 1
    outer loop
      vertex -14.0945 1.50389 5.6
      vertex -14.6595 -0.11528 5.6
      vertex -14.2678 -0.138885 5.6
    endloop
  endfacet
  facet normal 0 0 1
    outer loop
      vertex -14.6595 -0.11528 5.6
      vertex -14.479 2.07195 5.6
      vertex -14.4901 2.25 5.6
    endloop
  endfacet
  facet normal 0 0 1
    outer loop
      vertex 7.28783 -0.0138855 5.6
      vertex 5.21982 2.40639 5.6
      vertex 5.27393 0.986099 5.6
    endloop
  endfacet
  facet normal -0 0 1
    outer loop
      vertex 5.11285 2.14499 5.6
      vertex 5.27393 0.986099 5.6
      vertex 5.21982 2.40639 5.6
    endloop
  endfacet
  facet normal -0 0 1
    outer loop
      vertex 4.97533 1.9375 5.6
      vertex 5.27393 0.986099 5.6
      vertex 5.11285 2.14499 5.6
    endloop
  endfacet
  facet normal 0 0 1
    outer loop
      vertex 5.27393 0.986099 5.6
      vertex 4.97533 1.9375 5.6
      vertex 5.21843 0.986099 5.6
    endloop
  endfacet
  facet normal -0 0 1
    outer loop
      vertex 4.80618 1.77499 5.6
      vertex 5.21843 0.986099 5.6
      vertex 4.97533 1.9375 5.6
    endloop
  endfacet
  facet normal -0 0 1
    outer loop
      vertex 4.60425 1.64859 5.6
      vertex 5.21843 0.986099 5.6
      vertex 4.80618 1.77499 5.6
    endloop
  endfacet
  facet normal 0 0 1
    outer loop
      vertex 5.21843 0.986099 5.6
      vertex 4.60425 1.64859 5.6
      vertex 5.05676 0.760544 5.6
    endloop
  endfacet
  facet normal -0 0 1
    outer loop
      vertex 4.36952 1.55832 5.6
      vertex 5.05676 0.760544 5.6
      vertex 4.60425 1.64859 5.6
    endloop
  endfacet
  facet normal 0 0 1
    outer loop
      vertex 5.05676 0.760544 5.6
      vertex 4.36952 1.55832 5.6
      vertex 4.88286 0.561661 5.6
    endloop
  endfacet
  facet normal 0 0 1
    outer loop
      vertex 4.88286 0.561661 5.6
      vertex 4.36952 1.55832 5.6
      vertex 4.69675 0.389435 5.6
    endloop
  endfacet
  facet normal -0 0 1
    outer loop
      vertex 4.10202 1.50415 5.6
      vertex 4.69675 0.389435 5.6
      vertex 4.36952 1.55832 5.6
    endloop
  endfacet
  facet normal 0 0 1
    outer loop
      vertex 4.69675 0.389435 5.6
      vertex 4.10202 1.50415 5.6
      vertex 4.4984 0.243881 5.6
    endloop
  endfacet
  facet normal 0 0 1
    outer loop
      vertex 4.4984 0.243881 5.6
      vertex 4.10202 1.50415 5.6
      vertex 4.28783 0.125 5.6
    endloop
  endfacet
  facet normal -0 0 1
    outer loop
      vertex 3.80173 1.4861 5.6
      vertex 4.28783 0.125 5.6
      vertex 4.10202 1.50415 5.6
    endloop
  endfacet
  facet normal 0 0 1
    outer loop
      vertex 4.28783 0.125 5.6
      vertex 3.80173 1.4861 5.6
      vertex 4.06563 0.0299835 5.6
    endloop
  endfacet
  facet normal 0 0 1
    outer loop
      vertex 4.06563 0.0299835 5.6
      vertex 3.80173 1.4861 5.6
      vertex 3.83231 -0.0438843 5.6
    endloop
  endfacet
  facet normal 0 0 1
    outer loop
      vertex 3.80173 1.4861 5.6
      vertex 3.58788 -0.0966644 5.6
      vertex 3.83231 -0.0438843 5.6
    endloop
  endfacet
  facet normal 0 0 1
    outer loop
      vertex 3.26674 1.57664 5.6
      vertex 3.58788 -0.0966644 5.6
      vertex 3.80173 1.4861 5.6
    endloop
  endfacet
  facet normal 0 0 1
    outer loop
      vertex 3.58788 -0.0966644 5.6
      vertex 3.26674 1.57664 5.6
      vertex 3.33231 -0.128342 5.6
    endloop
  endfacet
  facet normal 0 0 1
    outer loop
      vertex 3.26674 1.57664 5.6
      vertex 3.06563 -0.138885 5.6
      vertex 3.33231 -0.128342 5.6
    endloop
  endfacet
  facet normal 0 0 1
    outer loop
      vertex 2.08231 0.0266418 5.6
      vertex 3.26674 1.57664 5.6
      vertex 2.85063 1.84831 5.6
    endloop
  endfacet
  facet normal 0 0 1
    outer loop
      vertex 0.961426 0.895798 5.6
      vertex 2.85063 1.84831 5.6
      vertex 2.55341 2.3011 5.6
    endloop
  endfacet
  facet normal 0 0 1
    outer loop
      vertex 3.26674 1.57664 5.6
      vertex 2.55035 -0.0975037 5.6
      vertex 3.06563 -0.138885 5.6
    endloop
  endfacet
  facet normal 0 0 1
    outer loop
      vertex 0.47702 1.85362 5.6
      vertex 2.55341 2.3011 5.6
      vertex 2.37508 2.93498 5.6
    endloop
  endfacet
  facet normal -0 0 1
    outer loop
      vertex 0.234802 3.07141 5.6
      vertex 2.37508 2.93498 5.6
      vertex 2.31563 3.75 5.6
    endloop
  endfacet
  facet normal 0 0 1
    outer loop
      vertex 3.26674 1.57664 5.6
      vertex 2.08231 0.0266418 5.6
      vertex 2.55035 -0.0975037 5.6
    endloop
  endfacet
  facet normal 0 0 1
    outer loop
      vertex 2.84062 5.67502 5.6
      vertex 0.98233 6.6805 5.6
      vertex 2.54897 5.21667 5.6
    endloop
  endfacet
  facet normal -0 0 1
    outer loop
      vertex 0.702332 6.23108 5.6
      vertex 2.54897 5.21667 5.6
      vertex 0.98233 6.6805 5.6
    endloop
  endfacet
  facet normal 0 -0 1
    outer loop
      vertex 0.234802 3.07141 5.6
      vertex 2.31563 3.75 5.6
      vertex 0.204529 3.77779 5.6
    endloop
  endfacet
  facet normal -0 0 1
    outer loop
      vertex 0.484543 5.71609 5.6
      vertex 2.54897 5.21667 5.6
      vertex 0.702332 6.23108 5.6
    endloop
  endfacet
  facet normal 0 0 1
    outer loop
      vertex 2.37508 2.93498 5.6
      vertex 0.234802 3.07141 5.6
      vertex 0.325638 2.43002 5.6
    endloop
  endfacet
  facet normal 0 0 1
    outer loop
      vertex 2.54897 5.21667 5.6
      vertex 0.484543 5.71609 5.6
      vertex 2.37396 4.575 5.6
    endloop
  endfacet
  facet normal 0 0 1
    outer loop
      vertex 2.37508 2.93498 5.6
      vertex 0.325638 2.43002 5.6
      vertex 0.47702 1.85362 5.6
    endloop
  endfacet
  facet normal -0 0 1
    outer loop
      vertex 0.328979 5.13556 5.6
      vertex 2.37396 4.575 5.6
      vertex 0.484543 5.71609 5.6
    endloop
  endfacet
  facet normal 0 0 1
    outer loop
      vertex 2.55341 2.3011 5.6
      vertex 0.47702 1.85362 5.6
      vertex 0.68895 1.34221 5.6
    endloop
  endfacet
  facet normal 0 0 1
    outer loop
      vertex 0.235641 4.48946 5.6
      vertex 2.37396 4.575 5.6
      vertex 0.328979 5.13556 5.6
    endloop
  endfacet
  facet normal 0 0 1
    outer loop
      vertex 2.55341 2.3011 5.6
      vertex 0.68895 1.34221 5.6
      vertex 0.961426 0.895798 5.6
    endloop
  endfacet
  facet normal 0 0 1
    outer loop
      vertex 2.37396 4.575 5.6
      vertex 0.235641 4.48946 5.6
      vertex 2.31563 3.75 5.6
    endloop
  endfacet
  facet normal 0 0 1
    outer loop
      vertex 2.31563 3.75 5.6
      vertex 0.235641 4.48946 5.6
      vertex 0.204529 3.77779 5.6
    endloop
  endfacet
  facet normal 0 0 1
    outer loop
      vertex 2.85063 1.84831 5.6
      vertex 0.961426 0.895798 5.6
      vertex 1.28784 0.5233 5.6
    endloop
  endfacet
  facet normal 0 0 1
    outer loop
      vertex 2.85063 1.84831 5.6
      vertex 1.28784 0.5233 5.6
      vertex 1.66147 0.233582 5.6
    endloop
  endfacet
  facet normal 0 0 1
    outer loop
      vertex 2.85063 1.84831 5.6
      vertex 1.66147 0.233582 5.6
      vertex 2.08231 0.0266418 5.6
    endloop
  endfacet
  facet normal 0 0 1
    outer loop
      vertex 7.28783 7.5833 5.6
      vertex 5.34233 4.22499 5.6
      vertex 5.35733 3.76389 5.6
    endloop
  endfacet
  facet normal 0 0 1
    outer loop
      vertex 4.98233 5.51389 5.6
      vertex 5.37123 6.6111 5.6
      vertex 5.31563 6.6111 5.6
    endloop
  endfacet
  facet normal 0 0 1
    outer loop
      vertex 7.28783 7.5833 5.6
      vertex 5.29733 4.63055 5.6
      vertex 5.34233 4.22499 5.6
    endloop
  endfacet
  facet normal 0 0 1
    outer loop
      vertex 7.28783 7.5833 5.6
      vertex 5.22234 4.98055 5.6
      vertex 5.29733 4.63055 5.6
    endloop
  endfacet
  facet normal 0 0 1
    outer loop
      vertex 5.37123 6.6111 5.6
      vertex 5.11734 5.27499 5.6
      vertex 5.22234 4.98055 5.6
    endloop
  endfacet
  facet normal 0 0 1
    outer loop
      vertex 5.37123 6.6111 5.6
      vertex 4.98233 5.51389 5.6
      vertex 5.11734 5.27499 5.6
    endloop
  endfacet
  facet normal 0 0 1
    outer loop
      vertex 4.60899 5.85168 5.6
      vertex 5.31563 6.6111 5.6
      vertex 4.97452 7.01109 5.6
    endloop
  endfacet
  facet normal 0 0 1
    outer loop
      vertex 5.31563 6.6111 5.6
      vertex 4.814 5.7039 5.6
      vertex 4.98233 5.51389 5.6
    endloop
  endfacet
  facet normal 0 0 1
    outer loop
      vertex 5.31563 6.6111 5.6
      vertex 4.60899 5.85168 5.6
      vertex 4.814 5.7039 5.6
    endloop
  endfacet
  facet normal 0 0 1
    outer loop
      vertex 4.08896 6.02058 5.6
      vertex 4.97452 7.01109 5.6
      vertex 4.58452 7.32219 5.6
    endloop
  endfacet
  facet normal 0 0 1
    outer loop
      vertex 4.97452 7.01109 5.6
      vertex 4.36731 5.95724 5.6
      vertex 4.60899 5.85168 5.6
    endloop
  endfacet
  facet normal 0 0 1
    outer loop
      vertex 4.08896 6.02058 5.6
      vertex 4.58452 7.32219 5.6
      vertex 4.14563 7.54442 5.6
    endloop
  endfacet
  facet normal 0 0 1
    outer loop
      vertex 4.97452 7.01109 5.6
      vertex 4.08896 6.02058 5.6
      vertex 4.36731 5.95724 5.6
    endloop
  endfacet
  facet normal 0 0 1
    outer loop
      vertex 4.14563 7.54442 5.6
      vertex 3.77393 6.04169 5.6
      vertex 4.08896 6.02058 5.6
    endloop
  endfacet
  facet normal 0 0 1
    outer loop
      vertex 3.65787 7.67775 5.6
      vertex 3.77393 6.04169 5.6
      vertex 4.14563 7.54442 5.6
    endloop
  endfacet
  facet normal 0 0 1
    outer loop
      vertex 3.65787 7.67775 5.6
      vertex 3.24895 5.95003 5.6
      vertex 3.77393 6.04169 5.6
    endloop
  endfacet
  facet normal 0 0 1
    outer loop
      vertex 3.12123 7.7222 5.6
      vertex 3.24895 5.95003 5.6
      vertex 3.65787 7.67775 5.6
    endloop
  endfacet
  facet normal -0 0 1
    outer loop
      vertex 2.60013 7.68053 5.6
      vertex 3.24895 5.95003 5.6
      vertex 3.12123 7.7222 5.6
    endloop
  endfacet
  facet normal -0 0 1
    outer loop
      vertex 2.12569 7.55553 5.6
      vertex 3.24895 5.95003 5.6
      vertex 2.60013 7.68053 5.6
    endloop
  endfacet
  facet normal 0 0 1
    outer loop
      vertex 3.24895 5.95003 5.6
      vertex 2.12569 7.55553 5.6
      vertex 2.84062 5.67502 5.6
    endloop
  endfacet
  facet normal -0 0 1
    outer loop
      vertex 1.69791 7.34718 5.6
      vertex 2.84062 5.67502 5.6
      vertex 2.12569 7.55553 5.6
    endloop
  endfacet
  facet normal -0 0 1
    outer loop
      vertex 0.98233 6.6805 5.6
      vertex 2.84062 5.67502 5.6
      vertex 1.31679 7.05551 5.6
    endloop
  endfacet
  facet normal -0 0 1
    outer loop
      vertex 1.31679 7.05551 5.6
      vertex 2.84062 5.67502 5.6
      vertex 1.69791 7.34718 5.6
    endloop
  endfacet
  facet normal -0 0 1
    outer loop
      vertex 5.35733 3.76389 5.6
      vertex 7.28783 -0.0138855 5.6
      vertex 7.28783 7.5833 5.6
    endloop
  endfacet
  facet normal -0 0 1
    outer loop
      vertex 5.34206 3.09084 5.6
      vertex 7.28783 -0.0138855 5.6
      vertex 5.35733 3.51389 5.6
    endloop
  endfacet
  facet normal -0 0 1
    outer loop
      vertex 5.21982 2.40639 5.6
      vertex 7.28783 -0.0138855 5.6
      vertex 5.29622 2.72166 5.6
    endloop
  endfacet
  facet normal -0 0 1
    outer loop
      vertex 5.26813 0.906113 5.6
      vertex 7.28783 -0.0138855 5.6
      vertex 5.27393 0.986099 5.6
    endloop
  endfacet
  facet normal -0 0 1
    outer loop
      vertex 5.26176 0.821671 5.6
      vertex 7.28783 -0.0138855 5.6
      vertex 5.26813 0.906113 5.6
    endloop
  endfacet
  facet normal -0 0 1
    outer loop
      vertex 5.25482 0.732803 5.6
      vertex 7.28783 -0.0138855 5.6
      vertex 5.26176 0.821671 5.6
    endloop
  endfacet
  facet normal 0 0 1
    outer loop
      vertex 5.37123 6.6111 5.6
      vertex 7.28783 7.5833 5.6
      vertex 5.53783 7.5833 5.6
    endloop
  endfacet
  facet normal -0 0 1
    outer loop
      vertex 5.29622 2.72166 5.6
      vertex 7.28783 -0.0138855 5.6
      vertex 5.34206 3.09084 5.6
    endloop
  endfacet
  facet normal 0 0 1
    outer loop
      vertex 5.22234 4.98055 5.6
      vertex 7.28783 7.5833 5.6
      vertex 5.37123 6.6111 5.6
    endloop
  endfacet
  facet normal 0 0 1
    outer loop
      vertex 7.28783 -0.0138855 5.6
      vertex 5.35733 3.76389 5.6
      vertex 5.35733 3.51389 5.6
    endloop
  endfacet
  facet normal -0 0 1
    outer loop
      vertex 5.23923 0.541687 5.6
      vertex 7.28783 -0.0138855 5.6
      vertex 5.24731 0.639465 5.6
    endloop
  endfacet
  facet normal -0 0 1
    outer loop
      vertex 5.23175 0.442245 5.6
      vertex 7.28783 -0.0138855 5.6
      vertex 5.23923 0.541687 5.6
    endloop
  endfacet
  facet normal -0 0 1
    outer loop
      vertex 5.24731 0.639465 5.6
      vertex 7.28783 -0.0138855 5.6
      vertex 5.25482 0.732803 5.6
    endloop
  endfacet
  facet normal -0 0 1
    outer loop
      vertex 5.22592 0.343918 5.6
      vertex 7.28783 -0.0138855 5.6
      vertex 5.23175 0.442245 5.6
    endloop
  endfacet
  facet normal -0 0 1
    outer loop
      vertex 5.22176 0.246689 5.6
      vertex 7.28783 -0.0138855 5.6
      vertex 5.22592 0.343918 5.6
    endloop
  endfacet
  facet normal -0 0 1
    outer loop
      vertex 5.21927 0.150589 5.6
      vertex 7.28783 -0.0138855 5.6
      vertex 5.22176 0.246689 5.6
    endloop
  endfacet
  facet normal -0 0 1
    outer loop
      vertex 5.21843 0.0555878 5.6
      vertex 7.28783 -0.0138855 5.6
      vertex 5.21927 0.150589 5.6
    endloop
  endfacet
  facet normal 0 0 1
    outer loop
      vertex 5.21843 -0.0971985 5.6
      vertex 7.28783 -0.0138855 5.6
      vertex 5.21843 0.0555878 5.6
    endloop
  endfacet
  facet normal 0 0 1
    outer loop
      vertex 6.94284 -1.68388 5.6
      vertex 4.96288 -1.1994 5.6
      vertex 6.67451 -2.1161 5.6
    endloop
  endfacet
  facet normal 0 0 1
    outer loop
      vertex 7.28783 -0.0138855 5.6
      vertex 5.21843 -0.0971985 5.6
      vertex 7.2495 -0.632782 5.6
    endloop
  endfacet
  facet normal 0 0 1
    outer loop
      vertex 5.15454 -0.717178 5.6
      vertex 7.2495 -0.632782 5.6
      vertex 5.21843 -0.0971985 5.6
    endloop
  endfacet
  facet normal 0 0 1
    outer loop
      vertex 7.13451 -1.18944 5.6
      vertex 5.15454 -0.717178 5.6
      vertex 6.94284 -1.68388 5.6
    endloop
  endfacet
  facet normal 0 0 1
    outer loop
      vertex 7.2495 -0.632782 5.6
      vertex 5.15454 -0.717178 5.6
      vertex 7.13451 -1.18944 5.6
    endloop
  endfacet
  facet normal -0 0 1
    outer loop
      vertex 4.96288 -1.1994 5.6
      vertex 6.94284 -1.68388 5.6
      vertex 5.15454 -0.717178 5.6
    endloop
  endfacet
  facet normal 0 0 1
    outer loop
      vertex 6.67451 -2.1161 5.6
      vertex 4.96288 -1.1994 5.6
      vertex 6.32953 -2.4861 5.6
    endloop
  endfacet
  facet normal 0 0 1
    outer loop
      vertex 6.32953 -2.4861 5.6
      vertex 4.96288 -1.1994 5.6
      vertex 5.90955 -2.79109 5.6
    endloop
  endfacet
  facet normal -0 0 1
    outer loop
      vertex 4.64345 -1.54384 5.6
      vertex 5.90955 -2.79109 5.6
      vertex 4.96288 -1.1994 5.6
    endloop
  endfacet
  facet normal 0 0 1
    outer loop
      vertex 5.90955 -2.79109 5.6
      vertex 4.64345 -1.54384 5.6
      vertex 5.41621 -3.02831 5.6
    endloop
  endfacet
  facet normal 0 0 1
    outer loop
      vertex 5.41621 -3.02831 5.6
      vertex 4.64345 -1.54384 5.6
      vertex 4.84956 -3.19774 5.6
    endloop
  endfacet
  facet normal -0 0 1
    outer loop
      vertex 4.19623 -1.7505 5.6
      vertex 4.84956 -3.19774 5.6
      vertex 4.64345 -1.54384 5.6
    endloop
  endfacet
  facet normal 0 0 1
    outer loop
      vertex 4.84956 -3.19774 5.6
      vertex 4.19623 -1.7505 5.6
      vertex 4.20956 -3.29941 5.6
    endloop
  endfacet
  facet normal -0 0 1
    outer loop
      vertex 3.62123 -1.8194 5.6
      vertex 4.20956 -3.29941 5.6
      vertex 4.19623 -1.7505 5.6
    endloop
  endfacet
  facet normal 0 0 1
    outer loop
      vertex 3.62123 -1.8194 5.6
      vertex 3.49623 -3.3333 5.6
      vertex 4.20956 -3.29941 5.6
    endloop
  endfacet
  facet normal 0 0 1
    outer loop
      vertex 3.62123 -1.8194 5.6
      vertex 3.17871 -3.32941 5.6
      vertex 3.49623 -3.3333 5.6
    endloop
  endfacet
  facet normal 0 0 1
    outer loop
      vertex 3.00511 -1.79607 5.6
      vertex 3.17871 -3.32941 5.6
      vertex 3.62123 -1.8194 5.6
    endloop
  endfacet
  facet normal 0 0 1
    outer loop
      vertex 3.00511 -1.79607 5.6
      vertex 2.87065 -3.31773 5.6
      vertex 3.17871 -3.32941 5.6
    endloop
  endfacet
  facet normal 0 0 1
    outer loop
      vertex 3.00511 -1.79607 5.6
      vertex 2.57204 -3.29829 5.6
      vertex 2.87065 -3.31773 5.6
    endloop
  endfacet
  facet normal 0 0 1
    outer loop
      vertex 2.4012 -1.72606 5.6
      vertex 2.57204 -3.29829 5.6
      vertex 3.00511 -1.79607 5.6
    endloop
  endfacet
  facet normal 0 0 1
    outer loop
      vertex 2.4012 -1.72606 5.6
      vertex 2.28285 -3.27109 5.6
      vertex 2.57204 -3.29829 5.6
    endloop
  endfacet
  facet normal 0 0 1
    outer loop
      vertex 2.4012 -1.72606 5.6
      vertex 2.00313 -3.2361 5.6
      vertex 2.28285 -3.27109 5.6
    endloop
  endfacet
  facet normal 0 0 1
    outer loop
      vertex 1.72952 -3.1911 5.6
      vertex 2.4012 -1.72606 5.6
      vertex 1.80952 -1.60941 5.6
    endloop
  endfacet
  facet normal 0 0 1
    outer loop
      vertex 2.4012 -1.72606 5.6
      vertex 1.72952 -3.1911 5.6
      vertex 2.00313 -3.2361 5.6
    endloop
  endfacet
  facet normal 0 0 1
    outer loop
      vertex 1.80952 -1.60941 5.6
      vertex 1.45868 -3.13388 5.6
      vertex 1.72952 -3.1911 5.6
    endloop
  endfacet
  facet normal 0 0 1
    outer loop
      vertex 1.19063 -3.06444 5.6
      vertex 1.80952 -1.60941 5.6
      vertex 1.23007 -1.44608 5.6
    endloop
  endfacet
  facet normal 0 0 1
    outer loop
      vertex 1.80952 -1.60941 5.6
      vertex 1.19063 -3.06444 5.6
      vertex 1.45868 -3.13388 5.6
    endloop
  endfacet
  facet normal 0 0 1
    outer loop
      vertex 1.23007 -1.44608 5.6
      vertex 0.925339 -2.98277 5.6
      vertex 1.19063 -3.06444 5.6
    endloop
  endfacet
  facet normal 0 0 1
    outer loop
      vertex 0.662827 -2.88889 5.6
      vertex 1.23007 -1.44608 5.6
      vertex 0.662827 -1.2361 5.6
    endloop
  endfacet
  facet normal 0 0 1
    outer loop
      vertex 1.23007 -1.44608 5.6
      vertex 0.662827 -2.88889 5.6
      vertex 0.925339 -2.98277 5.6
    endloop
  endfacet
  facet normal 0 0 1
    outer loop
      vertex 16.1185 4.29529 5.6
      vertex 14.0116 4.23309 5.6
      vertex 14.0263 3.80559 5.6
    endloop
  endfacet
  facet normal 0 0 1
    outer loop
      vertex 14.3735 7.26389 5.6
      vertex 13.9674 4.61559 5.6
      vertex 14.0116 4.23309 5.6
    endloop
  endfacet
  facet normal 0 0 1
    outer loop
      vertex 14.3735 7.26389 5.6
      vertex 13.8938 4.95309 5.6
      vertex 13.9674 4.61559 5.6
    endloop
  endfacet
  facet normal 0 0 1
    outer loop
      vertex 14.3735 7.26389 5.6
      vertex 13.7907 5.24559 5.6
      vertex 13.8938 4.95309 5.6
    endloop
  endfacet
  facet normal 0 0 1
    outer loop
      vertex 13.2893 5.85309 5.6
      vertex 14.0357 7.42888 5.6
      vertex 13.6779 7.55721 5.6
    endloop
  endfacet
  facet normal 0 0 1
    outer loop
      vertex 14.3735 7.26389 5.6
      vertex 13.6582 5.49309 5.6
      vertex 13.7907 5.24559 5.6
    endloop
  endfacet
  facet normal 0 0 1
    outer loop
      vertex 14.3735 7.26389 5.6
      vertex 13.4924 5.69559 5.6
      vertex 13.6582 5.49309 5.6
    endloop
  endfacet
  facet normal 0 0 1
    outer loop
      vertex 13.0491 5.96559 5.6
      vertex 13.6779 7.55721 5.6
      vertex 13.3002 7.64886 5.6
    endloop
  endfacet
  facet normal 0 0 1
    outer loop
      vertex 14.3735 7.26389 5.6
      vertex 13.2893 5.85309 5.6
      vertex 13.4924 5.69559 5.6
    endloop
  endfacet
  facet normal 0 0 1
    outer loop
      vertex 13.6779 7.55721 5.6
      vertex 13.0491 5.96559 5.6
      vertex 13.2893 5.85309 5.6
    endloop
  endfacet
  facet normal 0 0 1
    outer loop
      vertex 12.7716 6.0331 5.6
      vertex 13.3002 7.64886 5.6
      vertex 12.9024 7.70386 5.6
    endloop
  endfacet
  facet normal 0 0 1
    outer loop
      vertex 13.3002 7.64886 5.6
      vertex 12.7716 6.0331 5.6
      vertex 13.0491 5.96559 5.6
    endloop
  endfacet
  facet normal 0 0 1
    outer loop
      vertex 12.4569 6.05559 5.6
      vertex 12.9024 7.70386 5.6
      vertex 12.4846 7.7222 5.6
    endloop
  endfacet
  facet normal 0 0 1
    outer loop
      vertex 12.9024 7.70386 5.6
      vertex 12.4569 6.05559 5.6
      vertex 12.7716 6.0331 5.6
    endloop
  endfacet
  facet normal 0 0 1
    outer loop
      vertex 12.4846 7.7222 5.6
      vertex 12.1471 6.0331 5.6
      vertex 12.4569 6.05559 5.6
    endloop
  endfacet
  facet normal -0 0 1
    outer loop
      vertex 11.8251 7.68164 5.6
      vertex 12.1471 6.0331 5.6
      vertex 12.4846 7.7222 5.6
    endloop
  endfacet
  facet normal 0 0 1
    outer loop
      vertex 12.1471 6.0331 5.6
      vertex 11.8251 7.68164 5.6
      vertex 11.8735 5.96559 5.6
    endloop
  endfacet
  facet normal -0 0 1
    outer loop
      vertex 11.2246 7.55997 5.6
      vertex 11.8735 5.96559 5.6
      vertex 11.8251 7.68164 5.6
    endloop
  endfacet
  facet normal 0 0 1
    outer loop
      vertex 11.8735 5.96559 5.6
      vertex 11.2246 7.55997 5.6
      vertex 11.636 5.85309 5.6
    endloop
  endfacet
  facet normal -0 0 1
    outer loop
      vertex 10.6829 7.35719 5.6
      vertex 11.636 5.85309 5.6
      vertex 11.2246 7.55997 5.6
    endloop
  endfacet
  facet normal 0 0 1
    outer loop
      vertex 11.636 5.85309 5.6
      vertex 10.6829 7.35719 5.6
      vertex 11.4346 5.69559 5.6
    endloop
  endfacet
  facet normal -0 0 1
    outer loop
      vertex 10.2002 7.0733 5.6
      vertex 11.4346 5.69559 5.6
      vertex 10.6829 7.35719 5.6
    endloop
  endfacet
  facet normal 0 0 1
    outer loop
      vertex 11.4346 5.69559 5.6
      vertex 10.2002 7.0733 5.6
      vertex 11.2693 5.49309 5.6
    endloop
  endfacet
  facet normal -0 0 1
    outer loop
      vertex 9.77628 6.7083 5.6
      vertex 11.2693 5.49309 5.6
      vertex 10.2002 7.0733 5.6
    endloop
  endfacet
  facet normal -0 0 1
    outer loop
      vertex 9.42128 6.26773 5.6
      vertex 11.2693 5.49309 5.6
      vertex 9.77628 6.7083 5.6
    endloop
  endfacet
  facet normal 0 0 1
    outer loop
      vertex 11.2693 5.49309 5.6
      vertex 9.42128 6.26773 5.6
      vertex 11.1368 5.24559 5.6
    endloop
  endfacet
  facet normal -0 0 1
    outer loop
      vertex 9.14517 5.75719 5.6
      vertex 11.1368 5.24559 5.6
      vertex 9.42128 6.26773 5.6
    endloop
  endfacet
  facet normal 0 0 1
    outer loop
      vertex 11.1368 5.24559 5.6
      vertex 9.14517 5.75719 5.6
      vertex 11.0338 4.95309 5.6
    endloop
  endfacet
  facet normal 0 -0 1
    outer loop
      vertex 8.80907 3.31531 5.6
      vertex 10.9013 3.80559 5.6
      vertex 8.79018 3.80559 5.6
    endloop
  endfacet
  facet normal 0 -0 1
    outer loop
      vertex 8.86572 2.85558 5.6
      vertex 10.9013 3.80559 5.6
      vertex 8.80907 3.31531 5.6
    endloop
  endfacet
  facet normal -0 0 1
    outer loop
      vertex 8.94795 5.17665 5.6
      vertex 11.0338 4.95309 5.6
      vertex 9.14517 5.75719 5.6
    endloop
  endfacet
  facet normal 0 -0 1
    outer loop
      vertex 8.96017 2.42639 5.6
      vertex 10.9013 3.80559 5.6
      vertex 8.86572 2.85558 5.6
    endloop
  endfacet
  facet normal 0 0 1
    outer loop
      vertex 11.0338 4.95309 5.6
      vertex 8.94795 5.17665 5.6
      vertex 10.9602 4.61559 5.6
    endloop
  endfacet
  facet normal 0 -0 1
    outer loop
      vertex 9.09239 2.02777 5.6
      vertex 10.9013 3.80559 5.6
      vertex 8.96017 2.42639 5.6
    endloop
  endfacet
  facet normal 0 0 1
    outer loop
      vertex 10.9013 3.80559 5.6
      vertex 10.561 0.319397 5.6
      vertex 10.9007 0.154404 5.6
    endloop
  endfacet
  facet normal 0 0 1
    outer loop
      vertex 8.82962 4.52612 5.6
      vertex 10.9602 4.61559 5.6
      vertex 8.94795 5.17665 5.6
    endloop
  endfacet
  facet normal 0 0 1
    outer loop
      vertex 10.9013 3.80559 5.6
      vertex 10.2446 0.519699 5.6
      vertex 10.561 0.319397 5.6
    endloop
  endfacet
  facet normal 0 0 1
    outer loop
      vertex 10.9602 4.61559 5.6
      vertex 8.82962 4.52612 5.6
      vertex 10.916 4.23309 5.6
    endloop
  endfacet
  facet normal 0 0 1
    outer loop
      vertex 10.9013 3.80559 5.6
      vertex 9.95653 0.753876 5.6
      vertex 10.2446 0.519699 5.6
    endloop
  endfacet
  facet normal 0 0 1
    outer loop
      vertex 10.9013 3.80559 5.6
      vertex 9.69681 1.02193 5.6
      vertex 9.95653 0.753876 5.6
    endloop
  endfacet
  facet normal 0 0 1
    outer loop
      vertex 8.79018 3.80559 5.6
      vertex 10.916 4.23309 5.6
      vertex 8.82962 4.52612 5.6
    endloop
  endfacet
  facet normal 0 0 1
    outer loop
      vertex 10.916 4.23309 5.6
      vertex 8.79018 3.80559 5.6
      vertex 10.9013 3.80559 5.6
    endloop
  endfacet
  facet normal 0 0 1
    outer loop
      vertex 10.9013 3.80559 5.6
      vertex 9.46542 1.32387 5.6
      vertex 9.69681 1.02193 5.6
    endloop
  endfacet
  facet normal 0 0 1
    outer loop
      vertex 10.9013 3.80559 5.6
      vertex 9.26237 1.6597 5.6
      vertex 9.46542 1.32387 5.6
    endloop
  endfacet
  facet normal 0 0 1
    outer loop
      vertex 10.9013 3.80559 5.6
      vertex 9.09239 2.02777 5.6
      vertex 9.26237 1.6597 5.6
    endloop
  endfacet
  facet normal 0 0 1
    outer loop
      vertex 14.0263 3.80559 5.6
      vertex 16.1374 3.80559 5.6
      vertex 16.1185 4.29529 5.6
    endloop
  endfacet
  facet normal 0 0 1
    outer loop
      vertex 14.0116 4.23309 5.6
      vertex 16.1185 4.29529 5.6
      vertex 16.0618 4.75333 5.6
    endloop
  endfacet
  facet normal 0 0 1
    outer loop
      vertex 14.0116 3.37753 5.6
      vertex 16.1374 3.80559 5.6
      vertex 14.0263 3.80559 5.6
    endloop
  endfacet
  facet normal 0 0 1
    outer loop
      vertex 14.0116 4.23309 5.6
      vertex 16.0618 4.75333 5.6
      vertex 15.9674 5.1797 5.6
    endloop
  endfacet
  facet normal 0 0 1
    outer loop
      vertex 14.0116 4.23309 5.6
      vertex 15.9674 5.1797 5.6
      vertex 15.8352 5.57442 5.6
    endloop
  endfacet
  facet normal 0 0 1
    outer loop
      vertex 16.1374 3.80559 5.6
      vertex 14.0116 3.37753 5.6
      vertex 16.0977 3.08447 5.6
    endloop
  endfacet
  facet normal 0 0 1
    outer loop
      vertex 14.0116 4.23309 5.6
      vertex 15.8352 5.57442 5.6
      vertex 15.6652 5.9375 5.6
    endloop
  endfacet
  facet normal 0 0 1
    outer loop
      vertex 13.9674 2.99336 5.6
      vertex 16.0977 3.08447 5.6
      vertex 14.0116 3.37753 5.6
    endloop
  endfacet
  facet normal 0 0 1
    outer loop
      vertex 14.0116 4.23309 5.6
      vertex 15.6652 5.9375 5.6
      vertex 15.4624 6.26834 5.6
    endloop
  endfacet
  facet normal 0 0 1
    outer loop
      vertex 14.0116 4.23309 5.6
      vertex 15.4624 6.26834 5.6
      vertex 15.2319 6.56641 5.6
    endloop
  endfacet
  facet normal 0 0 1
    outer loop
      vertex 16.0977 3.08447 5.6
      vertex 13.9674 2.99336 5.6
      vertex 15.9785 2.43225 5.6
    endloop
  endfacet
  facet normal 0 0 1
    outer loop
      vertex 14.0116 4.23309 5.6
      vertex 15.2319 6.56641 5.6
      vertex 14.9735 6.83168 5.6
    endloop
  endfacet
  facet normal -0 0 1
    outer loop
      vertex 13.8938 2.65309 5.6
      vertex 15.9785 2.43225 5.6
      vertex 13.9674 2.99336 5.6
    endloop
  endfacet
  facet normal 0 0 1
    outer loop
      vertex 14.0116 4.23309 5.6
      vertex 14.9735 6.83168 5.6
      vertex 14.6874 7.06418 5.6
    endloop
  endfacet
  facet normal 0 0 1
    outer loop
      vertex 14.0116 4.23309 5.6
      vertex 14.6874 7.06418 5.6
      vertex 14.3735 7.26389 5.6
    endloop
  endfacet
  facet normal 0 0 1
    outer loop
      vertex 15.9785 2.43225 5.6
      vertex 13.8938 2.65309 5.6
      vertex 15.7799 1.84891 5.6
    endloop
  endfacet
  facet normal 0 0 1
    outer loop
      vertex 13.2893 5.85309 5.6
      vertex 14.3735 7.26389 5.6
      vertex 14.0357 7.42888 5.6
    endloop
  endfacet
  facet normal -0 0 1
    outer loop
      vertex 13.7907 2.35669 5.6
      vertex 15.7799 1.84891 5.6
      vertex 13.8938 2.65309 5.6
    endloop
  endfacet
  facet normal 0 0 1
    outer loop
      vertex 15.7799 1.84891 5.6
      vertex 13.7907 2.35669 5.6
      vertex 15.5018 1.33446 5.6
    endloop
  endfacet
  facet normal -0 0 1
    outer loop
      vertex 13.6582 2.10419 5.6
      vertex 15.5018 1.33446 5.6
      vertex 13.7907 2.35669 5.6
    endloop
  endfacet
  facet normal 0 0 1
    outer loop
      vertex 15.5018 1.33446 5.6
      vertex 13.6582 2.10419 5.6
      vertex 15.1443 0.888885 5.6
    endloop
  endfacet
  facet normal 0 0 1
    outer loop
      vertex 15.1443 0.888885 5.6
      vertex 13.6582 2.10419 5.6
      vertex 14.7185 0.51889 5.6
    endloop
  endfacet
  facet normal -0 0 1
    outer loop
      vertex 13.4929 1.89668 5.6
      vertex 14.7185 0.51889 5.6
      vertex 13.6582 2.10419 5.6
    endloop
  endfacet
  facet normal 0 0 1
    outer loop
      vertex 14.7185 0.51889 5.6
      vertex 13.4929 1.89668 5.6
      vertex 14.2354 0.231094 5.6
    endloop
  endfacet
  facet normal -0 0 1
    outer loop
      vertex 13.2915 1.73529 5.6
      vertex 14.2354 0.231094 5.6
      vertex 13.4929 1.89668 5.6
    endloop
  endfacet
  facet normal 0 0 1
    outer loop
      vertex 14.2354 0.231094 5.6
      vertex 13.2915 1.73529 5.6
      vertex 13.6952 0.0255432 5.6
    endloop
  endfacet
  facet normal -0 0 1
    outer loop
      vertex 13.0541 1.62001 5.6
      vertex 13.6952 0.0255432 5.6
      vertex 13.2915 1.73529 5.6
    endloop
  endfacet
  facet normal 0 0 1
    outer loop
      vertex 13.6952 0.0255432 5.6
      vertex 13.0541 1.62001 5.6
      vertex 13.0977 -0.0977783 5.6
    endloop
  endfacet
  facet normal -0 0 1
    outer loop
      vertex 12.7805 1.55084 5.6
      vertex 13.0977 -0.0977783 5.6
      vertex 13.0541 1.62001 5.6
    endloop
  endfacet
  facet normal 0 0 1
    outer loop
      vertex 12.443 -0.138885 5.6
      vertex 12.7805 1.55084 5.6
      vertex 12.4708 1.52779 5.6
    endloop
  endfacet
  facet normal 0 0 1
    outer loop
      vertex 12.7805 1.55084 5.6
      vertex 12.443 -0.138885 5.6
      vertex 13.0977 -0.0977783 5.6
    endloop
  endfacet
  facet normal 0 0 1
    outer loop
      vertex 12.0299 -0.12056 5.6
      vertex 12.4708 1.52779 5.6
      vertex 12.156 1.55084 5.6
    endloop
  endfacet
  facet normal 0 0 1
    outer loop
      vertex 12.4708 1.52779 5.6
      vertex 12.0299 -0.12056 5.6
      vertex 12.443 -0.138885 5.6
    endloop
  endfacet
  facet normal 0 0 1
    outer loop
      vertex 11.6352 -0.065567 5.6
      vertex 12.156 1.55084 5.6
      vertex 11.8785 1.62001 5.6
    endloop
  endfacet
  facet normal 0 0 1
    outer loop
      vertex 11.2588 0.0260773 5.6
      vertex 11.8785 1.62001 5.6
      vertex 11.6382 1.73529 5.6
    endloop
  endfacet
  facet normal 0 0 1
    outer loop
      vertex 12.156 1.55084 5.6
      vertex 11.6352 -0.065567 5.6
      vertex 12.0299 -0.12056 5.6
    endloop
  endfacet
  facet normal 0 0 1
    outer loop
      vertex 10.9007 0.154404 5.6
      vertex 11.6382 1.73529 5.6
      vertex 11.4351 1.89668 5.6
    endloop
  endfacet
  facet normal 0 0 1
    outer loop
      vertex 10.9007 0.154404 5.6
      vertex 11.4351 1.89668 5.6
      vertex 11.2693 2.10419 5.6
    endloop
  endfacet
  facet normal 0 0 1
    outer loop
      vertex 11.8785 1.62001 5.6
      vertex 11.2588 0.0260773 5.6
      vertex 11.6352 -0.065567 5.6
    endloop
  endfacet
  facet normal 0 0 1
    outer loop
      vertex 10.9007 0.154404 5.6
      vertex 11.2693 2.10419 5.6
      vertex 11.1368 2.35669 5.6
    endloop
  endfacet
  facet normal 0 0 1
    outer loop
      vertex 10.9007 0.154404 5.6
      vertex 11.1368 2.35669 5.6
      vertex 11.0338 2.65309 5.6
    endloop
  endfacet
  facet normal 0 0 1
    outer loop
      vertex 10.9007 0.154404 5.6
      vertex 11.0338 2.65309 5.6
      vertex 10.9602 2.99336 5.6
    endloop
  endfacet
  facet normal 0 0 1
    outer loop
      vertex 10.9007 0.154404 5.6
      vertex 10.9602 2.99336 5.6
      vertex 10.916 3.37753 5.6
    endloop
  endfacet
  facet normal 0 0 1
    outer loop
      vertex 11.6382 1.73529 5.6
      vertex 10.9007 0.154404 5.6
      vertex 11.2588 0.0260773 5.6
    endloop
  endfacet
  facet normal 0 0 1
    outer loop
      vertex 10.9007 0.154404 5.6
      vertex 10.916 3.37753 5.6
      vertex 10.9013 3.80559 5.6
    endloop
  endfacet
  facet normal 0 0 1
    outer loop
      vertex -1.29779 -0.0138855 5.6
      vertex -3.36581 2.40639 5.6
      vertex -3.31169 0.986099 5.6
    endloop
  endfacet
  facet normal -0 0 1
    outer loop
      vertex -3.47278 2.14499 5.6
      vertex -3.31169 0.986099 5.6
      vertex -3.36581 2.40639 5.6
    endloop
  endfacet
  facet normal -0 0 1
    outer loop
      vertex -3.61029 1.9375 5.6
      vertex -3.31169 0.986099 5.6
      vertex -3.47278 2.14499 5.6
    endloop
  endfacet
  facet normal 0 0 1
    outer loop
      vertex -3.31169 0.986099 5.6
      vertex -3.61029 1.9375 5.6
      vertex -3.3672 0.986099 5.6
    endloop
  endfacet
  facet normal -0 0 1
    outer loop
      vertex -3.77945 1.77499 5.6
      vertex -3.3672 0.986099 5.6
      vertex -3.61029 1.9375 5.6
    endloop
  endfacet
  facet normal -0 0 1
    outer loop
      vertex -3.98138 1.64859 5.6
      vertex -3.3672 0.986099 5.6
      vertex -3.77945 1.77499 5.6
    endloop
  endfacet
  facet normal 0 0 1
    outer loop
      vertex -3.3672 0.986099 5.6
      vertex -3.98138 1.64859 5.6
      vertex -3.52887 0.760544 5.6
    endloop
  endfacet
  facet normal -0 0 1
    outer loop
      vertex -4.21611 1.55832 5.6
      vertex -3.52887 0.760544 5.6
      vertex -3.98138 1.64859 5.6
    endloop
  endfacet
  facet normal 0 0 1
    outer loop
      vertex -3.52887 0.760544 5.6
      vertex -4.21611 1.55832 5.6
      vertex -3.70276 0.561661 5.6
    endloop
  endfacet
  facet normal 0 0 1
    outer loop
      vertex -3.70276 0.561661 5.6
      vertex -4.21611 1.55832 5.6
      vertex -3.88889 0.389435 5.6
    endloop
  endfacet
  facet normal -0 0 1
    outer loop
      vertex -4.48361 1.50415 5.6
      vertex -3.88889 0.389435 5.6
      vertex -4.21611 1.55832 5.6
    endloop
  endfacet
  facet normal 0 0 1
    outer loop
      vertex -3.88889 0.389435 5.6
      vertex -4.48361 1.50415 5.6
      vertex -4.08723 0.243881 5.6
    endloop
  endfacet
  facet normal 0 0 1
    outer loop
      vertex -4.08723 0.243881 5.6
      vertex -4.48361 1.50415 5.6
      vertex -4.29779 0.125 5.6
    endloop
  endfacet
  facet normal -0 0 1
    outer loop
      vertex -4.78389 1.4861 5.6
      vertex -4.29779 0.125 5.6
      vertex -4.48361 1.50415 5.6
    endloop
  endfacet
  facet normal 0 0 1
    outer loop
      vertex -4.29779 0.125 5.6
      vertex -4.78389 1.4861 5.6
      vertex -4.51999 0.0299835 5.6
    endloop
  endfacet
  facet normal 0 0 1
    outer loop
      vertex -4.51999 0.0299835 5.6
      vertex -4.78389 1.4861 5.6
      vertex -4.75331 -0.0438843 5.6
    endloop
  endfacet
  facet normal 0 0 1
    outer loop
      vertex -4.78389 1.4861 5.6
      vertex -4.99776 -0.0966644 5.6
      vertex -4.75331 -0.0438843 5.6
    endloop
  endfacet
  facet normal 0 0 1
    outer loop
      vertex -5.31889 1.57664 5.6
      vertex -4.99776 -0.0966644 5.6
      vertex -4.78389 1.4861 5.6
    endloop
  endfacet
  facet normal 0 0 1
    outer loop
      vertex -4.99776 -0.0966644 5.6
      vertex -5.31889 1.57664 5.6
      vertex -5.25331 -0.128342 5.6
    endloop
  endfacet
  facet normal 0 0 1
    outer loop
      vertex -5.31889 1.57664 5.6
      vertex -5.51999 -0.138885 5.6
      vertex -5.25331 -0.128342 5.6
    endloop
  endfacet
  facet normal 0 0 1
    outer loop
      vertex -6.50333 0.0266418 5.6
      vertex -5.31889 1.57664 5.6
      vertex -5.735 1.84831 5.6
    endloop
  endfacet
  facet normal 0 0 1
    outer loop
      vertex -7.62419 0.895798 5.6
      vertex -5.735 1.84831 5.6
      vertex -6.03223 2.3011 5.6
    endloop
  endfacet
  facet normal 0 0 1
    outer loop
      vertex -5.31889 1.57664 5.6
      vertex -6.03526 -0.0975037 5.6
      vertex -5.51999 -0.138885 5.6
    endloop
  endfacet
  facet normal 0 0 1
    outer loop
      vertex -8.10861 1.85362 5.6
      vertex -6.03223 2.3011 5.6
      vertex -6.21056 2.93498 5.6
    endloop
  endfacet
  facet normal -0 0 1
    outer loop
      vertex -8.35081 3.07141 5.6
      vertex -6.21056 2.93498 5.6
      vertex -6.26999 3.75 5.6
    endloop
  endfacet
  facet normal 0 0 1
    outer loop
      vertex -5.31889 1.57664 5.6
      vertex -6.50333 0.0266418 5.6
      vertex -6.03526 -0.0975037 5.6
    endloop
  endfacet
  facet normal 0 0 1
    outer loop
      vertex -5.74501 5.67502 5.6
      vertex -7.6033 6.6805 5.6
      vertex -6.03667 5.21667 5.6
    endloop
  endfacet
  facet normal -0 0 1
    outer loop
      vertex -7.8833 6.23108 5.6
      vertex -6.03667 5.21667 5.6
      vertex -7.6033 6.6805 5.6
    endloop
  endfacet
  facet normal 0 -0 1
    outer loop
      vertex -8.35081 3.07141 5.6
      vertex -6.26999 3.75 5.6
      vertex -8.3811 3.77779 5.6
    endloop
  endfacet
  facet normal -0 0 1
    outer loop
      vertex -8.10109 5.71609 5.6
      vertex -6.03667 5.21667 5.6
      vertex -7.8833 6.23108 5.6
    endloop
  endfacet
  facet normal 0 0 1
    outer loop
      vertex -6.21056 2.93498 5.6
      vertex -8.35081 3.07141 5.6
      vertex -8.25999 2.43002 5.6
    endloop
  endfacet
  facet normal 0 0 1
    outer loop
      vertex -6.03667 5.21667 5.6
      vertex -8.10109 5.71609 5.6
      vertex -6.21167 4.575 5.6
    endloop
  endfacet
  facet normal 0 0 1
    outer loop
      vertex -6.21056 2.93498 5.6
      vertex -8.25999 2.43002 5.6
      vertex -8.10861 1.85362 5.6
    endloop
  endfacet
  facet normal -0 0 1
    outer loop
      vertex -8.25665 5.13556 5.6
      vertex -6.21167 4.575 5.6
      vertex -8.10109 5.71609 5.6
    endloop
  endfacet
  facet normal 0 0 1
    outer loop
      vertex -6.03223 2.3011 5.6
      vertex -8.10861 1.85362 5.6
      vertex -7.89668 1.34221 5.6
    endloop
  endfacet
  facet normal 0 0 1
    outer loop
      vertex -8.34999 4.48946 5.6
      vertex -6.21167 4.575 5.6
      vertex -8.25665 5.13556 5.6
    endloop
  endfacet
  facet normal 0 0 1
    outer loop
      vertex -6.03223 2.3011 5.6
      vertex -7.89668 1.34221 5.6
      vertex -7.62419 0.895798 5.6
    endloop
  endfacet
  facet normal 0 0 1
    outer loop
      vertex -6.21167 4.575 5.6
      vertex -8.34999 4.48946 5.6
      vertex -6.26999 3.75 5.6
    endloop
  endfacet
  facet normal 0 0 1
    outer loop
      vertex -6.26999 3.75 5.6
      vertex -8.34999 4.48946 5.6
      vertex -8.3811 3.77779 5.6
    endloop
  endfacet
  facet normal 0 0 1
    outer loop
      vertex -5.735 1.84831 5.6
      vertex -7.62419 0.895798 5.6
      vertex -7.29779 0.5233 5.6
    endloop
  endfacet
  facet normal 0 0 1
    outer loop
      vertex -5.735 1.84831 5.6
      vertex -7.29779 0.5233 5.6
      vertex -6.92416 0.233582 5.6
    endloop
  endfacet
  facet normal 0 0 1
    outer loop
      vertex -5.735 1.84831 5.6
      vertex -6.92416 0.233582 5.6
      vertex -6.50333 0.0266418 5.6
    endloop
  endfacet
  facet normal 0 0 1
    outer loop
      vertex -1.29779 7.5833 5.6
      vertex -3.2433 4.22499 5.6
      vertex -3.2283 3.76389 5.6
    endloop
  endfacet
  facet normal 0 0 1
    outer loop
      vertex -3.6033 5.51389 5.6
      vertex -3.2144 6.6111 5.6
      vertex -3.26999 6.6111 5.6
    endloop
  endfacet
  facet normal 0 0 1
    outer loop
      vertex -1.29779 7.5833 5.6
      vertex -3.2883 4.63055 5.6
      vertex -3.2433 4.22499 5.6
    endloop
  endfacet
  facet normal 0 0 1
    outer loop
      vertex -1.29779 7.5833 5.6
      vertex -3.3633 4.98055 5.6
      vertex -3.2883 4.63055 5.6
    endloop
  endfacet
  facet normal 0 0 1
    outer loop
      vertex -3.2144 6.6111 5.6
      vertex -3.46829 5.27499 5.6
      vertex -3.3633 4.98055 5.6
    endloop
  endfacet
  facet normal 0 0 1
    outer loop
      vertex -3.2144 6.6111 5.6
      vertex -3.6033 5.51389 5.6
      vertex -3.46829 5.27499 5.6
    endloop
  endfacet
  facet normal 0 0 1
    outer loop
      vertex -3.97664 5.85168 5.6
      vertex -3.26999 6.6111 5.6
      vertex -3.61111 7.01109 5.6
    endloop
  endfacet
  facet normal 0 0 1
    outer loop
      vertex -3.26999 6.6111 5.6
      vertex -3.77164 5.7039 5.6
      vertex -3.6033 5.51389 5.6
    endloop
  endfacet
  facet normal 0 0 1
    outer loop
      vertex -3.26999 6.6111 5.6
      vertex -3.97664 5.85168 5.6
      vertex -3.77164 5.7039 5.6
    endloop
  endfacet
  facet normal 0 0 1
    outer loop
      vertex -4.49667 6.02058 5.6
      vertex -3.61111 7.01109 5.6
      vertex -4.00111 7.32219 5.6
    endloop
  endfacet
  facet normal 0 0 1
    outer loop
      vertex -3.61111 7.01109 5.6
      vertex -4.21832 5.95724 5.6
      vertex -3.97664 5.85168 5.6
    endloop
  endfacet
  facet normal 0 0 1
    outer loop
      vertex -4.49667 6.02058 5.6
      vertex -4.00111 7.32219 5.6
      vertex -4.44 7.54442 5.6
    endloop
  endfacet
  facet normal 0 0 1
    outer loop
      vertex -3.61111 7.01109 5.6
      vertex -4.49667 6.02058 5.6
      vertex -4.21832 5.95724 5.6
    endloop
  endfacet
  facet normal 0 0 1
    outer loop
      vertex -4.44 7.54442 5.6
      vertex -4.81169 6.04169 5.6
      vertex -4.49667 6.02058 5.6
    endloop
  endfacet
  facet normal 0 0 1
    outer loop
      vertex -4.92775 7.67775 5.6
      vertex -4.81169 6.04169 5.6
      vertex -4.44 7.54442 5.6
    endloop
  endfacet
  facet normal 0 0 1
    outer loop
      vertex -4.92775 7.67775 5.6
      vertex -5.33669 5.95003 5.6
      vertex -4.81169 6.04169 5.6
    endloop
  endfacet
  facet normal 0 0 1
    outer loop
      vertex -5.4644 7.7222 5.6
      vertex -5.33669 5.95003 5.6
      vertex -4.92775 7.67775 5.6
    endloop
  endfacet
  facet normal -0 0 1
    outer loop
      vertex -5.9855 7.68053 5.6
      vertex -5.33669 5.95003 5.6
      vertex -5.4644 7.7222 5.6
    endloop
  endfacet
  facet normal -0 0 1
    outer loop
      vertex -6.45995 7.55553 5.6
      vertex -5.33669 5.95003 5.6
      vertex -5.9855 7.68053 5.6
    endloop
  endfacet
  facet normal 0 0 1
    outer loop
      vertex -5.33669 5.95003 5.6
      vertex -6.45995 7.55553 5.6
      vertex -5.74501 5.67502 5.6
    endloop
  endfacet
  facet normal -0 0 1
    outer loop
      vertex -6.88773 7.34718 5.6
      vertex -5.74501 5.67502 5.6
      vertex -6.45995 7.55553 5.6
    endloop
  endfacet
  facet normal -0 0 1
    outer loop
      vertex -7.6033 6.6805 5.6
      vertex -5.74501 5.67502 5.6
      vertex -7.26884 7.05551 5.6
    endloop
  endfacet
  facet normal -0 0 1
    outer loop
      vertex -7.26884 7.05551 5.6
      vertex -5.74501 5.67502 5.6
      vertex -6.88773 7.34718 5.6
    endloop
  endfacet
  facet normal -0 0 1
    outer loop
      vertex -3.2283 3.76389 5.6
      vertex -1.29779 -0.0138855 5.6
      vertex -1.29779 7.5833 5.6
    endloop
  endfacet
  facet normal -0 0 1
    outer loop
      vertex -3.24358 3.09084 5.6
      vertex -1.29779 -0.0138855 5.6
      vertex -3.2283 3.51389 5.6
    endloop
  endfacet
  facet normal -0 0 1
    outer loop
      vertex -3.36581 2.40639 5.6
      vertex -1.29779 -0.0138855 5.6
      vertex -3.28941 2.72166 5.6
    endloop
  endfacet
  facet normal -0 0 1
    outer loop
      vertex -3.3175 0.906113 5.6
      vertex -1.29779 -0.0138855 5.6
      vertex -3.31169 0.986099 5.6
    endloop
  endfacet
  facet normal -0 0 1
    outer loop
      vertex -3.32387 0.821671 5.6
      vertex -1.29779 -0.0138855 5.6
      vertex -3.3175 0.906113 5.6
    endloop
  endfacet
  facet normal -0 0 1
    outer loop
      vertex -3.33081 0.732803 5.6
      vertex -1.29779 -0.0138855 5.6
      vertex -3.32387 0.821671 5.6
    endloop
  endfacet
  facet normal 0 0 1
    outer loop
      vertex -3.2144 6.6111 5.6
      vertex -1.29779 7.5833 5.6
      vertex -3.04779 7.5833 5.6
    endloop
  endfacet
  facet normal -0 0 1
    outer loop
      vertex -3.28941 2.72166 5.6
      vertex -1.29779 -0.0138855 5.6
      vertex -3.24358 3.09084 5.6
    endloop
  endfacet
  facet normal 0 0 1
    outer loop
      vertex -3.3633 4.98055 5.6
      vertex -1.29779 7.5833 5.6
      vertex -3.2144 6.6111 5.6
    endloop
  endfacet
  facet normal 0 0 1
    outer loop
      vertex -1.29779 -0.0138855 5.6
      vertex -3.2283 3.76389 5.6
      vertex -3.2283 3.51389 5.6
    endloop
  endfacet
  facet normal -0 0 1
    outer loop
      vertex -3.34639 0.541687 5.6
      vertex -1.29779 -0.0138855 5.6
      vertex -3.33832 0.639465 5.6
    endloop
  endfacet
  facet normal -0 0 1
    outer loop
      vertex -3.35388 0.442245 5.6
      vertex -1.29779 -0.0138855 5.6
      vertex -3.34639 0.541687 5.6
    endloop
  endfacet
  facet normal -0 0 1
    outer loop
      vertex -3.33832 0.639465 5.6
      vertex -1.29779 -0.0138855 5.6
      vertex -3.33081 0.732803 5.6
    endloop
  endfacet
  facet normal -0 0 1
    outer loop
      vertex -3.35971 0.343918 5.6
      vertex -1.29779 -0.0138855 5.6
      vertex -3.35388 0.442245 5.6
    endloop
  endfacet
  facet normal -0 0 1
    outer loop
      vertex -3.36386 0.246689 5.6
      vertex -1.29779 -0.0138855 5.6
      vertex -3.35971 0.343918 5.6
    endloop
  endfacet
  facet normal -0 0 1
    outer loop
      vertex -3.36636 0.150589 5.6
      vertex -1.29779 -0.0138855 5.6
      vertex -3.36386 0.246689 5.6
    endloop
  endfacet
  facet normal -0 0 1
    outer loop
      vertex -3.3672 0.0555878 5.6
      vertex -1.29779 -0.0138855 5.6
      vertex -3.36636 0.150589 5.6
    endloop
  endfacet
  facet normal 0 0 1
    outer loop
      vertex -3.3672 -0.0971985 5.6
      vertex -1.29779 -0.0138855 5.6
      vertex -3.3672 0.0555878 5.6
    endloop
  endfacet
  facet normal 0 0 1
    outer loop
      vertex -1.64278 -1.68388 5.6
      vertex -3.62274 -1.1994 5.6
      vertex -1.9111 -2.1161 5.6
    endloop
  endfacet
  facet normal 0 0 1
    outer loop
      vertex -1.29779 -0.0138855 5.6
      vertex -3.3672 -0.0971985 5.6
      vertex -1.33612 -0.632782 5.6
    endloop
  endfacet
  facet normal 0 0 1
    outer loop
      vertex -3.43109 -0.717178 5.6
      vertex -1.33612 -0.632782 5.6
      vertex -3.3672 -0.0971985 5.6
    endloop
  endfacet
  facet normal 0 0 1
    outer loop
      vertex -1.45113 -1.18944 5.6
      vertex -3.43109 -0.717178 5.6
      vertex -1.64278 -1.68388 5.6
    endloop
  endfacet
  facet normal 0 0 1
    outer loop
      vertex -1.33612 -0.632782 5.6
      vertex -3.43109 -0.717178 5.6
      vertex -1.45113 -1.18944 5.6
    endloop
  endfacet
  facet normal -0 0 1
    outer loop
      vertex -3.62274 -1.1994 5.6
      vertex -1.64278 -1.68388 5.6
      vertex -3.43109 -0.717178 5.6
    endloop
  endfacet
  facet normal 0 0 1
    outer loop
      vertex -1.9111 -2.1161 5.6
      vertex -3.62274 -1.1994 5.6
      vertex -2.25609 -2.4861 5.6
    endloop
  endfacet
  facet normal 0 0 1
    outer loop
      vertex -2.25609 -2.4861 5.6
      vertex -3.62274 -1.1994 5.6
      vertex -2.67609 -2.79109 5.6
    endloop
  endfacet
  facet normal -0 0 1
    outer loop
      vertex -3.94218 -1.54384 5.6
      vertex -2.67609 -2.79109 5.6
      vertex -3.62274 -1.1994 5.6
    endloop
  endfacet
  facet normal 0 0 1
    outer loop
      vertex -2.67609 -2.79109 5.6
      vertex -3.94218 -1.54384 5.6
      vertex -3.1694 -3.02831 5.6
    endloop
  endfacet
  facet normal 0 0 1
    outer loop
      vertex -3.1694 -3.02831 5.6
      vertex -3.94218 -1.54384 5.6
      vertex -3.73607 -3.19774 5.6
    endloop
  endfacet
  facet normal -0 0 1
    outer loop
      vertex -4.3894 -1.7505 5.6
      vertex -3.73607 -3.19774 5.6
      vertex -3.94218 -1.54384 5.6
    endloop
  endfacet
  facet normal 0 0 1
    outer loop
      vertex -3.73607 -3.19774 5.6
      vertex -4.3894 -1.7505 5.6
      vertex -4.37607 -3.29941 5.6
    endloop
  endfacet
  facet normal -0 0 1
    outer loop
      vertex -4.9644 -1.8194 5.6
      vertex -4.37607 -3.29941 5.6
      vertex -4.3894 -1.7505 5.6
    endloop
  endfacet
  facet normal 0 0 1
    outer loop
      vertex -4.9644 -1.8194 5.6
      vertex -5.0894 -3.3333 5.6
      vertex -4.37607 -3.29941 5.6
    endloop
  endfacet
  facet normal 0 0 1
    outer loop
      vertex -4.9644 -1.8194 5.6
      vertex -5.40691 -3.32941 5.6
      vertex -5.0894 -3.3333 5.6
    endloop
  endfacet
  facet normal 0 0 1
    outer loop
      vertex -5.58052 -1.79607 5.6
      vertex -5.40691 -3.32941 5.6
      vertex -4.9644 -1.8194 5.6
    endloop
  endfacet
  facet normal 0 0 1
    outer loop
      vertex -5.58052 -1.79607 5.6
      vertex -5.71498 -3.31773 5.6
      vertex -5.40691 -3.32941 5.6
    endloop
  endfacet
  facet normal 0 0 1
    outer loop
      vertex -5.58052 -1.79607 5.6
      vertex -6.0136 -3.29829 5.6
      vertex -5.71498 -3.31773 5.6
    endloop
  endfacet
  facet normal 0 0 1
    outer loop
      vertex -6.18443 -1.72606 5.6
      vertex -6.0136 -3.29829 5.6
      vertex -5.58052 -1.79607 5.6
    endloop
  endfacet
  facet normal 0 0 1
    outer loop
      vertex -6.18443 -1.72606 5.6
      vertex -6.30276 -3.27109 5.6
      vertex -6.0136 -3.29829 5.6
    endloop
  endfacet
  facet normal 0 0 1
    outer loop
      vertex -6.18443 -1.72606 5.6
      vertex -6.58249 -3.2361 5.6
      vertex -6.30276 -3.27109 5.6
    endloop
  endfacet
  facet normal 0 0 1
    outer loop
      vertex -6.85611 -3.1911 5.6
      vertex -6.18443 -1.72606 5.6
      vertex -6.77611 -1.60941 5.6
    endloop
  endfacet
  facet normal 0 0 1
    outer loop
      vertex -6.18443 -1.72606 5.6
      vertex -6.85611 -3.1911 5.6
      vertex -6.58249 -3.2361 5.6
    endloop
  endfacet
  facet normal 0 0 1
    outer loop
      vertex -6.77611 -1.60941 5.6
      vertex -7.12694 -3.13388 5.6
      vertex -6.85611 -3.1911 5.6
    endloop
  endfacet
  facet normal 0 0 1
    outer loop
      vertex -7.395 -3.06444 5.6
      vertex -6.77611 -1.60941 5.6
      vertex -7.35556 -1.44608 5.6
    endloop
  endfacet
  facet normal 0 0 1
    outer loop
      vertex -6.77611 -1.60941 5.6
      vertex -7.395 -3.06444 5.6
      vertex -7.12694 -3.13388 5.6
    endloop
  endfacet
  facet normal 0 0 1
    outer loop
      vertex -7.35556 -1.44608 5.6
      vertex -7.66029 -2.98277 5.6
      vertex -7.395 -3.06444 5.6
    endloop
  endfacet
  facet normal 0 0 1
    outer loop
      vertex -7.92279 -2.88889 5.6
      vertex -7.35556 -1.44608 5.6
      vertex -7.92279 -1.2361 5.6
    endloop
  endfacet
  facet normal 0 0 1
    outer loop
      vertex -7.35556 -1.44608 5.6
      vertex -7.92279 -2.88889 5.6
      vertex -7.66029 -2.98277 5.6
    endloop
  endfacet
  facet normal 0 1 -0
    outer loop
      vertex -17.1696 6.02779 5.6
      vertex -18.9613 6.02779 12.2178
      vertex -17.1696 6.02779 12.557
    endloop
  endfacet
  facet normal 0 1 0
    outer loop
      vertex -18.9613 6.02779 12.2178
      vertex -17.1696 6.02779 5.6
      vertex -18.9613 6.02779 5.6
    endloop
  endfacet
  facet normal -1 0 0
    outer loop
      vertex -17.1696 6.81969 12.6311
      vertex -17.1696 7.5833 12.6475
      vertex -17.1696 7.5833 5.6
    endloop
  endfacet
  facet normal -1 0 0
    outer loop
      vertex -17.1696 7.5833 12.6475
      vertex -17.1696 7.32098 12.6646
      vertex -17.1696 7.54186 12.6576
    endloop
  endfacet
  facet normal -1 0 0
    outer loop
      vertex -17.1696 7.54186 12.6576
      vertex -17.1696 7.32098 12.6646
      vertex -17.1696 7.53372 12.6595
    endloop
  endfacet
  facet normal -1 -0 0
    outer loop
      vertex -17.1696 7.5833 12.6475
      vertex -17.1696 6.81969 12.6311
      vertex -17.1696 7.32098 12.6646
    endloop
  endfacet
  facet normal -1 -0 0
    outer loop
      vertex -17.1696 7.32098 12.6646
      vertex -17.1696 6.81969 12.6311
      vertex -17.1696 7.31091 12.6648
    endloop
  endfacet
  facet normal -1 0 0
    outer loop
      vertex -17.1696 7.5833 5.6
      vertex -17.1696 6.48758 12.6036
      vertex -17.1696 6.81969 12.6311
    endloop
  endfacet
  facet normal -1 0 0
    outer loop
      vertex -17.1696 6.02779 5.6
      vertex -17.1696 6.48758 12.6036
      vertex -17.1696 7.5833 5.6
    endloop
  endfacet
  facet normal -1 0 0
    outer loop
      vertex -17.1696 6.48758 12.6036
      vertex -17.1696 6.02779 5.6
      vertex -17.1696 6.02779 12.557
    endloop
  endfacet
  facet normal 0 -1 0
    outer loop
      vertex -17.1696 7.5833 5.6
      vertex -17.2676 7.5833 12.6285
      vertex -18.0169 7.5833 12.3946
    endloop
  endfacet
  facet normal 0 -1 0
    outer loop
      vertex -17.1696 7.5833 5.6
      vertex -18.0169 7.5833 12.3946
      vertex -18.9613 7.5833 12.0302
    endloop
  endfacet
  facet normal 0 -1 0
    outer loop
      vertex -17.1696 7.5833 5.6
      vertex -18.9613 7.5833 12.0302
      vertex -18.9613 7.5833 5.6
    endloop
  endfacet
  facet normal 0 -1 0
    outer loop
      vertex -17.2676 7.5833 12.6285
      vertex -17.1696 7.5833 5.6
      vertex -17.1696 7.5833 12.6475
    endloop
  endfacet
  facet normal -1 0 0
    outer loop
      vertex -18.9613 7.5833 5.6
      vertex -18.9613 8.05559 11.6765
      vertex -18.9613 8.05559 5.6
    endloop
  endfacet
  facet normal -1 -0 0
    outer loop
      vertex -18.9613 8.05559 11.6765
      vertex -18.9613 7.5833 5.6
      vertex -18.9613 7.69442 11.9489
    endloop
  endfacet
  facet normal -1 -0 0
    outer loop
      vertex -18.9613 7.69442 11.9489
      vertex -18.9613 7.5833 5.6
      vertex -18.9613 7.66964 11.967
    endloop
  endfacet
  facet normal -1 -0 0
    outer loop
      vertex -18.9613 7.66964 11.967
      vertex -18.9613 7.5833 5.6
      vertex -18.9613 7.5833 12.0302
    endloop
  endfacet
  facet normal -0.998647 0.0520095 0
    outer loop
      vertex -18.9613 8.05559 5.6
      vertex -18.9532 8.21112 11.5624
      vertex -18.9532 8.21112 5.6
    endloop
  endfacet
  facet normal -0.998647 0.0520095 0
    outer loop
      vertex -18.9532 8.21112 11.5624
      vertex -18.9613 8.05559 5.6
      vertex -18.9613 8.05559 11.6765
    endloop
  endfacet
  facet normal -0.986363 0.164587 0
    outer loop
      vertex -18.9532 8.21112 5.6
      vertex -18.9291 8.35555 11.4629
      vertex -18.9291 8.35555 5.6
    endloop
  endfacet
  facet normal -0.986363 0.164587 0
    outer loop
      vertex -18.9291 8.35555 11.4629
      vertex -18.9532 8.21112 5.6
      vertex -18.9532 8.21112 11.5624
    endloop
  endfacet
  facet normal -0.957217 0.28937 0
    outer loop
      vertex -18.9291 8.35555 5.6
      vertex -18.8888 8.48886 11.378
      vertex -18.8888 8.48886 5.6
    endloop
  endfacet
  facet normal -0.957217 0.28937 0
    outer loop
      vertex -18.8888 8.48886 11.378
      vertex -18.9291 8.35555 5.6
      vertex -18.9291 8.35555 11.4629
    endloop
  endfacet
  facet normal -0.907985 0.419002 0
    outer loop
      vertex -18.8888 8.48886 5.6
      vertex -18.8324 8.61108 11.3079
      vertex -18.8324 8.61108 5.6
    endloop
  endfacet
  facet normal -0.907985 0.419002 0
    outer loop
      vertex -18.8324 8.61108 11.3079
      vertex -18.8888 8.48886 5.6
      vertex -18.8888 8.48886 11.378
    endloop
  endfacet
  facet normal -0.837506 0.546429 0
    outer loop
      vertex -18.8324 8.61108 5.6
      vertex -18.7599 8.7222 11.2524
      vertex -18.7599 8.7222 5.6
    endloop
  endfacet
  facet normal -0.837506 0.546429 0
    outer loop
      vertex -18.7599 8.7222 11.2524
      vertex -18.8324 8.61108 5.6
      vertex -18.8324 8.61108 11.3079
    endloop
  endfacet
  facet normal -0.727098 0.686534 0
    outer loop
      vertex -18.7599 8.7222 5.6
      vertex -18.6702 8.8172 11.2157
      vertex -18.6702 8.8172 5.6
    endloop
  endfacet
  facet normal -0.727098 0.686534 0
    outer loop
      vertex -18.6702 8.8172 11.2157
      vertex -18.7599 8.7222 5.6
      vertex -18.7599 8.7222 11.2524
    endloop
  endfacet
  facet normal -0.564251 0.825603 0
    outer loop
      vertex -18.6702 8.8172 5.6
      vertex -18.5621 8.89108 11.2021
      vertex -18.5621 8.89108 5.6
    endloop
  endfacet
  facet normal -0.564251 0.825603 0
    outer loop
      vertex -18.5621 8.89108 11.2021
      vertex -18.6702 8.8172 5.6
      vertex -18.6702 8.8172 11.2157
    endloop
  endfacet
  facet normal -0.38532 0.922783 0
    outer loop
      vertex -18.4357 8.94386 5.6
      vertex -18.5621 8.89108 11.2021
      vertex -18.4357 8.94386 11.2116
    endloop
  endfacet
  facet normal -0.38532 0.922783 0
    outer loop
      vertex -18.5621 8.89108 11.2021
      vertex -18.4357 8.94386 5.6
      vertex -18.5621 8.89108 5.6
    endloop
  endfacet
  facet normal -0.21387 0.976862 0
    outer loop
      vertex -18.291 8.97554 5.6
      vertex -18.4357 8.94386 11.2116
      vertex -18.291 8.97554 11.2442
    endloop
  endfacet
  facet normal -0.21387 0.976862 0
    outer loop
      vertex -18.4357 8.94386 11.2116
      vertex -18.291 8.97554 5.6
      vertex -18.4357 8.94386 5.6
    endloop
  endfacet
  facet normal -0.0646497 0.997908 0
    outer loop
      vertex -18.128 8.9861 5.6
      vertex -18.291 8.97554 11.2442
      vertex -18.128 8.9861 11.2998
    endloop
  endfacet
  facet normal -0.0646497 0.997908 0
    outer loop
      vertex -18.291 8.97554 11.2442
      vertex -18.128 8.9861 5.6
      vertex -18.291 8.97554 5.6
    endloop
  endfacet
  facet normal 0.0177152 0.999843 -0
    outer loop
      vertex -17.9869 8.9836 5.6
      vertex -18.128 8.9861 11.2998
      vertex -17.9869 8.9836 11.3567
    endloop
  endfacet
  facet normal 0.0177152 0.999843 0
    outer loop
      vertex -18.128 8.9861 11.2998
      vertex -17.9869 8.9836 5.6
      vertex -18.128 8.9861 5.6
    endloop
  endfacet
  facet normal 0.0557496 0.998445 -0
    outer loop
      vertex -17.8524 8.97609 5.6
      vertex -17.9869 8.9836 11.3567
      vertex -17.8524 8.97609 11.4148
    endloop
  endfacet
  facet normal 0.0557496 0.998445 0
    outer loop
      vertex -17.9869 8.9836 11.3567
      vertex -17.8524 8.97609 5.6
      vertex -17.9869 8.9836 5.6
    endloop
  endfacet
  facet normal 0.0973446 0.995251 -0
    outer loop
      vertex -17.7246 8.96359 5.6
      vertex -17.8524 8.97609 11.4148
      vertex -17.7246 8.96359 11.4741
    endloop
  endfacet
  facet normal 0.0973446 0.995251 0
    outer loop
      vertex -17.8524 8.97609 11.4148
      vertex -17.7246 8.96359 5.6
      vertex -17.8524 8.97609 5.6
    endloop
  endfacet
  facet normal 0.143023 0.989719 -0
    outer loop
      vertex -17.6035 8.94609 5.6
      vertex -17.7246 8.96359 11.4741
      vertex -17.6035 8.94609 11.5345
    endloop
  endfacet
  facet normal 0.143023 0.989719 0
    outer loop
      vertex -17.7246 8.96359 11.4741
      vertex -17.6035 8.94609 5.6
      vertex -17.7246 8.96359 5.6
    endloop
  endfacet
  facet normal 0.192899 0.981219 -0
    outer loop
      vertex -17.4891 8.9236 5.6
      vertex -17.6035 8.94609 11.5345
      vertex -17.4891 8.9236 11.5961
    endloop
  endfacet
  facet normal 0.192899 0.981219 0
    outer loop
      vertex -17.6035 8.94609 11.5345
      vertex -17.4891 8.9236 5.6
      vertex -17.6035 8.94609 5.6
    endloop
  endfacet
  facet normal 0.225146 0.974325 -0
    outer loop
      vertex -17.3797 8.89832 5.6
      vertex -17.4891 8.9236 11.5961
      vertex -17.3797 8.89832 11.6579
    endloop
  endfacet
  facet normal 0.225146 0.974325 0
    outer loop
      vertex -17.4891 8.9236 11.5961
      vertex -17.3797 8.89832 5.6
      vertex -17.4891 8.9236 5.6
    endloop
  endfacet
  facet normal 0.236417 0.971652 -0
    outer loop
      vertex -17.2735 8.87248 5.6
      vertex -17.3797 8.89832 11.6579
      vertex -17.2735 8.87248 11.7187
    endloop
  endfacet
  facet normal 0.236417 0.971652 0
    outer loop
      vertex -17.3797 8.89832 11.6579
      vertex -17.2735 8.87248 5.6
      vertex -17.3797 8.89832 5.6
    endloop
  endfacet
  facet normal 0.248611 0.968603 -0
    outer loop
      vertex -17.1708 8.84612 5.6
      vertex -17.2735 8.87248 11.7187
      vertex -17.1708 8.84612 11.7787
    endloop
  endfacet
  facet normal 0.248611 0.968603 0
    outer loop
      vertex -17.2735 8.87248 11.7187
      vertex -17.1708 8.84612 5.6
      vertex -17.2735 8.87248 5.6
    endloop
  endfacet
  facet normal 0.261344 0.965246 -0
    outer loop
      vertex -17.0713 8.81918 5.6
      vertex -17.1708 8.84612 11.7787
      vertex -17.0713 8.81918 11.8378
    endloop
  endfacet
  facet normal 0.261344 0.965246 0
    outer loop
      vertex -17.1708 8.84612 11.7787
      vertex -17.0713 8.81918 5.6
      vertex -17.1708 8.84612 5.6
    endloop
  endfacet
  facet normal 0.275025 0.961437 -0
    outer loop
      vertex -16.9752 8.79169 5.6
      vertex -17.0713 8.81918 11.8378
      vertex -16.9752 8.79169 11.896
    endloop
  endfacet
  facet normal 0.275025 0.961437 0
    outer loop
      vertex -17.0713 8.81918 11.8378
      vertex -16.9752 8.79169 5.6
      vertex -17.0713 8.81918 5.6
    endloop
  endfacet
  facet normal -0.94426 0.329201 0
    outer loop
      vertex -16.9752 8.79169 5.6
      vertex -16.4474 10.3056 10.9411
      vertex -16.4474 10.3056 5.6
    endloop
  endfacet
  facet normal -0.944256 0.329213 -3.89525e-06
    outer loop
      vertex -16.4474 10.3056 10.9411
      vertex -16.9752 8.79169 5.6
      vertex -16.665 9.68148 11.346
    endloop
  endfacet
  facet normal -0.944263 0.329191 0
    outer loop
      vertex -16.665 9.68148 11.346
      vertex -16.9752 8.79169 5.6
      vertex -16.9752 8.79169 11.896
    endloop
  endfacet
  facet normal -0.352783 -0.935705 0
    outer loop
      vertex -16.4474 10.3056 5.6
      vertex -16.5771 10.3545 10.859
      vertex -16.5771 10.3545 5.6
    endloop
  endfacet
  facet normal -0.352783 -0.935705 0
    outer loop
      vertex -16.5771 10.3545 10.859
      vertex -16.4474 10.3056 5.6
      vertex -16.4474 10.3056 10.9411
    endloop
  endfacet
  facet normal -0.30635 -0.951919 0
    outer loop
      vertex -16.5771 10.3545 5.6
      vertex -16.7219 10.4011 10.7734
      vertex -16.7219 10.4011 5.6
    endloop
  endfacet
  facet normal -0.30635 -0.951919 0
    outer loop
      vertex -16.7219 10.4011 10.7734
      vertex -16.5771 10.3545 5.6
      vertex -16.5771 10.3545 10.859
    endloop
  endfacet
  facet normal -0.268422 -0.963302 0
    outer loop
      vertex -16.7219 10.4011 5.6
      vertex -16.8816 10.4456 10.6844
      vertex -16.8816 10.4456 5.6
    endloop
  endfacet
  facet normal -0.268422 -0.963302 0
    outer loop
      vertex -16.8816 10.4456 10.6844
      vertex -16.7219 10.4011 5.6
      vertex -16.7219 10.4011 10.7734
    endloop
  endfacet
  facet normal -0.234161 -0.972197 -0.000962776
    outer loop
      vertex -17.0564 10.4878 10.5853
      vertex -16.8816 10.4456 10.6844
      vertex -16.9019 10.4505 10.6737
    endloop
  endfacet
  facet normal -0.234677 -0.972073 0
    outer loop
      vertex -16.8816 10.4456 5.6
      vertex -17.0564 10.4878 10.5853
      vertex -17.0564 10.4878 5.6
    endloop
  endfacet
  facet normal -0.234677 -0.972073 0
    outer loop
      vertex -17.0564 10.4878 10.5853
      vertex -16.8816 10.4456 5.6
      vertex -16.8816 10.4456 10.6844
    endloop
  endfacet
  facet normal -0.206322 -0.978484 0
    outer loop
      vertex -17.0564 10.4878 5.6
      vertex -17.2461 10.5278 10.4811
      vertex -17.2461 10.5278 5.6
    endloop
  endfacet
  facet normal -0.206322 -0.978484 0
    outer loop
      vertex -17.2461 10.5278 10.4811
      vertex -17.0564 10.4878 5.6
      vertex -17.0564 10.4878 10.5853
    endloop
  endfacet
  facet normal -0.170806 -0.985305 0
    outer loop
      vertex -17.2461 10.5278 5.6
      vertex -17.448 10.5628 10.3759
      vertex -17.448 10.5628 5.6
    endloop
  endfacet
  facet normal -0.170806 -0.985305 0
    outer loop
      vertex -17.448 10.5628 10.3759
      vertex -17.2461 10.5278 5.6
      vertex -17.2461 10.5278 10.4811
    endloop
  endfacet
  facet normal -0.127614 -0.991824 0
    outer loop
      vertex -17.448 10.5628 5.6
      vertex -17.6594 10.59 10.273
      vertex -17.6594 10.59 5.6
    endloop
  endfacet
  facet normal -0.127614 -0.991824 0
    outer loop
      vertex -17.6594 10.59 10.273
      vertex -17.448 10.5628 5.6
      vertex -17.448 10.5628 10.3759
    endloop
  endfacet
  facet normal -0.0875251 -0.996162 0
    outer loop
      vertex -17.6594 10.59 5.6
      vertex -17.8802 10.6094 10.1722
      vertex -17.8802 10.6094 5.6
    endloop
  endfacet
  facet normal -0.0875251 -0.996162 0
    outer loop
      vertex -17.8802 10.6094 10.1722
      vertex -17.6594 10.59 5.6
      vertex -17.6594 10.59 10.273
    endloop
  endfacet
  facet normal -0.0507379 -0.998712 0
    outer loop
      vertex -17.8802 10.6094 5.6
      vertex -18.1105 10.6211 10.0736
      vertex -18.1105 10.6211 5.6
    endloop
  endfacet
  facet normal -0.0507379 -0.998712 0
    outer loop
      vertex -18.1105 10.6211 10.0736
      vertex -17.8802 10.6094 5.6
      vertex -17.8802 10.6094 10.1722
    endloop
  endfacet
  facet normal -0.0162682 -0.999868 0
    outer loop
      vertex -18.1105 10.6211 5.6
      vertex -18.3502 10.625 9.97716
      vertex -18.3502 10.625 5.6
    endloop
  endfacet
  facet normal -0.0162682 -0.999868 0
    outer loop
      vertex -18.3502 10.625 9.97716
      vertex -18.1105 10.6211 5.6
      vertex -18.1105 10.6211 10.0736
    endloop
  endfacet
  facet normal 0.0278714 -0.999612 0
    outer loop
      vertex -18.3502 10.625 5.6
      vertex -18.6694 10.6161 9.85939
      vertex -18.6694 10.6161 5.6
    endloop
  endfacet
  facet normal 0.0278714 -0.999612 0
    outer loop
      vertex -18.6694 10.6161 9.85939
      vertex -18.3502 10.625 5.6
      vertex -18.3502 10.625 9.97716
    endloop
  endfacet
  facet normal 0.088096 -0.996112 0
    outer loop
      vertex -18.6694 10.6161 5.6
      vertex -18.9713 10.5894 9.76172
      vertex -18.9713 10.5894 5.6
    endloop
  endfacet
  facet normal 0.088096 -0.996112 0
    outer loop
      vertex -18.9713 10.5894 9.76172
      vertex -18.6694 10.6161 5.6
      vertex -18.6694 10.6161 9.85939
    endloop
  endfacet
  facet normal 0.154813 -0.987944 5.15267e-05
    outer loop
      vertex -18.9713 10.5894 5.6
      vertex -19.2292 10.5492 9.69151
      vertex -19.256 10.545 9.684
    endloop
  endfacet
  facet normal 0.154091 -0.988057 0
    outer loop
      vertex -18.9713 10.5894 5.6
      vertex -19.256 10.545 9.684
      vertex -19.256 10.545 5.6
    endloop
  endfacet
  facet normal 0.154015 -0.988069 0
    outer loop
      vertex -19.2292 10.5492 9.69151
      vertex -18.9713 10.5894 5.6
      vertex -18.9713 10.5894 9.76172
    endloop
  endfacet
  facet normal 0.226481 -0.974015 0
    outer loop
      vertex -19.256 10.545 5.6
      vertex -19.5235 10.4828 9.6246
      vertex -19.5235 10.4828 5.6
    endloop
  endfacet
  facet normal 0.226481 -0.974015 0
    outer loop
      vertex -19.5235 10.4828 9.6246
      vertex -19.256 10.545 5.6
      vertex -19.256 10.545 9.684
    endloop
  endfacet
  facet normal 0.304444 -0.95253 0
    outer loop
      vertex -19.5235 10.4828 5.6
      vertex -19.7738 10.4028 9.58545
      vertex -19.7738 10.4028 5.6
    endloop
  endfacet
  facet normal 0.304444 -0.95253 0
    outer loop
      vertex -19.7738 10.4028 9.58545
      vertex -19.5235 10.4828 5.6
      vertex -19.5235 10.4828 9.6246
    endloop
  endfacet
  facet normal 0.404306 -0.914624 0.000123453
    outer loop
      vertex -19.7738 10.4028 5.6
      vertex -19.9811 10.3117 9.57179
      vertex -20.0044 10.3014 9.56933
    endloop
  endfacet
  facet normal 0.402526 -0.915409 0
    outer loop
      vertex -19.7738 10.4028 5.6
      vertex -20.0044 10.3014 9.56933
      vertex -20.0044 10.3014 5.6
    endloop
  endfacet
  facet normal 0.402324 -0.915497 0
    outer loop
      vertex -19.9811 10.3117 9.57179
      vertex -19.7738 10.4028 5.6
      vertex -19.7738 10.4028 9.58545
    endloop
  endfacet
  facet normal 0.518775 -0.854911 0
    outer loop
      vertex -20.2127 10.175 5.6
      vertex -20.0044 10.3014 9.56933
      vertex -20.2127 10.175 9.57366
    endloop
  endfacet
  facet normal 0.518775 -0.854911 0
    outer loop
      vertex -20.0044 10.3014 9.56933
      vertex -20.2127 10.175 5.6
      vertex -20.0044 10.3014 5.6
    endloop
  endfacet
  facet normal 0.631079 -0.775719 0
    outer loop
      vertex -20.3988 10.0236 5.6
      vertex -20.2127 10.175 9.57366
      vertex -20.3988 10.0236 9.60666
    endloop
  endfacet
  facet normal 0.631079 -0.775719 0
    outer loop
      vertex -20.2127 10.175 9.57366
      vertex -20.3988 10.0236 5.6
      vertex -20.2127 10.175 5.6
    endloop
  endfacet
  facet normal 0.732567 -0.680695 0
    outer loop
      vertex -20.5627 9.84721 5.6
      vertex -20.3988 10.0236 9.60666
      vertex -20.5627 9.84721 9.66833
    endloop
  endfacet
  facet normal 0.732567 -0.680695 0
    outer loop
      vertex -20.3988 10.0236 9.60666
      vertex -20.5627 9.84721 5.6
      vertex -20.3988 10.0236 5.6
    endloop
  endfacet
  facet normal 0.817869 -0.575404 0
    outer loop
      vertex -20.7044 9.6458 5.6
      vertex -20.5627 9.84721 9.66833
      vertex -20.7044 9.6458 9.75868
    endloop
  endfacet
  facet normal 0.817869 -0.575404 0
    outer loop
      vertex -20.5627 9.84721 9.66833
      vertex -20.7044 9.6458 5.6
      vertex -20.5627 9.84721 5.6
    endloop
  endfacet
  facet normal 0.891628 -0.452769 0
    outer loop
      vertex -20.8219 9.41441 5.6
      vertex -20.7044 9.6458 9.75868
      vertex -20.8219 9.41441 9.88231
    endloop
  endfacet
  facet normal 0.891628 -0.452769 0
    outer loop
      vertex -20.7044 9.6458 9.75868
      vertex -20.8219 9.41441 5.6
      vertex -20.7044 9.6458 5.6
    endloop
  endfacet
  facet normal 0.945979 -0.324228 0
    outer loop
      vertex -20.9132 9.14803 5.6
      vertex -20.8219 9.41441 9.88231
      vertex -20.9132 9.14803 10.0439
    endloop
  endfacet
  facet normal 0.945979 -0.324228 0
    outer loop
      vertex -20.8219 9.41441 9.88231
      vertex -20.9132 9.14803 5.6
      vertex -20.8219 9.41441 5.6
    endloop
  endfacet
  facet normal 0.976946 -0.213489 0.000123009
    outer loop
      vertex -20.9785 8.84665 5.6
      vertex -20.9132 9.14803 10.0439
      vertex -20.921 9.11235 10.0675
    endloop
  endfacet
  facet normal 0.977375 -0.211513 0
    outer loop
      vertex -20.9785 8.84665 5.6
      vertex -20.921 9.11235 10.0675
      vertex -20.9785 8.84665 10.2341
    endloop
  endfacet
  facet normal 0.977322 -0.211756 0
    outer loop
      vertex -20.9132 9.14803 10.0439
      vertex -20.9785 8.84665 5.6
      vertex -20.9132 9.14803 5.6
    endloop
  endfacet
  facet normal 0.993278 -0.115752 0
    outer loop
      vertex -21.0177 8.51027 5.6
      vertex -20.9785 8.84665 10.2341
      vertex -21.0177 8.51027 10.4619
    endloop
  endfacet
  facet normal 0.993278 -0.115752 0
    outer loop
      vertex -20.9785 8.84665 10.2341
      vertex -21.0177 8.51027 5.6
      vertex -20.9785 8.84665 5.6
    endloop
  endfacet
  facet normal 0.999388 -0.0349832 0
    outer loop
      vertex -21.0307 8.13889 5.6
      vertex -21.0177 8.51027 10.4619
      vertex -21.0307 8.13889 10.7285
    endloop
  endfacet
  facet normal 0.999388 -0.0349832 0
    outer loop
      vertex -21.0177 8.51027 10.4619
      vertex -21.0307 8.13889 5.6
      vertex -21.0177 8.51027 5.6
    endloop
  endfacet
  facet normal 1 0 0
    outer loop
      vertex -21.0307 7.5833 5.6
      vertex -21.0307 8.13889 10.7285
      vertex -21.0307 7.5833 11.137
    endloop
  endfacet
  facet normal 1 0 0
    outer loop
      vertex -21.0307 8.13889 10.7285
      vertex -21.0307 7.5833 5.6
      vertex -21.0307 8.13889 5.6
    endloop
  endfacet
  facet normal 0.438391 -0.898784 0
    outer loop
      vertex -21.0307 7.5833 5.6
      vertex -22.1696 7.02779 10.977
      vertex -22.1696 7.02779 5.6
    endloop
  endfacet
  facet normal 0.438391 -0.898784 0
    outer loop
      vertex -22.1696 7.02779 10.977
      vertex -21.0307 7.5833 5.6
      vertex -21.0307 7.5833 11.137
    endloop
  endfacet
  facet normal 1 0 0
    outer loop
      vertex -22.1696 6.02779 11.4585
      vertex -22.1696 7.02779 10.977
      vertex -22.1696 6.68102 11.2319
    endloop
  endfacet
  facet normal 1 0 0
    outer loop
      vertex -22.1696 6.02779 11.4585
      vertex -22.1696 6.68102 11.2319
      vertex -22.1696 6.45594 11.3642
    endloop
  endfacet
  facet normal 1 0 0
    outer loop
      vertex -22.1696 6.1443 11.4519
      vertex -22.1696 6.45594 11.3642
      vertex -22.1696 6.3244 11.4415
    endloop
  endfacet
  facet normal 1 0 0
    outer loop
      vertex -22.1696 6.02779 11.4585
      vertex -22.1696 6.45594 11.3642
      vertex -22.1696 6.1443 11.4519
    endloop
  endfacet
  facet normal 1 0 0
    outer loop
      vertex -22.1696 7.02779 10.977
      vertex -22.1696 6.02779 11.4585
      vertex -22.1696 6.02779 5.6
    endloop
  endfacet
  facet normal 1 0 0
    outer loop
      vertex -22.1696 7.02779 10.977
      vertex -22.1696 6.02779 5.6
      vertex -22.1696 7.02779 5.6
    endloop
  endfacet
  facet normal 0 1 -0
    outer loop
      vertex -21.0307 6.02779 5.6
      vertex -22.0059 6.02779 11.514
      vertex -21.0307 6.02779 11.7936
    endloop
  endfacet
  facet normal 0 1 0
    outer loop
      vertex -22.0059 6.02779 11.514
      vertex -21.0307 6.02779 5.6
      vertex -22.1696 6.02779 11.4585
    endloop
  endfacet
  facet normal 0 1 0
    outer loop
      vertex -22.1696 6.02779 11.4585
      vertex -21.0307 6.02779 5.6
      vertex -22.1696 6.02779 5.6
    endloop
  endfacet
  facet normal 1 -0 0
    outer loop
      vertex -21.0307 0.263328 10.9929
      vertex -21.0307 6.02779 5.6
      vertex -21.0307 6.02779 11.7936
    endloop
  endfacet
  facet normal 1 0 0
    outer loop
      vertex -21.0307 0 5.6
      vertex -21.0307 0.263328 10.9929
      vertex -21.0307 0 10.9519
    endloop
  endfacet
  facet normal 1 0 0
    outer loop
      vertex -21.0307 0.263328 10.9929
      vertex -21.0307 0 5.6
      vertex -21.0307 6.02779 5.6
    endloop
  endfacet
  facet normal 0 1 -0
    outer loop
      vertex -18.9613 0 5.6
      vertex -20.8988 0 10.9942
      vertex -18.9613 0 11.5498
    endloop
  endfacet
  facet normal 0 1 0
    outer loop
      vertex -21.0307 0 5.6
      vertex -20.8988 0 10.9942
      vertex -18.9613 0 5.6
    endloop
  endfacet
  facet normal 0 1 0
    outer loop
      vertex -20.8988 0 10.9942
      vertex -21.0307 0 5.6
      vertex -21.0307 0 10.9519
    endloop
  endfacet
  facet normal -1 0 0
    outer loop
      vertex -18.9613 6.02779 5.6
      vertex -18.9613 3.0468 11.9156
      vertex -18.9613 6.02779 12.2178
    endloop
  endfacet
  facet normal -1 0 0
    outer loop
      vertex -18.9613 0 5.6
      vertex -18.9613 3.0468 11.9156
      vertex -18.9613 6.02779 5.6
    endloop
  endfacet
  facet normal -1 0 0
    outer loop
      vertex -18.9613 3.0468 11.9156
      vertex -18.9613 0 5.6
      vertex -18.9613 0.821264 11.6639
    endloop
  endfacet
  facet normal -1 0 0
    outer loop
      vertex -18.9613 0.821264 11.6639
      vertex -18.9613 0 5.6
      vertex -18.9613 0 11.5498
    endloop
  endfacet
  facet normal -0.0560779 0.998426 0
    outer loop
      vertex 20.4712 -0.13472 5.6
      vertex 20.6937 -0.122223 12.2899
      vertex 20.6937 -0.122223 5.6
    endloop
  endfacet
  facet normal -0.0560779 0.998426 0
    outer loop
      vertex 20.6937 -0.122223 12.2899
      vertex 20.4712 -0.13472 5.6
      vertex 20.4712 -0.13472 12.3213
    endloop
  endfacet
  facet normal -0.0964076 0.995342 0
    outer loop
      vertex 20.6937 -0.122223 5.6
      vertex 20.9089 -0.101379 12.2604
      vertex 20.9089 -0.101379 5.6
    endloop
  endfacet
  facet normal -0.0964076 0.995342 0
    outer loop
      vertex 20.9089 -0.101379 12.2604
      vertex 20.6937 -0.122223 5.6
      vertex 20.6937 -0.122223 12.2899
    endloop
  endfacet
  facet normal -0.138846 0.990314 3.09647e-07
    outer loop
      vertex 20.9089 -0.101379 5.6
      vertex 21.0543 -0.0809954 12.241
      vertex 21.117 -0.0722046 12.2321
    endloop
  endfacet
  facet normal -0.138836 0.990315 0
    outer loop
      vertex 20.9089 -0.101379 5.6
      vertex 21.117 -0.0722046 12.2321
      vertex 21.117 -0.0722046 5.6
    endloop
  endfacet
  facet normal -0.138832 0.990316 0
    outer loop
      vertex 21.0543 -0.0809954 12.241
      vertex 20.9089 -0.101379 5.6
      vertex 20.9089 -0.101379 12.2604
    endloop
  endfacet
  facet normal -0.183608 0.983 0
    outer loop
      vertex 21.117 -0.0722046 5.6
      vertex 21.3178 -0.0346985 12.2043
      vertex 21.3178 -0.0346985 5.6
    endloop
  endfacet
  facet normal -0.183608 0.983 0
    outer loop
      vertex 21.3178 -0.0346985 12.2043
      vertex 21.117 -0.0722046 5.6
      vertex 21.117 -0.0722046 12.2321
    endloop
  endfacet
  facet normal -0.219998 0.9755 0
    outer loop
      vertex 21.3178 -0.0346985 5.6
      vertex 21.5086 0.0083313 12.1784
      vertex 21.5086 0.0083313 5.6
    endloop
  endfacet
  facet normal -0.219998 0.9755 0
    outer loop
      vertex 21.5086 0.0083313 12.1784
      vertex 21.3178 -0.0346985 5.6
      vertex 21.3178 -0.0346985 12.2043
    endloop
  endfacet
  facet normal -0.249091 0.96848 0
    outer loop
      vertex 21.5086 0.0083313 5.6
      vertex 21.6867 0.0541382 12.1547
      vertex 21.6867 0.0541382 5.6
    endloop
  endfacet
  facet normal -0.249091 0.96848 0
    outer loop
      vertex 21.6867 0.0541382 12.1547
      vertex 21.5086 0.0083313 5.6
      vertex 21.5086 0.0083313 12.1784
    endloop
  endfacet
  facet normal -0.283365 0.958957 -0.0102599
    outer loop
      vertex 21.852 0.102737 12.1317
      vertex 21.6867 0.0541382 12.1547
      vertex 21.8069 0.0894884 12.139
    endloop
  endfacet
  facet normal -0.282066 0.959395 0
    outer loop
      vertex 21.6867 0.0541382 5.6
      vertex 21.852 0.102737 12.1317
      vertex 21.852 0.102737 5.6
    endloop
  endfacet
  facet normal -0.282066 0.959395 0
    outer loop
      vertex 21.852 0.102737 12.1317
      vertex 21.6867 0.0541382 5.6
      vertex 21.6867 0.0541382 12.1547
    endloop
  endfacet
  facet normal -0.31935 0.947637 0
    outer loop
      vertex 21.852 0.102737 5.6
      vertex 22.0045 0.154129 12.1067
      vertex 22.0045 0.154129 5.6
    endloop
  endfacet
  facet normal -0.31935 0.947637 0
    outer loop
      vertex 22.0045 0.154129 12.1067
      vertex 21.852 0.102737 5.6
      vertex 21.852 0.102737 12.1317
    endloop
  endfacet
  facet normal -0.361526 0.932362 0
    outer loop
      vertex 22.0045 0.154129 5.6
      vertex 22.1442 0.208298 12.0839
      vertex 22.1442 0.208298 5.6
    endloop
  endfacet
  facet normal -0.361526 0.932362 0
    outer loop
      vertex 22.1442 0.208298 12.0839
      vertex 22.0045 0.154129 5.6
      vertex 22.0045 0.154129 12.1067
    endloop
  endfacet
  facet normal -1 0 0
    outer loop
      vertex 22.1442 1.75 5.6
      vertex 22.1442 0.533382 12.0842
      vertex 22.1442 1.75 12.0838
    endloop
  endfacet
  facet normal -1 0 0
    outer loop
      vertex 22.1442 0.208298 5.6
      vertex 22.1442 0.533382 12.0842
      vertex 22.1442 1.75 5.6
    endloop
  endfacet
  facet normal -1 0 0
    outer loop
      vertex 22.1442 0.533382 12.0842
      vertex 22.1442 0.208298 5.6
      vertex 22.1442 0.208298 12.0839
    endloop
  endfacet
  facet normal 0.28349 -0.958975 0
    outer loop
      vertex 22.0164 1.71222 5.6
      vertex 22.1442 1.75 12.0838
      vertex 22.0164 1.71222 12.1047
    endloop
  endfacet
  facet normal 0.28349 -0.958975 0
    outer loop
      vertex 22.1442 1.75 12.0838
      vertex 22.0164 1.71222 5.6
      vertex 22.1442 1.75 5.6
    endloop
  endfacet
  facet normal 0.267994 -0.963421 0
    outer loop
      vertex 21.8886 1.67667 5.6
      vertex 22.0164 1.71222 12.1047
      vertex 21.8886 1.67667 12.1257
    endloop
  endfacet
  facet normal 0.267994 -0.963421 0
    outer loop
      vertex 22.0164 1.71222 12.1047
      vertex 21.8886 1.67667 5.6
      vertex 22.0164 1.71222 5.6
    endloop
  endfacet
  facet normal 0.252613 -0.967567 0
    outer loop
      vertex 21.7609 1.64333 5.6
      vertex 21.8886 1.67667 12.1257
      vertex 21.7609 1.64333 12.1466
    endloop
  endfacet
  facet normal 0.252613 -0.967567 0
    outer loop
      vertex 21.8886 1.67667 12.1257
      vertex 21.7609 1.64333 5.6
      vertex 21.8886 1.67667 5.6
    endloop
  endfacet
  facet normal 0.236664 -0.971592 0
    outer loop
      vertex 21.6331 1.6122 5.6
      vertex 21.7609 1.64333 12.1466
      vertex 21.6331 1.6122 12.1676
    endloop
  endfacet
  facet normal 0.236664 -0.971592 0
    outer loop
      vertex 21.7609 1.64333 12.1466
      vertex 21.6331 1.6122 5.6
      vertex 21.7609 1.64333 5.6
    endloop
  endfacet
  facet normal 0.220565 -0.975372 0
    outer loop
      vertex 21.5053 1.5833 5.6
      vertex 21.6331 1.6122 12.1676
      vertex 21.5053 1.5833 12.1885
    endloop
  endfacet
  facet normal 0.220565 -0.975372 0
    outer loop
      vertex 21.6331 1.6122 12.1676
      vertex 21.5053 1.5833 5.6
      vertex 21.6331 1.6122 5.6
    endloop
  endfacet
  facet normal 0.190401 -0.981706 0
    outer loop
      vertex 21.3764 1.5583 5.6
      vertex 21.5053 1.5833 12.1885
      vertex 21.3764 1.5583 12.2096
    endloop
  endfacet
  facet normal 0.190401 -0.981706 0
    outer loop
      vertex 21.5053 1.5833 12.1885
      vertex 21.3764 1.5583 5.6
      vertex 21.5053 1.5833 5.6
    endloop
  endfacet
  facet normal 0.146532 -0.989206 0
    outer loop
      vertex 21.2453 1.53888 5.6
      vertex 21.3764 1.5583 12.2096
      vertex 21.2453 1.53888 12.2311
    endloop
  endfacet
  facet normal 0.146532 -0.989206 0
    outer loop
      vertex 21.3764 1.5583 12.2096
      vertex 21.2453 1.53888 5.6
      vertex 21.3764 1.5583 5.6
    endloop
  endfacet
  facet normal 0.10364 -0.994615 0
    outer loop
      vertex 21.112 1.52499 5.6
      vertex 21.2453 1.53888 12.2311
      vertex 21.112 1.52499 12.253
    endloop
  endfacet
  facet normal 0.10364 -0.994615 0
    outer loop
      vertex 21.2453 1.53888 12.2311
      vertex 21.112 1.52499 5.6
      vertex 21.2453 1.53888 5.6
    endloop
  endfacet
  facet normal 0.0613602 -0.998116 0
    outer loop
      vertex 20.9765 1.51666 5.6
      vertex 21.112 1.52499 12.253
      vertex 20.9765 1.51666 12.2752
    endloop
  endfacet
  facet normal 0.0613602 -0.998116 0
    outer loop
      vertex 21.112 1.52499 12.253
      vertex 20.9765 1.51666 5.6
      vertex 21.112 1.52499 5.6
    endloop
  endfacet
  facet normal 0.0200975 -0.999798 0
    outer loop
      vertex 20.8387 1.51389 5.6
      vertex 20.9765 1.51666 12.2752
      vertex 20.8387 1.51389 12.2977
    endloop
  endfacet
  facet normal 0.0200975 -0.999798 0
    outer loop
      vertex 20.9765 1.51666 12.2752
      vertex 20.8387 1.51389 5.6
      vertex 20.9765 1.51666 5.6
    endloop
  endfacet
  facet normal -0.0555271 -0.998457 0
    outer loop
      vertex 20.6837 1.52251 5.6
      vertex 20.8387 1.51389 12.2977
      vertex 20.6837 1.52251 12.3231
    endloop
  endfacet
  facet normal -0.0555271 -0.998457 -0
    outer loop
      vertex 20.8387 1.51389 12.2977
      vertex 20.6837 1.52251 5.6
      vertex 20.8387 1.51389 5.6
    endloop
  endfacet
  facet normal -0.17786 -0.984056 0
    outer loop
      vertex 20.5409 1.54832 5.6
      vertex 20.6837 1.52251 12.3231
      vertex 20.5409 1.54832 12.3465
    endloop
  endfacet
  facet normal -0.17786 -0.984056 -0
    outer loop
      vertex 20.6837 1.52251 12.3231
      vertex 20.5409 1.54832 5.6
      vertex 20.6837 1.52251 5.6
    endloop
  endfacet
  facet normal -0.313063 -0.949732 0
    outer loop
      vertex 20.4103 1.59137 5.6
      vertex 20.5409 1.54832 12.3465
      vertex 20.4103 1.59137 12.3679
    endloop
  endfacet
  facet normal -0.313063 -0.949732 -0
    outer loop
      vertex 20.5409 1.54832 12.3465
      vertex 20.4103 1.59137 5.6
      vertex 20.5409 1.54832 5.6
    endloop
  endfacet
  facet normal -0.454083 -0.890958 -0.00150452
    outer loop
      vertex 20.292 1.65163 12.3871
      vertex 20.4103 1.59137 12.3679
      vertex 20.2973 1.64893 12.3864
    endloop
  endfacet
  facet normal -0.45389 -0.891058 0
    outer loop
      vertex 20.292 1.65163 5.6
      vertex 20.4103 1.59137 12.3679
      vertex 20.292 1.65163 12.3871
    endloop
  endfacet
  facet normal -0.45389 -0.891058 -0
    outer loop
      vertex 20.4103 1.59137 12.3679
      vertex 20.292 1.65163 5.6
      vertex 20.4103 1.59137 5.6
    endloop
  endfacet
  facet normal -0.589696 -0.807625 0
    outer loop
      vertex 20.1859 1.7291 5.6
      vertex 20.292 1.65163 12.3871
      vertex 20.1859 1.7291 12.4009
    endloop
  endfacet
  facet normal -0.589696 -0.807625 -0
    outer loop
      vertex 20.292 1.65163 12.3871
      vertex 20.1859 1.7291 5.6
      vertex 20.292 1.65163 5.6
    endloop
  endfacet
  facet normal -0.724879 -0.688877 0
    outer loop
      vertex 20.0959 1.82382 5.6
      vertex 20.16 1.75637 12.404
      vertex 20.0959 1.82382 12.4108
    endloop
  endfacet
  facet normal -0.724938 -0.688814 -0
    outer loop
      vertex 20.1859 1.7291 12.4009
      vertex 20.0959 1.82382 5.6
      vertex 20.1859 1.7291 5.6
    endloop
  endfacet
  facet normal -0.725085 -0.688659 4.10645e-06
    outer loop
      vertex 20.0959 1.82382 5.6
      vertex 20.1859 1.7291 12.4009
      vertex 20.16 1.75637 12.404
    endloop
  endfacet
  facet normal -0.847913 -0.530135 -0
    outer loop
      vertex 20.0959 1.82382 12.4108
      vertex 20.0259 1.93578 5.6
      vertex 20.0959 1.82382 5.6
    endloop
  endfacet
  facet normal -0.847913 -0.530135 0
    outer loop
      vertex 20.0259 1.93578 5.6
      vertex 20.0959 1.82382 12.4108
      vertex 20.0259 1.93578 12.4167
    endloop
  endfacet
  facet normal -0.932276 -0.361748 0
    outer loop
      vertex 19.9759 2.06496 5.6
      vertex 19.9829 2.04692 12.4186
      vertex 19.9759 2.06496 12.4184
    endloop
  endfacet
  facet normal -0.932581 -0.360962 -0
    outer loop
      vertex 20.0259 1.93578 12.4167
      vertex 19.9759 2.06496 5.6
      vertex 20.0259 1.93578 5.6
    endloop
  endfacet
  facet normal -0.93263 -0.360834 2.7812e-06
    outer loop
      vertex 19.9759 2.06496 5.6
      vertex 20.0259 1.93578 12.4167
      vertex 19.9829 2.04692 12.4186
    endloop
  endfacet
  facet normal -0.979643 -0.200747 0
    outer loop
      vertex 19.9759 2.06496 5.6
      vertex 19.9459 2.21136 12.4133
      vertex 19.9459 2.21136 5.6
    endloop
  endfacet
  facet normal -0.979643 -0.200747 0
    outer loop
      vertex 19.9459 2.21136 12.4133
      vertex 19.9759 2.06496 5.6
      vertex 19.9759 2.06496 12.4184
    endloop
  endfacet
  facet normal -0.998138 -0.060996 0
    outer loop
      vertex 19.9459 2.21136 5.6
      vertex 19.9359 2.375 12.4044
      vertex 19.9359 2.375 5.6
    endloop
  endfacet
  facet normal -0.998138 -0.060996 0
    outer loop
      vertex 19.9359 2.375 12.4044
      vertex 19.9459 2.21136 5.6
      vertex 19.9459 2.21136 12.4133
    endloop
  endfacet
  facet normal -1 0 0
    outer loop
      vertex 19.9359 6.02779 5.6
      vertex 19.9359 5.65352 12.1696
      vertex 19.9359 6.02779 12.1167
    endloop
  endfacet
  facet normal -1 0 0
    outer loop
      vertex 19.9359 6.02779 5.6
      vertex 19.9359 5.63451 12.1721
      vertex 19.9359 5.65352 12.1696
    endloop
  endfacet
  facet normal -1 0 0
    outer loop
      vertex 19.9359 6.02779 5.6
      vertex 19.9359 5.41356 12.1938
      vertex 19.9359 5.63451 12.1721
    endloop
  endfacet
  facet normal -1 0 0
    outer loop
      vertex 19.9359 2.375 5.6
      vertex 19.9359 5.41356 12.1938
      vertex 19.9359 6.02779 5.6
    endloop
  endfacet
  facet normal -1 -0 0
    outer loop
      vertex 19.9359 5.41356 12.1938
      vertex 19.9359 2.375 5.6
      vertex 19.9359 2.52155 12.3953
    endloop
  endfacet
  facet normal -1 -0 0
    outer loop
      vertex 19.9359 2.52155 12.3953
      vertex 19.9359 2.375 5.6
      vertex 19.9359 2.375 12.4044
    endloop
  endfacet
  facet normal 0 1 0
    outer loop
      vertex 19.9359 6.02779 5.6
      vertex 20.1228 6.02779 12.0787
      vertex 22.0609 6.02779 11.6664
    endloop
  endfacet
  facet normal 0 1 0
    outer loop
      vertex 19.9359 6.02779 5.6
      vertex 22.0609 6.02779 11.6664
      vertex 22.0609 6.02779 5.6
    endloop
  endfacet
  facet normal 0 1 0
    outer loop
      vertex 20.1228 6.02779 12.0787
      vertex 19.9359 6.02779 5.6
      vertex 19.9359 6.02779 12.1167
    endloop
  endfacet
  facet normal -1 0 0
    outer loop
      vertex 22.0609 7.5833 5.6
      vertex 22.0609 7.49162 11.4521
      vertex 22.0609 7.5833 11.4302
    endloop
  endfacet
  facet normal -1 0 0
    outer loop
      vertex 22.0609 6.02779 5.6
      vertex 22.0609 7.49162 11.4521
      vertex 22.0609 7.5833 5.6
    endloop
  endfacet
  facet normal -1 -0 0
    outer loop
      vertex 22.0609 7.49162 11.4521
      vertex 22.0609 6.02779 5.6
      vertex 22.0609 6.02779 11.6664
    endloop
  endfacet
  facet normal 0 -1 0
    outer loop
      vertex 19.9359 7.5833 5.6
      vertex 21.9403 7.5833 11.4643
      vertex 19.9359 7.5833 11.8907
    endloop
  endfacet
  facet normal 0 -1 0
    outer loop
      vertex 22.0609 7.5833 5.6
      vertex 21.9403 7.5833 11.4643
      vertex 19.9359 7.5833 5.6
    endloop
  endfacet
  facet normal 0 -1 0
    outer loop
      vertex 21.9403 7.5833 11.4643
      vertex 22.0609 7.5833 5.6
      vertex 22.0609 7.5833 11.4302
    endloop
  endfacet
  facet normal -1 0 0
    outer loop
      vertex 19.9359 9.19449 5.6
      vertex 19.9359 9.10675 11.6677
      vertex 19.9359 9.19449 11.6467
    endloop
  endfacet
  facet normal -1 0 0
    outer loop
      vertex 19.9359 7.5833 5.6
      vertex 19.9359 9.10675 11.6677
      vertex 19.9359 9.19449 5.6
    endloop
  endfacet
  facet normal -1 -0 0
    outer loop
      vertex 19.9359 9.10675 11.6677
      vertex 19.9359 7.5833 5.6
      vertex 19.9359 7.5833 11.8907
    endloop
  endfacet
  facet normal 0 -1 0
    outer loop
      vertex 18.6165 9.19449 5.6
      vertex 19.8205 9.19449 11.6794
      vertex 18.6165 9.19449 11.9355
    endloop
  endfacet
  facet normal 0 -1 -0
    outer loop
      vertex 19.8205 9.19449 11.6794
      vertex 18.6165 9.19449 5.6
      vertex 19.9359 9.19449 11.6467
    endloop
  endfacet
  facet normal 0 -1 -0
    outer loop
      vertex 19.9359 9.19449 11.6467
      vertex 18.6165 9.19449 5.6
      vertex 19.9359 9.19449 5.6
    endloop
  endfacet
  facet normal 0.936607 -0.350382 3.55975e-05
    outer loop
      vertex 18.0192 7.5972 5.6
      vertex 18.6165 9.19449 11.9355
      vertex 18.4848 8.84245 12.0151
    endloop
  endfacet
  facet normal 0.936673 -0.350204 -3.65077e-06
    outer loop
      vertex 18.0192 7.5972 5.6
      vertex 18.4848 8.84245 12.0151
      vertex 18.0346 7.63832 12.2769
    endloop
  endfacet
  facet normal 0.0785363 0.166592 0.982893
    outer loop
      vertex 18.0192 7.5972 12.2851
      vertex 18.0346 7.63832 12.2769
      vertex 18.0199 7.59923 12.2847
    endloop
  endfacet
  facet normal 0.936479 -0.350724 0
    outer loop
      vertex 18.0346 7.63832 12.2769
      vertex 18.0192 7.5972 12.2851
      vertex 18.0192 7.5972 5.6
    endloop
  endfacet
  facet normal 0.936653 -0.350258 0
    outer loop
      vertex 18.6165 9.19449 11.9355
      vertex 18.0192 7.5972 5.6
      vertex 18.6165 9.19449 5.6
    endloop
  endfacet
  facet normal 0.520594 -0.853804 0
    outer loop
      vertex 16.8803 6.90279 5.6
      vertex 17.9456 7.55234 12.3012
      vertex 16.8803 6.90279 12.4837
    endloop
  endfacet
  facet normal 0.520459 -0.853886 2.93162e-05
    outer loop
      vertex 17.9456 7.55234 12.3012
      vertex 16.8803 6.90279 5.6
      vertex 18.0192 7.5972 12.2851
    endloop
  endfacet
  facet normal 0.520585 -0.85381 0
    outer loop
      vertex 18.0192 7.5972 12.2851
      vertex 16.8803 6.90279 5.6
      vertex 18.0192 7.5972 5.6
    endloop
  endfacet
  facet normal 1 0 0
    outer loop
      vertex 16.8803 6.02779 5.6
      vertex 16.8803 6.90279 12.4837
      vertex 16.8803 6.02779 12.5447
    endloop
  endfacet
  facet normal 1 0 0
    outer loop
      vertex 16.8803 6.90279 12.4837
      vertex 16.8803 6.02779 5.6
      vertex 16.8803 6.90279 5.6
    endloop
  endfacet
  facet normal 0 1 0
    outer loop
      vertex 16.8803 6.02779 5.6
      vertex 17.8665 6.02779 12.4176
      vertex 17.8665 6.02779 5.6
    endloop
  endfacet
  facet normal 0 1 0
    outer loop
      vertex 17.8665 6.02779 12.4176
      vertex 16.8803 6.02779 5.6
      vertex 16.8803 6.02779 12.5447
    endloop
  endfacet
  facet normal 1 0 0
    outer loop
      vertex 17.8665 2.375 5.6
      vertex 17.8665 6.02779 12.4176
      vertex 17.8665 2.375 12.6721
    endloop
  endfacet
  facet normal 1 0 0
    outer loop
      vertex 17.8665 6.02779 12.4176
      vertex 17.8665 2.375 5.6
      vertex 17.8665 6.02779 5.6
    endloop
  endfacet
  facet normal 0.999436 0.0335877 -0
    outer loop
      vertex 17.879 2.00305 5.6
      vertex 17.8665 2.375 12.6721
      vertex 17.879 2.00305 12.6964
    endloop
  endfacet
  facet normal 0.999436 0.0335877 0
    outer loop
      vertex 17.8665 2.375 12.6721
      vertex 17.879 2.00305 5.6
      vertex 17.8665 2.375 5.6
    endloop
  endfacet
  facet normal 0.993895 0.110334 -3.6876e-06
    outer loop
      vertex 17.9165 1.66501 5.6
      vertex 17.879 2.00305 12.6964
      vertex 17.9063 1.75713 12.71
    endloop
  endfacet
  facet normal 0.993926 0.110053 -0
    outer loop
      vertex 17.9165 1.66501 5.6
      vertex 17.9063 1.75713 12.71
      vertex 17.9165 1.66501 12.7146
    endloop
  endfacet
  facet normal 0.993903 0.110257 0
    outer loop
      vertex 17.879 2.00305 12.6964
      vertex 17.9165 1.66501 5.6
      vertex 17.879 2.00305 5.6
    endloop
  endfacet
  facet normal 0.979533 0.201285 -0
    outer loop
      vertex 17.979 1.36086 5.6
      vertex 17.9165 1.66501 12.7146
      vertex 17.979 1.36086 12.727
    endloop
  endfacet
  facet normal 0.979533 0.201285 0
    outer loop
      vertex 17.9165 1.66501 12.7146
      vertex 17.979 1.36086 5.6
      vertex 17.9165 1.66501 5.6
    endloop
  endfacet
  facet normal 0.951374 0.308039 -1.64061e-06
    outer loop
      vertex 18.0665 1.09058 5.6
      vertex 17.979 1.36086 12.727
      vertex 18.0415 1.16783 12.7326
    endloop
  endfacet
  facet normal 0.951418 0.307902 -0
    outer loop
      vertex 18.0665 1.09058 5.6
      vertex 18.0415 1.16783 12.7326
      vertex 18.0665 1.09058 12.7346
    endloop
  endfacet
  facet normal 0.951386 0.308 0
    outer loop
      vertex 17.979 1.36086 12.727
      vertex 18.0665 1.09058 5.6
      vertex 17.979 1.36086 5.6
    endloop
  endfacet
  facet normal 0.90297 0.42951 0.0128742
    outer loop
      vertex 18.1323 0.95228 12.7335
      vertex 18.0665 1.09058 12.7346
      vertex 18.0992 1.02181 12.7354
    endloop
  endfacet
  facet normal 0.903005 0.429629 0
    outer loop
      vertex 18.0665 1.09058 12.7346
      vertex 18.1323 0.95228 12.7335
      vertex 18.0665 1.09058 5.6
    endloop
  endfacet
  facet normal 0.9029 0.429851 5.27372e-06
    outer loop
      vertex 18.179 0.854187 12.7292
      vertex 18.0665 1.09058 5.6
      vertex 18.1323 0.95228 12.7335
    endloop
  endfacet
  facet normal 0.902961 0.429722 0
    outer loop
      vertex 18.0665 1.09058 5.6
      vertex 18.179 0.854187 12.7292
      vertex 18.179 0.854187 5.6
    endloop
  endfacet
  facet normal 0.838613 0.544694 -0.00611189
    outer loop
      vertex 18.3129 0.647812 12.7094
      vertex 18.179 0.854187 12.7292
      vertex 18.2574 0.733389 12.7209
    endloop
  endfacet
  facet normal 0.83976 0.542787 0.0136123
    outer loop
      vertex 18.3129 0.647812 12.7094
      vertex 18.2574 0.733389 12.7209
      vertex 18.2825 0.694659 12.7168
    endloop
  endfacet
  facet normal 0.841151 0.528991 0.112397
    outer loop
      vertex 18.3009 0.666251 12.7128
      vertex 18.2825 0.694659 12.7168
      vertex 18.2918 0.680211 12.7152
    endloop
  endfacet
  facet normal 0.84164 0.536734 0.05966
    outer loop
      vertex 18.2825 0.694659 12.7168
      vertex 18.3009 0.666251 12.7128
      vertex 18.3129 0.647812 12.7094
    endloop
  endfacet
  facet normal 0.838896 0.544292 0
    outer loop
      vertex 18.179 0.854187 12.7292
      vertex 18.3129 0.647812 12.7094
      vertex 18.179 0.854187 5.6
    endloop
  endfacet
  facet normal 0.838896 0.544292 0
    outer loop
      vertex 18.179 0.854187 5.6
      vertex 18.3129 0.647812 12.7094
      vertex 18.3129 0.647812 5.6
    endloop
  endfacet
  facet normal 0.765392 0.643565 0
    outer loop
      vertex 18.4645 0.467514 12.6706
      vertex 18.3129 0.647812 5.6
      vertex 18.3129 0.647812 12.7094
    endloop
  endfacet
  facet normal 0.765392 0.643565 0
    outer loop
      vertex 18.3129 0.647812 5.6
      vertex 18.4645 0.467514 12.6706
      vertex 18.4645 0.467514 5.6
    endloop
  endfacet
  facet normal 0.672874 0.739757 0
    outer loop
      vertex 18.4645 0.467514 5.6
      vertex 18.634 0.313339 12.6315
      vertex 18.634 0.313339 5.6
    endloop
  endfacet
  facet normal 0.672874 0.739757 0
    outer loop
      vertex 18.634 0.313339 12.6315
      vertex 18.4645 0.467514 5.6
      vertex 18.4645 0.467514 12.6706
    endloop
  endfacet
  facet normal 0.564677 0.825312 0
    outer loop
      vertex 18.634 0.313339 5.6
      vertex 18.8212 0.185257 12.5923
      vertex 18.8212 0.185257 5.6
    endloop
  endfacet
  facet normal 0.564677 0.825312 0
    outer loop
      vertex 18.8212 0.185257 12.5923
      vertex 18.634 0.313339 5.6
      vertex 18.634 0.313339 12.6315
    endloop
  endfacet
  facet normal 0.445323 0.89537 0
    outer loop
      vertex 18.8212 0.185257 5.6
      vertex 19.0262 0.0832977 12.5529
      vertex 19.0262 0.0832977 5.6
    endloop
  endfacet
  facet normal 0.445323 0.89537 0
    outer loop
      vertex 19.0262 0.0832977 12.5529
      vertex 18.8212 0.185257 5.6
      vertex 18.8212 0.185257 12.5923
    endloop
  endfacet
  facet normal 0.342162 0.939641 0
    outer loop
      vertex 19.0262 0.0832977 5.6
      vertex 19.2459 0.0032959 12.5134
      vertex 19.2459 0.0032959 5.6
    endloop
  endfacet
  facet normal 0.342162 0.939641 0
    outer loop
      vertex 19.2459 0.0032959 12.5134
      vertex 19.0262 0.0832977 5.6
      vertex 19.0262 0.0832977 12.5529
    endloop
  endfacet
  facet normal 0.259564 0.965726 0
    outer loop
      vertex 19.2459 0.0032959 5.6
      vertex 19.4773 -0.0588989 12.4738
      vertex 19.4773 -0.0588989 5.6
    endloop
  endfacet
  facet normal 0.259564 0.965726 0
    outer loop
      vertex 19.4773 -0.0588989 12.4738
      vertex 19.2459 0.0032959 5.6
      vertex 19.2459 0.0032959 12.5134
    endloop
  endfacet
  facet normal 0.179861 0.983692 0
    outer loop
      vertex 19.4773 -0.0588989 5.6
      vertex 19.7204 -0.103348 12.4341
      vertex 19.7204 -0.103348 5.6
    endloop
  endfacet
  facet normal 0.179861 0.983692 0
    outer loop
      vertex 19.7204 -0.103348 12.4341
      vertex 19.4773 -0.0588989 5.6
      vertex 19.4773 -0.0588989 12.4738
    endloop
  endfacet
  facet normal 0.104092 0.994568 0
    outer loop
      vertex 19.7204 -0.103348 5.6
      vertex 19.9751 -0.130005 12.3944
      vertex 19.9751 -0.130005 5.6
    endloop
  endfacet
  facet normal 0.104092 0.994568 0
    outer loop
      vertex 19.9751 -0.130005 12.3944
      vertex 19.7204 -0.103348 5.6
      vertex 19.7204 -0.103348 12.4341
    endloop
  endfacet
  facet normal 0.0333148 0.999445 0
    outer loop
      vertex 19.9751 -0.130005 5.6
      vertex 20.2415 -0.138885 12.3546
      vertex 20.2415 -0.138885 5.6
    endloop
  endfacet
  facet normal 0.0333148 0.999445 0
    outer loop
      vertex 20.2415 -0.138885 12.3546
      vertex 19.9751 -0.130005 5.6
      vertex 19.9751 -0.130005 12.3944
    endloop
  endfacet
  facet normal -0.0181294 0.999836 0
    outer loop
      vertex 20.2415 -0.138885 5.6
      vertex 20.4712 -0.13472 12.3213
      vertex 20.4712 -0.13472 5.6
    endloop
  endfacet
  facet normal -0.0181294 0.999836 0
    outer loop
      vertex 20.4712 -0.13472 12.3213
      vertex 20.2415 -0.138885 5.6
      vertex 20.2415 -0.138885 12.3546
    endloop
  endfacet
  facet normal -0.100655 0.994921 0
    outer loop
      vertex -13.5767 -0.0944519 5.6
      vertex -13.9061 -0.127777 12.5052
      vertex -13.5767 -0.0944519 12.5531
    endloop
  endfacet
  facet normal -0.100655 0.994921 0
    outer loop
      vertex -13.9061 -0.127777 12.5052
      vertex -13.5767 -0.0944519 5.6
      vertex -13.9061 -0.127777 5.6
    endloop
  endfacet
  facet normal -0.183801 0.982963 0
    outer loop
      vertex -13.2795 -0.0388794 5.6
      vertex -13.5767 -0.0944519 12.5531
      vertex -13.2795 -0.0388794 12.5985
    endloop
  endfacet
  facet normal -0.183801 0.982963 0
    outer loop
      vertex -13.5767 -0.0944519 12.5531
      vertex -13.2795 -0.0388794 5.6
      vertex -13.5767 -0.0944519 5.6
    endloop
  endfacet
  facet normal -0.281558 0.959544 0
    outer loop
      vertex -13.0145 0.0388794 5.6
      vertex -13.2795 -0.0388794 12.5985
      vertex -13.0145 0.0388794 12.6413
    endloop
  endfacet
  facet normal -0.281558 0.959544 0
    outer loop
      vertex -13.2795 -0.0388794 12.5985
      vertex -13.0145 0.0388794 5.6
      vertex -13.2795 -0.0388794 5.6
    endloop
  endfacet
  facet normal -0.394299 0.918974 -0.00385571
    outer loop
      vertex -12.7818 0.138885 12.68
      vertex -13.0145 0.0388794 12.6413
      vertex -12.8369 0.11521 12.672
    endloop
  endfacet
  facet normal -0.394843 0.918749 0
    outer loop
      vertex -12.7818 0.138885 5.6
      vertex -13.0145 0.0388794 12.6413
      vertex -12.7818 0.138885 12.68
    endloop
  endfacet
  facet normal -0.394843 0.918749 0
    outer loop
      vertex -13.0145 0.0388794 12.6413
      vertex -12.7818 0.138885 5.6
      vertex -13.0145 0.0388794 5.6
    endloop
  endfacet
  facet normal -0.501887 0.864933 0
    outer loop
      vertex -12.5673 0.263351 5.6
      vertex -12.7818 0.138885 12.68
      vertex -12.5673 0.263351 12.7134
    endloop
  endfacet
  facet normal -0.501887 0.864933 0
    outer loop
      vertex -12.7818 0.138885 12.68
      vertex -12.5673 0.263351 5.6
      vertex -12.7818 0.138885 5.6
    endloop
  endfacet
  facet normal -0.584071 0.811703 0
    outer loop
      vertex -12.3573 0.414459 5.6
      vertex -12.5673 0.263351 12.7134
      vertex -12.3573 0.414459 12.7481
    endloop
  endfacet
  facet normal -0.584071 0.811703 0
    outer loop
      vertex -12.5673 0.263351 12.7134
      vertex -12.3573 0.414459 5.6
      vertex -12.5673 0.263351 5.6
    endloop
  endfacet
  facet normal -0.654258 0.756272 0
    outer loop
      vertex -12.1518 0.592239 5.6
      vertex -12.3573 0.414459 12.7481
      vertex -12.1518 0.592239 12.7841
    endloop
  endfacet
  facet normal -0.654258 0.756272 0
    outer loop
      vertex -12.3573 0.414459 12.7481
      vertex -12.1518 0.592239 5.6
      vertex -12.3573 0.414459 5.6
    endloop
  endfacet
  facet normal -0.712754 0.701414 0
    outer loop
      vertex -12.1518 0.592239 12.7841
      vertex -11.9506 0.796692 5.6
      vertex -12.1518 0.592239 5.6
    endloop
  endfacet
  facet normal -0.712754 0.701414 0
    outer loop
      vertex -11.9506 0.796692 5.6
      vertex -12.1518 0.592239 12.7841
      vertex -11.9506 0.796692 12.8215
    endloop
  endfacet
  facet normal -0.761668 0.647967 0
    outer loop
      vertex -11.9506 0.796692 12.8215
      vertex -11.754 1.02779 5.6
      vertex -11.9506 0.796692 5.6
    endloop
  endfacet
  facet normal -0.761668 0.647967 0
    outer loop
      vertex -11.754 1.02779 5.6
      vertex -11.9506 0.796692 12.8215
      vertex -11.754 1.02779 12.8601
    endloop
  endfacet
  facet normal 0 1 -0
    outer loop
      vertex -11.6984 1.02779 5.6
      vertex -11.754 1.02779 12.8601
      vertex -11.6984 1.02779 12.8666
    endloop
  endfacet
  facet normal 0 1 0
    outer loop
      vertex -11.754 1.02779 12.8601
      vertex -11.6984 1.02779 5.6
      vertex -11.754 1.02779 5.6
    endloop
  endfacet
  facet normal 0.931052 0.364887 0
    outer loop
      vertex -11.2956 0 12.8426
      vertex -11.6984 1.02779 5.6
      vertex -11.6984 1.02779 12.8666
    endloop
  endfacet
  facet normal 0.931052 0.364887 0
    outer loop
      vertex -11.6984 1.02779 5.6
      vertex -11.2956 0 12.8426
      vertex -11.2956 0 5.6
    endloop
  endfacet
  facet normal 0 1 -0
    outer loop
      vertex -9.85118 0 5.6
      vertex -10.3547 0 12.9515
      vertex -9.85118 0 12.9934
    endloop
  endfacet
  facet normal 0 1 0
    outer loop
      vertex -10.3547 0 12.9515
      vertex -9.85118 0 5.6
      vertex -11.2956 0 12.8426
    endloop
  endfacet
  facet normal 0 1 0
    outer loop
      vertex -11.2956 0 12.8426
      vertex -9.85118 0 5.6
      vertex -11.2956 0 5.6
    endloop
  endfacet
  facet normal -1 0 0
    outer loop
      vertex -9.85118 5.05559 5.6
      vertex -9.85118 3.12001 13.1666
      vertex -9.85118 5.05559 13.2336
    endloop
  endfacet
  facet normal -1 0 0
    outer loop
      vertex -9.85118 0 5.6
      vertex -9.85118 3.12001 13.1666
      vertex -9.85118 5.05559 5.6
    endloop
  endfacet
  facet normal -1 0 0
    outer loop
      vertex -9.85118 3.12001 13.1666
      vertex -9.85118 0 5.6
      vertex -9.85118 0 12.9934
    endloop
  endfacet
  facet normal -0.998025 -0.0628126 -0
    outer loop
      vertex -9.85118 5.05559 13.2336
      vertex -9.88368 5.57198 5.6
      vertex -9.85118 5.05559 5.6
    endloop
  endfacet
  facet normal -0.998025 -0.0628126 0
    outer loop
      vertex -9.88368 5.57198 5.6
      vertex -9.85118 5.05559 13.2336
      vertex -9.88368 5.57198 13.2496
    endloop
  endfacet
  facet normal -0.978286 -0.207258 -0
    outer loop
      vertex -9.88368 5.57198 13.2496
      vertex -9.98119 6.03224 5.6
      vertex -9.88368 5.57198 5.6
    endloop
  endfacet
  facet normal -0.978286 -0.207258 0
    outer loop
      vertex -9.98119 6.03224 5.6
      vertex -9.88368 5.57198 13.2496
      vertex -9.98119 6.03224 13.2602
    endloop
  endfacet
  facet normal -0.927805 -0.373064 -0
    outer loop
      vertex -9.98119 6.03224 13.2602
      vertex -10.1437 6.4364 5.6
      vertex -9.98119 6.03224 5.6
    endloop
  endfacet
  facet normal -0.927805 -0.373064 0
    outer loop
      vertex -10.1437 6.4364 5.6
      vertex -9.98119 6.03224 13.2602
      vertex -10.1437 6.4364 13.2652
    endloop
  endfacet
  facet normal -0.837048 -0.547129 0
    outer loop
      vertex -10.1437 6.4364 5.6
      vertex -10.3712 6.78445 13.2647
      vertex -10.3712 6.78445 5.6
    endloop
  endfacet
  facet normal -0.837048 -0.547129 0
    outer loop
      vertex -10.3712 6.78445 13.2647
      vertex -10.1437 6.4364 5.6
      vertex -10.1437 6.4364 13.2652
    endloop
  endfacet
  facet normal -0.706429 -0.707784 0
    outer loop
      vertex -10.3712 6.78445 5.6
      vertex -10.6637 7.07639 13.2586
      vertex -10.6637 7.07639 5.6
    endloop
  endfacet
  facet normal -0.706429 -0.707784 0
    outer loop
      vertex -10.6637 7.07639 13.2586
      vertex -10.3712 6.78445 5.6
      vertex -10.3712 6.78445 13.2647
    endloop
  endfacet
  facet normal -0.557568 -0.830131 0
    outer loop
      vertex -10.6637 7.07639 5.6
      vertex -11.0173 7.31389 13.2473
      vertex -11.0173 7.31389 5.6
    endloop
  endfacet
  facet normal -0.557568 -0.830131 0
    outer loop
      vertex -11.0173 7.31389 13.2473
      vertex -10.6637 7.07639 5.6
      vertex -10.6637 7.07639 13.2586
    endloop
  endfacet
  facet normal -0.410088 -0.912046 0
    outer loop
      vertex -11.0173 7.31389 5.6
      vertex -11.4281 7.4986 13.231
      vertex -11.4281 7.4986 5.6
    endloop
  endfacet
  facet normal -0.410088 -0.912046 0
    outer loop
      vertex -11.4281 7.4986 13.231
      vertex -11.0173 7.31389 5.6
      vertex -11.0173 7.31389 13.2473
    endloop
  endfacet
  facet normal -0.271292 -0.962497 0
    outer loop
      vertex -11.4281 7.4986 5.6
      vertex -11.8962 7.63054 13.2097
      vertex -11.8962 7.63054 5.6
    endloop
  endfacet
  facet normal -0.271292 -0.962497 0
    outer loop
      vertex -11.8962 7.63054 13.2097
      vertex -11.4281 7.4986 5.6
      vertex -11.4281 7.4986 13.231
    endloop
  endfacet
  facet normal -0.149012 -0.988835 0
    outer loop
      vertex -11.8962 7.63054 5.6
      vertex -12.4215 7.7097 13.1835
      vertex -12.4215 7.7097 5.6
    endloop
  endfacet
  facet normal -0.149012 -0.988835 0
    outer loop
      vertex -12.4215 7.7097 13.1835
      vertex -11.8962 7.63054 5.6
      vertex -11.8962 7.63054 13.2097
    endloop
  endfacet
  facet normal -0.0452754 -0.998975 0
    outer loop
      vertex -12.4215 7.7097 5.6
      vertex -13.004 7.7361 13.1522
      vertex -13.004 7.7361 5.6
    endloop
  endfacet
  facet normal -0.0452754 -0.998975 0
    outer loop
      vertex -13.004 7.7361 13.1522
      vertex -12.4215 7.7097 5.6
      vertex -12.4215 7.7097 13.1835
    endloop
  endfacet
  facet normal 0.0224667 -0.999748 -6.04687e-06
    outer loop
      vertex -13.004 7.7361 5.6
      vertex -13.3059 7.72927 13.1353
      vertex -13.3237 7.72887 13.1338
    endloop
  endfacet
  facet normal 0.0226092 -0.999744 0
    outer loop
      vertex -13.004 7.7361 5.6
      vertex -13.3237 7.72887 13.1338
      vertex -13.3237 7.72887 5.6
    endloop
  endfacet
  facet normal 0.0226176 -0.999744 0
    outer loop
      vertex -13.3059 7.72927 13.1353
      vertex -13.004 7.7361 5.6
      vertex -13.004 7.7361 13.1522
    endloop
  endfacet
  facet normal 0.0689221 -0.99762 -0.00217552
    outer loop
      vertex -13.6384 7.7072 13.101
      vertex -13.3237 7.72887 13.1338
      vertex -13.4761 7.71837 13.1206
    endloop
  endfacet
  facet normal 0.0686966 -0.997638 0
    outer loop
      vertex -13.3237 7.72887 5.6
      vertex -13.6384 7.7072 13.101
      vertex -13.6384 7.7072 5.6
    endloop
  endfacet
  facet normal 0.0686966 -0.997638 0
    outer loop
      vertex -13.6384 7.7072 13.101
      vertex -13.3237 7.72887 5.6
      vertex -13.3237 7.72887 13.1338
    endloop
  endfacet
  facet normal 0.115844 -0.993267 0
    outer loop
      vertex -13.6384 7.7072 5.6
      vertex -13.9481 7.67108 13.0627
      vertex -13.9481 7.67108 5.6
    endloop
  endfacet
  facet normal 0.115844 -0.993267 0
    outer loop
      vertex -13.9481 7.67108 13.0627
      vertex -13.6384 7.7072 5.6
      vertex -13.6384 7.7072 13.101
    endloop
  endfacet
  facet normal 0.163727 -0.986506 0
    outer loop
      vertex -13.9481 7.67108 5.6
      vertex -14.2528 7.62051 13.0239
      vertex -14.2528 7.62051 5.6
    endloop
  endfacet
  facet normal 0.163727 -0.986506 0
    outer loop
      vertex -14.2528 7.62051 13.0239
      vertex -13.9481 7.67108 5.6
      vertex -13.9481 7.67108 13.0627
    endloop
  endfacet
  facet normal 0.211919 -0.977287 0
    outer loop
      vertex -14.2528 7.62051 5.6
      vertex -14.5526 7.5555 12.9847
      vertex -14.5526 7.5555 5.6
    endloop
  endfacet
  facet normal 0.211919 -0.977287 0
    outer loop
      vertex -14.5526 7.5555 12.9847
      vertex -14.2528 7.62051 5.6
      vertex -14.2528 7.62051 13.0239
    endloop
  endfacet
  facet normal 0.257415 -0.966301 0
    outer loop
      vertex -14.5526 7.5555 5.6
      vertex -14.8445 7.47774 12.9456
      vertex -14.8445 7.47774 5.6
    endloop
  endfacet
  facet normal 0.257415 -0.966301 0
    outer loop
      vertex -14.8445 7.47774 12.9456
      vertex -14.5526 7.5555 5.6
      vertex -14.5526 7.5555 12.9847
    endloop
  endfacet
  facet normal 0.301152 -0.953576 0
    outer loop
      vertex -14.8445 7.47774 5.6
      vertex -15.1259 7.38887 12.9069
      vertex -15.1259 7.38887 5.6
    endloop
  endfacet
  facet normal 0.301152 -0.953576 0
    outer loop
      vertex -15.1259 7.38887 12.9069
      vertex -14.8445 7.47774 5.6
      vertex -14.8445 7.47774 12.9456
    endloop
  endfacet
  facet normal 0.346351 -0.938105 0
    outer loop
      vertex -15.1259 7.38887 5.6
      vertex -15.3967 7.28889 12.8686
      vertex -15.3967 7.28889 5.6
    endloop
  endfacet
  facet normal 0.346351 -0.938105 0
    outer loop
      vertex -15.3967 7.28889 12.8686
      vertex -15.1259 7.38887 5.6
      vertex -15.1259 7.38887 12.9069
    endloop
  endfacet
  facet normal 0.392524 -0.919742 0
    outer loop
      vertex -15.3967 7.28889 5.6
      vertex -15.657 7.1778 12.8309
      vertex -15.657 7.1778 5.6
    endloop
  endfacet
  facet normal 0.392524 -0.919742 0
    outer loop
      vertex -15.657 7.1778 12.8309
      vertex -15.3967 7.28889 5.6
      vertex -15.3967 7.28889 12.8686
    endloop
  endfacet
  facet normal 0.4396 -0.898193 0
    outer loop
      vertex -15.657 7.1778 5.6
      vertex -15.9067 7.05559 12.7935
      vertex -15.9067 7.05559 5.6
    endloop
  endfacet
  facet normal 0.4396 -0.898193 0
    outer loop
      vertex -15.9067 7.05559 12.7935
      vertex -15.657 7.1778 5.6
      vertex -15.657 7.1778 12.8309
    endloop
  endfacet
  facet normal 0.899725 0.436458 0
    outer loop
      vertex -15.2262 5.65279 12.7759
      vertex -15.9067 7.05559 5.6
      vertex -15.9067 7.05559 12.7935
    endloop
  endfacet
  facet normal 0.899725 0.436458 0
    outer loop
      vertex -15.9067 7.05559 5.6
      vertex -15.2262 5.65279 12.7759
      vertex -15.2262 5.65279 5.6
    endloop
  endfacet
  facet normal -0.397254 0.917709 0
    outer loop
      vertex -15.0151 5.74417 5.6
      vertex -15.2262 5.65279 12.7759
      vertex -15.0151 5.74417 12.8066
    endloop
  endfacet
  facet normal -0.397254 0.917709 0
    outer loop
      vertex -15.2262 5.65279 12.7759
      vertex -15.0151 5.74417 5.6
      vertex -15.2262 5.65279 5.6
    endloop
  endfacet
  facet normal -0.374417 0.927261 0
    outer loop
      vertex -14.8039 5.82945 5.6
      vertex -15.0151 5.74417 12.8066
      vertex -14.8039 5.82945 12.837
    endloop
  endfacet
  facet normal -0.374417 0.927261 0
    outer loop
      vertex -15.0151 5.74417 12.8066
      vertex -14.8039 5.82945 5.6
      vertex -15.0151 5.74417 5.6
    endloop
  endfacet
  facet normal -0.351153 0.936318 0
    outer loop
      vertex -14.5928 5.90862 5.6
      vertex -14.8039 5.82945 12.837
      vertex -14.5928 5.90862 12.8669
    endloop
  endfacet
  facet normal -0.351153 0.936318 0
    outer loop
      vertex -14.8039 5.82945 12.837
      vertex -14.5928 5.90862 5.6
      vertex -14.8039 5.82945 5.6
    endloop
  endfacet
  facet normal -0.326978 0.945032 0
    outer loop
      vertex -14.3817 5.98166 5.6
      vertex -14.5928 5.90862 12.8669
      vertex -14.3817 5.98166 12.8963
    endloop
  endfacet
  facet normal -0.326978 0.945032 0
    outer loop
      vertex -14.5928 5.90862 12.8669
      vertex -14.3817 5.98166 5.6
      vertex -14.5928 5.90862 5.6
    endloop
  endfacet
  facet normal -0.302268 0.953223 0
    outer loop
      vertex -14.1706 6.0486 5.6
      vertex -14.3817 5.98166 12.8963
      vertex -14.1706 6.0486 12.9254
    endloop
  endfacet
  facet normal -0.302268 0.953223 0
    outer loop
      vertex -14.3817 5.98166 12.8963
      vertex -14.1706 6.0486 5.6
      vertex -14.3817 5.98166 5.6
    endloop
  endfacet
  facet normal -0.261454 0.965216 0
    outer loop
      vertex -13.9584 6.10608 5.6
      vertex -14.1706 6.0486 12.9254
      vertex -13.9584 6.10608 12.9539
    endloop
  endfacet
  facet normal -0.261454 0.965216 0
    outer loop
      vertex -14.1706 6.0486 12.9254
      vertex -13.9584 6.10608 5.6
      vertex -14.1706 6.0486 5.6
    endloop
  endfacet
  facet normal -0.204096 0.978951 0
    outer loop
      vertex -13.7439 6.1508 5.6
      vertex -13.9584 6.10608 12.9539
      vertex -13.7439 6.1508 12.9818
    endloop
  endfacet
  facet normal -0.204096 0.978951 0
    outer loop
      vertex -13.9584 6.10608 12.9539
      vertex -13.7439 6.1508 5.6
      vertex -13.9584 6.10608 5.6
    endloop
  endfacet
  facet normal -0.145883 0.989302 0
    outer loop
      vertex -13.5273 6.18274 5.6
      vertex -13.7439 6.1508 12.9818
      vertex -13.5273 6.18274 13.0091
    endloop
  endfacet
  facet normal -0.145883 0.989302 0
    outer loop
      vertex -13.7439 6.1508 12.9818
      vertex -13.5273 6.18274 5.6
      vertex -13.7439 6.1508 5.6
    endloop
  endfacet
  facet normal -0.0871952 0.996191 0
    outer loop
      vertex -13.3084 6.2019 5.6
      vertex -13.5273 6.18274 13.0091
      vertex -13.3084 6.2019 13.0358
    endloop
  endfacet
  facet normal -0.0871952 0.996191 0
    outer loop
      vertex -13.5273 6.18274 13.0091
      vertex -13.3084 6.2019 5.6
      vertex -13.5273 6.18274 5.6
    endloop
  endfacet
  facet normal -0.0289341 0.999581 0
    outer loop
      vertex -13.0873 6.2083 5.6
      vertex -13.3084 6.2019 13.0358
      vertex -13.0873 6.2083 13.0618
    endloop
  endfacet
  facet normal -0.0289341 0.999581 0
    outer loop
      vertex -13.3084 6.2019 13.0358
      vertex -13.0873 6.2083 5.6
      vertex -13.3084 6.2019 5.6
    endloop
  endfacet
  facet normal 0.0523048 0.998631 -0
    outer loop
      vertex -12.8748 6.19717 5.6
      vertex -13.0873 6.2083 13.0618
      vertex -12.8748 6.19717 13.0857
    endloop
  endfacet
  facet normal 0.0523048 0.998631 0
    outer loop
      vertex -13.0873 6.2083 13.0618
      vertex -12.8748 6.19717 5.6
      vertex -13.0873 6.2083 5.6
    endloop
  endfacet
  facet normal 0.170241 0.985399 -0.00274671
    outer loop
      vertex -12.6817 6.16385 13.1003
      vertex -12.8748 6.19717 13.0857
      vertex -12.8599 6.1946 13.0872
    endloop
  endfacet
  facet normal 0.17004 0.985437 -0
    outer loop
      vertex -12.6817 6.16385 5.6
      vertex -12.8748 6.19717 13.0857
      vertex -12.6817 6.16385 13.1003
    endloop
  endfacet
  facet normal 0.17004 0.985437 0
    outer loop
      vertex -12.8748 6.19717 13.0857
      vertex -12.6817 6.16385 5.6
      vertex -12.8748 6.19717 5.6
    endloop
  endfacet
  facet normal 0.304816 0.952411 -0
    outer loop
      vertex -12.5081 6.10829 5.6
      vertex -12.6817 6.16385 13.1003
      vertex -12.5081 6.10829 13.1117
    endloop
  endfacet
  facet normal 0.304816 0.952411 0
    outer loop
      vertex -12.6817 6.16385 13.1003
      vertex -12.5081 6.10829 5.6
      vertex -12.6817 6.16385 5.6
    endloop
  endfacet
  facet normal 0.450407 0.892823 -0
    outer loop
      vertex -12.3539 6.0305 5.6
      vertex -12.5081 6.10829 13.1117
      vertex -12.3539 6.0305 13.1202
    endloop
  endfacet
  facet normal 0.450407 0.892823 0
    outer loop
      vertex -12.5081 6.10829 13.1117
      vertex -12.3539 6.0305 5.6
      vertex -12.5081 6.10829 5.6
    endloop
  endfacet
  facet normal 0.596083 0.802923 -0
    outer loop
      vertex -12.2192 5.9305 5.6
      vertex -12.3539 6.0305 13.1202
      vertex -12.2192 5.9305 13.1258
    endloop
  endfacet
  facet normal 0.596083 0.802923 0
    outer loop
      vertex -12.3539 6.0305 13.1202
      vertex -12.2192 5.9305 5.6
      vertex -12.3539 6.0305 5.6
    endloop
  endfacet
  facet normal 0.740264 0.672316 -0
    outer loop
      vertex -12.1067 5.80663 5.6
      vertex -12.2192 5.9305 13.1258
      vertex -12.1067 5.80663 13.1283
    endloop
  endfacet
  facet normal 0.740264 0.672316 0
    outer loop
      vertex -12.2192 5.9305 13.1258
      vertex -12.1067 5.80663 5.6
      vertex -12.2192 5.9305 5.6
    endloop
  endfacet
  facet normal 0.862927 0.505328 0
    outer loop
      vertex -12.0192 5.65721 13.1273
      vertex -12.1067 5.80663 5.6
      vertex -12.1067 5.80663 13.1283
    endloop
  endfacet
  facet normal 0.862927 0.505328 0
    outer loop
      vertex -12.1067 5.80663 5.6
      vertex -12.0192 5.65721 13.1273
      vertex -12.0192 5.65721 5.6
    endloop
  endfacet
  facet normal 0.941724 0.336388 0
    outer loop
      vertex -11.9567 5.48224 13.1227
      vertex -12.0192 5.65721 5.6
      vertex -12.0192 5.65721 13.1273
    endloop
  endfacet
  facet normal 0.941724 0.336388 0
    outer loop
      vertex -12.0192 5.65721 5.6
      vertex -11.9567 5.48224 13.1227
      vertex -11.9567 5.48224 5.6
    endloop
  endfacet
  facet normal 0.982964 0.1838 0
    outer loop
      vertex -11.9192 5.28169 13.1147
      vertex -11.9567 5.48224 5.6
      vertex -11.9567 5.48224 13.1227
    endloop
  endfacet
  facet normal 0.982964 0.1838 0
    outer loop
      vertex -11.9567 5.48224 5.6
      vertex -11.9192 5.28169 13.1147
      vertex -11.9192 5.28169 5.6
    endloop
  endfacet
  facet normal 0.998475 0.055201 0
    outer loop
      vertex -11.9067 5.05559 13.1032
      vertex -11.9192 5.28169 5.6
      vertex -11.9192 5.28169 13.1147
    endloop
  endfacet
  facet normal 0.998475 0.055201 0
    outer loop
      vertex -11.9192 5.28169 5.6
      vertex -11.9067 5.05559 13.1032
      vertex -11.9067 5.05559 5.6
    endloop
  endfacet
  facet normal 1 -0 0
    outer loop
      vertex -11.9067 4.7222 13.0847
      vertex -11.9067 5.05559 5.6
      vertex -11.9067 5.05559 13.1032
    endloop
  endfacet
  facet normal 1 0 0
    outer loop
      vertex -11.9067 5.05559 5.6
      vertex -11.9067 4.7222 13.0847
      vertex -11.9067 4.7222 5.6
    endloop
  endfacet
  facet normal 0.031517 -0.999503 -3.55717e-07
    outer loop
      vertex -11.9067 4.7222 5.6
      vertex -12.2599 4.71106 13.0547
      vertex -13.2262 4.68059 12.9407
    endloop
  endfacet
  facet normal 0.031519 -0.999503 0
    outer loop
      vertex -11.9067 4.7222 5.6
      vertex -13.2262 4.68059 12.9407
      vertex -13.2262 4.68059 5.6
    endloop
  endfacet
  facet normal 0.0315245 -0.999503 0
    outer loop
      vertex -12.2599 4.71106 13.0547
      vertex -11.9067 4.7222 5.6
      vertex -11.9067 4.7222 13.0847
    endloop
  endfacet
  facet normal 0.0667247 -0.997771 0
    outer loop
      vertex -13.2262 4.68059 5.6
      vertex -13.8701 4.63753 12.8632
      vertex -13.8701 4.63753 5.6
    endloop
  endfacet
  facet normal 0.0667247 -0.997771 0
    outer loop
      vertex -13.8701 4.63753 12.8632
      vertex -13.2262 4.68059 5.6
      vertex -13.2262 4.68059 12.9407
    endloop
  endfacet
  facet normal 0.145543 -0.989352 0
    outer loop
      vertex -13.8701 4.63753 5.6
      vertex -14.4462 4.55278 12.7906
      vertex -14.4462 4.55278 5.6
    endloop
  endfacet
  facet normal 0.145543 -0.989352 0
    outer loop
      vertex -14.4462 4.55278 12.7906
      vertex -13.8701 4.63753 5.6
      vertex -13.8701 4.63753 12.8632
    endloop
  endfacet
  facet normal 0.241305 -0.970449 0
    outer loop
      vertex -14.4462 4.55278 5.6
      vertex -14.9545 4.42639 12.7231
      vertex -14.9545 4.42639 5.6
    endloop
  endfacet
  facet normal 0.241305 -0.970449 0
    outer loop
      vertex -14.9545 4.42639 12.7231
      vertex -14.4462 4.55278 5.6
      vertex -14.4462 4.55278 12.7906
    endloop
  endfacet
  facet normal 0.356407 -0.934331 0
    outer loop
      vertex -14.9545 4.42639 5.6
      vertex -15.3951 4.25832 12.6605
      vertex -15.3951 4.25832 5.6
    endloop
  endfacet
  facet normal 0.356407 -0.934331 0
    outer loop
      vertex -15.3951 4.25832 12.6605
      vertex -14.9545 4.42639 5.6
      vertex -14.9545 4.42639 12.7231
    endloop
  endfacet
  facet normal 0.490221 -0.871598 -5.28893e-06
    outer loop
      vertex -15.3951 4.25832 5.6
      vertex -15.4825 4.20912 12.647
      vertex -15.7679 4.0486 12.5946
    endloop
  endfacet
  facet normal 0.490297 -0.871556 0
    outer loop
      vertex -15.3951 4.25832 5.6
      vertex -15.7679 4.0486 12.5946
      vertex -15.7679 4.0486 5.6
    endloop
  endfacet
  facet normal 0.490545 -0.871416 0
    outer loop
      vertex -15.4825 4.20912 12.647
      vertex -15.3951 4.25832 5.6
      vertex -15.3951 4.25832 12.6605
    endloop
  endfacet
  facet normal 0.642662 -0.76615 0
    outer loop
      vertex -15.7679 4.0486 5.6
      vertex -16.0729 3.79276 12.5316
      vertex -16.0729 3.79276 5.6
    endloop
  endfacet
  facet normal 0.642662 -0.76615 0
    outer loop
      vertex -16.0729 3.79276 12.5316
      vertex -15.7679 4.0486 5.6
      vertex -15.7679 4.0486 12.5946
    endloop
  endfacet
  facet normal 0.791011 -0.611796 -0.00258683
    outer loop
      vertex -16.3101 3.48637 12.4621
      vertex -16.0729 3.79276 12.5316
      vertex -16.1581 3.68269 12.5108
    endloop
  endfacet
  facet normal 0.79073 -0.612165 0
    outer loop
      vertex -16.0729 3.79276 12.5316
      vertex -16.3101 3.48637 12.4621
      vertex -16.0729 3.79276 5.6
    endloop
  endfacet
  facet normal 0.79073 -0.612165 0
    outer loop
      vertex -16.0729 3.79276 5.6
      vertex -16.3101 3.48637 12.4621
      vertex -16.3101 3.48637 5.6
    endloop
  endfacet
  facet normal 0.903421 -0.428754 0
    outer loop
      vertex -16.4795 3.12943 12.3939
      vertex -16.3101 3.48637 5.6
      vertex -16.3101 3.48637 12.4621
    endloop
  endfacet
  facet normal 0.903421 -0.428754 0
    outer loop
      vertex -16.3101 3.48637 5.6
      vertex -16.4795 3.12943 12.3939
      vertex -16.4795 3.12943 5.6
    endloop
  endfacet
  facet normal 0.970239 -0.242149 0
    outer loop
      vertex -16.5812 2.72194 12.3333
      vertex -16.4795 3.12943 5.6
      vertex -16.4795 3.12943 12.3939
    endloop
  endfacet
  facet normal 0.970239 -0.242149 0
    outer loop
      vertex -16.4795 3.12943 5.6
      vertex -16.5812 2.72194 12.3333
      vertex -16.5812 2.72194 5.6
    endloop
  endfacet
  facet normal 0.997273 -0.0738075 0
    outer loop
      vertex -16.6151 2.26389 12.2804
      vertex -16.5812 2.72194 5.6
      vertex -16.5812 2.72194 12.3333
    endloop
  endfacet
  facet normal 0.997273 -0.0738075 0
    outer loop
      vertex -16.5812 2.72194 5.6
      vertex -16.6151 2.26389 12.2804
      vertex -16.6151 2.26389 5.6
    endloop
  endfacet
  facet normal 0.998346 0.0574975 0
    outer loop
      vertex -16.5884 1.80029 12.2385
      vertex -16.6151 2.26389 5.6
      vertex -16.6151 2.26389 12.2804
    endloop
  endfacet
  facet normal 0.998346 0.0574975 0
    outer loop
      vertex -16.6151 2.26389 5.6
      vertex -16.5884 1.80029 12.2385
      vertex -16.5884 1.80029 5.6
    endloop
  endfacet
  facet normal 0.981756 0.190148 0
    outer loop
      vertex -16.5084 1.38724 12.2118
      vertex -16.5884 1.80029 5.6
      vertex -16.5884 1.80029 12.2385
    endloop
  endfacet
  facet normal 0.981756 0.190148 0
    outer loop
      vertex -16.5884 1.80029 5.6
      vertex -16.5084 1.38724 12.2118
      vertex -16.5084 1.38724 5.6
    endloop
  endfacet
  facet normal 0.938558 0.345121 0
    outer loop
      vertex -16.3751 1.02473 12.2003
      vertex -16.5084 1.38724 5.6
      vertex -16.5084 1.38724 12.2118
    endloop
  endfacet
  facet normal 0.938558 0.345121 0
    outer loop
      vertex -16.5084 1.38724 5.6
      vertex -16.3751 1.02473 12.2003
      vertex -16.3751 1.02473 5.6
    endloop
  endfacet
  facet normal 0.85806 0.51355 -0
    outer loop
      vertex -16.1884 0.712784 5.6
      vertex -16.3751 1.02473 12.2003
      vertex -16.1884 0.712784 12.204
    endloop
  endfacet
  facet normal 0.85806 0.51355 0
    outer loop
      vertex -16.3751 1.02473 12.2003
      vertex -16.1884 0.712784 5.6
      vertex -16.3751 1.02473 5.6
    endloop
  endfacet
  facet normal 0.736615 0.676313 -0
    outer loop
      vertex -15.9484 0.451385 5.6
      vertex -16.1884 0.712784 12.204
      vertex -15.9484 0.451385 12.2229
    endloop
  endfacet
  facet normal 0.736615 0.676313 0
    outer loop
      vertex -16.1884 0.712784 12.204
      vertex -15.9484 0.451385 5.6
      vertex -16.1884 0.712784 5.6
    endloop
  endfacet
  facet normal 0.603708 0.797205 -0
    outer loop
      vertex -15.6678 0.238892 5.6
      vertex -15.9484 0.451385 12.2229
      vertex -15.6678 0.238892 12.2545
    endloop
  endfacet
  facet normal 0.603708 0.797205 0
    outer loop
      vertex -15.9484 0.451385 12.2229
      vertex -15.6678 0.238892 5.6
      vertex -15.9484 0.451385 5.6
    endloop
  endfacet
  facet normal 0.472528 0.881315 -0
    outer loop
      vertex -15.3595 0.0735931 5.6
      vertex -15.6678 0.238892 12.2545
      vertex -15.3595 0.0735931 12.2961
    endloop
  endfacet
  facet normal 0.472528 0.881315 0
    outer loop
      vertex -15.6678 0.238892 12.2545
      vertex -15.3595 0.0735931 5.6
      vertex -15.6678 0.238892 5.6
    endloop
  endfacet
  facet normal 0.33128 0.943532 -0
    outer loop
      vertex -15.0233 -0.0444489 5.6
      vertex -15.3595 0.0735931 12.2961
      vertex -15.0233 -0.0444489 12.3478
    endloop
  endfacet
  facet normal 0.33128 0.943532 0
    outer loop
      vertex -15.3595 0.0735931 12.2961
      vertex -15.0233 -0.0444489 5.6
      vertex -15.3595 0.0735931 5.6
    endloop
  endfacet
  facet normal 0.191168 0.981557 -0.000400199
    outer loop
      vertex -14.6595 -0.11528 12.4028
      vertex -15.0233 -0.0444489 12.3478
      vertex -14.7982 -0.0882737 12.386
    endloop
  endfacet
  facet normal 0.191109 0.981569 -0
    outer loop
      vertex -14.6595 -0.11528 5.6
      vertex -15.0233 -0.0444489 12.3478
      vertex -14.6595 -0.11528 12.4028
    endloop
  endfacet
  facet normal 0.191109 0.981569 0
    outer loop
      vertex -15.0233 -0.0444489 12.3478
      vertex -14.6595 -0.11528 5.6
      vertex -15.0233 -0.0444489 5.6
    endloop
  endfacet
  facet normal 0.0601538 0.998189 -0
    outer loop
      vertex -14.2678 -0.138885 5.6
      vertex -14.6595 -0.11528 12.4028
      vertex -14.2678 -0.138885 12.4546
    endloop
  endfacet
  facet normal 0.0601538 0.998189 0
    outer loop
      vertex -14.6595 -0.11528 12.4028
      vertex -14.2678 -0.138885 5.6
      vertex -14.6595 -0.11528 5.6
    endloop
  endfacet
  facet normal -0.0306961 0.999529 0
    outer loop
      vertex -13.9061 -0.127777 5.6
      vertex -14.2678 -0.138885 12.4546
      vertex -13.9061 -0.127777 12.5052
    endloop
  endfacet
  facet normal -0.0306961 0.999529 0
    outer loop
      vertex -14.2678 -0.138885 12.4546
      vertex -13.9061 -0.127777 5.6
      vertex -14.2678 -0.138885 5.6
    endloop
  endfacet
  facet normal -0.151497 -0.988458 0
    outer loop
      vertex -13.6612 1.38304 5.6
      vertex -13.8189 1.40721 12.6439
      vertex -13.8189 1.40721 5.6
    endloop
  endfacet
  facet normal -0.151497 -0.988458 0
    outer loop
      vertex -13.8189 1.40721 12.6439
      vertex -13.6612 1.38304 5.6
      vertex -13.6612 1.38304 12.6636
    endloop
  endfacet
  facet normal -0.268517 -0.963275 0
    outer loop
      vertex -13.8189 1.40721 5.6
      vertex -13.9634 1.44749 12.6274
      vertex -13.9634 1.44749 5.6
    endloop
  endfacet
  facet normal -0.268517 -0.963275 0
    outer loop
      vertex -13.9634 1.44749 12.6274
      vertex -13.8189 1.40721 5.6
      vertex -13.8189 1.40721 12.6439
    endloop
  endfacet
  facet normal -0.395187 -0.918601 0
    outer loop
      vertex -13.9634 1.44749 5.6
      vertex -14.0945 1.50389 12.6141
      vertex -14.0945 1.50389 5.6
    endloop
  endfacet
  facet normal -0.395187 -0.918601 0
    outer loop
      vertex -14.0945 1.50389 12.6141
      vertex -13.9634 1.44749 5.6
      vertex -13.9634 1.44749 12.6274
    endloop
  endfacet
  facet normal -0.524138 -0.851633 0
    outer loop
      vertex -14.0945 1.50389 5.6
      vertex -14.2123 1.57639 12.6039
      vertex -14.2123 1.57639 5.6
    endloop
  endfacet
  facet normal -0.524138 -0.851633 0
    outer loop
      vertex -14.2123 1.57639 12.6039
      vertex -14.0945 1.50389 5.6
      vertex -14.0945 1.50389 12.6141
    endloop
  endfacet
  facet normal -0.674654 -0.738134 0
    outer loop
      vertex -14.2123 1.57639 5.6
      vertex -14.3123 1.66779 12.5977
      vertex -14.3123 1.66779 5.6
    endloop
  endfacet
  facet normal -0.674654 -0.738134 0
    outer loop
      vertex -14.3123 1.66779 12.5977
      vertex -14.2123 1.57639 5.6
      vertex -14.2123 1.57639 12.6039
    endloop
  endfacet
  facet normal -0.823776 -0.566915 0
    outer loop
      vertex -14.3123 1.66779 5.6
      vertex -14.3901 1.78084 12.5964
      vertex -14.3901 1.78084 5.6
    endloop
  endfacet
  facet normal -0.823776 -0.566915 0
    outer loop
      vertex -14.3901 1.78084 12.5964
      vertex -14.3123 1.66779 5.6
      vertex -14.3123 1.66779 12.5977
    endloop
  endfacet
  facet normal -0.924613 -0.380909 -0
    outer loop
      vertex -14.3901 1.78084 12.5964
      vertex -14.4456 1.91556 5.6
      vertex -14.3901 1.78084 5.6
    endloop
  endfacet
  facet normal -0.924613 -0.380909 0
    outer loop
      vertex -14.4456 1.91556 5.6
      vertex -14.3901 1.78084 12.5964
      vertex -14.4456 1.91556 12.5999
    endloop
  endfacet
  facet normal -0.977946 -0.208859 -0
    outer loop
      vertex -14.4456 1.91556 12.5999
      vertex -14.479 2.07195 5.6
      vertex -14.4456 1.91556 5.6
    endloop
  endfacet
  facet normal -0.977946 -0.208859 0
    outer loop
      vertex -14.479 2.07195 5.6
      vertex -14.4456 1.91556 12.5999
      vertex -14.479 2.07195 12.6082
    endloop
  endfacet
  facet normal -0.998062 -0.0622212 -0
    outer loop
      vertex -14.479 2.07195 12.6082
      vertex -14.4901 2.25 5.6
      vertex -14.479 2.07195 5.6
    endloop
  endfacet
  facet normal -0.998062 -0.0622212 0
    outer loop
      vertex -14.4901 2.25 5.6
      vertex -14.479 2.07195 12.6082
      vertex -14.4901 2.25 12.6214
    endloop
  endfacet
  facet normal -0.997208 0.0746686 0
    outer loop
      vertex -14.4901 2.25 12.6214
      vertex -14.4745 2.45834 5.6
      vertex -14.4901 2.25 5.6
    endloop
  endfacet
  facet normal -0.997208 0.0746686 0
    outer loop
      vertex -14.4745 2.45834 5.6
      vertex -14.4901 2.25 12.6214
      vertex -14.4745 2.45834 12.6407
    endloop
  endfacet
  facet normal -0.971603 0.236618 0
    outer loop
      vertex -14.4279 2.65001 5.6
      vertex -14.4408 2.59704 12.6568
      vertex -14.4279 2.65001 12.662
    endloop
  endfacet
  facet normal -0.971694 0.236244 0
    outer loop
      vertex -14.4745 2.45834 12.6407
      vertex -14.4279 2.65001 5.6
      vertex -14.4745 2.45834 5.6
    endloop
  endfacet
  facet normal -0.971728 0.236102 -4.10759e-06
    outer loop
      vertex -14.4279 2.65001 5.6
      vertex -14.4745 2.45834 12.6407
      vertex -14.4408 2.59704 12.6568
    endloop
  endfacet
  facet normal -0.913768 0.406235 0
    outer loop
      vertex -14.4279 2.65001 12.662
      vertex -14.3501 2.82501 5.6
      vertex -14.4279 2.65001 5.6
    endloop
  endfacet
  facet normal -0.913768 0.406235 0
    outer loop
      vertex -14.3501 2.82501 5.6
      vertex -14.4279 2.65001 12.662
      vertex -14.3501 2.82501 12.683
    endloop
  endfacet
  facet normal -0.823925 0.566699 0
    outer loop
      vertex -14.3501 2.82501 12.683
      vertex -14.2412 2.98334 5.6
      vertex -14.3501 2.82501 5.6
    endloop
  endfacet
  facet normal -0.823925 0.566699 0
    outer loop
      vertex -14.2412 2.98334 5.6
      vertex -14.3501 2.82501 12.683
      vertex -14.2412 2.98334 12.7065
    endloop
  endfacet
  facet normal -0.711262 0.702927 0
    outer loop
      vertex -14.2412 2.98334 12.7065
      vertex -14.1012 3.125 5.6
      vertex -14.2412 2.98334 5.6
    endloop
  endfacet
  facet normal -0.711262 0.702927 0
    outer loop
      vertex -14.1012 3.125 5.6
      vertex -14.2412 2.98334 12.7065
      vertex -14.1012 3.125 12.7325
    endloop
  endfacet
  facet normal -0.558174 0.829724 0
    outer loop
      vertex -13.9212 3.24609 5.6
      vertex -14.1012 3.125 12.7325
      vertex -13.9212 3.24609 12.7616
    endloop
  endfacet
  facet normal -0.558174 0.829724 0
    outer loop
      vertex -14.1012 3.125 12.7325
      vertex -13.9212 3.24609 5.6
      vertex -14.1012 3.125 5.6
    endloop
  endfacet
  facet normal -0.389052 0.921216 0
    outer loop
      vertex -13.6923 3.34276 5.6
      vertex -13.9212 3.24609 12.7616
      vertex -13.6923 3.34276 12.7948
    endloop
  endfacet
  facet normal -0.389052 0.921216 0
    outer loop
      vertex -13.9212 3.24609 12.7616
      vertex -13.6923 3.34276 5.6
      vertex -13.9212 3.24609 5.6
    endloop
  endfacet
  facet normal -0.251608 0.967829 0
    outer loop
      vertex -13.4145 3.41498 5.6
      vertex -13.6923 3.34276 12.7948
      vertex -13.4145 3.41498 12.8319
    endloop
  endfacet
  facet normal -0.251608 0.967829 0
    outer loop
      vertex -13.6923 3.34276 12.7948
      vertex -13.4145 3.41498 5.6
      vertex -13.6923 3.34276 5.6
    endloop
  endfacet
  facet normal -0.144681 0.989478 0
    outer loop
      vertex -13.0878 3.46275 5.6
      vertex -13.4145 3.41498 12.8319
      vertex -13.0878 3.46275 12.873
    endloop
  endfacet
  facet normal -0.144681 0.989478 0
    outer loop
      vertex -13.4145 3.41498 12.8319
      vertex -13.0878 3.46275 5.6
      vertex -13.4145 3.41498 5.6
    endloop
  endfacet
  facet normal -0.0620639 0.998072 0
    outer loop
      vertex -12.7123 3.4861 5.6
      vertex -13.0878 3.46275 12.873
      vertex -12.7123 3.4861 12.9181
    endloop
  endfacet
  facet normal -0.0620639 0.998072 0
    outer loop
      vertex -13.0878 3.46275 12.873
      vertex -12.7123 3.4861 5.6
      vertex -13.0878 3.46275 5.6
    endloop
  endfacet
  facet normal -0.0344755 0.999406 0
    outer loop
      vertex -11.9067 3.51389 5.6
      vertex -12.7123 3.4861 12.9181
      vertex -11.9067 3.51389 13.0133
    endloop
  endfacet
  facet normal -0.0344755 0.999406 0
    outer loop
      vertex -12.7123 3.4861 12.9181
      vertex -11.9067 3.51389 5.6
      vertex -12.7123 3.4861 5.6
    endloop
  endfacet
  facet normal 1 -0 0
    outer loop
      vertex -11.9067 2.88889 12.9704
      vertex -11.9067 3.51389 5.6
      vertex -11.9067 3.51389 13.0133
    endloop
  endfacet
  facet normal 1 0 0
    outer loop
      vertex -11.9067 3.51389 5.6
      vertex -11.9067 2.88889 12.9704
      vertex -11.9067 2.88889 5.6
    endloop
  endfacet
  facet normal 0.997806 -0.0662021 0
    outer loop
      vertex -11.925 2.61307 12.9493
      vertex -11.9067 2.88889 5.6
      vertex -11.9067 2.88889 12.9704
    endloop
  endfacet
  facet normal 0.997806 -0.0662021 0
    outer loop
      vertex -11.9067 2.88889 5.6
      vertex -11.925 2.61307 12.9493
      vertex -11.925 2.61307 5.6
    endloop
  endfacet
  facet normal 0.976596 -0.215083 0
    outer loop
      vertex -11.98 2.36334 12.9258
      vertex -11.925 2.61307 5.6
      vertex -11.925 2.61307 12.9493
    endloop
  endfacet
  facet normal 0.976596 -0.215083 0
    outer loop
      vertex -11.925 2.61307 5.6
      vertex -11.98 2.36334 12.9258
      vertex -11.98 2.36334 5.6
    endloop
  endfacet
  facet normal 0.925229 -0.379409 0
    outer loop
      vertex -12.0717 2.13972 12.8998
      vertex -11.98 2.36334 5.6
      vertex -11.98 2.36334 12.9258
    endloop
  endfacet
  facet normal 0.925229 -0.379409 0
    outer loop
      vertex -11.98 2.36334 5.6
      vertex -12.0717 2.13972 12.8998
      vertex -12.0717 2.13972 5.6
    endloop
  endfacet
  facet normal 0.83842 -0.545024 0
    outer loop
      vertex -12.2001 1.9422 12.8713
      vertex -12.0717 2.13972 5.6
      vertex -12.0717 2.13972 12.8998
    endloop
  endfacet
  facet normal 0.83842 -0.545024 0
    outer loop
      vertex -12.0717 2.13972 5.6
      vertex -12.2001 1.9422 12.8713
      vertex -12.2001 1.9422 5.6
    endloop
  endfacet
  facet normal 0.720429 -0.693529 0
    outer loop
      vertex -12.3651 1.7708 12.8404
      vertex -12.2001 1.9422 5.6
      vertex -12.2001 1.9422 12.8713
    endloop
  endfacet
  facet normal 0.720429 -0.693529 0
    outer loop
      vertex -12.2001 1.9422 5.6
      vertex -12.3651 1.7708 12.8404
      vertex -12.3651 1.7708 5.6
    endloop
  endfacet
  facet normal 0.596752 -0.802426 0
    outer loop
      vertex -12.3651 1.7708 5.6
      vertex -12.5567 1.62831 12.8084
      vertex -12.5567 1.62831 5.6
    endloop
  endfacet
  facet normal 0.596752 -0.802426 0
    outer loop
      vertex -12.5567 1.62831 12.8084
      vertex -12.3651 1.7708 5.6
      vertex -12.3651 1.7708 12.8404
    endloop
  endfacet
  facet normal 0.46951 -0.882927 0
    outer loop
      vertex -12.5567 1.62831 5.6
      vertex -12.7651 1.51749 12.7767
      vertex -12.7651 1.51749 5.6
    endloop
  endfacet
  facet normal 0.46951 -0.882927 0
    outer loop
      vertex -12.7651 1.51749 12.7767
      vertex -12.5567 1.62831 5.6
      vertex -12.5567 1.62831 12.8084
    endloop
  endfacet
  facet normal 0.331919 -0.943308 0
    outer loop
      vertex -12.7651 1.51749 5.6
      vertex -12.9901 1.43832 12.7452
      vertex -12.9901 1.43832 5.6
    endloop
  endfacet
  facet normal 0.331919 -0.943308 0
    outer loop
      vertex -12.9901 1.43832 12.7452
      vertex -12.7651 1.51749 5.6
      vertex -12.7651 1.51749 12.7767
    endloop
  endfacet
  facet normal 0.192913 -0.981216 0
    outer loop
      vertex -12.9901 1.43832 5.6
      vertex -13.2317 1.39082 12.7139
      vertex -13.2317 1.39082 5.6
    endloop
  endfacet
  facet normal 0.192913 -0.981216 0
    outer loop
      vertex -13.2317 1.39082 12.7139
      vertex -12.9901 1.43832 5.6
      vertex -12.9901 1.43832 12.7452
    endloop
  endfacet
  facet normal 0.0611085 -0.998131 0
    outer loop
      vertex -13.2317 1.39082 5.6
      vertex -13.4901 1.375 12.6829
      vertex -13.4901 1.375 5.6
    endloop
  endfacet
  facet normal 0.0611085 -0.998131 0
    outer loop
      vertex -13.4901 1.375 12.6829
      vertex -13.2317 1.39082 5.6
      vertex -13.2317 1.39082 12.7139
    endloop
  endfacet
  facet normal -0.0453388 -0.998871 -0.0141684
    outer loop
      vertex -13.6612 1.38304 12.6636
      vertex -13.4901 1.375 12.6829
      vertex -13.6561 1.3828 12.6642
    endloop
  endfacet
  facet normal -0.0469383 -0.998898 0
    outer loop
      vertex -13.4901 1.375 5.6
      vertex -13.6612 1.38304 12.6636
      vertex -13.6612 1.38304 5.6
    endloop
  endfacet
  facet normal -0.0469383 -0.998898 0
    outer loop
      vertex -13.6612 1.38304 12.6636
      vertex -13.4901 1.375 5.6
      vertex -13.4901 1.375 12.6829
    endloop
  endfacet
  facet normal -0.156887 0.987617 0
    outer loop
      vertex 4.84956 -3.19774 5.6
      vertex 4.51334 -3.25115 13.492
      vertex 4.84956 -3.19774 13.4925
    endloop
  endfacet
  facet normal -0.156892 0.987616 -2.12623e-07
    outer loop
      vertex 4.20956 -3.29941 5.6
      vertex 4.51334 -3.25115 13.492
      vertex 4.84956 -3.19774 5.6
    endloop
  endfacet
  facet normal -0.156897 0.987615 0
    outer loop
      vertex 4.51334 -3.25115 13.492
      vertex 4.20956 -3.29941 5.6
      vertex 4.20956 -3.29941 13.4915
    endloop
  endfacet
  facet normal -0.286457 0.958093 0
    outer loop
      vertex 5.41621 -3.02831 5.6
      vertex 5.09061 -3.12566 13.4926
      vertex 5.41621 -3.02831 13.4928
    endloop
  endfacet
  facet normal -0.286471 0.958089 -6.4921e-07
    outer loop
      vertex 4.84956 -3.19774 5.6
      vertex 5.09061 -3.12566 13.4926
      vertex 5.41621 -3.02831 5.6
    endloop
  endfacet
  facet normal -0.286652 0.958035 5.34578e-06
    outer loop
      vertex 5.09061 -3.12566 13.4926
      vertex 4.84956 -3.19774 5.6
      vertex 5.0742 -3.13057 13.4926
    endloop
  endfacet
  facet normal -0.286479 0.958086 0
    outer loop
      vertex 5.0742 -3.13057 13.4926
      vertex 4.84956 -3.19774 5.6
      vertex 4.84956 -3.19774 13.4925
    endloop
  endfacet
  facet normal -0.433331 0.901235 0
    outer loop
      vertex 5.90955 -2.79109 5.6
      vertex 5.57171 -2.95353 13.4928
      vertex 5.90955 -2.79109 13.4926
    endloop
  endfacet
  facet normal -0.43335 0.901226 -9.84864e-07
    outer loop
      vertex 5.41621 -3.02831 5.6
      vertex 5.57171 -2.95353 13.4928
      vertex 5.90955 -2.79109 5.6
    endloop
  endfacet
  facet normal -0.43339 0.901206 0
    outer loop
      vertex 5.57171 -2.95353 13.4928
      vertex 5.41621 -3.02831 5.6
      vertex 5.41621 -3.02831 13.4928
    endloop
  endfacet
  facet normal 0.586733 -0.807646 0.0587553
    outer loop
      vertex 5.97885 -2.74076 13.4924
      vertex 5.90955 -2.79109 13.4926
      vertex 5.96408 -2.75149 13.4924
    endloop
  endfacet
  facet normal -0.587595 0.809155 1.82869e-07
    outer loop
      vertex 6.32953 -2.4861 5.6
      vertex 5.97885 -2.74076 13.4924
      vertex 6.27445 -2.5261 13.4917
    endloop
  endfacet
  facet normal -0.587619 0.809137 -7.39562e-08
    outer loop
      vertex 6.32953 -2.4861 5.6
      vertex 6.27445 -2.5261 13.4917
      vertex 6.29275 -2.51281 13.4917
    endloop
  endfacet
  facet normal -0.587785 0.809017 -1.25562e-06
    outer loop
      vertex 6.32953 -2.4861 5.6
      vertex 6.29275 -2.51281 13.4917
      vertex 6.31268 -2.49833 13.4916
    endloop
  endfacet
  facet normal -0.5874 0.809296 0
    outer loop
      vertex 6.32953 -2.4861 5.6
      vertex 6.31268 -2.49833 13.4916
      vertex 6.32953 -2.4861 13.4916
    endloop
  endfacet
  facet normal -0.587604 0.809148 -4.36083e-07
    outer loop
      vertex 5.90955 -2.79109 5.6
      vertex 5.97885 -2.74076 13.4924
      vertex 6.32953 -2.4861 5.6
    endloop
  endfacet
  facet normal -0.587637 0.809125 0
    outer loop
      vertex 5.97885 -2.74076 13.4924
      vertex 5.90955 -2.79109 5.6
      vertex 5.90955 -2.79109 13.4926
    endloop
  endfacet
  facet normal -0.73144 0.681906 0
    outer loop
      vertex 6.67451 -2.1161 5.6
      vertex 6.5714 -2.2267 13.4904
      vertex 6.67451 -2.1161 13.4898
    endloop
  endfacet
  facet normal -0.731284 0.682073 4.38851e-06
    outer loop
      vertex 6.67451 -2.1161 5.6
      vertex 6.55255 -2.24691 13.4905
      vertex 6.5714 -2.2267 13.4904
    endloop
  endfacet
  facet normal -0.731443 0.681902 -9.172e-07
    outer loop
      vertex 6.67451 -2.1161 5.6
      vertex 6.53328 -2.26758 13.4906
      vertex 6.55255 -2.24691 13.4905
    endloop
  endfacet
  facet normal -0.731461 0.681883 -1.60465e-06
    outer loop
      vertex 6.67451 -2.1161 5.6
      vertex 6.5143 -2.28794 13.4907
      vertex 6.53328 -2.26758 13.4906
    endloop
  endfacet
  facet normal -0.731404 0.681945 9.17699e-07
    outer loop
      vertex 6.32953 -2.4861 5.6
      vertex 6.5143 -2.28794 13.4907
      vertex 6.67451 -2.1161 5.6
    endloop
  endfacet
  facet normal -0.731385 0.681964 0
    outer loop
      vertex 6.5143 -2.28794 13.4907
      vertex 6.32953 -2.4861 5.6
      vertex 6.32953 -2.4861 13.4916
    endloop
  endfacet
  facet normal -0.849591 0.527442 0
    outer loop
      vertex 6.67451 -2.1161 5.6
      vertex 6.94284 -1.68388 13.4803
      vertex 6.94284 -1.68388 5.6
    endloop
  endfacet
  facet normal -0.849591 0.527441 0.000675532
    outer loop
      vertex 6.94284 -1.68388 13.4803
      vertex 6.87003 -1.80117 13.4875
      vertex 6.8717 -1.79848 13.4875
    endloop
  endfacet
  facet normal -0.849529 0.527534 0.00281401
    outer loop
      vertex 6.94284 -1.68388 13.4803
      vertex 6.84143 -1.84723 13.4881
      vertex 6.87003 -1.80117 13.4875
    endloop
  endfacet
  facet normal -0.849845 0.526692 -0.0189353
    outer loop
      vertex 6.94284 -1.68388 13.4803
      vertex 6.83597 -1.85604 13.4881
      vertex 6.84143 -1.84723 13.4881
    endloop
  endfacet
  facet normal -0.849256 0.527804 0.0136984
    outer loop
      vertex 6.94284 -1.68388 13.4803
      vertex 6.82696 -1.87054 13.4882
      vertex 6.83597 -1.85604 13.4881
    endloop
  endfacet
  facet normal -0.849595 0.527435 4.74945e-07
    outer loop
      vertex 6.94284 -1.68388 13.4803
      vertex 6.67451 -2.1161 5.6
      vertex 6.82696 -1.87054 13.4882
    endloop
  endfacet
  facet normal -0.849592 0.527441 2.28319e-07
    outer loop
      vertex 6.82696 -1.87054 13.4882
      vertex 6.67451 -2.1161 5.6
      vertex 6.75145 -1.99217 13.4891
    endloop
  endfacet
  facet normal -0.849836 0.527048 8.78274e-06
    outer loop
      vertex 6.75145 -1.99217 13.4891
      vertex 6.67451 -2.1161 5.6
      vertex 6.7402 -2.01031 13.4892
    endloop
  endfacet
  facet normal -0.849399 0.527751 -4.28659e-06
    outer loop
      vertex 6.7402 -2.01031 13.4892
      vertex 6.67451 -2.1161 5.6
      vertex 6.72668 -2.03207 13.4893
    endloop
  endfacet
  facet normal -0.849699 0.527267 2.85796e-06
    outer loop
      vertex 6.72668 -2.03207 13.4893
      vertex 6.67451 -2.1161 5.6
      vertex 6.71157 -2.05642 13.4895
    endloop
  endfacet
  facet normal -0.84953 0.52754 0
    outer loop
      vertex 6.71157 -2.05642 13.4895
      vertex 6.67451 -2.1161 5.6
      vertex 6.67451 -2.1161 13.4898
    endloop
  endfacet
  facet normal -0.932394 0.361443 0
    outer loop
      vertex 6.94284 -1.68388 5.6
      vertex 7.13451 -1.18944 13.4532
      vertex 7.13451 -1.18944 5.6
    endloop
  endfacet
  facet normal -0.932394 0.361443 0
    outer loop
      vertex 7.13451 -1.18944 13.4532
      vertex 6.94284 -1.68388 5.6
      vertex 6.94284 -1.68388 13.4803
    endloop
  endfacet
  facet normal -0.979323 0.202301 0
    outer loop
      vertex 7.13451 -1.18944 5.6
      vertex 7.2495 -0.632782 13.426
      vertex 7.2495 -0.632782 5.6
    endloop
  endfacet
  facet normal -0.979323 0.202301 0
    outer loop
      vertex 7.2495 -0.632782 13.426
      vertex 7.13451 -1.18944 5.6
      vertex 7.13451 -1.18944 13.4532
    endloop
  endfacet
  facet normal -0.998088 0.0618144 0
    outer loop
      vertex 7.2495 -0.632782 5.6
      vertex 7.28783 -0.0138855 13.3987
      vertex 7.28783 -0.0138855 5.6
    endloop
  endfacet
  facet normal -0.998088 0.0618144 0
    outer loop
      vertex 7.28783 -0.0138855 13.3987
      vertex 7.2495 -0.632782 5.6
      vertex 7.2495 -0.632782 13.426
    endloop
  endfacet
  facet normal -1 0 0
    outer loop
      vertex 7.28783 7.5833 5.6
      vertex 7.28783 2.60579 13.2885
      vertex 7.28783 7.5833 13.0298
    endloop
  endfacet
  facet normal -1 0 0
    outer loop
      vertex 7.28783 -0.0138855 5.6
      vertex 7.28783 2.60579 13.2885
      vertex 7.28783 7.5833 5.6
    endloop
  endfacet
  facet normal -1 -0 0
    outer loop
      vertex 7.28783 2.60579 13.2885
      vertex 7.28783 -0.0138855 5.6
      vertex 7.28783 -0.0138855 13.3987
    endloop
  endfacet
  facet normal 0 -1 0
    outer loop
      vertex 5.53783 7.5833 5.6
      vertex 7.28783 7.5833 13.0298
      vertex 5.53783 7.5833 13.098
    endloop
  endfacet
  facet normal 0 -1 -0
    outer loop
      vertex 7.28783 7.5833 13.0298
      vertex 5.53783 7.5833 5.6
      vertex 7.28783 7.5833 5.6
    endloop
  endfacet
  facet normal 0.985633 -0.168902 0
    outer loop
      vertex 5.37123 6.6111 5.6
      vertex 5.53783 7.5833 13.098
      vertex 5.37123 6.6111 13.155
    endloop
  endfacet
  facet normal 0.985633 -0.168902 0
    outer loop
      vertex 5.53783 7.5833 13.098
      vertex 5.37123 6.6111 5.6
      vertex 5.53783 7.5833 5.6
    endloop
  endfacet
  facet normal 0 -1 0
    outer loop
      vertex 5.31563 6.6111 5.6
      vertex 5.37123 6.6111 13.155
      vertex 5.31563 6.6111 13.1572
    endloop
  endfacet
  facet normal 0 -1 -0
    outer loop
      vertex 5.37123 6.6111 13.155
      vertex 5.31563 6.6111 5.6
      vertex 5.37123 6.6111 5.6
    endloop
  endfacet
  facet normal -0.760888 -0.648883 0
    outer loop
      vertex 5.31563 6.6111 5.6
      vertex 4.97452 7.01109 13.1497
      vertex 4.97452 7.01109 5.6
    endloop
  endfacet
  facet normal -0.760888 -0.648883 0
    outer loop
      vertex 4.97452 7.01109 13.1497
      vertex 5.31563 6.6111 5.6
      vertex 5.31563 6.6111 13.1572
    endloop
  endfacet
  facet normal -0.623594 -0.781748 0
    outer loop
      vertex 4.58452 7.32219 5.6
      vertex 4.97452 7.01109 13.1497
      vertex 4.58452 7.32219 13.1487
    endloop
  endfacet
  facet normal -0.623594 -0.781748 -0
    outer loop
      vertex 4.97452 7.01109 13.1497
      vertex 4.58452 7.32219 5.6
      vertex 4.97452 7.01109 5.6
    endloop
  endfacet
  facet normal -0.451737 -0.892151 0
    outer loop
      vertex 4.14563 7.54442 5.6
      vertex 4.58452 7.32219 13.1487
      vertex 4.14563 7.54442 13.1543
    endloop
  endfacet
  facet normal -0.451737 -0.892151 -0
    outer loop
      vertex 4.58452 7.32219 13.1487
      vertex 4.14563 7.54442 5.6
      vertex 4.58452 7.32219 5.6
    endloop
  endfacet
  facet normal -0.263678 -0.964611 0
    outer loop
      vertex 3.65787 7.67775 5.6
      vertex 4.14563 7.54442 13.1543
      vertex 3.65787 7.67775 13.1664
    endloop
  endfacet
  facet normal -0.263678 -0.964611 -0
    outer loop
      vertex 4.14563 7.54442 13.1543
      vertex 3.65787 7.67775 5.6
      vertex 4.14563 7.54442 5.6
    endloop
  endfacet
  facet normal -0.0825475 -0.996587 0
    outer loop
      vertex 3.12123 7.7222 5.6
      vertex 3.65787 7.67775 13.1664
      vertex 3.12123 7.7222 13.185
    endloop
  endfacet
  facet normal -0.0825475 -0.996587 -0
    outer loop
      vertex 3.65787 7.67775 13.1664
      vertex 3.12123 7.7222 5.6
      vertex 3.65787 7.67775 5.6
    endloop
  endfacet
  facet normal 0.079711 -0.996818 0
    outer loop
      vertex 2.60013 7.68053 5.6
      vertex 3.12123 7.7222 13.185
      vertex 2.60013 7.68053 13.2075
    endloop
  endfacet
  facet normal 0.079711 -0.996818 0
    outer loop
      vertex 3.12123 7.7222 13.185
      vertex 2.60013 7.68053 5.6
      vertex 3.12123 7.7222 5.6
    endloop
  endfacet
  facet normal 0.254774 -0.967001 0
    outer loop
      vertex 2.12569 7.55553 5.6
      vertex 2.60013 7.68053 13.2075
      vertex 2.12569 7.55553 13.2325
    endloop
  endfacet
  facet normal 0.254774 -0.967001 0
    outer loop
      vertex 2.60013 7.68053 13.2075
      vertex 2.12569 7.55553 5.6
      vertex 2.60013 7.68053 5.6
    endloop
  endfacet
  facet normal 0.437875 -0.899036 0
    outer loop
      vertex 1.69791 7.34718 5.6
      vertex 2.12569 7.55553 13.2325
      vertex 1.69791 7.34718 13.26
    endloop
  endfacet
  facet normal 0.437875 -0.899036 0
    outer loop
      vertex 2.12569 7.55553 13.2325
      vertex 1.69791 7.34718 5.6
      vertex 2.12569 7.55553 5.6
    endloop
  endfacet
  facet normal 0.607746 -0.794131 0
    outer loop
      vertex 1.31679 7.05551 5.6
      vertex 1.69791 7.34718 13.26
      vertex 1.31679 7.05551 13.29
    endloop
  endfacet
  facet normal 0.607746 -0.794131 0
    outer loop
      vertex 1.69791 7.34718 13.26
      vertex 1.31679 7.05551 5.6
      vertex 1.69791 7.34718 5.6
    endloop
  endfacet
  facet normal 0.746304 -0.665606 0
    outer loop
      vertex 0.98233 6.6805 5.6
      vertex 1.31679 7.05551 13.29
      vertex 0.98233 6.6805 13.3225
    endloop
  endfacet
  facet normal 0.746304 -0.665606 0
    outer loop
      vertex 1.31679 7.05551 13.29
      vertex 0.98233 6.6805 5.6
      vertex 1.31679 7.05551 5.6
    endloop
  endfacet
  facet normal 0.848749 -0.528796 4.45205e-07
    outer loop
      vertex 0.702332 6.23108 5.6
      vertex 0.98233 6.6805 13.3225
      vertex 0.85307 6.47303 13.3383
    endloop
  endfacet
  facet normal 0.848755 -0.528786 0
    outer loop
      vertex 0.702332 6.23108 5.6
      vertex 0.85307 6.47303 13.3383
      vertex 0.702332 6.23108 13.3535
    endloop
  endfacet
  facet normal 0.848752 -0.52879 0
    outer loop
      vertex 0.98233 6.6805 13.3225
      vertex 0.702332 6.23108 5.6
      vertex 0.98233 6.6805 5.6
    endloop
  endfacet
  facet normal 0.921026 -0.389501 0
    outer loop
      vertex 0.484543 5.71609 5.6
      vertex 0.702332 6.23108 13.3535
      vertex 0.484543 5.71609 13.3823
    endloop
  endfacet
  facet normal 0.921026 -0.389501 0
    outer loop
      vertex 0.702332 6.23108 13.3535
      vertex 0.484543 5.71609 5.6
      vertex 0.702332 6.23108 5.6
    endloop
  endfacet
  facet normal 0.965921 -0.258837 0
    outer loop
      vertex 0.328979 5.13556 5.6
      vertex 0.484543 5.71609 13.3823
      vertex 0.328979 5.13556 13.4119
    endloop
  endfacet
  facet normal 0.965921 -0.258837 0
    outer loop
      vertex 0.484543 5.71609 13.3823
      vertex 0.328979 5.13556 5.6
      vertex 0.484543 5.71609 5.6
    endloop
  endfacet
  facet normal 0.989726 -0.142977 -2.21374e-07
    outer loop
      vertex 0.235641 4.48946 5.6
      vertex 0.328979 5.13556 13.4119
      vertex 0.257192 4.63863 13.4351
    endloop
  endfacet
  facet normal 0.989717 -0.143037 9.52749e-07
    outer loop
      vertex 0.235641 4.48946 5.6
      vertex 0.257192 4.63863 13.4351
      vertex 0.254342 4.61891 13.4354
    endloop
  endfacet
  facet normal 0.989732 -0.142936 -7.50538e-07
    outer loop
      vertex 0.235641 4.48946 5.6
      vertex 0.254342 4.61891 13.4354
      vertex 0.249904 4.58818 13.4358
    endloop
  endfacet
  facet normal 0.989724 -0.142993 -2.3149e-08
    outer loop
      vertex 0.235641 4.48946 5.6
      vertex 0.249904 4.58818 13.4358
      vertex 0.240185 4.52091 13.4363
    endloop
  endfacet
  facet normal 0.989723 -0.142998 0
    outer loop
      vertex 0.235641 4.48946 5.6
      vertex 0.240185 4.52091 13.4363
      vertex 0.235641 4.48946 13.4366
    endloop
  endfacet
  facet normal 0.989726 -0.142979 0
    outer loop
      vertex 0.328979 5.13556 13.4119
      vertex 0.235641 4.48946 5.6
      vertex 0.328979 5.13556 5.6
    endloop
  endfacet
  facet normal 0.999046 -0.0436639 0
    outer loop
      vertex 0.231888 4.40359 13.4372
      vertex 0.235641 4.48946 5.6
      vertex 0.235641 4.48946 13.4366
    endloop
  endfacet
  facet normal 0.999046 -0.0436802 -1.78415e-07
    outer loop
      vertex 0.227901 4.3124 13.4379
      vertex 0.235641 4.48946 5.6
      vertex 0.231888 4.40359 13.4372
    endloop
  endfacet
  facet normal 0.999046 -0.0436784 -1.39396e-07
    outer loop
      vertex 0.220939 4.15316 13.439
      vertex 0.235641 4.48946 5.6
      vertex 0.227901 4.3124 13.4379
    endloop
  endfacet
  facet normal 0.999046 -0.0436721 -1.4737e-07
    outer loop
      vertex 0.204529 3.77779 5.6
      vertex 0.220939 4.15316 13.439
      vertex 0.212716 3.96505 13.4403
    endloop
  endfacet
  facet normal 0.999046 -0.0436782 0
    outer loop
      vertex 0.204529 3.77779 5.6
      vertex 0.212716 3.96505 13.4403
      vertex 0.204529 3.77779 13.4416
    endloop
  endfacet
  facet normal 0.999046 -0.0436752 1.207e-09
    outer loop
      vertex 0.220939 4.15316 13.439
      vertex 0.204529 3.77779 5.6
      vertex 0.235641 4.48946 5.6
    endloop
  endfacet
  facet normal 0.999085 0.042777 0
    outer loop
      vertex 0.205426 3.75684 13.4417
      vertex 0.204529 3.77779 5.6
      vertex 0.204529 3.77779 13.4416
    endloop
  endfacet
  facet normal 0.999083 0.0428205 1.16198e-07
    outer loop
      vertex 0.21244 3.59319 13.4428
      vertex 0.204529 3.77779 5.6
      vertex 0.205426 3.75684 13.4417
    endloop
  endfacet
  facet normal 0.999083 0.0428197 9.80564e-08
    outer loop
      vertex 0.222382 3.36122 13.4443
      vertex 0.204529 3.77779 5.6
      vertex 0.21244 3.59319 13.4428
    endloop
  endfacet
  facet normal 0.999083 0.0428172 -3.16227e-08
    outer loop
      vertex 0.234802 3.07141 5.6
      vertex 0.222382 3.36122 13.4443
      vertex 0.232227 3.1315 13.4458
    endloop
  endfacet
  facet normal 0.999083 0.0428131 -0
    outer loop
      vertex 0.234802 3.07141 5.6
      vertex 0.232227 3.1315 13.4458
      vertex 0.234802 3.07141 13.4462
    endloop
  endfacet
  facet normal 0.999083 0.0428172 -3.21899e-08
    outer loop
      vertex 0.222382 3.36122 13.4443
      vertex 0.234802 3.07141 5.6
      vertex 0.204529 3.77779 5.6
    endloop
  endfacet
  facet normal 0.99012 0.140224 0
    outer loop
      vertex 0.259409 2.89766 13.4473
      vertex 0.234802 3.07141 5.6
      vertex 0.234802 3.07141 13.4462
    endloop
  endfacet
  facet normal 0.990119 0.140226 6.01119e-08
    outer loop
      vertex 0.294899 2.64707 13.4489
      vertex 0.234802 3.07141 5.6
      vertex 0.259409 2.89766 13.4473
    endloop
  endfacet
  facet normal 0.99012 0.140223 -0
    outer loop
      vertex 0.325638 2.43002 5.6
      vertex 0.294899 2.64707 13.4489
      vertex 0.325638 2.43002 13.4503
    endloop
  endfacet
  facet normal 0.99012 0.140224 -5.24325e-08
    outer loop
      vertex 0.294899 2.64707 13.4489
      vertex 0.325638 2.43002 5.6
      vertex 0.234802 3.07141 5.6
    endloop
  endfacet
  facet normal 0.966979 0.254856 0
    outer loop
      vertex 0.325949 2.42884 13.4503
      vertex 0.325638 2.43002 5.6
      vertex 0.325638 2.43002 13.4503
    endloop
  endfacet
  facet normal 0.967199 0.254021 -1.34222e-07
    outer loop
      vertex 0.382639 2.21299 13.4517
      vertex 0.325638 2.43002 5.6
      vertex 0.325949 2.42884 13.4503
    endloop
  endfacet
  facet normal 0.9672 0.254015 -0
    outer loop
      vertex 0.47702 1.85362 5.6
      vertex 0.382639 2.21299 13.4517
      vertex 0.47702 1.85362 13.4541
    endloop
  endfacet
  facet normal 0.967199 0.254019 -2.0109e-07
    outer loop
      vertex 0.382639 2.21299 13.4517
      vertex 0.47702 1.85362 5.6
      vertex 0.325638 2.43002 5.6
    endloop
  endfacet
  facet normal 0.923547 0.383486 0
    outer loop
      vertex 0.478274 1.8506 13.4541
      vertex 0.47702 1.85362 5.6
      vertex 0.47702 1.85362 13.4541
    endloop
  endfacet
  facet normal 0.923822 0.382822 -2.99148e-07
    outer loop
      vertex 0.565992 1.63892 13.4555
      vertex 0.47702 1.85362 5.6
      vertex 0.478274 1.8506 13.4541
    endloop
  endfacet
  facet normal 0.923817 0.382834 -0
    outer loop
      vertex 0.68895 1.34221 5.6
      vertex 0.565992 1.63892 13.4555
      vertex 0.68895 1.34221 13.4575
    endloop
  endfacet
  facet normal 0.923818 0.382833 4.61014e-08
    outer loop
      vertex 0.565992 1.63892 13.4555
      vertex 0.68895 1.34221 5.6
      vertex 0.47702 1.85362 5.6
    endloop
  endfacet
  facet normal 0.853565 0.520987 0
    outer loop
      vertex 0.881856 1.02616 13.4597
      vertex 0.68895 1.34221 5.6
      vertex 0.68895 1.34221 13.4575
    endloop
  endfacet
  facet normal 0.85356 0.520994 -0
    outer loop
      vertex 0.961426 0.895798 5.6
      vertex 0.881856 1.02616 13.4597
      vertex 0.961426 0.895798 13.4606
    endloop
  endfacet
  facet normal 0.853564 0.520989 1.18359e-07
    outer loop
      vertex 0.881856 1.02616 13.4597
      vertex 0.961426 0.895798 5.6
      vertex 0.68895 1.34221 5.6
    endloop
  endfacet
  facet normal 0.752098 0.659051 0
    outer loop
      vertex 1.28784 0.5233 13.4635
      vertex 0.961426 0.895798 5.6
      vertex 0.961426 0.895798 13.4606
    endloop
  endfacet
  facet normal 0.752098 0.659051 0
    outer loop
      vertex 0.961426 0.895798 5.6
      vertex 1.28784 0.5233 13.4635
      vertex 1.28784 0.5233 5.6
    endloop
  endfacet
  facet normal 0.612776 0.790257 -0
    outer loop
      vertex 1.66147 0.233582 5.6
      vertex 1.28784 0.5233 13.4635
      vertex 1.66147 0.233582 13.4659
    endloop
  endfacet
  facet normal 0.612776 0.790257 0
    outer loop
      vertex 1.28784 0.5233 13.4635
      vertex 1.66147 0.233582 5.6
      vertex 1.28784 0.5233 5.6
    endloop
  endfacet
  facet normal 0.441212 0.897403 -0
    outer loop
      vertex 2.08231 0.0266418 5.6
      vertex 2.02863 0.0530338 13.4678
      vertex 2.08231 0.0266418 13.4681
    endloop
  endfacet
  facet normal 0.441276 0.897372 5.40706e-07
    outer loop
      vertex 2.02863 0.0530338 13.4678
      vertex 2.08231 0.0266418 5.6
      vertex 1.66147 0.233582 13.4659
    endloop
  endfacet
  facet normal 0.441268 0.897376 0
    outer loop
      vertex 1.66147 0.233582 13.4659
      vertex 2.08231 0.0266418 5.6
      vertex 1.66147 0.233582 5.6
    endloop
  endfacet
  facet normal 0.25638 0.966576 -0
    outer loop
      vertex 2.55035 -0.0975037 5.6
      vertex 2.08231 0.0266418 13.4681
      vertex 2.55035 -0.0975037 13.4698
    endloop
  endfacet
  facet normal 0.25638 0.966576 0
    outer loop
      vertex 2.08231 0.0266418 13.4681
      vertex 2.55035 -0.0975037 5.6
      vertex 2.08231 0.0266418 5.6
    endloop
  endfacet
  facet normal 0.080049 0.996791 -0
    outer loop
      vertex 3.06563 -0.138885 5.6
      vertex 2.84002 -0.120767 13.4705
      vertex 3.06563 -0.138885 13.4711
    endloop
  endfacet
  facet normal 0.0800539 0.996791 1.41716e-07
    outer loop
      vertex 2.84002 -0.120767 13.4705
      vertex 3.06563 -0.138885 5.6
      vertex 2.71746 -0.110924 13.4702
    endloop
  endfacet
  facet normal 0.0800507 0.996791 -4.14388e-09
    outer loop
      vertex 2.55035 -0.0975037 5.6
      vertex 2.71746 -0.110924 13.4702
      vertex 3.06563 -0.138885 5.6
    endloop
  endfacet
  facet normal 0.0800505 0.996791 0
    outer loop
      vertex 2.71746 -0.110924 13.4702
      vertex 2.55035 -0.0975037 5.6
      vertex 2.55035 -0.0975037 13.4698
    endloop
  endfacet
  facet normal -0.0394884 0.99922 0
    outer loop
      vertex 3.33231 -0.128342 5.6
      vertex 3.29529 -0.129805 13.4715
      vertex 3.33231 -0.128342 13.4716
    endloop
  endfacet
  facet normal -0.0395058 0.999219 -8.23681e-08
    outer loop
      vertex 3.29529 -0.129805 13.4715
      vertex 3.33231 -0.128342 5.6
      vertex 3.06563 -0.138885 13.4711
    endloop
  endfacet
  facet normal -0.0395034 0.999219 0
    outer loop
      vertex 3.06563 -0.138885 13.4711
      vertex 3.33231 -0.128342 5.6
      vertex 3.06563 -0.138885 5.6
    endloop
  endfacet
  facet normal -0.122998 0.992407 0
    outer loop
      vertex 3.58788 -0.0966644 5.6
      vertex 3.51446 -0.105764 13.4718
      vertex 3.58788 -0.0966644 13.4719
    endloop
  endfacet
  facet normal -0.123002 0.992406 -3.98156e-08
    outer loop
      vertex 3.51446 -0.105764 13.4718
      vertex 3.58788 -0.0966644 5.6
      vertex 3.40303 -0.119575 13.4717
    endloop
  endfacet
  facet normal -0.123008 0.992406 -1.68865e-07
    outer loop
      vertex 3.33231 -0.128342 5.6
      vertex 3.40303 -0.119575 13.4717
      vertex 3.58788 -0.0966644 5.6
    endloop
  endfacet
  facet normal -0.123026 0.992403 0
    outer loop
      vertex 3.40303 -0.119575 13.4717
      vertex 3.33231 -0.128342 5.6
      vertex 3.33231 -0.128342 13.4716
    endloop
  endfacet
  facet normal -0.21098 0.97749 0
    outer loop
      vertex 3.83231 -0.0438843 5.6
      vertex 3.81263 -0.048132 13.472
      vertex 3.83231 -0.0438843 13.472
    endloop
  endfacet
  facet normal -0.211074 0.97747 -2.46991e-07
    outer loop
      vertex 3.81263 -0.048132 13.472
      vertex 3.83231 -0.0438843 5.6
      vertex 3.58788 -0.0966644 13.4719
    endloop
  endfacet
  facet normal -0.211067 0.977472 0
    outer loop
      vertex 3.58788 -0.0966644 13.4719
      vertex 3.83231 -0.0438843 5.6
      vertex 3.58788 -0.0966644 5.6
    endloop
  endfacet
  facet normal -0.30182 0.953365 7.95425e-08
    outer loop
      vertex 4.06563 0.0299835 5.6
      vertex 3.90955 -0.0194296 13.472
      vertex 4.0044 0.0105984 13.4719
    endloop
  endfacet
  facet normal -0.301829 0.953362 0
    outer loop
      vertex 4.06563 0.0299835 5.6
      vertex 4.0044 0.0105984 13.4719
      vertex 4.06563 0.0299835 13.4719
    endloop
  endfacet
  facet normal -0.301829 0.953362 -1.15093e-07
    outer loop
      vertex 3.83231 -0.0438843 5.6
      vertex 3.90955 -0.0194296 13.472
      vertex 4.06563 0.0299835 5.6
    endloop
  endfacet
  facet normal -0.30184 0.953359 0
    outer loop
      vertex 3.90955 -0.0194296 13.472
      vertex 3.83231 -0.0438843 5.6
      vertex 3.83231 -0.0438843 13.472
    endloop
  endfacet
  facet normal -0.393166 0.919467 1.02876e-07
    outer loop
      vertex 4.28783 0.125 5.6
      vertex 4.09293 0.0416595 13.4718
      vertex 4.27587 0.119885 13.4716
    endloop
  endfacet
  facet normal -0.393223 0.919443 0
    outer loop
      vertex 4.28783 0.125 5.6
      vertex 4.27587 0.119885 13.4716
      vertex 4.28783 0.125 13.4716
    endloop
  endfacet
  facet normal -0.393178 0.919462 -2.40101e-07
    outer loop
      vertex 4.06563 0.0299835 5.6
      vertex 4.09293 0.0416595 13.4718
      vertex 4.28783 0.125 5.6
    endloop
  endfacet
  facet normal -0.393236 0.919437 0
    outer loop
      vertex 4.09293 0.0416595 13.4718
      vertex 4.06563 0.0299835 5.6
      vertex 4.06563 0.0299835 13.4719
    endloop
  endfacet
  facet normal -0.491592 0.870825 -7.73554e-07
    outer loop
      vertex 4.28783 0.125 5.6
      vertex 4.34726 0.158556 13.4714
      vertex 4.40917 0.193505 13.4713
    endloop
  endfacet
  facet normal -0.491662 0.870786 -5.39154e-07
    outer loop
      vertex 4.4984 0.243881 5.6
      vertex 4.40917 0.193505 13.4713
      vertex 4.4601 0.222261 13.4711
    endloop
  endfacet
  facet normal -0.491578 0.870834 0
    outer loop
      vertex 4.4984 0.243881 5.6
      vertex 4.4601 0.222261 13.4711
      vertex 4.4984 0.243881 13.471
    endloop
  endfacet
  facet normal -0.491628 0.870805 -4.06175e-08
    outer loop
      vertex 4.28783 0.125 5.6
      vertex 4.40917 0.193505 13.4713
      vertex 4.4984 0.243881 5.6
    endloop
  endfacet
  facet normal -0.49167 0.870782 0
    outer loop
      vertex 4.34726 0.158556 13.4714
      vertex 4.28783 0.125 5.6
      vertex 4.28783 0.125 13.4716
    endloop
  endfacet
  facet normal -0.591675 0.806165 -0.00427816
    outer loop
      vertex 4.69675 0.389435 13.4673
      vertex 4.55823 0.287788 13.4707
      vertex 4.59253 0.312961 13.4705
    endloop
  endfacet
  facet normal -0.591494 0.806296 0.0047336
    outer loop
      vertex 4.69675 0.389435 13.4673
      vertex 4.59253 0.312961 13.4705
      vertex 4.61326 0.328169 13.4704
    endloop
  endfacet
  facet normal -0.591606 0.806227 0.000348549
    outer loop
      vertex 4.69675 0.389435 13.4673
      vertex 4.61326 0.328169 13.4704
      vertex 4.64888 0.354307 13.47
    endloop
  endfacet
  facet normal -0.591702 0.806154 -0.00229019
    outer loop
      vertex 4.69675 0.389435 13.4673
      vertex 4.64888 0.354307 13.47
      vertex 4.65498 0.358784 13.4699
    endloop
  endfacet
  facet normal -0.591647 0.806194 -0.00227928
    outer loop
      vertex 4.55823 0.287788 13.4707
      vertex 4.69675 0.389435 13.4673
      vertex 4.4984 0.243881 13.471
    endloop
  endfacet
  facet normal -0.591621 0.806216 0
    outer loop
      vertex 4.4984 0.243881 5.6
      vertex 4.69675 0.389435 13.4673
      vertex 4.69675 0.389435 5.6
    endloop
  endfacet
  facet normal -0.591621 0.806216 0
    outer loop
      vertex 4.69675 0.389435 13.4673
      vertex 4.4984 0.243881 5.6
      vertex 4.4984 0.243881 13.471
    endloop
  endfacet
  facet normal -0.6792 0.733953 0
    outer loop
      vertex 4.69675 0.389435 5.6
      vertex 4.88286 0.561661 13.4539
      vertex 4.88286 0.561661 5.6
    endloop
  endfacet
  facet normal -0.6792 0.733953 0
    outer loop
      vertex 4.88286 0.561661 13.4539
      vertex 4.69675 0.389435 5.6
      vertex 4.69675 0.389435 13.4673
    endloop
  endfacet
  facet normal -0.752807 0.658242 0
    outer loop
      vertex 4.88286 0.561661 5.6
      vertex 5.05676 0.760544 13.4398
      vertex 5.05676 0.760544 5.6
    endloop
  endfacet
  facet normal -0.752807 0.658242 0
    outer loop
      vertex 5.05676 0.760544 13.4398
      vertex 4.88286 0.561661 5.6
      vertex 4.88286 0.561661 13.4539
    endloop
  endfacet
  facet normal -0.812779 0.582572 0
    outer loop
      vertex 5.05676 0.760544 5.6
      vertex 5.21843 0.986099 13.4249
      vertex 5.21843 0.986099 5.6
    endloop
  endfacet
  facet normal -0.812779 0.582572 0
    outer loop
      vertex 5.21843 0.986099 13.4249
      vertex 5.05676 0.760544 5.6
      vertex 5.05676 0.760544 13.4398
    endloop
  endfacet
  facet normal 0 1 0
    outer loop
      vertex 5.21843 0.986099 5.6
      vertex 5.27393 0.986099 13.4231
      vertex 5.27393 0.986099 5.6
    endloop
  endfacet
  facet normal 0 1 0
    outer loop
      vertex 5.27393 0.986099 13.4231
      vertex 5.21843 0.986099 5.6
      vertex 5.21843 0.986099 13.4249
    endloop
  endfacet
  facet normal 0.997381 -0.0723228 0
    outer loop
      vertex 5.26813 0.906113 5.6
      vertex 5.27393 0.986099 13.4231
      vertex 5.26813 0.906113 13.4267
    endloop
  endfacet
  facet normal 0.997381 -0.0723228 0
    outer loop
      vertex 5.27393 0.986099 13.4231
      vertex 5.26813 0.906113 5.6
      vertex 5.27393 0.986099 5.6
    endloop
  endfacet
  facet normal 0.997167 -0.0752227 0
    outer loop
      vertex 5.26176 0.821671 5.6
      vertex 5.26813 0.906113 13.4267
      vertex 5.26176 0.821671 13.4304
    endloop
  endfacet
  facet normal 0.997167 -0.0752227 0
    outer loop
      vertex 5.26813 0.906113 13.4267
      vertex 5.26176 0.821671 5.6
      vertex 5.26813 0.906113 5.6
    endloop
  endfacet
  facet normal 0.996965 -0.0778563 0
    outer loop
      vertex 5.25482 0.732803 5.6
      vertex 5.26176 0.821671 13.4304
      vertex 5.25482 0.732803 13.4344
    endloop
  endfacet
  facet normal 0.996965 -0.0778563 0
    outer loop
      vertex 5.26176 0.821671 13.4304
      vertex 5.25482 0.732803 5.6
      vertex 5.26176 0.821671 5.6
    endloop
  endfacet
  facet normal 0.996779 -0.0802011 0
    outer loop
      vertex 5.24731 0.639465 5.6
      vertex 5.25482 0.732803 13.4344
      vertex 5.24731 0.639465 13.4386
    endloop
  endfacet
  facet normal 0.996779 -0.0802011 0
    outer loop
      vertex 5.25482 0.732803 13.4344
      vertex 5.24731 0.639465 5.6
      vertex 5.25482 0.732803 5.6
    endloop
  endfacet
  facet normal 0.996603 -0.0823555 0
    outer loop
      vertex 5.23923 0.541687 5.6
      vertex 5.24731 0.639465 13.4386
      vertex 5.23923 0.541687 13.4429
    endloop
  endfacet
  facet normal 0.996603 -0.0823555 0
    outer loop
      vertex 5.24731 0.639465 13.4386
      vertex 5.23923 0.541687 5.6
      vertex 5.24731 0.639465 5.6
    endloop
  endfacet
  facet normal 0.997183 -0.0750078 0
    outer loop
      vertex 5.23175 0.442245 5.6
      vertex 5.23923 0.541687 13.4429
      vertex 5.23175 0.442245 13.4474
    endloop
  endfacet
  facet normal 0.997183 -0.0750078 0
    outer loop
      vertex 5.23923 0.541687 13.4429
      vertex 5.23175 0.442245 5.6
      vertex 5.23923 0.541687 5.6
    endloop
  endfacet
  facet normal 0.998247 -0.059188 0
    outer loop
      vertex 5.22592 0.343918 5.6
      vertex 5.23175 0.442245 13.4474
      vertex 5.22592 0.343918 13.4517
    endloop
  endfacet
  facet normal 0.998247 -0.059188 0
    outer loop
      vertex 5.23175 0.442245 13.4474
      vertex 5.22592 0.343918 5.6
      vertex 5.23175 0.442245 5.6
    endloop
  endfacet
  facet normal 0.999086 -0.0427465 0
    outer loop
      vertex 5.22176 0.246689 5.6
      vertex 5.22592 0.343918 13.4517
      vertex 5.22176 0.246689 13.4559
    endloop
  endfacet
  facet normal 0.999086 -0.0427465 0
    outer loop
      vertex 5.22592 0.343918 13.4517
      vertex 5.22176 0.246689 5.6
      vertex 5.22592 0.343918 5.6
    endloop
  endfacet
  facet normal 0.999664 -0.0259018 0
    outer loop
      vertex 5.21927 0.150589 5.6
      vertex 5.22176 0.246689 13.4559
      vertex 5.21927 0.150589 13.4601
    endloop
  endfacet
  facet normal 0.999664 -0.0259018 0
    outer loop
      vertex 5.22176 0.246689 13.4559
      vertex 5.21927 0.150589 5.6
      vertex 5.22176 0.246689 5.6
    endloop
  endfacet
  facet normal 0.999961 -0.00884165 0
    outer loop
      vertex 5.21843 0.0555878 5.6
      vertex 5.21927 0.150589 13.4601
      vertex 5.21843 0.0555878 13.4641
    endloop
  endfacet
  facet normal 0.999961 -0.00884165 0
    outer loop
      vertex 5.21927 0.150589 13.4601
      vertex 5.21843 0.0555878 5.6
      vertex 5.21927 0.150589 5.6
    endloop
  endfacet
  facet normal 1 0 0
    outer loop
      vertex 5.21843 -0.0971985 5.6
      vertex 5.21843 0.0555878 13.4641
      vertex 5.21843 -0.0971985 13.4705
    endloop
  endfacet
  facet normal 1 0 0
    outer loop
      vertex 5.21843 0.0555878 13.4641
      vertex 5.21843 -0.0971985 5.6
      vertex 5.21843 0.0555878 5.6
    endloop
  endfacet
  facet normal 0.994743 -0.102322 0.00413332
    outer loop
      vertex 5.20895 -0.189203 13.4744
      vertex 5.21843 -0.0971985 13.4705
      vertex 5.20978 -0.181138 13.4743
    endloop
  endfacet
  facet normal 0.994736 -0.102466 0.000708323
    outer loop
      vertex 5.20294 -0.247543 13.4751
      vertex 5.21843 -0.0971985 13.4705
      vertex 5.20895 -0.189203 13.4744
    endloop
  endfacet
  facet normal 0.994734 -0.102488 0
    outer loop
      vertex 5.21843 -0.0971985 13.4705
      vertex 5.20294 -0.247543 13.4751
      vertex 5.21843 -0.0971985 5.6
    endloop
  endfacet
  facet normal 0.994726 -0.102572 -1.62744e-06
    outer loop
      vertex 5.20016 -0.274503 13.4753
      vertex 5.21843 -0.0971985 5.6
      vertex 5.20294 -0.247543 13.4751
    endloop
  endfacet
  facet normal 0.994737 -0.102459 9.29658e-07
    outer loop
      vertex 5.19562 -0.31858 13.4756
      vertex 5.21843 -0.0971985 5.6
      vertex 5.20016 -0.274503 13.4753
    endloop
  endfacet
  facet normal 0.994732 -0.102505 -3.7185e-07
    outer loop
      vertex 5.17969 -0.473168 13.4768
      vertex 5.21843 -0.0971985 5.6
      vertex 5.19562 -0.31858 13.4756
    endloop
  endfacet
  facet normal 0.994719 -0.102638 3.47975e-06
    outer loop
      vertex 5.15454 -0.717178 5.6
      vertex 5.17969 -0.473168 13.4768
      vertex 5.17388 -0.529476 13.4772
    endloop
  endfacet
  facet normal 0.994734 -0.102494 3.4541e-08
    outer loop
      vertex 5.15454 -0.717178 5.6
      vertex 5.17388 -0.529476 13.4772
      vertex 5.16701 -0.596151 13.4776
    endloop
  endfacet
  facet normal 0.99473 -0.102527 5.41932e-07
    outer loop
      vertex 5.15454 -0.717178 5.6
      vertex 5.16701 -0.596151 13.4776
      vertex 5.15944 -0.669596 13.4781
    endloop
  endfacet
  facet normal 0.994739 -0.102438 0
    outer loop
      vertex 5.15454 -0.717178 5.6
      vertex 5.15944 -0.669596 13.4781
      vertex 5.15454 -0.717178 13.4784
    endloop
  endfacet
  facet normal 0.994732 -0.102509 -5.47026e-07
    outer loop
      vertex 5.17969 -0.473168 13.4768
      vertex 5.15454 -0.717178 5.6
      vertex 5.21843 -0.0971985 5.6
    endloop
  endfacet
  facet normal 0.929291 -0.369348 0
    outer loop
      vertex 5.09253 -0.873197 13.4793
      vertex 5.15454 -0.717178 5.6
      vertex 5.15454 -0.717178 13.4784
    endloop
  endfacet
  facet normal 0.929293 -0.369343 1.25792e-07
    outer loop
      vertex 5.06895 -0.932526 13.4797
      vertex 5.15454 -0.717178 5.6
      vertex 5.09253 -0.873197 13.4793
    endloop
  endfacet
  facet normal 0.929285 -0.369363 -5.24024e-07
    outer loop
      vertex 5.04513 -0.992455 13.48
      vertex 5.15454 -0.717178 5.6
      vertex 5.06895 -0.932526 13.4797
    endloop
  endfacet
  facet normal 0.929299 -0.369328 -5.51461e-07
    outer loop
      vertex 4.96288 -1.1994 5.6
      vertex 5.04513 -0.992455 13.48
      vertex 5.02197 -1.05073 13.4804
    endloop
  endfacet
  facet normal 0.929289 -0.369353 0
    outer loop
      vertex 4.96288 -1.1994 5.6
      vertex 5.02197 -1.05073 13.4804
      vertex 4.96288 -1.1994 13.4812
    endloop
  endfacet
  facet normal 0.929291 -0.369348 7.80623e-08
    outer loop
      vertex 5.04513 -0.992455 13.48
      vertex 4.96288 -1.1994 5.6
      vertex 5.15454 -0.717178 5.6
    endloop
  endfacet
  facet normal 0.733207 -0.680005 0
    outer loop
      vertex 4.88798 -1.28016 13.4815
      vertex 4.96288 -1.1994 5.6
      vertex 4.96288 -1.1994 13.4812
    endloop
  endfacet
  facet normal 0.733193 -0.68002 -2.83182e-07
    outer loop
      vertex 4.85166 -1.31932 13.4817
      vertex 4.96288 -1.1994 5.6
      vertex 4.88798 -1.28016 13.4815
    endloop
  endfacet
  facet normal 0.73329 -0.679915 2.67778e-06
    outer loop
      vertex 4.81854 -1.35504 13.4819
      vertex 4.96288 -1.1994 5.6
      vertex 4.85166 -1.31932 13.4817
    endloop
  endfacet
  facet normal 0.733228 -0.679983 0
    outer loop
      vertex 4.64345 -1.54384 5.6
      vertex 4.81854 -1.35504 13.4819
      vertex 4.64345 -1.54384 13.4826
    endloop
  endfacet
  facet normal 0.733226 -0.679986 1.03819e-07
    outer loop
      vertex 4.81854 -1.35504 13.4819
      vertex 4.64345 -1.54384 5.6
      vertex 4.96288 -1.1994 5.6
    endloop
  endfacet
  facet normal 0.419492 -0.907759 0
    outer loop
      vertex 4.19623 -1.7505 5.6
      vertex 4.53874 -1.59222 13.4827
      vertex 4.19623 -1.7505 13.4829
    endloop
  endfacet
  facet normal 0.419478 -0.907766 7.37738e-07
    outer loop
      vertex 4.64345 -1.54384 5.6
      vertex 4.53874 -1.59222 13.4827
      vertex 4.19623 -1.7505 5.6
    endloop
  endfacet
  facet normal 0.419379 -0.907811 -8.55647e-07
    outer loop
      vertex 4.53874 -1.59222 13.4827
      vertex 4.64345 -1.54384 5.6
      vertex 4.58002 -1.57315 13.4827
    endloop
  endfacet
  facet normal 0.419467 -0.907771 0
    outer loop
      vertex 4.58002 -1.57315 13.4827
      vertex 4.64345 -1.54384 5.6
      vertex 4.64345 -1.54384 13.4826
    endloop
  endfacet
  facet normal 0.135113 -0.99083 0
    outer loop
      vertex 3.62123 -1.8194 13.4819
      vertex 3.62123 -1.8194 5.6
      vertex 3.62145 -1.81937 13.4819
    endloop
  endfacet
  facet normal 0.118957 -0.992899 4.58838e-07
    outer loop
      vertex 3.62123 -1.8194 5.6
      vertex 4.15923 -1.75494 13.4828
      vertex 3.62145 -1.81937 13.4819
    endloop
  endfacet
  facet normal 0.118975 -0.992897 -8.10509e-07
    outer loop
      vertex 4.19623 -1.7505 5.6
      vertex 4.15923 -1.75494 13.4828
      vertex 3.62123 -1.8194 5.6
    endloop
  endfacet
  facet normal 0.119145 -0.992877 0
    outer loop
      vertex 4.15923 -1.75494 13.4828
      vertex 4.19623 -1.7505 5.6
      vertex 4.19623 -1.7505 13.4829
    endloop
  endfacet
  facet normal -0.0378393 -0.999284 0
    outer loop
      vertex 3.00511 -1.79607 5.6
      vertex 3.56418 -1.81724 13.4818
      vertex 3.00511 -1.79607 13.4803
    endloop
  endfacet
  facet normal -0.0378389 -0.999284 -3.23688e-08
    outer loop
      vertex 3.62123 -1.8194 5.6
      vertex 3.56418 -1.81724 13.4818
      vertex 3.00511 -1.79607 5.6
    endloop
  endfacet
  facet normal -0.0378344 -0.999284 0
    outer loop
      vertex 3.56418 -1.81724 13.4818
      vertex 3.62123 -1.8194 5.6
      vertex 3.62123 -1.8194 13.4819
    endloop
  endfacet
  facet normal -0.115149 -0.993348 0
    outer loop
      vertex 2.4012 -1.72606 5.6
      vertex 2.90784 -1.78479 13.4801
      vertex 2.4012 -1.72606 13.4785
    endloop
  endfacet
  facet normal -0.115157 -0.993347 4.65919e-07
    outer loop
      vertex 3.00511 -1.79607 5.6
      vertex 2.90784 -1.78479 13.4801
      vertex 2.4012 -1.72606 5.6
    endloop
  endfacet
  facet normal -0.115194 -0.993343 0
    outer loop
      vertex 2.90784 -1.78479 13.4801
      vertex 3.00511 -1.79607 5.6
      vertex 3.00511 -1.79607 13.4803
    endloop
  endfacet
  facet normal -0.193433 -0.981113 0
    outer loop
      vertex 1.80952 -1.60941 5.6
      vertex 2.20976 -1.68832 13.4778
      vertex 1.80952 -1.60941 13.4763
    endloop
  endfacet
  facet normal -0.193427 -0.981115 -3.10007e-07
    outer loop
      vertex 2.4012 -1.72606 5.6
      vertex 2.20976 -1.68832 13.4778
      vertex 1.80952 -1.60941 5.6
    endloop
  endfacet
  facet normal -0.193415 -0.981117 0
    outer loop
      vertex 2.20976 -1.68832 13.4778
      vertex 2.4012 -1.72606 5.6
      vertex 2.4012 -1.72606 13.4785
    endloop
  endfacet
  facet normal -0.271254 -0.962508 -7.90378e-07
    outer loop
      vertex 1.23007 -1.44608 5.6
      vertex 1.49369 -1.52038 13.475
      vertex 1.41701 -1.49877 13.4747
    endloop
  endfacet
  facet normal -0.271285 -0.962499 0
    outer loop
      vertex 1.23007 -1.44608 5.6
      vertex 1.41701 -1.49877 13.4747
      vertex 1.23007 -1.44608 13.4739
    endloop
  endfacet
  facet normal -0.271299 -0.962495 8.26749e-07
    outer loop
      vertex 1.49369 -1.52038 13.475
      vertex 1.23007 -1.44608 5.6
      vertex 1.80952 -1.60941 5.6
    endloop
  endfacet
  facet normal -0.271318 -0.96249 0
    outer loop
      vertex 1.49369 -1.52038 13.475
      vertex 1.80952 -1.60941 5.6
      vertex 1.80952 -1.60941 13.4763
    endloop
  endfacet
  facet normal -0.347209 -0.937788 0
    outer loop
      vertex 0.662827 -1.2361 5.6
      vertex 0.691781 -1.24682 13.4714
      vertex 0.662827 -1.2361 13.4713
    endloop
  endfacet
  facet normal -0.347151 -0.937809 -2.39938e-07
    outer loop
      vertex 0.691781 -1.24682 13.4714
      vertex 0.662827 -1.2361 5.6
      vertex 1.23007 -1.44608 13.4739
    endloop
  endfacet
  facet normal -0.347154 -0.937808 -0
    outer loop
      vertex 1.23007 -1.44608 13.4739
      vertex 0.662827 -1.2361 5.6
      vertex 1.23007 -1.44608 5.6
    endloop
  endfacet
  facet normal 1 0 0
    outer loop
      vertex 0.662827 -1.64405 13.4733
      vertex 0.662827 -1.2361 5.6
      vertex 0.662827 -1.2361 13.4713
    endloop
  endfacet
  facet normal 1 0 0
    outer loop
      vertex 0.662827 -2.00704 13.475
      vertex 0.662827 -1.2361 5.6
      vertex 0.662827 -1.64405 13.4733
    endloop
  endfacet
  facet normal 1 0 0
    outer loop
      vertex 0.662827 -2.04341 13.4752
      vertex 0.662827 -1.2361 5.6
      vertex 0.662827 -2.00704 13.475
    endloop
  endfacet
  facet normal 1 0 0
    outer loop
      vertex 0.662827 -2.88889 5.6
      vertex 0.662827 -2.04341 13.4752
      vertex 0.662827 -2.31577 13.4764
    endloop
  endfacet
  facet normal 1 0 0
    outer loop
      vertex 0.662827 -2.88889 5.6
      vertex 0.662827 -2.31577 13.4764
      vertex 0.662827 -2.47936 13.477
    endloop
  endfacet
  facet normal 1 0 0
    outer loop
      vertex 0.662827 -2.88889 5.6
      vertex 0.662827 -2.47936 13.477
      vertex 0.662827 -2.49153 13.477
    endloop
  endfacet
  facet normal 1 0 0
    outer loop
      vertex 0.662827 -2.88889 5.6
      vertex 0.662827 -2.49153 13.477
      vertex 0.662827 -2.53435 13.4769
    endloop
  endfacet
  facet normal 1 0 0
    outer loop
      vertex 0.662827 -2.88889 5.6
      vertex 0.662827 -2.53435 13.4769
      vertex 0.662827 -2.88889 13.4672
    endloop
  endfacet
  facet normal 1 0 0
    outer loop
      vertex 0.662827 -2.04341 13.4752
      vertex 0.662827 -2.88889 5.6
      vertex 0.662827 -1.2361 5.6
    endloop
  endfacet
  facet normal 0.336736 0.941599 -0
    outer loop
      vertex 0.925339 -2.98277 5.6
      vertex 0.662827 -2.88889 13.4672
      vertex 0.925339 -2.98277 13.4751
    endloop
  endfacet
  facet normal 0.336736 0.941599 0
    outer loop
      vertex 0.662827 -2.88889 13.4672
      vertex 0.925339 -2.98277 5.6
      vertex 0.662827 -2.88889 5.6
    endloop
  endfacet
  facet normal 0.292266 0.946532 -0.136596
    outer loop
      vertex 1.19063 -3.06444 13.4814
      vertex 1.1576 -3.05427 13.4812
      vertex 1.1695 -3.05793 13.4813
    endloop
  endfacet
  facet normal 0.29422 0.95468 -0.0449544
    outer loop
      vertex 1.19063 -3.06444 13.4814
      vertex 1.10379 -3.03771 13.4807
      vertex 1.1576 -3.05427 13.4812
    endloop
  endfacet
  facet normal 0.294186 0.955748 -0
    outer loop
      vertex 1.19063 -3.06444 5.6
      vertex 1.10379 -3.03771 13.4807
      vertex 1.19063 -3.06444 13.4814
    endloop
  endfacet
  facet normal 0.294242 0.955731 6.75538e-07
    outer loop
      vertex 1.10379 -3.03771 13.4807
      vertex 1.19063 -3.06444 5.6
      vertex 0.925339 -2.98277 13.4751
    endloop
  endfacet
  facet normal 0.294224 0.955736 0
    outer loop
      vertex 0.925339 -2.98277 13.4751
      vertex 1.19063 -3.06444 5.6
      vertex 0.925339 -2.98277 5.6
    endloop
  endfacet
  facet normal 0.250794 0.96804 -0
    outer loop
      vertex 1.45868 -3.13388 5.6
      vertex 1.36859 -3.11054 13.4824
      vertex 1.45868 -3.13388 13.4828
    endloop
  endfacet
  facet normal 0.25077 0.968047 -3.01833e-07
    outer loop
      vertex 1.36859 -3.11054 13.4824
      vertex 1.45868 -3.13388 5.6
      vertex 1.19063 -3.06444 13.4814
    endloop
  endfacet
  facet normal 0.250778 0.968045 0
    outer loop
      vertex 1.19063 -3.06444 13.4814
      vertex 1.45868 -3.13388 5.6
      vertex 1.19063 -3.06444 5.6
    endloop
  endfacet
  facet normal 0.185421 0.885124 0.426819
    outer loop
      vertex 1.72952 -3.1911 13.484
      vertex 1.70087 -3.18505 13.4839
      vertex 1.72699 -3.19057 13.484
    endloop
  endfacet
  facet normal 0.206613 0.978423 -0
    outer loop
      vertex 1.72952 -3.1911 5.6
      vertex 1.70087 -3.18505 13.4839
      vertex 1.72952 -3.1911 13.484
    endloop
  endfacet
  facet normal 0.206717 0.978401 3.95063e-07
    outer loop
      vertex 1.70087 -3.18505 13.4839
      vertex 1.72952 -3.1911 5.6
      vertex 1.45868 -3.13388 13.4828
    endloop
  endfacet
  facet normal 0.206706 0.978403 0
    outer loop
      vertex 1.45868 -3.13388 13.4828
      vertex 1.72952 -3.1911 5.6
      vertex 1.45868 -3.13388 5.6
    endloop
  endfacet
  facet normal 0.162287 0.986744 -0
    outer loop
      vertex 2.00313 -3.2361 5.6
      vertex 1.72952 -3.1911 13.484
      vertex 2.00313 -3.2361 13.4851
    endloop
  endfacet
  facet normal 0.162287 0.986744 0
    outer loop
      vertex 1.72952 -3.1911 13.484
      vertex 2.00313 -3.2361 5.6
      vertex 1.72952 -3.1911 5.6
    endloop
  endfacet
  facet normal 0.124104 0.992269 -0
    outer loop
      vertex 2.28285 -3.27109 5.6
      vertex 2.15948 -3.25566 13.4857
      vertex 2.28285 -3.27109 13.4861
    endloop
  endfacet
  facet normal 0.124122 0.992267 2.86418e-07
    outer loop
      vertex 2.00313 -3.2361 5.6
      vertex 2.15948 -3.25566 13.4857
      vertex 2.28285 -3.27109 5.6
    endloop
  endfacet
  facet normal 0.124136 0.992265 0
    outer loop
      vertex 2.15948 -3.25566 13.4857
      vertex 2.00313 -3.2361 5.6
      vertex 2.00313 -3.2361 13.4851
    endloop
  endfacet
  facet normal 0.0936425 0.995606 -0
    outer loop
      vertex 2.57204 -3.29829 5.6
      vertex 2.28285 -3.27109 13.4861
      vertex 2.57204 -3.29829 13.4871
    endloop
  endfacet
  facet normal 0.0936425 0.995606 0
    outer loop
      vertex 2.28285 -3.27109 13.4861
      vertex 2.57204 -3.29829 5.6
      vertex 2.28285 -3.27109 5.6
    endloop
  endfacet
  facet normal 0.06496 0.997888 -0
    outer loop
      vertex 2.87065 -3.31773 5.6
      vertex 2.68032 -3.30534 13.4874
      vertex 2.87065 -3.31773 13.488
    endloop
  endfacet
  facet normal 0.0649641 0.997888 1.00541e-07
    outer loop
      vertex 2.57204 -3.29829 5.6
      vertex 2.68032 -3.30534 13.4874
      vertex 2.87065 -3.31773 5.6
    endloop
  endfacet
  facet normal 0.0649714 0.997887 0
    outer loop
      vertex 2.68032 -3.30534 13.4874
      vertex 2.57204 -3.29829 5.6
      vertex 2.57204 -3.29829 13.4871
    endloop
  endfacet
  facet normal 0.0378875 0.999282 -0
    outer loop
      vertex 3.17871 -3.32941 5.6
      vertex 2.87065 -3.31773 13.488
      vertex 3.17871 -3.32941 13.4889
    endloop
  endfacet
  facet normal 0.0378875 0.999282 0
    outer loop
      vertex 2.87065 -3.31773 13.488
      vertex 3.17871 -3.32941 5.6
      vertex 2.87065 -3.31773 5.6
    endloop
  endfacet
  facet normal 0.012281 0.999925 -0
    outer loop
      vertex 3.49623 -3.3333 5.6
      vertex 3.29105 -3.33078 13.4893
      vertex 3.49623 -3.3333 13.4898
    endloop
  endfacet
  facet normal 0.0122503 0.999925 -7.9842e-07
    outer loop
      vertex 3.17871 -3.32941 5.6
      vertex 3.29105 -3.33078 13.4893
      vertex 3.49623 -3.3333 5.6
    endloop
  endfacet
  facet normal 0.0122405 0.999925 -6.5971e-07
    outer loop
      vertex 3.29105 -3.33078 13.4893
      vertex 3.17871 -3.32941 5.6
      vertex 3.26736 -3.33049 13.4892
    endloop
  endfacet
  facet normal 0.0121818 0.999926 0
    outer loop
      vertex 3.26736 -3.33049 13.4892
      vertex 3.17871 -3.32941 5.6
      vertex 3.17871 -3.32941 13.4889
    endloop
  endfacet
  facet normal -0.0474581 0.998873 0
    outer loop
      vertex 4.20956 -3.29941 5.6
      vertex 3.90353 -3.31395 13.4908
      vertex 4.20956 -3.29941 13.4915
    endloop
  endfacet
  facet normal -0.047456 0.998873 8.18975e-08
    outer loop
      vertex 3.49623 -3.3333 5.6
      vertex 3.90353 -3.31395 13.4908
      vertex 4.20956 -3.29941 5.6
    endloop
  endfacet
  facet normal -0.0474545 0.998873 0
    outer loop
      vertex 3.90353 -3.31395 13.4908
      vertex 3.49623 -3.3333 5.6
      vertex 3.49623 -3.3333 13.4898
    endloop
  endfacet
  facet normal -0.546669 -0.837349 0
    outer loop
      vertex 2.85063 1.84831 5.6
      vertex 3.06498 1.70837 13.4591
      vertex 2.85063 1.84831 13.458
    endloop
  endfacet
  facet normal -0.546683 -0.83734 5.20058e-07
    outer loop
      vertex 3.26674 1.57664 5.6
      vertex 3.06498 1.70837 13.4591
      vertex 2.85063 1.84831 5.6
    endloop
  endfacet
  facet normal -0.546697 -0.837331 0
    outer loop
      vertex 3.06498 1.70837 13.4591
      vertex 3.26674 1.57664 5.6
      vertex 3.26674 1.57664 13.4603
    endloop
  endfacet
  facet normal -0.836032 -0.54868 0
    outer loop
      vertex 2.55341 2.3011 5.6
      vertex 2.58335 2.25548 13.4547
      vertex 2.55341 2.3011 13.4544
    endloop
  endfacet
  facet normal -0.835967 -0.54878 -8.25671e-07
    outer loop
      vertex 2.55341 2.3011 5.6
      vertex 2.7388 2.01868 13.4566
      vertex 2.58335 2.25548 13.4547
    endloop
  endfacet
  facet normal -0.835983 -0.548755 4.38438e-07
    outer loop
      vertex 2.85063 1.84831 5.6
      vertex 2.7388 2.01868 13.4566
      vertex 2.55341 2.3011 5.6
    endloop
  endfacet
  facet normal -0.835992 -0.548741 0
    outer loop
      vertex 2.7388 2.01868 13.4566
      vertex 2.85063 1.84831 5.6
      vertex 2.85063 1.84831 13.458
    endloop
  endfacet
  facet normal -0.962631 -0.270818 0
    outer loop
      vertex 2.55341 2.3011 5.6
      vertex 2.37508 2.93498 13.4369
      vertex 2.37508 2.93498 5.6
    endloop
  endfacet
  facet normal -0.96263 -0.270821 2.78998e-07
    outer loop
      vertex 2.37508 2.93498 13.4369
      vertex 2.55341 2.3011 5.6
      vertex 2.51355 2.44279 13.453
    endloop
  endfacet
  facet normal -0.962651 -0.270746 -1.18724e-06
    outer loop
      vertex 2.51355 2.44279 13.453
      vertex 2.55341 2.3011 5.6
      vertex 2.51985 2.42039 13.4533
    endloop
  endfacet
  facet normal -0.962659 -0.270716 -1.66676e-06
    outer loop
      vertex 2.51985 2.42039 13.4533
      vertex 2.55341 2.3011 5.6
      vertex 2.53861 2.35368 13.4539
    endloop
  endfacet
  facet normal -0.962594 -0.270947 0
    outer loop
      vertex 2.53861 2.35368 13.4539
      vertex 2.55341 2.3011 5.6
      vertex 2.55341 2.3011 13.4544
    endloop
  endfacet
  facet normal -0.99735 -0.0727497 0
    outer loop
      vertex 2.37508 2.93498 5.6
      vertex 2.31563 3.75 13.4046
      vertex 2.31563 3.75 5.6
    endloop
  endfacet
  facet normal -0.99735 -0.0727497 0
    outer loop
      vertex 2.31563 3.75 13.4046
      vertex 2.37508 2.93498 5.6
      vertex 2.37508 2.93498 13.4369
    endloop
  endfacet
  facet normal -0.99751 0.070527 0
    outer loop
      vertex 2.31563 3.75 5.6
      vertex 2.37396 4.575 13.3679
      vertex 2.37396 4.575 5.6
    endloop
  endfacet
  facet normal -0.99751 0.070527 0
    outer loop
      vertex 2.37396 4.575 13.3679
      vertex 2.31563 3.75 5.6
      vertex 2.31563 3.75 13.4046
    endloop
  endfacet
  facet normal -0.96476 0.26313 0
    outer loop
      vertex 2.37396 4.575 5.6
      vertex 2.54897 5.21667 13.3352
      vertex 2.54897 5.21667 5.6
    endloop
  endfacet
  facet normal -0.96476 0.26313 0
    outer loop
      vertex 2.54897 5.21667 13.3352
      vertex 2.37396 4.575 5.6
      vertex 2.37396 4.575 13.3679
    endloop
  endfacet
  facet normal -0.843684 0.53684 0
    outer loop
      vertex 2.54897 5.21667 5.6
      vertex 2.84062 5.67502 13.3023
      vertex 2.84062 5.67502 5.6
    endloop
  endfacet
  facet normal -0.843682 0.536843 -2.80755e-07
    outer loop
      vertex 2.84062 5.67502 13.3023
      vertex 2.54897 5.21667 5.6
      vertex 2.65812 5.38821 13.3244
    endloop
  endfacet
  facet normal -0.843688 0.536834 0
    outer loop
      vertex 2.65812 5.38821 13.3244
      vertex 2.54897 5.21667 5.6
      vertex 2.54897 5.21667 13.3352
    endloop
  endfacet
  facet normal -0.558617 0.829425 0
    outer loop
      vertex 2.84062 5.67502 5.6
      vertex 3.24895 5.95003 13.2721
      vertex 3.24895 5.95003 5.6
    endloop
  endfacet
  facet normal -0.558617 0.829425 0
    outer loop
      vertex 3.24895 5.95003 13.2721
      vertex 2.84062 5.67502 5.6
      vertex 2.84062 5.67502 13.3023
    endloop
  endfacet
  facet normal -0.171995 0.985098 0
    outer loop
      vertex 3.24895 5.95003 5.6
      vertex 3.77393 6.04169 13.2469
      vertex 3.77393 6.04169 5.6
    endloop
  endfacet
  facet normal -0.171995 0.985098 0
    outer loop
      vertex 3.77393 6.04169 13.2469
      vertex 3.24895 5.95003 5.6
      vertex 3.24895 5.95003 13.2721
    endloop
  endfacet
  facet normal 0.0668596 0.997762 0
    outer loop
      vertex 3.77393 6.04169 5.6
      vertex 4.08896 6.02058 13.2357
      vertex 4.08896 6.02058 5.6
    endloop
  endfacet
  facet normal 0.0668596 0.997762 0
    outer loop
      vertex 4.08896 6.02058 13.2357
      vertex 3.77393 6.04169 5.6
      vertex 3.77393 6.04169 13.2469
    endloop
  endfacet
  facet normal 0.221883 0.975073 0
    outer loop
      vertex 4.08896 6.02058 5.6
      vertex 4.36731 5.95724 13.2282
      vertex 4.36731 5.95724 5.6
    endloop
  endfacet
  facet normal 0.221883 0.975073 0
    outer loop
      vertex 4.36731 5.95724 13.2282
      vertex 4.08896 6.02058 5.6
      vertex 4.08896 6.02058 13.2357
    endloop
  endfacet
  facet normal 0.400262 0.916401 0
    outer loop
      vertex 4.36731 5.95724 5.6
      vertex 4.60899 5.85168 13.2242
      vertex 4.60899 5.85168 5.6
    endloop
  endfacet
  facet normal 0.400262 0.916401 0
    outer loop
      vertex 4.60899 5.85168 13.2242
      vertex 4.36731 5.95724 5.6
      vertex 4.36731 5.95724 13.2282
    endloop
  endfacet
  facet normal 0.584755 0.81121 -0
    outer loop
      vertex 4.814 5.7039 5.6
      vertex 4.60899 5.85168 13.2242
      vertex 4.814 5.7039 13.2239
    endloop
  endfacet
  facet normal 0.584755 0.81121 0
    outer loop
      vertex 4.60899 5.85168 13.2242
      vertex 4.814 5.7039 5.6
      vertex 4.60899 5.85168 5.6
    endloop
  endfacet
  facet normal 0.748519 0.663113 -0
    outer loop
      vertex 4.98233 5.51389 5.6
      vertex 4.814 5.7039 13.2239
      vertex 4.98233 5.51389 13.2272
    endloop
  endfacet
  facet normal 0.748519 0.663113 0
    outer loop
      vertex 4.814 5.7039 13.2239
      vertex 4.98233 5.51389 5.6
      vertex 4.814 5.7039 5.6
    endloop
  endfacet
  facet normal 0.870595 0.492001 -0
    outer loop
      vertex 5.11734 5.27499 5.6
      vertex 4.98233 5.51389 13.2272
      vertex 5.11734 5.27499 13.2344
    endloop
  endfacet
  facet normal 0.870595 0.492001 0
    outer loop
      vertex 4.98233 5.51389 13.2272
      vertex 5.11734 5.27499 5.6
      vertex 4.98233 5.51389 5.6
    endloop
  endfacet
  facet normal 0.941901 0.335891 -0
    outer loop
      vertex 5.22234 4.98055 5.6
      vertex 5.11734 5.27499 13.2344
      vertex 5.22234 4.98055 13.2456
    endloop
  endfacet
  facet normal 0.941901 0.335891 0
    outer loop
      vertex 5.11734 5.27499 13.2344
      vertex 5.22234 4.98055 5.6
      vertex 5.11734 5.27499 5.6
    endloop
  endfacet
  facet normal 0.977808 0.209502 -0
    outer loop
      vertex 5.29733 4.63055 5.6
      vertex 5.22234 4.98055 13.2456
      vertex 5.29733 4.63055 13.2609
    endloop
  endfacet
  facet normal 0.977808 0.209502 0
    outer loop
      vertex 5.22234 4.98055 13.2456
      vertex 5.29733 4.63055 5.6
      vertex 5.22234 4.98055 5.6
    endloop
  endfacet
  facet normal 0.9939 0.110281 -0
    outer loop
      vertex 5.34233 4.22499 5.6
      vertex 5.29733 4.63055 13.2609
      vertex 5.34233 4.22499 13.2802
    endloop
  endfacet
  facet normal 0.9939 0.110281 0
    outer loop
      vertex 5.29733 4.63055 13.2609
      vertex 5.34233 4.22499 5.6
      vertex 5.29733 4.63055 5.6
    endloop
  endfacet
  facet normal 0.999471 0.0325136 7.63263e-09
    outer loop
      vertex 5.35733 3.76389 5.6
      vertex 5.34233 4.22499 13.2802
      vertex 5.35726 3.76604 13.3035
    endloop
  endfacet
  facet normal 0.99947 0.0325409 -0
    outer loop
      vertex 5.35733 3.76389 5.6
      vertex 5.35726 3.76604 13.3035
      vertex 5.35733 3.76389 13.3036
    endloop
  endfacet
  facet normal 0.999471 0.0325137 0
    outer loop
      vertex 5.34233 4.22499 13.2802
      vertex 5.35733 3.76389 5.6
      vertex 5.34233 4.22499 5.6
    endloop
  endfacet
  facet normal 1 0 0
    outer loop
      vertex 5.35733 3.51389 5.6
      vertex 5.35733 3.76389 13.3036
      vertex 5.35733 3.51389 13.3141
    endloop
  endfacet
  facet normal 1 0 0
    outer loop
      vertex 5.35733 3.76389 13.3036
      vertex 5.35733 3.51389 5.6
      vertex 5.35733 3.76389 5.6
    endloop
  endfacet
  facet normal 0.999349 -0.0360715 0
    outer loop
      vertex 5.34206 3.09084 5.6
      vertex 5.35733 3.51389 13.3141
      vertex 5.34206 3.09084 13.3324
    endloop
  endfacet
  facet normal 0.999349 -0.0360715 0
    outer loop
      vertex 5.35733 3.51389 13.3141
      vertex 5.34206 3.09084 5.6
      vertex 5.35733 3.51389 5.6
    endloop
  endfacet
  facet normal 0.992379 -0.123221 0
    outer loop
      vertex 5.29622 2.72166 5.6
      vertex 5.34206 3.09084 13.3324
      vertex 5.29622 2.72166 13.3494
    endloop
  endfacet
  facet normal 0.992379 -0.123221 0
    outer loop
      vertex 5.34206 3.09084 13.3324
      vertex 5.29622 2.72166 5.6
      vertex 5.34206 3.09084 5.6
    endloop
  endfacet
  facet normal 0.971871 -0.235515 0
    outer loop
      vertex 5.21982 2.40639 5.6
      vertex 5.29622 2.72166 13.3494
      vertex 5.21982 2.40639 13.3652
    endloop
  endfacet
  facet normal 0.971871 -0.235515 0
    outer loop
      vertex 5.29622 2.72166 13.3494
      vertex 5.21982 2.40639 5.6
      vertex 5.29622 2.72166 5.6
    endloop
  endfacet
  facet normal 0.925505 -0.378735 0
    outer loop
      vertex 5.11285 2.14499 5.6
      vertex 5.21982 2.40639 13.3652
      vertex 5.11285 2.14499 13.3797
    endloop
  endfacet
  facet normal 0.925505 -0.378735 0
    outer loop
      vertex 5.21982 2.40639 13.3652
      vertex 5.11285 2.14499 5.6
      vertex 5.21982 2.40639 5.6
    endloop
  endfacet
  facet normal 0.833543 -0.552455 0
    outer loop
      vertex 4.97533 1.9375 5.6
      vertex 5.11285 2.14499 13.3797
      vertex 4.97533 1.9375 13.393
    endloop
  endfacet
  facet normal 0.833543 -0.552455 0
    outer loop
      vertex 5.11285 2.14499 13.3797
      vertex 4.97533 1.9375 5.6
      vertex 5.11285 2.14499 5.6
    endloop
  endfacet
  facet normal 0.692811 -0.721119 0
    outer loop
      vertex 4.80618 1.77499 5.6
      vertex 4.97533 1.9375 13.393
      vertex 4.80618 1.77499 13.4054
    endloop
  endfacet
  facet normal 0.692811 -0.721119 0
    outer loop
      vertex 4.97533 1.9375 13.393
      vertex 4.80618 1.77499 5.6
      vertex 4.97533 1.9375 5.6
    endloop
  endfacet
  facet normal 0.530584 -0.847633 0
    outer loop
      vertex 4.60425 1.64859 5.6
      vertex 4.80618 1.77499 13.4054
      vertex 4.60425 1.64859 13.4174
    endloop
  endfacet
  facet normal 0.530584 -0.847633 0
    outer loop
      vertex 4.80618 1.77499 13.4054
      vertex 4.60425 1.64859 5.6
      vertex 4.80618 1.77499 5.6
    endloop
  endfacet
  facet normal 0.358942 -0.93336 0
    outer loop
      vertex 4.36952 1.55832 5.6
      vertex 4.60425 1.64859 13.4174
      vertex 4.36952 1.55832 13.4289
    endloop
  endfacet
  facet normal 0.358942 -0.93336 0
    outer loop
      vertex 4.60425 1.64859 13.4174
      vertex 4.36952 1.55832 5.6
      vertex 4.60425 1.64859 5.6
    endloop
  endfacet
  facet normal 0.198476 -0.980106 0
    outer loop
      vertex 4.10202 1.50415 5.6
      vertex 4.36952 1.55832 13.4289
      vertex 4.10202 1.50415 13.44
    endloop
  endfacet
  facet normal 0.198476 -0.980106 0
    outer loop
      vertex 4.36952 1.55832 13.4289
      vertex 4.10202 1.50415 5.6
      vertex 4.36952 1.55832 5.6
    endloop
  endfacet
  facet normal 0.0600003 -0.998198 0
    outer loop
      vertex 3.80173 1.4861 5.6
      vertex 4.10202 1.50415 13.44
      vertex 3.80173 1.4861 13.4507
    endloop
  endfacet
  facet normal 0.0600003 -0.998198 0
    outer loop
      vertex 4.10202 1.50415 13.44
      vertex 3.80173 1.4861 5.6
      vertex 4.10202 1.50415 5.6
    endloop
  endfacet
  facet normal -0.166908 -0.985972 7.6554e-07
    outer loop
      vertex 3.26674 1.57664 5.6
      vertex 3.34871 1.56277 13.4604
      vertex 3.28946 1.5728 13.4603
    endloop
  endfacet
  facet normal -0.166852 -0.985982 1.6019e-07
    outer loop
      vertex 3.34871 1.56277 13.4604
      vertex 3.26674 1.57664 5.6
      vertex 3.41519 1.55152 13.4603
    endloop
  endfacet
  facet normal -0.166651 -0.986016 0
    outer loop
      vertex 3.26674 1.57664 5.6
      vertex 3.28946 1.5728 13.4603
      vertex 3.26674 1.57664 13.4603
    endloop
  endfacet
  facet normal -0.167099 -0.98594 4.96106e-06
    outer loop
      vertex 3.41519 1.55152 13.4603
      vertex 3.26674 1.57664 5.6
      vertex 3.43236 1.54861 13.4603
    endloop
  endfacet
  facet normal -0.166862 -0.98598 -1.81553e-07
    outer loop
      vertex 3.43236 1.54861 13.4603
      vertex 3.26674 1.57664 5.6
      vertex 3.80173 1.4861 13.4507
    endloop
  endfacet
  facet normal -0.166864 -0.98598 -0
    outer loop
      vertex 3.80173 1.4861 13.4507
      vertex 3.26674 1.57664 5.6
      vertex 3.80173 1.4861 5.6
    endloop
  endfacet
  facet normal -0.20514 0.977484 -0.0494238
    outer loop
      vertex 13.4116 -0.0329951 13.1866
      vertex 13.3932 -0.0367909 13.1879
      vertex 13.4041 -0.0345337 13.1873
    endloop
  endfacet
  facet normal -0.202039 0.979377 -3.56252e-06
    outer loop
      vertex 13.0977 -0.0977783 5.6
      vertex 13.3932 -0.0367909 13.1879
      vertex 13.4116 -0.0329951 13.1866
    endloop
  endfacet
  facet normal -0.20215 0.979355 1.20461e-06
    outer loop
      vertex 13.0977 -0.0977783 5.6
      vertex 13.4116 -0.0329951 13.1866
      vertex 13.6952 0.0255432 13.1596
    endloop
  endfacet
  facet normal -0.202135 0.979358 0
    outer loop
      vertex 13.0977 -0.0977783 5.6
      vertex 13.6952 0.0255432 13.1596
      vertex 13.6952 0.0255432 5.6
    endloop
  endfacet
  facet normal -0.202127 0.979359 0
    outer loop
      vertex 13.3932 -0.0367909 13.1879
      vertex 13.0977 -0.0977783 5.6
      vertex 13.0977 -0.0977783 13.2026
    endloop
  endfacet
  facet normal -0.355633 0.934626 0
    outer loop
      vertex 13.6952 0.0255432 5.6
      vertex 14.2354 0.231094 13.1032
      vertex 14.2354 0.231094 5.6
    endloop
  endfacet
  facet normal -0.355633 0.934626 0
    outer loop
      vertex 14.2354 0.231094 13.1032
      vertex 13.6952 0.0255432 5.6
      vertex 13.6952 0.0255432 13.1596
    endloop
  endfacet
  facet normal -0.511794 0.859108 0
    outer loop
      vertex 14.2354 0.231094 5.6
      vertex 14.7185 0.51889 13.0472
      vertex 14.7185 0.51889 5.6
    endloop
  endfacet
  facet normal -0.511794 0.859108 0
    outer loop
      vertex 14.7185 0.51889 13.0472
      vertex 14.2354 0.231094 5.6
      vertex 14.2354 0.231094 13.1032
    endloop
  endfacet
  facet normal -0.65591 0.754839 0
    outer loop
      vertex 14.7185 0.51889 5.6
      vertex 15.1443 0.888885 12.9918
      vertex 15.1443 0.888885 5.6
    endloop
  endfacet
  facet normal -0.65591 0.754839 0
    outer loop
      vertex 15.1443 0.888885 12.9918
      vertex 14.7185 0.51889 5.6
      vertex 14.7185 0.51889 13.0472
    endloop
  endfacet
  facet normal -0.77998 0.625804 0
    outer loop
      vertex 15.1443 0.888885 5.6
      vertex 15.5018 1.33446 12.9381
      vertex 15.5018 1.33446 5.6
    endloop
  endfacet
  facet normal -0.77998 0.625804 0
    outer loop
      vertex 15.5018 1.33446 12.9381
      vertex 15.1443 0.888885 5.6
      vertex 15.1443 0.888885 12.9918
    endloop
  endfacet
  facet normal -0.879693 0.475542 0
    outer loop
      vertex 15.5018 1.33446 5.6
      vertex 15.7799 1.84891 12.8875
      vertex 15.7799 1.84891 5.6
    endloop
  endfacet
  facet normal -0.879693 0.475542 0
    outer loop
      vertex 15.7799 1.84891 12.8875
      vertex 15.5018 1.33446 5.6
      vertex 15.5018 1.33446 12.9381
    endloop
  endfacet
  facet normal -0.946642 0.322287 0
    outer loop
      vertex 15.7799 1.84891 5.6
      vertex 15.9785 2.43225 12.84
      vertex 15.9785 2.43225 5.6
    endloop
  endfacet
  facet normal -0.946642 0.322287 0
    outer loop
      vertex 15.9785 2.43225 12.84
      vertex 15.7799 1.84891 5.6
      vertex 15.7799 1.84891 12.8875
    endloop
  endfacet
  facet normal -0.983706 0.179783 0
    outer loop
      vertex 15.9785 2.43225 5.6
      vertex 16.0977 3.08447 12.7955
      vertex 16.0977 3.08447 5.6
    endloop
  endfacet
  facet normal -0.983706 0.179783 0
    outer loop
      vertex 16.0977 3.08447 12.7955
      vertex 15.9785 2.43225 5.6
      vertex 15.9785 2.43225 12.84
    endloop
  endfacet
  facet normal -0.998488 0.05497 0
    outer loop
      vertex 16.0977 3.08447 5.6
      vertex 16.1374 3.80559 12.7541
      vertex 16.1374 3.80559 5.6
    endloop
  endfacet
  facet normal -0.998488 0.05497 0
    outer loop
      vertex 16.1374 3.80559 12.7541
      vertex 16.0977 3.08447 5.6
      vertex 16.0977 3.08447 12.7955
    endloop
  endfacet
  facet normal -0.999256 -0.0385663 0
    outer loop
      vertex 16.1374 3.80559 5.6
      vertex 16.1185 4.29529 12.7299
      vertex 16.1185 4.29529 5.6
    endloop
  endfacet
  facet normal -0.999256 -0.0385663 0
    outer loop
      vertex 16.1185 4.29529 12.7299
      vertex 16.1374 3.80559 5.6
      vertex 16.1374 3.80559 12.7541
    endloop
  endfacet
  facet normal -0.992425 -0.122851 0
    outer loop
      vertex 16.1185 4.29529 5.6
      vertex 16.0618 4.75333 12.7105
      vertex 16.0618 4.75333 5.6
    endloop
  endfacet
  facet normal -0.992425 -0.122851 0
    outer loop
      vertex 16.0618 4.75333 12.7105
      vertex 16.1185 4.29529 5.6
      vertex 16.1185 4.29529 12.7299
    endloop
  endfacet
  facet normal -0.976356 -0.216169 0
    outer loop
      vertex 16.0618 4.75333 5.6
      vertex 15.9674 5.1797 12.6938
      vertex 15.9674 5.1797 5.6
    endloop
  endfacet
  facet normal -0.976365 -0.216126 -2.71538e-06
    outer loop
      vertex 15.9674 5.1797 12.6938
      vertex 16.0618 4.75333 5.6
      vertex 16.0607 4.75821 12.7103
    endloop
  endfacet
  facet normal -0.975524 -0.219893 0
    outer loop
      vertex 16.0607 4.75821 12.7103
      vertex 16.0618 4.75333 5.6
      vertex 16.0618 4.75333 12.7105
    endloop
  endfacet
  facet normal -0.948231 -0.317582 0
    outer loop
      vertex 15.9674 5.1797 5.6
      vertex 15.8352 5.57442 12.6829
      vertex 15.8352 5.57442 5.6
    endloop
  endfacet
  facet normal -0.948231 -0.317582 0
    outer loop
      vertex 15.8352 5.57442 12.6829
      vertex 15.9674 5.1797 5.6
      vertex 15.9674 5.1797 12.6938
    endloop
  endfacet
  facet normal -0.905645 -0.424038 0
    outer loop
      vertex 15.8352 5.57442 5.6
      vertex 15.6652 5.9375 12.6776
      vertex 15.6652 5.9375 5.6
    endloop
  endfacet
  facet normal -0.905645 -0.424038 0
    outer loop
      vertex 15.6652 5.9375 12.6776
      vertex 15.8352 5.57442 5.6
      vertex 15.8352 5.57442 12.6829
    endloop
  endfacet
  facet normal -0.85257 -0.522613 0
    outer loop
      vertex 15.6652 5.9375 5.6
      vertex 15.4624 6.26834 12.6776
      vertex 15.4624 6.26834 5.6
    endloop
  endfacet
  facet normal -0.85257 -0.522613 0
    outer loop
      vertex 15.4624 6.26834 12.6776
      vertex 15.6652 5.9375 5.6
      vertex 15.6652 5.9375 12.6776
    endloop
  endfacet
  facet normal -0.791063 -0.611735 -0
    outer loop
      vertex 15.4624 6.26834 12.6776
      vertex 15.2319 6.56641 5.6
      vertex 15.4624 6.26834 5.6
    endloop
  endfacet
  facet normal -0.791063 -0.611735 0
    outer loop
      vertex 15.2319 6.56641 5.6
      vertex 15.4624 6.26834 12.6776
      vertex 15.2319 6.56641 12.6823
    endloop
  endfacet
  facet normal -0.716322 -0.69777 -0
    outer loop
      vertex 15.2319 6.56641 12.6823
      vertex 14.9735 6.83168 5.6
      vertex 15.2319 6.56641 5.6
    endloop
  endfacet
  facet normal -0.716322 -0.69777 0
    outer loop
      vertex 14.9735 6.83168 5.6
      vertex 15.2319 6.56641 12.6823
      vertex 14.9735 6.83168 12.6918
    endloop
  endfacet
  facet normal -0.630739 -0.775995 0
    outer loop
      vertex 14.6874 7.06418 5.6
      vertex 14.8708 6.91511 12.6969
      vertex 14.6874 7.06418 12.7046
    endloop
  endfacet
  facet normal -0.63053 -0.776165 -8.96253e-06
    outer loop
      vertex 14.8708 6.91511 12.6969
      vertex 14.6874 7.06418 5.6
      vertex 14.9735 6.83168 12.6918
    endloop
  endfacet
  facet normal -0.630664 -0.776056 -0
    outer loop
      vertex 14.9735 6.83168 12.6918
      vertex 14.6874 7.06418 5.6
      vertex 14.9735 6.83168 5.6
    endloop
  endfacet
  facet normal -0.53679 -0.843716 0
    outer loop
      vertex 14.3735 7.26389 5.6
      vertex 14.6874 7.06418 12.7046
      vertex 14.3735 7.26389 12.7205
    endloop
  endfacet
  facet normal -0.53679 -0.843716 -0
    outer loop
      vertex 14.6874 7.06418 12.7046
      vertex 14.3735 7.26389 5.6
      vertex 14.6874 7.06418 5.6
    endloop
  endfacet
  facet normal -0.438874 -0.898549 0
    outer loop
      vertex 14.0357 7.42888 5.6
      vertex 14.3735 7.26389 12.7205
      vertex 14.0357 7.42888 12.7403
    endloop
  endfacet
  facet normal -0.438874 -0.898549 -0
    outer loop
      vertex 14.3735 7.26389 12.7205
      vertex 14.0357 7.42888 5.6
      vertex 14.3735 7.26389 5.6
    endloop
  endfacet
  facet normal -0.337606 -0.941288 0
    outer loop
      vertex 13.6779 7.55721 5.6
      vertex 14.0357 7.42888 12.7403
      vertex 13.6779 7.55721 12.7637
    endloop
  endfacet
  facet normal -0.337606 -0.941288 -0
    outer loop
      vertex 14.0357 7.42888 12.7403
      vertex 13.6779 7.55721 5.6
      vertex 14.0357 7.42888 5.6
    endloop
  endfacet
  facet normal -0.236199 -0.971705 0
    outer loop
      vertex 13.3002 7.64886 5.6
      vertex 13.3392 7.63938 12.788
      vertex 13.3002 7.64886 12.7905
    endloop
  endfacet
  facet normal -0.235765 -0.97181 -2.49225e-06
    outer loop
      vertex 13.3392 7.63938 12.788
      vertex 13.3002 7.64886 5.6
      vertex 13.6779 7.55721 12.7637
    endloop
  endfacet
  facet normal -0.23581 -0.971799 -0
    outer loop
      vertex 13.6779 7.55721 12.7637
      vertex 13.3002 7.64886 5.6
      vertex 13.6779 7.55721 5.6
    endloop
  endfacet
  facet normal -0.136968 -0.990576 0
    outer loop
      vertex 12.9024 7.70386 5.6
      vertex 13.1846 7.66484 12.7957
      vertex 12.9024 7.70386 12.8047
    endloop
  endfacet
  facet normal -0.136933 -0.99058 -1.3742e-06
    outer loop
      vertex 13.3002 7.64886 12.7905
      vertex 13.1846 7.66484 12.7957
      vertex 12.9024 7.70386 5.6
    endloop
  endfacet
  facet normal -0.136571 -0.990597 0.00810055
    outer loop
      vertex 13.1846 7.66484 12.7957
      vertex 13.3002 7.64886 12.7905
      vertex 13.2768 7.6521 12.7922
    endloop
  endfacet
  facet normal -0.136958 -0.990577 -0
    outer loop
      vertex 13.3002 7.64886 12.7905
      vertex 12.9024 7.70386 5.6
      vertex 13.3002 7.64886 5.6
    endloop
  endfacet
  facet normal -0.0438544 -0.999038 0
    outer loop
      vertex 12.4846 7.7222 5.6
      vertex 12.9024 7.70386 12.8047
      vertex 12.4846 7.7222 12.82
    endloop
  endfacet
  facet normal -0.0438544 -0.999038 -0
    outer loop
      vertex 12.9024 7.70386 12.8047
      vertex 12.4846 7.7222 5.6
      vertex 12.9024 7.70386 5.6
    endloop
  endfacet
  facet normal 0.0613852 -0.998114 0
    outer loop
      vertex 11.8251 7.68164 5.6
      vertex 12.4846 7.7222 12.82
      vertex 11.8251 7.68164 12.8478
    endloop
  endfacet
  facet normal 0.0613852 -0.998114 0
    outer loop
      vertex 12.4846 7.7222 12.82
      vertex 11.8251 7.68164 5.6
      vertex 12.4846 7.7222 5.6
    endloop
  endfacet
  facet normal 0.198579 -0.980085 0
    outer loop
      vertex 11.2246 7.55997 5.6
      vertex 11.8251 7.68164 12.8478
      vertex 11.2246 7.55997 12.8775
    endloop
  endfacet
  facet normal 0.198579 -0.980085 0
    outer loop
      vertex 11.8251 7.68164 12.8478
      vertex 11.2246 7.55997 5.6
      vertex 11.8251 7.68164 5.6
    endloop
  endfacet
  facet normal 0.350582 -0.936532 0
    outer loop
      vertex 10.6829 7.35719 5.6
      vertex 11.2246 7.55997 12.8775
      vertex 10.6829 7.35719 12.9092
    endloop
  endfacet
  facet normal 0.350582 -0.936532 0
    outer loop
      vertex 11.2246 7.55997 12.8775
      vertex 10.6829 7.35719 5.6
      vertex 11.2246 7.55997 5.6
    endloop
  endfacet
  facet normal 0.506952 -0.861974 0
    outer loop
      vertex 10.2002 7.0733 5.6
      vertex 10.6829 7.35719 12.9092
      vertex 10.2002 7.0733 12.9428
    endloop
  endfacet
  facet normal 0.506952 -0.861974 0
    outer loop
      vertex 10.6829 7.35719 12.9092
      vertex 10.2002 7.0733 5.6
      vertex 10.6829 7.35719 5.6
    endloop
  endfacet
  facet normal 0.65248 -0.757806 0
    outer loop
      vertex 9.77628 6.7083 5.6
      vertex 10.2002 7.0733 12.9428
      vertex 9.77628 6.7083 12.9783
    endloop
  endfacet
  facet normal 0.65248 -0.757806 0
    outer loop
      vertex 10.2002 7.0733 12.9428
      vertex 9.77628 6.7083 5.6
      vertex 10.2002 7.0733 5.6
    endloop
  endfacet
  facet normal 0.778671 -0.627433 0
    outer loop
      vertex 9.42128 6.26773 5.6
      vertex 9.77628 6.7083 12.9783
      vertex 9.42128 6.26773 13.015
    endloop
  endfacet
  facet normal 0.778671 -0.627433 0
    outer loop
      vertex 9.77628 6.7083 12.9783
      vertex 9.42128 6.26773 5.6
      vertex 9.77628 6.7083 5.6
    endloop
  endfacet
  facet normal 0.879604 -0.475707 0
    outer loop
      vertex 9.14517 5.75719 5.6
      vertex 9.42128 6.26773 13.015
      vertex 9.14517 5.75719 13.0523
    endloop
  endfacet
  facet normal 0.879604 -0.475707 0
    outer loop
      vertex 9.42128 6.26773 13.015
      vertex 9.14517 5.75719 5.6
      vertex 9.42128 6.26773 5.6
    endloop
  endfacet
  facet normal 0.946854 -0.321664 0
    outer loop
      vertex 8.94795 5.17665 5.6
      vertex 9.14517 5.75719 13.0523
      vertex 8.94795 5.17665 13.0902
    endloop
  endfacet
  facet normal 0.946854 -0.321664 0
    outer loop
      vertex 9.14517 5.75719 13.0523
      vertex 8.94795 5.17665 5.6
      vertex 9.14517 5.75719 5.6
    endloop
  endfacet
  facet normal 0.983856 -0.178961 0
    outer loop
      vertex 8.82962 4.52612 5.6
      vertex 8.94795 5.17665 13.0902
      vertex 8.82962 4.52612 13.1286
    endloop
  endfacet
  facet normal 0.983856 -0.178961 0
    outer loop
      vertex 8.94795 5.17665 13.0902
      vertex 8.82962 4.52612 5.6
      vertex 8.94795 5.17665 5.6
    endloop
  endfacet
  facet normal 0.998505 -0.0546557 0
    outer loop
      vertex 8.79018 3.80559 5.6
      vertex 8.82962 4.52612 13.1286
      vertex 8.79018 3.80559 13.1676
    endloop
  endfacet
  facet normal 0.998505 -0.0546557 0
    outer loop
      vertex 8.82962 4.52612 13.1286
      vertex 8.79018 3.80559 5.6
      vertex 8.82962 4.52612 5.6
    endloop
  endfacet
  facet normal 0.999259 0.0385004 -0
    outer loop
      vertex 8.80907 3.31531 5.6
      vertex 8.79018 3.80559 13.1676
      vertex 8.80907 3.31531 13.1924
    endloop
  endfacet
  facet normal 0.999259 0.0385004 0
    outer loop
      vertex 8.79018 3.80559 13.1676
      vertex 8.80907 3.31531 5.6
      vertex 8.79018 3.80559 5.6
    endloop
  endfacet
  facet normal 0.992493 0.122299 -0
    outer loop
      vertex 8.86572 2.85558 5.6
      vertex 8.80907 3.31531 13.1924
      vertex 8.86572 2.85558 13.214
    endloop
  endfacet
  facet normal 0.992493 0.122299 0
    outer loop
      vertex 8.80907 3.31531 13.1924
      vertex 8.86572 2.85558 5.6
      vertex 8.80907 3.31531 5.6
    endloop
  endfacet
  facet normal 0.976631 0.214923 -0
    outer loop
      vertex 8.96017 2.42639 5.6
      vertex 8.86572 2.85558 13.214
      vertex 8.96017 2.42639 13.2327
    endloop
  endfacet
  facet normal 0.976631 0.214923 0
    outer loop
      vertex 8.86572 2.85558 13.214
      vertex 8.96017 2.42639 5.6
      vertex 8.86572 2.85558 5.6
    endloop
  endfacet
  facet normal 0.949149 0.314827 -0
    outer loop
      vertex 9.09239 2.02777 5.6
      vertex 8.96017 2.42639 13.2327
      vertex 9.09239 2.02777 13.2482
    endloop
  endfacet
  facet normal 0.949149 0.314827 0
    outer loop
      vertex 8.96017 2.42639 13.2327
      vertex 9.09239 2.02777 5.6
      vertex 8.96017 2.42639 5.6
    endloop
  endfacet
  facet normal 0.907864 0.419265 -0
    outer loop
      vertex 9.26237 1.6597 5.6
      vertex 9.09239 2.02777 13.2482
      vertex 9.26237 1.6597 13.2607
    endloop
  endfacet
  facet normal 0.907864 0.419265 0
    outer loop
      vertex 9.09239 2.02777 13.2482
      vertex 9.26237 1.6597 5.6
      vertex 9.09239 2.02777 5.6
    endloop
  endfacet
  facet normal 0.855743 0.517401 -0
    outer loop
      vertex 9.46542 1.32387 5.6
      vertex 9.26237 1.6597 13.2607
      vertex 9.46542 1.32387 13.2703
    endloop
  endfacet
  facet normal 0.855743 0.517401 0
    outer loop
      vertex 9.26237 1.6597 13.2607
      vertex 9.46542 1.32387 5.6
      vertex 9.26237 1.6597 5.6
    endloop
  endfacet
  facet normal 0.793668 0.608351 0
    outer loop
      vertex 9.5035 1.27419 13.2714
      vertex 9.46542 1.32387 5.6
      vertex 9.46542 1.32387 13.2703
    endloop
  endfacet
  facet normal 0.793742 0.608254 -0
    outer loop
      vertex 9.69681 1.02193 5.6
      vertex 9.5035 1.27419 13.2714
      vertex 9.69681 1.02193 13.2756
    endloop
  endfacet
  facet normal 0.79373 0.60827 -8.29264e-07
    outer loop
      vertex 9.5035 1.27419 13.2714
      vertex 9.69681 1.02193 5.6
      vertex 9.46542 1.32387 5.6
    endloop
  endfacet
  facet normal 0.718183 0.695854 -0
    outer loop
      vertex 9.95653 0.753876 5.6
      vertex 9.69681 1.02193 13.2756
      vertex 9.95653 0.753876 13.2783
    endloop
  endfacet
  facet normal 0.718183 0.695854 0
    outer loop
      vertex 9.69681 1.02193 13.2756
      vertex 9.95653 0.753876 5.6
      vertex 9.69681 1.02193 5.6
    endloop
  endfacet
  facet normal 0.630788 0.775956 -0
    outer loop
      vertex 10.2446 0.519699 5.6
      vertex 9.95653 0.753876 13.2783
      vertex 10.2446 0.519699 13.2786
    endloop
  endfacet
  facet normal 0.630788 0.775956 0
    outer loop
      vertex 9.95653 0.753876 13.2783
      vertex 10.2446 0.519699 5.6
      vertex 9.95653 0.753876 5.6
    endloop
  endfacet
  facet normal 0.534891 0.844921 -0
    outer loop
      vertex 10.561 0.319397 5.6
      vertex 10.2446 0.519699 13.2786
      vertex 10.561 0.319397 13.2766
    endloop
  endfacet
  facet normal 0.534891 0.844921 0
    outer loop
      vertex 10.2446 0.519699 13.2786
      vertex 10.561 0.319397 5.6
      vertex 10.2446 0.519699 5.6
    endloop
  endfacet
  facet normal 0.436895 0.899512 0
    outer loop
      vertex 10.561 0.319397 5.6
      vertex 10.9007 0.154404 13.2723
      vertex 10.9007 0.154404 5.6
    endloop
  endfacet
  facet normal 0.436895 0.899512 0
    outer loop
      vertex 10.9007 0.154404 13.2723
      vertex 10.561 0.319397 5.6
      vertex 10.561 0.319397 13.2766
    endloop
  endfacet
  facet normal 0.337348 0.94138 0
    outer loop
      vertex 10.9007 0.154404 5.6
      vertex 11.2588 0.0260773 13.2659
      vertex 11.2588 0.0260773 5.6
    endloop
  endfacet
  facet normal 0.337348 0.94138 0
    outer loop
      vertex 11.2588 0.0260773 13.2659
      vertex 10.9007 0.154404 5.6
      vertex 10.9007 0.154404 13.2723
    endloop
  endfacet
  facet normal 0.236565 0.971616 0
    outer loop
      vertex 11.2588 0.0260773 5.6
      vertex 11.6352 -0.065567 13.2574
      vertex 11.6352 -0.065567 5.6
    endloop
  endfacet
  facet normal 0.236565 0.971616 0
    outer loop
      vertex 11.6352 -0.065567 13.2574
      vertex 11.2588 0.0260773 5.6
      vertex 11.2588 0.0260773 13.2659
    endloop
  endfacet
  facet normal 0.137998 0.990433 -1.01583e-07
    outer loop
      vertex 11.6352 -0.065567 5.6
      vertex 11.7622 -0.0832612 13.2539
      vertex 12.0299 -0.12056 13.2454
    endloop
  endfacet
  facet normal 0.137996 0.990433 0
    outer loop
      vertex 11.6352 -0.065567 5.6
      vertex 12.0299 -0.12056 13.2454
      vertex 12.0299 -0.12056 5.6
    endloop
  endfacet
  facet normal 0.137992 0.990433 0
    outer loop
      vertex 11.7622 -0.0832612 13.2539
      vertex 11.6352 -0.065567 5.6
      vertex 11.6352 -0.065567 13.2574
    endloop
  endfacet
  facet normal 0.0443161 0.999018 0
    outer loop
      vertex 12.0299 -0.12056 5.6
      vertex 12.443 -0.138885 13.2303
      vertex 12.443 -0.138885 5.6
    endloop
  endfacet
  facet normal 0.0443161 0.999018 0
    outer loop
      vertex 12.443 -0.138885 13.2303
      vertex 12.0299 -0.12056 5.6
      vertex 12.0299 -0.12056 13.2454
    endloop
  endfacet
  facet normal -0.0626637 0.998035 0
    outer loop
      vertex 12.443 -0.138885 5.6
      vertex 13.0977 -0.0977783 13.2026
      vertex 13.0977 -0.0977783 5.6
    endloop
  endfacet
  facet normal -0.0626637 0.998035 0
    outer loop
      vertex 13.0977 -0.0977783 13.2026
      vertex 12.443 -0.138885 5.6
      vertex 12.443 -0.138885 13.2303
    endloop
  endfacet
  facet normal -0.241861 -0.970311 0
    outer loop
      vertex 11.8785 1.62001 5.6
      vertex 12.156 1.55084 13.1536
      vertex 11.8785 1.62001 13.1608
    endloop
  endfacet
  facet normal -0.241861 -0.970311 -0
    outer loop
      vertex 12.156 1.55084 13.1536
      vertex 11.8785 1.62001 5.6
      vertex 12.156 1.55084 5.6
    endloop
  endfacet
  facet normal -0.432536 -0.901617 0
    outer loop
      vertex 11.6382 1.73529 5.6
      vertex 11.8785 1.62001 13.1608
      vertex 11.6382 1.73529 13.1642
    endloop
  endfacet
  facet normal -0.432536 -0.901617 -0
    outer loop
      vertex 11.8785 1.62001 13.1608
      vertex 11.6382 1.73529 5.6
      vertex 11.8785 1.62001 5.6
    endloop
  endfacet
  facet normal -0.62213 -0.782914 0
    outer loop
      vertex 11.4351 1.89668 5.6
      vertex 11.6382 1.73529 13.1642
      vertex 11.4351 1.89668 13.1637
    endloop
  endfacet
  facet normal -0.62213 -0.782914 -0
    outer loop
      vertex 11.6382 1.73529 13.1642
      vertex 11.4351 1.89668 5.6
      vertex 11.6382 1.73529 5.6
    endloop
  endfacet
  facet normal -0.781251 -0.624217 0
    outer loop
      vertex 11.4351 1.89668 5.6
      vertex 11.2693 2.10419 13.1594
      vertex 11.2693 2.10419 5.6
    endloop
  endfacet
  facet normal -0.781251 -0.624217 0
    outer loop
      vertex 11.2693 2.10419 13.1594
      vertex 11.4351 1.89668 5.6
      vertex 11.4351 1.89668 13.1637
    endloop
  endfacet
  facet normal -0.885488 -0.464662 0
    outer loop
      vertex 11.2693 2.10419 5.6
      vertex 11.1368 2.35669 13.1514
      vertex 11.1368 2.35669 5.6
    endloop
  endfacet
  facet normal -0.885488 -0.464662 0
    outer loop
      vertex 11.1368 2.35669 13.1514
      vertex 11.2693 2.10419 5.6
      vertex 11.2693 2.10419 13.1594
    endloop
  endfacet
  facet normal -0.944591 -0.328249 0
    outer loop
      vertex 11.1368 2.35669 5.6
      vertex 11.0338 2.65309 13.1401
      vertex 11.0338 2.65309 5.6
    endloop
  endfacet
  facet normal -0.944591 -0.328249 0
    outer loop
      vertex 11.0338 2.65309 13.1401
      vertex 11.1368 2.35669 5.6
      vertex 11.1368 2.35669 13.1514
    endloop
  endfacet
  facet normal -0.977397 -0.21141 0
    outer loop
      vertex 11.0338 2.65309 5.6
      vertex 10.9602 2.99336 13.1252
      vertex 10.9602 2.99336 5.6
    endloop
  endfacet
  facet normal -0.977397 -0.21141 0
    outer loop
      vertex 10.9602 2.99336 13.1252
      vertex 11.0338 2.65309 5.6
      vertex 11.0338 2.65309 13.1401
    endloop
  endfacet
  facet normal -0.993446 -0.114299 0
    outer loop
      vertex 10.9602 2.99336 5.6
      vertex 10.916 3.37753 13.107
      vertex 10.916 3.37753 5.6
    endloop
  endfacet
  facet normal -0.993446 -0.114299 0
    outer loop
      vertex 10.916 3.37753 13.107
      vertex 10.9602 2.99336 5.6
      vertex 10.9602 2.99336 13.1252
    endloop
  endfacet
  facet normal -0.999411 -0.0343207 0
    outer loop
      vertex 10.916 3.37753 5.6
      vertex 10.9013 3.80559 13.0853
      vertex 10.9013 3.80559 5.6
    endloop
  endfacet
  facet normal -0.999411 -0.0343207 0
    outer loop
      vertex 10.9013 3.80559 13.0853
      vertex 10.916 3.37753 5.6
      vertex 10.916 3.37753 13.107
    endloop
  endfacet
  facet normal -0.999409 0.0343657 0
    outer loop
      vertex 10.9013 3.80559 5.6
      vertex 10.916 4.23309 13.0625
      vertex 10.916 4.23309 5.6
    endloop
  endfacet
  facet normal -0.999409 0.0343657 0
    outer loop
      vertex 10.916 4.23309 13.0625
      vertex 10.9013 3.80559 5.6
      vertex 10.9013 3.80559 13.0853
    endloop
  endfacet
  facet normal -0.99339 0.114792 0
    outer loop
      vertex 10.916 4.23309 5.6
      vertex 10.9602 4.61559 13.0409
      vertex 10.9602 4.61559 5.6
    endloop
  endfacet
  facet normal -0.99339 0.114792 0
    outer loop
      vertex 10.9602 4.61559 13.0409
      vertex 10.916 4.23309 5.6
      vertex 10.916 4.23309 13.0625
    endloop
  endfacet
  facet normal -0.977038 0.213067 0
    outer loop
      vertex 10.9602 4.61559 5.6
      vertex 11.0338 4.95309 13.0205
      vertex 11.0338 4.95309 5.6
    endloop
  endfacet
  facet normal -0.977038 0.213067 0
    outer loop
      vertex 11.0338 4.95309 13.0205
      vertex 10.9602 4.61559 5.6
      vertex 10.9602 4.61559 13.0409
    endloop
  endfacet
  facet normal -0.943228 0.332145 0
    outer loop
      vertex 11.0338 4.95309 5.6
      vertex 11.1368 5.24559 13.0013
      vertex 11.1368 5.24559 5.6
    endloop
  endfacet
  facet normal -0.943228 0.332145 0
    outer loop
      vertex 11.1368 5.24559 13.0013
      vertex 11.0338 4.95309 5.6
      vertex 11.0338 4.95309 13.0205
    endloop
  endfacet
  facet normal -0.881612 0.471974 0
    outer loop
      vertex 11.1368 5.24559 5.6
      vertex 11.2693 5.49309 12.9832
      vertex 11.2693 5.49309 5.6
    endloop
  endfacet
  facet normal -0.881612 0.471974 0
    outer loop
      vertex 11.2693 5.49309 12.9832
      vertex 11.1368 5.24559 5.6
      vertex 11.1368 5.24559 13.0013
    endloop
  endfacet
  facet normal -0.774673 0.632362 0
    outer loop
      vertex 11.2693 5.49309 5.6
      vertex 11.4346 5.69559 12.9663
      vertex 11.4346 5.69559 5.6
    endloop
  endfacet
  facet normal -0.774673 0.632362 0
    outer loop
      vertex 11.4346 5.69559 12.9663
      vertex 11.2693 5.49309 5.6
      vertex 11.2693 5.49309 12.9832
    endloop
  endfacet
  facet normal -0.616023 0.787728 0
    outer loop
      vertex 11.4346 5.69559 5.6
      vertex 11.636 5.85309 12.9502
      vertex 11.636 5.85309 5.6
    endloop
  endfacet
  facet normal -0.616023 0.787728 0
    outer loop
      vertex 11.636 5.85309 12.9502
      vertex 11.4346 5.69559 5.6
      vertex 11.4346 5.69559 12.9663
    endloop
  endfacet
  facet normal -0.428086 0.903738 0
    outer loop
      vertex 11.636 5.85309 5.6
      vertex 11.8735 5.96559 12.9351
      vertex 11.8735 5.96559 5.6
    endloop
  endfacet
  facet normal -0.428086 0.903738 0
    outer loop
      vertex 11.8735 5.96559 12.9351
      vertex 11.636 5.85309 5.6
      vertex 11.636 5.85309 12.9502
    endloop
  endfacet
  facet normal -0.239562 0.970881 0
    outer loop
      vertex 11.8735 5.96559 5.6
      vertex 12.1471 6.0331 12.921
      vertex 12.1471 6.0331 5.6
    endloop
  endfacet
  facet normal -0.239562 0.970881 0
    outer loop
      vertex 12.1471 6.0331 12.921
      vertex 11.8735 5.96559 5.6
      vertex 11.8735 5.96559 12.9351
    endloop
  endfacet
  facet normal -0.0724047 0.997375 0
    outer loop
      vertex 12.1471 6.0331 5.6
      vertex 12.4569 6.05559 12.9077
      vertex 12.4569 6.05559 5.6
    endloop
  endfacet
  facet normal -0.0724047 0.997375 0
    outer loop
      vertex 12.4569 6.05559 12.9077
      vertex 12.1471 6.0331 5.6
      vertex 12.1471 6.0331 12.921
    endloop
  endfacet
  facet normal 0.0712831 0.997456 0
    outer loop
      vertex 12.4569 6.05559 5.6
      vertex 12.7716 6.0331 12.8966
      vertex 12.7716 6.0331 5.6
    endloop
  endfacet
  facet normal 0.0712831 0.997456 0
    outer loop
      vertex 12.7716 6.0331 12.8966
      vertex 12.4569 6.05559 5.6
      vertex 12.4569 6.05559 12.9077
    endloop
  endfacet
  facet normal 0.236385 0.97166 0
    outer loop
      vertex 12.7716 6.0331 5.6
      vertex 13.0491 5.96559 12.8893
      vertex 13.0491 5.96559 5.6
    endloop
  endfacet
  facet normal 0.236385 0.97166 0
    outer loop
      vertex 13.0491 5.96559 12.8893
      vertex 12.7716 6.0331 5.6
      vertex 12.7716 6.0331 12.8966
    endloop
  endfacet
  facet normal 0.42394 0.90569 8.1938e-06
    outer loop
      vertex 13.0491 5.96559 5.6
      vertex 13.2329 5.87949 12.8866
      vertex 13.2893 5.85309 12.8854
    endloop
  endfacet
  facet normal 0.424144 0.905595 0
    outer loop
      vertex 13.0491 5.96559 5.6
      vertex 13.2893 5.85309 12.8854
      vertex 13.2893 5.85309 5.6
    endloop
  endfacet
  facet normal 0.424207 0.905565 0
    outer loop
      vertex 13.2329 5.87949 12.8866
      vertex 13.0491 5.96559 5.6
      vertex 13.0491 5.96559 12.8893
    endloop
  endfacet
  facet normal 0.611269 0.790349 -0.0412162
    outer loop
      vertex 13.3566 5.80094 12.8835
      vertex 13.2893 5.85309 12.8854
      vertex 13.3068 5.83955 12.8853
    endloop
  endfacet
  facet normal 0.612953 0.790119 -6.45593e-06
    outer loop
      vertex 13.2893 5.85309 5.6
      vertex 13.3566 5.80094 12.8835
      vertex 13.4924 5.69559 12.8776
    endloop
  endfacet
  facet normal 0.612809 0.790231 0
    outer loop
      vertex 13.2893 5.85309 5.6
      vertex 13.4924 5.69559 12.8776
      vertex 13.4924 5.69559 5.6
    endloop
  endfacet
  facet normal 0.612517 0.790458 0
    outer loop
      vertex 13.3566 5.80094 12.8835
      vertex 13.2893 5.85309 5.6
      vertex 13.2893 5.85309 12.8854
    endloop
  endfacet
  facet normal 0.773736 0.633508 0
    outer loop
      vertex 13.6582 5.49309 12.8743
      vertex 13.4924 5.69559 5.6
      vertex 13.4924 5.69559 12.8776
    endloop
  endfacet
  facet normal 0.773736 0.633508 0
    outer loop
      vertex 13.4924 5.69559 5.6
      vertex 13.6582 5.49309 12.8743
      vertex 13.6582 5.49309 5.6
    endloop
  endfacet
  facet normal 0.881612 0.471974 0
    outer loop
      vertex 13.7907 5.24559 12.8762
      vertex 13.6582 5.49309 5.6
      vertex 13.6582 5.49309 12.8743
    endloop
  endfacet
  facet normal 0.881612 0.471974 0
    outer loop
      vertex 13.6582 5.49309 5.6
      vertex 13.7907 5.24559 12.8762
      vertex 13.7907 5.24559 5.6
    endloop
  endfacet
  facet normal 0.943127 0.332432 -0
    outer loop
      vertex 13.8938 4.95309 5.6
      vertex 13.7907 5.24559 12.8762
      vertex 13.8938 4.95309 12.8829
    endloop
  endfacet
  facet normal 0.943127 0.332432 0
    outer loop
      vertex 13.7907 5.24559 12.8762
      vertex 13.8938 4.95309 5.6
      vertex 13.7907 5.24559 5.6
    endloop
  endfacet
  facet normal 0.977038 0.213067 -0
    outer loop
      vertex 13.9674 4.61559 5.6
      vertex 13.8938 4.95309 12.8829
      vertex 13.9674 4.61559 12.8945
    endloop
  endfacet
  facet normal 0.977038 0.213067 0
    outer loop
      vertex 13.8938 4.95309 12.8829
      vertex 13.9674 4.61559 5.6
      vertex 13.8938 4.95309 5.6
    endloop
  endfacet
  facet normal 0.99339 0.114792 -0
    outer loop
      vertex 14.0116 4.23309 5.6
      vertex 13.9674 4.61559 12.8945
      vertex 14.0116 4.23309 12.9109
    endloop
  endfacet
  facet normal 0.99339 0.114792 0
    outer loop
      vertex 13.9674 4.61559 12.8945
      vertex 14.0116 4.23309 5.6
      vertex 13.9674 4.61559 5.6
    endloop
  endfacet
  facet normal 0.999409 0.0343657 -0
    outer loop
      vertex 14.0263 3.80559 5.6
      vertex 14.0116 4.23309 12.9109
      vertex 14.0263 3.80559 12.9323
    endloop
  endfacet
  facet normal 0.999409 0.0343657 0
    outer loop
      vertex 14.0116 4.23309 12.9109
      vertex 14.0263 3.80559 5.6
      vertex 14.0116 4.23309 5.6
    endloop
  endfacet
  facet normal 0.999411 -0.0343207 0
    outer loop
      vertex 14.0116 3.37753 5.6
      vertex 14.0263 3.80559 12.9323
      vertex 14.0116 3.37753 12.9561
    endloop
  endfacet
  facet normal 0.999411 -0.0343207 0
    outer loop
      vertex 14.0263 3.80559 12.9323
      vertex 14.0116 3.37753 5.6
      vertex 14.0263 3.80559 5.6
    endloop
  endfacet
  facet normal 0.993446 -0.114299 0
    outer loop
      vertex 13.9674 2.99336 5.6
      vertex 14.0116 3.37753 12.9561
      vertex 13.9674 2.99336 12.9801
    endloop
  endfacet
  facet normal 0.993446 -0.114299 0
    outer loop
      vertex 14.0116 3.37753 12.9561
      vertex 13.9674 2.99336 5.6
      vertex 14.0116 3.37753 5.6
    endloop
  endfacet
  facet normal 0.977397 -0.21141 0
    outer loop
      vertex 13.8938 2.65309 5.6
      vertex 13.9674 2.99336 12.9801
      vertex 13.8938 2.65309 13.0042
    endloop
  endfacet
  facet normal 0.977397 -0.21141 0
    outer loop
      vertex 13.9674 2.99336 12.9801
      vertex 13.8938 2.65309 5.6
      vertex 13.9674 2.99336 5.6
    endloop
  endfacet
  facet normal 0.944492 -0.328533 0
    outer loop
      vertex 13.7907 2.35669 5.6
      vertex 13.8938 2.65309 13.0042
      vertex 13.7907 2.35669 13.0286
    endloop
  endfacet
  facet normal 0.944492 -0.328533 0
    outer loop
      vertex 13.8938 2.65309 13.0042
      vertex 13.7907 2.35669 5.6
      vertex 13.8938 2.65309 5.6
    endloop
  endfacet
  facet normal 0.885488 -0.464662 0
    outer loop
      vertex 13.6582 2.10419 5.6
      vertex 13.7907 2.35669 13.0286
      vertex 13.6582 2.10419 13.0531
    endloop
  endfacet
  facet normal 0.885488 -0.464662 0
    outer loop
      vertex 13.7907 2.35669 13.0286
      vertex 13.6582 2.10419 5.6
      vertex 13.7907 2.35669 5.6
    endloop
  endfacet
  facet normal 0.782169 -0.623066 0
    outer loop
      vertex 13.4929 1.89668 5.6
      vertex 13.6582 2.10419 13.0531
      vertex 13.4929 1.89668 13.078
    endloop
  endfacet
  facet normal 0.782169 -0.623066 0
    outer loop
      vertex 13.6582 2.10419 13.0531
      vertex 13.4929 1.89668 5.6
      vertex 13.6582 2.10419 5.6
    endloop
  endfacet
  facet normal 0.625991 -0.779693 0.0146099
    outer loop
      vertex 13.3941 1.81749 13.0905
      vertex 13.344 1.77736 13.0955
      vertex 13.2915 1.73529 13.0998
    endloop
  endfacet
  facet normal 0.622046 -0.781844 -0.0421784
    outer loop
      vertex 13.344 1.77736 13.0955
      vertex 13.3941 1.81749 13.0905
      vertex 13.3737 1.80113 13.0929
    endloop
  endfacet
  facet normal 0.624815 -0.780736 -0.00758709
    outer loop
      vertex 13.2915 1.73529 13.0998
      vertex 13.4929 1.89668 13.078
      vertex 13.3941 1.81749 13.0905
    endloop
  endfacet
  facet normal 0.625333 -0.780358 0
    outer loop
      vertex 13.2915 1.73529 5.6
      vertex 13.4929 1.89668 13.078
      vertex 13.2915 1.73529 13.0998
    endloop
  endfacet
  facet normal 0.625333 -0.780358 0
    outer loop
      vertex 13.4929 1.89668 13.078
      vertex 13.2915 1.73529 5.6
      vertex 13.4929 1.89668 5.6
    endloop
  endfacet
  facet normal 0.436816 -0.899551 0
    outer loop
      vertex 13.0541 1.62001 5.6
      vertex 13.2915 1.73529 13.0998
      vertex 13.0541 1.62001 13.115
    endloop
  endfacet
  facet normal 0.436816 -0.899551 0
    outer loop
      vertex 13.2915 1.73529 13.0998
      vertex 13.0541 1.62001 5.6
      vertex 13.2915 1.73529 5.6
    endloop
  endfacet
  facet normal 0.245103 -0.969497 0
    outer loop
      vertex 12.7805 1.55084 5.6
      vertex 13.0541 1.62001 13.115
      vertex 12.7805 1.55084 13.1293
    endloop
  endfacet
  facet normal 0.245103 -0.969497 0
    outer loop
      vertex 13.0541 1.62001 13.115
      vertex 12.7805 1.55084 5.6
      vertex 13.0541 1.62001 5.6
    endloop
  endfacet
  facet normal 0.0742216 -0.997242 0
    outer loop
      vertex 12.4708 1.52779 5.6
      vertex 12.7805 1.55084 13.1293
      vertex 12.4708 1.52779 13.1425
    endloop
  endfacet
  facet normal 0.0742216 -0.997242 0
    outer loop
      vertex 12.7805 1.55084 13.1293
      vertex 12.4708 1.52779 5.6
      vertex 12.7805 1.55084 5.6
    endloop
  endfacet
  facet normal -0.0730256 -0.99733 0
    outer loop
      vertex 12.156 1.55084 5.6
      vertex 12.4708 1.52779 13.1425
      vertex 12.156 1.55084 13.1536
    endloop
  endfacet
  facet normal -0.0730256 -0.99733 -0
    outer loop
      vertex 12.4708 1.52779 13.1425
      vertex 12.156 1.55084 5.6
      vertex 12.4708 1.52779 5.6
    endloop
  endfacet
  facet normal -0.156887 0.987617 0
    outer loop
      vertex -3.73607 -3.19774 5.6
      vertex -3.81394 -3.21011 13.281
      vertex -3.73607 -3.19774 13.2844
    endloop
  endfacet
  facet normal -0.156893 0.987616 -5.55256e-08
    outer loop
      vertex -3.81394 -3.21011 13.281
      vertex -3.73607 -3.19774 5.6
      vertex -4.37607 -3.29941 13.2468
    endloop
  endfacet
  facet normal -0.156892 0.987616 0
    outer loop
      vertex -4.37607 -3.29941 13.2468
      vertex -3.73607 -3.19774 5.6
      vertex -4.37607 -3.29941 5.6
    endloop
  endfacet
  facet normal -0.286462 0.958092 0
    outer loop
      vertex -3.1694 -3.02831 5.6
      vertex -3.73607 -3.19774 13.2844
      vertex -3.1694 -3.02831 13.3115
    endloop
  endfacet
  facet normal -0.286462 0.958092 0
    outer loop
      vertex -3.73607 -3.19774 13.2844
      vertex -3.1694 -3.02831 5.6
      vertex -3.73607 -3.19774 5.6
    endloop
  endfacet
  facet normal -0.433371 0.901216 0
    outer loop
      vertex -2.67609 -2.79109 5.6
      vertex -3.1694 -3.02831 13.3115
      vertex -2.67609 -2.79109 13.3375
    endloop
  endfacet
  facet normal -0.433371 0.901216 0
    outer loop
      vertex -3.1694 -3.02831 13.3115
      vertex -2.67609 -2.79109 5.6
      vertex -3.1694 -3.02831 5.6
    endloop
  endfacet
  facet normal -0.587586 0.809162 0
    outer loop
      vertex -2.25609 -2.4861 5.6
      vertex -2.67609 -2.79109 13.3375
      vertex -2.25609 -2.4861 13.3625
    endloop
  endfacet
  facet normal -0.587586 0.809162 0
    outer loop
      vertex -2.67609 -2.79109 13.3375
      vertex -2.25609 -2.4861 5.6
      vertex -2.67609 -2.79109 5.6
    endloop
  endfacet
  facet normal -0.731394 0.681955 0
    outer loop
      vertex -2.25609 -2.4861 13.3625
      vertex -1.9111 -2.1161 5.6
      vertex -2.25609 -2.4861 5.6
    endloop
  endfacet
  facet normal -0.731394 0.681955 0
    outer loop
      vertex -1.9111 -2.1161 5.6
      vertex -2.25609 -2.4861 13.3625
      vertex -1.9111 -2.1161 13.3862
    endloop
  endfacet
  facet normal -0.8496 0.527427 0
    outer loop
      vertex -1.9111 -2.1161 13.3862
      vertex -1.64278 -1.68388 5.6
      vertex -1.9111 -2.1161 5.6
    endloop
  endfacet
  facet normal -0.8496 0.527427 0
    outer loop
      vertex -1.64278 -1.68388 5.6
      vertex -1.9111 -2.1161 13.3862
      vertex -1.64278 -1.68388 13.4087
    endloop
  endfacet
  facet normal -0.932407 0.36141 0
    outer loop
      vertex -1.64278 -1.68388 13.4087
      vertex -1.45113 -1.18944 5.6
      vertex -1.64278 -1.68388 5.6
    endloop
  endfacet
  facet normal -0.932407 0.36141 0
    outer loop
      vertex -1.45113 -1.18944 5.6
      vertex -1.64278 -1.68388 13.4087
      vertex -1.45113 -1.18944 13.4297
    endloop
  endfacet
  facet normal -0.979316 0.202335 0
    outer loop
      vertex -1.45113 -1.18944 13.4297
      vertex -1.33612 -0.632782 5.6
      vertex -1.45113 -1.18944 5.6
    endloop
  endfacet
  facet normal -0.979316 0.202335 0
    outer loop
      vertex -1.33612 -0.632782 5.6
      vertex -1.45113 -1.18944 13.4297
      vertex -1.33612 -0.632782 13.4495
    endloop
  endfacet
  facet normal -0.99809 0.0617805 0
    outer loop
      vertex -1.29779 -0.0138855 5.6
      vertex -1.30323 -0.101771 13.4597
      vertex -1.29779 -0.0138855 13.4593
    endloop
  endfacet
  facet normal -0.998085 0.0618531 8.15462e-07
    outer loop
      vertex -1.29779 -0.0138855 5.6
      vertex -1.3109 -0.225537 13.4601
      vertex -1.30323 -0.101771 13.4597
    endloop
  endfacet
  facet normal -0.998098 0.0616515 -4.63403e-06
    outer loop
      vertex -1.29779 -0.0138855 5.6
      vertex -1.31212 -0.245288 13.4601
      vertex -1.3109 -0.225537 13.4601
    endloop
  endfacet
  facet normal -0.998078 0.0619771 4.98655e-06
    outer loop
      vertex -1.29779 -0.0138855 5.6
      vertex -1.31413 -0.277657 13.46
      vertex -1.31212 -0.245288 13.4601
    endloop
  endfacet
  facet normal -0.998088 0.0618144 -4.93905e-07
    outer loop
      vertex -1.33612 -0.632782 5.6
      vertex -1.31413 -0.277657 13.46
      vertex -1.29779 -0.0138855 5.6
    endloop
  endfacet
  facet normal -0.998088 0.0618035 0
    outer loop
      vertex -1.31413 -0.277657 13.46
      vertex -1.33612 -0.632782 5.6
      vertex -1.33612 -0.632782 13.4495
    endloop
  endfacet
  facet normal -1 0 0
    outer loop
      vertex -1.29779 7.5833 5.6
      vertex -1.29779 6.15191 13.4228
      vertex -1.29779 7.5833 13.3627
    endloop
  endfacet
  facet normal -1 0 0
    outer loop
      vertex -1.29779 7.5833 5.6
      vertex -1.29779 6.12515 13.4232
      vertex -1.29779 6.15191 13.4228
    endloop
  endfacet
  facet normal -1 0 0
    outer loop
      vertex -1.29779 7.5833 5.6
      vertex -1.29779 6.09922 13.4235
      vertex -1.29779 6.12515 13.4232
    endloop
  endfacet
  facet normal -1 0 0
    outer loop
      vertex -1.29779 7.5833 5.6
      vertex -1.29779 6.00786 13.4243
      vertex -1.29779 6.09922 13.4235
    endloop
  endfacet
  facet normal -1 0 0
    outer loop
      vertex -1.29779 7.5833 5.6
      vertex -1.29779 5.85883 13.4254
      vertex -1.29779 6.00786 13.4243
    endloop
  endfacet
  facet normal -1 0 0
    outer loop
      vertex -1.29779 7.5833 5.6
      vertex -1.29779 5.78688 13.4259
      vertex -1.29779 5.85883 13.4254
    endloop
  endfacet
  facet normal -1 0 0
    outer loop
      vertex -1.29779 7.5833 5.6
      vertex -1.29779 5.589 13.4273
      vertex -1.29779 5.78688 13.4259
    endloop
  endfacet
  facet normal -1 0 0
    outer loop
      vertex -1.29779 7.5833 5.6
      vertex -1.29779 5.35571 13.429
      vertex -1.29779 5.589 13.4273
    endloop
  endfacet
  facet normal -1 0 0
    outer loop
      vertex -1.29779 7.5833 5.6
      vertex -1.29779 5.09997 13.4307
      vertex -1.29779 5.35571 13.429
    endloop
  endfacet
  facet normal -1 0 0
    outer loop
      vertex -1.29779 7.5833 5.6
      vertex -1.29779 4.97539 13.4315
      vertex -1.29779 5.09997 13.4307
    endloop
  endfacet
  facet normal -1 0 0
    outer loop
      vertex -1.29779 7.5833 5.6
      vertex -1.29779 4.708 13.4332
      vertex -1.29779 4.97539 13.4315
    endloop
  endfacet
  facet normal -1 0 0
    outer loop
      vertex -1.29779 7.5833 5.6
      vertex -1.29779 4.4425 13.4349
      vertex -1.29779 4.708 13.4332
    endloop
  endfacet
  facet normal -1 0 0
    outer loop
      vertex -1.29779 7.5833 5.6
      vertex -1.29779 4.18866 13.4365
      vertex -1.29779 4.4425 13.4349
    endloop
  endfacet
  facet normal -1 0 0
    outer loop
      vertex -1.29779 7.5833 5.6
      vertex -1.29779 4.00887 13.4376
      vertex -1.29779 4.18866 13.4365
    endloop
  endfacet
  facet normal -1 0 0
    outer loop
      vertex -1.29779 7.5833 5.6
      vertex -1.29779 3.77361 13.4391
      vertex -1.29779 4.00887 13.4376
    endloop
  endfacet
  facet normal -1 0 0
    outer loop
      vertex -1.29779 -0.0138855 5.6
      vertex -1.29779 3.77361 13.4391
      vertex -1.29779 7.5833 5.6
    endloop
  endfacet
  facet normal -1 -0 0
    outer loop
      vertex -1.29779 3.77361 13.4391
      vertex -1.29779 -0.0138855 5.6
      vertex -1.29779 3.56464 13.4403
    endloop
  endfacet
  facet normal -1 -0 0
    outer loop
      vertex -1.29779 3.56464 13.4403
      vertex -1.29779 -0.0138855 5.6
      vertex -1.29779 3.33309 13.4417
    endloop
  endfacet
  facet normal -1 -0 0
    outer loop
      vertex -1.29779 3.33309 13.4417
      vertex -1.29779 -0.0138855 5.6
      vertex -1.29779 3.15479 13.4427
    endloop
  endfacet
  facet normal -1 -0 0
    outer loop
      vertex -1.29779 3.15479 13.4427
      vertex -1.29779 -0.0138855 5.6
      vertex -1.29779 2.87575 13.4443
    endloop
  endfacet
  facet normal -1 -0 0
    outer loop
      vertex -1.29779 2.87575 13.4443
      vertex -1.29779 -0.0138855 5.6
      vertex -1.29779 2.55456 13.4462
    endloop
  endfacet
  facet normal -1 -0 0
    outer loop
      vertex -1.29779 2.55456 13.4462
      vertex -1.29779 -0.0138855 5.6
      vertex -1.29779 2.41144 13.4469
    endloop
  endfacet
  facet normal -1 -0 0
    outer loop
      vertex -1.29779 2.41144 13.4469
      vertex -1.29779 -0.0138855 5.6
      vertex -1.29779 2.05637 13.4489
    endloop
  endfacet
  facet normal -1 -0 0
    outer loop
      vertex -1.29779 2.05637 13.4489
      vertex -1.29779 -0.0138855 5.6
      vertex -1.29779 1.67813 13.4509
    endloop
  endfacet
  facet normal -1 -0 0
    outer loop
      vertex -1.29779 1.67813 13.4509
      vertex -1.29779 -0.0138855 5.6
      vertex -1.29779 1.29135 13.453
    endloop
  endfacet
  facet normal -1 -0 0
    outer loop
      vertex -1.29779 1.29135 13.453
      vertex -1.29779 -0.0138855 5.6
      vertex -1.29779 1.18872 13.4535
    endloop
  endfacet
  facet normal -1 -0 0
    outer loop
      vertex -1.29779 1.18872 13.4535
      vertex -1.29779 -0.0138855 5.6
      vertex -1.29779 0.81278 13.4554
    endloop
  endfacet
  facet normal -1 -0 0
    outer loop
      vertex -1.29779 0.81278 13.4554
      vertex -1.29779 -0.0138855 5.6
      vertex -1.29779 0.467155 13.4571
    endloop
  endfacet
  facet normal -1 -0 0
    outer loop
      vertex -1.29779 0.467155 13.4571
      vertex -1.29779 -0.0138855 5.6
      vertex -1.29779 0.173488 13.4585
    endloop
  endfacet
  facet normal -1 -0 0
    outer loop
      vertex -1.29779 0.173488 13.4585
      vertex -1.29779 -0.0138855 5.6
      vertex -1.29779 0.112887 13.4588
    endloop
  endfacet
  facet normal -1 -0 0
    outer loop
      vertex -1.29779 0.112887 13.4588
      vertex -1.29779 -0.0138855 5.6
      vertex -1.29779 -0.0138855 13.4593
    endloop
  endfacet
  facet normal 0 -1 0
    outer loop
      vertex -3.04779 7.5833 5.6
      vertex -2.9273 7.5833 13.4115
      vertex -3.04779 7.5833 13.4114
    endloop
  endfacet
  facet normal 0 -1 -0
    outer loop
      vertex -2.9273 7.5833 13.4115
      vertex -3.04779 7.5833 5.6
      vertex -2.81787 7.5833 13.4114
    endloop
  endfacet
  facet normal 0 -1 -0
    outer loop
      vertex -2.81787 7.5833 13.4114
      vertex -3.04779 7.5833 5.6
      vertex -2.80037 7.5833 13.4114
    endloop
  endfacet
  facet normal 0 -1 -0
    outer loop
      vertex -2.80037 7.5833 13.4114
      vertex -3.04779 7.5833 5.6
      vertex -2.76862 7.5833 13.4112
    endloop
  endfacet
  facet normal 0 -1 -0
    outer loop
      vertex -2.76862 7.5833 13.4112
      vertex -3.04779 7.5833 5.6
      vertex -1.29779 7.5833 13.3627
    endloop
  endfacet
  facet normal 0 -1 -0
    outer loop
      vertex -1.29779 7.5833 13.3627
      vertex -3.04779 7.5833 5.6
      vertex -1.29779 7.5833 5.6
    endloop
  endfacet
  facet normal 0.985625 -0.168948 0
    outer loop
      vertex -3.05658 7.53202 13.4118
      vertex -3.04779 7.5833 5.6
      vertex -3.04779 7.5833 13.4114
    endloop
  endfacet
  facet normal 0.985645 -0.16883 7.93892e-07
    outer loop
      vertex -3.06325 7.49308 13.4121
      vertex -3.04779 7.5833 5.6
      vertex -3.05658 7.53202 13.4118
    endloop
  endfacet
  facet normal 0.985634 -0.168895 2.72061e-08
    outer loop
      vertex -3.0979 7.29087 13.4135
      vertex -3.04779 7.5833 5.6
      vertex -3.06325 7.49308 13.4121
    endloop
  endfacet
  facet normal 0.985625 -0.168946 -1.92888e-06
    outer loop
      vertex -3.13904 7.05086 13.4151
      vertex -3.04779 7.5833 5.6
      vertex -3.0979 7.29087 13.4135
    endloop
  endfacet
  facet normal 0.985635 -0.168888 -9.03482e-07
    outer loop
      vertex -3.2144 6.6111 5.6
      vertex -3.13904 7.05086 13.4151
      vertex -3.18447 6.78573 13.4168
    endloop
  endfacet
  facet normal 0.98562 -0.168975 1.08958e-06
    outer loop
      vertex -3.2144 6.6111 5.6
      vertex -3.18447 6.78573 13.4168
      vertex -3.19686 6.71346 13.4173
    endloop
  endfacet
  facet normal 0.985634 -0.168894 0
    outer loop
      vertex -3.2144 6.6111 5.6
      vertex -3.19686 6.71346 13.4173
      vertex -3.2144 6.6111 13.4179
    endloop
  endfacet
  facet normal 0.985631 -0.168912 4.43868e-07
    outer loop
      vertex -3.13904 7.05086 13.4151
      vertex -3.2144 6.6111 5.6
      vertex -3.04779 7.5833 5.6
    endloop
  endfacet
  facet normal 0 -1 0
    outer loop
      vertex -3.26999 6.6111 5.6
      vertex -3.2144 6.6111 13.4179
      vertex -3.26999 6.6111 13.4178
    endloop
  endfacet
  facet normal 0 -1 -0
    outer loop
      vertex -3.2144 6.6111 13.4179
      vertex -3.26999 6.6111 5.6
      vertex -3.2144 6.6111 5.6
    endloop
  endfacet
  facet normal -0.760879 -0.648894 0
    outer loop
      vertex -3.26999 6.6111 5.6
      vertex -3.61111 7.01109 13.4147
      vertex -3.61111 7.01109 5.6
    endloop
  endfacet
  facet normal -0.760879 -0.648894 0
    outer loop
      vertex -3.61111 7.01109 13.4147
      vertex -3.26999 6.6111 5.6
      vertex -3.26999 6.6111 13.4178
    endloop
  endfacet
  facet normal -0.623594 -0.781748 0
    outer loop
      vertex -4.00111 7.32219 5.6
      vertex -3.61111 7.01109 13.4147
      vertex -4.00111 7.32219 13.4121
    endloop
  endfacet
  facet normal -0.623594 -0.781748 -0
    outer loop
      vertex -3.61111 7.01109 13.4147
      vertex -4.00111 7.32219 5.6
      vertex -3.61111 7.01109 5.6
    endloop
  endfacet
  facet normal -0.451737 -0.892151 0
    outer loop
      vertex -4.44 7.54442 5.6
      vertex -4.00111 7.32219 13.4121
      vertex -4.44 7.54442 13.41
    endloop
  endfacet
  facet normal -0.451737 -0.892151 -0
    outer loop
      vertex -4.00111 7.32219 13.4121
      vertex -4.44 7.54442 5.6
      vertex -4.00111 7.32219 5.6
    endloop
  endfacet
  facet normal -0.263686 -0.964609 0
    outer loop
      vertex -4.92775 7.67775 5.6
      vertex -4.5259 7.5679 13.4097
      vertex -4.92775 7.67775 13.4083
    endloop
  endfacet
  facet normal -0.263683 -0.964609 -1.71439e-07
    outer loop
      vertex -4.44 7.54442 5.6
      vertex -4.5259 7.5679 13.4097
      vertex -4.92775 7.67775 5.6
    endloop
  endfacet
  facet normal -0.263668 -0.964613 0
    outer loop
      vertex -4.5259 7.5679 13.4097
      vertex -4.44 7.54442 5.6
      vertex -4.44 7.54442 13.41
    endloop
  endfacet
  facet normal -0.0825356 -0.996588 0
    outer loop
      vertex -5.4644 7.7222 5.6
      vertex -5.08912 7.69112 13.408
      vertex -5.4644 7.7222 13.4071
    endloop
  endfacet
  facet normal -0.082546 -0.996587 5.02793e-07
    outer loop
      vertex -4.92775 7.67775 5.6
      vertex -5.08912 7.69112 13.408
      vertex -5.4644 7.7222 5.6
    endloop
  endfacet
  facet normal -0.0825701 -0.996585 0
    outer loop
      vertex -5.08912 7.69112 13.408
      vertex -4.92775 7.67775 5.6
      vertex -4.92775 7.67775 13.4083
    endloop
  endfacet
  facet normal 0.0796703 -0.996821 -5.85916e-07
    outer loop
      vertex -5.4644 7.7222 5.6
      vertex -5.55155 7.71523 13.407
      vertex -5.62562 7.70931 13.4069
    endloop
  endfacet
  facet normal 0.0797166 -0.996818 0
    outer loop
      vertex -5.9855 7.68053 5.6
      vertex -5.62562 7.70931 13.4069
      vertex -5.9855 7.68053 13.4064
    endloop
  endfacet
  facet normal 0.079711 -0.996818 2.59338e-07
    outer loop
      vertex -5.4644 7.7222 5.6
      vertex -5.62562 7.70931 13.4069
      vertex -5.9855 7.68053 5.6
    endloop
  endfacet
  facet normal 0.0797225 -0.996817 0
    outer loop
      vertex -5.55155 7.71523 13.407
      vertex -5.4644 7.7222 5.6
      vertex -5.4644 7.7222 13.4071
    endloop
  endfacet
  facet normal 0.254775 -0.967 -5.0011e-07
    outer loop
      vertex -5.9855 7.68053 5.6
      vertex -6.00803 7.67459 13.4064
      vertex -6.3089 7.59532 13.4063
    endloop
  endfacet
  facet normal 0.254691 -0.967023 8.70377e-07
    outer loop
      vertex -6.45995 7.55553 5.6
      vertex -6.3089 7.59532 13.4063
      vertex -6.38123 7.57627 13.4063
    endloop
  endfacet
  facet normal 0.254771 -0.967001 0
    outer loop
      vertex -6.45995 7.55553 5.6
      vertex -6.38123 7.57627 13.4063
      vertex -6.45995 7.55553 13.4062
    endloop
  endfacet
  facet normal 0.254769 -0.967002 -7.53117e-07
    outer loop
      vertex -6.3089 7.59532 13.4063
      vertex -6.45995 7.55553 5.6
      vertex -5.9855 7.68053 5.6
    endloop
  endfacet
  facet normal 0.254937 -0.966958 0
    outer loop
      vertex -6.00803 7.67459 13.4064
      vertex -5.9855 7.68053 5.6
      vertex -5.9855 7.68053 13.4064
    endloop
  endfacet
  facet normal 0.437857 -0.899045 0
    outer loop
      vertex -6.88773 7.34718 5.6
      vertex -6.75864 7.41005 13.4064
      vertex -6.88773 7.34718 13.4065
    endloop
  endfacet
  facet normal 0.437934 -0.899007 -1.58789e-06
    outer loop
      vertex -6.75864 7.41005 13.4064
      vertex -6.88773 7.34718 5.6
      vertex -6.68404 7.44639 13.4064
    endloop
  endfacet
  facet normal 0.437804 -0.899071 2.63259e-06
    outer loop
      vertex -6.68404 7.44639 13.4064
      vertex -6.88773 7.34718 5.6
      vertex -6.61545 7.47979 13.4063
    endloop
  endfacet
  facet normal 0.437875 -0.899036 -4.39425e-07
    outer loop
      vertex -6.45995 7.55553 5.6
      vertex -6.61545 7.47979 13.4063
      vertex -6.88773 7.34718 5.6
    endloop
  endfacet
  facet normal 0.437893 -0.899027 0
    outer loop
      vertex -6.61545 7.47979 13.4063
      vertex -6.45995 7.55553 5.6
      vertex -6.45995 7.55553 13.4062
    endloop
  endfacet
  facet normal 0.607848 -0.794053 0
    outer loop
      vertex -7.26884 7.05551 5.6
      vertex -7.24368 7.07477 13.407
      vertex -7.26884 7.05551 13.407
    endloop
  endfacet
  facet normal 0.607727 -0.794146 6.19803e-07
    outer loop
      vertex -7.24368 7.07477 13.407
      vertex -7.26884 7.05551 5.6
      vertex -7.12768 7.16354 13.4069
    endloop
  endfacet
  facet normal 0.607806 -0.794085 -1.64851e-06
    outer loop
      vertex -7.12768 7.16354 13.4069
      vertex -7.26884 7.05551 5.6
      vertex -7.06395 7.21232 13.4068
    endloop
  endfacet
  facet normal 0.607756 -0.794124 4.25134e-07
    outer loop
      vertex -6.88773 7.34718 5.6
      vertex -7.06395 7.21232 13.4068
      vertex -7.26884 7.05551 5.6
    endloop
  endfacet
  facet normal 0.607732 -0.794142 -4.38626e-07
    outer loop
      vertex -7.06395 7.21232 13.4068
      vertex -6.88773 7.34718 5.6
      vertex -6.99813 7.26269 13.4067
    endloop
  endfacet
  facet normal 0.607748 -0.79413 -7.34992e-08
    outer loop
      vertex -6.99813 7.26269 13.4067
      vertex -6.88773 7.34718 5.6
      vertex -6.93294 7.31258 13.4065
    endloop
  endfacet
  facet normal 0.607756 -0.794123 0
    outer loop
      vertex -6.93294 7.31258 13.4065
      vertex -6.88773 7.34718 5.6
      vertex -6.88773 7.34718 13.4065
    endloop
  endfacet
  facet normal 0.746211 -0.66571 0
    outer loop
      vertex -7.29737 7.02353 13.4071
      vertex -7.26884 7.05551 5.6
      vertex -7.26884 7.05551 13.407
    endloop
  endfacet
  facet normal 0.746349 -0.665555 1.13642e-06
    outer loop
      vertex -7.34103 6.97457 13.4072
      vertex -7.26884 7.05551 5.6
      vertex -7.29737 7.02353 13.4071
    endloop
  endfacet
  facet normal 0.74627 -0.665643 -4.94726e-07
    outer loop
      vertex -7.37686 6.9344 13.4073
      vertex -7.26884 7.05551 5.6
      vertex -7.34103 6.97457 13.4072
    endloop
  endfacet
  facet normal 0.746309 -0.6656 6.95186e-07
    outer loop
      vertex -7.43797 6.86588 13.4074
      vertex -7.26884 7.05551 5.6
      vertex -7.37686 6.9344 13.4073
    endloop
  endfacet
  facet normal 0.746336 -0.665569 -0.00121691
    outer loop
      vertex -7.6033 6.6805 13.4004
      vertex -7.43797 6.86588 13.4074
      vertex -7.46434 6.83631 13.4074
    endloop
  endfacet
  facet normal 0.746221 -0.665688 0.00369745
    outer loop
      vertex -7.6033 6.6805 13.4004
      vertex -7.46434 6.83631 13.4074
      vertex -7.47988 6.81889 13.4074
    endloop
  endfacet
  facet normal 0.746447 -0.665422 -0.00554059
    outer loop
      vertex -7.6033 6.6805 13.4004
      vertex -7.47988 6.81889 13.4074
      vertex -7.50165 6.79447 13.4073
    endloop
  endfacet
  facet normal 0.746666 -0.66502 -0.0153984
    outer loop
      vertex -7.6033 6.6805 13.4004
      vertex -7.50165 6.79447 13.4073
      vertex -7.50566 6.78997 13.4072
    endloop
  endfacet
  facet normal 0.746313 -0.665595 9.22934e-07
    outer loop
      vertex -7.43797 6.86588 13.4074
      vertex -7.6033 6.6805 13.4004
      vertex -7.26884 7.05551 5.6
    endloop
  endfacet
  facet normal 0.746304 -0.665606 0
    outer loop
      vertex -7.26884 7.05551 5.6
      vertex -7.6033 6.6805 13.4004
      vertex -7.6033 6.6805 5.6
    endloop
  endfacet
  facet normal 0.848751 -0.528793 0
    outer loop
      vertex -7.8833 6.23108 13.377
      vertex -7.6033 6.6805 5.6
      vertex -7.6033 6.6805 13.4004
    endloop
  endfacet
  facet normal 0.848751 -0.528793 0
    outer loop
      vertex -7.6033 6.6805 5.6
      vertex -7.8833 6.23108 13.377
      vertex -7.8833 6.23108 5.6
    endloop
  endfacet
  facet normal 0.921028 -0.389496 0
    outer loop
      vertex -8.06034 5.81244 13.3586
      vertex -7.8833 6.23108 5.6
      vertex -7.8833 6.23108 13.377
    endloop
  endfacet
  facet normal 0.921013 -0.389531 -2.18129e-06
    outer loop
      vertex -8.10109 5.71609 13.353
      vertex -7.8833 6.23108 5.6
      vertex -8.06034 5.81244 13.3586
    endloop
  endfacet
  facet normal 0.921025 -0.389503 0
    outer loop
      vertex -7.8833 6.23108 5.6
      vertex -8.10109 5.71609 13.353
      vertex -8.10109 5.71609 5.6
    endloop
  endfacet
  facet normal 0.965923 -0.258831 0
    outer loop
      vertex -8.25665 5.13556 13.3243
      vertex -8.10109 5.71609 5.6
      vertex -8.10109 5.71609 13.353
    endloop
  endfacet
  facet normal 0.965923 -0.258831 0
    outer loop
      vertex -8.10109 5.71609 5.6
      vertex -8.25665 5.13556 13.3243
      vertex -8.25665 5.13556 5.6
    endloop
  endfacet
  facet normal 0.989725 -0.142982 0
    outer loop
      vertex -8.34999 4.48946 13.2969
      vertex -8.25665 5.13556 5.6
      vertex -8.25665 5.13556 13.3243
    endloop
  endfacet
  facet normal 0.989725 -0.142982 0
    outer loop
      vertex -8.25665 5.13556 5.6
      vertex -8.34999 4.48946 13.2969
      vertex -8.34999 4.48946 5.6
    endloop
  endfacet
  facet normal 0.999046 -0.0436724 0
    outer loop
      vertex -8.3811 3.77779 13.2705
      vertex -8.34999 4.48946 5.6
      vertex -8.34999 4.48946 13.2969
    endloop
  endfacet
  facet normal 0.999046 -0.0436724 0
    outer loop
      vertex -8.34999 4.48946 5.6
      vertex -8.3811 3.77779 13.2705
      vertex -8.3811 3.77779 5.6
    endloop
  endfacet
  facet normal 0.999082 0.0428412 0
    outer loop
      vertex -8.35081 3.07141 13.2478
      vertex -8.3811 3.77779 5.6
      vertex -8.3811 3.77779 13.2705
    endloop
  endfacet
  facet normal 0.999082 0.0428412 0
    outer loop
      vertex -8.3811 3.77779 5.6
      vertex -8.35081 3.07141 13.2478
      vertex -8.35081 3.07141 5.6
    endloop
  endfacet
  facet normal 0.990123 0.1402 0
    outer loop
      vertex -8.25999 2.43002 13.2306
      vertex -8.35081 3.07141 5.6
      vertex -8.35081 3.07141 13.2478
    endloop
  endfacet
  facet normal 0.990123 0.1402 0
    outer loop
      vertex -8.35081 3.07141 5.6
      vertex -8.25999 2.43002 13.2306
      vertex -8.25999 2.43002 5.6
    endloop
  endfacet
  facet normal 0.9672 0.254016 0
    outer loop
      vertex -8.10861 1.85362 13.219
      vertex -8.25999 2.43002 5.6
      vertex -8.25999 2.43002 13.2306
    endloop
  endfacet
  facet normal 0.9672 0.254016 0
    outer loop
      vertex -8.25999 2.43002 5.6
      vertex -8.10861 1.85362 13.219
      vertex -8.10861 1.85362 5.6
    endloop
  endfacet
  facet normal 0.923818 0.382833 0
    outer loop
      vertex -7.89668 1.34221 13.213
      vertex -8.10861 1.85362 5.6
      vertex -8.10861 1.85362 13.219
    endloop
  endfacet
  facet normal 0.923818 0.382833 0
    outer loop
      vertex -8.10861 1.85362 5.6
      vertex -7.89668 1.34221 13.213
      vertex -7.89668 1.34221 5.6
    endloop
  endfacet
  facet normal 0.853552 0.521008 0
    outer loop
      vertex -7.62419 0.895798 13.2126
      vertex -7.89668 1.34221 5.6
      vertex -7.89668 1.34221 13.213
    endloop
  endfacet
  facet normal 0.853552 0.521008 0
    outer loop
      vertex -7.89668 1.34221 5.6
      vertex -7.62419 0.895798 13.2126
      vertex -7.62419 0.895798 5.6
    endloop
  endfacet
  facet normal 0.752112 0.659035 -0
    outer loop
      vertex -7.29779 0.5233 5.6
      vertex -7.62419 0.895798 13.2126
      vertex -7.29779 0.5233 13.2178
    endloop
  endfacet
  facet normal 0.752112 0.659035 0
    outer loop
      vertex -7.62419 0.895798 13.2126
      vertex -7.29779 0.5233 5.6
      vertex -7.62419 0.895798 5.6
    endloop
  endfacet
  facet normal 0.612776 0.790257 -0
    outer loop
      vertex -6.92416 0.233582 5.6
      vertex -7.29779 0.5233 13.2178
      vertex -6.92416 0.233582 13.2284
    endloop
  endfacet
  facet normal 0.612776 0.790257 0
    outer loop
      vertex -7.29779 0.5233 13.2178
      vertex -6.92416 0.233582 5.6
      vertex -7.29779 0.5233 5.6
    endloop
  endfacet
  facet normal 0.441276 0.897371 -0
    outer loop
      vertex -6.50333 0.0266418 5.6
      vertex -6.92416 0.233582 13.2284
      vertex -6.50333 0.0266418 13.2444
    endloop
  endfacet
  facet normal 0.441276 0.897371 0
    outer loop
      vertex -6.92416 0.233582 13.2284
      vertex -6.50333 0.0266418 5.6
      vertex -6.92416 0.233582 5.6
    endloop
  endfacet
  facet normal 0.256365 0.96658 -0
    outer loop
      vertex -6.03526 -0.0975037 5.6
      vertex -6.50333 0.0266418 13.2444
      vertex -6.03526 -0.0975037 13.266
    endloop
  endfacet
  facet normal 0.256365 0.96658 0
    outer loop
      vertex -6.50333 0.0266418 13.2444
      vertex -6.03526 -0.0975037 5.6
      vertex -6.50333 0.0266418 5.6
    endloop
  endfacet
  facet normal 0.0800522 0.996791 -0
    outer loop
      vertex -5.51999 -0.138885 5.6
      vertex -6.03526 -0.0975037 13.266
      vertex -5.51999 -0.138885 13.293
    endloop
  endfacet
  facet normal 0.0800522 0.996791 0
    outer loop
      vertex -6.03526 -0.0975037 13.266
      vertex -5.51999 -0.138885 5.6
      vertex -6.03526 -0.0975037 5.6
    endloop
  endfacet
  facet normal -0.0394527 0.999221 0
    outer loop
      vertex -5.25331 -0.128342 5.6
      vertex -5.26415 -0.12877 13.3075
      vertex -5.25331 -0.128342 13.3079
    endloop
  endfacet
  facet normal -0.0395056 0.999219 -7.45243e-08
    outer loop
      vertex -5.26415 -0.12877 13.3075
      vertex -5.25331 -0.128342 5.6
      vertex -5.51999 -0.138885 13.293
    endloop
  endfacet
  facet normal -0.0395034 0.999219 0
    outer loop
      vertex -5.51999 -0.138885 13.293
      vertex -5.25331 -0.128342 5.6
      vertex -5.51999 -0.138885 5.6
    endloop
  endfacet
  facet normal -0.123017 0.992405 0
    outer loop
      vertex -4.99776 -0.0966644 5.6
      vertex -5.25331 -0.128342 13.3079
      vertex -4.99776 -0.0966644 13.3189
    endloop
  endfacet
  facet normal -0.123017 0.992405 0
    outer loop
      vertex -5.25331 -0.128342 13.3079
      vertex -4.99776 -0.0966644 5.6
      vertex -5.25331 -0.128342 5.6
    endloop
  endfacet
  facet normal -0.21105 0.977475 0
    outer loop
      vertex -4.75331 -0.0438843 5.6
      vertex -4.99776 -0.0966644 13.3189
      vertex -4.75331 -0.0438843 13.33
    endloop
  endfacet
  facet normal -0.21105 0.977475 0
    outer loop
      vertex -4.99776 -0.0966644 13.3189
      vertex -4.75331 -0.0438843 5.6
      vertex -4.99776 -0.0966644 5.6
    endloop
  endfacet
  facet normal -0.301829 0.953362 0
    outer loop
      vertex -4.51999 0.0299835 5.6
      vertex -4.75331 -0.0438843 13.33
      vertex -4.51999 0.0299835 13.3413
    endloop
  endfacet
  facet normal -0.301829 0.953362 0
    outer loop
      vertex -4.75331 -0.0438843 13.33
      vertex -4.51999 0.0299835 5.6
      vertex -4.75331 -0.0438843 5.6
    endloop
  endfacet
  facet normal -0.393178 0.919462 0
    outer loop
      vertex -4.29779 0.125 5.6
      vertex -4.51999 0.0299835 13.3413
      vertex -4.29779 0.125 13.3527
    endloop
  endfacet
  facet normal -0.393178 0.919462 0
    outer loop
      vertex -4.51999 0.0299835 13.3413
      vertex -4.29779 0.125 5.6
      vertex -4.51999 0.0299835 5.6
    endloop
  endfacet
  facet normal -0.491646 0.870795 0
    outer loop
      vertex -4.08723 0.243881 5.6
      vertex -4.29779 0.125 13.3527
      vertex -4.08723 0.243881 13.3643
    endloop
  endfacet
  facet normal -0.491646 0.870795 0
    outer loop
      vertex -4.29779 0.125 13.3527
      vertex -4.08723 0.243881 5.6
      vertex -4.29779 0.125 5.6
    endloop
  endfacet
  facet normal -0.59164 0.806202 0
    outer loop
      vertex -3.88889 0.389435 5.6
      vertex -4.08723 0.243881 13.3643
      vertex -3.88889 0.389435 13.3761
    endloop
  endfacet
  facet normal -0.59164 0.806202 0
    outer loop
      vertex -4.08723 0.243881 13.3643
      vertex -3.88889 0.389435 5.6
      vertex -4.08723 0.243881 5.6
    endloop
  endfacet
  facet normal -0.67916 0.73399 0
    outer loop
      vertex -3.70276 0.561661 5.6
      vertex -3.88889 0.389435 13.3761
      vertex -3.70276 0.561661 13.3882
    endloop
  endfacet
  facet normal -0.67916 0.73399 0
    outer loop
      vertex -3.88889 0.389435 13.3761
      vertex -3.70276 0.561661 5.6
      vertex -3.88889 0.389435 5.6
    endloop
  endfacet
  facet normal -0.752825 0.65822 0
    outer loop
      vertex -3.70276 0.561661 13.3882
      vertex -3.52887 0.760544 5.6
      vertex -3.70276 0.561661 5.6
    endloop
  endfacet
  facet normal -0.752825 0.65822 0
    outer loop
      vertex -3.52887 0.760544 5.6
      vertex -3.70276 0.561661 13.3882
      vertex -3.52887 0.760544 13.4005
    endloop
  endfacet
  facet normal -0.812779 0.582572 0
    outer loop
      vertex -3.52887 0.760544 13.4005
      vertex -3.3672 0.986099 5.6
      vertex -3.52887 0.760544 5.6
    endloop
  endfacet
  facet normal -0.812779 0.582572 0
    outer loop
      vertex -3.3672 0.986099 5.6
      vertex -3.52887 0.760544 13.4005
      vertex -3.3672 0.986099 13.4131
    endloop
  endfacet
  facet normal 0 1 -0
    outer loop
      vertex -3.31169 0.986099 5.6
      vertex -3.3672 0.986099 13.4131
      vertex -3.31169 0.986099 13.4153
    endloop
  endfacet
  facet normal 0 1 0
    outer loop
      vertex -3.3672 0.986099 13.4131
      vertex -3.31169 0.986099 5.6
      vertex -3.3672 0.986099 5.6
    endloop
  endfacet
  facet normal 0.997372 -0.0724468 0
    outer loop
      vertex -3.3175 0.906113 13.4129
      vertex -3.31169 0.986099 5.6
      vertex -3.31169 0.986099 13.4153
    endloop
  endfacet
  facet normal 0.997372 -0.0724468 0
    outer loop
      vertex -3.31169 0.986099 5.6
      vertex -3.3175 0.906113 13.4129
      vertex -3.3175 0.906113 5.6
    endloop
  endfacet
  facet normal 0.997167 -0.0752227 0
    outer loop
      vertex -3.32387 0.821671 13.4103
      vertex -3.3175 0.906113 5.6
      vertex -3.3175 0.906113 13.4129
    endloop
  endfacet
  facet normal 0.997167 -0.0752227 0
    outer loop
      vertex -3.3175 0.906113 5.6
      vertex -3.32387 0.821671 13.4103
      vertex -3.32387 0.821671 5.6
    endloop
  endfacet
  facet normal 0.996965 -0.0778563 0
    outer loop
      vertex -3.33081 0.732803 13.4076
      vertex -3.32387 0.821671 5.6
      vertex -3.32387 0.821671 13.4103
    endloop
  endfacet
  facet normal 0.996965 -0.0778563 0
    outer loop
      vertex -3.32387 0.821671 5.6
      vertex -3.33081 0.732803 13.4076
      vertex -3.33081 0.732803 5.6
    endloop
  endfacet
  facet normal 0.996779 -0.0802011 0
    outer loop
      vertex -3.33832 0.639465 13.4048
      vertex -3.33081 0.732803 5.6
      vertex -3.33081 0.732803 13.4076
    endloop
  endfacet
  facet normal 0.996779 -0.0802011 0
    outer loop
      vertex -3.33081 0.732803 5.6
      vertex -3.33832 0.639465 13.4048
      vertex -3.33832 0.639465 5.6
    endloop
  endfacet
  facet normal 0.996611 -0.0822542 0
    outer loop
      vertex -3.34639 0.541687 13.4018
      vertex -3.33832 0.639465 5.6
      vertex -3.33832 0.639465 13.4048
    endloop
  endfacet
  facet normal 0.996611 -0.0822542 0
    outer loop
      vertex -3.33832 0.639465 5.6
      vertex -3.34639 0.541687 13.4018
      vertex -3.34639 0.541687 5.6
    endloop
  endfacet
  facet normal 0.997175 -0.0751075 0
    outer loop
      vertex -3.35388 0.442245 13.3988
      vertex -3.34639 0.541687 5.6
      vertex -3.34639 0.541687 13.4018
    endloop
  endfacet
  facet normal 0.997175 -0.0751075 0
    outer loop
      vertex -3.34639 0.541687 5.6
      vertex -3.35388 0.442245 13.3988
      vertex -3.35388 0.442245 5.6
    endloop
  endfacet
  facet normal 0.998247 -0.059188 0
    outer loop
      vertex -3.35971 0.343918 13.3959
      vertex -3.35388 0.442245 5.6
      vertex -3.35388 0.442245 13.3988
    endloop
  endfacet
  facet normal 0.998247 -0.059188 0
    outer loop
      vertex -3.35388 0.442245 5.6
      vertex -3.35971 0.343918 13.3959
      vertex -3.35971 0.343918 5.6
    endloop
  endfacet
  facet normal 0.99909 -0.0426439 0
    outer loop
      vertex -3.36386 0.246689 13.3931
      vertex -3.35971 0.343918 5.6
      vertex -3.35971 0.343918 13.3959
    endloop
  endfacet
  facet normal 0.99909 -0.0426439 0
    outer loop
      vertex -3.35971 0.343918 5.6
      vertex -3.36386 0.246689 13.3931
      vertex -3.36386 0.246689 5.6
    endloop
  endfacet
  facet normal 0.999662 -0.0260058 0
    outer loop
      vertex -3.36636 0.150589 13.3903
      vertex -3.36386 0.246689 5.6
      vertex -3.36386 0.246689 13.3931
    endloop
  endfacet
  facet normal 0.999662 -0.0260058 0
    outer loop
      vertex -3.36386 0.246689 5.6
      vertex -3.36636 0.150589 13.3903
      vertex -3.36636 0.150589 5.6
    endloop
  endfacet
  facet normal 0.999961 -0.00884165 0
    outer loop
      vertex -3.3672 0.0555878 13.3877
      vertex -3.36636 0.150589 5.6
      vertex -3.36636 0.150589 13.3903
    endloop
  endfacet
  facet normal 0.999961 -0.00884165 0
    outer loop
      vertex -3.36636 0.150589 5.6
      vertex -3.3672 0.0555878 13.3877
      vertex -3.3672 0.0555878 5.6
    endloop
  endfacet
  facet normal 1 -0 0
    outer loop
      vertex -3.3672 -0.0971985 13.3835
      vertex -3.3672 0.0555878 5.6
      vertex -3.3672 0.0555878 13.3877
    endloop
  endfacet
  facet normal 1 0 0
    outer loop
      vertex -3.3672 0.0555878 5.6
      vertex -3.3672 -0.0971985 13.3835
      vertex -3.3672 -0.0971985 5.6
    endloop
  endfacet
  facet normal 0.994732 -0.102509 0
    outer loop
      vertex -3.43109 -0.717178 13.3641
      vertex -3.3672 -0.0971985 5.6
      vertex -3.3672 -0.0971985 13.3835
    endloop
  endfacet
  facet normal 0.994732 -0.102509 0
    outer loop
      vertex -3.3672 -0.0971985 5.6
      vertex -3.43109 -0.717178 13.3641
      vertex -3.43109 -0.717178 5.6
    endloop
  endfacet
  facet normal 0.929298 -0.369332 0
    outer loop
      vertex -3.62274 -1.1994 13.3434
      vertex -3.43109 -0.717178 5.6
      vertex -3.43109 -0.717178 13.3641
    endloop
  endfacet
  facet normal 0.929298 -0.369332 0
    outer loop
      vertex -3.43109 -0.717178 5.6
      vertex -3.62274 -1.1994 13.3434
      vertex -3.62274 -1.1994 5.6
    endloop
  endfacet
  facet normal 0.733215 -0.679997 0
    outer loop
      vertex -3.94218 -1.54384 13.3213
      vertex -3.62274 -1.1994 5.6
      vertex -3.62274 -1.1994 13.3434
    endloop
  endfacet
  facet normal 0.733215 -0.679997 0
    outer loop
      vertex -3.62274 -1.1994 5.6
      vertex -3.94218 -1.54384 13.3213
      vertex -3.94218 -1.54384 5.6
    endloop
  endfacet
  facet normal 0.419478 -0.907766 0
    outer loop
      vertex -3.94218 -1.54384 5.6
      vertex -4.3894 -1.7505 13.2979
      vertex -4.3894 -1.7505 5.6
    endloop
  endfacet
  facet normal 0.419478 -0.907766 0
    outer loop
      vertex -4.3894 -1.7505 13.2979
      vertex -3.94218 -1.54384 5.6
      vertex -3.94218 -1.54384 13.3213
    endloop
  endfacet
  facet normal 0.11897 -0.992898 -3.72205e-07
    outer loop
      vertex -4.3894 -1.7505 5.6
      vertex -4.49495 -1.76315 13.2934
      vertex -4.9644 -1.8194 13.2655
    endloop
  endfacet
  facet normal 0.118975 -0.992897 0
    outer loop
      vertex -4.3894 -1.7505 5.6
      vertex -4.9644 -1.8194 13.2655
      vertex -4.9644 -1.8194 5.6
    endloop
  endfacet
  facet normal 0.118997 -0.992895 0
    outer loop
      vertex -4.49495 -1.76315 13.2934
      vertex -4.3894 -1.7505 5.6
      vertex -4.3894 -1.7505 13.2979
    endloop
  endfacet
  facet normal -0.0378389 -0.999284 0
    outer loop
      vertex -4.9644 -1.8194 5.6
      vertex -5.58052 -1.79607 13.2323
      vertex -5.58052 -1.79607 5.6
    endloop
  endfacet
  facet normal -0.0378389 -0.999284 0
    outer loop
      vertex -5.58052 -1.79607 13.2323
      vertex -4.9644 -1.8194 5.6
      vertex -4.9644 -1.8194 13.2655
    endloop
  endfacet
  facet normal -0.115157 -0.993347 0
    outer loop
      vertex -5.58052 -1.79607 5.6
      vertex -6.18443 -1.72606 13.2014
      vertex -6.18443 -1.72606 5.6
    endloop
  endfacet
  facet normal -0.115157 -0.993347 0
    outer loop
      vertex -6.18443 -1.72606 13.2014
      vertex -5.58052 -1.79607 5.6
      vertex -5.58052 -1.79607 13.2323
    endloop
  endfacet
  facet normal -0.193424 -0.981115 2.22343e-07
    outer loop
      vertex -6.18443 -1.72606 5.6
      vertex -6.225 -1.71806 13.1995
      vertex -6.77611 -1.60941 13.1597
    endloop
  endfacet
  facet normal -0.193427 -0.981115 0
    outer loop
      vertex -6.18443 -1.72606 5.6
      vertex -6.77611 -1.60941 13.1597
      vertex -6.77611 -1.60941 5.6
    endloop
  endfacet
  facet normal -0.193465 -0.981107 0
    outer loop
      vertex -6.225 -1.71806 13.1995
      vertex -6.18443 -1.72606 5.6
      vertex -6.18443 -1.72606 13.2014
    endloop
  endfacet
  facet normal -0.271299 -0.962495 0
    outer loop
      vertex -6.77611 -1.60941 5.6
      vertex -7.35556 -1.44608 13.1206
      vertex -7.35556 -1.44608 5.6
    endloop
  endfacet
  facet normal -0.271299 -0.962495 0
    outer loop
      vertex -7.35556 -1.44608 13.1206
      vertex -6.77611 -1.60941 5.6
      vertex -6.77611 -1.60941 13.1597
    endloop
  endfacet
  facet normal -0.347161 -0.937805 0
    outer loop
      vertex -7.35556 -1.44608 5.6
      vertex -7.92279 -1.2361 13.0851
      vertex -7.92279 -1.2361 5.6
    endloop
  endfacet
  facet normal -0.347161 -0.937805 0
    outer loop
      vertex -7.92279 -1.2361 13.0851
      vertex -7.35556 -1.44608 5.6
      vertex -7.35556 -1.44608 13.1206
    endloop
  endfacet
  facet normal 1 -0 0
    outer loop
      vertex -7.92279 -2.88889 12.9933
      vertex -7.92279 -1.2361 5.6
      vertex -7.92279 -1.2361 13.0851
    endloop
  endfacet
  facet normal 1 0 0
    outer loop
      vertex -7.92279 -1.2361 5.6
      vertex -7.92279 -2.88889 12.9933
      vertex -7.92279 -2.88889 5.6
    endloop
  endfacet
  facet normal 0.33675 0.941594 -0
    outer loop
      vertex -7.66029 -2.98277 5.6
      vertex -7.92279 -2.88889 12.9933
      vertex -7.66029 -2.98277 13.0099
    endloop
  endfacet
  facet normal 0.33675 0.941594 0
    outer loop
      vertex -7.92279 -2.88889 12.9933
      vertex -7.66029 -2.98277 5.6
      vertex -7.92279 -2.88889 5.6
    endloop
  endfacet
  facet normal 0.294225 0.955736 -0
    outer loop
      vertex -7.395 -3.06444 5.6
      vertex -7.66029 -2.98277 13.0099
      vertex -7.395 -3.06444 13.0274
    endloop
  endfacet
  facet normal 0.294225 0.955736 0
    outer loop
      vertex -7.66029 -2.98277 13.0099
      vertex -7.395 -3.06444 5.6
      vertex -7.66029 -2.98277 5.6
    endloop
  endfacet
  facet normal 0.250769 0.968047 -0
    outer loop
      vertex -7.12694 -3.13388 5.6
      vertex -7.395 -3.06444 13.0274
      vertex -7.12694 -3.13388 13.0459
    endloop
  endfacet
  facet normal 0.250769 0.968047 0
    outer loop
      vertex -7.395 -3.06444 13.0274
      vertex -7.12694 -3.13388 5.6
      vertex -7.395 -3.06444 5.6
    endloop
  endfacet
  facet normal 0.206713 0.978402 -0
    outer loop
      vertex -6.85611 -3.1911 5.6
      vertex -7.12694 -3.13388 13.0459
      vertex -6.85611 -3.1911 13.0652
    endloop
  endfacet
  facet normal 0.206713 0.978402 0
    outer loop
      vertex -7.12694 -3.13388 13.0459
      vertex -6.85611 -3.1911 5.6
      vertex -7.12694 -3.13388 5.6
    endloop
  endfacet
  facet normal 0.162282 0.986744 -0
    outer loop
      vertex -6.58249 -3.2361 5.6
      vertex -6.85611 -3.1911 13.0652
      vertex -6.58249 -3.2361 13.0855
    endloop
  endfacet
  facet normal 0.162282 0.986744 0
    outer loop
      vertex -6.85611 -3.1911 13.0652
      vertex -6.58249 -3.2361 5.6
      vertex -6.85611 -3.1911 5.6
    endloop
  endfacet
  facet normal 0.124118 0.992268 -0
    outer loop
      vertex -6.30276 -3.27109 5.6
      vertex -6.58249 -3.2361 13.0855
      vertex -6.30276 -3.27109 13.1068
    endloop
  endfacet
  facet normal 0.124118 0.992268 0
    outer loop
      vertex -6.58249 -3.2361 13.0855
      vertex -6.30276 -3.27109 5.6
      vertex -6.58249 -3.2361 5.6
    endloop
  endfacet
  facet normal 0.0936521 0.995605 -0
    outer loop
      vertex -6.0136 -3.29829 5.6
      vertex -6.30276 -3.27109 13.1068
      vertex -6.0136 -3.29829 13.1293
    endloop
  endfacet
  facet normal 0.0936521 0.995605 0
    outer loop
      vertex -6.30276 -3.27109 13.1068
      vertex -6.0136 -3.29829 5.6
      vertex -6.30276 -3.27109 5.6
    endloop
  endfacet
  facet normal 0.064962 0.997888 -0
    outer loop
      vertex -5.71498 -3.31773 5.6
      vertex -6.0136 -3.29829 13.1293
      vertex -5.71498 -3.31773 13.153
    endloop
  endfacet
  facet normal 0.064962 0.997888 0
    outer loop
      vertex -6.0136 -3.29829 13.1293
      vertex -5.71498 -3.31773 5.6
      vertex -6.0136 -3.29829 5.6
    endloop
  endfacet
  facet normal 0.0378862 0.999282 -0
    outer loop
      vertex -5.40691 -3.32941 5.6
      vertex -5.71498 -3.31773 13.153
      vertex -5.40691 -3.32941 13.178
    endloop
  endfacet
  facet normal 0.0378862 0.999282 0
    outer loop
      vertex -5.71498 -3.31773 13.153
      vertex -5.40691 -3.32941 5.6
      vertex -5.71498 -3.31773 5.6
    endloop
  endfacet
  facet normal 0.0122507 0.999925 -0
    outer loop
      vertex -5.0894 -3.3333 5.6
      vertex -5.40691 -3.32941 13.178
      vertex -5.0894 -3.3333 13.2042
    endloop
  endfacet
  facet normal 0.0122507 0.999925 0
    outer loop
      vertex -5.40691 -3.32941 13.178
      vertex -5.0894 -3.3333 5.6
      vertex -5.40691 -3.32941 5.6
    endloop
  endfacet
  facet normal -0.04746 0.998873 0
    outer loop
      vertex -4.37607 -3.29941 5.6
      vertex -5.01694 -3.32986 13.2104
      vertex -4.37607 -3.29941 13.2468
    endloop
  endfacet
  facet normal -0.0474213 0.998875 3.26266e-06
    outer loop
      vertex -5.01694 -3.32986 13.2104
      vertex -4.37607 -3.29941 5.6
      vertex -5.0894 -3.3333 13.2042
    endloop
  endfacet
  facet normal -0.047456 0.998873 0
    outer loop
      vertex -5.0894 -3.3333 13.2042
      vertex -4.37607 -3.29941 5.6
      vertex -5.0894 -3.3333 5.6
    endloop
  endfacet
  facet normal -0.546683 -0.83734 0
    outer loop
      vertex -5.31889 1.57664 5.6
      vertex -5.735 1.84831 13.3427
      vertex -5.735 1.84831 5.6
    endloop
  endfacet
  facet normal -0.546683 -0.83734 0
    outer loop
      vertex -5.735 1.84831 13.3427
      vertex -5.31889 1.57664 5.6
      vertex -5.31889 1.57664 13.3518
    endloop
  endfacet
  facet normal -0.835975 -0.548768 0
    outer loop
      vertex -5.735 1.84831 5.6
      vertex -6.03223 2.3011 13.3433
      vertex -6.03223 2.3011 5.6
    endloop
  endfacet
  facet normal -0.835975 -0.548768 0
    outer loop
      vertex -6.03223 2.3011 13.3433
      vertex -5.735 1.84831 5.6
      vertex -5.735 1.84831 13.3427
    endloop
  endfacet
  facet normal -0.962631 -0.270818 -0
    outer loop
      vertex -6.03223 2.3011 13.3433
      vertex -6.21056 2.93498 5.6
      vertex -6.03223 2.3011 5.6
    endloop
  endfacet
  facet normal -0.962631 -0.270818 0
    outer loop
      vertex -6.21056 2.93498 5.6
      vertex -6.03223 2.3011 13.3433
      vertex -6.21056 2.93498 13.3535
    endloop
  endfacet
  facet normal -0.997352 -0.0727254 -0
    outer loop
      vertex -6.21056 2.93498 13.3535
      vertex -6.26999 3.75 5.6
      vertex -6.21056 2.93498 5.6
    endloop
  endfacet
  facet normal -0.997352 -0.0727254 0
    outer loop
      vertex -6.26999 3.75 5.6
      vertex -6.21056 2.93498 13.3535
      vertex -6.26999 3.75 13.3733
    endloop
  endfacet
  facet normal -0.997511 0.0705149 0
    outer loop
      vertex -6.26999 3.75 13.3733
      vertex -6.21167 4.575 5.6
      vertex -6.26999 3.75 5.6
    endloop
  endfacet
  facet normal -0.997511 0.0705149 0
    outer loop
      vertex -6.21167 4.575 5.6
      vertex -6.26999 3.75 13.3733
      vertex -6.21167 4.575 13.3982
    endloop
  endfacet
  facet normal -0.964789 0.263024 0
    outer loop
      vertex -6.03667 5.21667 5.6
      vertex -6.04619 5.18175 13.4197
      vertex -6.03667 5.21667 13.4196
    endloop
  endfacet
  facet normal -0.964784 0.263042 8.78829e-08
    outer loop
      vertex -6.03667 5.21667 5.6
      vertex -6.05507 5.14918 13.4196
      vertex -6.04619 5.18175 13.4197
    endloop
  endfacet
  facet normal -0.964783 0.263046 1.25745e-07
    outer loop
      vertex -6.03667 5.21667 5.6
      vertex -6.0582 5.1377 13.4196
      vertex -6.05507 5.14918 13.4196
    endloop
  endfacet
  facet normal -0.964764 0.263116 0
    outer loop
      vertex -6.21167 4.575 13.3982
      vertex -6.03667 5.21667 5.6
      vertex -6.21167 4.575 5.6
    endloop
  endfacet
  facet normal -0.964761 0.263128 1.00709e-06
    outer loop
      vertex -6.03667 5.21667 5.6
      vertex -6.21167 4.575 13.3982
      vertex -6.0582 5.1377 13.4196
    endloop
  endfacet
  facet normal -0.843695 0.536822 0
    outer loop
      vertex -5.74501 5.67502 5.6
      vertex -5.77774 5.62358 13.4185
      vertex -5.74501 5.67502 13.4183
    endloop
  endfacet
  facet normal -0.843685 0.536839 1.5215e-07
    outer loop
      vertex -5.74501 5.67502 5.6
      vertex -5.84417 5.51918 13.4188
      vertex -5.77774 5.62358 13.4185
    endloop
  endfacet
  facet normal -0.843635 0.536917 2.32991e-06
    outer loop
      vertex -5.74501 5.67502 5.6
      vertex -5.90325 5.42635 13.4191
      vertex -5.84417 5.51918 13.4188
    endloop
  endfacet
  facet normal -0.843676 0.536853 -5.20676e-07
    outer loop
      vertex -6.03667 5.21667 5.6
      vertex -5.90325 5.42635 13.4191
      vertex -5.74501 5.67502 5.6
    endloop
  endfacet
  facet normal -0.843702 0.536811 1.04262e-06
    outer loop
      vertex -5.90325 5.42635 13.4191
      vertex -6.03667 5.21667 5.6
      vertex -5.952 5.34973 13.4193
    endloop
  endfacet
  facet normal -0.843701 0.536813 1.01188e-06
    outer loop
      vertex -5.952 5.34973 13.4193
      vertex -6.03667 5.21667 5.6
      vertex -5.99622 5.28023 13.4195
    endloop
  endfacet
  facet normal -0.843625 0.536933 -3.6648e-07
    outer loop
      vertex -5.99622 5.28023 13.4195
      vertex -6.03667 5.21667 5.6
      vertex -6.03225 5.22362 13.4196
    endloop
  endfacet
  facet normal -0.843811 0.53664 0
    outer loop
      vertex -6.03225 5.22362 13.4196
      vertex -6.03667 5.21667 5.6
      vertex -6.03667 5.21667 13.4196
    endloop
  endfacet
  facet normal -0.558656 0.8294 1.06415e-06
    outer loop
      vertex -5.74501 5.67502 5.6
      vertex -5.688 5.71341 13.4182
      vertex -5.57882 5.78695 13.4181
    endloop
  endfacet
  facet normal -0.558621 0.829423 -1.31344e-08
    outer loop
      vertex -5.74501 5.67502 5.6
      vertex -5.57882 5.78695 13.4181
      vertex -5.46574 5.86311 13.418
    endloop
  endfacet
  facet normal -0.558629 0.829417 2.34659e-07
    outer loop
      vertex -5.33669 5.95003 5.6
      vertex -5.46574 5.86311 13.418
      vertex -5.35339 5.93878 13.4179
    endloop
  endfacet
  facet normal -0.558705 0.829366 0
    outer loop
      vertex -5.33669 5.95003 5.6
      vertex -5.35339 5.93878 13.4179
      vertex -5.33669 5.95003 13.4178
    endloop
  endfacet
  facet normal -0.558627 0.829419 2.94613e-07
    outer loop
      vertex -5.74501 5.67502 5.6
      vertex -5.46574 5.86311 13.418
      vertex -5.33669 5.95003 5.6
    endloop
  endfacet
  facet normal -0.558555 0.829467 0
    outer loop
      vertex -5.688 5.71341 13.4182
      vertex -5.74501 5.67502 5.6
      vertex -5.74501 5.67502 13.4183
    endloop
  endfacet
  facet normal -0.172136 0.985073 0
    outer loop
      vertex -4.81169 6.04169 5.6
      vertex -4.84099 6.03657 13.4185
      vertex -4.81169 6.04169 13.4185
    endloop
  endfacet
  facet normal -0.171965 0.985103 6.60002e-07
    outer loop
      vertex -4.84099 6.03657 13.4185
      vertex -4.81169 6.04169 5.6
      vertex -4.99165 6.01027 13.4183
    endloop
  endfacet
  facet normal -0.171992 0.985098 2.34687e-08
    outer loop
      vertex -4.99165 6.01027 13.4183
      vertex -4.81169 6.04169 5.6
      vertex -5.15271 5.98215 13.4181
    endloop
  endfacet
  facet normal -0.171989 0.985099 1.45635e-07
    outer loop
      vertex -5.33669 5.95003 5.6
      vertex -5.15271 5.98215 13.4181
      vertex -4.81169 6.04169 5.6
    endloop
  endfacet
  facet normal -0.171983 0.9851 0
    outer loop
      vertex -5.15271 5.98215 13.4181
      vertex -5.33669 5.95003 5.6
      vertex -5.33669 5.95003 13.4178
    endloop
  endfacet
  facet normal 0.0670165 0.997752 -0
    outer loop
      vertex -4.49667 6.02058 5.6
      vertex -4.5193 6.0221 13.4193
      vertex -4.49667 6.02058 13.4193
    endloop
  endfacet
  facet normal 0.0668497 0.997763 -4.84894e-07
    outer loop
      vertex -4.5193 6.0221 13.4193
      vertex -4.49667 6.02058 5.6
      vertex -4.81169 6.04169 13.4185
    endloop
  endfacet
  facet normal 0.0668617 0.997762 0
    outer loop
      vertex -4.81169 6.04169 13.4185
      vertex -4.49667 6.02058 5.6
      vertex -4.81169 6.04169 5.6
    endloop
  endfacet
  facet normal 0.221996 0.975048 -0
    outer loop
      vertex -4.21832 5.95724 5.6
      vertex -4.29369 5.9744 13.42
      vertex -4.21832 5.95724 13.4202
    endloop
  endfacet
  facet normal 0.221841 0.975083 -1.56654e-06
    outer loop
      vertex -4.29369 5.9744 13.42
      vertex -4.21832 5.95724 5.6
      vertex -4.49667 6.02058 13.4193
    endloop
  endfacet
  facet normal 0.221883 0.975073 0
    outer loop
      vertex -4.49667 6.02058 13.4193
      vertex -4.21832 5.95724 5.6
      vertex -4.49667 6.02058 5.6
    endloop
  endfacet
  facet normal 0.400262 0.916401 -0
    outer loop
      vertex -3.97664 5.85168 5.6
      vertex -4.21832 5.95724 13.4202
      vertex -3.97664 5.85168 13.4214
    endloop
  endfacet
  facet normal 0.400262 0.916401 0
    outer loop
      vertex -4.21832 5.95724 13.4202
      vertex -3.97664 5.85168 5.6
      vertex -4.21832 5.95724 5.6
    endloop
  endfacet
  facet normal 0.584774 0.811196 -0
    outer loop
      vertex -3.77164 5.7039 5.6
      vertex -3.97664 5.85168 13.4214
      vertex -3.77164 5.7039 13.4226
    endloop
  endfacet
  facet normal 0.584774 0.811196 0
    outer loop
      vertex -3.97664 5.85168 13.4214
      vertex -3.77164 5.7039 5.6
      vertex -3.97664 5.85168 5.6
    endloop
  endfacet
  facet normal 0.748499 0.663136 0
    outer loop
      vertex -3.6033 5.51389 13.4241
      vertex -3.77164 5.7039 5.6
      vertex -3.77164 5.7039 13.4226
    endloop
  endfacet
  facet normal 0.748499 0.663136 0
    outer loop
      vertex -3.77164 5.7039 5.6
      vertex -3.6033 5.51389 13.4241
      vertex -3.6033 5.51389 5.6
    endloop
  endfacet
  facet normal 0.870609 0.491975 0
    outer loop
      vertex -3.50507 5.34006 13.4253
      vertex -3.6033 5.51389 5.6
      vertex -3.6033 5.51389 13.4241
    endloop
  endfacet
  facet normal 0.870555 0.49207 -0
    outer loop
      vertex -3.46829 5.27499 5.6
      vertex -3.50507 5.34006 13.4253
      vertex -3.46829 5.27499 13.4258
    endloop
  endfacet
  facet normal 0.870595 0.492001 7.6434e-07
    outer loop
      vertex -3.50507 5.34006 13.4253
      vertex -3.46829 5.27499 5.6
      vertex -3.6033 5.51389 5.6
    endloop
  endfacet
  facet normal 0.941907 0.335873 0
    outer loop
      vertex -3.4022 5.08965 13.427
      vertex -3.46829 5.27499 5.6
      vertex -3.46829 5.27499 13.4258
    endloop
  endfacet
  facet normal 0.941918 0.335844 -0
    outer loop
      vertex -3.3633 4.98055 5.6
      vertex -3.4022 5.08965 13.427
      vertex -3.3633 4.98055 13.4278
    endloop
  endfacet
  facet normal 0.941911 0.335862 -2.83238e-07
    outer loop
      vertex -3.4022 5.08965 13.427
      vertex -3.3633 4.98055 5.6
      vertex -3.46829 5.27499 5.6
    endloop
  endfacet
  facet normal 0.977797 0.209556 0
    outer loop
      vertex -3.32545 4.80394 13.4289
      vertex -3.3633 4.98055 5.6
      vertex -3.3633 4.98055 13.4278
    endloop
  endfacet
  facet normal 0.977808 0.209502 -0
    outer loop
      vertex -3.2883 4.63055 5.6
      vertex -3.32545 4.80394 13.4289
      vertex -3.2883 4.63055 13.4299
    endloop
  endfacet
  facet normal 0.977802 0.209529 -6.24483e-07
    outer loop
      vertex -3.32545 4.80394 13.4289
      vertex -3.2883 4.63055 5.6
      vertex -3.3633 4.98055 5.6
    endloop
  endfacet
  facet normal 0.993897 0.110311 0
    outer loop
      vertex -3.28025 4.55802 13.4304
      vertex -3.2883 4.63055 5.6
      vertex -3.2883 4.63055 13.4299
    endloop
  endfacet
  facet normal 0.993904 0.110252 -5.56765e-07
    outer loop
      vertex -3.25062 4.29091 13.4319
      vertex -3.2883 4.63055 5.6
      vertex -3.28025 4.55802 13.4304
    endloop
  endfacet
  facet normal 0.993891 0.110365 -0
    outer loop
      vertex -3.2433 4.22499 5.6
      vertex -3.25062 4.29091 13.4319
      vertex -3.2433 4.22499 13.4323
    endloop
  endfacet
  facet normal 0.9939 0.110281 7.19445e-07
    outer loop
      vertex -3.25062 4.29091 13.4319
      vertex -3.2433 4.22499 5.6
      vertex -3.2883 4.63055 5.6
    endloop
  endfacet
  facet normal 0.999473 0.0324655 0
    outer loop
      vertex -3.23924 4.1 13.433
      vertex -3.2433 4.22499 5.6
      vertex -3.2433 4.22499 13.4323
    endloop
  endfacet
  facet normal 0.999471 0.0325244 3.10814e-07
    outer loop
      vertex -3.2283 3.76389 5.6
      vertex -3.23924 4.1 13.433
      vertex -3.23017 3.82128 13.4346
    endloop
  endfacet
  facet normal 0.99947 0.0325668 -0
    outer loop
      vertex -3.2283 3.76389 5.6
      vertex -3.23017 3.82128 13.4346
      vertex -3.2283 3.76389 13.4349
    endloop
  endfacet
  facet normal 0.999471 0.0325137 7.704e-07
    outer loop
      vertex -3.23924 4.1 13.433
      vertex -3.2283 3.76389 5.6
      vertex -3.2433 4.22499 5.6
    endloop
  endfacet
  facet normal 1 0 0
    outer loop
      vertex -3.2283 3.53098 13.4361
      vertex -3.2283 3.76389 5.6
      vertex -3.2283 3.76389 13.4349
    endloop
  endfacet
  facet normal 1 0 0
    outer loop
      vertex -3.2283 3.51389 5.6
      vertex -3.2283 3.53098 13.4361
      vertex -3.2283 3.51389 13.4362
    endloop
  endfacet
  facet normal 1 0 0
    outer loop
      vertex -3.2283 3.53098 13.4361
      vertex -3.2283 3.51389 5.6
      vertex -3.2283 3.76389 5.6
    endloop
  endfacet
  facet normal 0.999348 -0.0360981 0
    outer loop
      vertex -3.23799 3.24563 13.4376
      vertex -3.2283 3.51389 5.6
      vertex -3.2283 3.51389 13.4362
    endloop
  endfacet
  facet normal 0.999349 -0.0360872 -5.43743e-08
    outer loop
      vertex -3.24358 3.09084 5.6
      vertex -3.23799 3.24563 13.4376
      vertex -3.24274 3.11409 13.4383
    endloop
  endfacet
  facet normal 0.999348 -0.0361055 0
    outer loop
      vertex -3.24358 3.09084 5.6
      vertex -3.24274 3.11409 13.4383
      vertex -3.24358 3.09084 13.4384
    endloop
  endfacet
  facet normal 0.999348 -0.0360951 1.02988e-07
    outer loop
      vertex -3.23799 3.24563 13.4376
      vertex -3.24358 3.09084 5.6
      vertex -3.2283 3.51389 5.6
    endloop
  endfacet
  facet normal 0.992381 -0.123204 0
    outer loop
      vertex -3.2726 2.85709 13.4395
      vertex -3.24358 3.09084 5.6
      vertex -3.24358 3.09084 13.4384
    endloop
  endfacet
  facet normal 0.992385 -0.123178 0
    outer loop
      vertex -3.28941 2.72166 5.6
      vertex -3.2726 2.85709 13.4395
      vertex -3.28941 2.72166 13.4401
    endloop
  endfacet
  facet normal 0.992383 -0.123194 2.88403e-07
    outer loop
      vertex -3.2726 2.85709 13.4395
      vertex -3.28941 2.72166 5.6
      vertex -3.24358 3.09084 5.6
    endloop
  endfacet
  facet normal 0.971849 -0.235603 0
    outer loop
      vertex -3.31054 2.6345 13.4405
      vertex -3.28941 2.72166 5.6
      vertex -3.28941 2.72166 13.4401
    endloop
  endfacet
  facet normal 0.971875 -0.235497 1.25178e-06
    outer loop
      vertex -3.35301 2.45923 13.4412
      vertex -3.28941 2.72166 5.6
      vertex -3.31054 2.6345 13.4405
    endloop
  endfacet
  facet normal 0.971891 -0.235432 0
    outer loop
      vertex -3.36581 2.40639 5.6
      vertex -3.35301 2.45923 13.4412
      vertex -3.36581 2.40639 13.4414
    endloop
  endfacet
  facet normal 0.971871 -0.235515 5.97567e-07
    outer loop
      vertex -3.35301 2.45923 13.4412
      vertex -3.36581 2.40639 5.6
      vertex -3.28941 2.72166 5.6
    endloop
  endfacet
  facet normal 0.92539 -0.379016 0
    outer loop
      vertex -3.3712 2.39323 13.4414
      vertex -3.36581 2.40639 5.6
      vertex -3.36581 2.40639 13.4414
    endloop
  endfacet
  facet normal 0.925503 -0.378741 5.40151e-07
    outer loop
      vertex -3.41777 2.27943 13.4418
      vertex -3.36581 2.40639 5.6
      vertex -3.3712 2.39323 13.4414
    endloop
  endfacet
  facet normal 0.925519 -0.378702 1.26431e-06
    outer loop
      vertex -3.44541 2.21188 13.4419
      vertex -3.36581 2.40639 5.6
      vertex -3.41777 2.27943 13.4418
    endloop
  endfacet
  facet normal 0.925547 -0.378531 -0.0087594
    outer loop
      vertex -3.47278 2.14499 13.4405
      vertex -3.44541 2.21188 13.4419
      vertex -3.45402 2.19083 13.4418
    endloop
  endfacet
  facet normal 0.925461 -0.37883 0.00301687
    outer loop
      vertex -3.47278 2.14499 13.4405
      vertex -3.45402 2.19083 13.4418
      vertex -3.46122 2.17324 13.4417
    endloop
  endfacet
  facet normal 0.925518 -0.378703 1.2438e-06
    outer loop
      vertex -3.44541 2.21188 13.4419
      vertex -3.47278 2.14499 13.4405
      vertex -3.36581 2.40639 5.6
    endloop
  endfacet
  facet normal 0.925505 -0.378735 0
    outer loop
      vertex -3.36581 2.40639 5.6
      vertex -3.47278 2.14499 13.4405
      vertex -3.47278 2.14499 5.6
    endloop
  endfacet
  facet normal 0.833561 -0.552427 0
    outer loop
      vertex -3.61029 1.9375 13.4294
      vertex -3.47278 2.14499 5.6
      vertex -3.47278 2.14499 13.4405
    endloop
  endfacet
  facet normal 0.833561 -0.552427 0
    outer loop
      vertex -3.47278 2.14499 5.6
      vertex -3.61029 1.9375 13.4294
      vertex -3.61029 1.9375 5.6
    endloop
  endfacet
  facet normal 0.69279 -0.721139 0
    outer loop
      vertex -3.61029 1.9375 5.6
      vertex -3.77945 1.77499 13.4182
      vertex -3.77945 1.77499 5.6
    endloop
  endfacet
  facet normal 0.69279 -0.721139 0
    outer loop
      vertex -3.77945 1.77499 13.4182
      vertex -3.61029 1.9375 5.6
      vertex -3.61029 1.9375 13.4294
    endloop
  endfacet
  facet normal 0.530584 -0.847633 0
    outer loop
      vertex -3.77945 1.77499 5.6
      vertex -3.98138 1.64859 13.4068
      vertex -3.98138 1.64859 5.6
    endloop
  endfacet
  facet normal 0.530584 -0.847633 0
    outer loop
      vertex -3.98138 1.64859 13.4068
      vertex -3.77945 1.77499 5.6
      vertex -3.77945 1.77499 13.4182
    endloop
  endfacet
  facet normal 0.358942 -0.93336 0
    outer loop
      vertex -3.98138 1.64859 5.6
      vertex -4.21611 1.55832 13.395
      vertex -4.21611 1.55832 5.6
    endloop
  endfacet
  facet normal 0.358942 -0.93336 0
    outer loop
      vertex -4.21611 1.55832 13.395
      vertex -3.98138 1.64859 5.6
      vertex -3.98138 1.64859 13.4068
    endloop
  endfacet
  facet normal 0.198476 -0.980106 0
    outer loop
      vertex -4.21611 1.55832 5.6
      vertex -4.48361 1.50415 13.3829
      vertex -4.48361 1.50415 5.6
    endloop
  endfacet
  facet normal 0.198476 -0.980106 0
    outer loop
      vertex -4.48361 1.50415 13.3829
      vertex -4.21611 1.55832 5.6
      vertex -4.21611 1.55832 13.395
    endloop
  endfacet
  facet normal 0.0600023 -0.998198 0
    outer loop
      vertex -4.48361 1.50415 5.6
      vertex -4.78389 1.4861 13.3705
      vertex -4.78389 1.4861 5.6
    endloop
  endfacet
  facet normal 0.0600023 -0.998198 0
    outer loop
      vertex -4.78389 1.4861 13.3705
      vertex -4.48361 1.50415 5.6
      vertex -4.48361 1.50415 13.3829
    endloop
  endfacet
  facet normal -0.166861 -0.98598 0
    outer loop
      vertex -4.78389 1.4861 5.6
      vertex -5.31889 1.57664 13.3518
      vertex -5.31889 1.57664 5.6
    endloop
  endfacet
  facet normal -0.166861 -0.98598 0
    outer loop
      vertex -5.31889 1.57664 13.3518
      vertex -4.78389 1.4861 5.6
      vertex -4.78389 1.4861 13.3705
    endloop
  endfacet
endsolid OpenSCAD_Model
