solid OpenSCAD_Model
  facet normal -0.956938 -0.290293 0
    outer loop
      vertex -7.01841 0.593074 0.2
      vertex -7.19141 1.16336 3.24
      vertex -7.19141 1.16336 0.2
    endloop
  endfacet
  facet normal -0.956938 -0.290293 0
    outer loop
      vertex -7.19141 1.16336 3.24
      vertex -7.01841 0.593074 0.2
      vertex -7.01841 0.593074 3.24
    endloop
  endfacet
  facet normal -0.290291 0.956938 0
    outer loop
      vertex -8.83664 -2.80859 0.2
      vertex -9.40693 -2.98159 3.24
      vertex -8.83664 -2.80859 3.24
    endloop
  endfacet
  facet normal -0.290291 0.956938 0
    outer loop
      vertex -9.40693 -2.98159 3.24
      vertex -8.83664 -2.80859 0.2
      vertex -9.40693 -2.98159 0.2
    endloop
  endfacet
  facet normal 0.956938 -0.290293 0
    outer loop
      vertex -12.9816 0.593074 3.24
      vertex -12.8086 1.16336 0.2
      vertex -12.8086 1.16336 3.24
    endloop
  endfacet
  facet normal 0.956938 -0.290293 0
    outer loop
      vertex -12.8086 1.16336 0.2
      vertex -12.9816 0.593074 3.24
      vertex -12.9816 0.593074 0.2
    endloop
  endfacet
  facet normal 0.881937 -0.471367 0
    outer loop
      vertex -12.8086 1.16336 3.24
      vertex -12.5277 1.68893 0.2
      vertex -12.5277 1.68893 3.24
    endloop
  endfacet
  facet normal 0.881937 -0.471367 0
    outer loop
      vertex -12.5277 1.68893 0.2
      vertex -12.8086 1.16336 3.24
      vertex -12.8086 1.16336 0.2
    endloop
  endfacet
  facet normal -0.995185 0.0980127 0
    outer loop
      vertex -7.01841 -0.593074 0.2
      vertex -6.96 0 3.24
      vertex -6.96 0 0.2
    endloop
  endfacet
  facet normal -0.995185 0.0980127 0
    outer loop
      vertex -6.96 0 3.24
      vertex -7.01841 -0.593074 0.2
      vertex -7.01841 -0.593074 3.24
    endloop
  endfacet
  facet normal 0.772979 -0.634431 0
    outer loop
      vertex -12.5277 1.68893 3.24
      vertex -12.1496 2.1496 0.2
      vertex -12.1496 2.1496 3.24
    endloop
  endfacet
  facet normal 0.772979 -0.634431 0
    outer loop
      vertex -12.1496 2.1496 0.2
      vertex -12.5277 1.68893 3.24
      vertex -12.5277 1.68893 0.2
    endloop
  endfacet
  facet normal -0.881923 0.471393 0
    outer loop
      vertex -7.47233 -1.68893 0.2
      vertex -7.19141 -1.16336 3.24
      vertex -7.19141 -1.16336 0.2
    endloop
  endfacet
  facet normal -0.881923 0.471393 0
    outer loop
      vertex -7.19141 -1.16336 3.24
      vertex -7.47233 -1.68893 0.2
      vertex -7.47233 -1.68893 3.24
    endloop
  endfacet
  facet normal -0.0980133 0.995185 0
    outer loop
      vertex -9.40693 -2.98159 0.2
      vertex -10 -3.04 3.24
      vertex -9.40693 -2.98159 3.24
    endloop
  endfacet
  facet normal -0.0980133 0.995185 0
    outer loop
      vertex -10 -3.04 3.24
      vertex -9.40693 -2.98159 0.2
      vertex -10 -3.04 0.2
    endloop
  endfacet
  facet normal -0.995185 -0.0980127 0
    outer loop
      vertex -6.96 0 0.2
      vertex -7.01841 0.593074 3.24
      vertex -7.01841 0.593074 0.2
    endloop
  endfacet
  facet normal -0.995185 -0.0980127 0
    outer loop
      vertex -7.01841 0.593074 3.24
      vertex -6.96 0 0.2
      vertex -6.96 0 3.24
    endloop
  endfacet
  facet normal 0 0 1
    outer loop
      vertex -7.01841 0.593074 0.2
      vertex -7.01841 -0.593074 0.2
      vertex -6.96 0 0.2
    endloop
  endfacet
  facet normal 0 0 1
    outer loop
      vertex -7.19141 1.16336 0.2
      vertex -7.01841 -0.593074 0.2
      vertex -7.01841 0.593074 0.2
    endloop
  endfacet
  facet normal 0 0 1
    outer loop
      vertex -7.19141 1.16336 0.2
      vertex -7.19141 -1.16336 0.2
      vertex -7.01841 -0.593074 0.2
    endloop
  endfacet
  facet normal 0 0 1
    outer loop
      vertex -7.47233 1.68893 0.2
      vertex -7.19141 -1.16336 0.2
      vertex -7.19141 1.16336 0.2
    endloop
  endfacet
  facet normal 0 0 1
    outer loop
      vertex -7.47233 1.68893 0.2
      vertex -7.47233 -1.68893 0.2
      vertex -7.19141 -1.16336 0.2
    endloop
  endfacet
  facet normal 0 0 1
    outer loop
      vertex -7.8504 2.1496 0.2
      vertex -7.47233 -1.68893 0.2
      vertex -7.47233 1.68893 0.2
    endloop
  endfacet
  facet normal 0 0 1
    outer loop
      vertex -7.8504 2.1496 0.2
      vertex -7.8504 -2.1496 0.2
      vertex -7.47233 -1.68893 0.2
    endloop
  endfacet
  facet normal 0 0 1
    outer loop
      vertex -8.31107 2.52767 0.2
      vertex -7.8504 -2.1496 0.2
      vertex -7.8504 2.1496 0.2
    endloop
  endfacet
  facet normal 0 0 1
    outer loop
      vertex -8.31107 2.52767 0.2
      vertex -8.31107 -2.52767 0.2
      vertex -7.8504 -2.1496 0.2
    endloop
  endfacet
  facet normal 0 0 1
    outer loop
      vertex -8.83664 2.80859 0.2
      vertex -8.31107 -2.52767 0.2
      vertex -8.31107 2.52767 0.2
    endloop
  endfacet
  facet normal 0 0 1
    outer loop
      vertex -8.83664 2.80859 0.2
      vertex -8.83664 -2.80859 0.2
      vertex -8.31107 -2.52767 0.2
    endloop
  endfacet
  facet normal 0 0 1
    outer loop
      vertex -9.40693 2.98159 0.2
      vertex -8.83664 -2.80859 0.2
      vertex -8.83664 2.80859 0.2
    endloop
  endfacet
  facet normal 0 0 1
    outer loop
      vertex -9.40693 2.98159 0.2
      vertex -9.40693 -2.98159 0.2
      vertex -8.83664 -2.80859 0.2
    endloop
  endfacet
  facet normal 0 0 1
    outer loop
      vertex -10 3.04 0.2
      vertex -9.40693 -2.98159 0.2
      vertex -9.40693 2.98159 0.2
    endloop
  endfacet
  facet normal 0 0 1
    outer loop
      vertex -10 3.04 0.2
      vertex -10 -3.04 0.2
      vertex -9.40693 -2.98159 0.2
    endloop
  endfacet
  facet normal -0 0 1
    outer loop
      vertex -10.5931 2.98159 0.2
      vertex -10 -3.04 0.2
      vertex -10 3.04 0.2
    endloop
  endfacet
  facet normal 0 0 1
    outer loop
      vertex -10.5931 2.98159 0.2
      vertex -10.5931 -2.98159 0.2
      vertex -10 -3.04 0.2
    endloop
  endfacet
  facet normal -0 0 1
    outer loop
      vertex -11.1634 2.80859 0.2
      vertex -10.5931 -2.98159 0.2
      vertex -10.5931 2.98159 0.2
    endloop
  endfacet
  facet normal 0 0 1
    outer loop
      vertex -11.1634 2.80859 0.2
      vertex -11.1634 -2.80859 0.2
      vertex -10.5931 -2.98159 0.2
    endloop
  endfacet
  facet normal -0 0 1
    outer loop
      vertex -11.6889 2.52767 0.2
      vertex -11.1634 -2.80859 0.2
      vertex -11.1634 2.80859 0.2
    endloop
  endfacet
  facet normal 0 0 1
    outer loop
      vertex -11.6889 2.52767 0.2
      vertex -11.6889 -2.52767 0.2
      vertex -11.1634 -2.80859 0.2
    endloop
  endfacet
  facet normal -0 0 1
    outer loop
      vertex -12.1496 2.1496 0.2
      vertex -11.6889 -2.52767 0.2
      vertex -11.6889 2.52767 0.2
    endloop
  endfacet
  facet normal 0 0 1
    outer loop
      vertex -12.1496 2.1496 0.2
      vertex -12.1496 -2.1496 0.2
      vertex -11.6889 -2.52767 0.2
    endloop
  endfacet
  facet normal -0 0 1
    outer loop
      vertex -12.5277 1.68893 0.2
      vertex -12.1496 -2.1496 0.2
      vertex -12.1496 2.1496 0.2
    endloop
  endfacet
  facet normal 0 0 1
    outer loop
      vertex -12.5277 1.68893 0.2
      vertex -12.5277 -1.68893 0.2
      vertex -12.1496 -2.1496 0.2
    endloop
  endfacet
  facet normal -0 0 1
    outer loop
      vertex -12.8086 1.16336 0.2
      vertex -12.5277 -1.68893 0.2
      vertex -12.5277 1.68893 0.2
    endloop
  endfacet
  facet normal 0 0 1
    outer loop
      vertex -12.8086 1.16336 0.2
      vertex -12.8086 -1.16336 0.2
      vertex -12.5277 -1.68893 0.2
    endloop
  endfacet
  facet normal -0 0 1
    outer loop
      vertex -12.9816 0.593074 0.2
      vertex -12.8086 -1.16336 0.2
      vertex -12.8086 1.16336 0.2
    endloop
  endfacet
  facet normal 0 0 1
    outer loop
      vertex -12.9816 0.593074 0.2
      vertex -12.9816 -0.593074 0.2
      vertex -12.8086 -1.16336 0.2
    endloop
  endfacet
  facet normal 0 -0 1
    outer loop
      vertex -12.9816 -0.593074 0.2
      vertex -12.9816 0.593074 0.2
      vertex -13.04 0 0.2
    endloop
  endfacet
  facet normal 0.290287 0.95694 -0
    outer loop
      vertex -10.5931 -2.98159 0.2
      vertex -11.1634 -2.80859 3.24
      vertex -10.5931 -2.98159 3.24
    endloop
  endfacet
  facet normal 0.290287 0.95694 0
    outer loop
      vertex -11.1634 -2.80859 3.24
      vertex -10.5931 -2.98159 0.2
      vertex -11.1634 -2.80859 0.2
    endloop
  endfacet
  facet normal -0.881923 -0.471393 0
    outer loop
      vertex -7.19141 1.16336 0.2
      vertex -7.47233 1.68893 3.24
      vertex -7.47233 1.68893 0.2
    endloop
  endfacet
  facet normal -0.881923 -0.471393 0
    outer loop
      vertex -7.47233 1.68893 3.24
      vertex -7.19141 1.16336 0.2
      vertex -7.19141 1.16336 3.24
    endloop
  endfacet
  facet normal 0.0980084 -0.995186 0
    outer loop
      vertex -10.5931 2.98159 0.2
      vertex -10 3.04 3.24
      vertex -10.5931 2.98159 3.24
    endloop
  endfacet
  facet normal 0.0980084 -0.995186 0
    outer loop
      vertex -10 3.04 3.24
      vertex -10.5931 2.98159 0.2
      vertex -10 3.04 0.2
    endloop
  endfacet
  facet normal -0.471393 -0.881923 0
    outer loop
      vertex -8.83664 2.80859 0.2
      vertex -8.31107 2.52767 3.24
      vertex -8.83664 2.80859 3.24
    endloop
  endfacet
  facet normal -0.471393 -0.881923 -0
    outer loop
      vertex -8.31107 2.52767 3.24
      vertex -8.83664 2.80859 0.2
      vertex -8.31107 2.52767 0.2
    endloop
  endfacet
  facet normal -0.471393 0.881923 0
    outer loop
      vertex -8.31107 -2.52767 0.2
      vertex -8.83664 -2.80859 3.24
      vertex -8.31107 -2.52767 3.24
    endloop
  endfacet
  facet normal -0.471393 0.881923 0
    outer loop
      vertex -8.83664 -2.80859 3.24
      vertex -8.31107 -2.52767 0.2
      vertex -8.83664 -2.80859 0.2
    endloop
  endfacet
  facet normal 0.995187 0.097996 0
    outer loop
      vertex -12.9816 -0.593074 3.24
      vertex -13.04 0 0.2
      vertex -13.04 0 3.24
    endloop
  endfacet
  facet normal 0.995187 0.097996 0
    outer loop
      vertex -13.04 0 0.2
      vertex -12.9816 -0.593074 3.24
      vertex -12.9816 -0.593074 0.2
    endloop
  endfacet
  facet normal 0.634377 -0.773024 0
    outer loop
      vertex -12.1496 2.1496 0.2
      vertex -11.6889 2.52767 3.24
      vertex -12.1496 2.1496 3.24
    endloop
  endfacet
  facet normal 0.634377 -0.773024 0
    outer loop
      vertex -11.6889 2.52767 3.24
      vertex -12.1496 2.1496 0.2
      vertex -11.6889 2.52767 0.2
    endloop
  endfacet
  facet normal -0.634401 -0.773004 0
    outer loop
      vertex -8.31107 2.52767 0.2
      vertex -7.8504 2.1496 3.24
      vertex -8.31107 2.52767 3.24
    endloop
  endfacet
  facet normal -0.634401 -0.773004 -0
    outer loop
      vertex -7.8504 2.1496 3.24
      vertex -8.31107 2.52767 0.2
      vertex -7.8504 2.1496 0.2
    endloop
  endfacet
  facet normal 0.290287 -0.95694 0
    outer loop
      vertex -11.1634 2.80859 0.2
      vertex -10.5931 2.98159 3.24
      vertex -11.1634 2.80859 3.24
    endloop
  endfacet
  facet normal 0.290287 -0.95694 0
    outer loop
      vertex -10.5931 2.98159 3.24
      vertex -11.1634 2.80859 0.2
      vertex -10.5931 2.98159 0.2
    endloop
  endfacet
  facet normal 0.995187 -0.097996 0
    outer loop
      vertex -13.04 0 3.24
      vertex -12.9816 0.593074 0.2
      vertex -12.9816 0.593074 3.24
    endloop
  endfacet
  facet normal 0.995187 -0.097996 0
    outer loop
      vertex -12.9816 0.593074 0.2
      vertex -13.04 0 3.24
      vertex -13.04 0 0.2
    endloop
  endfacet
  facet normal 0.471442 0.881897 -0
    outer loop
      vertex -11.1634 -2.80859 0.2
      vertex -11.6889 -2.52767 3.24
      vertex -11.1634 -2.80859 3.24
    endloop
  endfacet
  facet normal 0.471442 0.881897 0
    outer loop
      vertex -11.6889 -2.52767 3.24
      vertex -11.1634 -2.80859 0.2
      vertex -11.6889 -2.52767 0.2
    endloop
  endfacet
  facet normal -0.290291 -0.956938 0
    outer loop
      vertex -9.40693 2.98159 0.2
      vertex -8.83664 2.80859 3.24
      vertex -9.40693 2.98159 3.24
    endloop
  endfacet
  facet normal -0.290291 -0.956938 -0
    outer loop
      vertex -8.83664 2.80859 3.24
      vertex -9.40693 2.98159 0.2
      vertex -8.83664 2.80859 0.2
    endloop
  endfacet
  facet normal -0.773004 -0.634401 0
    outer loop
      vertex -7.47233 1.68893 0.2
      vertex -7.8504 2.1496 3.24
      vertex -7.8504 2.1496 0.2
    endloop
  endfacet
  facet normal -0.773004 -0.634401 0
    outer loop
      vertex -7.8504 2.1496 3.24
      vertex -7.47233 1.68893 0.2
      vertex -7.47233 1.68893 3.24
    endloop
  endfacet
  facet normal -0.956938 0.290293 0
    outer loop
      vertex -7.19141 -1.16336 0.2
      vertex -7.01841 -0.593074 3.24
      vertex -7.01841 -0.593074 0.2
    endloop
  endfacet
  facet normal -0.956938 0.290293 0
    outer loop
      vertex -7.01841 -0.593074 3.24
      vertex -7.19141 -1.16336 0.2
      vertex -7.19141 -1.16336 3.24
    endloop
  endfacet
  facet normal -0.0980133 -0.995185 0
    outer loop
      vertex -10 3.04 0.2
      vertex -9.40693 2.98159 3.24
      vertex -10 3.04 3.24
    endloop
  endfacet
  facet normal -0.0980133 -0.995185 -0
    outer loop
      vertex -9.40693 2.98159 3.24
      vertex -10 3.04 0.2
      vertex -9.40693 2.98159 0.2
    endloop
  endfacet
  facet normal 0.471442 -0.881897 0
    outer loop
      vertex -11.6889 2.52767 0.2
      vertex -11.1634 2.80859 3.24
      vertex -11.6889 2.52767 3.24
    endloop
  endfacet
  facet normal 0.471442 -0.881897 0
    outer loop
      vertex -11.1634 2.80859 3.24
      vertex -11.6889 2.52767 0.2
      vertex -11.1634 2.80859 0.2
    endloop
  endfacet
  facet normal 0.881937 0.471367 0
    outer loop
      vertex -12.5277 -1.68893 3.24
      vertex -12.8086 -1.16336 0.2
      vertex -12.8086 -1.16336 3.24
    endloop
  endfacet
  facet normal 0.881937 0.471367 0
    outer loop
      vertex -12.8086 -1.16336 0.2
      vertex -12.5277 -1.68893 3.24
      vertex -12.5277 -1.68893 0.2
    endloop
  endfacet
  facet normal 0.772979 0.634431 0
    outer loop
      vertex -12.1496 -2.1496 3.24
      vertex -12.5277 -1.68893 0.2
      vertex -12.5277 -1.68893 3.24
    endloop
  endfacet
  facet normal 0.772979 0.634431 0
    outer loop
      vertex -12.5277 -1.68893 0.2
      vertex -12.1496 -2.1496 3.24
      vertex -12.1496 -2.1496 0.2
    endloop
  endfacet
  facet normal 0.956938 0.290293 0
    outer loop
      vertex -12.8086 -1.16336 3.24
      vertex -12.9816 -0.593074 0.2
      vertex -12.9816 -0.593074 3.24
    endloop
  endfacet
  facet normal 0.956938 0.290293 0
    outer loop
      vertex -12.9816 -0.593074 0.2
      vertex -12.8086 -1.16336 3.24
      vertex -12.8086 -1.16336 0.2
    endloop
  endfacet
  facet normal 0.634377 0.773024 -0
    outer loop
      vertex -11.6889 -2.52767 0.2
      vertex -12.1496 -2.1496 3.24
      vertex -11.6889 -2.52767 3.24
    endloop
  endfacet
  facet normal 0.634377 0.773024 0
    outer loop
      vertex -12.1496 -2.1496 3.24
      vertex -11.6889 -2.52767 0.2
      vertex -12.1496 -2.1496 0.2
    endloop
  endfacet
  facet normal -0.634401 0.773004 0
    outer loop
      vertex -7.8504 -2.1496 0.2
      vertex -8.31107 -2.52767 3.24
      vertex -7.8504 -2.1496 3.24
    endloop
  endfacet
  facet normal -0.634401 0.773004 0
    outer loop
      vertex -8.31107 -2.52767 3.24
      vertex -7.8504 -2.1496 0.2
      vertex -8.31107 -2.52767 0.2
    endloop
  endfacet
  facet normal -0.773004 0.634401 0
    outer loop
      vertex -7.8504 -2.1496 0.2
      vertex -7.47233 -1.68893 3.24
      vertex -7.47233 -1.68893 0.2
    endloop
  endfacet
  facet normal -0.773004 0.634401 0
    outer loop
      vertex -7.47233 -1.68893 3.24
      vertex -7.8504 -2.1496 0.2
      vertex -7.8504 -2.1496 3.24
    endloop
  endfacet
  facet normal 0.0980084 0.995186 -0
    outer loop
      vertex -10 -3.04 0.2
      vertex -10.5931 -2.98159 3.24
      vertex -10 -3.04 3.24
    endloop
  endfacet
  facet normal 0.0980084 0.995186 0
    outer loop
      vertex -10.5931 -2.98159 3.24
      vertex -10 -3.04 0.2
      vertex -10.5931 -2.98159 0.2
    endloop
  endfacet
  facet normal 0 0 -1
    outer loop
      vertex -7.01841 -0.593074 3.24
      vertex -7.01841 0.593074 3.24
      vertex -6.96 0 3.24
    endloop
  endfacet
  facet normal 0 0 -1
    outer loop
      vertex -7.19141 -1.16336 3.24
      vertex -7.01841 0.593074 3.24
      vertex -7.01841 -0.593074 3.24
    endloop
  endfacet
  facet normal 0 0 -1
    outer loop
      vertex -7.19141 -1.16336 3.24
      vertex -7.19141 1.16336 3.24
      vertex -7.01841 0.593074 3.24
    endloop
  endfacet
  facet normal 0 0 -1
    outer loop
      vertex -7.47233 -1.68893 3.24
      vertex -7.19141 1.16336 3.24
      vertex -7.19141 -1.16336 3.24
    endloop
  endfacet
  facet normal 0 0 -1
    outer loop
      vertex -7.47233 -1.68893 3.24
      vertex -7.47233 1.68893 3.24
      vertex -7.19141 1.16336 3.24
    endloop
  endfacet
  facet normal 0 0 -1
    outer loop
      vertex -7.8504 -2.1496 3.24
      vertex -7.47233 1.68893 3.24
      vertex -7.47233 -1.68893 3.24
    endloop
  endfacet
  facet normal 0 0 -1
    outer loop
      vertex -7.8504 -2.1496 3.24
      vertex -7.8504 2.1496 3.24
      vertex -7.47233 1.68893 3.24
    endloop
  endfacet
  facet normal 0 0 -1
    outer loop
      vertex -8.31107 -2.52767 3.24
      vertex -7.8504 2.1496 3.24
      vertex -7.8504 -2.1496 3.24
    endloop
  endfacet
  facet normal 0 0 -1
    outer loop
      vertex -8.31107 -2.52767 3.24
      vertex -8.31107 2.52767 3.24
      vertex -7.8504 2.1496 3.24
    endloop
  endfacet
  facet normal 0 0 -1
    outer loop
      vertex -8.83664 -2.80859 3.24
      vertex -8.31107 2.52767 3.24
      vertex -8.31107 -2.52767 3.24
    endloop
  endfacet
  facet normal 0 0 -1
    outer loop
      vertex -8.83664 -2.80859 3.24
      vertex -8.83664 2.80859 3.24
      vertex -8.31107 2.52767 3.24
    endloop
  endfacet
  facet normal 0 0 -1
    outer loop
      vertex -9.40693 -2.98159 3.24
      vertex -8.83664 2.80859 3.24
      vertex -8.83664 -2.80859 3.24
    endloop
  endfacet
  facet normal 0 0 -1
    outer loop
      vertex -9.40693 -2.98159 3.24
      vertex -9.40693 2.98159 3.24
      vertex -8.83664 2.80859 3.24
    endloop
  endfacet
  facet normal 0 0 -1
    outer loop
      vertex -10 -3.04 3.24
      vertex -9.40693 2.98159 3.24
      vertex -9.40693 -2.98159 3.24
    endloop
  endfacet
  facet normal 0 0 -1
    outer loop
      vertex -10 -3.04 3.24
      vertex -10 3.04 3.24
      vertex -9.40693 2.98159 3.24
    endloop
  endfacet
  facet normal 0 0 -1
    outer loop
      vertex -10.5931 -2.98159 3.24
      vertex -10 3.04 3.24
      vertex -10 -3.04 3.24
    endloop
  endfacet
  facet normal 0 0 -1
    outer loop
      vertex -10.5931 -2.98159 3.24
      vertex -10.5931 2.98159 3.24
      vertex -10 3.04 3.24
    endloop
  endfacet
  facet normal 0 0 -1
    outer loop
      vertex -11.1634 -2.80859 3.24
      vertex -10.5931 2.98159 3.24
      vertex -10.5931 -2.98159 3.24
    endloop
  endfacet
  facet normal 0 0 -1
    outer loop
      vertex -11.1634 -2.80859 3.24
      vertex -11.1634 2.80859 3.24
      vertex -10.5931 2.98159 3.24
    endloop
  endfacet
  facet normal 0 0 -1
    outer loop
      vertex -11.6889 -2.52767 3.24
      vertex -11.1634 2.80859 3.24
      vertex -11.1634 -2.80859 3.24
    endloop
  endfacet
  facet normal 0 0 -1
    outer loop
      vertex -11.6889 -2.52767 3.24
      vertex -11.6889 2.52767 3.24
      vertex -11.1634 2.80859 3.24
    endloop
  endfacet
  facet normal 0 0 -1
    outer loop
      vertex -12.1496 -2.1496 3.24
      vertex -11.6889 2.52767 3.24
      vertex -11.6889 -2.52767 3.24
    endloop
  endfacet
  facet normal 0 0 -1
    outer loop
      vertex -12.1496 -2.1496 3.24
      vertex -12.1496 2.1496 3.24
      vertex -11.6889 2.52767 3.24
    endloop
  endfacet
  facet normal 0 0 -1
    outer loop
      vertex -12.5277 -1.68893 3.24
      vertex -12.1496 2.1496 3.24
      vertex -12.1496 -2.1496 3.24
    endloop
  endfacet
  facet normal 0 0 -1
    outer loop
      vertex -12.5277 -1.68893 3.24
      vertex -12.5277 1.68893 3.24
      vertex -12.1496 2.1496 3.24
    endloop
  endfacet
  facet normal 0 0 -1
    outer loop
      vertex -12.8086 -1.16336 3.24
      vertex -12.5277 1.68893 3.24
      vertex -12.5277 -1.68893 3.24
    endloop
  endfacet
  facet normal 0 0 -1
    outer loop
      vertex -12.8086 -1.16336 3.24
      vertex -12.8086 1.16336 3.24
      vertex -12.5277 1.68893 3.24
    endloop
  endfacet
  facet normal 0 0 -1
    outer loop
      vertex -12.9816 -0.593074 3.24
      vertex -12.8086 1.16336 3.24
      vertex -12.8086 -1.16336 3.24
    endloop
  endfacet
  facet normal 0 0 -1
    outer loop
      vertex -12.9816 -0.593074 3.24
      vertex -12.9816 0.593074 3.24
      vertex -12.8086 1.16336 3.24
    endloop
  endfacet
  facet normal 0 -0 -1
    outer loop
      vertex -12.9816 0.593074 3.24
      vertex -12.9816 -0.593074 3.24
      vertex -13.04 0 3.24
    endloop
  endfacet
  facet normal -0.956938 -0.290293 0
    outer loop
      vertex 12.9816 0.593074 0.2
      vertex 12.8086 1.16336 3.24
      vertex 12.8086 1.16336 0.2
    endloop
  endfacet
  facet normal -0.956938 -0.290293 0
    outer loop
      vertex 12.8086 1.16336 3.24
      vertex 12.9816 0.593074 0.2
      vertex 12.9816 0.593074 3.24
    endloop
  endfacet
  facet normal -0.290287 0.95694 0
    outer loop
      vertex 11.1634 -2.80859 0.2
      vertex 10.5931 -2.98159 3.24
      vertex 11.1634 -2.80859 3.24
    endloop
  endfacet
  facet normal -0.290287 0.95694 0
    outer loop
      vertex 10.5931 -2.98159 3.24
      vertex 11.1634 -2.80859 0.2
      vertex 10.5931 -2.98159 0.2
    endloop
  endfacet
  facet normal 0.956938 -0.290293 0
    outer loop
      vertex 7.01841 0.593074 3.24
      vertex 7.19141 1.16336 0.2
      vertex 7.19141 1.16336 3.24
    endloop
  endfacet
  facet normal 0.956938 -0.290293 0
    outer loop
      vertex 7.19141 1.16336 0.2
      vertex 7.01841 0.593074 3.24
      vertex 7.01841 0.593074 0.2
    endloop
  endfacet
  facet normal 0.881923 -0.471393 0
    outer loop
      vertex 7.19141 1.16336 3.24
      vertex 7.47233 1.68893 0.2
      vertex 7.47233 1.68893 3.24
    endloop
  endfacet
  facet normal 0.881923 -0.471393 0
    outer loop
      vertex 7.47233 1.68893 0.2
      vertex 7.19141 1.16336 3.24
      vertex 7.19141 1.16336 0.2
    endloop
  endfacet
  facet normal -0.995187 0.097996 0
    outer loop
      vertex 12.9816 -0.593074 0.2
      vertex 13.04 0 3.24
      vertex 13.04 0 0.2
    endloop
  endfacet
  facet normal -0.995187 0.097996 0
    outer loop
      vertex 13.04 0 3.24
      vertex 12.9816 -0.593074 0.2
      vertex 12.9816 -0.593074 3.24
    endloop
  endfacet
  facet normal 0.773004 -0.634401 0
    outer loop
      vertex 7.47233 1.68893 3.24
      vertex 7.8504 2.1496 0.2
      vertex 7.8504 2.1496 3.24
    endloop
  endfacet
  facet normal 0.773004 -0.634401 0
    outer loop
      vertex 7.8504 2.1496 0.2
      vertex 7.47233 1.68893 3.24
      vertex 7.47233 1.68893 0.2
    endloop
  endfacet
  facet normal -0.881937 0.471367 0
    outer loop
      vertex 12.5277 -1.68893 0.2
      vertex 12.8086 -1.16336 3.24
      vertex 12.8086 -1.16336 0.2
    endloop
  endfacet
  facet normal -0.881937 0.471367 0
    outer loop
      vertex 12.8086 -1.16336 3.24
      vertex 12.5277 -1.68893 0.2
      vertex 12.5277 -1.68893 3.24
    endloop
  endfacet
  facet normal -0.0980084 0.995186 0
    outer loop
      vertex 10.5931 -2.98159 0.2
      vertex 10 -3.04 3.24
      vertex 10.5931 -2.98159 3.24
    endloop
  endfacet
  facet normal -0.0980084 0.995186 0
    outer loop
      vertex 10 -3.04 3.24
      vertex 10.5931 -2.98159 0.2
      vertex 10 -3.04 0.2
    endloop
  endfacet
  facet normal -0.995187 -0.097996 0
    outer loop
      vertex 13.04 0 0.2
      vertex 12.9816 0.593074 3.24
      vertex 12.9816 0.593074 0.2
    endloop
  endfacet
  facet normal -0.995187 -0.097996 0
    outer loop
      vertex 12.9816 0.593074 3.24
      vertex 13.04 0 0.2
      vertex 13.04 0 3.24
    endloop
  endfacet
  facet normal -0.634377 0.773024 0
    outer loop
      vertex 12.1496 -2.1496 0.2
      vertex 11.6889 -2.52767 3.24
      vertex 12.1496 -2.1496 3.24
    endloop
  endfacet
  facet normal -0.634377 0.773024 0
    outer loop
      vertex 11.6889 -2.52767 3.24
      vertex 12.1496 -2.1496 0.2
      vertex 11.6889 -2.52767 0.2
    endloop
  endfacet
  facet normal 0 0 1
    outer loop
      vertex 12.9816 0.593074 0.2
      vertex 12.9816 -0.593074 0.2
      vertex 13.04 0 0.2
    endloop
  endfacet
  facet normal 0 0 1
    outer loop
      vertex 12.8086 1.16336 0.2
      vertex 12.9816 -0.593074 0.2
      vertex 12.9816 0.593074 0.2
    endloop
  endfacet
  facet normal 0 0 1
    outer loop
      vertex 12.8086 1.16336 0.2
      vertex 12.8086 -1.16336 0.2
      vertex 12.9816 -0.593074 0.2
    endloop
  endfacet
  facet normal 0 0 1
    outer loop
      vertex 12.5277 1.68893 0.2
      vertex 12.8086 -1.16336 0.2
      vertex 12.8086 1.16336 0.2
    endloop
  endfacet
  facet normal 0 0 1
    outer loop
      vertex 12.5277 1.68893 0.2
      vertex 12.5277 -1.68893 0.2
      vertex 12.8086 -1.16336 0.2
    endloop
  endfacet
  facet normal 0 0 1
    outer loop
      vertex 12.1496 2.1496 0.2
      vertex 12.5277 -1.68893 0.2
      vertex 12.5277 1.68893 0.2
    endloop
  endfacet
  facet normal 0 0 1
    outer loop
      vertex 12.1496 2.1496 0.2
      vertex 12.1496 -2.1496 0.2
      vertex 12.5277 -1.68893 0.2
    endloop
  endfacet
  facet normal 0 0 1
    outer loop
      vertex 11.6889 2.52767 0.2
      vertex 12.1496 -2.1496 0.2
      vertex 12.1496 2.1496 0.2
    endloop
  endfacet
  facet normal 0 0 1
    outer loop
      vertex 11.6889 2.52767 0.2
      vertex 11.6889 -2.52767 0.2
      vertex 12.1496 -2.1496 0.2
    endloop
  endfacet
  facet normal 0 0 1
    outer loop
      vertex 11.1634 2.80859 0.2
      vertex 11.6889 -2.52767 0.2
      vertex 11.6889 2.52767 0.2
    endloop
  endfacet
  facet normal 0 0 1
    outer loop
      vertex 11.1634 2.80859 0.2
      vertex 11.1634 -2.80859 0.2
      vertex 11.6889 -2.52767 0.2
    endloop
  endfacet
  facet normal 0 0 1
    outer loop
      vertex 10.5931 2.98159 0.2
      vertex 11.1634 -2.80859 0.2
      vertex 11.1634 2.80859 0.2
    endloop
  endfacet
  facet normal 0 0 1
    outer loop
      vertex 10.5931 2.98159 0.2
      vertex 10.5931 -2.98159 0.2
      vertex 11.1634 -2.80859 0.2
    endloop
  endfacet
  facet normal 0 0 1
    outer loop
      vertex 10 3.04 0.2
      vertex 10.5931 -2.98159 0.2
      vertex 10.5931 2.98159 0.2
    endloop
  endfacet
  facet normal 0 0 1
    outer loop
      vertex 10 3.04 0.2
      vertex 10 -3.04 0.2
      vertex 10.5931 -2.98159 0.2
    endloop
  endfacet
  facet normal -0 0 1
    outer loop
      vertex 9.40693 2.98159 0.2
      vertex 10 -3.04 0.2
      vertex 10 3.04 0.2
    endloop
  endfacet
  facet normal 0 0 1
    outer loop
      vertex 9.40693 2.98159 0.2
      vertex 9.40693 -2.98159 0.2
      vertex 10 -3.04 0.2
    endloop
  endfacet
  facet normal -0 0 1
    outer loop
      vertex 8.83664 2.80859 0.2
      vertex 9.40693 -2.98159 0.2
      vertex 9.40693 2.98159 0.2
    endloop
  endfacet
  facet normal 0 0 1
    outer loop
      vertex 8.83664 2.80859 0.2
      vertex 8.83664 -2.80859 0.2
      vertex 9.40693 -2.98159 0.2
    endloop
  endfacet
  facet normal -0 0 1
    outer loop
      vertex 8.31107 2.52767 0.2
      vertex 8.83664 -2.80859 0.2
      vertex 8.83664 2.80859 0.2
    endloop
  endfacet
  facet normal 0 0 1
    outer loop
      vertex 8.31107 2.52767 0.2
      vertex 8.31107 -2.52767 0.2
      vertex 8.83664 -2.80859 0.2
    endloop
  endfacet
  facet normal -0 0 1
    outer loop
      vertex 7.8504 2.1496 0.2
      vertex 8.31107 -2.52767 0.2
      vertex 8.31107 2.52767 0.2
    endloop
  endfacet
  facet normal 0 0 1
    outer loop
      vertex 7.8504 2.1496 0.2
      vertex 7.8504 -2.1496 0.2
      vertex 8.31107 -2.52767 0.2
    endloop
  endfacet
  facet normal -0 0 1
    outer loop
      vertex 7.47233 1.68893 0.2
      vertex 7.8504 -2.1496 0.2
      vertex 7.8504 2.1496 0.2
    endloop
  endfacet
  facet normal 0 0 1
    outer loop
      vertex 7.47233 1.68893 0.2
      vertex 7.47233 -1.68893 0.2
      vertex 7.8504 -2.1496 0.2
    endloop
  endfacet
  facet normal -0 0 1
    outer loop
      vertex 7.19141 1.16336 0.2
      vertex 7.47233 -1.68893 0.2
      vertex 7.47233 1.68893 0.2
    endloop
  endfacet
  facet normal 0 0 1
    outer loop
      vertex 7.19141 1.16336 0.2
      vertex 7.19141 -1.16336 0.2
      vertex 7.47233 -1.68893 0.2
    endloop
  endfacet
  facet normal -0 0 1
    outer loop
      vertex 7.01841 0.593074 0.2
      vertex 7.19141 -1.16336 0.2
      vertex 7.19141 1.16336 0.2
    endloop
  endfacet
  facet normal 0 0 1
    outer loop
      vertex 7.01841 0.593074 0.2
      vertex 7.01841 -0.593074 0.2
      vertex 7.19141 -1.16336 0.2
    endloop
  endfacet
  facet normal 0 -0 1
    outer loop
      vertex 7.01841 -0.593074 0.2
      vertex 7.01841 0.593074 0.2
      vertex 6.96 0 0.2
    endloop
  endfacet
  facet normal 0.290291 0.956938 -0
    outer loop
      vertex 9.40693 -2.98159 0.2
      vertex 8.83664 -2.80859 3.24
      vertex 9.40693 -2.98159 3.24
    endloop
  endfacet
  facet normal 0.290291 0.956938 0
    outer loop
      vertex 8.83664 -2.80859 3.24
      vertex 9.40693 -2.98159 0.2
      vertex 8.83664 -2.80859 0.2
    endloop
  endfacet
  facet normal 0.471393 -0.881923 0
    outer loop
      vertex 8.31107 2.52767 0.2
      vertex 8.83664 2.80859 3.24
      vertex 8.31107 2.52767 3.24
    endloop
  endfacet
  facet normal 0.471393 -0.881923 0
    outer loop
      vertex 8.83664 2.80859 3.24
      vertex 8.31107 2.52767 0.2
      vertex 8.83664 2.80859 0.2
    endloop
  endfacet
  facet normal -0.881937 -0.471367 0
    outer loop
      vertex 12.8086 1.16336 0.2
      vertex 12.5277 1.68893 3.24
      vertex 12.5277 1.68893 0.2
    endloop
  endfacet
  facet normal -0.881937 -0.471367 0
    outer loop
      vertex 12.5277 1.68893 3.24
      vertex 12.8086 1.16336 0.2
      vertex 12.8086 1.16336 3.24
    endloop
  endfacet
  facet normal 0.0980133 -0.995185 0
    outer loop
      vertex 9.40693 2.98159 0.2
      vertex 10 3.04 3.24
      vertex 9.40693 2.98159 3.24
    endloop
  endfacet
  facet normal 0.0980133 -0.995185 0
    outer loop
      vertex 10 3.04 3.24
      vertex 9.40693 2.98159 0.2
      vertex 10 3.04 0.2
    endloop
  endfacet
  facet normal -0.471442 -0.881897 0
    outer loop
      vertex 11.1634 2.80859 0.2
      vertex 11.6889 2.52767 3.24
      vertex 11.1634 2.80859 3.24
    endloop
  endfacet
  facet normal -0.471442 -0.881897 -0
    outer loop
      vertex 11.6889 2.52767 3.24
      vertex 11.1634 2.80859 0.2
      vertex 11.6889 2.52767 0.2
    endloop
  endfacet
  facet normal -0.471442 0.881897 0
    outer loop
      vertex 11.6889 -2.52767 0.2
      vertex 11.1634 -2.80859 3.24
      vertex 11.6889 -2.52767 3.24
    endloop
  endfacet
  facet normal -0.471442 0.881897 0
    outer loop
      vertex 11.1634 -2.80859 3.24
      vertex 11.6889 -2.52767 0.2
      vertex 11.1634 -2.80859 0.2
    endloop
  endfacet
  facet normal 0.995185 0.0980127 0
    outer loop
      vertex 7.01841 -0.593074 3.24
      vertex 6.96 0 0.2
      vertex 6.96 0 3.24
    endloop
  endfacet
  facet normal 0.995185 0.0980127 0
    outer loop
      vertex 6.96 0 0.2
      vertex 7.01841 -0.593074 3.24
      vertex 7.01841 -0.593074 0.2
    endloop
  endfacet
  facet normal 0.634401 -0.773004 0
    outer loop
      vertex 7.8504 2.1496 0.2
      vertex 8.31107 2.52767 3.24
      vertex 7.8504 2.1496 3.24
    endloop
  endfacet
  facet normal 0.634401 -0.773004 0
    outer loop
      vertex 8.31107 2.52767 3.24
      vertex 7.8504 2.1496 0.2
      vertex 8.31107 2.52767 0.2
    endloop
  endfacet
  facet normal -0.634377 -0.773024 0
    outer loop
      vertex 11.6889 2.52767 0.2
      vertex 12.1496 2.1496 3.24
      vertex 11.6889 2.52767 3.24
    endloop
  endfacet
  facet normal -0.634377 -0.773024 -0
    outer loop
      vertex 12.1496 2.1496 3.24
      vertex 11.6889 2.52767 0.2
      vertex 12.1496 2.1496 0.2
    endloop
  endfacet
  facet normal 0.290291 -0.956938 0
    outer loop
      vertex 8.83664 2.80859 0.2
      vertex 9.40693 2.98159 3.24
      vertex 8.83664 2.80859 3.24
    endloop
  endfacet
  facet normal 0.290291 -0.956938 0
    outer loop
      vertex 9.40693 2.98159 3.24
      vertex 8.83664 2.80859 0.2
      vertex 9.40693 2.98159 0.2
    endloop
  endfacet
  facet normal 0.995185 -0.0980127 0
    outer loop
      vertex 6.96 0 3.24
      vertex 7.01841 0.593074 0.2
      vertex 7.01841 0.593074 3.24
    endloop
  endfacet
  facet normal 0.995185 -0.0980127 0
    outer loop
      vertex 7.01841 0.593074 0.2
      vertex 6.96 0 3.24
      vertex 6.96 0 0.2
    endloop
  endfacet
  facet normal 0.471393 0.881923 -0
    outer loop
      vertex 8.83664 -2.80859 0.2
      vertex 8.31107 -2.52767 3.24
      vertex 8.83664 -2.80859 3.24
    endloop
  endfacet
  facet normal 0.471393 0.881923 0
    outer loop
      vertex 8.31107 -2.52767 3.24
      vertex 8.83664 -2.80859 0.2
      vertex 8.31107 -2.52767 0.2
    endloop
  endfacet
  facet normal -0.290287 -0.95694 0
    outer loop
      vertex 10.5931 2.98159 0.2
      vertex 11.1634 2.80859 3.24
      vertex 10.5931 2.98159 3.24
    endloop
  endfacet
  facet normal -0.290287 -0.95694 -0
    outer loop
      vertex 11.1634 2.80859 3.24
      vertex 10.5931 2.98159 0.2
      vertex 11.1634 2.80859 0.2
    endloop
  endfacet
  facet normal -0.772979 -0.634431 0
    outer loop
      vertex 12.5277 1.68893 0.2
      vertex 12.1496 2.1496 3.24
      vertex 12.1496 2.1496 0.2
    endloop
  endfacet
  facet normal -0.772979 -0.634431 0
    outer loop
      vertex 12.1496 2.1496 3.24
      vertex 12.5277 1.68893 0.2
      vertex 12.5277 1.68893 3.24
    endloop
  endfacet
  facet normal -0.956938 0.290293 0
    outer loop
      vertex 12.8086 -1.16336 0.2
      vertex 12.9816 -0.593074 3.24
      vertex 12.9816 -0.593074 0.2
    endloop
  endfacet
  facet normal -0.956938 0.290293 0
    outer loop
      vertex 12.9816 -0.593074 3.24
      vertex 12.8086 -1.16336 0.2
      vertex 12.8086 -1.16336 3.24
    endloop
  endfacet
  facet normal -0.0980084 -0.995186 0
    outer loop
      vertex 10 3.04 0.2
      vertex 10.5931 2.98159 3.24
      vertex 10 3.04 3.24
    endloop
  endfacet
  facet normal -0.0980084 -0.995186 -0
    outer loop
      vertex 10.5931 2.98159 3.24
      vertex 10 3.04 0.2
      vertex 10.5931 2.98159 0.2
    endloop
  endfacet
  facet normal 0.881923 0.471393 0
    outer loop
      vertex 7.47233 -1.68893 3.24
      vertex 7.19141 -1.16336 0.2
      vertex 7.19141 -1.16336 3.24
    endloop
  endfacet
  facet normal 0.881923 0.471393 0
    outer loop
      vertex 7.19141 -1.16336 0.2
      vertex 7.47233 -1.68893 3.24
      vertex 7.47233 -1.68893 0.2
    endloop
  endfacet
  facet normal 0.773004 0.634401 0
    outer loop
      vertex 7.8504 -2.1496 3.24
      vertex 7.47233 -1.68893 0.2
      vertex 7.47233 -1.68893 3.24
    endloop
  endfacet
  facet normal 0.773004 0.634401 0
    outer loop
      vertex 7.47233 -1.68893 0.2
      vertex 7.8504 -2.1496 3.24
      vertex 7.8504 -2.1496 0.2
    endloop
  endfacet
  facet normal 0.956938 0.290293 0
    outer loop
      vertex 7.19141 -1.16336 3.24
      vertex 7.01841 -0.593074 0.2
      vertex 7.01841 -0.593074 3.24
    endloop
  endfacet
  facet normal 0.956938 0.290293 0
    outer loop
      vertex 7.01841 -0.593074 0.2
      vertex 7.19141 -1.16336 3.24
      vertex 7.19141 -1.16336 0.2
    endloop
  endfacet
  facet normal 0.634401 0.773004 -0
    outer loop
      vertex 8.31107 -2.52767 0.2
      vertex 7.8504 -2.1496 3.24
      vertex 8.31107 -2.52767 3.24
    endloop
  endfacet
  facet normal 0.634401 0.773004 0
    outer loop
      vertex 7.8504 -2.1496 3.24
      vertex 8.31107 -2.52767 0.2
      vertex 7.8504 -2.1496 0.2
    endloop
  endfacet
  facet normal -0.772979 0.634431 0
    outer loop
      vertex 12.1496 -2.1496 0.2
      vertex 12.5277 -1.68893 3.24
      vertex 12.5277 -1.68893 0.2
    endloop
  endfacet
  facet normal -0.772979 0.634431 0
    outer loop
      vertex 12.5277 -1.68893 3.24
      vertex 12.1496 -2.1496 0.2
      vertex 12.1496 -2.1496 3.24
    endloop
  endfacet
  facet normal 0.0980133 0.995185 -0
    outer loop
      vertex 10 -3.04 0.2
      vertex 9.40693 -2.98159 3.24
      vertex 10 -3.04 3.24
    endloop
  endfacet
  facet normal 0.0980133 0.995185 0
    outer loop
      vertex 9.40693 -2.98159 3.24
      vertex 10 -3.04 0.2
      vertex 9.40693 -2.98159 0.2
    endloop
  endfacet
  facet normal 0 0 -1
    outer loop
      vertex 12.9816 -0.593074 3.24
      vertex 12.9816 0.593074 3.24
      vertex 13.04 0 3.24
    endloop
  endfacet
  facet normal 0 0 -1
    outer loop
      vertex 12.8086 -1.16336 3.24
      vertex 12.9816 0.593074 3.24
      vertex 12.9816 -0.593074 3.24
    endloop
  endfacet
  facet normal 0 0 -1
    outer loop
      vertex 12.8086 -1.16336 3.24
      vertex 12.8086 1.16336 3.24
      vertex 12.9816 0.593074 3.24
    endloop
  endfacet
  facet normal 0 0 -1
    outer loop
      vertex 12.5277 -1.68893 3.24
      vertex 12.8086 1.16336 3.24
      vertex 12.8086 -1.16336 3.24
    endloop
  endfacet
  facet normal 0 0 -1
    outer loop
      vertex 12.5277 -1.68893 3.24
      vertex 12.5277 1.68893 3.24
      vertex 12.8086 1.16336 3.24
    endloop
  endfacet
  facet normal 0 0 -1
    outer loop
      vertex 12.1496 -2.1496 3.24
      vertex 12.5277 1.68893 3.24
      vertex 12.5277 -1.68893 3.24
    endloop
  endfacet
  facet normal 0 0 -1
    outer loop
      vertex 12.1496 -2.1496 3.24
      vertex 12.1496 2.1496 3.24
      vertex 12.5277 1.68893 3.24
    endloop
  endfacet
  facet normal 0 0 -1
    outer loop
      vertex 11.6889 -2.52767 3.24
      vertex 12.1496 2.1496 3.24
      vertex 12.1496 -2.1496 3.24
    endloop
  endfacet
  facet normal 0 0 -1
    outer loop
      vertex 11.6889 -2.52767 3.24
      vertex 11.6889 2.52767 3.24
      vertex 12.1496 2.1496 3.24
    endloop
  endfacet
  facet normal 0 0 -1
    outer loop
      vertex 11.1634 -2.80859 3.24
      vertex 11.6889 2.52767 3.24
      vertex 11.6889 -2.52767 3.24
    endloop
  endfacet
  facet normal 0 0 -1
    outer loop
      vertex 11.1634 -2.80859 3.24
      vertex 11.1634 2.80859 3.24
      vertex 11.6889 2.52767 3.24
    endloop
  endfacet
  facet normal 0 0 -1
    outer loop
      vertex 10.5931 -2.98159 3.24
      vertex 11.1634 2.80859 3.24
      vertex 11.1634 -2.80859 3.24
    endloop
  endfacet
  facet normal 0 0 -1
    outer loop
      vertex 10.5931 -2.98159 3.24
      vertex 10.5931 2.98159 3.24
      vertex 11.1634 2.80859 3.24
    endloop
  endfacet
  facet normal 0 0 -1
    outer loop
      vertex 10 -3.04 3.24
      vertex 10.5931 2.98159 3.24
      vertex 10.5931 -2.98159 3.24
    endloop
  endfacet
  facet normal 0 0 -1
    outer loop
      vertex 10 -3.04 3.24
      vertex 10 3.04 3.24
      vertex 10.5931 2.98159 3.24
    endloop
  endfacet
  facet normal 0 0 -1
    outer loop
      vertex 9.40693 -2.98159 3.24
      vertex 10 3.04 3.24
      vertex 10 -3.04 3.24
    endloop
  endfacet
  facet normal 0 0 -1
    outer loop
      vertex 9.40693 -2.98159 3.24
      vertex 9.40693 2.98159 3.24
      vertex 10 3.04 3.24
    endloop
  endfacet
  facet normal 0 0 -1
    outer loop
      vertex 8.83664 -2.80859 3.24
      vertex 9.40693 2.98159 3.24
      vertex 9.40693 -2.98159 3.24
    endloop
  endfacet
  facet normal 0 0 -1
    outer loop
      vertex 8.83664 -2.80859 3.24
      vertex 8.83664 2.80859 3.24
      vertex 9.40693 2.98159 3.24
    endloop
  endfacet
  facet normal 0 0 -1
    outer loop
      vertex 8.31107 -2.52767 3.24
      vertex 8.83664 2.80859 3.24
      vertex 8.83664 -2.80859 3.24
    endloop
  endfacet
  facet normal 0 0 -1
    outer loop
      vertex 8.31107 -2.52767 3.24
      vertex 8.31107 2.52767 3.24
      vertex 8.83664 2.80859 3.24
    endloop
  endfacet
  facet normal 0 0 -1
    outer loop
      vertex 7.8504 -2.1496 3.24
      vertex 8.31107 2.52767 3.24
      vertex 8.31107 -2.52767 3.24
    endloop
  endfacet
  facet normal 0 0 -1
    outer loop
      vertex 7.8504 -2.1496 3.24
      vertex 7.8504 2.1496 3.24
      vertex 8.31107 2.52767 3.24
    endloop
  endfacet
  facet normal 0 0 -1
    outer loop
      vertex 7.47233 -1.68893 3.24
      vertex 7.8504 2.1496 3.24
      vertex 7.8504 -2.1496 3.24
    endloop
  endfacet
  facet normal 0 0 -1
    outer loop
      vertex 7.47233 -1.68893 3.24
      vertex 7.47233 1.68893 3.24
      vertex 7.8504 2.1496 3.24
    endloop
  endfacet
  facet normal 0 0 -1
    outer loop
      vertex 7.19141 -1.16336 3.24
      vertex 7.47233 1.68893 3.24
      vertex 7.47233 -1.68893 3.24
    endloop
  endfacet
  facet normal 0 0 -1
    outer loop
      vertex 7.19141 -1.16336 3.24
      vertex 7.19141 1.16336 3.24
      vertex 7.47233 1.68893 3.24
    endloop
  endfacet
  facet normal 0 0 -1
    outer loop
      vertex 7.01841 -0.593074 3.24
      vertex 7.19141 1.16336 3.24
      vertex 7.19141 -1.16336 3.24
    endloop
  endfacet
  facet normal 0 0 -1
    outer loop
      vertex 7.01841 -0.593074 3.24
      vertex 7.01841 0.593074 3.24
      vertex 7.19141 1.16336 3.24
    endloop
  endfacet
  facet normal 0 -0 -1
    outer loop
      vertex 7.01841 0.593074 3.24
      vertex 7.01841 -0.593074 3.24
      vertex 6.96 0 3.24
    endloop
  endfacet
  facet normal 0.0562692 -0.0320922 -0.9979
    outer loop
      vertex 21.2348 -1.62247 0.0220051
      vertex 19.905 -6.07238 0.0901289
      vertex 21.1053 -1.84953 0.0220051
    endloop
  endfacet
  facet normal -0.0160017 0.0230173 -0.999607
    outer loop
      vertex -16.7953 9.18039 0.0092144
      vertex -17.0912 8.97468 0.0092144
      vertex -16.3618 10.3267 0.0286703
    endloop
  endfacet
  facet normal -0.000138996 0.000199936 -1
    outer loop
      vertex -16.012 3.53842 0.00797749
      vertex -17.0912 8.97468 0.0092144
      vertex -16.7953 9.18039 0.0092144
    endloop
  endfacet
  facet normal 0.536353 0.0408403 -0.843005
    outer loop
      vertex 29.71 0.8279 2.41565
      vertex 28.557 0.594742 1.67077
      vertex 29.5355 3.1196 2.41565
    endloop
  endfacet
  facet normal 0.330522 -0.206429 0.920946
    outer loop
      vertex 21.966 -8.04057 10.8043
      vertex 20.3513 -9.8113 10.9869
      vertex 23.3428 -9.9098 9.89119
    endloop
  endfacet
  facet normal -0.00709383 -0.481262 0.876548
    outer loop
      vertex -1.02395 -10.5824 13.1552
      vertex -1.1127 -11.4996 12.6509
      vertex 1.41782 -11.5369 12.6509
    endloop
  endfacet
  facet normal -0.258239 0.293602 -0.920386
    outer loop
      vertex -27.1125 11.5135 1.01156
      vertex -29.3417 9.5528 1.01156
      vertex -28.0715 11.7565 1.35815
    endloop
  endfacet
  facet normal -0.120694 0.271827 -0.954748
    outer loop
      vertex -20.7627 14.247 0.699644
      vertex -21.4565 15.0345 1.01156
      vertex -17.9497 15.496 0.699644
    endloop
  endfacet
  facet normal 4.59735e-05 -6.96706e-05 -1
    outer loop
      vertex 17.475 -6.71514 0.0100784
      vertex -16.0796 1.29808 0.00797749
      vertex 17.6594 -6.59346 0.0100784
    endloop
  endfacet
  facet normal 0.0166222 -0.109349 -0.993864
    outer loop
      vertex 5.43491 -14.8481 0.194953
      vertex 4.06552 -13.4825 0.021801
      vertex 4.37471 -13.4355 0.021801
    endloop
  endfacet
  facet normal 0.142977 -0.0745562 0.986914
    outer loop
      vertex 18.6476 -3.47243 12.4406
      vertex 15.4231 -3.09176 12.9365
      vertex 17.8779 -4.94849 12.4406
    endloop
  endfacet
  facet normal 0.250302 0.41413 0.875126
    outer loop
      vertex 17.5512 14.6577 9.72681
      vertex 16.8025 12.8333 10.8043
      vertex 20.0477 13.1488 9.72681
    endloop
  endfacet
  facet normal 0.353383 -0.108892 0.929119
    outer loop
      vertex 21.7887 -2.47301 11.7207
      vertex 21.1231 -4.63305 11.7207
      vertex 24.0394 -2.98807 10.8043
    endloop
  endfacet
  facet normal 0.0437323 -0.0410331 -0.9982
    outer loop
      vertex 19.1869 -6.95086 0.0901289
      vertex 17.9605 -6.31057 0.0100784
      vertex 19.5934 -6.51762 0.0901289
    endloop
  endfacet
  facet normal 0.202505 -0.36237 0.909769
    outer loop
      vertex 16.1483 -10.3017 11.9187
      vertex 16.0322 -13.1644 10.8043
      vertex 19.8694 -10.5616 10.9869
    endloop
  endfacet
  facet normal 0.616335 -0.618333 -0.487642
    outer loop
      vertex 24.1488 -13.8646 4.38887
      vertex 23.993 -13.2821 3.45334
      vertex 25.1082 -12.9083 4.38887
    endloop
  endfacet
  facet normal -0.995919 -0.0902537 0
    outer loop
      vertex -34.6693 1.28212 1.72608
      vertex -34.8378 3.14146 2.10122
      vertex -34.8378 3.14146 1.72608
    endloop
  endfacet
  facet normal -0.995919 -0.0902537 0
    outer loop
      vertex -34.8378 3.14146 2.10122
      vertex -34.6693 1.28212 1.72608
      vertex -34.6693 1.28212 2.10122
    endloop
  endfacet
  facet normal -0.440373 -0.039902 -0.896928
    outer loop
      vertex -33.9456 1.56554 1.35815
      vertex -34.6693 1.28212 1.72608
      vertex -34.1076 3.35343 1.35815
    endloop
  endfacet
  facet normal -0.0108125 0.0821995 -0.996557
    outer loop
      vertex 2.65007 13.5567 0.0255432
      vertex -13.6143 13.8471 0.225962
      vertex -11.9532 14.0656 0.225962
    endloop
  endfacet
  facet normal -0.440718 -0.0401627 0.896747
    outer loop
      vertex -28.8473 5.94916 9.73142
      vertex -30.7712 5.39134 8.76091
      vertex -25.8674 1.56325 10.9995
    endloop
  endfacet
  facet normal -0.232317 0.97264 0
    outer loop
      vertex -14.2498 19.2537 5.37054
      vertex -17.7281 18.4229 6.53775
      vertex -14.2498 19.2537 6.53775
    endloop
  endfacet
  facet normal -0.232317 0.97264 0
    outer loop
      vertex -17.7281 18.4229 6.53775
      vertex -14.2498 19.2537 5.37054
      vertex -17.7281 18.4229 5.37054
    endloop
  endfacet
  facet normal 0.0357408 0.144394 0.988875
    outer loop
      vertex 13.2702 8.28392 12.4406
      vertex 12.5642 5.47891 12.8757
      vertex 12.6171 5.20489 12.9138
    endloop
  endfacet
  facet normal 0.0360693 0.144311 0.988875
    outer loop
      vertex 13.2702 8.28392 12.4406
      vertex 12.3809 5.98863 12.808
      vertex 12.5642 5.47891 12.8757
    endloop
  endfacet
  facet normal 0.0362644 0.144236 0.988879
    outer loop
      vertex 13.2702 8.28392 12.4406
      vertex 12.1242 6.43779 12.7519
      vertex 12.3809 5.98863 12.808
    endloop
  endfacet
  facet normal 0.0362275 0.144259 0.988877
    outer loop
      vertex 13.2702 8.28392 12.4406
      vertex 11.7942 6.82639 12.7073
      vertex 12.1242 6.43779 12.7519
    endloop
  endfacet
  facet normal 0.0361655 0.14432 0.98887
    outer loop
      vertex 13.2702 8.28392 12.4406
      vertex 11.4014 7.14888 12.6746
      vertex 11.7942 6.82639 12.7073
    endloop
  endfacet
  facet normal 0.0360897 0.144442 0.988855
    outer loop
      vertex 13.2702 8.28392 12.4406
      vertex 10.9565 7.3997 12.6542
      vertex 11.4014 7.14888 12.6746
    endloop
  endfacet
  facet normal 0.0362143 0.144126 0.988896
    outer loop
      vertex 13.2702 8.28392 12.4406
      vertex 10.4592 7.57886 12.6463
      vertex 10.9565 7.3997 12.6542
    endloop
  endfacet
  facet normal 0.0361596 0.144336 0.988868
    outer loop
      vertex 13.2702 8.28392 12.4406
      vertex 9.90977 7.68636 12.6507
      vertex 10.4592 7.57886 12.6463
    endloop
  endfacet
  facet normal 0.0361973 0.144134 0.988896
    outer loop
      vertex 13.2702 8.28392 12.4406
      vertex 9.30809 7.7222 12.6675
      vertex 9.90977 7.68636 12.6507
    endloop
  endfacet
  facet normal 0.0359713 0.145642 0.988683
    outer loop
      vertex 13.2702 8.28392 12.4406
      vertex 8.89088 7.70441 12.6853
      vertex 9.30809 7.7222 12.6675
    endloop
  endfacet
  facet normal 0.0362156 0.144336 0.988866
    outer loop
      vertex 4.84811 6.43643 13.0182
      vertex 6.37093 6.28659 12.9843
      vertex 5.28502 7.5833 12.8348
    endloop
  endfacet
  facet normal 0.0360092 0.144167 0.988898
    outer loop
      vertex 6.59398 6.58688 12.9324
      vertex 5.28502 7.5833 12.8348
      vertex 6.37093 6.28659 12.9843
    endloop
  endfacet
  facet normal 0.0361281 0.144321 0.988871
    outer loop
      vertex 6.84535 6.85216 12.8845
      vertex 5.28502 7.5833 12.8348
      vertex 6.59398 6.58688 12.9324
    endloop
  endfacet
  facet normal 0.036222 0.144519 0.988839
    outer loop
      vertex 7.12506 7.08243 12.8406
      vertex 5.28502 7.5833 12.8348
      vertex 6.84535 6.85216 12.8845
    endloop
  endfacet
  facet normal 0.036108 0.144101 0.988904
    outer loop
      vertex 7.43309 7.27769 12.8009
      vertex 5.28502 7.5833 12.8348
      vertex 7.12506 7.08243 12.8406
    endloop
  endfacet
  facet normal 0.0361283 0.144246 0.988882
    outer loop
      vertex 7.76588 7.43771 12.7654
      vertex 5.28502 7.5833 12.8348
      vertex 7.43309 7.27769 12.8009
    endloop
  endfacet
  facet normal 0.0361335 0.144341 0.988868
    outer loop
      vertex 8.11978 7.56218 12.7343
      vertex 5.28502 7.5833 12.8348
      vertex 7.76588 7.43771 12.7654
    endloop
  endfacet
  facet normal 0.036134 0.144563 0.988836
    outer loop
      vertex 8.49478 7.65108 12.7076
      vertex 5.28502 7.5833 12.8348
      vertex 8.11978 7.56218 12.7343
    endloop
  endfacet
  facet normal 0.0361171 0.145191 0.988744
    outer loop
      vertex 8.89088 7.70441 12.6853
      vertex 5.28502 7.5833 12.8348
      vertex 8.49478 7.65108 12.7076
    endloop
  endfacet
  facet normal 0.0361496 0.144371 0.988863
    outer loop
      vertex 13.2702 8.28392 12.4406
      vertex 5.28502 7.5833 12.8348
      vertex 8.89088 7.70441 12.6853
    endloop
  endfacet
  facet normal 0.0361943 0.143899 0.98893
    outer loop
      vertex 13.2702 8.28392 12.4406
      vertex 3.11832 7.5833 12.9141
      vertex 5.28502 7.5833 12.8348
    endloop
  endfacet
  facet normal 0.0361581 0.144226 0.988884
    outer loop
      vertex 3.11832 7.5833 12.9141
      vertex -0.378519 7.36842 13.0733
      vertex 2.85133 6.79249 13.0392
    endloop
  endfacet
  facet normal 0.0361629 0.144314 0.988871
    outer loop
      vertex -9.5718 9.00771 13.1703
      vertex 3.11832 7.5833 12.9141
      vertex 13.2702 8.28392 12.4406
    endloop
  endfacet
  facet normal 0.0361542 0.144283 0.988876
    outer loop
      vertex 3.11832 7.5833 12.9141
      vertex -0.451065 7.5833 13.0446
      vertex -0.378519 7.36842 13.0733
    endloop
  endfacet
  facet normal 0.0361545 0.144237 0.988882
    outer loop
      vertex 3.11832 7.5833 12.9141
      vertex -9.5718 9.00771 13.1703
      vertex -0.451065 7.5833 13.0446
    endloop
  endfacet
  facet normal 0.0361493 0.144203 0.988888
    outer loop
      vertex -0.451065 7.5833 13.0446
      vertex -9.5718 9.00771 13.1703
      vertex -1.58359 7.5833 13.086
    endloop
  endfacet
  facet normal 0.0362611 0.144815 0.988794
    outer loop
      vertex 6.37093 6.28659 12.9843
      vertex 4.84811 6.43643 13.0182
      vertex 6.30688 6.17631 13.0028
    endloop
  endfacet
  facet normal 0.036234 0.144475 0.988845
    outer loop
      vertex 9.84865 6.17776 12.873
      vertex 10.5309 5.60831 12.9312
      vertex 10.4053 5.7986 12.908
    endloop
  endfacet
  facet normal 0.0347694 0.142614 0.989167
    outer loop
      vertex 10.0653 6.08749 12.8783
      vertex 10.4053 5.7986 12.908
      vertex 10.2509 5.96109 12.89
    endloop
  endfacet
  facet normal 0.0356544 0.143637 0.988988
    outer loop
      vertex 9.84865 6.17776 12.873
      vertex 10.4053 5.7986 12.908
      vertex 10.0653 6.08749 12.8783
    endloop
  endfacet
  facet normal 0.0364247 0.1447 0.988805
    outer loop
      vertex 9.60088 6.23193 12.8742
      vertex 10.5309 5.60831 12.9312
      vertex 9.84865 6.17776 12.873
    endloop
  endfacet
  facet normal 0.0360427 0.144139 0.988901
    outer loop
      vertex 10.5309 5.60831 12.9312
      vertex 9.60088 6.23193 12.8742
      vertex 10.6262 5.4061 12.9572
    endloop
  endfacet
  facet normal 0.0363069 0.144461 0.988844
    outer loop
      vertex 9.32199 6.25 12.8818
      vertex 10.6262 5.4061 12.9572
      vertex 9.60088 6.23193 12.8742
    endloop
  endfacet
  facet normal 0.0361095 0.144351 0.988868
    outer loop
      vertex 8.29575 5.82167 12.9818
      vertex 9.32199 6.25 12.8818
      vertex 9.09117 6.23444 12.8925
    endloop
  endfacet
  facet normal 0.0356826 0.145151 0.988766
    outer loop
      vertex 8.29575 5.82167 12.9818
      vertex 9.09117 6.23444 12.8925
      vertex 8.87645 6.18777 12.9071
    endloop
  endfacet
  facet normal 0.0371919 0.142815 0.98905
    outer loop
      vertex 8.29575 5.82167 12.9818
      vertex 8.87645 6.18777 12.9071
      vertex 8.67783 6.10999 12.9258
    endloop
  endfacet
  facet normal 0.0349439 0.145728 0.988707
    outer loop
      vertex 8.29575 5.82167 12.9818
      vertex 8.67783 6.10999 12.9258
      vertex 8.49532 6.0011 12.9483
    endloop
  endfacet
  facet normal 0.0333948 0.147414 0.988511
    outer loop
      vertex 8.29575 5.82167 12.9818
      vertex 8.49532 6.0011 12.9483
      vertex 8.3289 5.8611 12.9748
    endloop
  endfacet
  facet normal 0.0361589 0.144236 0.988882
    outer loop
      vertex 9.32199 6.25 12.8818
      vertex 8.29575 5.82167 12.9818
      vertex 10.6262 5.4061 12.9572
    endloop
  endfacet
  facet normal 0.903638 0.0688032 -0.422733
    outer loop
      vertex 30.909 1.07038 4.12194
      vertex 30.5042 0.988502 3.24331
      vertex 30.7121 3.6564 4.12194
    endloop
  endfacet
  facet normal 0.0925941 -0.0518443 -0.994353
    outer loop
      vertex 21.6376 -5.98963 0.247154
      vertex 19.905 -6.07238 0.0901289
      vertex 22.9242 -2.72553 0.196776
    endloop
  endfacet
  facet normal 0.0721905 -0.186314 -0.979835
    outer loop
      vertex 7.82071 -15.82 0.534603
      vertex 7.04893 -14.3328 0.194953
      vertex 9.05462 -15.3419 0.534603
    endloop
  endfacet
  facet normal -0.0403345 -0.999186 0
    outer loop
      vertex -0.242578 -20.5514 4.08375
      vertex 2.95307 -20.6804 4.9713
      vertex -0.242578 -20.5514 4.9713
    endloop
  endfacet
  facet normal -0.0403345 -0.999186 -0
    outer loop
      vertex 2.95307 -20.6804 4.9713
      vertex -0.242578 -20.5514 4.08375
      vertex 2.95307 -20.6804 4.08375
    endloop
  endfacet
  facet normal -0.0524108 -0.128025 -0.990385
    outer loop
      vertex -19.9749 -10.4178 0.132684
      vertex -21.1842 -11.711 0.363849
      vertex -20.6359 -10.1472 0.132684
    endloop
  endfacet
  facet normal -0.00148337 0.011273 -0.999935
    outer loop
      vertex -15.0304 9.78179 0.0092144
      vertex -15.3758 9.73634 0.0092144
      vertex 2.65007 13.5567 0.0255432
    endloop
  endfacet
  facet normal -0.287178 -0.701382 0.652374
    outer loop
      vertex -23.4276 -10.0846 9.89119
      vertex -26.605 -14.2856 3.97589
      vertex -24.4262 -15.1777 3.97589
    endloop
  endfacet
  facet normal 0.0449633 -0.0314928 -0.998492
    outer loop
      vertex 19.905 -6.07238 0.0901289
      vertex 17.9605 -6.31057 0.0100784
      vertex 18.0658 -6.16023 0.0100784
    endloop
  endfacet
  facet normal 0.0799653 0.554395 0.828403
    outer loop
      vertex 5.55597 18.518 8.67007
      vertex 3.95446 18.749 8.67007
      vertex 5.04387 17.4931 9.4054
    endloop
  endfacet
  facet normal -0.0216362 0.00586482 -0.999749
    outer loop
      vertex -17.7095 8.11397 0.0092144
      vertex -21.2163 7.65252 0.0824003
      vertex -17.6542 8.31798 0.0092144
    endloop
  endfacet
  facet normal -0.943972 0.255986 0.2083
    outer loop
      vertex -34.2761 5.21278 2.10122
      vertex -34.8378 3.14146 2.10122
      vertex -32.929 6.57026 6.53775
    endloop
  endfacet
  facet normal -0.0554295 -0.34133 -0.938308
    outer loop
      vertex -0.701822 -17.4364 1.0277
      vertex -21.2398 -14.373 1.12658
      vertex -20.6654 -13.2921 0.699447
    endloop
  endfacet
  facet normal -0.10961 0.993975 0
    outer loop
      vertex -7.63642 20.0751 2.10122
      vertex -10.8076 19.7254 5.37054
      vertex -10.8076 19.7254 6.53775
    endloop
  endfacet
  facet normal -0.10961 0.993975 0
    outer loop
      vertex -10.8076 19.7254 5.37054
      vertex -7.63642 20.0751 2.10122
      vertex -7.63642 20.0751 1.72608
    endloop
  endfacet
  facet normal 0.0205235 -0.0117052 -0.999721
    outer loop
      vertex 21.1053 -1.84953 0.0220051
      vertex 18.0658 -6.16023 0.0100784
      vertex 21.2348 -1.62247 0.0220051
    endloop
  endfacet
  facet normal 0.0616544 0.0440452 0.997125
    outer loop
      vertex 14.199 2.54333 13.0333
      vertex 12.8758 0.861647 13.1894
      vertex 14.199 1.79399 13.0664
    endloop
  endfacet
  facet normal 0.0902445 -0.166208 0.981953
    outer loop
      vertex 6.91084 -9.6565 13.1552
      vertex 6.43042 -9.91735 13.1552
      vertex 11.7727 -9.99609 12.6509
    endloop
  endfacet
  facet normal 0.273675 0.436325 -0.857159
    outer loop
      vertex 19.773 12.5542 1.77897
      vertex 18.7681 13.1845 1.77897
      vertex 19.7275 14.1408 2.57208
    endloop
  endfacet
  facet normal 0.0190347 0.131924 -0.991077
    outer loop
      vertex 3.06232 13.5271 0.0255432
      vertex 2.85925 13.5564 0.0255432
      vertex 3.17121 15.0355 0.228421
    endloop
  endfacet
  facet normal 0.63436 0.466602 0.616336
    outer loop
      vertex 27.5562 9.54401 5.89643
      vertex 23.1277 12.0866 8.52955
      vertex 28.812 7.83671 5.89643
    endloop
  endfacet
  facet normal 0.0264042 0.0990703 0.99473
    outer loop
      vertex -2.09299 5.30152 13.3374
      vertex -2.89796 5.47891 13.3411
      vertex -2.89021 5.43869 13.3449
    endloop
  endfacet
  facet normal 0.026078 0.0975871 0.994885
    outer loop
      vertex -2.89796 5.47891 13.3411
      vertex -2.09299 5.30152 13.3374
      vertex -2.99493 5.74848 13.3172
    endloop
  endfacet
  facet normal 0.0266229 0.0985518 0.994776
    outer loop
      vertex -9.5718 9.00771 13.1703
      vertex -6.96741 7.65108 13.235
      vertex -6.86267 7.66518 13.2308
    endloop
  endfacet
  facet normal 0.0260006 0.0973635 0.994909
    outer loop
      vertex -9.5718 9.00771 13.1703
      vertex -7.34241 7.56218 13.2535
      vertex -6.96741 7.65108 13.235
    endloop
  endfacet
  facet normal 0.0261289 0.0975601 0.994887
    outer loop
      vertex -9.5718 9.00771 13.1703
      vertex -7.6963 7.43771 13.275
      vertex -7.34241 7.56218 13.2535
    endloop
  endfacet
  facet normal 0.026068 0.0974879 0.994895
    outer loop
      vertex -9.5718 9.00771 13.1703
      vertex -8.0291 7.27769 13.2994
      vertex -7.6963 7.43771 13.275
    endloop
  endfacet
  facet normal 0.0262653 0.0976622 0.994873
    outer loop
      vertex -9.5718 9.00771 13.1703
      vertex -8.33713 7.08243 13.3267
      vertex -8.0291 7.27769 13.2994
    endloop
  endfacet
  facet normal 0.0260584 0.097531 0.994891
    outer loop
      vertex -9.5718 9.00771 13.1703
      vertex -8.61684 6.85216 13.3566
      vertex -8.33713 7.08243 13.3267
    endloop
  endfacet
  facet normal 0.0260844 0.0975424 0.994889
    outer loop
      vertex -9.5718 9.00771 13.1703
      vertex -8.86823 6.58688 13.3892
      vertex -8.61684 6.85216 13.3566
    endloop
  endfacet
  facet normal 0.0255694 0.0973952 0.994917
    outer loop
      vertex -9.5718 9.00771 13.1703
      vertex -8.94696 6.48088 13.4016
      vertex -8.86823 6.58688 13.3892
    endloop
  endfacet
  facet normal 0.0261302 0.0975313 0.994889
    outer loop
      vertex -8.94696 6.48088 13.4016
      vertex -9.5718 9.00771 13.1703
      vertex -11.7248 6.95887 13.4277
    endloop
  endfacet
  facet normal 0.0242972 0.0955012 0.995133
    outer loop
      vertex -5.39688 6.08749 13.347
      vertex -5.07158 5.81404 13.3653
      vertex -5.21133 5.96109 13.3546
    endloop
  endfacet
  facet normal 0.0267747 0.0984252 0.994784
    outer loop
      vertex -5.61354 6.17776 13.3439
      vertex -5.07158 5.81404 13.3653
      vertex -5.39688 6.08749 13.347
    endloop
  endfacet
  facet normal 0.0261279 0.097468 0.994896
    outer loop
      vertex -5.86131 6.23193 13.3451
      vertex -5.07158 5.81404 13.3653
      vertex -5.61354 6.17776 13.3439
    endloop
  endfacet
  facet normal 0.0259099 0.0970582 0.994941
    outer loop
      vertex -6.1402 6.25 13.3506
      vertex -5.07158 5.81404 13.3653
      vertex -5.86131 6.23193 13.3451
    endloop
  endfacet
  facet normal 0.0261713 0.0976967 0.994872
    outer loop
      vertex -6.37102 6.23444 13.3582
      vertex -5.07158 5.81404 13.3653
      vertex -6.1402 6.25 13.3506
    endloop
  endfacet
  facet normal 0.0258392 0.0985376 0.994798
    outer loop
      vertex -6.78596 6.10903 13.3814
      vertex -6.37102 6.23444 13.3582
      vertex -6.58574 6.18777 13.3684
    endloop
  endfacet
  facet normal -0.0473322 0.278721 0.959205
    outer loop
      vertex -6.78596 6.10903 13.3814
      vertex -6.58574 6.18777 13.3684
      vertex -6.78436 6.10999 13.3812
    endloop
  endfacet
  facet normal 0.0261335 0.0975799 0.994885
    outer loop
      vertex -6.37102 6.23444 13.3582
      vertex -6.78596 6.10903 13.3814
      vertex -5.07158 5.81404 13.3653
    endloop
  endfacet
  facet normal 0.161937 -0.0194198 0.98661
    outer loop
      vertex 16.3252 -0.164585 12.9365
      vertex 16.2017 -1.19442 12.9365
      vertex 19.1423 -1.86737 12.4406
    endloop
  endfacet
  facet normal 0.173412 0.0132083 -0.984761
    outer loop
      vertex 25.364 -0.0509567 0.539604
      vertex 23.4467 -0.438684 0.196776
      vertex 25.2707 1.17398 0.539604
    endloop
  endfacet
  facet normal 0.281164 -0.0219055 -0.95941
    outer loop
      vertex 26.957 -1.40269 1.03731
      vertex 25.364 -0.0509567 0.539604
      vertex 27.0895 0.297988 1.03731
    endloop
  endfacet
  facet normal 0.281157 -0.0219145 -0.959412
    outer loop
      vertex 26.957 -1.40269 1.03731
      vertex 25.2655 -1.31468 0.539604
      vertex 25.364 -0.0509567 0.539604
    endloop
  endfacet
  facet normal 0.146631 0.313161 -0.938312
    outer loop
      vertex 19.0062 11.0521 1.10449
      vertex 5.35142 16.0131 0.626379
      vertex 18.7681 13.1845 1.77897
    endloop
  endfacet
  facet normal 0.044841 -0.0288548 -0.998577
    outer loop
      vertex 19.905 -6.07238 0.0901289
      vertex 18.0658 -6.16023 0.0100784
      vertex 21.1053 -1.84953 0.0220051
    endloop
  endfacet
  facet normal -1.77266e-05 -0.000203948 -1
    outer loop
      vertex 0.26678 -8.6966 0.00968647
      vertex -16.6077 1.14959 0.00797749
      vertex 0.472262 -8.71446 0.00968647
    endloop
  endfacet
  facet normal 0.214298 -0.553116 -0.805071
    outer loop
      vertex 11.2924 -18.5236 2.39326
      vertex 10.3714 -17.8063 1.65529
      vertex 13.6009 -17.6292 2.39326
    endloop
  endfacet
  facet normal 0.726163 -0.540176 -0.42532
    outer loop
      vertex 27.8033 -9.07508 4.12194
      vertex 25.1082 -12.9083 4.38887
      vertex 27.5178 -8.76707 3.24331
    endloop
  endfacet
  facet normal 0.0263989 -0.10208 -0.994426
    outer loop
      vertex 5.43491 -14.8481 0.194953
      vertex 4.66313 -13.3609 0.021801
      vertex 6.28909 -14.6272 0.194953
    endloop
  endfacet
  facet normal -0.0409967 -0.0282554 -0.99876
    outer loop
      vertex -19.2522 -8.70515 0.0148373
      vertex -21.6365 -9.41128 0.132684
      vertex -19.3539 -8.55759 0.0148373
    endloop
  endfacet
  facet normal 0.0363651 -0.0550986 -0.997818
    outer loop
      vertex 18.1554 -7.71579 0.0901289
      vertex 17.6594 -6.59346 0.0100784
      vertex 18.7014 -7.35543 0.0901289
    endloop
  endfacet
  facet normal 0.173846 -0.263414 -0.948889
    outer loop
      vertex 21.3177 -9.2685 0.765264
      vertex 19.8637 -10.2281 0.765264
      vertex 20.5664 -8.71916 0.47512
    endloop
  endfacet
  facet normal -0.114733 0.0661317 -0.991193
    outer loop
      vertex -27.5917 6.46152 0.434379
      vertex -30.1599 5.98175 0.699644
      vertex -26.782 7.86628 0.434379
    endloop
  endfacet
  facet normal -0.114737 0.066139 -0.991192
    outer loop
      vertex -26.782 7.86628 0.434379
      vertex -30.1599 5.98175 0.699644
      vertex -29.1732 7.69346 0.699644
    endloop
  endfacet
  facet normal 0.215767 0.625662 0.749662
    outer loop
      vertex 18.0669 15.9144 8.52955
      vertex 14.8217 15.599 9.72681
      vertex 17.5512 14.6577 9.72681
    endloop
  endfacet
  facet normal 0.0799296 0.554374 0.82842
    outer loop
      vertex 3.95446 18.749 8.67007
      vertex 3.72954 17.6826 9.4054
      vertex 5.04387 17.4931 9.4054
    endloop
  endfacet
  facet normal -0.0771224 0.0876892 -0.993158
    outer loop
      vertex -21.8644 10.1839 0.225962
      vertex -25.5517 9.30144 0.434379
      vertex -23.9481 10.7118 0.434379
    endloop
  endfacet
  facet normal -0.338659 -0.10292 0.935263
    outer loop
      vertex -23.1939 1.24361 11.9324
      vertex -25.8674 1.56325 10.9995
      vertex -25.4601 0.223028 10.9995
    endloop
  endfacet
  facet normal -0.706745 -0.231908 0.668379
    outer loop
      vertex -27.1668 -8.24676 8.6737
      vertex -31.3957 -8.89859 3.97589
      vertex -30.8968 -10.419 3.97589
    endloop
  endfacet
  facet normal -0.545275 -0.605161 0.580048
    outer loop
      vertex -29.9036 -11.8596 3.97589
      vertex -30.3779 -12.0001 3.38344
      vertex -28.4545 -13.1653 3.97589
    endloop
  endfacet
  facet normal -0.131521 -0.929292 -0.345136
    outer loop
      vertex -0.242578 -20.5514 4.08375
      vertex -3.28156 -20.1213 4.08375
      vertex -3.00811 -19.8367 3.21325
    endloop
  endfacet
  facet normal -0.253449 0.068716 -0.964905
    outer loop
      vertex -32.1777 5.60479 1.01156
      vertex -34.1076 3.35343 1.35815
      vertex -33.5676 5.34514 1.35815
    endloop
  endfacet
  facet normal -0.144618 -0.0130976 -0.989401
    outer loop
      vertex -30.4653 2.92861 0.699644
      vertex -32.6754 3.76922 1.01156
      vertex -30.5961 4.37285 0.699644
    endloop
  endfacet
  facet normal 1.50691e-06 -0.000170574 -1
    outer loop
      vertex 0.684676 -8.71666 0.00968647
      vertex -16.6077 1.14959 0.00797749
      vertex -16.4447 1.15103 0.00797749
    endloop
  endfacet
  facet normal 0.0506572 0.0545757 0.997224
    outer loop
      vertex 12.4398 1.35841 13.1894
      vertex 14.199 2.72583 13.0252
      vertex 14.199 2.87749 13.0169
    endloop
  endfacet
  facet normal 0.0507363 0.0544742 0.997225
    outer loop
      vertex 14.199 2.72583 13.0252
      vertex 12.4398 1.35841 13.1894
      vertex 12.6807 1.13404 13.1894
    endloop
  endfacet
  facet normal 0.0148881 -0.229192 0.973267
    outer loop
      vertex 3.42986 -10.4805 13.1552
      vertex 0.104235 -9.60475 13.4123
      vertex 2.03821 -10.5709 13.1552
    endloop
  endfacet
  facet normal 0.162379 0.00923949 0.986685
    outer loop
      vertex 16.2685 0.772195 12.9365
      vertex 19.2415 1.4804 12.4406
      vertex 16.2685 0.868306 12.9356
    endloop
  endfacet
  facet normal 0.162244 0.00982005 0.986702
    outer loop
      vertex 19.2415 1.4804 12.4406
      vertex 16.2685 0.772195 12.9365
      vertex 16.3252 -0.164585 12.9365
    endloop
  endfacet
  facet normal -0.00531591 0.0203884 0.999778
    outer loop
      vertex -16.1207 1.26344 13.5236
      vertex -13.7071 5.82548 13.4434
      vertex -13.7121 5.82908 13.4433
    endloop
  endfacet
  facet normal -0.0110444 0.0234171 0.999665
    outer loop
      vertex -13.7071 5.82548 13.4434
      vertex -16.1207 1.26344 13.5236
      vertex -16.1207 1.18233 13.5255
    endloop
  endfacet
  facet normal 0.00019736 0.135849 -0.990729
    outer loop
      vertex 2.65007 13.5567 0.0255432
      vertex 2.55171 15.0364 0.228421
      vertex 3.17121 15.0355 0.228421
    endloop
  endfacet
  facet normal 0.278651 -0.0636662 -0.95828
    outer loop
      vertex 26.957 -1.40269 1.03731
      vertex 24.979 -2.56862 0.539604
      vertex 25.2655 -1.31468 0.539604
    endloop
  endfacet
  facet normal 0.15779 0.522384 -0.837984
    outer loop
      vertex 6.26814 17.1233 1.20413
      vertex 5.04387 17.4931 1.20413
      vertex 5.55597 18.518 1.93946
    endloop
  endfacet
  facet normal 0.275567 0.961282 -0
    outer loop
      vertex 15.2498 17.6172 5.96264
      vertex 6.37675 20.1608 5.82472
      vertex 15.2498 17.6172 7.25854
    endloop
  endfacet
  facet normal 0.275567 0.961282 0
    outer loop
      vertex 6.37675 20.1608 5.82472
      vertex 15.2498 17.6172 5.96264
      vertex 6.37675 20.1608 4.78481
    endloop
  endfacet
  facet normal -0.597847 0.766726 -0.233902
    outer loop
      vertex -28.5604 11.8803 1.72608
      vertex -29.4162 12.3248 5.37054
      vertex -27.0676 14.1561 5.37054
    endloop
  endfacet
  facet normal 0.0013204 0.00129056 -0.999998
    outer loop
      vertex 18.1073 -5.63155 0.0100784
      vertex 18.0208 -5.54305 0.0100784
      vertex 20.055 2.72122 0.0234299
    endloop
  endfacet
  facet normal 0.16908 -0.0655217 -0.983422
    outer loop
      vertex 24.979 -2.56862 0.539604
      vertex 22.9242 -2.72553 0.196776
      vertex 23.2096 -1.98905 0.196776
    endloop
  endfacet
  facet normal 0.530358 0.390103 -0.752688
    outer loop
      vertex 28.1504 7.13924 2.41565
      vertex 27.5562 9.54401 3.24331
      vertex 28.812 7.83671 3.24331
    endloop
  endfacet
  facet normal 0.156517 0.453855 0.877222
    outer loop
      vertex 17.5512 14.6577 9.72681
      vertex 14.8217 15.599 9.72681
      vertex 16.8025 12.8333 10.8043
    endloop
  endfacet
  facet normal 0.397377 -0.0908006 -0.913152
    outer loop
      vertex 27.9257 -3.5338 1.67077
      vertex 26.5714 -3.09022 1.03731
      vertex 26.957 -1.40269 1.03731
    endloop
  endfacet
  facet normal 0.516982 -0.200368 -0.832216
    outer loop
      vertex 28.9897 -3.88232 2.41565
      vertex 27.1656 -5.49498 1.67077
      vertex 27.9257 -3.5338 1.67077
    endloop
  endfacet
  facet normal -1.82718e-06 -0.000176417 -1
    outer loop
      vertex 0.472262 -8.71446 0.00968647
      vertex -16.6077 1.14959 0.00797749
      vertex 0.684676 -8.71666 0.00968647
    endloop
  endfacet
  facet normal 0.0539797 -0.208742 -0.97648
    outer loop
      vertex 6.4336 -16.1787 0.534603
      vertex 5.43491 -14.8481 0.194953
      vertex 7.82071 -15.82 0.534603
    endloop
  endfacet
  facet normal -0.0324906 -0.805147 -0.592184
    outer loop
      vertex 2.98693 -20.3743 3.21325
      vertex -0.0859079 -20.2503 3.21325
      vertex 0.221408 -19.6596 2.39326
    endloop
  endfacet
  facet normal 0.0305024 -0.0590803 -0.997787
    outer loop
      vertex 17.5699 -8.01809 0.0901289
      vertex 17.2773 -6.81721 0.0100784
      vertex 17.475 -6.71514 0.0100784
    endloop
  endfacet
  facet normal -0.0371409 -0.0412249 -0.998459
    outer loop
      vertex -21.1969 -9.80733 0.132684
      vertex -21.6365 -9.41128 0.132684
      vertex -19.2522 -8.70515 0.0148373
    endloop
  endfacet
  facet normal 9.98562e-06 -0.000155855 -1
    outer loop
      vertex 0.684676 -8.71666 0.00968647
      vertex -16.4447 1.15103 0.00797749
      vertex 0.895852 -8.70313 0.00968647
    endloop
  endfacet
  facet normal 0.0931629 -0.0652233 -0.993512
    outer loop
      vertex 21.1314 -6.71267 0.247154
      vertex 19.5934 -6.51762 0.0901289
      vertex 21.6376 -5.98963 0.247154
    endloop
  endfacet
  facet normal 0.0905234 -0.0849362 -0.992266
    outer loop
      vertex 20.4715 -7.4162 0.247154
      vertex 19.1869 -6.95086 0.0901289
      vertex 19.5934 -6.51762 0.0901289
    endloop
  endfacet
  facet normal 0.705962 -0.70825 0
    outer loop
      vertex 24.1488 -13.8646 4.38887
      vertex 25.1082 -12.9083 5.34274
      vertex 24.1488 -13.8646 5.34274
    endloop
  endfacet
  facet normal 0.705962 -0.70825 0
    outer loop
      vertex 25.1082 -12.9083 5.34274
      vertex 24.1488 -13.8646 4.38887
      vertex 25.1082 -12.9083 4.38887
    endloop
  endfacet
  facet normal -0.0881786 -0.622966 -0.777263
    outer loop
      vertex 0.221408 -19.6596 2.39326
      vertex -2.4717 -19.2784 2.39326
      vertex 0.667563 -18.802 1.65529
    endloop
  endfacet
  facet normal -0.088174 -0.62298 -0.777252
    outer loop
      vertex 0.667563 -18.802 1.65529
      vertex -2.4717 -19.2784 2.39326
      vertex -1.69297 -18.4679 1.65529
    endloop
  endfacet
  facet normal 0.715191 0.0544738 0.696803
    outer loop
      vertex 30.3148 3.47515 5.89643
      vertex 29.5355 3.1196 6.72409
      vertex 30.5042 0.988502 5.89643
    endloop
  endfacet
  facet normal 0.202259 -0.339691 -0.918532
    outer loop
      vertex 14.0892 -16.073 1.65529
      vertex 12.2503 -15.4709 1.0277
      vertex 19.8637 -10.2281 0.765264
    endloop
  endfacet
  facet normal -0.620497 -0.0553688 0.782252
    outer loop
      vertex -30.9103 6.95018 8.76091
      vertex -32.0964 5.00711 7.68254
      vertex -30.7712 5.39134 8.76091
    endloop
  endfacet
  facet normal -0.236713 -0.180099 0.954741
    outer loop
      vertex -16.5468 -3.88295 13.2857
      vertex -21.7806 -9.1903 10.9869
      vertex -18.033 -9.1763 11.9187
    endloop
  endfacet
  facet normal -0.134469 -0.0393088 -0.990138
    outer loop
      vertex -24.6174 -8.61779 0.363849
      vertex -32.5261 2.12149 1.01156
      vertex -30.4653 2.92861 0.699644
    endloop
  endfacet
  facet normal -0.094668 0.396379 0.913193
    outer loop
      vertex -14.7458 14.335 11.2052
      vertex -16.8088 15.3361 10.5568
      vertex -16.3934 13.9415 11.2052
    endloop
  endfacet
  facet normal -0.393429 0.504555 0.76853
    outer loop
      vertex -25.716 13.6727 8.76091
      vertex -27.7973 12.0498 8.76091
      vertex -26.2407 11.7853 9.73142
    endloop
  endfacet
  facet normal -0.156421 0.23912 0.958308
    outer loop
      vertex -16.3193 9.01081 12.6654
      vertex -20.8173 11.9204 11.2052
      vertex -17.6493 8.14079 12.6654
    endloop
  endfacet
  facet normal 0.0488145 0.141801 0.988691
    outer loop
      vertex 14.7291 7.78081 12.4406
      vertex 14.199 7.5833 12.4951
      vertex 14.5737 7.5833 12.4766
    endloop
  endfacet
  facet normal 0.0488601 0.141683 0.988706
    outer loop
      vertex 13.2702 8.28392 12.4406
      vertex 14.199 7.5833 12.4951
      vertex 14.7291 7.78081 12.4406
    endloop
  endfacet
  facet normal 0.0488092 0.141616 0.988718
    outer loop
      vertex 13.2702 8.28392 12.4406
      vertex 14.199 7.10715 12.5633
      vertex 14.199 7.5833 12.4951
    endloop
  endfacet
  facet normal 0.048791 0.141602 0.988721
    outer loop
      vertex 12.6171 5.20489 12.9138
      vertex 14.199 7.10715 12.5633
      vertex 13.2702 8.28392 12.4406
    endloop
  endfacet
  facet normal 0.0490626 0.14138 0.988739
    outer loop
      vertex 14.199 7.10715 12.5633
      vertex 12.6171 5.20489 12.9138
      vertex 12.6338 5.11797 12.9254
    endloop
  endfacet
  facet normal 0.121713 0.843976 0.52239
    outer loop
      vertex 6.23547 19.878 6.84466
      vertex 4.13117 19.5868 7.80541
      vertex 5.95832 19.3233 7.80541
    endloop
  endfacet
  facet normal -0.437624 0.49758 -0.748932
    outer loop
      vertex -28.0715 11.7565 1.35815
      vertex -31.076 9.66782 1.72608
      vertex -28.5604 11.8803 1.72608
    endloop
  endfacet
  facet normal 0.412972 0.486687 -0.769799
    outer loop
      vertex 26.9931 8.7127 2.41565
      vertex 26.0244 10.8438 3.24331
      vertex 27.5562 9.54401 3.24331
    endloop
  endfacet
  facet normal -0.0533887 0.405766 -0.912416
    outer loop
      vertex -8.56987 18.7756 1.01156
      vertex -11.6776 18.3667 1.01156
      vertex -7.95161 19.6363 1.35815
    endloop
  endfacet
  facet normal -0.0953542 0.279836 -0.955301
    outer loop
      vertex -15.0555 16.4822 0.699644
      vertex -17.9497 15.496 0.699644
      vertex -14.9452 17.5846 1.01156
    endloop
  endfacet
  facet normal -0.267221 0.229074 -0.936012
    outer loop
      vertex -31.052 7.55767 1.01156
      vertex -32.3462 7.46414 1.35815
      vertex -30.4904 9.62898 1.35815
    endloop
  endfacet
  facet normal -0.579003 0.742558 0.336693
    outer loop
      vertex -27.0676 14.1561 6.53775
      vertex -29.4162 12.3248 6.53775
      vertex -26.6112 13.9929 7.68254
    endloop
  endfacet
  facet normal -0.72004 0.674347 -0.163702
    outer loop
      vertex -31.076 9.66782 1.72608
      vertex -31.2182 10.4007 5.37054
      vertex -29.4162 12.3248 5.37054
    endloop
  endfacet
  facet normal -0.371657 0.00424675 0.92836
    outer loop
      vertex -23.5282 2.3435 11.9324
      vertex -28.9692 7.3155 9.73142
      vertex -25.8674 1.56325 10.9995
    endloop
  endfacet
  facet normal -0.852938 -0.076094 0.516436
    outer loop
      vertex -32.2473 6.69855 7.68254
      vertex -32.929 6.57026 6.53775
      vertex -32.0964 5.00711 7.68254
    endloop
  endfacet
  facet normal -0.0972019 -0.00880325 -0.995226
    outer loop
      vertex -30.4653 2.92861 0.699644
      vertex -30.5961 4.37285 0.699644
      vertex -27.9497 5.14113 0.434379
    endloop
  endfacet
  facet normal -0.0251037 0.0361085 -0.999033
    outer loop
      vertex -16.3618 10.3267 0.0286703
      vertex -19.5491 9.59737 0.0824003
      vertex -18.6728 10.2066 0.0824003
    endloop
  endfacet
  facet normal -0.289162 -0.199345 -0.936294
    outer loop
      vertex -28.9733 -11.5841 1.62884
      vertex -29.8886 -10.2564 1.62884
      vertex -28.425 -10.0204 1.12658
    endloop
  endfacet
  facet normal -0.258232 0.293599 -0.920389
    outer loop
      vertex -29.3417 9.5528 1.01156
      vertex -30.4904 9.62898 1.35815
      vertex -28.0715 11.7565 1.35815
    endloop
  endfacet
  facet normal -0.160561 0.0435349 -0.986065
    outer loop
      vertex -30.1599 5.98175 0.699644
      vertex -32.6754 3.76922 1.01156
      vertex -32.1777 5.60479 1.01156
    endloop
  endfacet
  facet normal 0.0754391 -0.0232487 0.996879
    outer loop
      vertex 16.2017 -1.19442 12.9365
      vertex 12.9771 -0.813761 13.1894
      vertex 15.8971 -2.18281 12.9365
    endloop
  endfacet
  facet normal 0.0615316 -0.0465707 0.997018
    outer loop
      vertex 12.8171 -1.12068 13.1894
      vertex 6.91084 -9.6565 13.1552
      vertex 15.4231 -3.09176 12.9365
    endloop
  endfacet
  facet normal 0.0902444 -0.166211 0.981952
    outer loop
      vertex 11.7727 -9.99609 12.6509
      vertex 6.43042 -9.91735 13.1552
      vertex 10.9925 -10.4197 12.6509
    endloop
  endfacet
  facet normal 0.333661 0.358254 0.871966
    outer loop
      vertex 22.2153 11.13 9.72681
      vertex 20.0477 13.1488 9.72681
      vertex 20.8906 9.74123 10.8043
    endloop
  endfacet
  facet normal 0.0614385 0.0442561 0.997129
    outer loop
      vertex 12.6807 1.13404 13.1894
      vertex 14.199 2.54333 13.0333
      vertex 14.199 2.72583 13.0252
    endloop
  endfacet
  facet normal 0.0615784 0.0441052 0.997127
    outer loop
      vertex 14.199 2.54333 13.0333
      vertex 12.6807 1.13404 13.1894
      vertex 12.8758 0.861647 13.1894
    endloop
  endfacet
  facet normal 0.0288282 0.103108 0.994252
    outer loop
      vertex -2.09299 5.30152 13.3374
      vertex -3.08131 5.98863 13.2948
      vertex -2.99493 5.74848 13.3172
    endloop
  endfacet
  facet normal 0.0288425 0.103034 0.99426
    outer loop
      vertex -2.61777 7.5833 13.1161
      vertex -3.33798 6.43779 13.2557
      vertex -3.08131 5.98863 13.2948
    endloop
  endfacet
  facet normal 0.0288364 0.103037 0.994259
    outer loop
      vertex -2.61777 7.5833 13.1161
      vertex -3.668 6.82639 13.225
      vertex -3.33798 6.43779 13.2557
    endloop
  endfacet
  facet normal 0.0288714 0.102989 0.994263
    outer loop
      vertex -2.61777 7.5833 13.1161
      vertex -4.06075 7.14888 13.203
      vertex -3.668 6.82639 13.225
    endloop
  endfacet
  facet normal 0.0288394 0.103094 0.994253
    outer loop
      vertex -2.61777 7.5833 13.1161
      vertex -4.50574 7.3997 13.1899
      vertex -4.06075 7.14888 13.203
    endloop
  endfacet
  facet normal 0.0288633 0.102857 0.994277
    outer loop
      vertex -2.61777 7.5833 13.1161
      vertex -5.00296 7.57886 13.1858
      vertex -4.50574 7.3997 13.1899
    endloop
  endfacet
  facet normal 0.028862 0.103124 0.99425
    outer loop
      vertex -2.61777 7.5833 13.1161
      vertex -5.55241 7.68636 13.1906
      vertex -5.00296 7.57886 13.1858
    endloop
  endfacet
  facet normal 0.0289368 0.10344 0.994215
    outer loop
      vertex -9.5718 9.00771 13.1703
      vertex -2.61777 7.5833 13.1161
      vertex -1.58359 7.5833 13.086
    endloop
  endfacet
  facet normal 0.02886 0.103064 0.994256
    outer loop
      vertex -2.61777 7.5833 13.1161
      vertex -9.5718 9.00771 13.1703
      vertex -5.55241 7.68636 13.1906
    endloop
  endfacet
  facet normal 0.0287981 0.102919 0.994273
    outer loop
      vertex -6.5713 7.70441 13.2183
      vertex -9.5718 9.00771 13.1703
      vertex -6.86267 7.66518 13.2308
    endloop
  endfacet
  facet normal 0.0289591 0.103288 0.99423
    outer loop
      vertex -6.1541 7.7222 13.2043
      vertex -9.5718 9.00771 13.1703
      vertex -6.5713 7.70441 13.2183
    endloop
  endfacet
  facet normal 0.0287602 0.10276 0.99429
    outer loop
      vertex -5.55241 7.68636 13.1906
      vertex -9.5718 9.00771 13.1703
      vertex -6.1541 7.7222 13.2043
    endloop
  endfacet
  facet normal 0.028967 0.10309 0.99425
    outer loop
      vertex -2.61777 7.5833 13.1161
      vertex -2.09299 5.30152 13.3374
      vertex -1.74631 5.29573 13.3279
    endloop
  endfacet
  facet normal 0.0287872 0.10305 0.99426
    outer loop
      vertex -3.08131 5.98863 13.2948
      vertex -2.09299 5.30152 13.3374
      vertex -2.61777 7.5833 13.1161
    endloop
  endfacet
  facet normal 0.0288474 0.103118 0.994251
    outer loop
      vertex 2.85133 6.79249 13.0392
      vertex 0.33295 5.26106 13.2711
      vertex 2.32309 5.22787 13.2168
    endloop
  endfacet
  facet normal 0.0288762 0.103071 0.994255
    outer loop
      vertex 0.33295 5.26106 13.2711
      vertex 2.85133 6.79249 13.0392
      vertex -0.378519 7.36842 13.0733
    endloop
  endfacet
  facet normal 0.0288594 0.102982 0.994265
    outer loop
      vertex 4.84811 6.43643 13.0182
      vertex 6.17619 5.95129 13.0299
      vertex 6.30688 6.17631 13.0028
    endloop
  endfacet
  facet normal 0.0289225 0.103154 0.994245
    outer loop
      vertex 4.84811 6.43643 13.0182
      vertex 6.01369 5.58047 13.0731
      vertex 6.17619 5.95129 13.0299
    endloop
  endfacet
  facet normal 0.0287844 0.102967 0.994268
    outer loop
      vertex 4.84811 6.43643 13.0182
      vertex 5.8873 5.17355 13.1189
      vertex 6.01369 5.58047 13.0731
    endloop
  endfacet
  facet normal 0.0289105 0.10307 0.994254
    outer loop
      vertex 4.37467 5.19365 13.1608
      vertex 5.8873 5.17355 13.1189
      vertex 4.84811 6.43643 13.0182
    endloop
  endfacet
  facet normal 0.0289896 0.110745 0.993426
    outer loop
      vertex 5.8873 5.17355 13.1189
      vertex 4.37467 5.19365 13.1608
      vertex 5.88626 5.16844 13.1195
    endloop
  endfacet
  facet normal 0.00635062 0.0958225 0.995378
    outer loop
      vertex 10.6262 5.4061 12.9572
      vertex 10.702 5.16943 12.9795
      vertex 10.6298 5.39859 12.9579
    endloop
  endfacet
  facet normal 0.0371825 0.105541 0.99372
    outer loop
      vertex 10.702 5.16943 12.9795
      vertex 10.6262 5.4061 12.9572
      vertex 10.717 5.08788 12.9876
    endloop
  endfacet
  facet normal 0.0289029 0.103228 0.994238
    outer loop
      vertex 8.29575 5.82167 12.9818
      vertex 10.717 5.08788 12.9876
      vertex 10.6262 5.4061 12.9572
    endloop
  endfacet
  facet normal 0.0301803 0.102124 0.994314
    outer loop
      vertex 8.06448 5.48109 13.0238
      vertex 8.29575 5.82167 12.9818
      vertex 8.18364 5.68831 12.9989
    endloop
  endfacet
  facet normal 0.0288417 0.103026 0.99426
    outer loop
      vertex 8.29575 5.82167 12.9818
      vertex 8.06448 5.48109 13.0238
      vertex 10.717 5.08788 12.9876
    endloop
  endfacet
  facet normal 0.0288756 0.103257 0.994235
    outer loop
      vertex 7.97144 5.23943 13.0516
      vertex 10.717 5.08788 12.9876
      vertex 8.06448 5.48109 13.0238
    endloop
  endfacet
  facet normal 0.0288358 0.102502 0.994315
    outer loop
      vertex 10.717 5.08788 12.9876
      vertex 7.97144 5.23943 13.0516
      vertex 7.9459 5.13409 13.0632
    endloop
  endfacet
  facet normal -0.0108808 0.0785731 -0.996849
    outer loop
      vertex 2.44282 13.528 0.0255432
      vertex -13.6143 13.8471 0.225962
      vertex 2.65007 13.5567 0.0255432
    endloop
  endfacet
  facet normal -0.00170756 0.0123307 -0.999923
    outer loop
      vertex 2.65007 13.5567 0.0255432
      vertex -15.3758 9.73634 0.0092144
      vertex 2.44282 13.528 0.0255432
    endloop
  endfacet
  facet normal -0.00266501 0.375181 -0.926948
    outer loop
      vertex -4.8826 19.6581 1.35815
      vertex -8.56987 18.7756 1.01156
      vertex -7.95161 19.6363 1.35815
    endloop
  endfacet
  facet normal 0.000813093 0.00164946 -0.999998
    outer loop
      vertex 12.3153 -0.249289 0.0102835
      vertex 3.25148 13.47 0.0255432
      vertex 3.41945 13.3872 0.0255432
    endloop
  endfacet
  facet normal 0.000194833 0.13585 -0.990729
    outer loop
      vertex 2.85925 13.5564 0.0255432
      vertex 2.65007 13.5567 0.0255432
      vertex 3.17121 15.0355 0.228421
    endloop
  endfacet
  facet normal 0.0538726 0.109287 -0.992549
    outer loop
      vertex 3.41945 13.3872 0.0255432
      vertex 3.25148 13.47 0.0255432
      vertex 4.33282 14.7795 0.228421
    endloop
  endfacet
  facet normal 0.325824 0.944861 0.0328062
    outer loop
      vertex 18.3864 16.6021 5.34274
      vertex 15.2498 17.6172 7.25854
      vertex 18.3298 16.5551 7.25854
    endloop
  endfacet
  facet normal 0.281975 0.957798 -0.0558008
    outer loop
      vertex 18.3864 16.6021 4.38887
      vertex 6.37675 20.1608 4.78481
      vertex 15.2498 17.6172 5.96264
    endloop
  endfacet
  facet normal 0.264136 0.365375 -0.892599
    outer loop
      vertex 24.9383 8.55579 1.67077
      vertex 19.773 12.5542 1.77897
      vertex 25.5814 9.9106 2.41565
    endloop
  endfacet
  facet normal 0.355176 0.520226 -0.776669
    outer loop
      vertex 25.5814 9.9106 2.41565
      vertex 19.7275 14.1408 2.57208
      vertex 26.0244 10.8438 3.24331
    endloop
  endfacet
  facet normal -0.207184 0.194021 0.958869
    outer loop
      vertex -21.9298 11.053 11.2052
      vertex -22.7833 10.1416 11.2052
      vertex -18.7939 7.18521 12.6654
    endloop
  endfacet
  facet normal 0.0373703 0.340179 0.939618
    outer loop
      vertex 11.9054 13.954 10.8043
      vertex -8.8101 11.0891 12.6654
      vertex 11.8306 11.431 11.7207
    endloop
  endfacet
  facet normal 0.256344 0.0154993 0.966461
    outer loop
      vertex 22.0586 -0.222389 11.7207
      vertex 19.2415 1.4804 12.4406
      vertex 19.3428 -0.195009 12.4406
    endloop
  endfacet
  facet normal 0.0779019 -0.0385311 -0.996216
    outer loop
      vertex 22.9242 -2.72553 0.196776
      vertex 19.905 -6.07238 0.0901289
      vertex 21.2348 -1.62247 0.0220051
    endloop
  endfacet
  facet normal 0.391057 0.0297712 -0.919885
    outer loop
      vertex 27.0895 0.297988 1.03731
      vertex 26.964 1.94648 1.03731
      vertex 28.557 0.594742 1.67077
    endloop
  endfacet
  facet normal 0.454346 0.206536 -0.866552
    outer loop
      vertex 29.0089 5.25068 2.41565
      vertex 27.9425 4.47134 1.67077
      vertex 28.1504 7.13924 2.41565
    endloop
  endfacet
  facet normal 0.401444 -0.0312765 -0.915349
    outer loop
      vertex 28.557 0.594742 1.67077
      vertex 26.957 -1.40269 1.03731
      vertex 27.0895 0.297988 1.03731
    endloop
  endfacet
  facet normal 0.890455 -0.203437 -0.407065
    outer loop
      vertex 30.0963 -4.24476 4.12194
      vertex 29.7226 -4.12238 3.24331
      vertex 30.7011 -1.59752 4.12194
    endloop
  endfacet
  facet normal 0.872283 0.215548 -0.438932
    outer loop
      vertex 30.3148 3.47515 3.24331
      vertex 29.7434 5.7875 3.24331
      vertex 30.1179 6.06117 4.12194
    endloop
  endfacet
  facet normal 0.630017 -0.359219 -0.688506
    outer loop
      vertex 28.7817 -6.55021 3.24331
      vertex 26.9577 -8.16288 2.41565
      vertex 28.1226 -6.11982 2.41565
    endloop
  endfacet
  facet normal 0.541577 -0.123738 -0.831494
    outer loop
      vertex 28.9897 -3.88232 2.41565
      vertex 27.9257 -3.5338 1.67077
      vertex 29.5257 -1.53636 2.41565
    endloop
  endfacet
  facet normal 0.548233 -0.0427361 -0.835233
    outer loop
      vertex 29.5257 -1.53636 2.41565
      vertex 28.557 0.594742 1.67077
      vertex 29.71 0.8279 2.41565
    endloop
  endfacet
  facet normal 0.832169 -0.474479 0.286992
    outer loop
      vertex 29.1178 -6.76963 5.01779
      vertex 26.4539 -10.0122 7.38122
      vertex 27.8033 -9.07508 5.01779
    endloop
  endfacet
  facet normal 0.141372 -0.931566 -0.334961
    outer loop
      vertex 9.32186 -20.0269 4.08375
      vertex 6.09234 -20.204 3.21325
      vertex 9.11097 -19.7459 3.21325
    endloop
  endfacet
  facet normal 0.682629 -0.26454 -0.681202
    outer loop
      vertex 29.7226 -4.12238 3.24331
      vertex 28.1226 -6.11982 2.41565
      vertex 28.9897 -3.88232 2.41565
    endloop
  endfacet
  facet normal -0.0178913 -0.0688959 -0.997463
    outer loop
      vertex -18.4429 -9.1095 0.0148373
      vertex -19.2395 -10.6088 0.132684
      vertex -18.6912 -9.04502 0.0148373
    endloop
  endfacet
  facet normal 3.01398e-05 0.000199073 -1
    outer loop
      vertex -14.4448 9.74296 0.0092144
      vertex -15.4839 3.68692 0.00797749
      vertex -14.716 9.78402 0.0092144
    endloop
  endfacet
  facet normal 0.000928169 -0.00359487 -0.999993
    outer loop
      vertex 17.0739 -6.89576 0.0100784
      vertex 4.37471 -13.4355 0.021801
      vertex 16.8725 -6.94776 0.0100784
    endloop
  endfacet
  facet normal 4.28752e-05 -8.26446e-05 -1
    outer loop
      vertex 17.475 -6.71514 0.0100784
      vertex -16.2664 1.20117 0.00797749
      vertex -16.0796 1.29808 0.00797749
    endloop
  endfacet
  facet normal 0.321014 -0.224492 -0.920083
    outer loop
      vertex 26.1446 -7.28574 1.67077
      vertex 25.1097 -6.16936 1.03731
      vertex 25.5647 -5.80206 1.10644
    endloop
  endfacet
  facet normal 0.0844549 -0.101349 -0.99126
    outer loop
      vertex 20.4715 -7.4162 0.247154
      vertex 18.7014 -7.35543 0.0901289
      vertex 19.1869 -6.95086 0.0901289
    endloop
  endfacet
  facet normal -2.70583e-05 0.000205631 -1
    outer loop
      vertex -15.0304 9.78179 0.0092144
      vertex -15.6469 3.68547 0.00797749
      vertex -15.3758 9.73634 0.0092144
    endloop
  endfacet
  facet normal 0.00214749 0.000948049 -0.999997
    outer loop
      vertex 18.1561 -5.74209 0.0100784
      vertex 18.1073 -5.63155 0.0100784
      vertex 21.3333 -0.358744 0.0220051
    endloop
  endfacet
  facet normal 0.0449599 -0.0314651 -0.998493
    outer loop
      vertex 19.5934 -6.51762 0.0901289
      vertex 17.9605 -6.31057 0.0100784
      vertex 19.905 -6.07238 0.0901289
    endloop
  endfacet
  facet normal 0.0931557 -0.0651948 -0.993515
    outer loop
      vertex 21.6376 -5.98963 0.247154
      vertex 19.5934 -6.51762 0.0901289
      vertex 19.905 -6.07238 0.0901289
    endloop
  endfacet
  facet normal 0.496254 -0.177648 0.849808
    outer loop
      vertex 24.8823 -6.39559 9.72681
      vertex 23.3428 -9.9098 9.89119
      vertex 25.4034 -9.97764 8.6737
    endloop
  endfacet
  facet normal 0.119817 -0.390291 0.912862
    outer loop
      vertex 15.0983 -10.8718 11.9187
      vertex 10.9925 -10.4197 12.6509
      vertex 13.5924 -13.9406 10.8043
    endloop
  endfacet
  facet normal 0.792733 -0.307222 0.526488
    outer loop
      vertex 29.7226 -4.12238 5.89643
      vertex 26.4539 -10.0122 7.38122
      vertex 28.7817 -6.55021 5.89643
    endloop
  endfacet
  facet normal 0.746034 -0.259421 0.613297
    outer loop
      vertex 29.7226 -4.12238 5.89643
      vertex 25.4034 -9.97764 8.6737
      vertex 26.4539 -10.0122 7.38122
    endloop
  endfacet
  facet normal 0.245561 -0.075685 0.966422
    outer loop
      vertex 19.1423 -1.86737 12.4406
      vertex 18.6476 -3.47243 12.4406
      vertex 21.1231 -4.63305 11.7207
    endloop
  endfacet
  facet normal 0.289872 -0.911064 0.29315
    outer loop
      vertex 14.1971 -17.9141 7.25854
      vertex 12.2502 -19.2695 4.9713
      vertex 17.3382 -16.9147 7.25854
    endloop
  endfacet
  facet normal 0.287266 -0.269494 -0.919158
    outer loop
      vertex 24.9018 -8.83726 1.67077
      vertex 22.6106 -8.19116 0.765264
      vertex 23.6929 -7.03749 0.765264
    endloop
  endfacet
  facet normal 0.0607791 -0.117718 -0.991185
    outer loop
      vertex 18.1554 -7.71579 0.0901289
      vertex 7.04893 -14.3328 0.194953
      vertex 17.5699 -8.01809 0.0901289
    endloop
  endfacet
  facet normal 0.0633128 -0.12196 -0.990514
    outer loop
      vertex 18.7963 -8.65838 0.247154
      vertex 7.04893 -14.3328 0.194953
      vertex 18.1554 -7.71579 0.0901289
    endloop
  endfacet
  facet normal 0.0837013 -0.164443 -0.982829
    outer loop
      vertex 9.05462 -15.3419 0.534603
      vertex 7.04893 -14.3328 0.194953
      vertex 17.8456 -9.14929 0.247154
    endloop
  endfacet
  facet normal -0.678786 -0.291796 0.673872
    outer loop
      vertex -27.1668 -8.24676 8.6737
      vertex -30.8968 -10.419 3.97589
      vertex -26.7532 -9.20889 8.6737
    endloop
  endfacet
  facet normal -0.426223 -0.293853 -0.855561
    outer loop
      vertex -29.9036 -11.8596 2.18692
      vertex -30.8968 -10.419 2.18692
      vertex -28.9733 -11.5841 1.62884
    endloop
  endfacet
  facet normal -0.177682 0.0653191 0.981918
    outer loop
      vertex -20.3594 5.16614 12.6654
      vertex -18.1902 5.16952 13.0577
      vertex -18.1902 5.38148 13.0436
    endloop
  endfacet
  facet normal -0.177685 0.0650248 0.981937
    outer loop
      vertex -18.1902 5.16952 13.0577
      vertex -20.3594 5.16614 12.6654
      vertex -20.7202 4.18023 12.6654
    endloop
  endfacet
  facet normal -0.846441 0.235305 0.47767
    outer loop
      vertex -31.7428 8.51334 7.68254
      vertex -32.929 6.57026 6.53775
      vertex -32.2473 6.69855 7.68254
    endloop
  endfacet
  facet normal -0.000771292 -0.00544488 -0.999985
    outer loop
      vertex 3.13338 -13.4448 0.021801
      vertex -18.4429 -9.1095 0.0148373
      vertex 3.4327 -13.4872 0.021801
    endloop
  endfacet
  facet normal -0.51814 -0.855296 0
    outer loop
      vertex -28.8708 -13.3579 2.77938
      vertex -26.9474 -14.5231 3.38344
      vertex -28.8708 -13.3579 3.38344
    endloop
  endfacet
  facet normal -0.51814 -0.855296 -0
    outer loop
      vertex -26.9474 -14.5231 3.38344
      vertex -28.8708 -13.3579 2.77938
      vertex -26.9474 -14.5231 2.77938
    endloop
  endfacet
  facet normal -0.243491 0.15608 0.957262
    outer loop
      vertex -19.709 6.18079 12.6654
      vertex -25.4082 10.2222 10.5568
      vertex -20.3594 5.16614 12.6654
    endloop
  endfacet
  facet normal -0.493199 0.632507 0.597235
    outer loop
      vertex -26.6112 13.9929 7.68254
      vertex -27.7973 12.0498 8.76091
      vertex -25.716 13.6727 8.76091
    endloop
  endfacet
  facet normal 0.0188017 0.502301 0.864489
    outer loop
      vertex -9.24362 17.6071 9.73142
      vertex -10.3103 16.2265 10.5568
      vertex 3.72954 17.6826 9.4054
    endloop
  endfacet
  facet normal -0.0539893 0.39409 0.917485
    outer loop
      vertex -14.5914 15.8657 10.5568
      vertex -14.7458 14.335 11.2052
      vertex -12.3972 16.1663 10.5568
    endloop
  endfacet
  facet normal -0.0527619 0.134522 0.989505
    outer loop
      vertex -13.1241 8.65506 13.1703
      vertex -13.1865 7.65375 13.3031
      vertex -13.0103 7.62135 13.3169
    endloop
  endfacet
  facet normal -0.102436 0.299089 0.948711
    outer loop
      vertex -16.3934 13.9415 11.2052
      vertex -17.9949 13.393 11.2052
      vertex -13.3123 10.365 12.6654
    endloop
  endfacet
  facet normal 0.0794704 0.551189 0.830587
    outer loop
      vertex 5.04387 17.4931 9.4054
      vertex 3.72954 17.6826 9.4054
      vertex 14.8217 15.599 9.72681
    endloop
  endfacet
  facet normal 0.0014114 0.960808 0.277211
    outer loop
      vertex 4.25289 20.1639 6.84466
      vertex 2.19108 20.4612 5.82472
      vertex 2.21064 20.1669 6.84466
    endloop
  endfacet
  facet normal -0.322441 0.301988 0.897126
    outer loop
      vertex -26.2407 11.7853 9.73142
      vertex -27.6404 10.2908 9.73142
      vertex -25.4082 10.2222 10.5568
    endloop
  endfacet
  facet normal -0.322457 0.301978 0.897123
    outer loop
      vertex -24.2595 11.4488 10.5568
      vertex -26.2407 11.7853 9.73142
      vertex -25.4082 10.2222 10.5568
    endloop
  endfacet
  facet normal -0.182205 0.410352 -0.893539
    outer loop
      vertex -21.4565 15.0345 1.01156
      vertex -21.9344 15.577 1.35815
      vertex -18.2472 16.4595 1.01156
    endloop
  endfacet
  facet normal -0.023826 0.181105 -0.983175
    outer loop
      vertex -10.6099 15.9357 0.434379
      vertex -12.8454 15.6416 0.434379
      vertex -12.1914 17.1677 0.699644
    endloop
  endfacet
  facet normal -0.00172947 0.243366 -0.969933
    outer loop
      vertex -6.98833 17.5437 0.699644
      vertex -8.56987 18.7756 1.01156
      vertex -5.74146 18.7957 1.01156
    endloop
  endfacet
  facet normal 0.493308 0.75106 -0.438813
    outer loop
      vertex 19.6962 15.2337 3.45334
      vertex 19.6802 15.7908 4.38887
      vertex 26.2503 11.3195 4.12194
    endloop
  endfacet
  facet normal 0.248968 0.827661 -0.502983
    outer loop
      vertex 18.4521 16.0138 3.45334
      vertex 6.23547 19.878 3.76487
      vertex 18.3864 16.6021 4.38887
    endloop
  endfacet
  facet normal 0.706131 0.519393 -0.481259
    outer loop
      vertex 28.812 7.83671 3.24331
      vertex 27.5562 9.54401 3.24331
      vertex 27.8433 9.96781 4.12194
    endloop
  endfacet
  facet normal -0.00457742 0.644411 -0.764666
    outer loop
      vertex -4.8826 19.6581 1.35815
      vertex -7.95161 19.6363 1.35815
      vertex -4.44476 20.0978 1.72608
    endloop
  endfacet
  facet normal -0.22266 0.932194 0.285372
    outer loop
      vertex -14.2498 19.2537 6.53775
      vertex -17.6307 18.0957 7.68254
      vertex -14.286 18.8946 7.68254
    endloop
  endfacet
  facet normal -0.232472 0.6822 -0.693225
    outer loop
      vertex -18.4521 17.1232 1.35815
      vertex -18.5565 17.4615 1.72608
      vertex -14.8305 18.7312 1.72608
    endloop
  endfacet
  facet normal -0.440359 -0.0399069 -0.896935
    outer loop
      vertex -34.6693 1.28212 1.72608
      vertex -34.8378 3.14146 1.72608
      vertex -34.1076 3.35343 1.35815
    endloop
  endfacet
  facet normal -0.483096 0.278458 -0.830108
    outer loop
      vertex -32.3462 7.46414 1.35815
      vertex -33.5676 5.34514 1.35815
      vertex -33.0059 7.41646 1.72608
    endloop
  endfacet
  facet normal -0.852957 -0.0761296 0.5164
    outer loop
      vertex -32.0964 5.00711 7.68254
      vertex -32.929 6.57026 6.53775
      vertex -32.772 4.81123 6.53775
    endloop
  endfacet
  facet normal -0.0432712 -0.0141987 -0.998962
    outer loop
      vertex -19.3539 -8.55759 0.0148373
      vertex -21.9378 -8.97425 0.132684
      vertex -19.405 -8.40186 0.0148373
    endloop
  endfacet
  facet normal -0.0898013 -0.0294602 -0.995524
    outer loop
      vertex -24.3717 -9.36674 0.363849
      vertex -24.6174 -8.61779 0.363849
      vertex -21.9378 -8.97425 0.132684
    endloop
  endfacet
  facet normal -0.0160689 0.122143 -0.992382
    outer loop
      vertex -10.6099 15.9357 0.434379
      vertex -13.6143 13.8471 0.225962
      vertex -12.8454 15.6416 0.434379
    endloop
  endfacet
  facet normal -0.0216368 0.00586957 -0.999749
    outer loop
      vertex -17.7095 8.11397 0.0092144
      vertex -21.3802 7.04834 0.0824003
      vertex -21.2163 7.65252 0.0824003
    endloop
  endfacet
  facet normal -0.000171035 0.000194487 -1
    outer loop
      vertex -16.2001 3.39846 0.00797749
      vertex -17.339 8.75676 0.0092144
      vertex -17.0912 8.97468 0.0092144
    endloop
  endfacet
  facet normal -0.143838 -0.0471873 -0.988476
    outer loop
      vertex -24.3717 -9.36674 0.363849
      vertex -26.5621 -9.71997 0.699447
      vertex -24.6174 -8.61779 0.363849
    endloop
  endfacet
  facet normal -0.025365 -0.0619275 -0.997758
    outer loop
      vertex -18.6912 -9.04502 0.0148373
      vertex -20.6359 -10.1472 0.132684
      vertex -18.9143 -8.95364 0.0148373
    endloop
  endfacet
  facet normal -0.0651201 -0.00590031 -0.99786
    outer loop
      vertex -24.7581 5.1638 0.225962
      vertex -27.9497 5.14113 0.434379
      vertex -24.8379 6.04453 0.225962
    endloop
  endfacet
  facet normal -1.80652e-06 0.000203077 -1
    outer loop
      vertex -15.4839 3.68692 0.00797749
      vertex -15.6469 3.68547 0.00797749
      vertex -15.0304 9.78179 0.0092144
    endloop
  endfacet
  facet normal -0.0354193 -0.212078 -0.976611
    outer loop
      vertex 0.463636 -16.2234 0.534603
      vertex -19.99 -12.0211 0.363849
      vertex 1.75863 -14.8756 0.194953
    endloop
  endfacet
  facet normal -0.579005 0.742547 0.336714
    outer loop
      vertex -26.6112 13.9929 7.68254
      vertex -29.4162 12.3248 6.53775
      vertex -28.8696 12.2319 7.68254
    endloop
  endfacet
  facet normal -0.214569 0.384604 -0.897797
    outer loop
      vertex -24.45 13.3645 1.01156
      vertex -25.1825 13.7649 1.35815
      vertex -21.9344 15.577 1.35815
    endloop
  endfacet
  facet normal 0.162249 0.00981006 0.986701
    outer loop
      vertex 19.2415 1.4804 12.4406
      vertex 16.3252 -0.164585 12.9365
      vertex 19.3428 -0.195009 12.4406
    endloop
  endfacet
  facet normal 0.256349 0.0155079 0.96646
    outer loop
      vertex 21.9222 2.03233 11.7207
      vertex 19.2415 1.4804 12.4406
      vertex 22.0586 -0.222389 11.7207
    endloop
  endfacet
  facet normal 0.127296 0.0901696 0.987758
    outer loop
      vertex 16.2685 3.8611 12.7505
      vertex 18.1603 4.58516 12.4406
      vertex 16.2739 3.98493 12.7385
    endloop
  endfacet
  facet normal 0.126973 0.0909978 0.987723
    outer loop
      vertex 18.1603 4.58516 12.4406
      vertex 16.2685 3.8611 12.7505
      vertex 16.2685 3.25217 12.8066
    endloop
  endfacet
  facet normal 0.201131 0.143737 0.968961
    outer loop
      vertex 19.2046 7.97365 11.7207
      vertex 19.0763 7.67725 11.7913
      vertex 19.1111 7.67035 11.7851
    endloop
  endfacet
  facet normal 0.200336 0.144107 0.969071
    outer loop
      vertex 19.2046 7.97365 11.7207
      vertex 19.0163 7.68669 11.8023
      vertex 19.0763 7.67725 11.7913
    endloop
  endfacet
  facet normal 0.200971 0.143671 0.969004
    outer loop
      vertex 19.2046 7.97365 11.7207
      vertex 18.9496 7.69501 11.8149
      vertex 19.0163 7.68669 11.8023
    endloop
  endfacet
  facet normal 0.200003 0.144579 0.969069
    outer loop
      vertex 18.9496 7.69501 11.8149
      vertex 19.2046 7.97365 11.7207
      vertex 18.9397 7.69597 11.8168
    endloop
  endfacet
  facet normal 0.201545 0.143769 0.968871
    outer loop
      vertex 18.1603 4.58516 12.4406
      vertex 18.4846 5.78835 12.1946
      vertex 18.4232 5.79086 12.207
    endloop
  endfacet
  facet normal 0.200928 0.143924 0.968976
    outer loop
      vertex 18.1603 4.58516 12.4406
      vertex 18.4232 5.79086 12.207
      vertex 18.3657 5.79169 12.2188
    endloop
  endfacet
  facet normal 0.200515 0.14408 0.969038
    outer loop
      vertex 18.4846 5.78835 12.1946
      vertex 18.1603 4.58516 12.4406
      vertex 18.5302 5.78542 12.1856
    endloop
  endfacet
  facet normal 0.200769 0.143956 0.969004
    outer loop
      vertex 18.1563 5.78419 12.2633
      vertex 18.1603 4.58516 12.4406
      vertex 18.3657 5.79169 12.2188
    endloop
  endfacet
  facet normal 0.200925 0.143952 0.968972
    outer loop
      vertex 17.9501 5.76169 12.3094
      vertex 18.1603 4.58516 12.4406
      vertex 18.1563 5.78419 12.2633
    endloop
  endfacet
  facet normal 0.201361 0.144019 0.968872
    outer loop
      vertex 17.7474 5.7242 12.3571
      vertex 18.1603 4.58516 12.4406
      vertex 17.9501 5.76169 12.3094
    endloop
  endfacet
  facet normal 0.200656 0.143776 0.969054
    outer loop
      vertex 17.5479 5.67169 12.4062
      vertex 18.1603 4.58516 12.4406
      vertex 17.7474 5.7242 12.3571
    endloop
  endfacet
  facet normal 0.201057 0.143999 0.968938
    outer loop
      vertex 18.1603 4.58516 12.4406
      vertex 17.5479 5.67169 12.4062
      vertex 17.4149 5.62592 12.4406
    endloop
  endfacet
  facet normal -0.145138 -0.371257 0.917117
    outer loop
      vertex -11.7761 -10.0841 12.6509
      vertex -17.0997 -9.81167 11.9187
      vertex -15.5431 -10.4202 11.9187
    endloop
  endfacet
  facet normal 0.0546306 -0.468196 0.881934
    outer loop
      vertex 8.11076 -11.1018 12.6509
      vertex 6.1199 -11.3341 12.6509
      vertex 13.5924 -13.9406 10.8043
    endloop
  endfacet
  facet normal 0.118007 -0.104591 0.987489
    outer loop
      vertex 14.7979 -3.88636 12.9365
      vertex 11.7727 -9.99609 12.6509
      vertex 16.8626 -6.23884 12.4406
    endloop
  endfacet
  facet normal 0.0129628 0.0204495 0.999707
    outer loop
      vertex -8.96816 6.45234 13.4037
      vertex -11.3332 6.77824 13.4277
      vertex -9.00766 6.39916 13.4053
    endloop
  endfacet
  facet normal 0.0129321 0.0202268 0.999712
    outer loop
      vertex -11.3332 6.77824 13.4277
      vertex -8.96816 6.45234 13.4037
      vertex -11.5037 6.88725 13.4277
    endloop
  endfacet
  facet normal 0.0141313 0.027588 0.999519
    outer loop
      vertex -1.96995 5.25198 13.3374
      vertex -2.88445 5.40883 13.346
      vertex -2.8829 5.40079 13.3462
    endloop
  endfacet
  facet normal 0.0126671 0.0185788 0.999747
    outer loop
      vertex -6.82631 6.08496 13.3834
      vertex -5.02478 5.74993 13.3668
      vertex -5.04415 5.77928 13.3665
    endloop
  endfacet
  facet normal 0.0126936 0.0187211 0.999744
    outer loop
      vertex -5.02478 5.74993 13.3668
      vertex -6.82631 6.08496 13.3834
      vertex -6.88078 6.05247 13.3847
    endloop
  endfacet
  facet normal -0.0370564 0.136054 0.990008
    outer loop
      vertex -12.1626 8.92117 13.1703
      vertex -12.593 7.4847 13.3516
      vertex -12.4897 7.43061 13.3629
    endloop
  endfacet
  facet normal -0.0381095 0.136359 0.989926
    outer loop
      vertex -12.593 7.4847 13.3516
      vertex -12.1626 8.92117 13.1703
      vertex -12.6778 7.51327 13.3444
    endloop
  endfacet
  facet normal 0.00731018 0.0114337 0.999908
    outer loop
      vertex -11.6321 6.71573 13.4306
      vertex -11.3332 6.77824 13.4277
      vertex -11.5037 6.88725 13.4277
    endloop
  endfacet
  facet normal 0.00724096 0.0117645 0.999905
    outer loop
      vertex -11.3332 6.77824 13.4277
      vertex -11.6321 6.71573 13.4306
      vertex -11.5269 6.53199 13.432
    endloop
  endfacet
  facet normal 0.0148648 0.0117741 0.99982
    outer loop
      vertex -13.2636 4.53754 13.4681
      vertex -13.2596 4.32869 13.4705
      vertex -13.2596 4.43059 13.4693
    endloop
  endfacet
  facet normal 0.00739344 0.011632 0.999905
    outer loop
      vertex -16.1207 0.723069 13.5336
      vertex -13.2596 4.32869 13.4705
      vertex -13.2636 4.53754 13.4681
    endloop
  endfacet
  facet normal 0.00651758 0.012327 0.999903
    outer loop
      vertex -13.2596 4.32869 13.4705
      vertex -16.1207 0.723069 13.5336
      vertex -16.1207 0.690623 13.534
    endloop
  endfacet
  facet normal -0.036899 -0.197336 0.979641
    outer loop
      vertex -2.81942 -9.40053 13.4123
      vertex -6.6204 -9.96613 13.1552
      vertex -2.41741 -9.4757 13.4123
    endloop
  endfacet
  facet normal -0.474462 -0.134177 0.86999
    outer loop
      vertex -25.8674 1.56325 10.9995
      vertex -27.7054 0.950211 9.90257
      vertex -25.1062 -8.3146 9.89119
    endloop
  endfacet
  facet normal 0.714632 -0.16328 0.680177
    outer loop
      vertex 30.3042 -1.57687 5.89643
      vertex 29.5257 -1.53636 6.72409
      vertex 29.7226 -4.12238 5.89643
    endloop
  endfacet
  facet normal 0.15543 -0.0479056 0.986685
    outer loop
      vertex 19.1423 -1.86737 12.4406
      vertex 16.2017 -1.19442 12.9365
      vertex 18.6476 -3.47243 12.4406
    endloop
  endfacet
  facet normal 0.90842 -0.0708217 0.412017
    outer loop
      vertex 30.5042 0.988502 5.89643
      vertex 30.3042 -1.57687 5.89643
      vertex 30.7011 -1.59752 5.01779
    endloop
  endfacet
  facet normal 0.476018 0.759151 -0.443956
    outer loop
      vertex 18.4521 16.0138 3.45334
      vertex 18.3864 16.6021 4.38887
      vertex 19.6962 15.2337 3.45334
    endloop
  endfacet
  facet normal 0.329281 0.150612 0.932143
    outer loop
      vertex 22.4292 7.59299 10.8043
      vertex 21.3849 4.2045 11.7207
      vertex 23.5473 5.1485 10.8043
    endloop
  endfacet
  facet normal 0.63219 0.156367 0.758871
    outer loop
      vertex 29.0089 5.25068 6.72409
      vertex 25.2463 5.8902 9.72681
      vertex 25.9932 2.8705 9.72681
    endloop
  endfacet
  facet normal -0.07389 0.539339 0.838841
    outer loop
      vertex -14.4602 17.1674 9.73142
      vertex -14.5914 15.8657 10.5568
      vertex -11.7865 17.5337 9.73142
    endloop
  endfacet
  facet normal 0.0173107 0.0458044 0.9988
    outer loop
      vertex -8.9631 6.45915 13.4033
      vertex -11.5037 6.88725 13.4277
      vertex -8.96816 6.45234 13.4037
    endloop
  endfacet
  facet normal 0.0163671 0.0406501 0.999039
    outer loop
      vertex -2.09299 5.30152 13.3374
      vertex -2.88445 5.40883 13.346
      vertex -1.96995 5.25198 13.3374
    endloop
  endfacet
  facet normal 0.016314 0.0402573 0.999056
    outer loop
      vertex -2.88445 5.40883 13.346
      vertex -2.09299 5.30152 13.3374
      vertex -2.88964 5.43575 13.345
    endloop
  endfacet
  facet normal 0.105982 0.100664 0.98926
    outer loop
      vertex -5.05955 5.80139 13.3659
      vertex -5.04415 5.77928 13.3665
      vertex -5.0569 5.7986 13.3659
    endloop
  endfacet
  facet normal 0.0159893 0.0382505 0.99914
    outer loop
      vertex -6.80784 6.09598 13.3826
      vertex -5.04415 5.77928 13.3665
      vertex -5.05955 5.80139 13.3659
    endloop
  endfacet
  facet normal 0.0170179 0.0439918 0.998887
    outer loop
      vertex -5.04415 5.77928 13.3665
      vertex -6.80784 6.09598 13.3826
      vertex -6.82631 6.08496 13.3834
    endloop
  endfacet
  facet normal 0.00824424 0.00183297 0.999964
    outer loop
      vertex 1.81062 -9.20085 13.4123
      vertex -16.1832 -0.82642 13.5453
      vertex -16.1344 -1.04591 13.5453
    endloop
  endfacet
  facet normal 0.0752959 0.249295 -0.965496
    outer loop
      vertex 4.33282 14.7795 0.228421
      vertex 3.77262 14.9487 0.228421
      vertex 5.35142 16.0131 0.626379
    endloop
  endfacet
  facet normal 0.115372 0.381931 -0.916961
    outer loop
      vertex 5.35142 16.0131 0.626379
      vertex 4.44171 16.2879 0.626379
      vertex 5.04387 17.4931 1.20413
    endloop
  endfacet
  facet normal -0.135744 0.990583 -0.0178569
    outer loop
      vertex -11.1433 19.6137 1.72608
      vertex -14.2498 19.2537 5.37054
      vertex -10.8076 19.7254 5.37054
    endloop
  endfacet
  facet normal -0.00625059 0.135426 -0.990768
    outer loop
      vertex 2.65007 13.5567 0.0255432
      vertex -10.6099 15.9357 0.434379
      vertex 2.55171 15.0364 0.228421
    endloop
  endfacet
  facet normal 0.0743276 0.0297937 -0.996789
    outer loop
      vertex 20.5317 1.91393 0.0234299
      vertex 20.4271 2.17488 0.0234299
      vertex 23.2159 1.01707 0.196776
    endloop
  endfacet
  facet normal -0.000250028 -0.000598484 -1
    outer loop
      vertex -0.232276 -8.55883 0.00968647
      vertex -16.7491 1.1969 0.00797749
      vertex -0.0923901 -8.61727 0.00968647
    endloop
  endfacet
  facet normal 0.00572439 0.00912635 -0.999942
    outer loop
      vertex 19.9276 2.80113 0.0234299
      vertex 3.41945 13.3872 0.0255432
      vertex 20.055 2.72122 0.0234299
    endloop
  endfacet
  facet normal 0.0431276 0.0674629 -0.996789
    outer loop
      vertex 20.055 2.72122 0.0234299
      vertex 3.41945 13.3872 0.0255432
      vertex 19.9747 5.52209 0.209519
    endloop
  endfacet
  facet normal 0.118498 0.648396 0.752025
    outer loop
      vertex 15.1052 16.9358 8.52955
      vertex 5.55597 18.518 8.67007
      vertex 14.8217 15.599 9.72681
    endloop
  endfacet
  facet normal 0.174724 0.830036 0.529634
    outer loop
      vertex 6.23547 19.878 6.84466
      vertex 5.95832 19.3233 7.80541
      vertex 15.1052 16.9358 8.52955
    endloop
  endfacet
  facet normal 0.344339 0.569686 0.74625
    outer loop
      vertex 20.7757 14.2771 8.52955
      vertex 18.0669 15.9144 8.52955
      vertex 20.0477 13.1488 9.72681
    endloop
  endfacet
  facet normal 0.706175 0.519388 -0.481199
    outer loop
      vertex 28.812 7.83671 3.24331
      vertex 27.8433 9.96781 4.12194
      vertex 29.1492 8.19227 4.12194
    endloop
  endfacet
  facet normal 0.137664 0.219512 -0.965848
    outer loop
      vertex 19.2862 8.54477 0.574548
      vertex 19.0062 11.0521 1.10449
      vertex 19.899 8.16046 0.574548
    endloop
  endfacet
  facet normal 0.137664 0.219512 -0.965848
    outer loop
      vertex 19.899 8.16046 0.574548
      vertex 19.0062 11.0521 1.10449
      vertex 19.8309 10.5349 1.10449
    endloop
  endfacet
  facet normal 0.0010136 0.00178026 -0.999998
    outer loop
      vertex 12.3153 -0.249289 0.0102835
      vertex 3.41945 13.3872 0.0255432
      vertex 19.9276 2.80113 0.0234299
    endloop
  endfacet
  facet normal 0.189555 0.139423 -0.971921
    outer loop
      vertex 25.9677 4.83793 1.03731
      vertex 24.5304 3.32252 0.539604
      vertex 25.1352 5.96977 1.03731
    endloop
  endfacet
  facet normal -0.00842634 0.252271 0.96762
    outer loop
      vertex -10.2307 11.0416 12.6654
      vertex -11.2264 9.07173 13.1703
      vertex -10.3516 9.10095 13.1703
    endloop
  endfacet
  facet normal -0.0478761 0.34927 0.935798
    outer loop
      vertex -13.1153 14.5585 11.2052
      vertex -14.7458 14.335 11.2052
      vertex -10.2307 11.0416 12.6654
    endloop
  endfacet
  facet normal 0.12574 0.696114 0.706835
    outer loop
      vertex 5.95832 19.3233 7.80541
      vertex 5.55597 18.518 8.67007
      vertex 15.1052 16.9358 8.52955
    endloop
  endfacet
  facet normal -0.229022 0.668631 0.707447
    outer loop
      vertex -17.4395 17.4538 8.76091
      vertex -19.7881 15.6225 9.73142
      vertex -17.162 16.522 9.73142
    endloop
  endfacet
  facet normal 0.217321 -0.104158 -0.970527
    outer loop
      vertex 24.5229 -5.85182 0.765264
      vertex 23.1968 -5.91516 0.47512
      vertex 24.5155 -3.76459 0.539604
    endloop
  endfacet
  facet normal 0.082241 -0.0318699 -0.996103
    outer loop
      vertex 22.9242 -2.72553 0.196776
      vertex 21.3312 -1.37379 0.0220051
      vertex 23.2096 -1.98905 0.196776
    endloop
  endfacet
  facet normal 0.725848 -0.0565816 -0.685524
    outer loop
      vertex 30.5042 0.988502 3.24331
      vertex 29.5257 -1.53636 2.41565
      vertex 29.71 0.8279 2.41565
    endloop
  endfacet
  facet normal 0.278654 -0.0636724 -0.958278
    outer loop
      vertex 26.5714 -3.09022 1.03731
      vertex 24.979 -2.56862 0.539604
      vertex 26.957 -1.40269 1.03731
    endloop
  endfacet
  facet normal 0.908455 -0.0707927 -0.411944
    outer loop
      vertex 30.7011 -1.59752 4.12194
      vertex 30.5042 0.988502 3.24331
      vertex 30.909 1.07038 4.12194
    endloop
  endfacet
  facet normal 0.715191 0.0544738 -0.696803
    outer loop
      vertex 30.5042 0.988502 3.24331
      vertex 29.5355 3.1196 2.41565
      vertex 30.3148 3.47515 3.24331
    endloop
  endfacet
  facet normal 0.622043 0.284535 0.729454
    outer loop
      vertex 26.4166 6.4011 8.52955
      vertex 23.9706 8.6791 9.72681
      vertex 25.2463 5.8902 9.72681
    endloop
  endfacet
  facet normal 0.903609 0.068825 -0.422793
    outer loop
      vertex 30.5042 0.988502 3.24331
      vertex 30.3148 3.47515 3.24331
      vertex 30.7121 3.6564 4.12194
    endloop
  endfacet
  facet normal 0.357745 -0.181738 -0.915964
    outer loop
      vertex 27.1656 -5.49498 1.67077
      vertex 25.5647 -5.80206 1.10644
      vertex 25.9477 -4.69972 1.03731
    endloop
  endfacet
  facet normal 0.238565 -0.371076 -0.897435
    outer loop
      vertex 23.6875 -12.1395 2.57208
      vertex 19.8637 -10.2281 0.765264
      vertex 23.485 -10.0899 1.67077
    endloop
  endfacet
  facet normal 2.85324e-05 -0.000122992 -1
    outer loop
      vertex 1.09768 -8.67439 0.00968647
      vertex -16.4447 1.15103 0.00797749
      vertex 1.28239 -8.63154 0.00968647
    endloop
  endfacet
  facet normal 4.28106e-05 -8.29201e-05 -1
    outer loop
      vertex 17.2773 -6.81721 0.0100784
      vertex -16.2664 1.20117 0.00797749
      vertex 17.475 -6.71514 0.0100784
    endloop
  endfacet
  facet normal -0.000409794 0.000155215 -1
    outer loop
      vertex -16.9205 2.28606 0.00797749
      vertex -17.6542 8.31798 0.0092144
      vertex -16.8259 2.53582 0.00797749
    endloop
  endfacet
  facet normal -1.44021e-06 0.00020305 -1
    outer loop
      vertex -14.716 9.78402 0.0092144
      vertex -15.4839 3.68692 0.00797749
      vertex -15.0304 9.78179 0.0092144
    endloop
  endfacet
  facet normal -0.0178936 -0.0688951 -0.997463
    outer loop
      vertex -19.2395 -10.6088 0.132684
      vertex -19.9749 -10.4178 0.132684
      vertex -18.6912 -9.04502 0.0148373
    endloop
  endfacet
  facet normal 0.0844545 -0.10136 -0.991259
    outer loop
      vertex 19.683 -8.07319 0.247154
      vertex 18.7014 -7.35543 0.0901289
      vertex 20.4715 -7.4162 0.247154
    endloop
  endfacet
  facet normal 0.040834 -0.0490025 -0.997964
    outer loop
      vertex 18.7014 -7.35543 0.0901289
      vertex 17.6594 -6.59346 0.0100784
      vertex 19.1869 -6.95086 0.0901289
    endloop
  endfacet
  facet normal 0.0640474 -0.659012 0.749401
    outer loop
      vertex 11.0129 -16.168 9.72681
      vertex 10.9725 -17.5334 8.52955
      vertex 13.8888 -15.8885 9.72681
    endloop
  endfacet
  facet normal 0.240846 -0.426975 0.8716
    outer loop
      vertex 18.2975 -11.8866 10.8043
      vertex 16.0322 -13.1644 10.8043
      vertex 16.6724 -15.0028 9.72681
    endloop
  endfacet
  facet normal 0.706557 -0.538212 -0.459461
    outer loop
      vertex 25.1082 -12.9083 4.38887
      vertex 24.9156 -12.3625 3.45334
      vertex 27.5178 -8.76707 3.24331
    endloop
  endfacet
  facet normal 0.36891 0.0223168 0.929197
    outer loop
      vertex 24.202 2.50171 10.8043
      vertex 21.9222 2.03233 11.7207
      vertex 24.3682 -0.245674 10.8043
    endloop
  endfacet
  facet normal 0.790413 -0.450671 -0.414901
    outer loop
      vertex 29.1178 -6.76963 4.12194
      vertex 27.8033 -9.07508 4.12194
      vertex 28.7817 -6.55021 3.24331
    endloop
  endfacet
  facet normal 0.201979 -0.634816 0.745797
    outer loop
      vertex 17.1134 -16.2691 8.52955
      vertex 13.8888 -15.8885 9.72681
      vertex 14.093 -17.2301 8.52955
    endloop
  endfacet
  facet normal 0.146874 -0.461601 0.874844
    outer loop
      vertex 16.0322 -13.1644 10.8043
      vertex 13.8888 -15.8885 9.72681
      vertex 16.6724 -15.0028 9.72681
    endloop
  endfacet
  facet normal 0.394798 -0.546056 0.738889
    outer loop
      vertex 22.793 -10.7659 9.89119
      vertex 19.2568 -13.545 9.72681
      vertex 19.9176 -14.6873 8.52955
    endloop
  endfacet
  facet normal 0.330133 -0.585256 0.740599
    outer loop
      vertex 19.2568 -13.545 9.72681
      vertex 17.1134 -16.2691 8.52955
      vertex 19.9176 -14.6873 8.52955
    endloop
  endfacet
  facet normal 0.403662 -0.549891 0.731216
    outer loop
      vertex 22.793 -10.7659 9.89119
      vertex 19.9176 -14.6873 8.52955
      vertex 24.8069 -10.9065 8.6737
    endloop
  endfacet
  facet normal 0.255824 -0.0306791 0.966236
    outer loop
      vertex 22.0586 -0.222389 11.7207
      vertex 19.1423 -1.86737 12.4406
      vertex 21.7887 -2.47301 11.7207
    endloop
  endfacet
  facet normal 0.0651164 -0.0512343 0.996562
    outer loop
      vertex 15.4231 -3.09176 12.9365
      vertex 6.91084 -9.6565 13.1552
      vertex 14.7979 -3.88636 12.9365
    endloop
  endfacet
  facet normal 0.0539817 -0.208738 -0.976481
    outer loop
      vertex 7.82071 -15.82 0.534603
      vertex 5.43491 -14.8481 0.194953
      vertex 6.28909 -14.6272 0.194953
    endloop
  endfacet
  facet normal 0.0751798 -0.113909 -0.990643
    outer loop
      vertex 19.683 -8.07319 0.247154
      vertex 18.1554 -7.71579 0.0901289
      vertex 18.7014 -7.35543 0.0901289
    endloop
  endfacet
  facet normal 0.238088 -0.371847 -0.897242
    outer loop
      vertex 23.6875 -12.1395 2.57208
      vertex 14.0892 -16.073 1.65529
      vertex 19.8637 -10.2281 0.765264
    endloop
  endfacet
  facet normal 0.0963115 -0.63477 -0.766675
    outer loop
      vertex 8.6973 -19.1948 2.39326
      vertex 5.91532 -19.6169 2.39326
      vertex 8.09675 -18.3946 1.65529
    endloop
  endfacet
  facet normal 0.134376 -0.161275 -0.977719
    outer loop
      vertex 20.5664 -8.71916 0.47512
      vertex 19.683 -8.07319 0.247154
      vertex 20.4715 -7.4162 0.247154
    endloop
  endfacet
  facet normal 0.0840183 -0.324854 -0.942025
    outer loop
      vertex 9.19912 -16.8934 1.0277
      vertex 7.33239 -17.3762 1.0277
      vertex 7.82071 -15.82 0.534603
    endloop
  endfacet
  facet normal -0.387836 -0.640277 0.663045
    outer loop
      vertex -23.4276 -10.0846 9.89119
      vertex -28.4545 -13.1653 3.97589
      vertex -26.605 -14.2856 3.97589
    endloop
  endfacet
  facet normal -0.309208 -0.454221 0.835508
    outer loop
      vertex -21.7806 -9.1903 10.9869
      vertex -23.4276 -10.0846 9.89119
      vertex -20.6433 -9.96451 10.9869
    endloop
  endfacet
  facet normal -0.644888 -0.444531 0.621701
    outer loop
      vertex -29.9036 -11.8596 3.97589
      vertex -31.4107 -10.5018 3.38344
      vertex -30.3779 -12.0001 3.38344
    endloop
  endfacet
  facet normal -0.0870918 0.0831445 0.992725
    outer loop
      vertex -16.3442 6.66387 13.1867
      vertex -16.2179 6.6111 13.2022
      vertex -16.2021 6.63362 13.2017
    endloop
  endfacet
  facet normal -0.0883933 0.0800699 0.992862
    outer loop
      vertex -16.2179 6.6111 13.2022
      vertex -16.3442 6.66387 13.1867
      vertex -16.3291 6.6111 13.1923
    endloop
  endfacet
  facet normal 0.14137 -0.931569 -0.334954
    outer loop
      vertex 6.18259 -20.5033 4.08375
      vertex 6.09234 -20.204 3.21325
      vertex 9.32186 -20.0269 4.08375
    endloop
  endfacet
  facet normal -0.374313 -0.415423 -0.829044
    outer loop
      vertex -28.4545 -13.1653 2.18692
      vertex -29.9036 -11.8596 2.18692
      vertex -28.9733 -11.5841 1.62884
    endloop
  endfacet
  facet normal -0.0380353 -0.942229 -0.332802
    outer loop
      vertex 2.95307 -20.6804 4.08375
      vertex -0.242578 -20.5514 4.08375
      vertex 2.98693 -20.3743 3.21325
    endloop
  endfacet
  facet normal -0.228089 0.213604 0.94992
    outer loop
      vertex -24.2595 11.4488 10.5568
      vertex -25.4082 10.2222 10.5568
      vertex -22.7833 10.1416 11.2052
    endloop
  endfacet
  facet normal -0.637874 0.177306 0.749453
    outer loop
      vertex -30.4454 8.6227 8.76091
      vertex -31.7428 8.51334 7.68254
      vertex -30.9103 6.95018 8.76091
    endloop
  endfacet
  facet normal -0.209536 0.190903 0.958984
    outer loop
      vertex -18.7939 7.18521 12.6654
      vertex -22.7833 10.1416 11.2052
      vertex -19.709 6.18079 12.6654
    endloop
  endfacet
  facet normal -0.0407949 0.0371329 0.998477
    outer loop
      vertex -14.2543 5.96977 13.4277
      vertex -14.1305 6.0278 13.4306
      vertex -14.1892 6.04129 13.4277
    endloop
  endfacet
  facet normal -0.0407486 0.037034 0.998483
    outer loop
      vertex -16.1207 1.56514 13.5149
      vertex -14.1305 6.0278 13.4306
      vertex -14.2543 5.96977 13.4277
    endloop
  endfacet
  facet normal -0.0431406 0.0380981 0.998342
    outer loop
      vertex -14.1305 6.0278 13.4306
      vertex -16.1207 1.56514 13.5149
      vertex -16.1207 1.50749 13.5171
    endloop
  endfacet
  facet normal 0.0112784 0.00818539 0.999903
    outer loop
      vertex -13.2596 1.05055 13.4995
      vertex -16.1207 0.0087734 13.5403
      vertex -13.2596 0 13.5081
    endloop
  endfacet
  facet normal 0.0112283 0.00818979 0.999903
    outer loop
      vertex -2.7513 3.27779 13.3626
      vertex -3.43568 1.88414 13.3817
      vertex -3.18179 2 13.3779
    endloop
  endfacet
  facet normal 0.0109384 0.0083322 0.999905
    outer loop
      vertex -2.7513 3.27779 13.3626
      vertex -3.68626 1.78108 13.3853
      vertex -3.43568 1.88414 13.3817
    endloop
  endfacet
  facet normal 0.0116877 0.00786403 0.999901
    outer loop
      vertex -2.7513 3.27779 13.3626
      vertex -3.9335 1.6908 13.3889
      vertex -3.68626 1.78108 13.3853
    endloop
  endfacet
  facet normal 0.0113629 0.00810602 0.999903
    outer loop
      vertex -2.7513 3.27779 13.3626
      vertex -4.17741 1.61331 13.3923
      vertex -3.9335 1.6908 13.3889
    endloop
  endfacet
  facet normal 0.0110461 0.00837749 0.999904
    outer loop
      vertex -2.7513 3.27779 13.3626
      vertex -4.418 1.5486 13.3955
      vertex -4.17741 1.61331 13.3923
    endloop
  endfacet
  facet normal 0.0112934 0.0081391 0.999903
    outer loop
      vertex -7.14281 3.27779 13.4122
      vertex -4.418 1.5486 13.3955
      vertex -2.7513 3.27779 13.3626
    endloop
  endfacet
  facet normal 0.0113301 0.00819698 0.999902
    outer loop
      vertex -4.418 1.5486 13.3955
      vertex -7.14281 3.27779 13.4122
      vertex -4.66243 1.49611 13.3987
    endloop
  endfacet
  facet normal 0.0112328 0.00806145 0.999904
    outer loop
      vertex -4.66243 1.49611 13.3987
      vertex -7.14281 3.27779 13.4122
      vertex -4.91798 1.45528 13.4019
    endloop
  endfacet
  facet normal 0.0114623 0.00834165 0.9999
    outer loop
      vertex -4.91798 1.45528 13.4019
      vertex -7.14281 3.27779 13.4122
      vertex -5.18463 1.42612 13.4052
    endloop
  endfacet
  facet normal 0.0113599 0.00823336 0.999902
    outer loop
      vertex -5.18463 1.42612 13.4052
      vertex -7.14281 3.27779 13.4122
      vertex -5.46242 1.40863 13.4085
    endloop
  endfacet
  facet normal 0.0112577 0.00814149 0.999903
    outer loop
      vertex -5.46242 1.40863 13.4085
      vertex -7.14281 3.27779 13.4122
      vertex -5.7513 1.40279 13.4118
    endloop
  endfacet
  facet normal 0.0112402 0.00812851 0.999904
    outer loop
      vertex -5.7513 1.40279 13.4118
      vertex -7.14281 3.27779 13.4122
      vertex -6.08601 1.42279 13.4154
    endloop
  endfacet
  facet normal 0.0111227 0.00806156 0.999906
    outer loop
      vertex -6.08601 1.42279 13.4154
      vertex -7.14281 3.27779 13.4122
      vertex -6.3902 1.48279 13.4183
    endloop
  endfacet
  facet normal 0.0113936 0.00817511 0.999902
    outer loop
      vertex -6.3902 1.48279 13.4183
      vertex -7.14281 3.27779 13.4122
      vertex -6.6638 1.58279 13.4206
    endloop
  endfacet
  facet normal 0.0112698 0.00814014 0.999903
    outer loop
      vertex -6.6638 1.58279 13.4206
      vertex -7.14281 3.27779 13.4122
      vertex -6.90688 1.72279 13.4222
    endloop
  endfacet
  facet normal 0.0116481 0.0081975 0.999899
    outer loop
      vertex -6.90688 1.72279 13.4222
      vertex -7.14281 3.27779 13.4122
      vertex -7.1194 1.90279 13.4232
    endloop
  endfacet
  facet normal 0.0109753 0.00818611 0.999906
    outer loop
      vertex -7.14281 3.27779 13.4122
      vertex -7.29799 2.1178 13.4234
      vertex -7.1194 1.90279 13.4232
    endloop
  endfacet
  facet normal 0.0112852 0.00814462 0.999903
    outer loop
      vertex -7.14281 3.27779 13.4122
      vertex -7.43936 2.36279 13.423
      vertex -7.29799 2.1178 13.4234
    endloop
  endfacet
  facet normal 0.0116184 0.00803661 0.9999
    outer loop
      vertex -7.14281 3.27779 13.4122
      vertex -7.54352 2.63779 13.422
      vertex -7.43936 2.36279 13.423
    endloop
  endfacet
  facet normal 0.0111279 0.00834373 0.999903
    outer loop
      vertex -7.14281 3.27779 13.4122
      vertex -7.61047 2.94279 13.4202
      vertex -7.54352 2.63779 13.422
    endloop
  endfacet
  facet normal 0.0114397 0.0079085 0.999903
    outer loop
      vertex -7.61047 2.94279 13.4202
      vertex -7.14281 3.27779 13.4122
      vertex -7.62463 3.10235 13.4191
    endloop
  endfacet
  facet normal 0.0113194 0.00815781 0.999903
    outer loop
      vertex -1.89673 5.18797 13.3374
      vertex -2.78539 4.8644 13.3501
      vertex -2.7513 4.27779 13.3545
    endloop
  endfacet
  facet normal 0.0113819 0.00809921 0.999902
    outer loop
      vertex -2.7513 3.27779 13.3626
      vertex -1.89673 5.18797 13.3374
      vertex -2.7513 4.27779 13.3545
    endloop
  endfacet
  facet normal 0.0112507 0.00815788 0.999903
    outer loop
      vertex -3.18179 0.402786 13.3909
      vertex -1.89673 5.18797 13.3374
      vertex -2.7513 3.27779 13.3626
    endloop
  endfacet
  facet normal 0.0113809 0.00813838 0.999902
    outer loop
      vertex -3.18179 0.402786 13.3909
      vertex -2.7513 3.27779 13.3626
      vertex -3.18179 2 13.3779
    endloop
  endfacet
  facet normal 0.0113109 0.00814171 0.999903
    outer loop
      vertex -1.89673 5.18797 13.3374
      vertex -3.18179 0.402786 13.3909
      vertex 1.76826 -9.1023 13.4123
    endloop
  endfacet
  facet normal 0.0113126 0.00814256 0.999903
    outer loop
      vertex -3.40654 0.297516 13.3943
      vertex 1.76826 -9.1023 13.4123
      vertex -3.18179 0.402786 13.3909
    endloop
  endfacet
  facet normal 0.0110939 0.00802218 0.999906
    outer loop
      vertex -3.63628 0.203903 13.3976
      vertex 1.76826 -9.1023 13.4123
      vertex -3.40654 0.297516 13.3943
    endloop
  endfacet
  facet normal 0.0112291 0.0081007 0.999904
    outer loop
      vertex -3.87102 0.121964 13.4009
      vertex 1.76826 -9.1023 13.4123
      vertex -3.63628 0.203903 13.3976
    endloop
  endfacet
  facet normal 0.0113649 0.00818371 0.999902
    outer loop
      vertex -4.11075 0.0516815 13.4042
      vertex 1.76826 -9.1023 13.4123
      vertex -3.87102 0.121964 13.4009
    endloop
  endfacet
  facet normal 0.011502 0.00827178 0.9999
    outer loop
      vertex -4.3555 -0.00689697 13.4075
      vertex 1.76826 -9.1023 13.4123
      vertex -4.11075 0.0516815 13.4042
    endloop
  endfacet
  facet normal 0.0113124 0.00814408 0.999903
    outer loop
      vertex -4.61298 -0.0544128 13.4108
      vertex 1.76826 -9.1023 13.4123
      vertex -4.3555 -0.00689697 13.4075
    endloop
  endfacet
  facet normal 0.0111592 0.00803603 0.999905
    outer loop
      vertex -4.89102 -0.0913696 13.4142
      vertex 1.76826 -9.1023 13.4123
      vertex -4.61298 -0.0544128 13.4108
    endloop
  endfacet
  facet normal 0.0113333 0.00816472 0.999902
    outer loop
      vertex -5.18962 -0.117767 13.4178
      vertex 1.76826 -9.1023 13.4123
      vertex -4.89102 -0.0913696 13.4142
    endloop
  endfacet
  facet normal 0.0111924 0.00805561 0.999905
    outer loop
      vertex -5.50877 -0.133606 13.4215
      vertex 1.76826 -9.1023 13.4123
      vertex -5.18962 -0.117767 13.4178
    endloop
  endfacet
  facet normal 0.0113514 0.00818462 0.999902
    outer loop
      vertex -5.8485 -0.138885 13.4254
      vertex 1.76826 -9.1023 13.4123
      vertex -5.50877 -0.133606 13.4215
    endloop
  endfacet
  facet normal 0.0113207 0.00815852 0.999903
    outer loop
      vertex -6.2935 -0.121948 13.4303
      vertex 1.76826 -9.1023 13.4123
      vertex -5.8485 -0.138885 13.4254
    endloop
  endfacet
  facet normal 0.0113617 0.00819534 0.999902
    outer loop
      vertex -6.71739 -0.0711212 13.4347
      vertex 1.76826 -9.1023 13.4123
      vertex -6.2935 -0.121948 13.4303
    endloop
  endfacet
  facet normal 0.0111066 0.00795562 0.999907
    outer loop
      vertex -7.12018 0.0135956 13.4385
      vertex 1.76826 -9.1023 13.4123
      vertex -6.71739 -0.0711212 13.4347
    endloop
  endfacet
  facet normal 0.0113242 0.00777737 0.999906
    outer loop
      vertex -11.1902 0 13.4847
      vertex -7.12018 0.0135956 13.4385
      vertex -7.50185 0.132202 13.4419
    endloop
  endfacet
  facet normal 0.0113031 0.00836495 0.999901
    outer loop
      vertex -11.1902 0 13.4847
      vertex -7.50185 0.132202 13.4419
      vertex -7.8624 0.284698 13.4447
    endloop
  endfacet
  facet normal 0.0113337 0.0080076 0.999904
    outer loop
      vertex -11.1902 0 13.4847
      vertex -7.8624 0.284698 13.4447
      vertex -8.19739 0.471634 13.447
    endloop
  endfacet
  facet normal 0.0112871 0.00830335 0.999902
    outer loop
      vertex -11.1902 0 13.4847
      vertex -8.19739 0.471634 13.447
      vertex -8.5024 0.693573 13.4486
    endloop
  endfacet
  facet normal 0.0113104 0.00821324 0.999902
    outer loop
      vertex -11.1902 0 13.4847
      vertex -8.5024 0.693573 13.4486
      vertex -8.77739 0.950516 13.4496
    endloop
  endfacet
  facet normal 0.0115891 0.0073756 0.999906
    outer loop
      vertex -11.1902 1.80405 13.47
      vertex -9.55739 2.32944 13.4472
      vertex -9.57211 2.39324 13.4469
    endloop
  endfacet
  facet normal 0.0113069 0.00825239 0.999902
    outer loop
      vertex -11.1902 1.80405 13.47
      vertex -9.41739 1.93164 13.4489
      vertex -9.55739 2.32944 13.4472
    endloop
  endfacet
  facet normal 0.0113173 0.00810767 0.999903
    outer loop
      vertex -11.1902 1.80405 13.47
      vertex -9.2374 1.5694 13.4498
      vertex -9.41739 1.93164 13.4489
    endloop
  endfacet
  facet normal 0.0113221 0.00814754 0.999903
    outer loop
      vertex -11.1902 0 13.4847
      vertex -9.2374 1.5694 13.4498
      vertex -11.1902 1.80405 13.47
    endloop
  endfacet
  facet normal 0.0113697 0.00808831 0.999903
    outer loop
      vertex -9.2374 1.5694 13.4498
      vertex -11.1902 0 13.4847
      vertex -9.0224 1.24245 13.45
    endloop
  endfacet
  facet normal 0.0113373 0.00814494 0.999903
    outer loop
      vertex -9.0224 1.24245 13.45
      vertex -11.1902 0 13.4847
      vertex -8.77739 0.950516 13.4496
    endloop
  endfacet
  facet normal 0.0113229 0.00816657 0.999903
    outer loop
      vertex -7.12018 0.0135956 13.4385
      vertex -11.1902 0 13.4847
      vertex 1.76826 -9.1023 13.4123
    endloop
  endfacet
  facet normal 0.0113065 0.00814324 0.999903
    outer loop
      vertex -13.2596 0 13.5081
      vertex 1.76826 -9.1023 13.4123
      vertex -11.1902 0 13.4847
    endloop
  endfacet
  facet normal 0.0112879 0.0113966 0.999871
    outer loop
      vertex -16.1207 0 13.5404
      vertex -13.2596 0 13.5081
      vertex -16.1207 0.0087734 13.5403
    endloop
  endfacet
  facet normal 0.0112883 0.00794624 0.999905
    outer loop
      vertex -16.4711 -0.118813 13.5453
      vertex -13.2596 0 13.5081
      vertex -16.1207 0 13.5404
    endloop
  endfacet
  facet normal 0.012447 0.00452919 0.999912
    outer loop
      vertex -16.4711 -0.118813 13.5453
      vertex -16.1207 0 13.5404
      vertex -16.1448 0 13.5407
    endloop
  endfacet
  facet normal 0.0112825 0.00810349 0.999904
    outer loop
      vertex -13.2596 0 13.5081
      vertex -16.4711 -0.118813 13.5453
      vertex 1.76826 -9.1023 13.4123
    endloop
  endfacet
  facet normal -0.178855 0.162924 0.970292
    outer loop
      vertex -18.7939 7.18521 12.6654
      vertex -18.1902 6.12204 12.9552
      vertex -18.1902 6.79918 12.8415
    endloop
  endfacet
  facet normal -0.178838 0.162934 0.970294
    outer loop
      vertex -18.1902 6.12204 12.9552
      vertex -18.7939 7.18521 12.6654
      vertex -19.709 6.18079 12.6654
    endloop
  endfacet
  facet normal 0.00145961 0.999999 -0
    outer loop
      vertex 4.31494 20.4581 4.78481
      vertex 2.19108 20.4612 5.82472
      vertex 4.31494 20.4581 5.82472
    endloop
  endfacet
  facet normal 0.00145961 0.999999 0
    outer loop
      vertex 2.19108 20.4612 5.82472
      vertex 4.31494 20.4581 4.78481
      vertex 2.19108 20.4612 4.78481
    endloop
  endfacet
  facet normal -0.228092 0.213601 0.94992
    outer loop
      vertex -21.9298 11.053 11.2052
      vertex -24.2595 11.4488 10.5568
      vertex -22.7833 10.1416 11.2052
    endloop
  endfacet
  facet normal -0.298933 0.383417 0.873859
    outer loop
      vertex -22.7623 12.6161 10.5568
      vertex -26.2407 11.7853 9.73142
      vertex -24.2595 11.4488 10.5568
    endloop
  endfacet
  facet normal -0.00399586 0.167309 -0.985896
    outer loop
      vertex 2.55171 15.0364 0.228421
      vertex -10.6099 15.9357 0.434379
      vertex -9.46746 17.5261 0.699644
    endloop
  endfacet
  facet normal -0.182207 0.41036 -0.893535
    outer loop
      vertex -18.2472 16.4595 1.01156
      vertex -21.9344 15.577 1.35815
      vertex -18.4521 17.1232 1.35815
    endloop
  endfacet
  facet normal -0.549836 0.790888 -0.268656
    outer loop
      vertex -25.556 13.969 1.72608
      vertex -28.5604 11.8803 1.72608
      vertex -27.0676 14.1561 5.37054
    endloop
  endfacet
  facet normal -0.0890417 0.676711 -0.730845
    outer loop
      vertex -7.95161 19.6363 1.35815
      vertex -11.3237 19.1926 1.35815
      vertex -11.1433 19.6137 1.72608
    endloop
  endfacet
  facet normal 0.00107516 0.722719 0.691141
    outer loop
      vertex 2.24902 19.5896 7.80541
      vertex -8.40552 18.6917 8.76091
      vertex 4.13117 19.5868 7.80541
    endloop
  endfacet
  facet normal -0.00458343 0.644438 -0.764642
    outer loop
      vertex -4.44476 20.0978 1.72608
      vertex -7.95161 19.6363 1.35815
      vertex -7.63642 20.0751 1.72608
    endloop
  endfacet
  facet normal -0.0542921 0.99773 0.0398366
    outer loop
      vertex -7.63642 20.0751 2.10122
      vertex -10.8076 19.7254 6.53775
      vertex 2.19108 20.4612 5.82472
    endloop
  endfacet
  facet normal -0.135766 0.990741 0
    outer loop
      vertex -10.8076 19.7254 5.37054
      vertex -14.2498 19.2537 6.53775
      vertex -10.8076 19.7254 6.53775
    endloop
  endfacet
  facet normal -0.135766 0.990741 0
    outer loop
      vertex -14.2498 19.2537 6.53775
      vertex -10.8076 19.7254 5.37054
      vertex -14.2498 19.2537 5.37054
    endloop
  endfacet
  facet normal 0.136916 0.949529 0.28222
    outer loop
      vertex 4.31494 20.4581 5.82472
      vertex 4.25289 20.1639 6.84466
      vertex 6.37675 20.1608 5.82472
    endloop
  endfacet
  facet normal 0.00140239 0.960803 0.277227
    outer loop
      vertex 4.31494 20.4581 5.82472
      vertex 2.19108 20.4612 5.82472
      vertex 4.25289 20.1639 6.84466
    endloop
  endfacet
  facet normal 0.115365 0.38193 -0.916963
    outer loop
      vertex 5.35142 16.0131 0.626379
      vertex 5.04387 17.4931 1.20413
      vertex 6.26814 17.1233 1.20413
    endloop
  endfacet
  facet normal 0.214489 0.661031 -0.71905
    outer loop
      vertex 18.4521 16.0138 3.45334
      vertex 7.04774 18.0675 1.93946
      vertex 7.66027 18.8093 2.80412
    endloop
  endfacet
  facet normal 0.153754 0.353269 -0.9228
    outer loop
      vertex 18.7681 13.1845 1.77897
      vertex 5.35142 16.0131 0.626379
      vertex 6.26814 17.1233 1.20413
    endloop
  endfacet
  facet normal 0.17831 0.437227 -0.881498
    outer loop
      vertex 18.7681 13.1845 1.77897
      vertex 6.26814 17.1233 1.20413
      vertex 18.581 14.8598 2.57208
    endloop
  endfacet
  facet normal -0.433011 0.40551 0.805023
    outer loop
      vertex -27.7973 12.0498 8.76091
      vertex -29.3942 10.3446 8.76091
      vertex -26.2407 11.7853 9.73142
    endloop
  endfacet
  facet normal -0.331074 0.0920296 0.939106
    outer loop
      vertex -28.5617 8.78147 9.73142
      vertex -28.9692 7.3155 9.73142
      vertex -26.1643 8.98355 10.5568
    endloop
  endfacet
  facet normal -0.433023 0.405555 0.804994
    outer loop
      vertex -26.2407 11.7853 9.73142
      vertex -29.3942 10.3446 8.76091
      vertex -27.6404 10.2908 9.73142
    endloop
  endfacet
  facet normal -0.614905 0.788601 0
    outer loop
      vertex -27.0676 14.1561 5.37054
      vertex -29.4162 12.3248 6.53775
      vertex -27.0676 14.1561 6.53775
    endloop
  endfacet
  facet normal -0.614905 0.788601 0
    outer loop
      vertex -29.4162 12.3248 6.53775
      vertex -27.0676 14.1561 5.37054
      vertex -29.4162 12.3248 5.37054
    endloop
  endfacet
  facet normal -0.229452 -0.0207906 -0.973098
    outer loop
      vertex -33.9456 1.56554 1.35815
      vertex -34.1076 3.35343 1.35815
      vertex -32.6754 3.76922 1.01156
    endloop
  endfacet
  facet normal -0.253456 0.0687226 -0.964903
    outer loop
      vertex -32.6754 3.76922 1.01156
      vertex -34.1076 3.35343 1.35815
      vertex -32.1777 5.60479 1.01156
    endloop
  endfacet
  facet normal -0.42621 -0.293824 -0.855577
    outer loop
      vertex -28.9733 -11.5841 1.62884
      vertex -30.8968 -10.419 2.18692
      vertex -29.8886 -10.2564 1.62884
    endloop
  endfacet
  facet normal -0.965787 -0.259337 0
    outer loop
      vertex -31.9296 -8.9207 2.77938
      vertex -34.6693 1.28212 2.10122
      vertex -34.6693 1.28212 1.72608
    endloop
  endfacet
  facet normal -0.965787 -0.259337 0
    outer loop
      vertex -34.6693 1.28212 2.10122
      vertex -31.9296 -8.9207 2.77938
      vertex -31.9296 -8.9207 3.38344
    endloop
  endfacet
  facet normal -0.891865 -0.0796023 0.445242
    outer loop
      vertex -32.929 6.57026 6.53775
      vertex -34.8378 3.14146 2.10122
      vertex -32.772 4.81123 6.53775
    endloop
  endfacet
  facet normal -0.891595 -0.0807995 0.445567
    outer loop
      vertex -32.772 4.81123 6.53775
      vertex -34.8378 3.14146 2.10122
      vertex -34.6693 1.28212 2.10122
    endloop
  endfacet
  facet normal -0.468103 0.401279 -0.787309
    outer loop
      vertex -32.3462 7.46414 1.35815
      vertex -33.0059 7.41646 1.72608
      vertex -30.4904 9.62898 1.35815
    endloop
  endfacet
  facet normal -0.865842 0.500318 0
    outer loop
      vertex -33.0059 7.41646 2.10122
      vertex -32.4043 8.45758 5.37054
      vertex -33.0059 7.41646 1.72608
    endloop
  endfacet
  facet normal -0.865842 0.500318 0
    outer loop
      vertex -32.4043 8.45758 5.37054
      vertex -33.0059 7.41646 2.10122
      vertex -32.4043 8.45758 6.53775
    endloop
  endfacet
  facet normal -0.0204487 0.00177396 -0.999789
    outer loop
      vertex -19.4035 -8.24395 0.0148373
      vertex -21.3802 7.04834 0.0824003
      vertex -17.7095 8.11397 0.0092144
    endloop
  endfacet
  facet normal -0.265952 0.153303 -0.951718
    outer loop
      vertex -32.1777 5.60479 1.01156
      vertex -32.3462 7.46414 1.35815
      vertex -31.052 7.55767 1.01156
    endloop
  endfacet
  facet normal -0.0318237 0.000302296 -0.999493
    outer loop
      vertex -19.405 -8.40186 0.0148373
      vertex -21.3802 7.04834 0.0824003
      vertex -19.4035 -8.24395 0.0148373
    endloop
  endfacet
  facet normal -0.0036545 3.47144e-05 -0.999993
    outer loop
      vertex -17.7095 8.11397 0.0092144
      vertex -19.405 -8.40186 0.0148373
      vertex -19.4035 -8.24395 0.0148373
    endloop
  endfacet
  facet normal -0.0488828 0.0419053 -0.997925
    outer loop
      vertex -20.2829 8.95201 0.0824003
      vertex -23.9702 8.0695 0.225962
      vertex -23.056 9.13592 0.225962
    endloop
  endfacet
  facet normal -0.114452 0.130134 -0.984868
    outer loop
      vertex -25.5517 9.30144 0.434379
      vertex -25.7202 11.1608 0.699644
      vertex -23.9481 10.7118 0.434379
    endloop
  endfacet
  facet normal -0.0412226 -0.000900787 -0.99915
    outer loop
      vertex -19.405 -8.40186 0.0148373
      vertex -24.8379 6.04453 0.225962
      vertex -21.3802 7.04834 0.0824003
    endloop
  endfacet
  facet normal -0.0450189 0.0122126 -0.998911
    outer loop
      vertex -21.3802 7.04834 0.0824003
      vertex -24.5718 7.02567 0.225962
      vertex -21.2163 7.65252 0.0824003
    endloop
  endfacet
  facet normal -0.0454654 0.189951 -0.98074
    outer loop
      vertex -12.8454 15.6416 0.434379
      vertex -15.1959 15.079 0.434379
      vertex -15.0555 16.4822 0.699644
    endloop
  endfacet
  facet normal -0.0970029 0.173874 -0.979979
    outer loop
      vertex -19.8796 13.2446 0.434379
      vertex -23.3865 12.7832 0.699644
      vertex -20.7627 14.247 0.699644
    endloop
  endfacet
  facet normal -0.043786 -0.00186642 -0.999039
    outer loop
      vertex -22.0891 -8.51305 0.132684
      vertex -24.8379 6.04453 0.225962
      vertex -19.405 -8.40186 0.0148373
    endloop
  endfacet
  facet normal -0.0650996 -0.00589846 -0.997861
    outer loop
      vertex -24.7581 5.1638 0.225962
      vertex -24.8379 6.04453 0.225962
      vertex -22.0891 -8.51305 0.132684
    endloop
  endfacet
  facet normal -0.0903149 -0.0175785 -0.995758
    outer loop
      vertex -24.6174 -8.61779 0.363849
      vertex -27.8423 3.95587 0.434379
      vertex -22.0891 -8.51305 0.132684
    endloop
  endfacet
  facet normal -0.0850185 -0.058607 -0.994654
    outer loop
      vertex -23.8825 -10.0764 0.363849
      vertex -24.3717 -9.36674 0.363849
      vertex -21.9378 -8.97425 0.132684
    endloop
  endfacet
  facet normal -0.0934687 -0.0183891 -0.995452
    outer loop
      vertex -24.6174 -8.61779 0.363849
      vertex -30.4653 2.92861 0.699644
      vertex -27.8423 3.95587 0.434379
    endloop
  endfacet
  facet normal -0.0971983 -0.00880743 -0.995226
    outer loop
      vertex -27.8423 3.95587 0.434379
      vertex -30.4653 2.92861 0.699644
      vertex -27.9497 5.14113 0.434379
    endloop
  endfacet
  facet normal 0.000282388 -0.00234747 -0.999997
    outer loop
      vertex 4.06552 -13.4825 0.021801
      vertex 0.895852 -8.70313 0.00968647
      vertex 16.681 -6.97122 0.0100784
    endloop
  endfacet
  facet normal -0.0659337 -0.108832 -0.991871
    outer loop
      vertex -20.6359 -10.1472 0.132684
      vertex -23.1686 -10.7196 0.363849
      vertex -21.1969 -9.80733 0.132684
    endloop
  endfacet
  facet normal -0.0318533 -0.0526031 -0.998107
    outer loop
      vertex -18.9143 -8.95364 0.0148373
      vertex -20.6359 -10.1472 0.132684
      vertex -19.1038 -8.83889 0.0148373
    endloop
  endfacet
  facet normal -0.000630688 -0.00474228 -0.999989
    outer loop
      vertex 3.4327 -13.4872 0.021801
      vertex -18.4429 -9.1095 0.0148373
      vertex -18.1789 -9.14461 0.0148373
    endloop
  endfacet
  facet normal 0.103053 -0.19218 -0.975934
    outer loop
      vertex 19.3732 -9.50669 0.47512
      vertex 9.05462 -15.3419 0.534603
      vertex 18.7963 -8.65838 0.247154
    endloop
  endfacet
  facet normal -0.0666756 -0.471086 -0.879564
    outer loop
      vertex 0.667563 -18.802 1.65529
      vertex -1.69297 -18.4679 1.65529
      vertex 1.23541 -17.7106 1.0277
    endloop
  endfacet
  facet normal -0.169873 0.097922 -0.980589
    outer loop
      vertex -30.1599 5.98175 0.699644
      vertex -31.052 7.55767 1.01156
      vertex -29.1732 7.69346 0.699644
    endloop
  endfacet
  facet normal -0.240263 0.345598 -0.907103
    outer loop
      vertex -27.1125 11.5135 1.01156
      vertex -28.0715 11.7565 1.35815
      vertex -24.45 13.3645 1.01156
    endloop
  endfacet
  facet normal -0.265962 0.153301 -0.951716
    outer loop
      vertex -32.1777 5.60479 1.01156
      vertex -33.5676 5.34514 1.35815
      vertex -32.3462 7.46414 1.35815
    endloop
  endfacet
  facet normal -0.468074 0.40124 -0.787346
    outer loop
      vertex -30.4904 9.62898 1.35815
      vertex -33.0059 7.41646 1.72608
      vertex -31.076 9.66782 1.72608
    endloop
  endfacet
  facet normal 0.457022 0.209051 0.86454
    outer loop
      vertex 23.9706 8.6791 9.72681
      vertex 23.5473 5.1485 10.8043
      vertex 25.2463 5.8902 9.72681
    endloop
  endfacet
  facet normal 0.156506 0.453849 0.877227
    outer loop
      vertex 14.8217 15.599 9.72681
      vertex 14.4101 13.6583 10.8043
      vertex 16.8025 12.8333 10.8043
    endloop
  endfacet
  facet normal 0.156349 0.0387376 0.986942
    outer loop
      vertex 16.2685 1.83136 12.8978
      vertex 16.2685 0.868306 12.9356
      vertex 19.2415 1.4804 12.4406
    endloop
  endfacet
  facet normal 0.156365 0.038683 0.986941
    outer loop
      vertex 16.2685 1.9709 12.8924
      vertex 19.2415 1.4804 12.4406
      vertex 18.8422 3.09446 12.4406
    endloop
  endfacet
  facet normal 0.156289 0.0381944 0.986973
    outer loop
      vertex 19.2415 1.4804 12.4406
      vertex 16.2685 1.9709 12.8924
      vertex 16.2685 1.83136 12.8978
    endloop
  endfacet
  facet normal 0.0629573 -0.335542 0.939919
    outer loop
      vertex 5.669 -10.1473 13.1552
      vertex 4.65583 -10.3374 13.1552
      vertex 8.11076 -11.1018 12.6509
    endloop
  endfacet
  facet normal -0.0533228 -0.596667 0.800716
    outer loop
      vertex -3.63434 -11.3706 12.6509
      vertex -6.0502 -11.1547 12.6509
      vertex 0.667563 -18.802 7.39975
    endloop
  endfacet
  facet normal 0.0693806 -0.0361807 0.996934
    outer loop
      vertex 15.8971 -2.18281 12.9365
      vertex 12.9771 -0.813761 13.1894
      vertex 15.4231 -3.09176 12.9365
    endloop
  endfacet
  facet normal 0.069388 -0.0361727 0.996934
    outer loop
      vertex 12.9771 -0.813761 13.1894
      vertex 12.8171 -1.12068 13.1894
      vertex 15.4231 -3.09176 12.9365
    endloop
  endfacet
  facet normal 0.197714 -0.155563 0.967837
    outer loop
      vertex 20.0871 -6.6195 11.7207
      vertex 16.8626 -6.23884 12.4406
      vertex 18.7208 -8.35601 11.7207
    endloop
  endfacet
  facet normal 0.152761 -0.15229 0.976459
    outer loop
      vertex 16.8626 -6.23884 12.4406
      vertex 11.7727 -9.99609 12.6509
      vertex 16.1483 -10.3017 11.9187
    endloop
  endfacet
  facet normal 0.0124054 0.00852669 0.999887
    outer loop
      vertex 12.2804 0.402786 13.2007
      vertex 12.8758 0.861647 13.1894
      vertex 12.2804 1.03602 13.1953
    endloop
  endfacet
  facet normal 0.0125151 0.00840729 0.999886
    outer loop
      vertex 3.74326 3.53623 13.2809
      vertex 5.80479 2.76279 13.2616
      vertex 5.78223 2.93909 13.2604
    endloop
  endfacet
  facet normal 0.0126175 0.00868025 0.999883
    outer loop
      vertex 3.74326 3.53623 13.2809
      vertex 5.9048 2.32944 13.2641
      vertex 5.80479 2.76279 13.2616
    endloop
  endfacet
  facet normal 0.0124661 0.00840892 0.999887
    outer loop
      vertex 3.74326 3.53623 13.2809
      vertex 6.0448 1.93164 13.2657
      vertex 5.9048 2.32944 13.2641
    endloop
  endfacet
  facet normal 0.0124918 0.00844585 0.999886
    outer loop
      vertex 2.39612 0 13.3276
      vertex 6.0448 1.93164 13.2657
      vertex 3.74326 3.53623 13.2809
    endloop
  endfacet
  facet normal 0.0125047 0.00842156 0.999886
    outer loop
      vertex 6.0448 1.93164 13.2657
      vertex 2.39612 0 13.3276
      vertex 6.22479 1.5694 13.2665
    endloop
  endfacet
  facet normal 0.0125687 0.00826545 0.999887
    outer loop
      vertex 6.22479 1.5694 13.2665
      vertex 2.39612 0 13.3276
      vertex 6.4398 1.24245 13.2665
    endloop
  endfacet
  facet normal 0.0124294 0.00871862 0.999885
    outer loop
      vertex 6.4398 1.24245 13.2665
      vertex 2.39612 0 13.3276
      vertex 6.6848 0.950516 13.266
    endloop
  endfacet
  facet normal 0.0125145 0.00833461 0.999887
    outer loop
      vertex 6.6848 0.950516 13.266
      vertex 2.39612 0 13.3276
      vertex 6.95979 0.693573 13.2647
    endloop
  endfacet
  facet normal 0.0124763 0.00858618 0.999885
    outer loop
      vertex 2.39612 0 13.3276
      vertex 7.2648 0.471634 13.2628
      vertex 6.95979 0.693573 13.2647
    endloop
  endfacet
  facet normal 0.0125317 0.00801496 0.999889
    outer loop
      vertex 2.39612 0 13.3276
      vertex 7.59979 0.284698 13.2601
      vertex 7.2648 0.471634 13.2628
    endloop
  endfacet
  facet normal 0.0125083 0.00844148 0.999886
    outer loop
      vertex 1.76826 -9.1023 13.4123
      vertex 7.59979 0.284698 13.2601
      vertex 2.39612 0 13.3276
    endloop
  endfacet
  facet normal 0.0124574 0.00847312 0.999887
    outer loop
      vertex 7.59979 0.284698 13.2601
      vertex 1.76826 -9.1023 13.4123
      vertex 7.96036 0.132202 13.2569
    endloop
  endfacet
  facet normal 0.0123488 0.00854591 0.999887
    outer loop
      vertex 7.96036 0.132202 13.2569
      vertex 1.76826 -9.1023 13.4123
      vertex 8.34203 0.0135956 13.2532
    endloop
  endfacet
  facet normal 0.0126716 0.0083131 0.999885
    outer loop
      vertex 8.34203 0.0135956 13.2532
      vertex 1.76826 -9.1023 13.4123
      vertex 8.7448 -0.0711212 13.2488
    endloop
  endfacet
  facet normal 0.0123491 0.0085623 0.999887
    outer loop
      vertex 8.7448 -0.0711212 13.2488
      vertex 1.76826 -9.1023 13.4123
      vertex 9.16869 -0.121948 13.244
    endloop
  endfacet
  facet normal 0.0123383 0.00861373 0.999887
    outer loop
      vertex 12.2804 0.402786 13.2007
      vertex 1.76826 -9.1023 13.4123
      vertex 12.8758 0.861647 13.1894
    endloop
  endfacet
  facet normal 0.0125267 0.00840535 0.999886
    outer loop
      vertex 12.0557 0.297516 13.2044
      vertex 1.76826 -9.1023 13.4123
      vertex 12.2804 0.402786 13.2007
    endloop
  endfacet
  facet normal 0.0120093 0.00897166 0.999888
    outer loop
      vertex 11.8259 0.203903 13.208
      vertex 1.76826 -9.1023 13.4123
      vertex 12.0557 0.297516 13.2044
    endloop
  endfacet
  facet normal 0.0130074 0.00789285 0.999884
    outer loop
      vertex 11.5912 0.121964 13.2117
      vertex 1.76826 -9.1023 13.4123
      vertex 11.8259 0.203903 13.208
    endloop
  endfacet
  facet normal 0.0119507 0.00901819 0.999888
    outer loop
      vertex 11.3514 0.0516815 13.2152
      vertex 1.76826 -9.1023 13.4123
      vertex 11.5912 0.121964 13.2117
    endloop
  endfacet
  facet normal 0.0127522 0.00817907 0.999885
    outer loop
      vertex 11.1067 -0.00689697 13.2188
      vertex 1.76826 -9.1023 13.4123
      vertex 11.3514 0.0516815 13.2152
    endloop
  endfacet
  facet normal 0.0124037 0.00853694 0.999887
    outer loop
      vertex 10.8492 -0.0544128 13.2224
      vertex 1.76826 -9.1023 13.4123
      vertex 11.1067 -0.00689697 13.2188
    endloop
  endfacet
  facet normal 0.0125525 0.0083876 0.999886
    outer loop
      vertex 10.5712 -0.0913696 13.2262
      vertex 1.76826 -9.1023 13.4123
      vertex 10.8492 -0.0544128 13.2224
    endloop
  endfacet
  facet normal 0.0122958 0.00863836 0.999887
    outer loop
      vertex 10.2726 -0.117767 13.2301
      vertex 1.76826 -9.1023 13.4123
      vertex 10.5712 -0.0913696 13.2262
    endloop
  endfacet
  facet normal 0.0127494 0.00820893 0.999885
    outer loop
      vertex 9.95341 -0.133606 13.2343
      vertex 1.76826 -9.1023 13.4123
      vertex 10.2726 -0.117767 13.2301
    endloop
  endfacet
  facet normal 0.0125253 0.00841352 0.999886
    outer loop
      vertex 9.61369 -0.138885 13.2386
      vertex 1.76826 -9.1023 13.4123
      vertex 9.95341 -0.133606 13.2343
    endloop
  endfacet
  facet normal 0.012456 0.00847419 0.999887
    outer loop
      vertex 9.16869 -0.121948 13.244
      vertex 1.76826 -9.1023 13.4123
      vertex 9.61369 -0.138885 13.2386
    endloop
  endfacet
  facet normal 0.0124692 0.00844419 0.999887
    outer loop
      vertex 0.271118 0 13.3541
      vertex 1.76826 -9.1023 13.4123
      vertex 2.39612 0 13.3276
    endloop
  endfacet
  facet normal 0.0127043 0.00852722 0.999883
    outer loop
      vertex -1.89673 5.18797 13.3374
      vertex 0.271118 0 13.3541
      vertex -1.68122 5.12486 13.3352
    endloop
  endfacet
  facet normal 0.0125291 0.00845404 0.999886
    outer loop
      vertex 0.271118 0 13.3541
      vertex -1.89673 5.18797 13.3374
      vertex 1.76826 -9.1023 13.4123
    endloop
  endfacet
  facet normal 0.0127291 0.00923315 0.999876
    outer loop
      vertex 8.0783 2.26666 13.2374
      vertex 10.5442 1.45528 13.2135
      vertex 10.7413 1.48677 13.2107
    endloop
  endfacet
  facet normal 0.0125511 0.00869201 0.999883
    outer loop
      vertex 10.5442 1.45528 13.2135
      vertex 8.0783 2.26666 13.2374
      vertex 10.2776 1.42612 13.2171
    endloop
  endfacet
  facet normal 0.0124298 0.00837456 0.999888
    outer loop
      vertex 10.2776 1.42612 13.2171
      vertex 8.0783 2.26666 13.2374
      vertex 9.99979 1.40863 13.2207
    endloop
  endfacet
  facet normal 0.0122965 0.00807586 0.999892
    outer loop
      vertex 9.99979 1.40863 13.2207
      vertex 8.0783 2.26666 13.2374
      vertex 9.71089 1.40279 13.2243
    endloop
  endfacet
  facet normal 0.0124487 0.0083636 0.999888
    outer loop
      vertex 9.71089 1.40279 13.2243
      vertex 8.0783 2.26666 13.2374
      vertex 9.37617 1.42279 13.2283
    endloop
  endfacet
  facet normal 0.0125197 0.00847286 0.999886
    outer loop
      vertex 9.37617 1.42279 13.2283
      vertex 8.0783 2.26666 13.2374
      vertex 9.07201 1.48279 13.2316
    endloop
  endfacet
  facet normal 0.012665 0.00865711 0.999882
    outer loop
      vertex 9.07201 1.48279 13.2316
      vertex 8.0783 2.26666 13.2374
      vertex 8.79839 1.58279 13.2342
    endloop
  endfacet
  facet normal 0.0130115 0.00902199 0.999875
    outer loop
      vertex 8.79839 1.58279 13.2342
      vertex 8.0783 2.26666 13.2374
      vertex 8.55531 1.72279 13.2361
    endloop
  endfacet
  facet normal 0.0122566 0.00835982 0.99989
    outer loop
      vertex 8.55531 1.72279 13.2361
      vertex 8.0783 2.26666 13.2374
      vertex 8.3428 1.90279 13.2372
    endloop
  endfacet
  facet normal 0.0126319 0.00863268 0.999883
    outer loop
      vertex 8.3428 1.90279 13.2372
      vertex 8.0783 2.26666 13.2374
      vertex 8.1642 2.1178 13.2376
    endloop
  endfacet
  facet normal 0.012134 0.00856826 0.99989
    outer loop
      vertex 1.29086 1.84499 13.3258
      vertex 1.35442 1.7083 13.3262
      vertex 1.37999 2.01051 13.3233
    endloop
  endfacet
  facet normal 0.0125332 0.00866261 0.999884
    outer loop
      vertex 1.25974 2.13832 13.3237
      vertex 1.37999 2.01051 13.3233
      vertex 1.42332 2.31718 13.3201
    endloop
  endfacet
  facet normal 0.0123603 0.00817682 0.99989
    outer loop
      vertex 1.20862 2.4583 13.3216
      vertex 1.42332 2.31718 13.3201
      vertex 1.48445 2.62831 13.3168
    endloop
  endfacet
  facet normal 0.0108098 0.00795257 0.99991
    outer loop
      vertex 1.35442 1.7083 13.3262
      vertex 1.29086 1.84499 13.3258
      vertex 1.29892 1.7083 13.3268
    endloop
  endfacet
  facet normal 0.0117997 0.00874833 0.999892
    outer loop
      vertex 1.37999 2.01051 13.3233
      vertex 1.2778 1.98833 13.3247
      vertex 1.29086 1.84499 13.3258
    endloop
  endfacet
  facet normal 0.0123874 0.00862634 0.999886
    outer loop
      vertex 1.13972 2.7872 13.3197
      vertex 1.48445 2.62831 13.3168
      vertex 1.56335 2.94388 13.3131
    endloop
  endfacet
  facet normal 0.0119396 0.00810404 0.999896
    outer loop
      vertex 1.37999 2.01051 13.3233
      vertex 1.25974 2.13832 13.3237
      vertex 1.2778 1.98833 13.3247
    endloop
  endfacet
  facet normal 0.0125396 0.00839772 0.999886
    outer loop
      vertex 1.05527 3.10722 13.3181
      vertex 1.56335 2.94388 13.3131
      vertex 1.66002 3.26389 13.3092
    endloop
  endfacet
  facet normal 0.0125598 0.00845986 0.999885
    outer loop
      vertex 1.00722 3.26389 13.3174
      vertex 1.66002 3.26389 13.3092
      vertex 1.93114 4.06693 13.299
    endloop
  endfacet
  facet normal 0.0129431 0.0082877 0.999882
    outer loop
      vertex 1.42332 2.31718 13.3201
      vertex 1.23668 2.29498 13.3227
      vertex 1.25974 2.13832 13.3237
    endloop
  endfacet
  facet normal 0.0128649 0.00894474 0.999877
    outer loop
      vertex 1.42332 2.31718 13.3201
      vertex 1.20862 2.4583 13.3216
      vertex 1.23668 2.29498 13.3227
    endloop
  endfacet
  facet normal 0.0122014 0.00843461 0.99989
    outer loop
      vertex 1.48445 2.62831 13.3168
      vertex 1.17612 2.62386 13.3206
      vertex 1.20862 2.4583 13.3216
    endloop
  endfacet
  facet normal 0.0122044 0.0082291 0.999892
    outer loop
      vertex 1.48445 2.62831 13.3168
      vertex 1.13972 2.7872 13.3197
      vertex 1.17612 2.62386 13.3206
    endloop
  endfacet
  facet normal 0.0125786 0.00810935 0.999888
    outer loop
      vertex 1.56335 2.94388 13.3131
      vertex 1.09944 2.94832 13.3189
      vertex 1.13972 2.7872 13.3197
    endloop
  endfacet
  facet normal 0.0125826 0.00853167 0.999884
    outer loop
      vertex 1.56335 2.94388 13.3131
      vertex 1.05527 3.10722 13.3181
      vertex 1.09944 2.94832 13.3189
    endloop
  endfacet
  facet normal 0.0125598 0.00831953 0.999887
    outer loop
      vertex 1.66002 3.26389 13.3092
      vertex 1.00722 3.26389 13.3174
      vertex 1.05527 3.10722 13.3181
    endloop
  endfacet
  facet normal 0.0125191 0.00850671 0.999885
    outer loop
      vertex 1.00722 3.26389 13.3174
      vertex 1.93114 4.06693 13.299
      vertex 0.604977 4.45532 13.3123
    endloop
  endfacet
  facet normal -0.0838166 0.0979973 0.991651
    outer loop
      vertex -16.184 6.65922 13.2007
      vertex -16.3442 6.66387 13.1867
      vertex -16.2021 6.63362 13.2017
    endloop
  endfacet
  facet normal -0.0836848 0.101508 0.991309
    outer loop
      vertex -16.3442 6.66387 13.1867
      vertex -16.184 6.65922 13.2007
      vertex -16.3485 6.67888 13.1848
    endloop
  endfacet
  facet normal -0.226388 -0.33256 0.915506
    outer loop
      vertex -18.033 -9.1763 11.9187
      vertex -21.7806 -9.1903 10.9869
      vertex -20.6433 -9.96451 10.9869
    endloop
  endfacet
  facet normal -0.0316911 -0.588965 0.807537
    outer loop
      vertex 11.0129 -16.168 9.72681
      vertex -3.63434 -11.3706 12.6509
      vertex 0.667563 -18.802 7.39975
    endloop
  endfacet
  facet normal -0.594135 -0.162061 0.787871
    outer loop
      vertex -30.7712 5.39134 8.76091
      vertex -32.0964 5.00711 7.68254
      vertex -27.1668 -8.24676 8.6737
    endloop
  endfacet
  facet normal -0.439382 -0.13353 0.888321
    outer loop
      vertex -25.4601 0.223028 10.9995
      vertex -25.8674 1.56325 10.9995
      vertex -25.1062 -8.3146 9.89119
    endloop
  endfacet
  facet normal 0.561527 0.826907 -0.030207
    outer loop
      vertex 26.2503 11.3195 4.12194
      vertex 19.6802 15.7908 4.38887
      vertex 21.1469 14.8523 5.96264
    endloop
  endfacet
  facet normal 0.569175 0.822217 0
    outer loop
      vertex 26.2503 11.3195 5.01779
      vertex 21.1469 14.8523 5.96264
      vertex 21.1469 14.8523 7.25854
    endloop
  endfacet
  facet normal 0.569175 0.822217 0
    outer loop
      vertex 21.1469 14.8523 5.96264
      vertex 26.2503 11.3195 5.01779
      vertex 26.2503 11.3195 4.12194
    endloop
  endfacet
  facet normal 0.480554 -0.17028 0.860275
    outer loop
      vertex 24.8823 -6.39559 9.72681
      vertex 23.2282 -5.62008 10.8043
      vertex 23.3428 -9.9098 9.89119
    endloop
  endfacet
  facet normal 0.368911 0.0223174 0.929197
    outer loop
      vertex 24.3682 -0.245674 10.8043
      vertex 21.9222 2.03233 11.7207
      vertex 22.0586 -0.222389 11.7207
    endloop
  endfacet
  facet normal 0.493057 0.121954 0.861407
    outer loop
      vertex 25.2463 5.8902 9.72681
      vertex 23.5473 5.1485 10.8043
      vertex 25.9932 2.8705 9.72681
    endloop
  endfacet
  facet normal 0.689865 -0.443021 0.572554
    outer loop
      vertex 25.4034 -9.97764 8.6737
      vertex 24.8069 -10.9065 8.6737
      vertex 26.4539 -10.0122 7.38122
    endloop
  endfacet
  facet normal 0.970803 0.239878 0
    outer loop
      vertex 30.7121 3.6564 5.01779
      vertex 30.1179 6.06117 4.12194
      vertex 30.1179 6.06117 5.01779
    endloop
  endfacet
  facet normal 0.970803 0.239878 0
    outer loop
      vertex 30.1179 6.06117 4.12194
      vertex 30.7121 3.6564 5.01779
      vertex 30.7121 3.6564 4.12194
    endloop
  endfacet
  facet normal 0.872285 0.215549 0.438928
    outer loop
      vertex 30.1179 6.06117 5.01779
      vertex 29.7434 5.7875 5.89643
      vertex 30.3148 3.47515 5.89643
    endloop
  endfacet
  facet normal 0.808721 0.367577 -0.459193
    outer loop
      vertex 29.7434 5.7875 3.24331
      vertex 28.812 7.83671 3.24331
      vertex 30.1179 6.06117 4.12194
    endloop
  endfacet
  facet normal 0.47604 0.759153 -0.443928
    outer loop
      vertex 19.6962 15.2337 3.45334
      vertex 18.3864 16.6021 4.38887
      vertex 19.6802 15.7908 4.38887
    endloop
  endfacet
  facet normal 0.0773765 0.224374 0.971426
    outer loop
      vertex 13.8862 11.1883 11.7207
      vertex 13.2702 8.28392 12.4406
      vertex 14.7291 7.78081 12.4406
    endloop
  endfacet
  facet normal 0.0132614 0.11091 0.993742
    outer loop
      vertex -10.3516 9.10095 13.1703
      vertex -11.7248 6.95887 13.4277
      vertex -9.5718 9.00771 13.1703
    endloop
  endfacet
  facet normal 0.0774958 0.129835 0.988503
    outer loop
      vertex 14.7291 7.78081 12.4406
      vertex 14.648 7.5833 12.4729
      vertex 14.7054 7.5833 12.4684
    endloop
  endfacet
  facet normal 0.0782378 0.129428 0.988497
    outer loop
      vertex 14.199 6.48913 12.6518
      vertex 13.4841 4.7469 12.9365
      vertex 14.199 4.31475 12.9365
    endloop
  endfacet
  facet normal 0.0492362 0.141474 0.988717
    outer loop
      vertex 14.7291 7.78081 12.4406
      vertex 14.5737 7.5833 12.4766
      vertex 14.648 7.5833 12.4729
    endloop
  endfacet
  facet normal 0.0487987 0.141584 0.988723
    outer loop
      vertex 12.6338 5.11797 12.9254
      vertex 14.199 6.48913 12.6518
      vertex 14.199 7.10715 12.5633
    endloop
  endfacet
  facet normal 0.0488534 0.141523 0.988729
    outer loop
      vertex 14.199 6.48913 12.6518
      vertex 12.6338 5.11797 12.9254
      vertex 13.4841 4.7469 12.9365
    endloop
  endfacet
  facet normal 0.0485963 0.140937 0.988825
    outer loop
      vertex 13.4841 4.7469 12.9365
      vertex 12.6338 5.11797 12.9254
      vertex 12.6499 5.03454 12.9365
    endloop
  endfacet
  facet normal 0.0783989 0.129719 0.988447
    outer loop
      vertex 14.7291 7.78081 12.4406
      vertex 14.7054 7.5833 12.4684
      vertex 15.0559 7.5833 12.4406
    endloop
  endfacet
  facet normal 0.0783814 0.129682 0.988453
    outer loop
      vertex 16.0635 6.97424 12.4406
      vertex 15.8889 7.07977 12.4406
      vertex 15.9545 6.80536 12.4714
    endloop
  endfacet
  facet normal 0.123958 0.205096 0.970861
    outer loop
      vertex 15.7685 7.5833 12.3496
      vertex 16.0635 6.97424 12.4406
      vertex 15.8496 10.5113 11.7207
    endloop
  endfacet
  facet normal 0.123964 0.205099 0.970859
    outer loop
      vertex 16.0635 6.97424 12.4406
      vertex 15.7685 7.5833 12.3496
      vertex 15.8889 7.07977 12.4406
    endloop
  endfacet
  facet normal 0.123972 0.205095 0.970859
    outer loop
      vertex 14.7291 7.78081 12.4406
      vertex 15.7685 7.5833 12.3496
      vertex 15.8496 10.5113 11.7207
    endloop
  endfacet
  facet normal 0.123979 0.205135 0.97085
    outer loop
      vertex 15.7685 7.5833 12.3496
      vertex 14.7291 7.78081 12.4406
      vertex 15.0559 7.5833 12.4406
    endloop
  endfacet
  facet normal 0.0287235 0.0858074 0.995898
    outer loop
      vertex -1.74631 5.29573 13.3279
      vertex -2.09299 5.30152 13.3374
      vertex -1.74378 5.28908 13.3284
    endloop
  endfacet
  facet normal 0.02867 0.0832119 0.996119
    outer loop
      vertex 13.4841 4.7469 12.9365
      vertex 12.6742 4.90863 12.9463
      vertex 12.682 4.77546 12.9572
    endloop
  endfacet
  facet normal 0.0286398 0.0830597 0.996133
    outer loop
      vertex 12.6742 4.90863 12.9463
      vertex 13.4841 4.7469 12.9365
      vertex 12.6499 5.03454 12.9365
    endloop
  endfacet
  facet normal 0.0286003 0.0832119 0.996121
    outer loop
      vertex 2.32309 5.22787 13.2168
      vertex 0.34864 5.21458 13.2746
      vertex 2.2952 5.14528 13.2245
    endloop
  endfacet
  facet normal 0.0285871 0.08465 0.996001
    outer loop
      vertex 0.34864 5.21458 13.2746
      vertex 2.32309 5.22787 13.2168
      vertex 0.33295 5.26106 13.2711
    endloop
  endfacet
  facet normal 0.0285943 0.0825371 0.996178
    outer loop
      vertex 4.37467 5.19365 13.1608
      vertex 5.85571 5.0185 13.1328
      vertex 5.88626 5.16844 13.1195
    endloop
  endfacet
  facet normal 0.028569 0.0823196 0.996196
    outer loop
      vertex 5.85571 5.0185 13.1328
      vertex 4.37467 5.19365 13.1608
      vertex 4.32866 5.07287 13.1721
    endloop
  endfacet
  facet normal 0.0265766 0.082402 0.996245
    outer loop
      vertex 10.717 5.08788 12.9876
      vertex 10.753 4.84414 13.0068
      vertex 10.7476 4.92084 13.0006
    endloop
  endfacet
  facet normal 0.0285559 0.0826881 0.996166
    outer loop
      vertex 7.9459 5.13409 13.0632
      vertex 10.753 4.84414 13.0068
      vertex 10.717 5.08788 12.9876
    endloop
  endfacet
  facet normal -0.00235334 0.0903861 0.995904
    outer loop
      vertex 7.90218 4.94564 13.0802
      vertex 7.9459 5.13409 13.0632
      vertex 7.90451 4.96333 13.0786
    endloop
  endfacet
  facet normal 0.0286101 0.0832221 0.99612
    outer loop
      vertex 7.9459 5.13409 13.0632
      vertex 7.90218 4.94564 13.0802
      vertex 10.753 4.84414 13.0068
    endloop
  endfacet
  facet normal 0.0507793 0.0544345 0.997225
    outer loop
      vertex 14.199 4.08476 12.951
      vertex 12.4398 1.35841 13.1894
      vertex 14.199 2.87749 13.0169
    endloop
  endfacet
  facet normal 0.0202074 0.0630521 0.997806
    outer loop
      vertex -8.94696 6.48088 13.4016
      vertex -11.5037 6.88725 13.4277
      vertex -8.9631 6.45915 13.4033
    endloop
  endfacet
  facet normal 0.0200004 0.0617437 0.997892
    outer loop
      vertex -11.5037 6.88725 13.4277
      vertex -8.94696 6.48088 13.4016
      vertex -11.7248 6.95887 13.4277
    endloop
  endfacet
  facet normal 0.0157739 0.0370442 0.999189
    outer loop
      vertex -2.09299 5.30152 13.3374
      vertex -2.89021 5.43869 13.3449
      vertex -2.88964 5.43575 13.345
    endloop
  endfacet
  facet normal 0.0195303 0.059031 0.998065
    outer loop
      vertex -6.80784 6.09598 13.3826
      vertex -5.07158 5.81404 13.3653
      vertex -6.78596 6.10903 13.3814
    endloop
  endfacet
  facet normal 0.0208405 0.0671326 0.997526
    outer loop
      vertex -5.07158 5.81404 13.3653
      vertex -6.80784 6.09598 13.3826
      vertex -5.05955 5.80139 13.3659
    endloop
  endfacet
  facet normal 0.00536301 0.0128912 0.999903
    outer loop
      vertex -11.5037 6.88725 13.4277
      vertex -11.6613 6.76666 13.4301
      vertex -11.6321 6.71573 13.4306
    endloop
  endfacet
  facet normal 0.00452887 0.0139812 0.999892
    outer loop
      vertex -11.7248 6.95887 13.4277
      vertex -11.6613 6.76666 13.4301
      vertex -11.5037 6.88725 13.4277
    endloop
  endfacet
  facet normal 0.00361698 0.01368 0.9999
    outer loop
      vertex -11.6613 6.76666 13.4301
      vertex -11.7248 6.95887 13.4277
      vertex -11.7728 6.89116 13.4288
    endloop
  endfacet
  facet normal 0.00941932 0.0140501 0.999857
    outer loop
      vertex -13.2752 4.77304 13.4649
      vertex -13.2636 4.53754 13.4681
      vertex -13.2713 4.74196 13.4653
    endloop
  endfacet
  facet normal 0.00449737 0.0138082 0.999895
    outer loop
      vertex -16.1207 0.761256 13.5331
      vertex -13.2636 4.53754 13.4681
      vertex -13.2752 4.77304 13.4649
    endloop
  endfacet
  facet normal 0.00544391 0.0130921 0.999899
    outer loop
      vertex -13.2636 4.53754 13.4681
      vertex -16.1207 0.761256 13.5331
      vertex -16.1207 0.723069 13.5336
    endloop
  endfacet
  facet normal 0.000269779 0.185698 -0.982607
    outer loop
      vertex 2.55171 15.0364 0.228421
      vertex -6.98833 17.5437 0.699644
      vertex 3.17121 15.0355 0.228421
    endloop
  endfacet
  facet normal 0.109477 0.222152 -0.968846
    outer loop
      vertex 6.15925 15.615 0.626379
      vertex 4.33282 14.7795 0.228421
      vertex 5.35142 16.0131 0.626379
    endloop
  endfacet
  facet normal 0.291151 0.434424 -0.852354
    outer loop
      vertex 19.773 12.5542 1.77897
      vertex 19.7275 14.1408 2.57208
      vertex 25.5814 9.9106 2.41565
    endloop
  endfacet
  facet normal -0.016066 0.122138 -0.992383
    outer loop
      vertex -11.9532 14.0656 0.225962
      vertex -13.6143 13.8471 0.225962
      vertex -10.6099 15.9357 0.434379
    endloop
  endfacet
  facet normal -0.00953323 0.117517 -0.993025
    outer loop
      vertex 2.65007 13.5567 0.0255432
      vertex -11.9532 14.0656 0.225962
      vertex -10.6099 15.9357 0.434379
    endloop
  endfacet
  facet normal -0.000739342 -0.000509563 -1
    outer loop
      vertex -19.2522 -8.70515 0.0148373
      vertex -19.3539 -8.55759 0.0148373
      vertex -16.8635 1.29115 0.00797749
    endloop
  endfacet
  facet normal 0.000384195 0.00253759 -0.999997
    outer loop
      vertex -14.4448 9.74296 0.0092144
      vertex -14.716 9.78402 0.0092144
      vertex 3.06232 13.5271 0.0255432
    endloop
  endfacet
  facet normal 0.0190403 0.131924 -0.991077
    outer loop
      vertex 3.77262 14.9487 0.228421
      vertex 3.06232 13.5271 0.0255432
      vertex 3.17121 15.0355 0.228421
    endloop
  endfacet
  facet normal 0.0371415 0.122971 -0.991715
    outer loop
      vertex 4.33282 14.7795 0.228421
      vertex 3.06232 13.5271 0.0255432
      vertex 3.77262 14.9487 0.228421
    endloop
  endfacet
  facet normal 6.46826e-05 0.000193146 -1
    outer loop
      vertex -15.3426 3.6396 0.00797749
      vertex -15.4839 3.68692 0.00797749
      vertex -14.4448 9.74296 0.0092144
    endloop
  endfacet
  facet normal -0.129037 0.540268 0.831541
    outer loop
      vertex -14.4602 17.1674 9.73142
      vertex -16.8088 15.3361 10.5568
      vertex -14.5914 15.8657 10.5568
    endloop
  endfacet
  facet normal 0.215769 0.625655 0.749667
    outer loop
      vertex 15.1052 16.9358 8.52955
      vertex 14.8217 15.599 9.72681
      vertex 18.0669 15.9144 8.52955
    endloop
  endfacet
  facet normal -0.023874 0.827669 0.560709
    outer loop
      vertex -7.82823 19.4389 7.68254
      vertex -10.9761 19.3481 7.68254
      vertex -8.40552 18.6917 8.76091
    endloop
  endfacet
  facet normal -0.0391002 0.959867 0.277716
    outer loop
      vertex 2.19108 20.4612 5.82472
      vertex -10.8076 19.7254 6.53775
      vertex 2.21064 20.1669 6.84466
    endloop
  endfacet
  facet normal -0.129806 0.94725 0.293031
    outer loop
      vertex -14.2498 19.2537 6.53775
      vertex -14.286 18.8946 7.68254
      vertex -10.8076 19.7254 6.53775
    endloop
  endfacet
  facet normal 0.00239715 0.665794 0.746132
    outer loop
      vertex -8.40552 18.6917 8.76091
      vertex -9.24362 17.6071 9.73142
      vertex 3.95446 18.749 8.67007
    endloop
  endfacet
  facet normal 0.136927 0.949521 -0.282242
    outer loop
      vertex 6.23547 19.878 3.76487
      vertex 4.25289 20.1639 3.76487
      vertex 6.37675 20.1608 4.78481
    endloop
  endfacet
  facet normal 0.307908 0.951416 0
    outer loop
      vertex 18.3864 16.6021 5.34274
      vertex 15.2498 17.6172 5.96264
      vertex 15.2498 17.6172 7.25854
    endloop
  endfacet
  facet normal 0.307908 0.951416 0
    outer loop
      vertex 15.2498 17.6172 5.96264
      vertex 18.3864 16.6021 5.34274
      vertex 18.3864 16.6021 4.38887
    endloop
  endfacet
  facet normal 0.808734 0.367613 -0.45914
    outer loop
      vertex 30.1179 6.06117 4.12194
      vertex 28.812 7.83671 3.24331
      vertex 29.1492 8.19227 4.12194
    endloop
  endfacet
  facet normal 0.119569 0.087938 -0.988924
    outer loop
      vertex 22.9333 1.63869 0.196776
      vertex 22.5524 2.1566 0.196776
      vertex 23.9118 4.16356 0.539604
    endloop
  endfacet
  facet normal 0.295789 0.348581 -0.889382
    outer loop
      vertex 26.9931 8.7127 2.41565
      vertex 24.9383 8.55579 1.67077
      vertex 25.5814 9.9106 2.41565
    endloop
  endfacet
  facet normal 0.113353 0.217557 -0.969443
    outer loop
      vertex 19.2862 8.54477 0.574548
      vertex 4.83028 14.5343 0.228421
      vertex 19.0062 11.0521 1.10449
    endloop
  endfacet
  facet normal 0.0532458 0.451013 0.890928
    outer loop
      vertex 14.4101 13.6583 10.8043
      vertex 3.72954 17.6826 9.4054
      vertex 11.9054 13.954 10.8043
    endloop
  endfacet
  facet normal 0.0401476 0.340067 0.939544
    outer loop
      vertex 14.4101 13.6583 10.8043
      vertex 11.9054 13.954 10.8043
      vertex 13.8862 11.1883 11.7207
    endloop
  endfacet
  facet normal -0.131968 0.385317 0.913299
    outer loop
      vertex -16.8088 15.3361 10.5568
      vertex -17.9949 13.393 11.2052
      vertex -16.3934 13.9415 11.2052
    endloop
  endfacet
  facet normal -0.0084351 0.252272 0.96762
    outer loop
      vertex -10.2307 11.0416 12.6654
      vertex -10.3516 9.10095 13.1703
      vertex -8.8101 11.0891 12.6654
    endloop
  endfacet
  facet normal -0.164259 0.687665 0.707203
    outer loop
      vertex -14.357 18.1901 8.76091
      vertex -17.4395 17.4538 8.76091
      vertex -17.162 16.522 9.73142
    endloop
  endfacet
  facet normal -0.179918 0.525271 0.831697
    outer loop
      vertex -17.162 16.522 9.73142
      vertex -19.7881 15.6225 9.73142
      vertex -16.8088 15.3361 10.5568
    endloop
  endfacet
  facet normal -0.240274 0.345624 -0.90709
    outer loop
      vertex -24.45 13.3645 1.01156
      vertex -28.0715 11.7565 1.35815
      vertex -25.1825 13.7649 1.35815
    endloop
  endfacet
  facet normal -0.493201 0.632507 0.597234
    outer loop
      vertex -26.6112 13.9929 7.68254
      vertex -28.8696 12.2319 7.68254
      vertex -27.7973 12.0498 8.76091
    endloop
  endfacet
  facet normal 0.16908 -0.0655274 -0.983422
    outer loop
      vertex 24.5155 -3.76459 0.539604
      vertex 22.9242 -2.72553 0.196776
      vertex 24.979 -2.56862 0.539604
    endloop
  endfacet
  facet normal 0.147712 -0.0734456 -0.9863
    outer loop
      vertex 23.1968 -5.91516 0.47512
      vertex 21.6376 -5.98963 0.247154
      vertex 22.9242 -2.72553 0.196776
    endloop
  endfacet
  facet normal 0.154615 0.163748 -0.97431
    outer loop
      vertex 23.9118 4.16356 0.539604
      vertex 19.899 8.16046 0.574548
      vertex 25.1352 5.96977 1.03731
    endloop
  endfacet
  facet normal 0.32696 0.148633 -0.933277
    outer loop
      vertex 27.9425 4.47134 1.67077
      vertex 25.9677 4.83793 1.03731
      vertex 27.19 6.12668 1.67077
    endloop
  endfacet
  facet normal 0.17726 -0.0404945 -0.983331
    outer loop
      vertex 24.979 -2.56862 0.539604
      vertex 23.2096 -1.98905 0.196776
      vertex 23.386 -1.21688 0.196776
    endloop
  endfacet
  facet normal 0.290142 -0.135109 -0.947398
    outer loop
      vertex 25.9477 -4.69972 1.03731
      vertex 24.5229 -5.85182 0.765264
      vertex 25.0687 -4.67973 0.765264
    endloop
  endfacet
  facet normal 0.39739 -0.0907933 -0.913147
    outer loop
      vertex 27.9257 -3.5338 1.67077
      vertex 26.957 -1.40269 1.03731
      vertex 28.3955 -1.47755 1.67077
    endloop
  endfacet
  facet normal 0.401454 -0.0312866 -0.915345
    outer loop
      vertex 28.3955 -1.47755 1.67077
      vertex 26.957 -1.40269 1.03731
      vertex 28.557 0.594742 1.67077
    endloop
  endfacet
  facet normal 0.908418 -0.0708215 -0.412021
    outer loop
      vertex 30.7011 -1.59752 4.12194
      vertex 30.3042 -1.57687 3.24331
      vertex 30.5042 0.988502 3.24331
    endloop
  endfacet
  facet normal 0.715171 0.0544562 -0.696825
    outer loop
      vertex 29.71 0.8279 2.41565
      vertex 29.5355 3.1196 2.41565
      vertex 30.5042 0.988502 3.24331
    endloop
  endfacet
  facet normal 0.805574 0.592495 0
    outer loop
      vertex 29.1492 8.19227 5.01779
      vertex 27.8433 9.96781 4.12194
      vertex 27.8433 9.96781 5.01779
    endloop
  endfacet
  facet normal 0.805574 0.592495 0
    outer loop
      vertex 27.8433 9.96781 4.12194
      vertex 29.1492 8.19227 5.01779
      vertex 29.1492 8.19227 4.12194
    endloop
  endfacet
  facet normal 0.403362 0.288882 0.868243
    outer loop
      vertex 22.2153 11.13 9.72681
      vertex 20.8906 9.74123 10.8043
      vertex 23.9706 8.6791 9.72681
    endloop
  endfacet
  facet normal 0.415867 -0.333119 -0.846219
    outer loop
      vertex 25.5398 -9.93299 2.41565
      vertex 24.9018 -8.83726 1.67077
      vertex 26.9577 -8.16288 2.41565
    endloop
  endfacet
  facet normal 0.360173 -0.205353 -0.910003
    outer loop
      vertex 26.1446 -7.28574 1.67077
      vertex 25.5647 -5.80206 1.10644
      vertex 27.1656 -5.49498 1.67077
    endloop
  endfacet
  facet normal 0.313233 -0.213875 -0.92528
    outer loop
      vertex 25.1097 -6.16936 1.03731
      vertex 24.5229 -5.85182 0.765264
      vertex 25.5647 -5.80206 1.10644
    endloop
  endfacet
  facet normal 0.269127 -0.480313 -0.834787
    outer loop
      vertex 13.6009 -17.6292 2.39326
      vertex 12.3948 -17.0224 1.65529
      vertex 14.0892 -16.073 1.65529
    endloop
  endfacet
  facet normal 0.0881097 -0.170634 -0.981387
    outer loop
      vertex 18.7963 -8.65838 0.247154
      vertex 9.05462 -15.3419 0.534603
      vertex 17.8456 -9.14929 0.247154
    endloop
  endfacet
  facet normal 0.14875 -0.10414 -0.983376
    outer loop
      vertex 23.1968 -5.91516 0.47512
      vertex 21.1314 -6.71267 0.247154
      vertex 21.6376 -5.98963 0.247154
    endloop
  endfacet
  facet normal 0.000237841 -0.00194146 -0.999998
    outer loop
      vertex 16.681 -6.97122 0.0100784
      vertex 0.895852 -8.70313 0.00968647
      vertex 16.8725 -6.94776 0.0100784
    endloop
  endfacet
  facet normal -0.118904 -0.45787 -0.881032
    outer loop
      vertex -21.6911 -15.2223 1.62884
      vertex -23.9253 -14.6421 1.62884
      vertex -23.1981 -13.8645 1.12658
    endloop
  endfacet
  facet normal 3.8686e-05 -0.000100175 -1
    outer loop
      vertex 17.0739 -6.89576 0.0100784
      vertex -16.2664 1.20117 0.00797749
      vertex 17.2773 -6.81721 0.0100784
    endloop
  endfacet
  facet normal -0.00132728 -0.000365854 -0.999999
    outer loop
      vertex -16.9464 1.42871 0.00797749
      vertex -19.405 -8.40186 0.0148373
      vertex -16.9948 1.6043 0.00797749
    endloop
  endfacet
  facet normal -0.000134822 -0.000402955 -1
    outer loop
      vertex -0.0923901 -8.61727 0.00968647
      vertex -16.7491 1.1969 0.00797749
      vertex -16.6077 1.14959 0.00797749
    endloop
  endfacet
  facet normal -4.94649e-05 0.000206635 -1
    outer loop
      vertex -15.6469 3.68547 0.00797749
      vertex -15.7389 9.64942 0.0092144
      vertex -15.3758 9.73634 0.0092144
    endloop
  endfacet
  facet normal 0.0437377 -0.0410228 -0.9982
    outer loop
      vertex 19.1869 -6.95086 0.0901289
      vertex 17.8233 -6.45685 0.0100784
      vertex 17.9605 -6.31057 0.0100784
    endloop
  endfacet
  facet normal 0.0408361 -0.0489938 -0.997964
    outer loop
      vertex 19.1869 -6.95086 0.0901289
      vertex 17.6594 -6.59346 0.0100784
      vertex 17.8233 -6.45685 0.0100784
    endloop
  endfacet
  facet normal -0.253976 -0.649626 0.716576
    outer loop
      vertex -20.6433 -9.96451 10.9869
      vertex -23.4276 -10.0846 9.89119
      vertex -18.7467 -10.706 10.9869
    endloop
  endfacet
  facet normal -0.21981 -0.84647 -0.484945
    outer loop
      vertex -22.1604 -16.1055 2.77938
      vertex -24.6816 -15.4508 2.77938
      vertex -24.4262 -15.1777 2.18692
    endloop
  endfacet
  facet normal 0.23556 -0.910747 0.339192
    outer loop
      vertex 14.1971 -17.9141 7.25854
      vertex 9.32186 -20.0269 4.9713
      vertex 12.2502 -19.2695 4.9713
    endloop
  endfacet
  facet normal 0.250405 -0.968141 0
    outer loop
      vertex 9.32186 -20.0269 4.08375
      vertex 12.2502 -19.2695 4.9713
      vertex 9.32186 -20.0269 4.9713
    endloop
  endfacet
  facet normal 0.250405 -0.968141 0
    outer loop
      vertex 12.2502 -19.2695 4.9713
      vertex 9.32186 -20.0269 4.08375
      vertex 12.2502 -19.2695 4.08375
    endloop
  endfacet
  facet normal 0.176902 -0.860577 0.477612
    outer loop
      vertex 14.093 -17.2301 8.52955
      vertex 9.11097 -19.7459 5.84179
      vertex 14.1971 -17.9141 7.25854
    endloop
  endfacet
  facet normal 0.790455 -0.450662 -0.414831
    outer loop
      vertex 27.8033 -9.07508 4.12194
      vertex 27.5178 -8.76707 3.24331
      vertex 28.7817 -6.55021 3.24331
    endloop
  endfacet
  facet normal 0.805032 -0.546432 0.230946
    outer loop
      vertex 25.8335 -10.9782 7.38122
      vertex 25.1082 -12.9083 5.34274
      vertex 27.8033 -9.07508 5.01779
    endloop
  endfacet
  facet normal 0.689864 -0.443056 0.572529
    outer loop
      vertex 26.4539 -10.0122 7.38122
      vertex 24.8069 -10.9065 8.6737
      vertex 25.8335 -10.9782 7.38122
    endloop
  endfacet
  facet normal 0.517127 -0.688149 0.50895
    outer loop
      vertex 24.8069 -10.9065 8.6737
      vertex 19.9176 -14.6873 8.52955
      vertex 24.1488 -13.8646 5.34274
    endloop
  endfacet
  facet normal 0.427567 -0.903983 0
    outer loop
      vertex 14.8552 -18.2603 4.9713
      vertex 24.1488 -13.8646 4.38887
      vertex 24.1488 -13.8646 5.34274
    endloop
  endfacet
  facet normal 0.427567 -0.903983 0
    outer loop
      vertex 24.1488 -13.8646 4.38887
      vertex 14.8552 -18.2603 4.9713
      vertex 14.8552 -18.2603 4.08375
    endloop
  endfacet
  facet normal 0.851281 -0.32991 -0.408019
    outer loop
      vertex 30.0963 -4.24476 4.12194
      vertex 29.1178 -6.76963 4.12194
      vertex 29.7226 -4.12238 3.24331
    endloop
  endfacet
  facet normal 0.868713 -0.495315 0
    outer loop
      vertex 27.8033 -9.07508 5.01779
      vertex 29.1178 -6.76963 4.12194
      vertex 29.1178 -6.76963 5.01779
    endloop
  endfacet
  facet normal 0.868713 -0.495315 0
    outer loop
      vertex 29.1178 -6.76963 4.12194
      vertex 27.8033 -9.07508 5.01779
      vertex 27.8033 -9.07508 4.12194
    endloop
  endfacet
  facet normal 0.146849 -0.461586 0.874856
    outer loop
      vertex 16.0322 -13.1644 10.8043
      vertex 13.5924 -13.9406 10.8043
      vertex 13.8888 -15.8885 9.72681
    endloop
  endfacet
  facet normal 0.12477 -0.392186 0.911385
    outer loop
      vertex 15.0983 -10.8718 11.9187
      vertex 13.5924 -13.9406 10.8043
      vertex 16.0322 -13.1644 10.8043
    endloop
  endfacet
  facet normal 0.224812 -0.200193 0.953615
    outer loop
      vertex 18.7208 -8.35601 11.7207
      vertex 16.1483 -10.3017 11.9187
      vertex 19.8694 -10.5616 10.9869
    endloop
  endfacet
  facet normal 0.329953 -0.211921 0.919902
    outer loop
      vertex 20.3513 -9.8113 10.9869
      vertex 19.8694 -10.5616 10.9869
      vertex 22.793 -10.7659 9.89119
    endloop
  endfacet
  facet normal 0.292071 -0.422392 0.858067
    outer loop
      vertex 19.8694 -10.5616 10.9869
      vertex 19.2568 -13.545 9.72681
      vertex 22.793 -10.7659 9.89119
    endloop
  endfacet
  facet normal 0.240847 -0.426975 0.871599
    outer loop
      vertex 18.2975 -11.8866 10.8043
      vertex 16.6724 -15.0028 9.72681
      vertex 19.2568 -13.545 9.72681
    endloop
  endfacet
  facet normal 0.24207 -0.190462 0.951381
    outer loop
      vertex 20.0871 -6.6195 11.7207
      vertex 18.7208 -8.35601 11.7207
      vertex 19.8694 -10.5616 10.9869
    endloop
  endfacet
  facet normal 0.141587 -0.260773 0.954961
    outer loop
      vertex 11.7727 -9.99609 12.6509
      vertex 10.9925 -10.4197 12.6509
      vertex 16.1483 -10.3017 11.9187
    endloop
  endfacet
  facet normal -0.13153 -0.9293 -0.345111
    outer loop
      vertex -0.242578 -20.5514 4.08375
      vertex -3.00811 -19.8367 3.21325
      vertex -0.0859079 -20.2503 3.21325
    endloop
  endfacet
  facet normal 0.0271229 -0.494467 -0.868773
    outer loop
      vertex 5.65832 -18.7646 1.65529
      vertex 3.14979 -18.9022 1.65529
      vertex 3.27252 -17.7928 1.0277
    endloop
  endfacet
  facet normal 0.0305037 -0.0590802 -0.997787
    outer loop
      vertex 17.5699 -8.01809 0.0901289
      vertex 17.475 -6.71514 0.0100784
      vertex 18.1554 -7.71579 0.0901289
    endloop
  endfacet
  facet normal 0.0363595 -0.055101 -0.997819
    outer loop
      vertex 18.1554 -7.71579 0.0901289
      vertex 17.475 -6.71514 0.0100784
      vertex 17.6594 -6.59346 0.0100784
    endloop
  endfacet
  facet normal 0.0905374 -0.0849226 -0.992266
    outer loop
      vertex 20.4715 -7.4162 0.247154
      vertex 19.5934 -6.51762 0.0901289
      vertex 21.1314 -6.71267 0.247154
    endloop
  endfacet
  facet normal 0.144266 -0.13532 -0.980243
    outer loop
      vertex 22.5157 -6.88821 0.47512
      vertex 20.4715 -7.4162 0.247154
      vertex 21.1314 -6.71267 0.247154
    endloop
  endfacet
  facet normal -0.0585927 -0.225641 -0.972447
    outer loop
      vertex -19.99 -12.0211 0.363849
      vertex -22.2726 -12.8747 0.699447
      vertex -21.1842 -11.711 0.363849
    endloop
  endfacet
  facet normal -0.131636 -0.777227 -0.615296
    outer loop
      vertex -3.00811 -19.8367 3.21325
      vertex -22.0019 -15.8073 2.18692
      vertex -2.4717 -19.2784 2.39326
    endloop
  endfacet
  facet normal -0.210363 -0.0807628 -0.974282
    outer loop
      vertex -28.425 -10.0204 1.12658
      vertex -33.9456 1.56554 1.35815
      vertex -26.5621 -9.71997 0.699447
    endloop
  endfacet
  facet normal -0.835392 -0.171225 0.522305
    outer loop
      vertex -32.0964 5.00711 7.68254
      vertex -32.772 4.81123 6.53775
      vertex -31.9296 -8.9207 3.38344
    endloop
  endfacet
  facet normal -0.851878 -0.166337 0.496625
    outer loop
      vertex -32.772 4.81123 6.53775
      vertex -34.6693 1.28212 2.10122
      vertex -31.9296 -8.9207 3.38344
    endloop
  endfacet
  facet normal -0.710975 -0.214352 0.669752
    outer loop
      vertex -27.1668 -8.24676 8.6737
      vertex -32.0964 5.00711 7.68254
      vertex -31.3957 -8.89859 3.97589
    endloop
  endfacet
  facet normal -0.440923 -0.0393449 0.896682
    outer loop
      vertex -28.8473 5.94916 9.73142
      vertex -30.9103 6.95018 8.76091
      vertex -30.7712 5.39134 8.76091
    endloop
  endfacet
  facet normal -0.134676 0.0526009 0.989493
    outer loop
      vertex -16.8819 0 13.5356
      vertex -16.8248 -0.0362749 13.5453
      vertex -16.829 0 13.5428
    endloop
  endfacet
  facet normal -0.135021 0.052053 0.989475
    outer loop
      vertex -16.8248 -0.0362749 13.5453
      vertex -16.8819 0 13.5356
      vertex -16.8665 -0.144441 13.5453
    endloop
  endfacet
  facet normal -0.181795 0.116404 0.976422
    outer loop
      vertex -18.1902 5.7665 12.9977
      vertex -20.3594 5.16614 12.6654
      vertex -18.1902 5.38148 13.0436
    endloop
  endfacet
  facet normal -0.106365 0.0561028 0.992743
    outer loop
      vertex -16.8262 0 13.5431
      vertex -16.829 0 13.5428
      vertex -16.8248 -0.0362749 13.5453
    endloop
  endfacet
  facet normal 0.112903 -0.291388 -0.949919
    outer loop
      vertex 9.19912 -16.8934 1.0277
      vertex 7.82071 -15.82 0.534603
      vertex 9.05462 -15.3419 0.534603
    endloop
  endfacet
  facet normal 0.051698 -0.942742 -0.329492
    outer loop
      vertex 6.18259 -20.5033 4.08375
      vertex 2.95307 -20.6804 4.08375
      vertex 2.98693 -20.3743 3.21325
    endloop
  endfacet
  facet normal 0.229983 -0.908472 0.348978
    outer loop
      vertex 14.1971 -17.9141 7.25854
      vertex 9.11097 -19.7459 5.84179
      vertex 9.32186 -20.0269 4.9713
    endloop
  endfacet
  facet normal -0.0811157 -0.611052 0.787423
    outer loop
      vertex -6.0502 -11.1547 12.6509
      vertex -10.8212 -11.4649 11.9187
      vertex -7.83734 -11.861 11.9187
    endloop
  endfacet
  facet normal -0.620508 -0.0553579 0.782244
    outer loop
      vertex -30.9103 6.95018 8.76091
      vertex -32.2473 6.69855 7.68254
      vertex -32.0964 5.00711 7.68254
    endloop
  endfacet
  facet normal -0.637859 0.177321 0.749462
    outer loop
      vertex -31.7428 8.51334 7.68254
      vertex -32.2473 6.69855 7.68254
      vertex -30.9103 6.95018 8.76091
    endloop
  endfacet
  facet normal -0.30911 0.0859173 0.947138
    outer loop
      vertex -26.1643 8.98355 10.5568
      vertex -26.4987 7.78046 10.5568
      vertex -23.4511 3.58061 11.9324
    endloop
  endfacet
  facet normal -0.482226 -0.109454 0.869182
    outer loop
      vertex -25.8674 1.56325 10.9995
      vertex -30.7712 5.39134 8.76091
      vertex -27.7054 0.950211 9.90257
    endloop
  endfacet
  facet normal -0.262549 0.0163628 0.96478
    outer loop
      vertex -23.4511 3.58061 11.9324
      vertex -23.5282 2.3435 11.9324
      vertex -20.7202 4.18023 12.6654
    endloop
  endfacet
  facet normal -0.33866 -0.102932 0.935262
    outer loop
      vertex -23.5282 2.3435 11.9324
      vertex -25.8674 1.56325 10.9995
      vertex -23.1939 1.24361 11.9324
    endloop
  endfacet
  facet normal -0.611414 0.373261 0.697746
    outer loop
      vertex -29.3942 10.3446 8.76091
      vertex -31.7428 8.51334 7.68254
      vertex -30.4454 8.6227 8.76091
    endloop
  endfacet
  facet normal -0.458272 0.279731 0.843646
    outer loop
      vertex -27.6404 10.2908 9.73142
      vertex -29.3942 10.3446 8.76091
      vertex -28.5617 8.78147 9.73142
    endloop
  endfacet
  facet normal -0.180361 0.216038 0.959582
    outer loop
      vertex -17.6493 8.14079 12.6654
      vertex -21.9298 11.053 11.2052
      vertex -18.7939 7.18521 12.6654
    endloop
  endfacet
  facet normal -0.131943 0.257279 0.957287
    outer loop
      vertex -14.8548 9.76184 12.6654
      vertex -14.9758 7.82115 13.1703
      vertex -14.074 8.28363 13.1703
    endloop
  endfacet
  facet normal -0.0521227 0.0415258 0.997777
    outer loop
      vertex -16.8093 0 13.5446
      vertex -16.8248 -0.0362749 13.5453
      vertex -16.7959 0 13.5453
    endloop
  endfacet
  facet normal -0.0503567 0.0410934 0.997886
    outer loop
      vertex -16.1207 1.60885 13.5131
      vertex -16.1207 1.56514 13.5149
      vertex -14.2543 5.96977 13.4277
    endloop
  endfacet
  facet normal -0.0761676 0.116038 0.99032
    outer loop
      vertex -14.9758 7.82115 13.1703
      vertex -14.9691 7.5533 13.2022
      vertex -14.8004 7.60088 13.2096
    endloop
  endfacet
  facet normal -0.0760046 0.116044 0.990332
    outer loop
      vertex -14.9758 7.82115 13.1703
      vertex -15.2249 7.4583 13.1937
      vertex -14.9691 7.5533 13.2022
    endloop
  endfacet
  facet normal -0.0759539 0.11601 0.99034
    outer loop
      vertex -14.9758 7.82115 13.1703
      vertex -15.4669 7.33998 13.189
      vertex -15.2249 7.4583 13.1937
    endloop
  endfacet
  facet normal -0.075758 0.115811 0.990378
    outer loop
      vertex -15.7948 7.2854 13.1703
      vertex -15.4669 7.33998 13.189
      vertex -14.9758 7.82115 13.1703
    endloop
  endfacet
  facet normal -0.0757926 0.116029 0.99035
    outer loop
      vertex -15.4669 7.33998 13.189
      vertex -15.7948 7.2854 13.1703
      vertex -15.6516 7.21933 13.189
    endloop
  endfacet
  facet normal 0.136916 0.949529 -0.28222
    outer loop
      vertex 6.37675 20.1608 4.78481
      vertex 4.25289 20.1639 3.76487
      vertex 4.31494 20.4581 4.78481
    endloop
  endfacet
  facet normal 0.00144887 0.992642 -0.121077
    outer loop
      vertex 4.31494 20.4581 4.78481
      vertex -4.44476 20.0978 1.72608
      vertex 2.19108 20.4612 4.78481
    endloop
  endfacet
  facet normal -0.298926 0.383361 0.873886
    outer loop
      vertex -24.4164 13.2078 9.73142
      vertex -26.2407 11.7853 9.73142
      vertex -22.7623 12.6161 10.5568
    endloop
  endfacet
  facet normal -0.393428 0.504555 0.76853
    outer loop
      vertex -25.716 13.6727 8.76091
      vertex -26.2407 11.7853 9.73142
      vertex -24.4164 13.2078 9.73142
    endloop
  endfacet
  facet normal 0.113518 0.541111 -0.833254
    outer loop
      vertex 5.04387 17.4931 1.20413
      vertex -2.23461 19.2572 1.35815
      vertex 5.55597 18.518 1.93946
    endloop
  endfacet
  facet normal -0.00707441 0.994674 -0.102827
    outer loop
      vertex -4.44476 20.0978 1.72608
      vertex -7.63642 20.0751 1.72608
      vertex 2.19108 20.4612 4.78481
    endloop
  endfacet
  facet normal -0.120693 0.271817 -0.954751
    outer loop
      vertex -17.9497 15.496 0.699644
      vertex -21.4565 15.0345 1.01156
      vertex -18.2472 16.4595 1.01156
    endloop
  endfacet
  facet normal -0.0533917 0.405774 -0.912413
    outer loop
      vertex -7.95161 19.6363 1.35815
      vertex -11.6776 18.3667 1.01156
      vertex -11.3237 19.1926 1.35815
    endloop
  endfacet
  facet normal -0.6412 0.729047 -0.239487
    outer loop
      vertex -28.5604 11.8803 1.72608
      vertex -31.076 9.66782 1.72608
      vertex -29.4162 12.3248 5.37054
    endloop
  endfacet
  facet normal -0.293406 0.660799 -0.690838
    outer loop
      vertex -18.4521 17.1232 1.35815
      vertex -21.9344 15.577 1.35815
      vertex -18.5565 17.4615 1.72608
    endloop
  endfacet
  facet normal -0.43759 0.497521 -0.748991
    outer loop
      vertex -30.4904 9.62898 1.35815
      vertex -31.076 9.66782 1.72608
      vertex -28.0715 11.7565 1.35815
    endloop
  endfacet
  facet normal 0.0017871 0.71799 0.696051
    outer loop
      vertex 4.13117 19.5868 7.80541
      vertex -8.40552 18.6917 8.76091
      vertex 3.95446 18.749 8.67007
    endloop
  endfacet
  facet normal -0.0109012 0.378176 0.925669
    outer loop
      vertex -12.3972 16.1663 10.5568
      vertex -13.1153 14.5585 11.2052
      vertex -11.5646 14.6032 11.2052
    endloop
  endfacet
  facet normal -0.0890387 0.676741 -0.730817
    outer loop
      vertex -7.95161 19.6363 1.35815
      vertex -11.1433 19.6137 1.72608
      vertex -7.63642 20.0751 1.72608
    endloop
  endfacet
  facet normal -0.130424 0.991288 -0.0183686
    outer loop
      vertex -7.63642 20.0751 1.72608
      vertex -11.1433 19.6137 1.72608
      vertex -10.8076 19.7254 5.37054
    endloop
  endfacet
  facet normal 0.136927 0.949521 0.282242
    outer loop
      vertex 6.37675 20.1608 5.82472
      vertex 4.25289 20.1639 6.84466
      vertex 6.23547 19.878 6.84466
    endloop
  endfacet
  facet normal 0.101546 0.70401 0.702893
    outer loop
      vertex 4.13117 19.5868 7.80541
      vertex 3.95446 18.749 8.67007
      vertex 5.55597 18.518 8.67007
    endloop
  endfacet
  facet normal 0.157751 0.522371 -0.837999
    outer loop
      vertex 6.26814 17.1233 1.20413
      vertex 5.55597 18.518 1.93946
      vertex 7.04774 18.0675 1.93946
    endloop
  endfacet
  facet normal 0.201774 0.668147 -0.716147
    outer loop
      vertex 7.04774 18.0675 1.93946
      vertex 5.55597 18.518 1.93946
      vertex 7.66027 18.8093 2.80412
    endloop
  endfacet
  facet normal 0.238656 0.790235 -0.564422
    outer loop
      vertex 7.66027 18.8093 2.80412
      vertex 5.95832 19.3233 2.80412
      vertex 18.4521 16.0138 3.45334
    endloop
  endfacet
  facet normal 0.20178 0.668133 -0.716159
    outer loop
      vertex 7.66027 18.8093 2.80412
      vertex 5.55597 18.518 1.93946
      vertex 5.95832 19.3233 2.80412
    endloop
  endfacet
  facet normal 0.12067 0.79689 -0.591951
    outer loop
      vertex -1.69094 19.6808 1.72608
      vertex -4.44476 20.0978 1.72608
      vertex 5.95832 19.3233 2.80412
    endloop
  endfacet
  facet normal 0.115987 0.844896 -0.522204
    outer loop
      vertex 4.13117 19.5868 2.80412
      vertex -4.44476 20.0978 1.72608
      vertex 4.25289 20.1639 3.76487
    endloop
  endfacet
  facet normal 0.36978 0.589642 -0.718043
    outer loop
      vertex 18.581 14.8598 2.57208
      vertex 18.4521 16.0138 3.45334
      vertex 19.7275 14.1408 2.57208
    endloop
  endfacet
  facet normal 0.273647 0.43635 -0.857156
    outer loop
      vertex 18.7681 13.1845 1.77897
      vertex 18.581 14.8598 2.57208
      vertex 19.7275 14.1408 2.57208
    endloop
  endfacet
  facet normal -0.415545 0.909573 0
    outer loop
      vertex -21.1091 17.2649 5.37054
      vertex -24.2626 15.8242 6.53775
      vertex -21.1091 17.2649 6.53775
    endloop
  endfacet
  facet normal -0.415545 0.909573 0
    outer loop
      vertex -24.2626 15.8242 6.53775
      vertex -21.1091 17.2649 5.37054
      vertex -24.2626 15.8242 5.37054
    endloop
  endfacet
  facet normal -0.396637 0.570545 -0.719137
    outer loop
      vertex -25.1825 13.7649 1.35815
      vertex -28.0715 11.7565 1.35815
      vertex -25.556 13.969 1.72608
    endloop
  endfacet
  facet normal -0.310536 0.906649 0.285577
    outer loop
      vertex -17.6307 18.0957 7.68254
      vertex -21.1091 17.2649 6.53775
      vertex -20.8817 16.9822 7.68254
    endloop
  endfacet
  facet normal -0.125535 0.274783 0.953276
    outer loop
      vertex -17.9949 13.393 11.2052
      vertex -19.4886 12.7106 11.2052
      vertex -14.8548 9.76184 12.6654
    endloop
  endfacet
  facet normal -0.853548 0.521014 0
    outer loop
      vertex -32.4043 8.45758 5.37054
      vertex -31.2182 10.4007 6.53775
      vertex -31.2182 10.4007 5.37054
    endloop
  endfacet
  facet normal -0.853548 0.521014 0
    outer loop
      vertex -31.2182 10.4007 6.53775
      vertex -32.4043 8.45758 5.37054
      vertex -32.4043 8.45758 6.53775
    endloop
  endfacet
  facet normal -0.729886 0.683569 0
    outer loop
      vertex -31.2182 10.4007 5.37054
      vertex -29.4162 12.3248 6.53775
      vertex -29.4162 12.3248 5.37054
    endloop
  endfacet
  facet normal -0.729886 0.683569 0
    outer loop
      vertex -29.4162 12.3248 6.53775
      vertex -31.2182 10.4007 5.37054
      vertex -31.2182 10.4007 6.53775
    endloop
  endfacet
  facet normal -0.229452 -0.0207906 -0.973098
    outer loop
      vertex -32.5261 2.12149 1.01156
      vertex -33.9456 1.56554 1.35815
      vertex -32.6754 3.76922 1.01156
    endloop
  endfacet
  facet normal -0.14462 -0.013104 -0.9894
    outer loop
      vertex -32.5261 2.12149 1.01156
      vertex -32.6754 3.76922 1.01156
      vertex -30.4653 2.92861 0.699644
    endloop
  endfacet
  facet normal -0.749635 0.642599 -0.158472
    outer loop
      vertex -31.076 9.66782 1.72608
      vertex -33.0059 7.41646 1.72608
      vertex -31.2182 10.4007 5.37054
    endloop
  endfacet
  facet normal -0.475838 0.129038 -0.870016
    outer loop
      vertex -34.1076 3.35343 1.35815
      vertex -34.8378 3.14146 1.72608
      vertex -34.2761 5.21278 1.72608
    endloop
  endfacet
  facet normal -0.00453639 0.0189503 -0.99981
    outer loop
      vertex -15.3758 9.73634 0.0092144
      vertex -15.7389 9.64942 0.0092144
      vertex -15.4419 10.747 0.0286703
    endloop
  endfacet
  facet normal -0.0244834 0.0551476 -0.998178
    outer loop
      vertex -15.7749 10.6329 0.0286703
      vertex -17.6875 10.7563 0.0824003
      vertex -16.6311 11.2253 0.0824003
    endloop
  endfacet
  facet normal 5.11119e-05 -4.79392e-05 -1
    outer loop
      vertex 17.8233 -6.45685 0.0100784
      vertex -15.7094 1.61567 0.00797749
      vertex 17.9605 -6.31057 0.0100784
    endloop
  endfacet
  facet normal -0.0488814 0.0418994 -0.997925
    outer loop
      vertex -20.8458 8.29531 0.0824003
      vertex -23.9702 8.0695 0.225962
      vertex -20.2829 8.95201 0.0824003
    endloop
  endfacet
  facet normal -0.0727119 0.104587 -0.991854
    outer loop
      vertex -20.4413 11.1733 0.225962
      vertex -23.9481 10.7118 0.434379
      vertex -22.0329 12.0433 0.434379
    endloop
  endfacet
  facet normal -0.0307088 0.128285 -0.991262
    outer loop
      vertex -13.6143 13.8471 0.225962
      vertex -15.3609 13.429 0.225962
      vertex -12.8454 15.6416 0.434379
    endloop
  endfacet
  facet normal -0.169875 0.0979211 -0.980589
    outer loop
      vertex -30.1599 5.98175 0.699644
      vertex -32.1777 5.60479 1.01156
      vertex -31.052 7.55767 1.01156
    endloop
  endfacet
  facet normal -0.108114 0.0293132 -0.993706
    outer loop
      vertex -27.9497 5.14113 0.434379
      vertex -30.1599 5.98175 0.699644
      vertex -27.5917 6.46152 0.434379
    endloop
  endfacet
  facet normal -0.141741 0.254074 -0.956742
    outer loop
      vertex -20.7627 14.247 0.699644
      vertex -24.45 13.3645 1.01156
      vertex -21.4565 15.0345 1.01156
    endloop
  endfacet
  facet normal -0.214551 0.384586 -0.897809
    outer loop
      vertex -21.4565 15.0345 1.01156
      vertex -24.45 13.3645 1.01156
      vertex -21.9344 15.577 1.35815
    endloop
  endfacet
  facet normal -0.0450189 0.0122098 -0.998912
    outer loop
      vertex -21.3802 7.04834 0.0824003
      vertex -24.8379 6.04453 0.225962
      vertex -24.5718 7.02567 0.225962
    endloop
  endfacet
  facet normal -0.0724952 0.0196618 -0.997175
    outer loop
      vertex -24.8379 6.04453 0.225962
      vertex -27.9497 5.14113 0.434379
      vertex -24.5718 7.02567 0.225962
    endloop
  endfacet
  facet normal -0.0651194 -0.00590234 -0.99786
    outer loop
      vertex -22.0891 -8.51305 0.132684
      vertex -27.8423 3.95587 0.434379
      vertex -24.7581 5.1638 0.225962
    endloop
  endfacet
  facet normal -0.0651201 -0.00590073 -0.99786
    outer loop
      vertex -27.8423 3.95587 0.434379
      vertex -27.9497 5.14113 0.434379
      vertex -24.7581 5.1638 0.225962
    endloop
  endfacet
  facet normal -0.0898013 -0.02946 -0.995524
    outer loop
      vertex -21.9378 -8.97425 0.132684
      vertex -24.6174 -8.61779 0.363849
      vertex -22.0891 -8.51305 0.132684
    endloop
  endfacet
  facet normal -0.0432719 -0.0141956 -0.998962
    outer loop
      vertex -21.9378 -8.97425 0.132684
      vertex -22.0891 -8.51305 0.132684
      vertex -19.405 -8.40186 0.0148373
    endloop
  endfacet
  facet normal -0.0150024 -0.105909 -0.994263
    outer loop
      vertex 3.4327 -13.4872 0.021801
      vertex 1.75863 -14.8756 0.194953
      vertex 3.13338 -13.4448 0.021801
    endloop
  endfacet
  facet normal -0.000214557 -0.00267135 -0.999996
    outer loop
      vertex 3.4327 -13.4872 0.021801
      vertex -18.1789 -9.14461 0.0148373
      vertex 0.472262 -8.71446 0.00968647
    endloop
  endfacet
  facet normal -0.200163 -0.138 -0.969995
    outer loop
      vertex -27.6227 -11.1841 1.12658
      vertex -28.425 -10.0204 1.12658
      vertex -25.9038 -10.675 0.699447
    endloop
  endfacet
  facet normal -0.258213 -0.286588 -0.922601
    outer loop
      vertex -26.4521 -12.2388 1.12658
      vertex -27.6378 -12.7874 1.62884
      vertex -27.6227 -11.1841 1.12658
    endloop
  endfacet
  facet normal -0.000471916 -0.000572809 -1
    outer loop
      vertex -16.7491 1.1969 0.00797749
      vertex -19.1038 -8.83889 0.0148373
      vertex -16.8635 1.29115 0.00797749
    endloop
  endfacet
  facet normal -0.0231023 0.0262699 -0.999388
    outer loop
      vertex -17.339 8.75676 0.0092144
      vertex -19.5491 9.59737 0.0824003
      vertex -17.0912 8.97468 0.0092144
    endloop
  endfacet
  facet normal -4.23795e-05 -0.000246198 -1
    outer loop
      vertex 0.0761166 -8.66378 0.00968647
      vertex -16.6077 1.14959 0.00797749
      vertex 0.26678 -8.6966 0.00968647
    endloop
  endfacet
  facet normal -0.000244018 -0.00141759 -0.999999
    outer loop
      vertex 0.26678 -8.6966 0.00968647
      vertex -18.4429 -9.1095 0.0148373
      vertex 0.0761166 -8.66378 0.00968647
    endloop
  endfacet
  facet normal 0.303626 -0.529669 -0.791999
    outer loop
      vertex 23.993 -13.2821 3.45334
      vertex 15.534 -16.546 2.39326
      vertex 23.6875 -12.1395 2.57208
    endloop
  endfacet
  facet normal 0.0525555 -0.346258 -0.936666
    outer loop
      vertex 5.33122 -17.6799 1.0277
      vertex 4.94659 -16.4044 0.534603
      vertex 6.4336 -16.1787 0.534603
    endloop
  endfacet
  facet normal -0.0653157 0.191662 -0.979285
    outer loop
      vertex -15.1959 15.079 0.434379
      vertex -17.571 14.2696 0.434379
      vertex -15.0555 16.4822 0.699644
    endloop
  endfacet
  facet normal -0.168195 0.191223 -0.967028
    outer loop
      vertex -27.6741 9.4422 0.699644
      vertex -29.3417 9.5528 1.01156
      vertex -25.7202 11.1608 0.699644
    endloop
  endfacet
  facet normal 0.403364 0.288895 0.868238
    outer loop
      vertex 23.9706 8.6791 9.72681
      vertex 20.8906 9.74123 10.8043
      vertex 22.4292 7.59299 10.8043
    endloop
  endfacet
  facet normal 0.457037 0.209047 0.864532
    outer loop
      vertex 23.9706 8.6791 9.72681
      vertex 22.4292 7.59299 10.8043
      vertex 23.5473 5.1485 10.8043
    endloop
  endfacet
  facet normal 0.368064 -0.0441391 0.928752
    outer loop
      vertex 22.0586 -0.222389 11.7207
      vertex 21.7887 -2.47301 11.7207
      vertex 24.3682 -0.245674 10.8043
    endloop
  endfacet
  facet normal 0.368056 -0.0441281 0.928756
    outer loop
      vertex 24.3682 -0.245674 10.8043
      vertex 21.7887 -2.47301 11.7207
      vertex 24.0394 -2.98807 10.8043
    endloop
  endfacet
  facet normal 0.24711 0.0611321 0.967057
    outer loop
      vertex 21.3849 4.2045 11.7207
      vertex 18.8422 3.09446 12.4406
      vertex 19.2415 1.4804 12.4406
    endloop
  endfacet
  facet normal 0.355859 0.088024 0.930385
    outer loop
      vertex 23.5473 5.1485 10.8043
      vertex 21.3849 4.2045 11.7207
      vertex 21.9222 2.03233 11.7207
    endloop
  endfacet
  facet normal 0.247117 0.0611259 0.967056
    outer loop
      vertex 21.3849 4.2045 11.7207
      vertex 19.2415 1.4804 12.4406
      vertex 21.9222 2.03233 11.7207
    endloop
  endfacet
  facet normal 0.0759052 0.0186677 0.99694
    outer loop
      vertex 13.0176 0.551686 13.1894
      vertex 14.199 0.442225 13.1015
      vertex 14.199 0.666524 13.0973
    endloop
  endfacet
  facet normal 0.0759149 0.0187745 0.996938
    outer loop
      vertex 14.199 0.442225 13.1015
      vertex 13.0176 0.551686 13.1894
      vertex 13.1006 0.216075 13.1894
    endloop
  endfacet
  facet normal 0.0501812 -0.477569 0.87716
    outer loop
      vertex 13.5924 -13.9406 10.8043
      vertex 6.1199 -11.3341 12.6509
      vertex 13.8888 -15.8885 9.72681
    endloop
  endfacet
  facet normal 0.0780021 -0.258284 0.962915
    outer loop
      vertex 6.43042 -9.91735 13.1552
      vertex 5.669 -10.1473 13.1552
      vertex 9.75605 -10.7931 12.6509
    endloop
  endfacet
  facet normal 0.0439476 -0.0809399 0.99575
    outer loop
      vertex 1.74952 -9.29599 13.4123
      vertex 1.5873 -9.38407 13.4123
      vertex 6.43042 -9.91735 13.1552
    endloop
  endfacet
  facet normal 0.00926684 0.00398319 0.999949
    outer loop
      vertex 1.76826 -9.1023 13.4123
      vertex -16.3137 -0.42348 13.5453
      vertex 1.81062 -9.20085 13.4123
    endloop
  endfacet
  facet normal 0.155434 -0.0479014 0.986684
    outer loop
      vertex 16.2017 -1.19442 12.9365
      vertex 15.8971 -2.18281 12.9365
      vertex 18.6476 -3.47243 12.4406
    endloop
  endfacet
  facet normal 0.245577 -0.0756727 0.966419
    outer loop
      vertex 21.7887 -2.47301 11.7207
      vertex 19.1423 -1.86737 12.4406
      vertex 21.1231 -4.63305 11.7207
    endloop
  endfacet
  facet normal 0.142977 -0.0745595 0.986914
    outer loop
      vertex 15.8971 -2.18281 12.9365
      vertex 15.4231 -3.09176 12.9365
      vertex 18.6476 -3.47243 12.4406
    endloop
  endfacet
  facet normal 0.0259678 -0.00800652 0.999631
    outer loop
      vertex 13.08 -0.480022 13.1894
      vertex 1.81062 -9.20085 13.4123
      vertex 12.9771 -0.813761 13.1894
    endloop
  endfacet
  facet normal 0.0382771 -0.024582 0.998965
    outer loop
      vertex 1.81062 -9.20085 13.4123
      vertex 1.74952 -9.29599 13.4123
      vertex 12.8171 -1.12068 13.1894
    endloop
  endfacet
  facet normal 0.0102753 0.00605827 0.999929
    outer loop
      vertex 1.76826 -9.1023 13.4123
      vertex -16.4711 -0.118813 13.5453
      vertex -16.3905 -0.255517 13.5453
    endloop
  endfacet
  facet normal -0.71758 -0.235502 0.655452
    outer loop
      vertex -31.3957 -8.89859 3.97589
      vertex -31.9296 -8.9207 3.38344
      vertex -31.4107 -10.5018 3.38344
    endloop
  endfacet
  facet normal -0.505498 -0.561015 0.655541
    outer loop
      vertex -26.7532 -9.20889 8.6737
      vertex -29.9036 -11.8596 3.97589
      vertex -28.4545 -13.1653 3.97589
    endloop
  endfacet
  facet normal -0.344439 -0.148022 0.927066
    outer loop
      vertex -22.1146 -8.4131 10.9869
      vertex -24.725 -9.20131 9.89119
      vertex -21.7806 -9.1903 10.9869
    endloop
  endfacet
  facet normal -0.34469 -0.134883 0.928976
    outer loop
      vertex -22.1146 -8.4131 10.9869
      vertex -25.4601 0.223028 10.9995
      vertex -25.1062 -8.3146 9.89119
    endloop
  endfacet
  facet normal 0.111968 0.324694 0.939168
    outer loop
      vertex 14.4101 13.6583 10.8043
      vertex 13.8862 11.1883 11.7207
      vertex 16.8025 12.8333 10.8043
    endloop
  endfacet
  facet normal 0.344316 0.569677 0.746267
    outer loop
      vertex 18.0669 15.9144 8.52955
      vertex 17.5512 14.6577 9.72681
      vertex 20.0477 13.1488 9.72681
    endloop
  endfacet
  facet normal 0.625886 0.28629 0.725469
    outer loop
      vertex 28.812 7.83671 5.89643
      vertex 25.0324 9.42723 8.52955
      vertex 26.4166 6.4011 8.52955
    endloop
  endfacet
  facet normal 0.489025 -0.150705 0.859152
    outer loop
      vertex 25.8077 -3.39274 9.72681
      vertex 24.0394 -2.98807 10.8043
      vertex 24.8823 -6.39559 9.72681
    endloop
  endfacet
  facet normal 0.536368 -0.165295 0.827639
    outer loop
      vertex 25.8077 -3.39274 9.72681
      vertex 24.8823 -6.39559 9.72681
      vertex 25.4034 -9.97764 8.6737
    endloop
  endfacet
  facet normal 0.656513 -0.0511769 0.752576
    outer loop
      vertex 29.71 0.8279 6.72409
      vertex 26.1828 -0.263968 9.72681
      vertex 29.5257 -1.53636 6.72409
    endloop
  endfacet
  facet normal 0.725857 -0.0565888 0.685514
    outer loop
      vertex 30.5042 0.988502 5.89643
      vertex 29.5257 -1.53636 6.72409
      vertex 30.3042 -1.57687 5.89643
    endloop
  endfacet
  facet normal 0.628457 0.266693 0.730696
    outer loop
      vertex 29.7434 5.7875 5.89643
      vertex 25.2463 5.8902 9.72681
      vertex 29.0089 5.25068 6.72409
    endloop
  endfacet
  facet normal 0.51055 0.0308825 0.859293
    outer loop
      vertex 25.9932 2.8705 9.72681
      vertex 24.3682 -0.245674 10.8043
      vertex 26.1828 -0.263968 9.72681
    endloop
  endfacet
  facet normal 0.996977 -0.0776909 0
    outer loop
      vertex 30.7011 -1.59752 5.01779
      vertex 30.909 1.07038 4.12194
      vertex 30.909 1.07038 5.01779
    endloop
  endfacet
  facet normal 0.996977 -0.0776909 0
    outer loop
      vertex 30.909 1.07038 4.12194
      vertex 30.7011 -1.59752 5.01779
      vertex 30.7011 -1.59752 4.12194
    endloop
  endfacet
  facet normal 0.808723 0.367578 0.459189
    outer loop
      vertex 30.1179 6.06117 5.01779
      vertex 28.812 7.83671 5.89643
      vertex 29.7434 5.7875 5.89643
    endloop
  endfacet
  facet normal 0.872301 0.215539 -0.438901
    outer loop
      vertex 30.3148 3.47515 3.24331
      vertex 30.1179 6.06117 4.12194
      vertex 30.7121 3.6564 4.12194
    endloop
  endfacet
  facet normal 0.41298 0.486688 -0.769794
    outer loop
      vertex 26.9931 8.7127 2.41565
      vertex 25.5814 9.9106 2.41565
      vertex 26.0244 10.8438 3.24331
    endloop
  endfacet
  facet normal 0.369716 0.589622 -0.718092
    outer loop
      vertex 19.7275 14.1408 2.57208
      vertex 18.4521 16.0138 3.45334
      vertex 19.6962 15.2337 3.45334
    endloop
  endfacet
  facet normal 0.516954 0.855245 0.0362544
    outer loop
      vertex 18.3864 16.6021 5.34274
      vertex 18.3298 16.5551 7.25854
      vertex 21.1469 14.8523 7.25854
    endloop
  endfacet
  facet normal 0.0270576 0.226293 0.973684
    outer loop
      vertex -8.8101 11.0891 12.6654
      vertex -10.3516 9.10095 13.1703
      vertex -9.5718 9.00771 13.1703
    endloop
  endfacet
  facet normal -0.0125269 0.374646 0.927083
    outer loop
      vertex -8.8101 11.0891 12.6654
      vertex -13.1153 14.5585 11.2052
      vertex -10.2307 11.0416 12.6654
    endloop
  endfacet
  facet normal 0.0379961 0.215348 0.975798
    outer loop
      vertex -7.5437 10.9377 12.6654
      vertex -9.5718 9.00771 13.1703
      vertex 13.2702 8.28392 12.4406
    endloop
  endfacet
  facet normal 0.0401228 0.232367 0.9718
    outer loop
      vertex 13.8862 11.1883 11.7207
      vertex -7.5437 10.9377 12.6654
      vertex 13.2702 8.28392 12.4406
    endloop
  endfacet
  facet normal 0.0773654 0.224371 0.971428
    outer loop
      vertex 15.8496 10.5113 11.7207
      vertex 13.8862 11.1883 11.7207
      vertex 14.7291 7.78081 12.4406
    endloop
  endfacet
  facet normal 0.0367377 0.0636501 0.997296
    outer loop
      vertex 12.2804 1.67615 13.1754
      vertex 14.199 4.08476 12.951
      vertex 14.199 4.11453 12.9491
    endloop
  endfacet
  facet normal 0.0377225 0.0628668 0.997309
    outer loop
      vertex 14.199 4.08476 12.951
      vertex 12.2804 1.67615 13.1754
      vertex 12.4398 1.35841 13.1894
    endloop
  endfacet
  facet normal 0.0381198 0.0630649 0.997281
    outer loop
      vertex 12.4398 1.35841 13.1894
      vertex 12.2804 1.67615 13.1754
      vertex 12.2804 1.45476 13.1894
    endloop
  endfacet
  facet normal 0.0280429 0.0668112 0.997371
    outer loop
      vertex 12.7109 3.27779 13.0566
      vertex 12.0265 1.88414 13.1692
      vertex 12.2804 2 13.1543
    endloop
  endfacet
  facet normal 0.0282934 0.0666883 0.997373
    outer loop
      vertex 12.7109 3.27779 13.0566
      vertex 11.7759 1.78108 13.1832
      vertex 12.0265 1.88414 13.1692
    endloop
  endfacet
  facet normal 0.0280334 0.0668505 0.997369
    outer loop
      vertex 12.7109 3.27779 13.0566
      vertex 11.5325 1.69218 13.196
      vertex 11.7759 1.78108 13.1832
    endloop
  endfacet
  facet normal 0.0280713 0.0668223 0.99737
    outer loop
      vertex 7.82199 3.27779 13.1942
      vertex 11.5325 1.69218 13.196
      vertex 12.7109 3.27779 13.0566
    endloop
  endfacet
  facet normal 0.0280521 0.0668514 0.997369
    outer loop
      vertex 11.5325 1.69218 13.196
      vertex 7.85173 2.94279 13.2157
      vertex 7.91701 2.64536 13.2338
    endloop
  endfacet
  facet normal 0.0279299 0.0664915 0.997396
    outer loop
      vertex 11.5325 1.69218 13.196
      vertex 7.82199 3.27779 13.1942
      vertex 7.85173 2.94279 13.2157
    endloop
  endfacet
  facet normal 0.0280523 0.0668711 0.997367
    outer loop
      vertex 13.4841 4.7469 12.9365
      vertex 12.6821 4.77311 12.9573
      vertex 12.7109 4.27779 12.9897
    endloop
  endfacet
  facet normal 0.0281418 0.0667244 0.997375
    outer loop
      vertex 12.7109 3.27779 13.0566
      vertex 13.4841 4.7469 12.9365
      vertex 12.7109 4.27779 12.9897
    endloop
  endfacet
  facet normal 0.0276356 0.0669486 0.997374
    outer loop
      vertex 12.2804 1.81378 13.1668
      vertex 12.7109 3.27779 13.0566
      vertex 12.2804 2 13.1543
    endloop
  endfacet
  facet normal 0.0278168 0.0668952 0.997372
    outer loop
      vertex 12.7109 3.27779 13.0566
      vertex 12.2804 1.81378 13.1668
      vertex 13.4841 4.7469 12.9365
    endloop
  endfacet
  facet normal 0.027999 0.0665478 0.99739
    outer loop
      vertex -1.72661 5.24402 13.3311
      vertex -1.96995 5.25198 13.3374
      vertex -1.70281 5.18155 13.3346
    endloop
  endfacet
  facet normal 0.0280868 0.0667917 0.997372
    outer loop
      vertex 2.28429 5.11294 13.227
      vertex 0.56132 4.58463 13.3109
      vertex 1.97967 4.21069 13.296
    endloop
  endfacet
  facet normal 0.0280713 0.0668418 0.997369
    outer loop
      vertex 0.56132 4.58463 13.3109
      vertex 2.28429 5.11294 13.227
      vertex 0.361744 5.17577 13.2769
    endloop
  endfacet
  facet normal 0.0280921 0.0667551 0.997374
    outer loop
      vertex 3.81579 3.72661 13.2768
      vertex 5.74286 4.25136 13.1874
      vertex 4.31859 5.04645 13.1743
    endloop
  endfacet
  facet normal 0.0280968 0.0667635 0.997373
    outer loop
      vertex 5.79703 4.73051 13.1538
      vertex 4.31859 5.04645 13.1743
      vertex 5.74286 4.25136 13.1874
    endloop
  endfacet
  facet normal 0.0280804 0.0666864 0.997379
    outer loop
      vertex 4.31859 5.04645 13.1743
      vertex 5.79703 4.73051 13.1538
      vertex 5.85119 4.99636 13.1345
    endloop
  endfacet
  facet normal 0.0280363 0.066958 0.997362
    outer loop
      vertex 5.74286 4.25136 13.1874
      vertex 3.81579 3.72661 13.2768
      vertex 5.72479 3.7361 13.2225
    endloop
  endfacet
  facet normal 0.0280377 0.066755 0.997375
    outer loop
      vertex 5.72479 3.7361 13.2225
      vertex 3.81579 3.72661 13.2768
      vertex 5.7448 3.23166 13.2557
    endloop
  endfacet
  facet normal 0.0281783 0.0673046 0.997334
    outer loop
      vertex 5.7448 3.23166 13.2557
      vertex 3.81579 3.72661 13.2768
      vertex 5.7466 3.21757 13.2566
    endloop
  endfacet
  facet normal 0.0280447 0.0667062 0.997378
    outer loop
      vertex 7.90005 4.9294 13.0814
      vertex 10.7665 4.65279 13.0193
      vertex 10.7536 4.83614 13.0074
    endloop
  endfacet
  facet normal 0.0280372 0.0666265 0.997384
    outer loop
      vertex 10.7665 4.65279 13.0193
      vertex 7.90005 4.9294 13.0814
      vertex 7.86369 4.65279 13.1009
    endloop
  endfacet
  facet normal 0.0379386 0.0627613 0.997307
    outer loop
      vertex 13.4841 4.7469 12.9365
      vertex 14.199 4.11453 12.9491
      vertex 14.199 4.31475 12.9365
    endloop
  endfacet
  facet normal 0.0379224 0.0627431 0.997309
    outer loop
      vertex 12.2804 1.81378 13.1668
      vertex 14.199 4.11453 12.9491
      vertex 13.4841 4.7469 12.9365
    endloop
  endfacet
  facet normal 0.0384322 0.0623187 0.997316
    outer loop
      vertex 14.199 4.11453 12.9491
      vertex 12.2804 1.81378 13.1668
      vertex 12.2804 1.67615 13.1754
    endloop
  endfacet
  facet normal 0.0111413 0.00926423 0.999895
    outer loop
      vertex -9.00766 6.39916 13.4053
      vertex -11.3332 6.77824 13.4277
      vertex -9.01613 6.38776 13.4055
    endloop
  endfacet
  facet normal 0.0117919 0.0134885 0.999839
    outer loop
      vertex -1.96995 5.25198 13.3374
      vertex -2.8736 5.3526 13.3467
      vertex -1.89673 5.18797 13.3374
    endloop
  endfacet
  facet normal 0.0116965 0.0126313 0.999852
    outer loop
      vertex -2.8736 5.3526 13.3467
      vertex -1.96995 5.25198 13.3374
      vertex -2.8829 5.40079 13.3462
    endloop
  endfacet
  facet normal 0.0122042 0.0157155 0.999802
    outer loop
      vertex -6.88078 6.05247 13.3847
      vertex -4.99893 5.71077 13.3671
      vertex -5.02478 5.74993 13.3668
    endloop
  endfacet
  facet normal 0.0122541 0.0159905 0.999797
    outer loop
      vertex -4.99893 5.71077 13.3671
      vertex -6.88078 6.05247 13.3847
      vertex -6.91289 6.03331 13.3854
    endloop
  endfacet
  facet normal 0.02812 0.0704625 0.997118
    outer loop
      vertex -1.74378 5.28908 13.3284
      vertex -1.96995 5.25198 13.3374
      vertex -1.72661 5.24402 13.3311
    endloop
  endfacet
  facet normal 0.0281934 0.0700224 0.997147
    outer loop
      vertex -1.96995 5.25198 13.3374
      vertex -1.74378 5.28908 13.3284
      vertex -2.09299 5.30152 13.3374
    endloop
  endfacet
  facet normal 0.0273276 0.0436596 0.998673
    outer loop
      vertex 13.4841 4.7469 12.9365
      vertex 12.682 4.77546 12.9572
      vertex 12.6821 4.77311 12.9573
    endloop
  endfacet
  facet normal 0.0280953 0.0676181 0.997316
    outer loop
      vertex 2.2952 5.14528 13.2245
      vertex 0.361744 5.17577 13.2769
      vertex 2.28429 5.11294 13.227
    endloop
  endfacet
  facet normal 0.0281088 0.0685908 0.997249
    outer loop
      vertex 0.361744 5.17577 13.2769
      vertex 2.2952 5.14528 13.2245
      vertex 0.34864 5.21458 13.2746
    endloop
  endfacet
  facet normal 0.0281821 0.0708073 0.997092
    outer loop
      vertex 4.32866 5.07287 13.1721
      vertex 5.85119 4.99636 13.1345
      vertex 5.85571 5.0185 13.1328
    endloop
  endfacet
  facet normal 0.0282521 0.072251 0.996986
    outer loop
      vertex 5.85119 4.99636 13.1345
      vertex 4.32866 5.07287 13.1721
      vertex 4.31859 5.04645 13.1743
    endloop
  endfacet
  facet normal 0.0283975 0.0768775 0.996636
    outer loop
      vertex 7.90218 4.94564 13.0802
      vertex 10.7536 4.83614 13.0074
      vertex 10.753 4.84414 13.0068
    endloop
  endfacet
  facet normal 0.0281461 0.0699895 0.997151
    outer loop
      vertex 10.7536 4.83614 13.0074
      vertex 7.90218 4.94564 13.0802
      vertex 7.90005 4.9294 13.0814
    endloop
  endfacet
  facet normal -0.00127792 0.180008 -0.983664
    outer loop
      vertex 2.55171 15.0364 0.228421
      vertex -9.46746 17.5261 0.699644
      vertex -6.98833 17.5437 0.699644
    endloop
  endfacet
  facet normal 0.0118114 0.230637 -0.972968
    outer loop
      vertex 3.17121 15.0355 0.228421
      vertex -6.98833 17.5437 0.699644
      vertex -5.74146 18.7957 1.01156
    endloop
  endfacet
  facet normal 0.274429 0.20185 -0.940184
    outer loop
      vertex 25.9677 4.83793 1.03731
      vertex 25.1352 5.96977 1.03731
      vertex 27.19 6.12668 1.67077
    endloop
  endfacet
  facet normal 0.127587 0.258901 -0.95744
    outer loop
      vertex 6.15925 15.615 0.626379
      vertex 5.35142 16.0131 0.626379
      vertex 19.0062 11.0521 1.10449
    endloop
  endfacet
  facet normal 5.35969e-05 -3.75399e-05 -1
    outer loop
      vertex 17.9605 -6.31057 0.0100784
      vertex -15.5402 1.82414 0.00797749
      vertex 18.0658 -6.16023 0.0100784
    endloop
  endfacet
  facet normal -3.1735e-05 0.00447421 -0.99999
    outer loop
      vertex -14.716 9.78402 0.0092144
      vertex -15.0304 9.78179 0.0092144
      vertex 2.65007 13.5567 0.0255432
    endloop
  endfacet
  facet normal 0.00054351 0.00180053 -0.999998
    outer loop
      vertex 3.25148 13.47 0.0255432
      vertex -14.4448 9.74296 0.0092144
      vertex 3.06232 13.5271 0.0255432
    endloop
  endfacet
  facet normal 0.0371251 0.122987 -0.991714
    outer loop
      vertex 3.25148 13.47 0.0255432
      vertex 3.06232 13.5271 0.0255432
      vertex 4.33282 14.7795 0.228421
    endloop
  endfacet
  facet normal 0.0801486 0.554325 0.828433
    outer loop
      vertex 5.55597 18.518 8.67007
      vertex 5.04387 17.4931 9.4054
      vertex 14.8217 15.599 9.72681
    endloop
  endfacet
  facet normal -0.0255491 0.885742 0.463474
    outer loop
      vertex 2.21064 20.1669 6.84466
      vertex -10.9761 19.3481 7.68254
      vertex -7.82823 19.4389 7.68254
    endloop
  endfacet
  facet normal 0.455474 0.753533 0.474058
    outer loop
      vertex 18.3298 16.5551 7.25854
      vertex 18.0669 15.9144 8.52955
      vertex 21.1469 14.8523 7.25854
    endloop
  endfacet
  facet normal 0.262931 0.919745 -0.291439
    outer loop
      vertex 18.3864 16.6021 4.38887
      vertex 6.23547 19.878 3.76487
      vertex 6.37675 20.1608 4.78481
    endloop
  endfacet
  facet normal 0.680606 0.168181 -0.713086
    outer loop
      vertex 29.5355 3.1196 2.41565
      vertex 29.0089 5.25068 2.41565
      vertex 30.3148 3.47515 3.24331
    endloop
  endfacet
  facet normal 0.273198 0.0207986 -0.961733
    outer loop
      vertex 27.0895 0.297988 1.03731
      vertex 25.364 -0.0509567 0.539604
      vertex 26.964 1.94648 1.03731
    endloop
  endfacet
  facet normal 0.384026 0.282433 -0.879065
    outer loop
      vertex 27.19 6.12668 1.67077
      vertex 26.1757 7.50583 1.67077
      vertex 28.1504 7.13924 2.41565
    endloop
  endfacet
  facet normal 0.384027 0.282457 -0.879057
    outer loop
      vertex 28.1504 7.13924 2.41565
      vertex 26.1757 7.50583 1.67077
      vertex 26.9931 8.7127 2.41565
    endloop
  endfacet
  facet normal 0.295787 0.348591 -0.889379
    outer loop
      vertex 26.1757 7.50583 1.67077
      vertex 24.9383 8.55579 1.67077
      vertex 26.9931 8.7127 2.41565
    endloop
  endfacet
  facet normal 0.224149 0.314526 -0.922405
    outer loop
      vertex 19.8309 10.5349 1.10449
      vertex 19.773 12.5542 1.77897
      vertex 24.9383 8.55579 1.67077
    endloop
  endfacet
  facet normal 0.0456773 0.0728412 -0.996297
    outer loop
      vertex 19.9747 5.52209 0.209519
      vertex 3.41945 13.3872 0.0255432
      vertex 19.5973 5.75875 0.209519
    endloop
  endfacet
  facet normal 0.080964 0.138368 -0.987066
    outer loop
      vertex 19.5973 5.75875 0.209519
      vertex 4.83028 14.5343 0.228421
      vertex 19.2862 8.54477 0.574548
    endloop
  endfacet
  facet normal 0.0309912 0.402603 0.91485
    outer loop
      vertex 11.9054 13.954 10.8043
      vertex -10.3103 16.2265 10.5568
      vertex -7.42274 12.8784 11.9324
    endloop
  endfacet
  facet normal 0.0318499 0.412716 0.910303
    outer loop
      vertex 3.72954 17.6826 9.4054
      vertex -10.3103 16.2265 10.5568
      vertex 3.46508 16.4287 9.98315
    endloop
  endfacet
  facet normal 0.0379744 0.321632 0.946103
    outer loop
      vertex 11.8306 11.431 11.7207
      vertex -8.8101 11.0891 12.6654
      vertex 13.8862 11.1883 11.7207
    endloop
  endfacet
  facet normal 0.0401512 0.340069 0.939543
    outer loop
      vertex 11.9054 13.954 10.8043
      vertex 11.8306 11.431 11.7207
      vertex 13.8862 11.1883 11.7207
    endloop
  endfacet
  facet normal 0.239405 0.257054 0.936274
    outer loop
      vertex 20.8906 9.74123 10.8043
      vertex 17.6454 9.4258 11.7207
      vertex 19.2046 7.97365 11.7207
    endloop
  endfacet
  facet normal 0.0636071 0.474081 0.87818
    outer loop
      vertex 14.8217 15.599 9.72681
      vertex 3.72954 17.6826 9.4054
      vertex 14.4101 13.6583 10.8043
    endloop
  endfacet
  facet normal -0.0527137 0.13452 0.989508
    outer loop
      vertex -13.1241 8.65506 13.1703
      vertex -13.4152 7.6958 13.2852
      vertex -13.1865 7.65375 13.3031
    endloop
  endfacet
  facet normal -0.0525852 0.134482 0.98952
    outer loop
      vertex -14.074 8.28363 13.1703
      vertex -13.4152 7.6958 13.2852
      vertex -13.1241 8.65506 13.1703
    endloop
  endfacet
  facet normal -0.0525399 0.134532 0.989515
    outer loop
      vertex -13.4152 7.6958 13.2852
      vertex -14.074 8.28363 13.1703
      vertex -13.7741 7.71598 13.2634
    endloop
  endfacet
  facet normal -0.0431766 0.268477 0.962318
    outer loop
      vertex -10.2307 11.0416 12.6654
      vertex -12.1626 8.92117 13.1703
      vertex -11.2264 9.07173 13.1703
    endloop
  endfacet
  facet normal -0.0108509 0.37643 0.926381
    outer loop
      vertex -11.5646 14.6032 11.2052
      vertex -13.1153 14.5585 11.2052
      vertex -8.8101 11.0891 12.6654
    endloop
  endfacet
  facet normal -0.054025 0.394129 0.917466
    outer loop
      vertex -12.3972 16.1663 10.5568
      vertex -14.7458 14.335 11.2052
      vertex -13.1153 14.5585 11.2052
    endloop
  endfacet
  facet normal -0.0863241 0.311934 0.946174
    outer loop
      vertex -11.7509 10.7971 12.6654
      vertex -16.3934 13.9415 11.2052
      vertex -13.3123 10.365 12.6654
    endloop
  endfacet
  facet normal -0.0773204 0.323744 0.94298
    outer loop
      vertex -14.7458 14.335 11.2052
      vertex -16.3934 13.9415 11.2052
      vertex -11.7509 10.7971 12.6654
    endloop
  endfacet
  facet normal -0.164271 0.687676 0.707189
    outer loop
      vertex -14.357 18.1901 8.76091
      vertex -17.162 16.522 9.73142
      vertex -14.4602 17.1674 9.73142
    endloop
  endfacet
  facet normal -0.0946697 0.396376 0.913194
    outer loop
      vertex -14.5914 15.8657 10.5568
      vertex -16.8088 15.3361 10.5568
      vertex -14.7458 14.335 11.2052
    endloop
  endfacet
  facet normal -0.229001 0.668616 0.707468
    outer loop
      vertex -17.4395 17.4538 8.76091
      vertex -20.4357 16.4276 8.76091
      vertex -19.7881 15.6225 9.73142
    endloop
  endfacet
  facet normal -0.275315 0.803839 0.5273
    outer loop
      vertex -17.6307 18.0957 7.68254
      vertex -20.4357 16.4276 8.76091
      vertex -17.4395 17.4538 8.76091
    endloop
  endfacet
  facet normal -0.395047 0.889739 -0.228696
    outer loop
      vertex -18.5565 17.4615 1.72608
      vertex -22.1781 15.8535 1.72608
      vertex -21.1091 17.2649 5.37054
    endloop
  endfacet
  facet normal -0.310532 0.906657 0.285558
    outer loop
      vertex -17.7281 18.4229 6.53775
      vertex -21.1091 17.2649 6.53775
      vertex -17.6307 18.0957 7.68254
    endloop
  endfacet
  facet normal 0.161468 0.0399031 -0.986071
    outer loop
      vertex 25.2707 1.17398 0.539604
      vertex 23.3892 0.315629 0.196776
      vertex 24.9892 2.31307 0.539604
    endloop
  endfacet
  facet normal 0.0849478 0.0671497 -0.99412
    outer loop
      vertex 22.5524 2.1566 0.196776
      vertex 20.184 2.58644 0.0234299
      vertex 20.3567 5.12293 0.209519
    endloop
  endfacet
  facet normal -0.000226552 0.000183867 -1
    outer loop
      vertex -16.5515 3.01236 0.00797749
      vertex -17.5291 8.53502 0.0092144
      vertex -16.3823 3.22084 0.00797749
    endloop
  endfacet
  facet normal 0.00328766 0.000250413 -0.999995
    outer loop
      vertex 21.4112 -0.850294 0.0220051
      vertex 18.1561 -5.74209 0.0100784
      vertex 21.3918 -0.595592 0.0220051
    endloop
  endfacet
  facet normal 0.168317 0.198344 -0.965572
    outer loop
      vertex 25.1352 5.96977 1.03731
      vertex 19.899 8.16046 0.574548
      vertex 24.1198 6.83145 1.03731
    endloop
  endfacet
  facet normal 0.174286 0.219252 -0.959975
    outer loop
      vertex 19.899 8.16046 0.574548
      vertex 19.8309 10.5349 1.10449
      vertex 24.1198 6.83145 1.03731
    endloop
  endfacet
  facet normal 0.379182 -0.146961 -0.913577
    outer loop
      vertex 27.1656 -5.49498 1.67077
      vertex 26.5714 -3.09022 1.03731
      vertex 27.9257 -3.5338 1.67077
    endloop
  endfacet
  facet normal 0.379214 -0.14695 -0.913566
    outer loop
      vertex 27.1656 -5.49498 1.67077
      vertex 25.9477 -4.69972 1.03731
      vertex 26.5714 -3.09022 1.03731
    endloop
  endfacet
  facet normal 0.714632 -0.16328 -0.680177
    outer loop
      vertex 29.7226 -4.12238 3.24331
      vertex 29.5257 -1.53636 2.41565
      vertex 30.3042 -1.57687 3.24331
    endloop
  endfacet
  facet normal 0.714635 -0.163278 -0.680174
    outer loop
      vertex 29.7226 -4.12238 3.24331
      vertex 28.9897 -3.88232 2.41565
      vertex 29.5257 -1.53636 2.41565
    endloop
  endfacet
  facet normal 0.890468 -0.203455 -0.407029
    outer loop
      vertex 30.7011 -1.59752 4.12194
      vertex 29.7226 -4.12238 3.24331
      vertex 30.3042 -1.57687 3.24331
    endloop
  endfacet
  facet normal 0.725857 -0.0565888 -0.685514
    outer loop
      vertex 30.3042 -1.57687 3.24331
      vertex 29.5257 -1.53636 2.41565
      vertex 30.5042 0.988502 3.24331
    endloop
  endfacet
  facet normal 0.55727 -0.444302 -0.70146
    outer loop
      vertex 27.5178 -8.76707 3.24331
      vertex 24.9156 -12.3625 3.45334
      vertex 26.9577 -8.16288 2.41565
    endloop
  endfacet
  facet normal 0.516964 -0.200339 -0.832234
    outer loop
      vertex 28.1226 -6.11982 2.41565
      vertex 27.1656 -5.49498 1.67077
      vertex 28.9897 -3.88232 2.41565
    endloop
  endfacet
  facet normal 0.474928 -0.270792 -0.837326
    outer loop
      vertex 28.1226 -6.11982 2.41565
      vertex 26.9577 -8.16288 2.41565
      vertex 27.1656 -5.49498 1.67077
    endloop
  endfacet
  facet normal 0.818042 -0.575158 0
    outer loop
      vertex 25.1082 -12.9083 4.38887
      vertex 27.8033 -9.07508 5.01779
      vertex 25.1082 -12.9083 5.34274
    endloop
  endfacet
  facet normal 0.818042 -0.575158 0
    outer loop
      vertex 27.8033 -9.07508 5.01779
      vertex 25.1082 -12.9083 4.38887
      vertex 27.8033 -9.07508 4.12194
    endloop
  endfacet
  facet normal 0.36893 -0.370148 -0.852573
    outer loop
      vertex 24.5378 -11.292 2.57208
      vertex 23.6875 -12.1395 2.57208
      vertex 25.5398 -9.93299 2.41565
    endloop
  endfacet
  facet normal 0.553474 -0.443346 -0.705061
    outer loop
      vertex 26.9577 -8.16288 2.41565
      vertex 24.9156 -12.3625 3.45334
      vertex 25.5398 -9.93299 2.41565
    endloop
  endfacet
  facet normal 0.311058 -0.217749 -0.92511
    outer loop
      vertex 25.1097 -6.16936 1.03731
      vertex 23.6929 -7.03749 0.765264
      vertex 24.5229 -5.85182 0.765264
    endloop
  endfacet
  facet normal 0.31404 -0.167714 -0.934479
    outer loop
      vertex 25.5647 -5.80206 1.10644
      vertex 24.5229 -5.85182 0.765264
      vertex 25.9477 -4.69972 1.03731
    endloop
  endfacet
  facet normal 0.63 -0.359182 -0.68854
    outer loop
      vertex 27.5178 -8.76707 3.24331
      vertex 26.9577 -8.16288 2.41565
      vertex 28.7817 -6.55021 3.24331
    endloop
  endfacet
  facet normal 0.366084 -0.367915 -0.854764
    outer loop
      vertex 25.5398 -9.93299 2.41565
      vertex 23.6875 -12.1395 2.57208
      vertex 24.9018 -8.83726 1.67077
    endloop
  endfacet
  facet normal 0.166907 -0.0689026 -0.983562
    outer loop
      vertex 23.6448 -4.95325 0.47512
      vertex 22.9242 -2.72553 0.196776
      vertex 24.5155 -3.76459 0.539604
    endloop
  endfacet
  facet normal 0.218188 -0.152737 -0.96388
    outer loop
      vertex 23.6929 -7.03749 0.765264
      vertex 23.1968 -5.91516 0.47512
      vertex 24.5229 -5.85182 0.765264
    endloop
  endfacet
  facet normal 0.000289196 -0.00236066 -0.999997
    outer loop
      vertex 16.8725 -6.94776 0.0100784
      vertex 4.06552 -13.4825 0.021801
      vertex 16.681 -6.97122 0.0100784
    endloop
  endfacet
  facet normal 0.00615375 -0.112493 -0.993633
    outer loop
      vertex 4.51922 -14.9871 0.194953
      vertex 3.74744 -13.4999 0.021801
      vertex 4.06552 -13.4825 0.021801
    endloop
  endfacet
  facet normal -2.64066e-05 -0.0025496 -0.999997
    outer loop
      vertex 3.74744 -13.4999 0.021801
      vertex 0.472262 -8.71446 0.00968647
      vertex 0.684676 -8.71666 0.00968647
    endloop
  endfacet
  facet normal 0.000388397 -0.00255508 -0.999997
    outer loop
      vertex 4.37471 -13.4355 0.021801
      vertex 4.06552 -13.4825 0.021801
      vertex 16.8725 -6.94776 0.0100784
    endloop
  endfacet
  facet normal 3.25431e-05 -0.000115725 -1
    outer loop
      vertex 1.28239 -8.63154 0.00968647
      vertex -16.4447 1.15103 0.00797749
      vertex -16.2664 1.20117 0.00797749
    endloop
  endfacet
  facet normal 1.97474e-05 -0.000138677 -1
    outer loop
      vertex 0.895852 -8.70313 0.00968647
      vertex -16.4447 1.15103 0.00797749
      vertex 1.09768 -8.67439 0.00968647
    endloop
  endfacet
  facet normal 4.32179e-05 -0.000167386 -1
    outer loop
      vertex 16.8725 -6.94776 0.0100784
      vertex 1.28239 -8.63154 0.00968647
      vertex 17.0739 -6.89576 0.0100784
    endloop
  endfacet
  facet normal 3.67199e-05 -0.00010827 -1
    outer loop
      vertex 1.28239 -8.63154 0.00968647
      vertex -16.2664 1.20117 0.00797749
      vertex 17.0739 -6.89576 0.0100784
    endloop
  endfacet
  facet normal -7.0423e-05 0.000206679 -1
    outer loop
      vertex -15.8252 3.63533 0.00797749
      vertex -16.1059 9.52437 0.0092144
      vertex -15.7389 9.64942 0.0092144
    endloop
  endfacet
  facet normal -0.0453023 0.0651616 -0.996846
    outer loop
      vertex -19.5491 9.59737 0.0824003
      vertex -20.4413 11.1733 0.225962
      vertex -18.6728 10.2066 0.0824003
    endloop
  endfacet
  facet normal 0.125954 -0.82997 0.543401
    outer loop
      vertex 14.093 -17.2301 8.52955
      vertex 6.09234 -20.204 5.84179
      vertex 9.11097 -19.7459 5.84179
    endloop
  endfacet
  facet normal 0.0107159 -0.468155 0.883581
    outer loop
      vertex 2.03821 -10.5709 13.1552
      vertex 1.41782 -11.5369 12.6509
      vertex 3.85997 -11.481 12.6509
    endloop
  endfacet
  facet normal 0.0316907 -0.16887 0.985129
    outer loop
      vertex 1.3302 -9.4617 13.4123
      vertex 0.988098 -9.5259 13.4123
      vertex 5.669 -10.1473 13.1552
    endloop
  endfacet
  facet normal -0.038023 -0.942245 -0.332759
    outer loop
      vertex 2.98693 -20.3743 3.21325
      vertex -0.242578 -20.5514 4.08375
      vertex -0.0859079 -20.2503 3.21325
    endloop
  endfacet
  facet normal -0.0324968 -0.805156 -0.592171
    outer loop
      vertex 2.98693 -20.3743 3.21325
      vertex 0.221408 -19.6596 2.39326
      vertex 3.05336 -19.7739 2.39326
    endloop
  endfacet
  facet normal 0.334953 -0.864599 -0.374532
    outer loop
      vertex 12.2502 -19.2695 4.08375
      vertex 11.9268 -19.0177 3.21325
      vertex 14.8552 -18.2603 4.08375
    endloop
  endfacet
  facet normal 0.276439 -0.713507 -0.643809
    outer loop
      vertex 11.9268 -19.0177 3.21325
      vertex 11.2924 -18.5236 2.39326
      vertex 13.6009 -17.6292 2.39326
    endloop
  endfacet
  facet normal 0.434224 -0.769804 0.467816
    outer loop
      vertex 20.2545 -15.2697 7.25854
      vertex 17.1134 -16.2691 8.52955
      vertex 17.3382 -16.9147 7.25854
    endloop
  endfacet
  facet normal 0.434227 -0.769793 0.467831
    outer loop
      vertex 19.9176 -14.6873 8.52955
      vertex 17.1134 -16.2691 8.52955
      vertex 20.2545 -15.2697 7.25854
    endloop
  endfacet
  facet normal 0.494286 -0.733214 0.46699
    outer loop
      vertex 24.1488 -13.8646 5.34274
      vertex 19.9176 -14.6873 8.52955
      vertex 20.2545 -15.2697 7.25854
    endloop
  endfacet
  facet normal 0.462277 -0.819537 0.338613
    outer loop
      vertex 20.2545 -15.2697 7.25854
      vertex 17.3382 -16.9147 7.25854
      vertex 24.1488 -13.8646 5.34274
    endloop
  endfacet
  facet normal 0.651021 -0.653131 0.38677
    outer loop
      vertex 25.8335 -10.9782 7.38122
      vertex 24.1488 -13.8646 5.34274
      vertex 25.1082 -12.9083 5.34274
    endloop
  endfacet
  facet normal 0.813113 -0.52221 0.257186
    outer loop
      vertex 26.4539 -10.0122 7.38122
      vertex 25.8335 -10.9782 7.38122
      vertex 27.8033 -9.07508 5.01779
    endloop
  endfacet
  facet normal 0.890457 -0.203438 0.407062
    outer loop
      vertex 30.7011 -1.59752 5.01779
      vertex 29.7226 -4.12238 5.89643
      vertex 30.0963 -4.24476 5.01779
    endloop
  endfacet
  facet normal 0.562595 -0.670217 0.484042
    outer loop
      vertex 24.8069 -10.9065 8.6737
      vertex 24.1488 -13.8646 5.34274
      vertex 25.8335 -10.9782 7.38122
    endloop
  endfacet
  facet normal 0.68264 -0.264555 -0.681185
    outer loop
      vertex 28.7817 -6.55021 3.24331
      vertex 28.1226 -6.11982 2.41565
      vertex 29.7226 -4.12238 3.24331
    endloop
  endfacet
  facet normal 0.851278 -0.329911 -0.408026
    outer loop
      vertex 29.1178 -6.76963 4.12194
      vertex 28.7817 -6.55021 3.24331
      vertex 29.7226 -4.12238 3.24331
    endloop
  endfacet
  facet normal 0.0780011 -0.258287 0.962914
    outer loop
      vertex 10.9925 -10.4197 12.6509
      vertex 6.43042 -9.91735 13.1552
      vertex 9.75605 -10.7931 12.6509
    endloop
  endfacet
  facet normal 0.0056279 -0.00447963 0.999974
    outer loop
      vertex -16.1557 -2.10168 13.5453
      vertex -16.2102 -2.17015 13.5453
      vertex 1.74952 -9.29599 13.4123
    endloop
  endfacet
  facet normal 0.25582 -0.0306703 0.966238
    outer loop
      vertex 19.3428 -0.195009 12.4406
      vertex 19.1423 -1.86737 12.4406
      vertex 22.0586 -0.222389 11.7207
    endloop
  endfacet
  facet normal 0.16194 -0.019415 0.98661
    outer loop
      vertex 19.3428 -0.195009 12.4406
      vertex 16.3252 -0.164585 12.9365
      vertex 19.1423 -1.86737 12.4406
    endloop
  endfacet
  facet normal 0.353395 -0.108918 0.929112
    outer loop
      vertex 24.0394 -2.98807 10.8043
      vertex 21.1231 -4.63305 11.7207
      vertex 23.2282 -5.62008 10.8043
    endloop
  endfacet
  facet normal 0.325366 -0.169689 0.930238
    outer loop
      vertex 21.1231 -4.63305 11.7207
      vertex 20.0871 -6.6195 11.7207
      vertex 21.966 -8.04057 10.8043
    endloop
  endfacet
  facet normal 0.252816 -0.420039 0.87158
    outer loop
      vertex 19.8694 -10.5616 10.9869
      vertex 18.2975 -11.8866 10.8043
      vertex 19.2568 -13.545 9.72681
    endloop
  endfacet
  facet normal 0.211984 -0.375809 0.902126
    outer loop
      vertex 19.8694 -10.5616 10.9869
      vertex 16.0322 -13.1644 10.8043
      vertex 18.2975 -11.8866 10.8043
    endloop
  endfacet
  facet normal 0.196869 -0.362589 0.910918
    outer loop
      vertex 16.1483 -10.3017 11.9187
      vertex 15.0983 -10.8718 11.9187
      vertex 16.0322 -13.1644 10.8043
    endloop
  endfacet
  facet normal 0.141587 -0.260772 0.954961
    outer loop
      vertex 16.1483 -10.3017 11.9187
      vertex 10.9925 -10.4197 12.6509
      vertex 15.0983 -10.8718 11.9187
    endloop
  endfacet
  facet normal 0.0962203 -0.0939634 0.990915
    outer loop
      vertex 14.7979 -3.88636 12.9365
      vertex 6.91084 -9.6565 13.1552
      vertex 11.7727 -9.99609 12.6509
    endloop
  endfacet
  facet normal 0.0385544 -0.127663 0.991068
    outer loop
      vertex 6.43042 -9.91735 13.1552
      vertex 1.5873 -9.38407 13.4123
      vertex 5.669 -10.1473 13.1552
    endloop
  endfacet
  facet normal -0.111263 -0.786108 -0.607992
    outer loop
      vertex -0.0859079 -20.2503 3.21325
      vertex -3.00811 -19.8367 3.21325
      vertex 0.221408 -19.6596 2.39326
    endloop
  endfacet
  facet normal -0.111269 -0.786094 -0.60801
    outer loop
      vertex 0.221408 -19.6596 2.39326
      vertex -3.00811 -19.8367 3.21325
      vertex -2.4717 -19.2784 2.39326
    endloop
  endfacet
  facet normal 0.0442958 -0.807731 -0.587885
    outer loop
      vertex 6.09234 -20.204 3.21325
      vertex 2.98693 -20.3743 3.21325
      vertex 5.91532 -19.6169 2.39326
    endloop
  endfacet
  facet normal 0.0516996 -0.94274 -0.329498
    outer loop
      vertex 6.18259 -20.5033 4.08375
      vertex 2.98693 -20.3743 3.21325
      vertex 6.09234 -20.204 3.21325
    endloop
  endfacet
  facet normal 0.00926881 -0.659422 0.751716
    outer loop
      vertex 11.0129 -16.168 9.72681
      vertex 3.05336 -19.7739 6.66178
      vertex 10.9725 -17.5334 8.52955
    endloop
  endfacet
  facet normal 0.195834 -0.235017 -0.952059
    outer loop
      vertex 21.3177 -9.2685 0.765264
      vertex 20.5664 -8.71916 0.47512
      vertex 22.6106 -8.19116 0.765264
    endloop
  endfacet
  facet normal 0.210863 -0.197814 -0.957291
    outer loop
      vertex 22.6106 -8.19116 0.765264
      vertex 21.6275 -7.835 0.47512
      vertex 22.5157 -6.88821 0.47512
    endloop
  endfacet
  facet normal -0.378906 -0.925435 0
    outer loop
      vertex -26.9474 -14.5231 2.77938
      vertex -24.6816 -15.4508 3.38344
      vertex -26.9474 -14.5231 3.38344
    endloop
  endfacet
  facet normal -0.378906 -0.925435 -0
    outer loop
      vertex -24.6816 -15.4508 3.38344
      vertex -26.9474 -14.5231 2.77938
      vertex -24.6816 -15.4508 2.77938
    endloop
  endfacet
  facet normal -0.219839 -0.846501 -0.484878
    outer loop
      vertex -22.1604 -16.1055 2.77938
      vertex -24.4262 -15.1777 2.18692
      vertex -22.0019 -15.8073 2.18692
    endloop
  endfacet
  facet normal -0.217891 -0.359701 -0.90727
    outer loop
      vertex -24.9581 -13.1438 1.12658
      vertex -27.6378 -12.7874 1.62884
      vertex -26.4521 -12.2388 1.12658
    endloop
  endfacet
  facet normal -0.303786 -0.125876 -0.944388
    outer loop
      vertex -29.8886 -10.2564 1.62884
      vertex -33.9456 1.56554 1.35815
      vertex -28.425 -10.0204 1.12658
    endloop
  endfacet
  facet normal -0.171078 -0.919346 -0.35431
    outer loop
      vertex -3.28156 -20.1213 4.08375
      vertex -22.1604 -16.1055 2.77938
      vertex -3.00811 -19.8367 3.21325
    endloop
  endfacet
  facet normal -0.0881786 -0.622966 0.777263
    outer loop
      vertex 0.667563 -18.802 7.39975
      vertex -2.4717 -19.2784 6.66178
      vertex 0.221408 -19.6596 6.66178
    endloop
  endfacet
  facet normal -0.712403 -0.255425 -0.653636
    outer loop
      vertex -31.4107 -10.5018 2.77938
      vertex -34.6693 1.28212 1.72608
      vertex -30.8968 -10.419 2.18692
    endloop
  endfacet
  facet normal -0.310264 -0.512214 -0.800858
    outer loop
      vertex -26.605 -14.2856 2.18692
      vertex -28.4545 -13.1653 2.18692
      vertex -25.9333 -13.8199 1.62884
    endloop
  endfacet
  facet normal -0.462745 0.128631 0.877109
    outer loop
      vertex -28.5617 8.78147 9.73142
      vertex -30.9103 6.95018 8.76091
      vertex -28.9692 7.3155 9.73142
    endloop
  endfacet
  facet normal -0.278711 0.101996 0.954943
    outer loop
      vertex -20.3594 5.16614 12.6654
      vertex -23.4511 3.58061 11.9324
      vertex -20.7202 4.18023 12.6654
    endloop
  endfacet
  facet normal 0.00689497 -0.00130519 0.999975
    outer loop
      vertex -16.0868 -1.84982 13.5453
      vertex -16.114 -1.99351 13.5453
      vertex 1.81062 -9.20085 13.4123
    endloop
  endfacet
  facet normal -0.177664 0.0649695 0.981944
    outer loop
      vertex -18.1902 5.16952 13.0577
      vertex -20.7202 4.18023 12.6654
      vertex -18.1902 4.73575 13.0864
    endloop
  endfacet
  facet normal -0.181788 0.116714 0.976387
    outer loop
      vertex -19.709 6.18079 12.6654
      vertex -18.1902 5.7665 12.9977
      vertex -18.1902 6.12204 12.9552
    endloop
  endfacet
  facet normal -0.181833 0.116557 0.976397
    outer loop
      vertex -18.1902 5.7665 12.9977
      vertex -19.709 6.18079 12.6654
      vertex -20.3594 5.16614 12.6654
    endloop
  endfacet
  facet normal 0.00890362 0.0032331 0.999955
    outer loop
      vertex 1.81062 -9.20085 13.4123
      vertex -16.3137 -0.42348 13.5453
      vertex -16.2437 -0.616253 13.5453
    endloop
  endfacet
  facet normal -0.111263 -0.786108 0.607992
    outer loop
      vertex 0.221408 -19.6596 6.66178
      vertex -3.00811 -19.8367 5.84179
      vertex -0.0859079 -20.2503 5.84179
    endloop
  endfacet
  facet normal -0.183585 -0.697203 0.692968
    outer loop
      vertex -16.1635 -11.3862 10.9869
      vertex -18.7467 -10.706 10.9869
      vertex -4.92248 -18.645 6.66178
    endloop
  endfacet
  facet normal -0.0874877 -0.618131 0.781191
    outer loop
      vertex 0.667563 -18.802 7.39975
      vertex -10.8212 -11.4649 11.9187
      vertex -1.69297 -18.4679 7.39975
    endloop
  endfacet
  facet normal -0.219264 -0.733215 0.643676
    outer loop
      vertex -21.2637 -10.9305 9.89119
      vertex -24.4262 -15.1777 3.97589
      vertex -5.66736 -19.1494 5.84179
    endloop
  endfacet
  facet normal 0.0394053 -0.718321 0.694595
    outer loop
      vertex 10.9725 -17.5334 8.52955
      vertex 3.05336 -19.7739 6.66178
      vertex 5.91532 -19.6169 6.66178
    endloop
  endfacet
  facet normal 0.141372 -0.931565 0.334965
    outer loop
      vertex 9.11097 -19.7459 5.84179
      vertex 6.09234 -20.204 5.84179
      vertex 9.32186 -20.0269 4.9713
    endloop
  endfacet
  facet normal -0.357349 0.0222709 0.933705
    outer loop
      vertex -23.4511 3.58061 11.9324
      vertex -28.9692 7.3155 9.73142
      vertex -23.5282 2.3435 11.9324
    endloop
  endfacet
  facet normal -0.0414354 -0.463827 0.884956
    outer loop
      vertex -2.57677 -10.5029 13.1552
      vertex -4.06445 -10.37 13.1552
      vertex -3.63434 -11.3706 12.6509
    endloop
  endfacet
  facet normal -0.334012 0.203888 0.920253
    outer loop
      vertex -25.4082 10.2222 10.5568
      vertex -28.5617 8.78147 9.73142
      vertex -26.1643 8.98355 10.5568
    endloop
  endfacet
  facet normal -0.334009 0.20388 0.920256
    outer loop
      vertex -27.6404 10.2908 9.73142
      vertex -28.5617 8.78147 9.73142
      vertex -25.4082 10.2222 10.5568
    endloop
  endfacet
  facet normal -0.32758 -0.128265 0.936077
    outer loop
      vertex -23.1939 1.24361 11.9324
      vertex -25.4601 0.223028 10.9995
      vertex -22.1146 -8.4131 10.9869
    endloop
  endfacet
  facet normal -0.611396 0.373213 0.697788
    outer loop
      vertex -30.6023 10.3817 7.68254
      vertex -31.7428 8.51334 7.68254
      vertex -29.3942 10.3446 8.76091
    endloop
  endfacet
  facet normal -0.558553 0.523079 0.643744
    outer loop
      vertex -27.7973 12.0498 8.76091
      vertex -30.6023 10.3817 7.68254
      vertex -29.3942 10.3446 8.76091
    endloop
  endfacet
  facet normal -0.192793 0.324176 0.926143
    outer loop
      vertex -19.4886 12.7106 11.2052
      vertex -22.7623 12.6161 10.5568
      vertex -20.8173 11.9204 11.2052
    endloop
  endfacet
  facet normal -0.131939 0.257279 0.957288
    outer loop
      vertex -14.8548 9.76184 12.6654
      vertex -16.3193 9.01081 12.6654
      vertex -14.9758 7.82115 13.1703
    endloop
  endfacet
  facet normal -0.0828355 0.101069 0.991425
    outer loop
      vertex -15.7948 7.2854 13.1703
      vertex -15.6871 7.19612 13.1884
      vertex -15.6516 7.21933 13.189
    endloop
  endfacet
  facet normal -0.0837752 0.0999422 0.99146
    outer loop
      vertex -15.7948 7.2854 13.1703
      vertex -15.8857 7.02667 13.1887
      vertex -15.6871 7.19612 13.1884
    endloop
  endfacet
  facet normal -0.0832969 0.0997782 0.991517
    outer loop
      vertex -16.3818 6.79536 13.1703
      vertex -15.8857 7.02667 13.1887
      vertex -15.7948 7.2854 13.1703
    endloop
  endfacet
  facet normal -0.0834832 0.100182 0.991461
    outer loop
      vertex -15.8857 7.02667 13.1887
      vertex -16.3818 6.79536 13.1703
      vertex -16.0627 6.83167 13.1935
    endloop
  endfacet
  facet normal -0.0834757 0.100111 0.991468
    outer loop
      vertex -16.0627 6.83167 13.1935
      vertex -16.3818 6.79536 13.1703
      vertex -16.184 6.65922 13.2007
    endloop
  endfacet
  facet normal -0.0839519 0.0994257 0.991497
    outer loop
      vertex -16.184 6.65922 13.2007
      vertex -16.3818 6.79536 13.1703
      vertex -16.3485 6.67888 13.1848
    endloop
  endfacet
  facet normal -0.153284 0.234325 0.959998
    outer loop
      vertex -16.3193 9.01081 12.6654
      vertex -17.6493 8.14079 12.6654
      vertex -14.9758 7.82115 13.1703
    endloop
  endfacet
  facet normal -0.021347 0.132738 0.990921
    outer loop
      vertex -12.1626 8.92117 13.1703
      vertex -12.1547 7.2353 13.3963
      vertex -11.2264 9.07173 13.1703
    endloop
  endfacet
  facet normal -0.0212609 0.132739 0.990923
    outer loop
      vertex -12.1626 8.92117 13.1703
      vertex -12.2402 7.29999 13.3858
      vertex -12.1547 7.2353 13.3963
    endloop
  endfacet
  facet normal -0.0222931 0.132785 0.990894
    outer loop
      vertex -12.2402 7.29999 13.3858
      vertex -12.1626 8.92117 13.1703
      vertex -12.2629 7.31185 13.3837
    endloop
  endfacet
  facet normal 0.00972453 0.0093505 0.999909
    outer loop
      vertex -11.7248 6.95887 13.4277
      vertex -11.7733 6.89168 13.4288
      vertex -11.7728 6.89116 13.4288
    endloop
  endfacet
  facet normal 0.00170334 0.0158112 0.999874
    outer loop
      vertex -16.1207 0.867924 13.5315
      vertex -13.2752 4.77304 13.4649
      vertex -13.2792 4.80509 13.4644
    endloop
  endfacet
  facet normal 0.00281956 0.0149981 0.999884
    outer loop
      vertex -13.2752 4.77304 13.4649
      vertex -16.1207 0.867924 13.5315
      vertex -16.1207 0.761256 13.5331
    endloop
  endfacet
  facet normal -0.00596456 0.0337568 0.999412
    outer loop
      vertex -13.8594 5.93036 13.439
      vertex -13.7121 5.82908 13.4433
      vertex -13.8402 5.92191 13.4394
    endloop
  endfacet
  facet normal -0.0125368 0.0242075 0.999628
    outer loop
      vertex -16.1207 1.34836 13.5216
      vertex -13.7121 5.82908 13.4433
      vertex -13.8594 5.93036 13.439
    endloop
  endfacet
  facet normal -0.0113006 0.0235435 0.999659
    outer loop
      vertex -13.7121 5.82908 13.4433
      vertex -16.1207 1.34836 13.5216
      vertex -16.1207 1.26344 13.5236
    endloop
  endfacet
  facet normal -0.0223081 0.0405825 0.998927
    outer loop
      vertex -14.1305 6.0278 13.4306
      vertex -14.0039 5.99401 13.4348
      vertex -14.0263 6.00385 13.4339
    endloop
  endfacet
  facet normal -0.0250971 0.0301708 0.99923
    outer loop
      vertex -16.1207 1.50749 13.5171
      vertex -14.0039 5.99401 13.4348
      vertex -14.1305 6.0278 13.4306
    endloop
  endfacet
  facet normal -0.0257441 0.0304757 0.999204
    outer loop
      vertex -14.0039 5.99401 13.4348
      vertex -16.1207 1.50749 13.5171
      vertex -16.1207 1.43208 13.5194
    endloop
  endfacet
  facet normal 0.142718 0.989763 -0
    outer loop
      vertex 6.37675 20.1608 4.78481
      vertex 4.31494 20.4581 5.82472
      vertex 6.37675 20.1608 5.82472
    endloop
  endfacet
  facet normal 0.142718 0.989763 0
    outer loop
      vertex 4.31494 20.4581 5.82472
      vertex 6.37675 20.1608 4.78481
      vertex 4.31494 20.4581 4.78481
    endloop
  endfacet
  facet normal 0.132185 0.693933 -0.707803
    outer loop
      vertex 5.55597 18.518 1.93946
      vertex -1.69094 19.6808 1.72608
      vertex 5.95832 19.3233 2.80412
    endloop
  endfacet
  facet normal 0.0583403 0.95824 -0.279952
    outer loop
      vertex 4.25289 20.1639 3.76487
      vertex -4.44476 20.0978 1.72608
      vertex 4.31494 20.4581 4.78481
    endloop
  endfacet
  facet normal -0.148768 0.250149 0.95671
    outer loop
      vertex -19.4886 12.7106 11.2052
      vertex -20.8173 11.9204 11.2052
      vertex -16.3193 9.01081 12.6654
    endloop
  endfacet
  facet normal -0.214206 0.274745 0.937353
    outer loop
      vertex -22.7623 12.6161 10.5568
      vertex -24.2595 11.4488 10.5568
      vertex -21.9298 11.053 11.2052
    endloop
  endfacet
  facet normal -0.225898 0.494448 0.83934
    outer loop
      vertex -19.7881 15.6225 9.73142
      vertex -20.9742 13.6795 10.5568
      vertex -18.964 14.5979 10.5568
    endloop
  endfacet
  facet normal -0.16501 0.361175 0.917783
    outer loop
      vertex -18.964 14.5979 10.5568
      vertex -20.9742 13.6795 10.5568
      vertex -17.9949 13.393 11.2052
    endloop
  endfacet
  facet normal -0.16468 0.688055 -0.706725
    outer loop
      vertex -11.1433 19.6137 1.72608
      vertex -14.8693 18.344 1.35815
      vertex -14.8305 18.7312 1.72608
    endloop
  endfacet
  facet normal -0.095345 0.279823 -0.955305
    outer loop
      vertex -17.9497 15.496 0.699644
      vertex -18.2472 16.4595 1.01156
      vertex -14.9452 17.5846 1.01156
    endloop
  endfacet
  facet normal 0.0886874 0.58579 -0.805596
    outer loop
      vertex -2.23461 19.2572 1.35815
      vertex -4.8826 19.6581 1.35815
      vertex -4.44476 20.0978 1.72608
    endloop
  endfacet
  facet normal -0.00266624 0.375186 -0.926946
    outer loop
      vertex -5.74146 18.7957 1.01156
      vertex -8.56987 18.7756 1.01156
      vertex -4.8826 19.6581 1.35815
    endloop
  endfacet
  facet normal -0.0307043 0.12828 -0.991263
    outer loop
      vertex -12.8454 15.6416 0.434379
      vertex -15.3609 13.429 0.225962
      vertex -15.1959 15.079 0.434379
    endloop
  endfacet
  facet normal -0.0454641 0.189954 -0.98074
    outer loop
      vertex -12.8454 15.6416 0.434379
      vertex -15.0555 16.4822 0.699644
      vertex -12.1914 17.1677 0.699644
    endloop
  endfacet
  facet normal -0.144045 0.422749 -0.894726
    outer loop
      vertex -14.9452 17.5846 1.01156
      vertex -18.2472 16.4595 1.01156
      vertex -14.8693 18.344 1.35815
    endloop
  endfacet
  facet normal -0.100864 0.421409 -0.901244
    outer loop
      vertex -11.6776 18.3667 1.01156
      vertex -14.9452 17.5846 1.01156
      vertex -14.8693 18.344 1.35815
    endloop
  endfacet
  facet normal -0.396676 0.570582 -0.719086
    outer loop
      vertex -28.0715 11.7565 1.35815
      vertex -28.5604 11.8803 1.72608
      vertex -25.556 13.969 1.72608
    endloop
  endfacet
  facet normal -0.1578 0.226981 -0.96103
    outer loop
      vertex -25.7202 11.1608 0.699644
      vertex -27.1125 11.5135 1.01156
      vertex -24.45 13.3645 1.01156
    endloop
  endfacet
  facet normal -0.168199 0.191232 -0.967026
    outer loop
      vertex -25.7202 11.1608 0.699644
      vertex -29.3417 9.5528 1.01156
      vertex -27.1125 11.5135 1.01156
    endloop
  endfacet
  facet normal -0.197443 0.82659 0.527035
    outer loop
      vertex -14.357 18.1901 8.76091
      vertex -17.6307 18.0957 7.68254
      vertex -17.4395 17.4538 8.76091
    endloop
  endfacet
  facet normal 0.01744 0.565089 0.824846
    outer loop
      vertex 3.95446 18.749 8.67007
      vertex -9.24362 17.6071 9.73142
      vertex 3.72954 17.6826 9.4054
    endloop
  endfacet
  facet normal 0.101526 0.703997 0.702909
    outer loop
      vertex 5.95832 19.3233 7.80541
      vertex 4.13117 19.5868 7.80541
      vertex 5.55597 18.518 8.67007
    endloop
  endfacet
  facet normal -0.0394927 0.95072 0.307525
    outer loop
      vertex -10.8076 19.7254 6.53775
      vertex -10.9761 19.3481 7.68254
      vertex 2.21064 20.1669 6.84466
    endloop
  endfacet
  facet normal 0.192511 0.855562 0.480576
    outer loop
      vertex 15.2498 17.6172 7.25854
      vertex 6.23547 19.878 6.84466
      vertex 15.1052 16.9358 8.52955
    endloop
  endfacet
  facet normal 0.220399 0.931659 0.288851
    outer loop
      vertex 6.37675 20.1608 5.82472
      vertex 6.23547 19.878 6.84466
      vertex 15.2498 17.6172 7.25854
    endloop
  endfacet
  facet normal 0.0288584 0.268911 -0.962733
    outer loop
      vertex 3.17121 15.0355 0.228421
      vertex -5.74146 18.7957 1.01156
      vertex 3.46508 16.4287 0.626379
    endloop
  endfacet
  facet normal 0.046111 0.33263 -0.941929
    outer loop
      vertex 3.46508 16.4287 0.626379
      vertex -5.74146 18.7957 1.01156
      vertex -4.8826 19.6581 1.35815
    endloop
  endfacet
  facet normal 0.121707 0.843983 -0.52238
    outer loop
      vertex 6.23547 19.878 3.76487
      vertex 4.13117 19.5868 2.80412
      vertex 4.25289 20.1639 3.76487
    endloop
  endfacet
  facet normal 0.242023 0.80841 -0.536562
    outer loop
      vertex 18.4521 16.0138 3.45334
      vertex 5.95832 19.3233 2.80412
      vertex 6.23547 19.878 3.76487
    endloop
  endfacet
  facet normal 0.197952 0.315644 -0.928
    outer loop
      vertex 19.8309 10.5349 1.10449
      vertex 19.0062 11.0521 1.10449
      vertex 19.773 12.5542 1.77897
    endloop
  endfacet
  facet normal 0.197973 0.315632 -0.927999
    outer loop
      vertex 19.0062 11.0521 1.10449
      vertex 18.7681 13.1845 1.77897
      vertex 19.773 12.5542 1.77897
    endloop
  endfacet
  facet normal 0.186271 0.503326 -0.843781
    outer loop
      vertex 18.581 14.8598 2.57208
      vertex 6.26814 17.1233 1.20413
      vertex 7.04774 18.0675 1.93946
    endloop
  endfacet
  facet normal 0.21109 0.608032 -0.765335
    outer loop
      vertex 18.581 14.8598 2.57208
      vertex 7.04774 18.0675 1.93946
      vertex 18.4521 16.0138 3.45334
    endloop
  endfacet
  facet normal -0.317651 0.932162 -0.173699
    outer loop
      vertex -14.8305 18.7312 1.72608
      vertex -18.5565 17.4615 1.72608
      vertex -17.7281 18.4229 5.37054
    endloop
  endfacet
  facet normal -0.222656 0.932192 0.28538
    outer loop
      vertex -14.2498 19.2537 6.53775
      vertex -17.7281 18.4229 6.53775
      vertex -17.6307 18.0957 7.68254
    endloop
  endfacet
  facet normal -0.397235 0.869478 0.293619
    outer loop
      vertex -21.1091 17.2649 6.53775
      vertex -23.9141 15.5968 7.68254
      vertex -20.8817 16.9822 7.68254
    endloop
  endfacet
  facet normal -0.397227 0.869476 0.293637
    outer loop
      vertex -21.1091 17.2649 6.53775
      vertex -24.2626 15.8242 6.53775
      vertex -23.9141 15.5968 7.68254
    endloop
  endfacet
  facet normal -0.266047 0.447354 0.85387
    outer loop
      vertex -22.2377 14.5035 9.73142
      vertex -24.4164 13.2078 9.73142
      vertex -22.7623 12.6161 10.5568
    endloop
  endfacet
  facet normal -0.28919 0.633015 0.718096
    outer loop
      vertex -20.4357 16.4276 8.76091
      vertex -23.2303 15.1509 8.76091
      vertex -19.7881 15.6225 9.73142
    endloop
  endfacet
  facet normal -0.143828 -0.0472045 -0.988476
    outer loop
      vertex -26.5621 -9.71997 0.699447
      vertex -26.8929 -8.71205 0.699447
      vertex -24.6174 -8.61779 0.363849
    endloop
  endfacet
  facet normal -0.207268 -0.0786898 -0.975114
    outer loop
      vertex -26.5621 -9.71997 0.699447
      vertex -33.9456 1.56554 1.35815
      vertex -32.5261 2.12149 1.01156
    endloop
  endfacet
  facet normal -0.348139 0.624021 -0.699569
    outer loop
      vertex -25.1825 13.7649 1.35815
      vertex -25.556 13.969 1.72608
      vertex -21.9344 15.577 1.35815
    endloop
  endfacet
  facet normal -0.495152 0.832624 -0.248118
    outer loop
      vertex -25.556 13.969 1.72608
      vertex -27.0676 14.1561 5.37054
      vertex -24.2626 15.8242 5.37054
    endloop
  endfacet
  facet normal -0.942782 0.262106 0.206066
    outer loop
      vertex -32.4043 8.45758 6.53775
      vertex -34.2761 5.21278 2.10122
      vertex -32.929 6.57026 6.53775
    endloop
  endfacet
  facet normal -0.853521 0.520998 -0.00794164
    outer loop
      vertex -31.2182 10.4007 5.37054
      vertex -33.0059 7.41646 1.72608
      vertex -32.4043 8.45758 5.37054
    endloop
  endfacet
  facet normal -0.866382 0.499382 0
    outer loop
      vertex -34.2761 5.21278 1.72608
      vertex -33.0059 7.41646 2.10122
      vertex -33.0059 7.41646 1.72608
    endloop
  endfacet
  facet normal -0.866382 0.499382 0
    outer loop
      vertex -33.0059 7.41646 2.10122
      vertex -34.2761 5.21278 1.72608
      vertex -34.2761 5.21278 2.10122
    endloop
  endfacet
  facet normal -0.846449 0.235324 0.477646
    outer loop
      vertex -32.4043 8.45758 6.53775
      vertex -32.929 6.57026 6.53775
      vertex -31.7428 8.51334 7.68254
    endloop
  endfacet
  facet normal -0.0480119 0.0545915 -0.997354
    outer loop
      vertex -20.2829 8.95201 0.0824003
      vertex -23.056 9.13592 0.225962
      vertex -19.5491 9.59737 0.0824003
    endloop
  endfacet
  facet normal -0.0235121 0.0201572 -0.99952
    outer loop
      vertex -17.5291 8.53502 0.0092144
      vertex -20.8458 8.29531 0.0824003
      vertex -17.339 8.75676 0.0092144
    endloop
  endfacet
  facet normal -0.048012 0.0545917 -0.997354
    outer loop
      vertex -19.5491 9.59737 0.0824003
      vertex -23.056 9.13592 0.225962
      vertex -21.8644 10.1839 0.225962
    endloop
  endfacet
  facet normal -0.0655408 0.11748 -0.99091
    outer loop
      vertex -20.4413 11.1733 0.225962
      vertex -22.0329 12.0433 0.434379
      vertex -19.8796 13.2446 0.434379
    endloop
  endfacet
  facet normal -0.107735 0.154968 -0.982028
    outer loop
      vertex -23.9481 10.7118 0.434379
      vertex -25.7202 11.1608 0.699644
      vertex -23.3865 12.7832 0.699644
    endloop
  endfacet
  facet normal -0.107739 0.154969 -0.982027
    outer loop
      vertex -22.0329 12.0433 0.434379
      vertex -23.9481 10.7118 0.434379
      vertex -23.3865 12.7832 0.699644
    endloop
  endfacet
  facet normal -0.0206818 0.060683 -0.997943
    outer loop
      vertex -15.4419 10.747 0.0286703
      vertex -16.6311 11.2253 0.0824003
      vertex -15.5443 11.5957 0.0824003
    endloop
  endfacet
  facet normal -0.0275238 0.0807727 -0.996352
    outer loop
      vertex -16.6311 11.2253 0.0824003
      vertex -17.1258 12.8276 0.225962
      vertex -15.3609 13.429 0.225962
    endloop
  endfacet
  facet normal -0.160557 0.0435297 -0.986066
    outer loop
      vertex -30.5961 4.37285 0.699644
      vertex -32.6754 3.76922 1.01156
      vertex -30.1599 5.98175 0.699644
    endloop
  endfacet
  facet normal -0.108115 0.0293118 -0.993706
    outer loop
      vertex -27.9497 5.14113 0.434379
      vertex -30.5961 4.37285 0.699644
      vertex -30.1599 5.98175 0.699644
    endloop
  endfacet
  facet normal -0.267225 0.229075 -0.93601
    outer loop
      vertex -29.3417 9.5528 1.01156
      vertex -31.052 7.55767 1.01156
      vertex -30.4904 9.62898 1.35815
    endloop
  endfacet
  facet normal -0.114462 0.130133 -0.984867
    outer loop
      vertex -25.5517 9.30144 0.434379
      vertex -27.6741 9.4422 0.699644
      vertex -25.7202 11.1608 0.699644
    endloop
  endfacet
  facet normal -0.047873 0.0275911 -0.998472
    outer loop
      vertex -21.2163 7.65252 0.0824003
      vertex -24.5718 7.02567 0.225962
      vertex -23.9702 8.0695 0.225962
    endloop
  endfacet
  facet normal -0.0724913 0.0196547 -0.997175
    outer loop
      vertex -24.5718 7.02567 0.225962
      vertex -27.9497 5.14113 0.434379
      vertex -27.5917 6.46152 0.434379
    endloop
  endfacet
  facet normal -0.0785935 0.0673748 -0.994627
    outer loop
      vertex -23.9702 8.0695 0.225962
      vertex -26.782 7.86628 0.434379
      vertex -25.5517 9.30144 0.434379
    endloop
  endfacet
  facet normal -0.0785933 0.067375 -0.994627
    outer loop
      vertex -23.9702 8.0695 0.225962
      vertex -25.5517 9.30144 0.434379
      vertex -23.056 9.13592 0.225962
    endloop
  endfacet
  facet normal -0.0409941 -0.0282624 -0.99876
    outer loop
      vertex -21.6365 -9.41128 0.132684
      vertex -21.9378 -8.97425 0.132684
      vertex -19.3539 -8.55759 0.0148373
    endloop
  endfacet
  facet normal 0.0680823 -0.131849 -0.988929
    outer loop
      vertex 17.8456 -9.14929 0.247154
      vertex 7.04893 -14.3328 0.194953
      vertex 18.7963 -8.65838 0.247154
    endloop
  endfacet
  facet normal -0.00916969 -0.227171 -0.973812
    outer loop
      vertex 3.41684 -16.4882 0.534603
      vertex 1.90314 -16.4271 0.534603
      vertex 3.5772 -15.0387 0.194953
    endloop
  endfacet
  facet normal -0.000236121 -0.00177544 -0.999998
    outer loop
      vertex -18.1789 -9.14461 0.0148373
      vertex -18.4429 -9.1095 0.0148373
      vertex 0.26678 -8.6966 0.00968647
    endloop
  endfacet
  facet normal -0.000218254 -0.00251104 -0.999997
    outer loop
      vertex 0.472262 -8.71446 0.00968647
      vertex -18.1789 -9.14461 0.0148373
      vertex 0.26678 -8.6966 0.00968647
    endloop
  endfacet
  facet normal -0.000362417 -0.000598501 -1
    outer loop
      vertex -18.9143 -8.95364 0.0148373
      vertex -19.1038 -8.83889 0.0148373
      vertex -16.7491 1.1969 0.00797749
    endloop
  endfacet
  facet normal -0.0318622 -0.0525927 -0.998108
    outer loop
      vertex -20.6359 -10.1472 0.132684
      vertex -21.1969 -9.80733 0.132684
      vertex -19.1038 -8.83889 0.0148373
    endloop
  endfacet
  facet normal -0.200156 -0.137967 -0.970001
    outer loop
      vertex -25.9038 -10.675 0.699447
      vertex -28.425 -10.0204 1.12658
      vertex -26.5621 -9.71997 0.699447
    endloop
  endfacet
  facet normal -0.000262612 -0.00061979 -1
    outer loop
      vertex -0.232276 -8.55883 0.00968647
      vertex -18.9143 -8.95364 0.0148373
      vertex -16.7491 1.1969 0.00797749
    endloop
  endfacet
  facet normal -0.000551146 0.000137623 -1
    outer loop
      vertex -16.9816 2.04137 0.00797749
      vertex -17.7095 8.11397 0.0092144
      vertex -16.9205 2.28606 0.00797749
    endloop
  endfacet
  facet normal -9.05649e-05 -0.000328118 -1
    outer loop
      vertex -0.0923901 -8.61727 0.00968647
      vertex -16.6077 1.14959 0.00797749
      vertex 0.0761166 -8.66378 0.00968647
    endloop
  endfacet
  facet normal -0.00026222 -0.000640198 -1
    outer loop
      vertex -18.6912 -9.04502 0.0148373
      vertex -18.9143 -8.95364 0.0148373
      vertex -0.0923901 -8.61727 0.00968647
    endloop
  endfacet
  facet normal -0.0142142 -0.352144 -0.935838
    outer loop
      vertex 3.27252 -17.7928 1.0277
      vertex 1.90314 -16.4271 0.534603
      vertex 3.41684 -16.4882 0.534603
    endloop
  endfacet
  facet normal 0.019469 -0.355403 -0.934511
    outer loop
      vertex 5.33122 -17.6799 1.0277
      vertex 3.41684 -16.4882 0.534603
      vertex 4.94659 -16.4044 0.534603
    endloop
  endfacet
  facet normal 0.112883 -0.29139 -0.949921
    outer loop
      vertex 9.19912 -16.8934 1.0277
      vertex 9.05462 -15.3419 0.534603
      vertex 10.8597 -16.2501 1.0277
    endloop
  endfacet
  facet normal 0.159563 -0.411887 -0.897156
    outer loop
      vertex 12.3948 -17.0224 1.65529
      vertex 9.19912 -16.8934 1.0277
      vertex 10.8597 -16.2501 1.0277
    endloop
  endfacet
  facet normal -0.0771231 0.0876924 -0.993158
    outer loop
      vertex -23.056 9.13592 0.225962
      vertex -25.5517 9.30144 0.434379
      vertex -21.8644 10.1839 0.225962
    endloop
  endfacet
  facet normal -0.0478726 0.0275935 -0.998472
    outer loop
      vertex -21.2163 7.65252 0.0824003
      vertex -23.9702 8.0695 0.225962
      vertex -20.8458 8.29531 0.0824003
    endloop
  endfacet
  facet normal -0.157797 0.22698 -0.961031
    outer loop
      vertex -23.3865 12.7832 0.699644
      vertex -25.7202 11.1608 0.699644
      vertex -24.45 13.3645 1.01156
    endloop
  endfacet
  facet normal -0.141739 0.254061 -0.956746
    outer loop
      vertex -23.3865 12.7832 0.699644
      vertex -24.45 13.3645 1.01156
      vertex -20.7627 14.247 0.699644
    endloop
  endfacet
  facet normal 0.632262 0.156235 0.758838
    outer loop
      vertex 29.0089 5.25068 6.72409
      vertex 25.9932 2.8705 9.72681
      vertex 29.5355 3.1196 6.72409
    endloop
  endfacet
  facet normal 0.510547 0.030885 0.859295
    outer loop
      vertex 25.9932 2.8705 9.72681
      vertex 24.202 2.50171 10.8043
      vertex 24.3682 -0.245674 10.8043
    endloop
  endfacet
  facet normal 0.290013 0.207712 0.93421
    outer loop
      vertex 20.8906 9.74123 10.8043
      vertex 19.2046 7.97365 11.7207
      vertex 20.4673 6.21064 11.7207
    endloop
  endfacet
  facet normal 0.201265 0.143691 0.96894
    outer loop
      vertex 19.2046 7.97365 11.7207
      vertex 19.1111 7.67035 11.7851
      vertex 19.1296 7.66669 11.7818
    endloop
  endfacet
  facet normal 0.200803 0.143819 0.969017
    outer loop
      vertex 19.1296 7.66669 11.7818
      vertex 20.4673 6.21064 11.7207
      vertex 19.2046 7.97365 11.7207
    endloop
  endfacet
  facet normal 0.200962 0.143967 0.968962
    outer loop
      vertex 18.9768 5.7222 12.1024
      vertex 20.4673 6.21064 11.7207
      vertex 19.1296 7.66669 11.7818
    endloop
  endfacet
  facet normal 0.199631 0.144842 0.969107
    outer loop
      vertex 18.1603 4.58516 12.4406
      vertex 18.9343 5.73303 12.1096
      vertex 18.8846 5.74332 12.1183
    endloop
  endfacet
  facet normal 0.201612 0.143543 0.96889
    outer loop
      vertex 18.1603 4.58516 12.4406
      vertex 18.8846 5.74332 12.1183
      vertex 18.8277 5.75304 12.1287
    endloop
  endfacet
  facet normal 0.201564 0.143572 0.968896
    outer loop
      vertex 18.1603 4.58516 12.4406
      vertex 18.8277 5.75304 12.1287
      vertex 18.7635 5.76219 12.1407
    endloop
  endfacet
  facet normal 0.200595 0.1441 0.969019
    outer loop
      vertex 18.1603 4.58516 12.4406
      vertex 18.7635 5.76219 12.1407
      vertex 18.6921 5.7708 12.1542
    endloop
  endfacet
  facet normal 0.200677 0.14406 0.969007
    outer loop
      vertex 18.1603 4.58516 12.4406
      vertex 18.6921 5.7708 12.1542
      vertex 18.6191 5.77832 12.1682
    endloop
  endfacet
  facet normal 0.201167 0.143856 0.968936
    outer loop
      vertex 18.1603 4.58516 12.4406
      vertex 18.6191 5.77832 12.1682
      vertex 18.5499 5.78416 12.1817
    endloop
  endfacet
  facet normal 0.201028 0.143905 0.968958
    outer loop
      vertex 18.1603 4.58516 12.4406
      vertex 18.5499 5.78416 12.1817
      vertex 18.5302 5.78542 12.1856
    endloop
  endfacet
  facet normal 0.200993 0.143878 0.968969
    outer loop
      vertex 18.9768 5.7222 12.1024
      vertex 18.1603 4.58516 12.4406
      vertex 20.4673 6.21064 11.7207
    endloop
  endfacet
  facet normal 0.200848 0.143986 0.968983
    outer loop
      vertex 18.9343 5.73303 12.1096
      vertex 18.1603 4.58516 12.4406
      vertex 18.9768 5.7222 12.1024
    endloop
  endfacet
  facet normal 0.228433 0.104484 0.967937
    outer loop
      vertex 20.4673 6.21064 11.7207
      vertex 18.8422 3.09446 12.4406
      vertex 21.3849 4.2045 11.7207
    endloop
  endfacet
  facet normal 0.228424 0.104489 0.967938
    outer loop
      vertex 20.4673 6.21064 11.7207
      vertex 18.1603 4.58516 12.4406
      vertex 18.8422 3.09446 12.4406
    endloop
  endfacet
  facet normal 0.00853455 0.00245681 0.999961
    outer loop
      vertex 1.81062 -9.20085 13.4123
      vertex -16.2437 -0.616253 13.5453
      vertex -16.1832 -0.82642 13.5453
    endloop
  endfacet
  facet normal 0.0629568 -0.335543 0.939919
    outer loop
      vertex 9.75605 -10.7931 12.6509
      vertex 5.669 -10.1473 13.1552
      vertex 8.11076 -11.1018 12.6509
    endloop
  endfacet
  facet normal 0.0320689 -0.493353 0.869238
    outer loop
      vertex 6.1199 -11.3341 12.6509
      vertex 3.85997 -11.481 12.6509
      vertex 11.0129 -16.168 9.72681
    endloop
  endfacet
  facet normal 0.0468328 -0.481883 0.874983
    outer loop
      vertex 13.8888 -15.8885 9.72681
      vertex 6.1199 -11.3341 12.6509
      vertex 11.0129 -16.168 9.72681
    endloop
  endfacet
  facet normal 0.00723099 -0.000487062 0.999974
    outer loop
      vertex -16.0751 -1.67612 13.5453
      vertex -16.0868 -1.84982 13.5453
      vertex 1.81062 -9.20085 13.4123
    endloop
  endfacet
  facet normal 0.00942301 0.00430861 0.999946
    outer loop
      vertex 1.76826 -9.1023 13.4123
      vertex -16.3905 -0.255517 13.5453
      vertex -16.3137 -0.42348 13.5453
    endloop
  endfacet
  facet normal 0.0786021 -0.00942613 0.996862
    outer loop
      vertex 16.3252 -0.164585 12.9365
      vertex 13.1217 -0.132288 13.1894
      vertex 16.2017 -1.19442 12.9365
    endloop
  endfacet
  facet normal 0.144451 0.066077 0.987303
    outer loop
      vertex 16.2685 2.18083 12.8783
      vertex 18.8422 3.09446 12.4406
      vertex 18.1603 4.58516 12.4406
    endloop
  endfacet
  facet normal 0.144367 0.0663122 0.9873
    outer loop
      vertex 18.8422 3.09446 12.4406
      vertex 16.2685 2.18083 12.8783
      vertex 16.2685 1.9709 12.8924
    endloop
  endfacet
  facet normal -0.0298727 -0.224969 0.973908
    outer loop
      vertex -2.41741 -9.4757 13.4123
      vertex -5.42981 -10.1887 13.1552
      vertex -4.06445 -10.37 13.1552
    endloop
  endfacet
  facet normal -0.0368954 -0.197364 0.979636
    outer loop
      vertex -2.41741 -9.4757 13.4123
      vertex -6.6204 -9.96613 13.1552
      vertex -5.42981 -10.1887 13.1552
    endloop
  endfacet
  facet normal -0.00956348 -0.0363221 0.999294
    outer loop
      vertex -2.81942 -9.40053 13.4123
      vertex -16.349 -2.17915 13.5453
      vertex -3.14696 -9.31429 13.4123
    endloop
  endfacet
  facet normal 0.00798778 0.00126859 0.999967
    outer loop
      vertex 1.81062 -9.20085 13.4123
      vertex -16.1344 -1.04591 13.5453
      vertex -16.0994 -1.26629 13.5453
    endloop
  endfacet
  facet normal 0.0439476 -0.0809403 0.99575
    outer loop
      vertex 6.91084 -9.6565 13.1552
      vertex 1.74952 -9.29599 13.4123
      vertex 6.43042 -9.91735 13.1552
    endloop
  endfacet
  facet normal 0.047165 -0.0366348 0.998215
    outer loop
      vertex 12.8171 -1.12068 13.1894
      vertex 1.74952 -9.29599 13.4123
      vertex 6.91084 -9.6565 13.1552
    endloop
  endfacet
  facet normal -0.275045 -0.0835969 0.95779
    outer loop
      vertex -16.7368 -1.5217 13.5453
      vertex -23.5282 2.3435 11.9324
      vertex -23.1939 1.24361 11.9324
    endloop
  endfacet
  facet normal -0.832832 -0.273326 -0.481336
    outer loop
      vertex -31.9296 -8.9207 2.77938
      vertex -34.6693 1.28212 1.72608
      vertex -31.4107 -10.5018 2.77938
    endloop
  endfacet
  facet normal -0.501955 -0.21578 0.837544
    outer loop
      vertex -24.725 -9.20131 9.89119
      vertex -27.1668 -8.24676 8.6737
      vertex -26.7532 -9.20889 8.6737
    endloop
  endfacet
  facet normal -0.418298 -0.614435 0.668952
    outer loop
      vertex -26.7532 -9.20889 8.6737
      vertex -28.4545 -13.1653 3.97589
      vertex -25.3454 -10.1673 8.6737
    endloop
  endfacet
  facet normal -0.669349 -0.742948 0
    outer loop
      vertex -30.3779 -12.0001 2.77938
      vertex -28.8708 -13.3579 3.38344
      vertex -30.3779 -12.0001 3.38344
    endloop
  endfacet
  facet normal -0.669349 -0.742948 -0
    outer loop
      vertex -28.8708 -13.3579 3.38344
      vertex -30.3779 -12.0001 2.77938
      vertex -28.8708 -13.3579 2.77938
    endloop
  endfacet
  facet normal -0.722039 -0.211935 0.658592
    outer loop
      vertex -31.3957 -8.89859 3.97589
      vertex -32.0964 5.00711 7.68254
      vertex -31.9296 -8.9207 3.38344
    endloop
  endfacet
  facet normal -0.501958 -0.215794 0.837539
    outer loop
      vertex -25.1062 -8.3146 9.89119
      vertex -27.1668 -8.24676 8.6737
      vertex -24.725 -9.20131 9.89119
    endloop
  endfacet
  facet normal -0.717636 -0.235482 0.655399
    outer loop
      vertex -31.3957 -8.89859 3.97589
      vertex -31.4107 -10.5018 3.38344
      vertex -30.8968 -10.419 3.97589
    endloop
  endfacet
  facet normal -0.344424 -0.148069 0.927064
    outer loop
      vertex -22.1146 -8.4131 10.9869
      vertex -25.1062 -8.3146 9.89119
      vertex -24.725 -9.20131 9.89119
    endloop
  endfacet
  facet normal 0.602127 0.646533 0.468443
    outer loop
      vertex 21.1469 14.8523 7.25854
      vertex 20.7757 14.2771 8.52955
      vertex 23.5929 12.5743 7.25854
    endloop
  endfacet
  facet normal 0.457528 0.491251 0.741175
    outer loop
      vertex 23.1277 12.0866 8.52955
      vertex 20.0477 13.1488 9.72681
      vertex 22.2153 11.13 9.72681
    endloop
  endfacet
  facet normal 0.290014 0.207712 0.93421
    outer loop
      vertex 20.8906 9.74123 10.8043
      vertex 20.4673 6.21064 11.7207
      vertex 22.4292 7.59299 10.8043
    endloop
  endfacet
  facet normal 0.329281 0.150612 0.932143
    outer loop
      vertex 22.4292 7.59299 10.8043
      vertex 20.4673 6.21064 11.7207
      vertex 21.3849 4.2045 11.7207
    endloop
  endfacet
  facet normal 0.627563 0.272009 0.729504
    outer loop
      vertex 26.4166 6.4011 8.52955
      vertex 25.2463 5.8902 9.72681
      vertex 29.7434 5.7875 5.89643
    endloop
  endfacet
  facet normal 0.622041 0.284531 0.729457
    outer loop
      vertex 25.0324 9.42723 8.52955
      vertex 23.9706 8.6791 9.72681
      vertex 26.4166 6.4011 8.52955
    endloop
  endfacet
  facet normal 0.509157 -0.0610414 0.858507
    outer loop
      vertex 26.1828 -0.263968 9.72681
      vertex 24.3682 -0.245674 10.8043
      vertex 25.8077 -3.39274 9.72681
    endloop
  endfacet
  facet normal 0.509151 -0.0610448 0.858509
    outer loop
      vertex 24.3682 -0.245674 10.8043
      vertex 24.0394 -2.98807 10.8043
      vertex 25.8077 -3.39274 9.72681
    endloop
  endfacet
  facet normal 0.680608 0.168184 0.713083
    outer loop
      vertex 29.7434 5.7875 5.89643
      vertex 29.0089 5.25068 6.72409
      vertex 30.3148 3.47515 5.89643
    endloop
  endfacet
  facet normal 0.680606 0.168181 0.713086
    outer loop
      vertex 30.3148 3.47515 5.89643
      vertex 29.0089 5.25068 6.72409
      vertex 29.5355 3.1196 6.72409
    endloop
  endfacet
  facet normal 0.725848 -0.0565816 0.685524
    outer loop
      vertex 29.71 0.8279 6.72409
      vertex 29.5257 -1.53636 6.72409
      vertex 30.5042 0.988502 5.89643
    endloop
  endfacet
  facet normal 0.715171 0.0544562 0.696825
    outer loop
      vertex 30.5042 0.988502 5.89643
      vertex 29.5355 3.1196 6.72409
      vertex 29.71 0.8279 6.72409
    endloop
  endfacet
  facet normal 0.903611 0.0688251 0.422789
    outer loop
      vertex 30.7121 3.6564 5.01779
      vertex 30.3148 3.47515 5.89643
      vertex 30.5042 0.988502 5.89643
    endloop
  endfacet
  facet normal 0.997114 0.0759204 0
    outer loop
      vertex 30.909 1.07038 5.01779
      vertex 30.7121 3.6564 4.12194
      vertex 30.7121 3.6564 5.01779
    endloop
  endfacet
  facet normal 0.997114 0.0759204 0
    outer loop
      vertex 30.7121 3.6564 4.12194
      vertex 30.909 1.07038 5.01779
      vertex 30.909 1.07038 4.12194
    endloop
  endfacet
  facet normal 0.872303 0.215539 0.438897
    outer loop
      vertex 30.7121 3.6564 5.01779
      vertex 30.1179 6.06117 5.01779
      vertex 30.3148 3.47515 5.89643
    endloop
  endfacet
  facet normal 0.383125 0.586433 -0.713661
    outer loop
      vertex 19.7275 14.1408 2.57208
      vertex 19.6962 15.2337 3.45334
      vertex 26.0244 10.8438 3.24331
    endloop
  endfacet
  facet normal 0.478797 0.714604 -0.509995
    outer loop
      vertex 26.0244 10.8438 3.24331
      vertex 19.6962 15.2337 3.45334
      vertex 26.2503 11.3195 4.12194
    endloop
  endfacet
  facet normal 0.630124 0.451309 0.631874
    outer loop
      vertex 28.812 7.83671 5.89643
      vertex 23.1277 12.0866 8.52955
      vertex 25.0324 9.42723 8.52955
    endloop
  endfacet
  facet normal 0.455471 0.753546 0.474041
    outer loop
      vertex 21.1469 14.8523 7.25854
      vertex 18.0669 15.9144 8.52955
      vertex 20.7757 14.2771 8.52955
    endloop
  endfacet
  facet normal 0.531258 0.84721 -0
    outer loop
      vertex 19.6802 15.7908 4.38887
      vertex 18.3864 16.6021 5.34274
      vertex 19.6802 15.7908 5.34274
    endloop
  endfacet
  facet normal 0.531258 0.84721 0
    outer loop
      vertex 18.3864 16.6021 5.34274
      vertex 19.6802 15.7908 4.38887
      vertex 18.3864 16.6021 4.38887
    endloop
  endfacet
  facet normal 0.53124 0.847181 0.00830466
    outer loop
      vertex 19.6802 15.7908 5.34274
      vertex 18.3864 16.6021 5.34274
      vertex 21.1469 14.8523 7.25854
    endloop
  endfacet
  facet normal 0.038038 0.318173 0.947269
    outer loop
      vertex 13.8862 11.1883 11.7207
      vertex -8.8101 11.0891 12.6654
      vertex -7.5437 10.9377 12.6654
    endloop
  endfacet
  facet normal 0.0270538 0.226294 0.973683
    outer loop
      vertex -8.8101 11.0891 12.6654
      vertex -9.5718 9.00771 13.1703
      vertex -7.5437 10.9377 12.6654
    endloop
  endfacet
  facet normal 0.104899 0.112502 0.988099
    outer loop
      vertex 16.0635 6.97424 12.4406
      vertex 15.9545 6.80536 12.4714
      vertex 15.9794 6.70134 12.4806
    endloop
  endfacet
  facet normal 0.165642 0.177696 0.970045
    outer loop
      vertex 19.2046 7.97365 11.7207
      vertex 18.8762 7.70221 11.8265
      vertex 18.9397 7.69597 11.8168
    endloop
  endfacet
  facet normal 0.166258 0.176962 0.970074
    outer loop
      vertex 19.2046 7.97365 11.7207
      vertex 18.7962 7.7083 11.8391
      vertex 18.8762 7.70221 11.8265
    endloop
  endfacet
  facet normal 0.165286 0.178413 0.969974
    outer loop
      vertex 19.2046 7.97365 11.7207
      vertex 18.7151 7.7133 11.852
      vertex 18.7962 7.7083 11.8391
    endloop
  endfacet
  facet normal 0.166031 0.177073 0.970092
    outer loop
      vertex 19.2046 7.97365 11.7207
      vertex 18.6385 7.71719 11.8644
      vertex 18.7151 7.7133 11.852
    endloop
  endfacet
  facet normal 0.165175 0.17886 0.96991
    outer loop
      vertex 19.2046 7.97365 11.7207
      vertex 18.5662 7.71997 11.8762
      vertex 18.6385 7.71719 11.8644
    endloop
  endfacet
  facet normal 0.166261 0.176302 0.970193
    outer loop
      vertex 19.2046 7.97365 11.7207
      vertex 18.4985 7.72163 11.8875
      vertex 18.5662 7.71997 11.8762
    endloop
  endfacet
  facet normal 0.165297 0.178807 0.969899
    outer loop
      vertex 19.2046 7.97365 11.7207
      vertex 18.4351 7.7222 11.8982
      vertex 18.4985 7.72163 11.8875
    endloop
  endfacet
  facet normal 0.166685 0.174897 0.970375
    outer loop
      vertex 18.4351 7.7222 11.8982
      vertex 19.2046 7.97365 11.7207
      vertex 18.4098 7.72079 11.9028
    endloop
  endfacet
  facet normal 0.165328 0.177491 0.970136
    outer loop
      vertex 16.478 6.74556 12.4118
      vertex 16.0635 6.97424 12.4406
      vertex 16.4076 6.65372 12.4406
    endloop
  endfacet
  facet normal 0.165614 0.178028 0.969989
    outer loop
      vertex 16.6613 6.94554 12.3438
      vertex 16.0635 6.97424 12.4406
      vertex 16.478 6.74556 12.4118
    endloop
  endfacet
  facet normal 0.165617 0.17818 0.96996
    outer loop
      vertex 16.8646 7.13219 12.2748
      vertex 16.0635 6.97424 12.4406
      vertex 16.6613 6.94554 12.3438
    endloop
  endfacet
  facet normal 0.165667 0.177959 0.969992
    outer loop
      vertex 16.0635 6.97424 12.4406
      vertex 16.8646 7.13219 12.2748
      vertex 17.0763 7.29649 12.2085
    endloop
  endfacet
  facet normal 0.0151604 0.0181281 0.999721
    outer loop
      vertex -1.70207 5.17959 13.3346
      vertex -1.89673 5.18797 13.3374
      vertex -1.68357 5.13103 13.3352
    endloop
  endfacet
  facet normal 0.0151251 0.0173013 0.999736
    outer loop
      vertex -1.89673 5.18797 13.3374
      vertex -1.70207 5.17959 13.3346
      vertex -1.96995 5.25198 13.3374
    endloop
  endfacet
  facet normal 0.0100371 0 0.99995
    outer loop
      vertex 12.2804 1.40148 13.191
      vertex 12.2804 1.40099 13.191
      vertex 12.4398 1.35841 13.1894
    endloop
  endfacet
  facet normal 0.0144056 0.0151867 0.999781
    outer loop
      vertex 3.79347 3.66801 13.2786
      vertex 5.75331 3.16512 13.258
      vertex 3.80268 3.69219 13.2781
    endloop
  endfacet
  facet normal 0.0158328 0.0207535 0.999659
    outer loop
      vertex 5.75331 3.16512 13.258
      vertex 3.79347 3.66801 13.2786
      vertex 5.75604 3.14377 13.2584
    endloop
  endfacet
  facet normal 0.013777 0.0128989 0.999822
    outer loop
      vertex 7.94304 2.57345 13.2356
      vertex 11.3765 1.64244 13.2003
      vertex 11.3821 1.64421 13.2002
    endloop
  endfacet
  facet normal 0.0134132 0.0115565 0.999843
    outer loop
      vertex 11.3765 1.64244 13.2003
      vertex 7.94304 2.57345 13.2356
      vertex 7.94888 2.55802 13.2357
    endloop
  endfacet
  facet normal 0.0144612 0.0153698 0.999777
    outer loop
      vertex 1.97166 4.18694 13.2969
      vertex 0.581078 4.5261 13.3118
      vertex 1.96166 4.15732 13.2975
    endloop
  endfacet
  facet normal 0.0149739 0.0174737 0.999735
    outer loop
      vertex 0.581078 4.5261 13.3118
      vertex 1.97166 4.18694 13.2969
      vertex 0.567491 4.56635 13.3113
    endloop
  endfacet
  facet normal 0.0116391 0.00439437 0.999923
    outer loop
      vertex -1.70281 5.18155 13.3346
      vertex -1.96995 5.25198 13.3374
      vertex -1.70207 5.17959 13.3346
    endloop
  endfacet
  facet normal 0.0181406 0.0300116 0.999385
    outer loop
      vertex 12.2804 1.45476 13.1894
      vertex 12.2804 1.40148 13.191
      vertex 12.4398 1.35841 13.1894
    endloop
  endfacet
  facet normal 0.0185441 0.0306813 0.999357
    outer loop
      vertex 3.80268 3.69219 13.2781
      vertex 5.7466 3.21757 13.2566
      vertex 3.81579 3.72661 13.2768
    endloop
  endfacet
  facet normal 0.0181333 0.0289963 0.999415
    outer loop
      vertex 5.7466 3.21757 13.2566
      vertex 3.80268 3.69219 13.2781
      vertex 5.75331 3.16512 13.258
    endloop
  endfacet
  facet normal 0.0394823 -0.0363601 0.998559
    outer loop
      vertex 11.5325 1.69218 13.196
      vertex 11.3821 1.64421 13.2002
      vertex 11.5287 1.6908 13.1961
    endloop
  endfacet
  facet normal 0.0183496 0.0299693 0.999382
    outer loop
      vertex 7.91701 2.64536 13.2338
      vertex 11.3821 1.64421 13.2002
      vertex 11.5325 1.69218 13.196
    endloop
  endfacet
  facet normal 0.0188932 0.0318531 0.999314
    outer loop
      vertex 11.3821 1.64421 13.2002
      vertex 7.91701 2.64536 13.2338
      vertex 7.94304 2.57345 13.2356
    endloop
  endfacet
  facet normal 0.00972825 0.0285413 0.999545
    outer loop
      vertex 7.94304 2.57345 13.2356
      vertex 7.91701 2.64536 13.2338
      vertex 7.91867 2.63779 13.234
    endloop
  endfacet
  facet normal 0.0187701 0.0315387 0.999326
    outer loop
      vertex 1.97967 4.21069 13.296
      vertex 0.567491 4.56635 13.3113
      vertex 1.97166 4.18694 13.2969
    endloop
  endfacet
  facet normal 0.0178543 0.0278971 0.999451
    outer loop
      vertex 0.567491 4.56635 13.3113
      vertex 1.97967 4.21069 13.296
      vertex 0.56132 4.58463 13.3109
    endloop
  endfacet
  facet normal 0.0141542 0.0154188 0.999781
    outer loop
      vertex 12.2804 1.24537 13.1934
      vertex 12.4398 1.35841 13.1894
      vertex 12.2804 1.40099 13.191
    endloop
  endfacet
  facet normal 0.0142435 0.0152929 0.999782
    outer loop
      vertex 12.4398 1.35841 13.1894
      vertex 12.2804 1.24537 13.1934
      vertex 12.6807 1.13404 13.1894
    endloop
  endfacet
  facet normal 0.0114968 0.00440489 0.999924
    outer loop
      vertex -1.68357 5.13103 13.3352
      vertex -1.89673 5.18797 13.3374
      vertex -1.68257 5.12842 13.3352
    endloop
  endfacet
  facet normal 0.0144896 0.0157208 0.999771
    outer loop
      vertex 3.77195 3.61153 13.2798
      vertex 5.75604 3.14377 13.2584
      vertex 3.79347 3.66801 13.2786
    endloop
  endfacet
  facet normal 0.0144673 0.0156262 0.999773
    outer loop
      vertex 5.75604 3.14377 13.2584
      vertex 3.77195 3.61153 13.2798
      vertex 5.76719 3.05667 13.2596
    endloop
  endfacet
  facet normal 0.0130437 0.0207125 0.9997
    outer loop
      vertex 11.3765 1.64244 13.2003
      vertex 11.1183 1.56854 13.2052
      vertex 11.2848 1.61331 13.2021
    endloop
  endfacet
  facet normal 0.0145002 0.0156285 0.999773
    outer loop
      vertex 7.94888 2.55802 13.2357
      vertex 11.1183 1.56854 13.2052
      vertex 11.3765 1.64244 13.2003
    endloop
  endfacet
  facet normal 0.0144279 0.015397 0.999777
    outer loop
      vertex 11.1183 1.56854 13.2052
      vertex 7.94888 2.55802 13.2357
      vertex 7.99464 2.43722 13.2369
    endloop
  endfacet
  facet normal 0.0145446 0.0157509 0.99977
    outer loop
      vertex 1.96166 4.15732 13.2975
      vertex 0.591212 4.49609 13.3121
      vertex 1.94859 4.11861 13.2983
    endloop
  endfacet
  facet normal 0.0143169 0.0148292 0.999788
    outer loop
      vertex 0.591212 4.49609 13.3121
      vertex 1.96166 4.15732 13.2975
      vertex 0.581078 4.5261 13.3118
    endloop
  endfacet
  facet normal 0.0125151 0.00907463 0.999881
    outer loop
      vertex 12.2804 1.03602 13.1953
      vertex 12.6807 1.13404 13.1894
      vertex 12.2804 1.24537 13.1934
    endloop
  endfacet
  facet normal 0.0125382 0.00898041 0.999881
    outer loop
      vertex 12.6807 1.13404 13.1894
      vertex 12.2804 1.03602 13.1953
      vertex 12.8758 0.861647 13.1894
    endloop
  endfacet
  facet normal 0.0114827 0.0043544 0.999925
    outer loop
      vertex -1.68257 5.12842 13.3352
      vertex -1.89673 5.18797 13.3374
      vertex -1.68122 5.12486 13.3352
    endloop
  endfacet
  facet normal 0.0128257 0.00971962 0.999871
    outer loop
      vertex 3.74326 3.53623 13.2809
      vertex 5.76719 3.05667 13.2596
      vertex 3.77195 3.61153 13.2798
    endloop
  endfacet
  facet normal 0.0125141 0.00840382 0.999886
    outer loop
      vertex 5.76719 3.05667 13.2596
      vertex 3.74326 3.53623 13.2809
      vertex 5.78223 2.93909 13.2604
    endloop
  endfacet
  facet normal 0.0142744 0.00211397 0.999896
    outer loop
      vertex 11.1183 1.56854 13.2052
      vertex 10.7998 1.49611 13.2099
      vertex 11.0442 1.5486 13.2063
    endloop
  endfacet
  facet normal 0.0111246 0.0159591 0.999811
    outer loop
      vertex 11.1183 1.56854 13.2052
      vertex 10.7413 1.48677 13.2107
      vertex 10.7998 1.49611 13.2099
    endloop
  endfacet
  facet normal 0.0126416 0.00896976 0.99988
    outer loop
      vertex 7.99464 2.43722 13.2369
      vertex 10.7413 1.48677 13.2107
      vertex 11.1183 1.56854 13.2052
    endloop
  endfacet
  facet normal 0.0127091 0.00916501 0.999877
    outer loop
      vertex 10.7413 1.48677 13.2107
      vertex 7.99464 2.43722 13.2369
      vertex 8.0783 2.26666 13.2374
    endloop
  endfacet
  facet normal 0.0218497 0.0136478 0.999668
    outer loop
      vertex 8.0783 2.26666 13.2374
      vertex 7.99464 2.43722 13.2369
      vertex 8.02283 2.36279 13.2373
    endloop
  endfacet
  facet normal 0.0127347 0.00924327 0.999876
    outer loop
      vertex 1.94859 4.11861 13.2983
      vertex 0.604977 4.45532 13.3123
      vertex 1.93114 4.06693 13.299
    endloop
  endfacet
  facet normal 0.0127241 0.00920096 0.999877
    outer loop
      vertex 0.604977 4.45532 13.3123
      vertex 1.94859 4.11861 13.2983
      vertex 0.591212 4.49609 13.3121
    endloop
  endfacet
  facet normal -0.0349481 0.265613 -0.963446
    outer loop
      vertex -8.56987 18.7756 1.01156
      vertex -12.1914 17.1677 0.699644
      vertex -11.6776 18.3667 1.01156
    endloop
  endfacet
  facet normal -0.00172773 0.243368 -0.969932
    outer loop
      vertex -6.98833 17.5437 0.699644
      vertex -9.46746 17.5261 0.699644
      vertex -8.56987 18.7756 1.01156
    endloop
  endfacet
  facet normal 0.109488 0.222129 -0.96885
    outer loop
      vertex 4.83028 14.5343 0.228421
      vertex 4.33282 14.7795 0.228421
      vertex 6.15925 15.615 0.626379
    endloop
  endfacet
  facet normal 0.113359 0.217585 -0.969436
    outer loop
      vertex 19.0062 11.0521 1.10449
      vertex 4.83028 14.5343 0.228421
      vertex 6.15925 15.615 0.626379
    endloop
  endfacet
  facet normal 0.00037348 0.00258848 -0.999997
    outer loop
      vertex 3.06232 13.5271 0.0255432
      vertex -14.716 9.78402 0.0092144
      vertex 2.85925 13.5564 0.0255432
    endloop
  endfacet
  facet normal 6.16657e-06 0.00429974 -0.999991
    outer loop
      vertex 2.85925 13.5564 0.0255432
      vertex -14.716 9.78402 0.0092144
      vertex 2.65007 13.5567 0.0255432
    endloop
  endfacet
  facet normal 0.505208 0.124821 -0.853923
    outer loop
      vertex 28.404 2.60344 1.67077
      vertex 27.9425 4.47134 1.67077
      vertex 29.5355 3.1196 2.41565
    endloop
  endfacet
  facet normal 0.536333 0.0408518 -0.843017
    outer loop
      vertex 28.557 0.594742 1.67077
      vertex 28.404 2.60344 1.67077
      vertex 29.5355 3.1196 2.41565
    endloop
  endfacet
  facet normal 0.084005 0.061782 -0.994548
    outer loop
      vertex 22.9333 1.63869 0.196776
      vertex 20.184 2.58644 0.0234299
      vertex 22.5524 2.1566 0.196776
    endloop
  endfacet
  facet normal 0.130448 0.139549 -0.981585
    outer loop
      vertex 19.9747 5.52209 0.209519
      vertex 19.899 8.16046 0.574548
      vertex 23.9118 4.16356 0.539604
    endloop
  endfacet
  facet normal 0.619624 0.281629 -0.732633
    outer loop
      vertex 29.7434 5.7875 3.24331
      vertex 28.1504 7.13924 2.41565
      vertex 28.812 7.83671 3.24331
    endloop
  endfacet
  facet normal 0.530383 0.390103 -0.752671
    outer loop
      vertex 28.1504 7.13924 2.41565
      vertex 26.9931 8.7127 2.41565
      vertex 27.5562 9.54401 3.24331
    endloop
  endfacet
  facet normal -0.000679266 0.379533 0.925178
    outer loop
      vertex -7.42274 12.8784 11.9324
      vertex -10.3103 16.2265 10.5568
      vertex -8.8101 11.0891 12.6654
    endloop
  endfacet
  facet normal 0.0347176 0.355685 0.933961
    outer loop
      vertex -7.42274 12.8784 11.9324
      vertex -8.8101 11.0891 12.6654
      vertex 11.9054 13.954 10.8043
    endloop
  endfacet
  facet normal 0.0319037 0.411108 0.911028
    outer loop
      vertex 3.46508 16.4287 9.98315
      vertex -10.3103 16.2265 10.5568
      vertex 11.9054 13.954 10.8043
    endloop
  endfacet
  facet normal 0.0324121 0.41261 0.910331
    outer loop
      vertex 3.72954 17.6826 9.4054
      vertex 3.46508 16.4287 9.98315
      vertex 11.9054 13.954 10.8043
    endloop
  endfacet
  facet normal 0.250304 0.414121 0.875129
    outer loop
      vertex 20.0477 13.1488 9.72681
      vertex 16.8025 12.8333 10.8043
      vertex 18.9907 11.5107 10.8043
    endloop
  endfacet
  facet normal 0.179281 0.296615 0.938018
    outer loop
      vertex 18.9907 11.5107 10.8043
      vertex 16.8025 12.8333 10.8043
      vertex 17.6454 9.4258 11.7207
    endloop
  endfacet
  facet normal -0.0548326 0.340927 0.938489
    outer loop
      vertex -10.2307 11.0416 12.6654
      vertex -14.7458 14.335 11.2052
      vertex -11.7509 10.7971 12.6654
    endloop
  endfacet
  facet normal -0.0431809 0.268481 0.962317
    outer loop
      vertex -11.7509 10.7971 12.6654
      vertex -12.1626 8.92117 13.1703
      vertex -10.2307 11.0416 12.6654
    endloop
  endfacet
  facet normal -0.134386 0.262051 0.955651
    outer loop
      vertex -14.8548 9.76184 12.6654
      vertex -19.4886 12.7106 11.2052
      vertex -16.3193 9.01081 12.6654
    endloop
  endfacet
  facet normal -0.153284 0.234324 0.959998
    outer loop
      vertex -14.9758 7.82115 13.1703
      vertex -17.6493 8.14079 12.6654
      vertex -15.7948 7.2854 13.1703
    endloop
  endfacet
  facet normal -0.0760187 0.274668 0.958529
    outer loop
      vertex -11.7509 10.7971 12.6654
      vertex -13.1241 8.65506 13.1703
      vertex -12.1626 8.92117 13.1703
    endloop
  endfacet
  facet normal -0.0190192 0.0127467 0.999738
    outer loop
      vertex -13.4561 5.49618 13.4522
      vertex -13.3698 5.27985 13.4566
      vertex -13.4463 5.47943 13.4526
    endloop
  endfacet
  facet normal -0.00321995 0.019051 0.999813
    outer loop
      vertex -16.1207 1.03627 13.5286
      vertex -13.3698 5.27985 13.4566
      vertex -13.4561 5.49618 13.4522
    endloop
  endfacet
  facet normal -0.00312004 0.0189862 0.999815
    outer loop
      vertex -13.3698 5.27985 13.4566
      vertex -16.1207 1.03627 13.5286
      vertex -16.1207 0.973078 13.5298
    endloop
  endfacet
  facet normal -0.00957428 0.377291 0.926045
    outer loop
      vertex -10.3103 16.2265 10.5568
      vertex -11.5646 14.6032 11.2052
      vertex -8.8101 11.0891 12.6654
    endloop
  endfacet
  facet normal -0.010909 0.378173 0.925671
    outer loop
      vertex -10.3103 16.2265 10.5568
      vertex -12.3972 16.1663 10.5568
      vertex -11.5646 14.6032 11.2052
    endloop
  endfacet
  facet normal -0.0945686 0.690276 0.71734
    outer loop
      vertex -14.357 18.1901 8.76091
      vertex -14.4602 17.1674 9.73142
      vertex -11.7865 17.5337 9.73142
    endloop
  endfacet
  facet normal -0.129064 0.540294 0.83152
    outer loop
      vertex -14.4602 17.1674 9.73142
      vertex -17.162 16.522 9.73142
      vertex -16.8088 15.3361 10.5568
    endloop
  endfacet
  facet normal -0.422759 0.710906 0.562039
    outer loop
      vertex -23.9141 15.5968 7.68254
      vertex -26.6112 13.9929 7.68254
      vertex -25.716 13.6727 8.76091
    endloop
  endfacet
  facet normal -0.344489 0.579253 0.738779
    outer loop
      vertex -22.2377 14.5035 9.73142
      vertex -25.716 13.6727 8.76091
      vertex -24.4164 13.2078 9.73142
    endloop
  endfacet
  facet normal 0.0862258 -0.019698 -0.996081
    outer loop
      vertex 23.2096 -1.98905 0.196776
      vertex 21.3312 -1.37379 0.0220051
      vertex 23.386 -1.21688 0.196776
    endloop
  endfacet
  facet normal 0.178728 -0.0139308 -0.9838
    outer loop
      vertex 25.2655 -1.31468 0.539604
      vertex 23.4467 -0.438684 0.196776
      vertex 25.364 -0.0509567 0.539604
    endloop
  endfacet
  facet normal 0.00417883 -0.000326017 -0.999991
    outer loop
      vertex 21.3907 -1.11306 0.0220051
      vertex 18.1655 -5.87042 0.0100784
      vertex 21.4112 -0.850294 0.0220051
    endloop
  endfacet
  facet normal 0.0862242 -0.0196768 -0.996081
    outer loop
      vertex 23.386 -1.21688 0.196776
      vertex 21.3312 -1.37379 0.0220051
      vertex 21.3907 -1.11306 0.0220051
    endloop
  endfacet
  facet normal 0.0712117 0.0681578 -0.99513
    outer loop
      vertex 20.055 2.72122 0.0234299
      vertex 19.9747 5.52209 0.209519
      vertex 20.184 2.58644 0.0234299
    endloop
  endfacet
  facet normal 0.00120075 0.00132001 -0.999998
    outer loop
      vertex 18.0208 -5.54305 0.0100784
      vertex 12.4732 -0.341285 0.0102835
      vertex 20.055 2.72122 0.0234299
    endloop
  endfacet
  facet normal 0.0712201 0.0681584 -0.995129
    outer loop
      vertex 20.184 2.58644 0.0234299
      vertex 19.9747 5.52209 0.209519
      vertex 20.3567 5.12293 0.209519
    endloop
  endfacet
  facet normal 0.173403 0.0132182 -0.984762
    outer loop
      vertex 23.4467 -0.438684 0.196776
      vertex 23.3892 0.315629 0.196776
      vertex 25.2707 1.17398 0.539604
    endloop
  endfacet
  facet normal 0.0871517 0.13898 -0.986453
    outer loop
      vertex 19.9747 5.52209 0.209519
      vertex 19.5973 5.75875 0.209519
      vertex 19.899 8.16046 0.574548
    endloop
  endfacet
  facet normal 0.0871591 0.138979 -0.986452
    outer loop
      vertex 19.5973 5.75875 0.209519
      vertex 19.2862 8.54477 0.574548
      vertex 19.899 8.16046 0.574548
    endloop
  endfacet
  facet normal 0.541575 -0.123736 -0.831496
    outer loop
      vertex 29.5257 -1.53636 2.41565
      vertex 27.9257 -3.5338 1.67077
      vertex 28.3955 -1.47755 1.67077
    endloop
  endfacet
  facet normal 0.548247 -0.0427266 -0.835224
    outer loop
      vertex 29.5257 -1.53636 2.41565
      vertex 28.3955 -1.47755 1.67077
      vertex 28.557 0.594742 1.67077
    endloop
  endfacet
  facet normal 0.415867 -0.333118 -0.84622
    outer loop
      vertex 26.9577 -8.16288 2.41565
      vertex 24.9018 -8.83726 1.67077
      vertex 26.1446 -7.28574 1.67077
    endloop
  endfacet
  facet normal 0.474947 -0.27079 -0.837316
    outer loop
      vertex 26.9577 -8.16288 2.41565
      vertex 26.1446 -7.28574 1.67077
      vertex 27.1656 -5.49498 1.67077
    endloop
  endfacet
  facet normal 0.616332 -0.618343 -0.487635
    outer loop
      vertex 25.1082 -12.9083 4.38887
      vertex 23.993 -13.2821 3.45334
      vertex 24.9156 -12.3625 3.45334
    endloop
  endfacet
  facet normal 0.48756 -0.445883 -0.750649
    outer loop
      vertex 24.9156 -12.3625 3.45334
      vertex 24.5378 -11.292 2.57208
      vertex 25.5398 -9.93299 2.41565
    endloop
  endfacet
  facet normal 0.316199 -0.253282 -0.914257
    outer loop
      vertex 24.9018 -8.83726 1.67077
      vertex 24.6178 -7.15478 1.10644
      vertex 26.1446 -7.28574 1.67077
    endloop
  endfacet
  facet normal 0.305815 -0.255967 -0.917037
    outer loop
      vertex 24.9018 -8.83726 1.67077
      vertex 23.6929 -7.03749 0.765264
      vertex 24.6178 -7.15478 1.10644
    endloop
  endfacet
  facet normal 0.223318 -0.103991 -0.969183
    outer loop
      vertex 24.5229 -5.85182 0.765264
      vertex 24.5155 -3.76459 0.539604
      vertex 25.0687 -4.67973 0.765264
    endloop
  endfacet
  facet normal 0.240174 -0.0930799 -0.966257
    outer loop
      vertex 25.0687 -4.67973 0.765264
      vertex 24.5155 -3.76459 0.539604
      vertex 24.979 -2.56862 0.539604
    endloop
  endfacet
  facet normal 0.273006 -0.308783 -0.91111
    outer loop
      vertex 23.485 -10.0899 1.67077
      vertex 22.6106 -8.19116 0.765264
      vertex 24.9018 -8.83726 1.67077
    endloop
  endfacet
  facet normal 0.314645 -0.35588 -0.879971
    outer loop
      vertex 23.6875 -12.1395 2.57208
      vertex 23.485 -10.0899 1.67077
      vertex 24.9018 -8.83726 1.67077
    endloop
  endfacet
  facet normal 0.198428 -0.0924158 -0.975749
    outer loop
      vertex 24.5155 -3.76459 0.539604
      vertex 23.1968 -5.91516 0.47512
      vertex 23.6448 -4.95325 0.47512
    endloop
  endfacet
  facet normal 0.155957 -0.0726354 -0.98509
    outer loop
      vertex 23.1968 -5.91516 0.47512
      vertex 22.9242 -2.72553 0.196776
      vertex 23.6448 -4.95325 0.47512
    endloop
  endfacet
  facet normal 0.000133858 -0.00244699 -0.999997
    outer loop
      vertex 3.74744 -13.4999 0.021801
      vertex 0.684676 -8.71666 0.00968647
      vertex 4.06552 -13.4825 0.021801
    endloop
  endfacet
  facet normal 0.000155781 -0.00243143 -0.999997
    outer loop
      vertex 4.06552 -13.4825 0.021801
      vertex 0.684676 -8.71666 0.00968647
      vertex 0.895852 -8.70313 0.00968647
    endloop
  endfacet
  facet normal 4.70393e-05 -0.000202768 -1
    outer loop
      vertex 16.8725 -6.94776 0.0100784
      vertex 1.09768 -8.67439 0.00968647
      vertex 1.28239 -8.63154 0.00968647
    endloop
  endfacet
  facet normal 0.000107393 -0.000754175 -1
    outer loop
      vertex 16.8725 -6.94776 0.0100784
      vertex 0.895852 -8.70313 0.00968647
      vertex 1.09768 -8.67439 0.00968647
    endloop
  endfacet
  facet normal 0.000112135 0.000192466 -1
    outer loop
      vertex 12.4732 -0.341285 0.0102835
      vertex -14.2271 9.66016 0.0092144
      vertex 12.3153 -0.249289 0.0102835
    endloop
  endfacet
  facet normal 5.63684e-05 -2.62461e-05 -1
    outer loop
      vertex 18.0658 -6.16023 0.0100784
      vertex -15.2657 2.30069 0.00797749
      vertex 18.135 -6.01161 0.0100784
    endloop
  endfacet
  facet normal -0.011864 0.0212658 -0.999703
    outer loop
      vertex -16.4626 9.366 0.0092144
      vertex -16.7953 9.18039 0.0092144
      vertex -16.0855 10.491 0.0286703
    endloop
  endfacet
  facet normal -5.80707e-05 0.000206502 -1
    outer loop
      vertex -15.6469 3.68547 0.00797749
      vertex -15.8252 3.63533 0.00797749
      vertex -15.7389 9.64942 0.0092144
    endloop
  endfacet
  facet normal -0.000113516 0.000203474 -1
    outer loop
      vertex -16.012 3.53842 0.00797749
      vertex -16.7953 9.18039 0.0092144
      vertex -16.4626 9.366 0.0092144
    endloop
  endfacet
  facet normal -0.0230169 0.0132668 -0.999647
    outer loop
      vertex -17.5291 8.53502 0.0092144
      vertex -21.2163 7.65252 0.0824003
      vertex -20.8458 8.29531 0.0824003
    endloop
  endfacet
  facet normal 0.0516996 -0.942739 0.329501
    outer loop
      vertex 6.09234 -20.204 5.84179
      vertex 2.98693 -20.3743 5.84179
      vertex 6.18259 -20.5033 4.9713
    endloop
  endfacet
  facet normal 0.00564282 -0.24659 0.969103
    outer loop
      vertex 0.104235 -9.60475 13.4123
      vertex -0.403557 -9.61637 13.4123
      vertex 2.03821 -10.5709 13.1552
    endloop
  endfacet
  facet normal -0.0245468 -0.479831 0.877017
    outer loop
      vertex -1.02395 -10.5824 13.1552
      vertex -3.63434 -11.3706 12.6509
      vertex -1.1127 -11.4996 12.6509
    endloop
  endfacet
  facet normal -0.163729 -0.132859 0.977518
    outer loop
      vertex -16.5093 -2.01914 13.5453
      vertex -16.5468 -3.88295 13.2857
      vertex -16.428 -2.11933 13.5453
    endloop
  endfacet
  facet normal 0.0285879 -0.440092 0.897497
    outer loop
      vertex 3.42986 -10.4805 13.1552
      vertex 2.03821 -10.5709 13.1552
      vertex 3.85997 -11.481 12.6509
    endloop
  endfacet
  facet normal -0.0299418 -0.58529 0.810271
    outer loop
      vertex -1.1127 -11.4996 12.6509
      vertex -3.63434 -11.3706 12.6509
      vertex 11.0129 -16.168 9.72681
    endloop
  endfacet
  facet normal 0.0286064 -0.440085 0.8975
    outer loop
      vertex 6.1199 -11.3341 12.6509
      vertex 3.42986 -10.4805 13.1552
      vertex 3.85997 -11.481 12.6509
    endloop
  endfacet
  facet normal 0.0462203 -0.396118 0.917036
    outer loop
      vertex 8.11076 -11.1018 12.6509
      vertex 3.42986 -10.4805 13.1552
      vertex 6.1199 -11.3341 12.6509
    endloop
  endfacet
  facet normal 0.310692 -0.554467 -0.772034
    outer loop
      vertex 23.993 -13.2821 3.45334
      vertex 13.6009 -17.6292 2.39326
      vertex 15.534 -16.546 2.39326
    endloop
  endfacet
  facet normal 0.276442 -0.713508 -0.643806
    outer loop
      vertex 14.4317 -18.0472 3.21325
      vertex 11.9268 -19.0177 3.21325
      vertex 13.6009 -17.6292 2.39326
    endloop
  endfacet
  facet normal 0.0442958 -0.807731 0.587885
    outer loop
      vertex 5.91532 -19.6169 6.66178
      vertex 2.98693 -20.3743 5.84179
      vertex 6.09234 -20.204 5.84179
    endloop
  endfacet
  facet normal 0.064054 -0.659019 0.749394
    outer loop
      vertex 13.8888 -15.8885 9.72681
      vertex 10.9725 -17.5334 8.52955
      vertex 14.093 -17.2301 8.52955
    endloop
  endfacet
  facet normal 0.14137 -0.931568 0.334957
    outer loop
      vertex 9.32186 -20.0269 4.9713
      vertex 6.09234 -20.204 5.84179
      vertex 6.18259 -20.5033 4.9713
    endloop
  endfacet
  facet normal 0.23461 -0.907073 -0.349539
    outer loop
      vertex 12.2502 -19.2695 4.08375
      vertex 9.32186 -20.0269 4.08375
      vertex 11.9268 -19.0177 3.21325
    endloop
  endfacet
  facet normal 0.361247 -0.93247 0
    outer loop
      vertex 12.2502 -19.2695 4.08375
      vertex 14.8552 -18.2603 4.9713
      vertex 12.2502 -19.2695 4.9713
    endloop
  endfacet
  facet normal 0.361247 -0.93247 0
    outer loop
      vertex 14.8552 -18.2603 4.9713
      vertex 12.2502 -19.2695 4.08375
      vertex 14.8552 -18.2603 4.08375
    endloop
  endfacet
  facet normal 0.424191 -0.902814 0.0706353
    outer loop
      vertex 17.3382 -16.9147 7.25854
      vertex 14.8552 -18.2603 4.9713
      vertex 24.1488 -13.8646 5.34274
    endloop
  endfacet
  facet normal 0.356908 -0.921269 0.154535
    outer loop
      vertex 17.3382 -16.9147 7.25854
      vertex 12.2502 -19.2695 4.9713
      vertex 14.8552 -18.2603 4.9713
    endloop
  endfacet
  facet normal 0.267043 -0.839309 0.47355
    outer loop
      vertex 17.1134 -16.2691 8.52955
      vertex 14.093 -17.2301 8.52955
      vertex 14.1971 -17.9141 7.25854
    endloop
  endfacet
  facet normal 0.267042 -0.839308 0.473551
    outer loop
      vertex 17.1134 -16.2691 8.52955
      vertex 14.1971 -17.9141 7.25854
      vertex 17.3382 -16.9147 7.25854
    endloop
  endfacet
  facet normal 0.932427 -0.361357 0
    outer loop
      vertex 29.1178 -6.76963 5.01779
      vertex 30.0963 -4.24476 4.12194
      vertex 30.0963 -4.24476 5.01779
    endloop
  endfacet
  facet normal 0.932427 -0.361357 0
    outer loop
      vertex 30.0963 -4.24476 4.12194
      vertex 29.1178 -6.76963 5.01779
      vertex 29.1178 -6.76963 4.12194
    endloop
  endfacet
  facet normal 0.851283 -0.32991 0.408016
    outer loop
      vertex 29.7226 -4.12238 5.89643
      vertex 29.1178 -6.76963 5.01779
      vertex 30.0963 -4.24476 5.01779
    endloop
  endfacet
  facet normal 0.0805834 -0.429488 0.89947
    outer loop
      vertex 9.75605 -10.7931 12.6509
      vertex 8.11076 -11.1018 12.6509
      vertex 13.5924 -13.9406 10.8043
    endloop
  endfacet
  facet normal 0.118189 -0.391364 0.912615
    outer loop
      vertex 10.9925 -10.4197 12.6509
      vertex 9.75605 -10.7931 12.6509
      vertex 13.5924 -13.9406 10.8043
    endloop
  endfacet
  facet normal 0.225975 -0.117836 0.96698
    outer loop
      vertex 18.6476 -3.47243 12.4406
      vertex 17.8779 -4.94849 12.4406
      vertex 20.0871 -6.6195 11.7207
    endloop
  endfacet
  facet normal 0.225958 -0.117844 0.966983
    outer loop
      vertex 21.1231 -4.63305 11.7207
      vertex 18.6476 -3.47243 12.4406
      vertex 20.0871 -6.6195 11.7207
    endloop
  endfacet
  facet normal 0.197713 -0.155569 0.967837
    outer loop
      vertex 17.8779 -4.94849 12.4406
      vertex 16.8626 -6.23884 12.4406
      vertex 20.0871 -6.6195 11.7207
    endloop
  endfacet
  facet normal 0.194409 -0.158528 0.968026
    outer loop
      vertex 16.8626 -6.23884 12.4406
      vertex 16.1483 -10.3017 11.9187
      vertex 18.7208 -8.35601 11.7207
    endloop
  endfacet
  facet normal 0.476766 -0.306172 0.823986
    outer loop
      vertex 25.4034 -9.97764 8.6737
      vertex 23.3428 -9.9098 9.89119
      vertex 24.8069 -10.9065 8.6737
    endloop
  endfacet
  facet normal 0.325392 -0.169681 0.93023
    outer loop
      vertex 23.2282 -5.62008 10.8043
      vertex 21.1231 -4.63305 11.7207
      vertex 21.966 -8.04057 10.8043
    endloop
  endfacet
  facet normal 0.125029 -0.0983782 0.987264
    outer loop
      vertex 17.8779 -4.94849 12.4406
      vertex 15.4231 -3.09176 12.9365
      vertex 16.8626 -6.23884 12.4406
    endloop
  endfacet
  facet normal 0.125032 -0.0983768 0.987263
    outer loop
      vertex 15.4231 -3.09176 12.9365
      vertex 14.7979 -3.88636 12.9365
      vertex 16.8626 -6.23884 12.4406
    endloop
  endfacet
  facet normal 0.0732687 -0.482789 -0.872666
    outer loop
      vertex 8.09675 -18.3946 1.65529
      vertex 5.33122 -17.6799 1.0277
      vertex 7.33239 -17.3762 1.0277
    endloop
  endfacet
  facet normal 0.19773 -0.764496 -0.613555
    outer loop
      vertex 9.11097 -19.7459 3.21325
      vertex 8.6973 -19.1948 2.39326
      vertex 11.2924 -18.5236 2.39326
    endloop
  endfacet
  facet normal 0.119496 -0.181065 -0.976184
    outer loop
      vertex 19.3732 -9.50669 0.47512
      vertex 18.7963 -8.65838 0.247154
      vertex 19.683 -8.07319 0.247154
    endloop
  endfacet
  facet normal 0.0751787 -0.113913 -0.990642
    outer loop
      vertex 18.7963 -8.65838 0.247154
      vertex 18.1554 -7.71579 0.0901289
      vertex 19.683 -8.07319 0.247154
    endloop
  endfacet
  facet normal 0.14874 -0.104113 -0.98338
    outer loop
      vertex 22.5157 -6.88821 0.47512
      vertex 21.1314 -6.71267 0.247154
      vertex 23.1968 -5.91516 0.47512
    endloop
  endfacet
  facet normal 0.218199 -0.152731 -0.963879
    outer loop
      vertex 23.6929 -7.03749 0.765264
      vertex 22.5157 -6.88821 0.47512
      vertex 23.1968 -5.91516 0.47512
    endloop
  endfacet
  facet normal -0.326356 -0.797067 0.508111
    outer loop
      vertex -24.4262 -15.1777 3.97589
      vertex -26.605 -14.2856 3.97589
      vertex -24.6816 -15.4508 3.38344
    endloop
  endfacet
  facet normal -0.326345 -0.797059 0.50813
    outer loop
      vertex -26.605 -14.2856 3.97589
      vertex -26.9474 -14.5231 3.38344
      vertex -24.6816 -15.4508 3.38344
    endloop
  endfacet
  facet normal -0.310262 -0.512195 -0.80087
    outer loop
      vertex -25.9333 -13.8199 1.62884
      vertex -28.4545 -13.1653 2.18692
      vertex -27.6378 -12.7874 1.62884
    endloop
  endfacet
  facet normal -0.374298 -0.415421 -0.829051
    outer loop
      vertex -28.4545 -13.1653 2.18692
      vertex -28.9733 -11.5841 1.62884
      vertex -27.6378 -12.7874 1.62884
    endloop
  endfacet
  facet normal -0.0769482 -0.0854063 -0.99337
    outer loop
      vertex -23.1686 -10.7196 0.363849
      vertex -23.8825 -10.0764 0.363849
      vertex -21.1969 -9.80733 0.132684
    endloop
  endfacet
  facet normal -0.0832935 -0.203431 -0.97554
    outer loop
      vertex -22.2726 -12.8747 0.699447
      vertex -23.717 -12.2833 0.699447
      vertex -21.1842 -11.711 0.363849
    endloop
  endfacet
  facet normal -0.0524226 -0.128021 -0.990385
    outer loop
      vertex -21.1842 -11.711 0.363849
      vertex -22.2575 -11.2715 0.363849
      vertex -20.6359 -10.1472 0.132684
    endloop
  endfacet
  facet normal -0.157607 -0.864498 -0.477288
    outer loop
      vertex -3.00811 -19.8367 3.21325
      vertex -22.1604 -16.1055 2.77938
      vertex -22.0019 -15.8073 2.18692
    endloop
  endfacet
  facet normal -0.13599 -0.0937378 -0.986266
    outer loop
      vertex -25.9038 -10.675 0.699447
      vertex -26.5621 -9.71997 0.699447
      vertex -23.8825 -10.0764 0.363849
    endloop
  endfacet
  facet normal -0.0369485 -0.142261 -0.989139
    outer loop
      vertex -19.2395 -10.6088 0.132684
      vertex -21.1842 -11.711 0.363849
      vertex -19.9749 -10.4178 0.132684
    endloop
  endfacet
  facet normal -0.823344 -0.567543 0
    outer loop
      vertex -30.3779 -12.0001 2.77938
      vertex -31.4107 -10.5018 3.38344
      vertex -31.4107 -10.5018 2.77938
    endloop
  endfacet
  facet normal -0.823344 -0.567543 0
    outer loop
      vertex -31.4107 -10.5018 3.38344
      vertex -30.3779 -12.0001 2.77938
      vertex -30.3779 -12.0001 3.38344
    endloop
  endfacet
  facet normal -0.950139 -0.311826 0
    outer loop
      vertex -31.4107 -10.5018 2.77938
      vertex -31.9296 -8.9207 3.38344
      vertex -31.9296 -8.9207 2.77938
    endloop
  endfacet
  facet normal -0.950139 -0.311826 0
    outer loop
      vertex -31.9296 -8.9207 3.38344
      vertex -31.4107 -10.5018 2.77938
      vertex -31.4107 -10.5018 3.38344
    endloop
  endfacet
  facet normal -0.178971 0.162746 0.9703
    outer loop
      vertex -18.1902 7.05674 12.7983
      vertex -18.7939 7.18521 12.6654
      vertex -18.1902 6.79918 12.8415
    endloop
  endfacet
  facet normal -0.231148 0.173515 0.957321
    outer loop
      vertex -22.7833 10.1416 11.2052
      vertex -25.4082 10.2222 10.5568
      vertex -19.709 6.18079 12.6654
    endloop
  endfacet
  facet normal -0.278717 0.102009 0.95494
    outer loop
      vertex -22.9655 4.90741 11.9324
      vertex -23.4511 3.58061 11.9324
      vertex -20.3594 5.16614 12.6654
    endloop
  endfacet
  facet normal -0.248013 0.151393 0.956854
    outer loop
      vertex -25.4082 10.2222 10.5568
      vertex -26.1643 8.98355 10.5568
      vertex -20.3594 5.16614 12.6654
    endloop
  endfacet
  facet normal -0.0882666 0.056906 0.99447
    outer loop
      vertex -16.8093 0 13.5446
      vertex -16.8262 0 13.5431
      vertex -16.8248 -0.0362749 13.5453
    endloop
  endfacet
  facet normal -0.0878521 0.0547892 0.994626
    outer loop
      vertex -15.4002 5.8369 13.3329
      vertex -15.0115 5.99906 13.3583
      vertex -15.1419 5.96606 13.3486
    endloop
  endfacet
  facet normal -0.0891242 0.0578836 0.994337
    outer loop
      vertex -15.0115 5.99906 13.3583
      vertex -15.4002 5.8369 13.3329
      vertex -15.7735 5.4236 13.3235
    endloop
  endfacet
  facet normal -0.0882632 0.0571032 0.994459
    outer loop
      vertex -15.7735 5.4236 13.3235
      vertex -15.4002 5.8369 13.3329
      vertex -15.6107 5.65608 13.3246
    endloop
  endfacet
  facet normal -0.0889097 0.0575975 0.994373
    outer loop
      vertex -15.0115 5.99906 13.3583
      vertex -15.7735 5.4236 13.3235
      vertex -14.2543 5.96977 13.4277
    endloop
  endfacet
  facet normal -0.0887755 0.0572175 0.994407
    outer loop
      vertex -15.8985 5.14276 13.3285
      vertex -14.2543 5.96977 13.4277
      vertex -15.7735 5.4236 13.3235
    endloop
  endfacet
  facet normal -0.0890061 0.0576817 0.994359
    outer loop
      vertex -15.9957 4.81694 13.3387
      vertex -14.2543 5.96977 13.4277
      vertex -15.8985 5.14276 13.3285
    endloop
  endfacet
  facet normal -0.0888234 0.0574032 0.994392
    outer loop
      vertex -16.0652 4.44609 13.3539
      vertex -14.2543 5.96977 13.4277
      vertex -15.9957 4.81694 13.3387
    endloop
  endfacet
  facet normal -0.0890619 0.0576886 0.994354
    outer loop
      vertex -16.1068 4.03024 13.3743
      vertex -14.2543 5.96977 13.4277
      vertex -16.0652 4.44609 13.3539
    endloop
  endfacet
  facet normal -0.088852 0.0574872 0.994385
    outer loop
      vertex -16.1207 3.5694 13.3997
      vertex -14.2543 5.96977 13.4277
      vertex -16.1068 4.03024 13.3743
    endloop
  endfacet
  facet normal -0.0888887 0.0575158 0.99438
    outer loop
      vertex -14.2543 5.96977 13.4277
      vertex -16.1207 3.5694 13.3997
      vertex -16.1207 1.60885 13.5131
    endloop
  endfacet
  facet normal -0.0885457 0.0805974 0.992806
    outer loop
      vertex -14.2402 6.05301 13.4222
      vertex -14.2543 5.96977 13.4277
      vertex -14.1892 6.04129 13.4277
    endloop
  endfacet
  facet normal -0.0878281 0.0804807 0.992879
    outer loop
      vertex -14.4818 6.0694 13.3995
      vertex -14.2543 5.96977 13.4277
      vertex -14.2402 6.05301 13.4222
    endloop
  endfacet
  facet normal -0.087802 0.0805396 0.992877
    outer loop
      vertex -14.8357 6.04356 13.3703
      vertex -14.2543 5.96977 13.4277
      vertex -14.4818 6.0694 13.3995
    endloop
  endfacet
  facet normal -0.0879273 0.0796028 0.992941
    outer loop
      vertex -14.2543 5.96977 13.4277
      vertex -14.8357 6.04356 13.3703
      vertex -15.0115 5.99906 13.3583
    endloop
  endfacet
  facet normal -0.104217 -0.557394 0.823681
    outer loop
      vertex -10.2008 -10.4989 12.6509
      vertex -13.4232 -10.9784 11.9187
      vertex -10.8212 -11.4649 11.9187
    endloop
  endfacet
  facet normal -0.22559 -0.872835 0.432745
    outer loop
      vertex -5.66736 -19.1494 5.84179
      vertex -22.1604 -16.1055 3.38344
      vertex -3.00811 -19.8367 5.84179
    endloop
  endfacet
  facet normal -0.193223 -0.747604 0.635415
    outer loop
      vertex -2.4717 -19.2784 6.66178
      vertex -5.66736 -19.1494 5.84179
      vertex -3.00811 -19.8367 5.84179
    endloop
  endfacet
  facet normal -0.253972 -0.649686 0.716523
    outer loop
      vertex -18.7467 -10.706 10.9869
      vertex -23.4276 -10.0846 9.89119
      vertex -21.2637 -10.9305 9.89119
    endloop
  endfacet
  facet normal -0.275583 -0.704971 0.653506
    outer loop
      vertex -23.4276 -10.0846 9.89119
      vertex -24.4262 -15.1777 3.97589
      vertex -21.2637 -10.9305 9.89119
    endloop
  endfacet
  facet normal -0.439583 -0.039218 0.897346
    outer loop
      vertex -25.8674 1.56325 10.9995
      vertex -28.9692 7.3155 9.73142
      vertex -28.8473 5.94916 9.73142
    endloop
  endfacet
  facet normal -0.44092 -0.0393373 0.896684
    outer loop
      vertex -28.9692 7.3155 9.73142
      vertex -30.9103 6.95018 8.76091
      vertex -28.8473 5.94916 9.73142
    endloop
  endfacet
  facet normal -0.262551 0.0163655 0.964779
    outer loop
      vertex -20.7202 4.18023 12.6654
      vertex -23.5282 2.3435 11.9324
      vertex -20.7775 3.26097 12.6654
    endloop
  endfacet
  facet normal -0.773112 0.47193 0.423769
    outer loop
      vertex -31.2182 10.4007 6.53775
      vertex -31.7428 8.51334 7.68254
      vertex -30.6023 10.3817 7.68254
    endloop
  endfacet
  facet normal -0.676739 0.633794 0.374606
    outer loop
      vertex -29.4162 12.3248 6.53775
      vertex -31.2182 10.4007 6.53775
      vertex -30.6023 10.3817 7.68254
    endloop
  endfacet
  facet normal -0.0653512 0.127785 0.989646
    outer loop
      vertex -14.074 8.28363 13.1703
      vertex -13.8846 7.7222 13.2553
      vertex -13.7741 7.71598 13.2634
    endloop
  endfacet
  facet normal -0.065539 0.127721 0.989642
    outer loop
      vertex -14.074 8.28363 13.1703
      vertex -14.1649 7.71164 13.2381
      vertex -13.8846 7.7222 13.2553
    endloop
  endfacet
  facet normal -0.0656475 0.127737 0.989633
    outer loop
      vertex -14.074 8.28363 13.1703
      vertex -14.4391 7.67996 13.224
      vertex -14.1649 7.71164 13.2381
    endloop
  endfacet
  facet normal -0.0654485 0.12762 0.989661
    outer loop
      vertex -14.9758 7.82115 13.1703
      vertex -14.4391 7.67996 13.224
      vertex -14.074 8.28363 13.1703
    endloop
  endfacet
  facet normal -0.0653572 0.127953 0.989624
    outer loop
      vertex -14.4391 7.67996 13.224
      vertex -14.9758 7.82115 13.1703
      vertex -14.6806 7.6324 13.2142
    endloop
  endfacet
  facet normal -0.017342 0.0265824 0.999496
    outer loop
      vertex -16.1207 1.43208 13.5194
      vertex -13.8594 5.93036 13.439
      vertex -14.0039 5.99401 13.4348
    endloop
  endfacet
  facet normal -0.0167106 0.0262653 0.999515
    outer loop
      vertex -13.8594 5.93036 13.439
      vertex -16.1207 1.43208 13.5194
      vertex -16.1207 1.34836 13.5216
    endloop
  endfacet
  facet normal 0.0130437 0.111048 0.993729
    outer loop
      vertex -11.93 7.0653 13.4185
      vertex -11.7248 6.95887 13.4277
      vertex -10.3516 9.10095 13.1703
    endloop
  endfacet
  facet normal 0.0132935 0.11119 0.99371
    outer loop
      vertex -11.7248 6.95887 13.4277
      vertex -11.9263 7.0625 13.4188
      vertex -11.8465 6.97342 13.4277
    endloop
  endfacet
  facet normal 0.0337185 0.150419 0.988047
    outer loop
      vertex -11.7248 6.95887 13.4277
      vertex -11.93 7.0653 13.4185
      vertex -11.9263 7.0625 13.4188
    endloop
  endfacet
  facet normal -0.00414966 0.124234 0.992244
    outer loop
      vertex -11.2264 9.07173 13.1703
      vertex -12.0935 7.18901 13.4024
      vertex -10.3516 9.10095 13.1703
    endloop
  endfacet
  facet normal -0.00473037 0.124497 0.992209
    outer loop
      vertex -12.0935 7.18901 13.4024
      vertex -11.2264 9.07173 13.1703
      vertex -12.1547 7.2353 13.3963
    endloop
  endfacet
  facet normal -0.214212 0.274741 0.937353
    outer loop
      vertex -20.8173 11.9204 11.2052
      vertex -22.7623 12.6161 10.5568
      vertex -21.9298 11.053 11.2052
    endloop
  endfacet
  facet normal -0.174665 0.22402 0.958805
    outer loop
      vertex -20.8173 11.9204 11.2052
      vertex -21.9298 11.053 11.2052
      vertex -17.6493 8.14079 12.6654
    endloop
  endfacet
  facet normal -0.131981 0.385324 0.913294
    outer loop
      vertex -16.8088 15.3361 10.5568
      vertex -18.964 14.5979 10.5568
      vertex -17.9949 13.393 11.2052
    endloop
  endfacet
  facet normal -0.179917 0.525274 0.831696
    outer loop
      vertex -16.8088 15.3361 10.5568
      vertex -19.7881 15.6225 9.73142
      vertex -18.964 14.5979 10.5568
    endloop
  endfacet
  facet normal -0.0392574 0.999229 0
    outer loop
      vertex 2.19108 20.4612 4.78481
      vertex -7.63642 20.0751 2.10122
      vertex 2.19108 20.4612 5.82472
    endloop
  endfacet
  facet normal -0.0392574 0.999229 0
    outer loop
      vertex -7.63642 20.0751 2.10122
      vertex 2.19108 20.4612 4.78481
      vertex -7.63642 20.0751 1.72608
    endloop
  endfacet
  facet normal -0.100863 0.421425 -0.901237
    outer loop
      vertex -11.6776 18.3667 1.01156
      vertex -14.8693 18.344 1.35815
      vertex -11.3237 19.1926 1.35815
    endloop
  endfacet
  facet normal -0.164676 0.688047 -0.706734
    outer loop
      vertex -11.3237 19.1926 1.35815
      vertex -14.8693 18.344 1.35815
      vertex -11.1433 19.6137 1.72608
    endloop
  endfacet
  facet normal 0.0887108 0.585836 -0.80556
    outer loop
      vertex -2.23461 19.2572 1.35815
      vertex -4.44476 20.0978 1.72608
      vertex -1.69094 19.6808 1.72608
    endloop
  endfacet
  facet normal 0.114518 0.563588 -0.818079
    outer loop
      vertex 5.55597 18.518 1.93946
      vertex -2.23461 19.2572 1.35815
      vertex -1.69094 19.6808 1.72608
    endloop
  endfacet
  facet normal 0.121707 0.843983 0.52238
    outer loop
      vertex 4.25289 20.1639 6.84466
      vertex 4.13117 19.5868 7.80541
      vertex 6.23547 19.878 6.84466
    endloop
  endfacet
  facet normal 0.00125915 0.857166 0.515039
    outer loop
      vertex 4.25289 20.1639 6.84466
      vertex 2.21064 20.1669 6.84466
      vertex 4.13117 19.5868 7.80541
    endloop
  endfacet
  facet normal -0.0738876 0.539336 0.838843
    outer loop
      vertex -11.7865 17.5337 9.73142
      vertex -14.5914 15.8657 10.5568
      vertex -12.3972 16.1663 10.5568
    endloop
  endfacet
  facet normal -0.129784 0.947236 0.293087
    outer loop
      vertex -10.8076 19.7254 6.53775
      vertex -14.286 18.8946 7.68254
      vertex -10.9761 19.3481 7.68254
    endloop
  endfacet
  facet normal 0.121713 0.843976 -0.52239
    outer loop
      vertex 5.95832 19.3233 2.80412
      vertex 4.13117 19.5868 2.80412
      vertex 6.23547 19.878 3.76487
    endloop
  endfacet
  facet normal 0.118783 0.823657 -0.554509
    outer loop
      vertex 5.95832 19.3233 2.80412
      vertex -4.44476 20.0978 1.72608
      vertex 4.13117 19.5868 2.80412
    endloop
  endfacet
  facet normal 0.21018 0.247675 -0.94577
    outer loop
      vertex 25.1352 5.96977 1.03731
      vertex 24.1198 6.83145 1.03731
      vertex 24.9383 8.55579 1.67077
    endloop
  endfacet
  facet normal 0.202427 0.251596 -0.946426
    outer loop
      vertex 24.1198 6.83145 1.03731
      vertex 19.8309 10.5349 1.10449
      vertex 24.9383 8.55579 1.67077
    endloop
  endfacet
  facet normal -0.404939 0.886358 -0.224485
    outer loop
      vertex -22.1781 15.8535 1.72608
      vertex -24.2626 15.8242 5.37054
      vertex -21.1091 17.2649 5.37054
    endloop
  endfacet
  facet normal -0.29338 0.660762 -0.690885
    outer loop
      vertex -21.9344 15.577 1.35815
      vertex -22.1781 15.8535 1.72608
      vertex -18.5565 17.4615 1.72608
    endloop
  endfacet
  facet normal -0.324024 0.946049 0
    outer loop
      vertex -17.7281 18.4229 5.37054
      vertex -21.1091 17.2649 6.53775
      vertex -17.7281 18.4229 6.53775
    endloop
  endfacet
  facet normal -0.324024 0.946049 0
    outer loop
      vertex -21.1091 17.2649 6.53775
      vertex -17.7281 18.4229 5.37054
      vertex -21.1091 17.2649 5.37054
    endloop
  endfacet
  facet normal -0.319124 0.931742 -0.173253
    outer loop
      vertex -18.5565 17.4615 1.72608
      vertex -21.1091 17.2649 5.37054
      vertex -17.7281 18.4229 5.37054
    endloop
  endfacet
  facet normal -0.485913 0.817105 0.310207
    outer loop
      vertex -23.9141 15.5968 7.68254
      vertex -27.0676 14.1561 6.53775
      vertex -26.6112 13.9929 7.68254
    endloop
  endfacet
  facet normal -0.485916 0.817094 0.310231
    outer loop
      vertex -24.2626 15.8242 6.53775
      vertex -27.0676 14.1561 6.53775
      vertex -23.9141 15.5968 7.68254
    endloop
  endfacet
  facet normal -0.266045 0.447353 0.85387
    outer loop
      vertex -22.2377 14.5035 9.73142
      vertex -22.7623 12.6161 10.5568
      vertex -20.9742 13.6795 10.5568
    endloop
  endfacet
  facet normal -0.225862 0.494433 0.839358
    outer loop
      vertex -19.7881 15.6225 9.73142
      vertex -22.2377 14.5035 9.73142
      vertex -20.9742 13.6795 10.5568
    endloop
  endfacet
  facet normal -0.148383 -0.0486993 -0.98773
    outer loop
      vertex -26.5621 -9.71997 0.699447
      vertex -32.5261 2.12149 1.01156
      vertex -26.8929 -8.71205 0.699447
    endloop
  endfacet
  facet normal -0.14387 -0.0463301 -0.988512
    outer loop
      vertex -26.8929 -8.71205 0.699447
      vertex -32.5261 2.12149 1.01156
      vertex -24.6174 -8.61779 0.363849
    endloop
  endfacet
  facet normal -0.511135 0.859501 0
    outer loop
      vertex -24.2626 15.8242 5.37054
      vertex -27.0676 14.1561 6.53775
      vertex -24.2626 15.8242 6.53775
    endloop
  endfacet
  facet normal -0.511135 0.859501 0
    outer loop
      vertex -27.0676 14.1561 6.53775
      vertex -24.2626 15.8242 5.37054
      vertex -27.0676 14.1561 5.37054
    endloop
  endfacet
  facet normal -0.483101 0.278459 -0.830105
    outer loop
      vertex -33.5676 5.34514 1.35815
      vertex -34.2761 5.21278 1.72608
      vertex -33.0059 7.41646 1.72608
    endloop
  endfacet
  facet normal -0.475895 0.129027 -0.869986
    outer loop
      vertex -34.1076 3.35343 1.35815
      vertex -34.2761 5.21278 1.72608
      vertex -33.5676 5.34514 1.35815
    endloop
  endfacet
  facet normal -0.0441452 0.129539 -0.990591
    outer loop
      vertex -15.3609 13.429 0.225962
      vertex -17.571 14.2696 0.434379
      vertex -15.1959 15.079 0.434379
    endloop
  endfacet
  facet normal -0.0826883 0.186231 -0.97902
    outer loop
      vertex -19.8796 13.2446 0.434379
      vertex -20.7627 14.247 0.699644
      vertex -17.9497 15.496 0.699644
    endloop
  endfacet
  facet normal -0.0558963 0.125906 -0.990466
    outer loop
      vertex -18.8413 12.066 0.225962
      vertex -19.8796 13.2446 0.434379
      vertex -17.1258 12.8276 0.225962
    endloop
  endfacet
  facet normal -0.0558976 0.125898 -0.990467
    outer loop
      vertex -17.1258 12.8276 0.225962
      vertex -19.8796 13.2446 0.434379
      vertex -17.571 14.2696 0.434379
    endloop
  endfacet
  facet normal -0.0970031 0.173876 -0.979978
    outer loop
      vertex -22.0329 12.0433 0.434379
      vertex -23.3865 12.7832 0.699644
      vertex -19.8796 13.2446 0.434379
    endloop
  endfacet
  facet normal -0.0655476 0.117482 -0.990909
    outer loop
      vertex -18.8413 12.066 0.225962
      vertex -20.4413 11.1733 0.225962
      vertex -19.8796 13.2446 0.434379
    endloop
  endfacet
  facet normal -0.0258261 0.0462915 -0.998594
    outer loop
      vertex -16.0855 10.491 0.0286703
      vertex -18.6728 10.2066 0.0824003
      vertex -17.6875 10.7563 0.0824003
    endloop
  endfacet
  facet normal -0.00932734 0.0204163 -0.999748
    outer loop
      vertex -15.7749 10.6329 0.0286703
      vertex -16.4626 9.366 0.0092144
      vertex -16.0855 10.491 0.0286703
    endloop
  endfacet
  facet normal -0.0109248 0.0764629 -0.997013
    outer loop
      vertex 2.44282 13.528 0.0255432
      vertex -14.4687 11.8531 0.0824003
      vertex -13.6143 13.8471 0.225962
    endloop
  endfacet
  facet normal -0.00665198 0.0195224 -0.999787
    outer loop
      vertex -15.7389 9.64942 0.0092144
      vertex -16.1059 9.52437 0.0092144
      vertex -15.4419 10.747 0.0286703
    endloop
  endfacet
  facet normal -0.116851 0.10017 -0.988085
    outer loop
      vertex -25.5517 9.30144 0.434379
      vertex -29.1732 7.69346 0.699644
      vertex -27.6741 9.4422 0.699644
    endloop
  endfacet
  facet normal -0.116852 0.100172 -0.988085
    outer loop
      vertex -26.782 7.86628 0.434379
      vertex -29.1732 7.69346 0.699644
      vertex -25.5517 9.30144 0.434379
    endloop
  endfacet
  facet normal -0.0727116 0.104584 -0.991854
    outer loop
      vertex -21.8644 10.1839 0.225962
      vertex -23.9481 10.7118 0.434379
      vertex -20.4413 11.1733 0.225962
    endloop
  endfacet
  facet normal -0.0453029 0.0651613 -0.996846
    outer loop
      vertex -19.5491 9.59737 0.0824003
      vertex -21.8644 10.1839 0.225962
      vertex -20.4413 11.1733 0.225962
    endloop
  endfacet
  facet normal -0.0770353 0.0443985 -0.996039
    outer loop
      vertex -24.5718 7.02567 0.225962
      vertex -27.5917 6.46152 0.434379
      vertex -23.9702 8.0695 0.225962
    endloop
  endfacet
  facet normal -0.0770379 0.0444045 -0.996039
    outer loop
      vertex -23.9702 8.0695 0.225962
      vertex -27.5917 6.46152 0.434379
      vertex -26.782 7.86628 0.434379
    endloop
  endfacet
  facet normal -0.0306481 -0.216476 -0.975807
    outer loop
      vertex 1.90314 -16.4271 0.534603
      vertex 1.75863 -14.8756 0.194953
      vertex 2.64507 -15.0011 0.194953
    endloop
  endfacet
  facet normal -0.0149955 -0.105917 -0.994262
    outer loop
      vertex 2.64507 -15.0011 0.194953
      vertex 1.75863 -14.8756 0.194953
      vertex 3.4327 -13.4872 0.021801
    endloop
  endfacet
  facet normal 0.197124 -0.351797 -0.915085
    outer loop
      vertex 12.3948 -17.0224 1.65529
      vertex 10.8597 -16.2501 1.0277
      vertex 12.2503 -15.4709 1.0277
    endloop
  endfacet
  facet normal 0.0125689 -0.229442 -0.973241
    outer loop
      vertex 4.94659 -16.4044 0.534603
      vertex 3.41684 -16.4882 0.534603
      vertex 3.5772 -15.0387 0.194953
    endloop
  endfacet
  facet normal -0.000508859 -0.000564638 -1
    outer loop
      vertex -19.1038 -8.83889 0.0148373
      vertex -19.2522 -8.70515 0.0148373
      vertex -16.8635 1.29115 0.00797749
    endloop
  endfacet
  facet normal -0.0371453 -0.0412171 -0.99846
    outer loop
      vertex -19.1038 -8.83889 0.0148373
      vertex -21.1969 -9.80733 0.132684
      vertex -19.2522 -8.70515 0.0148373
    endloop
  endfacet
  facet normal -0.000262435 -0.000628182 -1
    outer loop
      vertex -0.0923901 -8.61727 0.00968647
      vertex -18.9143 -8.95364 0.0148373
      vertex -0.232276 -8.55883 0.00968647
    endloop
  endfacet
  facet normal -0.0253573 -0.0619409 -0.997758
    outer loop
      vertex -19.9749 -10.4178 0.132684
      vertex -20.6359 -10.1472 0.132684
      vertex -18.6912 -9.04502 0.0148373
    endloop
  endfacet
  facet normal 5.74819e-05 -2.1772e-05 -1
    outer loop
      vertex 18.135 -6.01161 0.0100784
      vertex -15.2657 2.30069 0.00797749
      vertex -15.1711 2.55045 0.00797749
    endloop
  endfacet
  facet normal 0.00616171 -0.112489 -0.993634
    outer loop
      vertex 4.51922 -14.9871 0.194953
      vertex 3.5772 -15.0387 0.194953
      vertex 3.74744 -13.4999 0.021801
    endloop
  endfacet
  facet normal 0.0395282 -0.0823886 -0.995816
    outer loop
      vertex 7.04893 -14.3328 0.194953
      vertex 4.9197 -13.2615 0.021801
      vertex 17.5699 -8.01809 0.0901289
    endloop
  endfacet
  facet normal 0.119507 -0.181067 -0.976183
    outer loop
      vertex 20.5664 -8.71916 0.47512
      vertex 19.3732 -9.50669 0.47512
      vertex 19.683 -8.07319 0.247154
    endloop
  endfacet
  facet normal 0.173861 -0.26342 -0.948885
    outer loop
      vertex 19.8637 -10.2281 0.765264
      vertex 19.3732 -9.50669 0.47512
      vertex 20.5664 -8.71916 0.47512
    endloop
  endfacet
  facet normal 0.156154 -0.603746 -0.781733
    outer loop
      vertex 8.6973 -19.1948 2.39326
      vertex 8.09675 -18.3946 1.65529
      vertex 11.2924 -18.5236 2.39326
    endloop
  endfacet
  facet normal 0.120593 -0.79464 -0.594983
    outer loop
      vertex 6.09234 -20.204 3.21325
      vertex 5.91532 -19.6169 2.39326
      vertex 9.11097 -19.7459 3.21325
    endloop
  endfacet
  facet normal 0.0443114 -0.807755 -0.587851
    outer loop
      vertex 5.91532 -19.6169 2.39326
      vertex 2.98693 -20.3743 3.21325
      vertex 3.05336 -19.7739 2.39326
    endloop
  endfacet
  facet normal 0.120575 -0.794688 -0.594923
    outer loop
      vertex 9.11097 -19.7459 3.21325
      vertex 5.91532 -19.6169 2.39326
      vertex 8.6973 -19.1948 2.39326
    endloop
  endfacet
  facet normal 0.640754 0.0387584 0.766767
    outer loop
      vertex 29.71 0.8279 6.72409
      vertex 25.9932 2.8705 9.72681
      vertex 26.1828 -0.263968 9.72681
    endloop
  endfacet
  facet normal 0.643833 0.0490242 0.763594
    outer loop
      vertex 29.5355 3.1196 6.72409
      vertex 25.9932 2.8705 9.72681
      vertex 29.71 0.8279 6.72409
    endloop
  endfacet
  facet normal 0.144452 0.0660758 0.987303
    outer loop
      vertex 16.2685 3.25217 12.8066
      vertex 16.2685 2.18083 12.8783
      vertex 18.1603 4.58516 12.4406
    endloop
  endfacet
  facet normal 0.0700107 0.0321729 0.997027
    outer loop
      vertex 14.199 1.79399 13.0664
      vertex 12.8758 0.861647 13.1894
      vertex 14.199 1.28266 13.0829
    endloop
  endfacet
  facet normal 0.0163647 0.00404715 0.999858
    outer loop
      vertex 13.0176 0.551686 13.1894
      vertex 1.81062 -9.20085 13.4123
      vertex 13.1006 0.216075 13.1894
    endloop
  endfacet
  facet normal 0.0700766 0.0319665 0.997029
    outer loop
      vertex 12.8758 0.861647 13.1894
      vertex 14.199 1.06745 13.0898
      vertex 14.199 1.28266 13.0829
    endloop
  endfacet
  facet normal 0.0700631 0.0320522 0.997027
    outer loop
      vertex 14.199 1.06745 13.0898
      vertex 12.8758 0.861647 13.1894
      vertex 13.0176 0.551686 13.1894
    endloop
  endfacet
  facet normal 0.0754378 -0.0232594 0.996879
    outer loop
      vertex 13.08 -0.480022 13.1894
      vertex 12.9771 -0.813761 13.1894
      vertex 16.2017 -1.19442 12.9365
    endloop
  endfacet
  facet normal 0.0327849 -0.0170911 0.999316
    outer loop
      vertex 12.9771 -0.813761 13.1894
      vertex 1.81062 -9.20085 13.4123
      vertex 12.8171 -1.12068 13.1894
    endloop
  endfacet
  facet normal -0.209627 0.0130666 0.977694
    outer loop
      vertex -20.7775 3.26097 12.6654
      vertex -18.1902 1.10161 13.249
      vertex -20.7202 4.18023 12.6654
    endloop
  endfacet
  facet normal -0.209592 0.0131093 0.977701
    outer loop
      vertex -18.1902 1.10161 13.249
      vertex -20.7775 3.26097 12.6654
      vertex -18.1902 0.773455 13.2534
    endloop
  endfacet
  facet normal -0.209312 0.0132513 0.977759
    outer loop
      vertex -17.2849 0 13.4578
      vertex -17.3858 0 13.4362
      vertex -16.9054 -0.461838 13.5453
    endloop
  endfacet
  facet normal -0.0848499 -0.322237 0.942849
    outer loop
      vertex -7.59045 -9.71069 13.1552
      vertex -11.7761 -10.0841 12.6509
      vertex -10.2008 -10.4989 12.6509
    endloop
  endfacet
  facet normal -0.163653 -0.132866 0.97753
    outer loop
      vertex -16.428 -2.11933 13.5453
      vertex -16.5468 -3.88295 13.2857
      vertex -16.3059 -4.17967 13.2857
    endloop
  endfacet
  facet normal -0.0245639 -0.479789 0.87704
    outer loop
      vertex -2.57677 -10.5029 13.1552
      vertex -3.63434 -11.3706 12.6509
      vertex -1.02395 -10.5824 13.1552
    endloop
  endfacet
  facet normal -0.0298655 -0.224982 0.973905
    outer loop
      vertex -2.41741 -9.4757 13.4123
      vertex -4.06445 -10.37 13.1552
      vertex -1.95638 -9.5369 13.4123
    endloop
  endfacet
  facet normal -0.0054163 0.0253312 0.999664
    outer loop
      vertex -13.7071 5.82548 13.4434
      vertex -13.5703 5.68109 13.4478
      vertex -13.6819 5.80719 13.444
    endloop
  endfacet
  facet normal -0.00871521 0.0222073 0.999715
    outer loop
      vertex -16.1207 1.18233 13.5255
      vertex -13.5703 5.68109 13.4478
      vertex -13.7071 5.82548 13.4434
    endloop
  endfacet
  facet normal -0.00668286 0.0210558 0.999756
    outer loop
      vertex -13.5703 5.68109 13.4478
      vertex -16.1207 1.18233 13.5255
      vertex -16.1207 1.10636 13.5271
    endloop
  endfacet
  facet normal -0.00530249 -0.0283578 0.999584
    outer loop
      vertex -2.41741 -9.4757 13.4123
      vertex -16.2755 -2.19632 13.5453
      vertex -2.81942 -9.40053 13.4123
    endloop
  endfacet
  facet normal 0.0144732 0.00622106 0.999876
    outer loop
      vertex 13.0176 0.551686 13.1894
      vertex 1.76826 -9.1023 13.4123
      vertex 1.81062 -9.20085 13.4123
    endloop
  endfacet
  facet normal 0.0142267 0.00650838 0.999878
    outer loop
      vertex 12.8758 0.861647 13.1894
      vertex 1.76826 -9.1023 13.4123
      vertex 13.0176 0.551686 13.1894
    endloop
  endfacet
  facet normal -0.395238 -0.633074 0.665585
    outer loop
      vertex -25.3454 -10.1673 8.6737
      vertex -28.4545 -13.1653 3.97589
      vertex -23.4276 -10.0846 9.89119
    endloop
  endfacet
  facet normal -0.4095 -0.601511 0.685926
    outer loop
      vertex -24.725 -9.20131 9.89119
      vertex -26.7532 -9.20889 8.6737
      vertex -25.3454 -10.1673 8.6737
    endloop
  endfacet
  facet normal -0.409513 -0.601503 0.685925
    outer loop
      vertex -24.725 -9.20131 9.89119
      vertex -25.3454 -10.1673 8.6737
      vertex -23.4276 -10.0846 9.89119
    endloop
  endfacet
  facet normal -0.309225 -0.454197 0.835515
    outer loop
      vertex -21.7806 -9.1903 10.9869
      vertex -24.725 -9.20131 9.89119
      vertex -23.4276 -10.0846 9.89119
    endloop
  endfacet
  facet normal -0.506931 -0.143261 0.849998
    outer loop
      vertex -25.1062 -8.3146 9.89119
      vertex -27.7054 0.950211 9.90257
      vertex -27.1668 -8.24676 8.6737
    endloop
  endfacet
  facet normal -0.520557 -0.14296 0.841773
    outer loop
      vertex -27.7054 0.950211 9.90257
      vertex -30.7712 5.39134 8.76091
      vertex -27.1668 -8.24676 8.6737
    endloop
  endfacet
  facet normal 0.808736 0.367614 0.459135
    outer loop
      vertex 29.1492 8.19227 5.01779
      vertex 28.812 7.83671 5.89643
      vertex 30.1179 6.06117 5.01779
    endloop
  endfacet
  facet normal 0.634825 0.594111 0.493993
    outer loop
      vertex 27.8433 9.96781 5.01779
      vertex 23.1277 12.0866 8.52955
      vertex 27.5562 9.54401 5.89643
    endloop
  endfacet
  facet normal 0.551043 0.39465 0.735257
    outer loop
      vertex 23.1277 12.0866 8.52955
      vertex 22.2153 11.13 9.72681
      vertex 23.9706 8.6791 9.72681
    endloop
  endfacet
  facet normal 0.551016 0.39465 0.735277
    outer loop
      vertex 25.0324 9.42723 8.52955
      vertex 23.1277 12.0866 8.52955
      vertex 23.9706 8.6791 9.72681
    endloop
  endfacet
  facet normal 0.66481 -0.157597 0.730199
    outer loop
      vertex 25.8077 -3.39274 9.72681
      vertex 25.4034 -9.97764 8.6737
      vertex 28.9897 -3.88232 6.72409
    endloop
  endfacet
  facet normal 0.704979 -0.196852 0.681361
    outer loop
      vertex 28.9897 -3.88232 6.72409
      vertex 25.4034 -9.97764 8.6737
      vertex 29.7226 -4.12238 5.89643
    endloop
  endfacet
  facet normal 0.90364 0.0688033 0.42273
    outer loop
      vertex 30.7121 3.6564 5.01779
      vertex 30.5042 0.988502 5.89643
      vertex 30.909 1.07038 5.01779
    endloop
  endfacet
  facet normal 0.908457 -0.0707928 0.41194
    outer loop
      vertex 30.909 1.07038 5.01779
      vertex 30.5042 0.988502 5.89643
      vertex 30.7011 -1.59752 5.01779
    endloop
  endfacet
  facet normal 0.602127 0.64652 0.46846
    outer loop
      vertex 23.5929 12.5743 7.25854
      vertex 20.7757 14.2771 8.52955
      vertex 23.1277 12.0866 8.52955
    endloop
  endfacet
  facet normal 0.457529 0.491261 0.741168
    outer loop
      vertex 20.7757 14.2771 8.52955
      vertex 20.0477 13.1488 9.72681
      vertex 23.1277 12.0866 8.52955
    endloop
  endfacet
  facet normal 0.286379 0.830475 0.477806
    outer loop
      vertex 15.2498 17.6172 7.25854
      vertex 15.1052 16.9358 8.52955
      vertex 18.3298 16.5551 7.25854
    endloop
  endfacet
  facet normal 0.286394 0.830442 0.477854
    outer loop
      vertex 18.3298 16.5551 7.25854
      vertex 15.1052 16.9358 8.52955
      vertex 18.0669 15.9144 8.52955
    endloop
  endfacet
  facet normal 0.538977 0.84232 -0
    outer loop
      vertex 21.1469 14.8523 5.96264
      vertex 19.6802 15.7908 5.34274
      vertex 21.1469 14.8523 7.25854
    endloop
  endfacet
  facet normal 0.538977 0.84232 0
    outer loop
      vertex 19.6802 15.7908 5.34274
      vertex 21.1469 14.8523 5.96264
      vertex 19.6802 15.7908 4.38887
    endloop
  endfacet
  facet normal 0.104605 0.112182 0.988166
    outer loop
      vertex 16.3146 6.53224 12.4643
      vertex 16.074 6.30559 12.5155
      vertex 16.1713 6.30559 12.5052
    endloop
  endfacet
  facet normal 0.104817 0.112529 0.988104
    outer loop
      vertex 15.9794 6.70134 12.4806
      vertex 16.3146 6.53224 12.4643
      vertex 16.4076 6.65372 12.4406
    endloop
  endfacet
  facet normal 0.104817 0.112529 0.988105
    outer loop
      vertex 15.9794 6.70134 12.4806
      vertex 16.4076 6.65372 12.4406
      vertex 16.0635 6.97424 12.4406
    endloop
  endfacet
  facet normal 0.104631 0.112155 0.988167
    outer loop
      vertex 16.3146 6.53224 12.4643
      vertex 15.9794 6.70134 12.4806
      vertex 16.074 6.30559 12.5155
    endloop
  endfacet
  facet normal 0.126824 0.090832 0.987758
    outer loop
      vertex 17.3518 5.60419 12.4507
      vertex 18.1603 4.58516 12.4406
      vertex 17.4149 5.62592 12.4406
    endloop
  endfacet
  facet normal 0.127062 0.0910216 0.98771
    outer loop
      vertex 17.1649 5.52002 12.4825
      vertex 18.1603 4.58516 12.4406
      vertex 17.3518 5.60419 12.4507
    endloop
  endfacet
  facet normal 0.127159 0.0911262 0.987687
    outer loop
      vertex 16.9929 5.41753 12.5141
      vertex 18.1603 4.58516 12.4406
      vertex 17.1649 5.52002 12.4825
    endloop
  endfacet
  facet normal 0.127013 0.090918 0.987725
    outer loop
      vertex 16.836 5.29668 12.5454
      vertex 18.1603 4.58516 12.4406
      vertex 16.9929 5.41753 12.5141
    endloop
  endfacet
  facet normal 0.126875 0.0906542 0.987767
    outer loop
      vertex 16.6941 5.1575 12.5764
      vertex 18.1603 4.58516 12.4406
      vertex 16.836 5.29668 12.5454
    endloop
  endfacet
  facet normal 0.12711 0.0912781 0.98768
    outer loop
      vertex 16.5671 5 12.6073
      vertex 18.1603 4.58516 12.4406
      vertex 16.6941 5.1575 12.5764
    endloop
  endfacet
  facet normal 0.12703 0.0909521 0.98772
    outer loop
      vertex 16.4596 4.82109 12.6376
      vertex 18.1603 4.58516 12.4406
      vertex 16.5671 5 12.6073
    endloop
  endfacet
  facet normal 0.126986 0.0906071 0.987758
    outer loop
      vertex 16.376 4.61775 12.667
      vertex 18.1603 4.58516 12.4406
      vertex 16.4596 4.82109 12.6376
    endloop
  endfacet
  facet normal 0.12699 0.0911663 0.987706
    outer loop
      vertex 16.3163 4.38997 12.6957
      vertex 18.1603 4.58516 12.4406
      vertex 16.376 4.61775 12.667
    endloop
  endfacet
  facet normal 0.127027 0.0908423 0.987731
    outer loop
      vertex 16.2805 4.13776 12.7235
      vertex 18.1603 4.58516 12.4406
      vertex 16.3163 4.38997 12.6957
    endloop
  endfacet
  facet normal 0.126874 0.0914613 0.987693
    outer loop
      vertex 18.1603 4.58516 12.4406
      vertex 16.2805 4.13776 12.7235
      vertex 16.2739 3.98493 12.7385
    endloop
  endfacet
  facet normal 0.0529153 0.349512 -0.935437
    outer loop
      vertex 4.44171 16.2879 0.626379
      vertex -4.8826 19.6581 1.35815
      vertex -2.23461 19.2572 1.35815
    endloop
  endfacet
  facet normal 0.0774365 0.399256 -0.913564
    outer loop
      vertex 4.44171 16.2879 0.626379
      vertex -2.23461 19.2572 1.35815
      vertex 5.04387 17.4931 1.20413
    endloop
  endfacet
  facet normal -0.0238283 0.181102 -0.983176
    outer loop
      vertex -10.6099 15.9357 0.434379
      vertex -12.1914 17.1677 0.699644
      vertex -9.46746 17.5261 0.699644
    endloop
  endfacet
  facet normal -0.0349478 0.265613 -0.963446
    outer loop
      vertex -9.46746 17.5261 0.699644
      vertex -12.1914 17.1677 0.699644
      vertex -8.56987 18.7756 1.01156
    endloop
  endfacet
  facet normal 0.0595601 0.102363 -0.992962
    outer loop
      vertex 19.5973 5.75875 0.209519
      vertex 3.41945 13.3872 0.0255432
      vertex 4.83028 14.5343 0.228421
    endloop
  endfacet
  facet normal 0.0538692 0.109289 -0.992549
    outer loop
      vertex 4.83028 14.5343 0.228421
      vertex 3.41945 13.3872 0.0255432
      vertex 4.33282 14.7795 0.228421
    endloop
  endfacet
  facet normal 0.366145 0.090463 -0.92615
    outer loop
      vertex 28.404 2.60344 1.67077
      vertex 26.964 1.94648 1.03731
      vertex 27.9425 4.47134 1.67077
    endloop
  endfacet
  facet normal 0.391068 0.0297872 -0.91988
    outer loop
      vertex 28.557 0.594742 1.67077
      vertex 26.964 1.94648 1.03731
      vertex 28.404 2.60344 1.67077
    endloop
  endfacet
  facet normal 0.254882 0.0629827 -0.964919
    outer loop
      vertex 26.964 1.94648 1.03731
      vertex 25.2707 1.17398 0.539604
      vertex 26.5852 3.47943 1.03731
    endloop
  endfacet
  facet normal 0.0842562 0.00642271 -0.996423
    outer loop
      vertex 23.4467 -0.438684 0.196776
      vertex 21.3918 -0.595592 0.0220051
      vertex 23.3892 0.315629 0.196776
    endloop
  endfacet
  facet normal 0.505221 0.124842 -0.853912
    outer loop
      vertex 29.5355 3.1196 2.41565
      vertex 27.9425 4.47134 1.67077
      vertex 29.0089 5.25068 2.41565
    endloop
  endfacet
  facet normal 0.454339 0.206538 -0.866555
    outer loop
      vertex 27.9425 4.47134 1.67077
      vertex 27.19 6.12668 1.67077
      vertex 28.1504 7.13924 2.41565
    endloop
  endfacet
  facet normal 0.123974 0.205097 0.970858
    outer loop
      vertex 17.6454 9.4258 11.7207
      vertex 15.8496 10.5113 11.7207
      vertex 16.0635 6.97424 12.4406
    endloop
  endfacet
  facet normal 0.165656 0.177868 0.970011
    outer loop
      vertex 17.6454 9.4258 11.7207
      vertex 18.4098 7.72079 11.9028
      vertex 19.2046 7.97365 11.7207
    endloop
  endfacet
  facet normal 0.165914 0.177977 0.969947
    outer loop
      vertex 18.4098 7.72079 11.9028
      vertex 17.6454 9.4258 11.7207
      vertex 18.1368 7.70552 11.9523
    endloop
  endfacet
  facet normal 0.165484 0.177867 0.97004
    outer loop
      vertex 18.1368 7.70552 11.9523
      vertex 17.6454 9.4258 11.7207
      vertex 17.8529 7.65552 12.0099
    endloop
  endfacet
  facet normal 0.166018 0.177913 0.969941
    outer loop
      vertex 17.6454 9.4258 11.7207
      vertex 17.5835 7.57217 12.0713
      vertex 17.8529 7.65552 12.0099
    endloop
  endfacet
  facet normal 0.165472 0.177948 0.970028
    outer loop
      vertex 17.6454 9.4258 11.7207
      vertex 17.3285 7.45551 12.1362
      vertex 17.5835 7.57217 12.0713
    endloop
  endfacet
  facet normal 0.165641 0.177916 0.970005
    outer loop
      vertex 17.6454 9.4258 11.7207
      vertex 17.0879 7.3055 12.2048
      vertex 17.3285 7.45551 12.1362
    endloop
  endfacet
  facet normal 0.165754 0.177883 0.969991
    outer loop
      vertex 16.0635 6.97424 12.4406
      vertex 17.0879 7.3055 12.2048
      vertex 17.6454 9.4258 11.7207
    endloop
  endfacet
  facet normal 0.161594 0.189657 0.968461
    outer loop
      vertex 17.0879 7.3055 12.2048
      vertex 16.0635 6.97424 12.4406
      vertex 17.0763 7.29649 12.2085
    endloop
  endfacet
  facet normal -0.111831 0.285993 0.951684
    outer loop
      vertex -13.3123 10.365 12.6654
      vertex -17.9949 13.393 11.2052
      vertex -14.8548 9.76184 12.6654
    endloop
  endfacet
  facet normal -0.0376992 0.136214 0.989962
    outer loop
      vertex -13.1241 8.65506 13.1703
      vertex -12.6778 7.51327 13.3444
      vertex -12.1626 8.92117 13.1703
    endloop
  endfacet
  facet normal -0.0376748 0.136223 0.989962
    outer loop
      vertex -12.6778 7.51327 13.3444
      vertex -13.1241 8.65506 13.1703
      vertex -12.9846 7.61664 13.3185
    endloop
  endfacet
  facet normal -0.0366417 0.136365 0.989981
    outer loop
      vertex -12.9846 7.61664 13.3185
      vertex -13.1241 8.65506 13.1703
      vertex -13.0103 7.62135 13.3169
    endloop
  endfacet
  facet normal -0.0150472 0.521627 0.853041
    outer loop
      vertex -11.7865 17.5337 9.73142
      vertex -12.3972 16.1663 10.5568
      vertex -10.3103 16.2265 10.5568
    endloop
  endfacet
  facet normal -0.0150565 0.521619 0.853046
    outer loop
      vertex -9.24362 17.6071 9.73142
      vertex -11.7865 17.5337 9.73142
      vertex -10.3103 16.2265 10.5568
    endloop
  endfacet
  facet normal -0.350058 0.76625 0.538814
    outer loop
      vertex -20.4357 16.4276 8.76091
      vertex -23.9141 15.5968 7.68254
      vertex -23.2303 15.1509 8.76091
    endloop
  endfacet
  facet normal -0.422764 0.710908 0.562033
    outer loop
      vertex -23.9141 15.5968 7.68254
      vertex -25.716 13.6727 8.76091
      vertex -23.2303 15.1509 8.76091
    endloop
  endfacet
  facet normal 0.178724 -0.0139406 -0.983801
    outer loop
      vertex 25.2655 -1.31468 0.539604
      vertex 23.386 -1.21688 0.196776
      vertex 23.4467 -0.438684 0.196776
    endloop
  endfacet
  facet normal 0.177256 -0.0404994 -0.983331
    outer loop
      vertex 24.979 -2.56862 0.539604
      vertex 23.386 -1.21688 0.196776
      vertex 25.2655 -1.31468 0.539604
    endloop
  endfacet
  facet normal 7.17967e-05 3.1696e-05 -1
    outer loop
      vertex 18.1561 -5.74209 0.0100784
      vertex -15.1452 3.40779 0.00797749
      vertex 18.1073 -5.63155 0.0100784
    endloop
  endfacet
  facet normal 8.62231e-05 8.42745e-05 -1
    outer loop
      vertex 18.1073 -5.63155 0.0100784
      vertex -15.2282 3.54535 0.00797749
      vertex 18.0208 -5.54305 0.0100784
    endloop
  endfacet
  facet normal 0.0822343 -0.0318779 -0.996103
    outer loop
      vertex 22.9242 -2.72553 0.196776
      vertex 21.2348 -1.62247 0.0220051
      vertex 21.3312 -1.37379 0.0220051
    endloop
  endfacet
  facet normal 0.0055788 -0.00127311 -0.999984
    outer loop
      vertex 21.3312 -1.37379 0.0220051
      vertex 18.135 -6.01161 0.0100784
      vertex 21.3907 -1.11306 0.0220051
    endloop
  endfacet
  facet normal 0.00105472 0.00168153 -0.999998
    outer loop
      vertex 20.055 2.72122 0.0234299
      vertex 12.4732 -0.341285 0.0102835
      vertex 19.9276 2.80113 0.0234299
    endloop
  endfacet
  facet normal 0.00102323 0.00175624 -0.999998
    outer loop
      vertex 12.4732 -0.341285 0.0102835
      vertex 12.3153 -0.249289 0.0102835
      vertex 19.9276 2.80113 0.0234299
    endloop
  endfacet
  facet normal 0.143309 0.0651345 -0.987532
    outer loop
      vertex 24.9892 2.31307 0.539604
      vertex 22.9333 1.63869 0.196776
      vertex 24.5304 3.32252 0.539604
    endloop
  endfacet
  facet normal 0.143304 0.0651487 -0.987532
    outer loop
      vertex 23.2159 1.01707 0.196776
      vertex 22.9333 1.63869 0.196776
      vertex 24.9892 2.31307 0.539604
    endloop
  endfacet
  facet normal 0.123338 0.118036 -0.98532
    outer loop
      vertex 20.3567 5.12293 0.209519
      vertex 19.9747 5.52209 0.209519
      vertex 23.9118 4.16356 0.539604
    endloop
  endfacet
  facet normal 0.116194 0.0902571 -0.989117
    outer loop
      vertex 22.5524 2.1566 0.196776
      vertex 20.3567 5.12293 0.209519
      vertex 23.9118 4.16356 0.539604
    endloop
  endfacet
  facet normal 0.460264 -0.461765 -0.758241
    outer loop
      vertex 24.9156 -12.3625 3.45334
      vertex 23.993 -13.2821 3.45334
      vertex 24.5378 -11.292 2.57208
    endloop
  endfacet
  facet normal 0.460245 -0.461765 -0.758253
    outer loop
      vertex 23.993 -13.2821 3.45334
      vertex 23.6875 -12.1395 2.57208
      vertex 24.5378 -11.292 2.57208
    endloop
  endfacet
  facet normal 0.320813 -0.224691 -0.920105
    outer loop
      vertex 26.1446 -7.28574 1.67077
      vertex 24.6178 -7.15478 1.10644
      vertex 25.1097 -6.16936 1.03731
    endloop
  endfacet
  facet normal 0.312749 -0.220924 -0.923786
    outer loop
      vertex 24.6178 -7.15478 1.10644
      vertex 23.6929 -7.03749 0.765264
      vertex 25.1097 -6.16936 1.03731
    endloop
  endfacet
  facet normal 0.269804 -0.091003 -0.958605
    outer loop
      vertex 25.0687 -4.67973 0.765264
      vertex 24.979 -2.56862 0.539604
      vertex 26.5714 -3.09022 1.03731
    endloop
  endfacet
  facet normal 0.291423 -0.11293 -0.949905
    outer loop
      vertex 25.9477 -4.69972 1.03731
      vertex 25.0687 -4.67973 0.765264
      vertex 26.5714 -3.09022 1.03731
    endloop
  endfacet
  facet normal 0.144272 -0.135344 -0.980238
    outer loop
      vertex 21.6275 -7.835 0.47512
      vertex 20.4715 -7.4162 0.247154
      vertex 22.5157 -6.88821 0.47512
    endloop
  endfacet
  facet normal 0.210859 -0.197814 -0.957292
    outer loop
      vertex 22.6106 -8.19116 0.765264
      vertex 22.5157 -6.88821 0.47512
      vertex 23.6929 -7.03749 0.765264
    endloop
  endfacet
  facet normal -0.00449211 -0.111326 -0.993774
    outer loop
      vertex 3.5772 -15.0387 0.194953
      vertex 3.4327 -13.4872 0.021801
      vertex 3.74744 -13.4999 0.021801
    endloop
  endfacet
  facet normal -0.00010505 -0.00260343 -0.999997
    outer loop
      vertex 3.4327 -13.4872 0.021801
      vertex 0.472262 -8.71446 0.00968647
      vertex 3.74744 -13.4999 0.021801
    endloop
  endfacet
  facet normal 0.000593871 0.00156142 -0.999999
    outer loop
      vertex -14.2271 9.66016 0.0092144
      vertex -14.4448 9.74296 0.0092144
      vertex 3.25148 13.47 0.0255432
    endloop
  endfacet
  facet normal 0.000604692 0.00151178 -0.999999
    outer loop
      vertex 12.3153 -0.249289 0.0102835
      vertex -14.2271 9.66016 0.0092144
      vertex 3.25148 13.47 0.0255432
    endloop
  endfacet
  facet normal 0.00264634 0.000653629 -0.999996
    outer loop
      vertex 21.3918 -0.595592 0.0220051
      vertex 18.1561 -5.74209 0.0100784
      vertex 21.3333 -0.358744 0.0220051
    endloop
  endfacet
  facet normal 0.161478 0.0398951 -0.98607
    outer loop
      vertex 23.3892 0.315629 0.196776
      vertex 23.2159 1.01707 0.196776
      vertex 24.9892 2.31307 0.539604
    endloop
  endfacet
  facet normal -0.00669771 0.0195472 -0.999787
    outer loop
      vertex -15.4419 10.747 0.0286703
      vertex -16.1059 9.52437 0.0092144
      vertex -15.7749 10.6329 0.0286703
    endloop
  endfacet
  facet normal -0.0207418 0.0605347 -0.997951
    outer loop
      vertex -15.7749 10.6329 0.0286703
      vertex -16.6311 11.2253 0.0824003
      vertex -15.4419 10.747 0.0286703
    endloop
  endfacet
  facet normal -0.019133 0.0799514 -0.996615
    outer loop
      vertex -14.4687 11.8531 0.0824003
      vertex -15.5443 11.5957 0.0824003
      vertex -13.6143 13.8471 0.225962
    endloop
  endfacet
  facet normal -9.13206e-05 0.000205683 -1
    outer loop
      vertex -15.8252 3.63533 0.00797749
      vertex -16.4626 9.366 0.0092144
      vertex -16.1059 9.52437 0.0092144
    endloop
  endfacet
  facet normal -0.0230169 0.0132668 -0.999647
    outer loop
      vertex -17.6542 8.31798 0.0092144
      vertex -21.2163 7.65252 0.0824003
      vertex -17.5291 8.53502 0.0092144
    endloop
  endfacet
  facet normal -0.0231027 0.0262687 -0.999388
    outer loop
      vertex -17.339 8.75676 0.0092144
      vertex -20.2829 8.95201 0.0824003
      vertex -19.5491 9.59737 0.0824003
    endloop
  endfacet
  facet normal -0.0235116 0.0201533 -0.99952
    outer loop
      vertex -17.339 8.75676 0.0092144
      vertex -20.8458 8.29531 0.0824003
      vertex -20.2829 8.95201 0.0824003
    endloop
  endfacet
  facet normal 6.82459e-05 1.87726e-05 -1
    outer loop
      vertex -15.0969 3.2322 0.00797749
      vertex -15.1452 3.40779 0.00797749
      vertex 18.1561 -5.74209 0.0100784
    endloop
  endfacet
  facet normal -0.0238443 0.030589 -0.999248
    outer loop
      vertex -16.5931 10.1464 0.0286703
      vertex -19.5491 9.59737 0.0824003
      vertex -16.3618 10.3267 0.0286703
    endloop
  endfacet
  facet normal 0.000104495 0.000150871 -1
    outer loop
      vertex 18.0208 -5.54305 0.0100784
      vertex -15.3426 3.6396 0.00797749
      vertex 12.4732 -0.341285 0.0102835
    endloop
  endfacet
  facet normal -0.0812132 -0.611787 0.786843
    outer loop
      vertex -7.83734 -11.861 11.9187
      vertex -10.8212 -11.4649 11.9187
      vertex 0.667563 -18.802 7.39975
    endloop
  endfacet
  facet normal -0.0808199 -0.611484 0.787118
    outer loop
      vertex -6.0502 -11.1547 12.6509
      vertex -7.83734 -11.861 11.9187
      vertex 0.667563 -18.802 7.39975
    endloop
  endfacet
  facet normal -0.0244703 -0.606195 0.794939
    outer loop
      vertex 11.0129 -16.168 9.72681
      vertex 0.667563 -18.802 7.39975
      vertex 3.14979 -18.9022 7.39975
    endloop
  endfacet
  facet normal -0.0260057 -0.644232 0.764388
    outer loop
      vertex 0.667563 -18.802 7.39975
      vertex 0.221408 -19.6596 6.66178
      vertex 3.14979 -18.9022 7.39975
    endloop
  endfacet
  facet normal -0.0574653 -0.432768 0.899672
    outer loop
      vertex -5.42981 -10.1887 13.1552
      vertex -6.0502 -11.1547 12.6509
      vertex -4.06445 -10.37 13.1552
    endloop
  endfacet
  facet normal -0.126121 -0.478972 0.868723
    outer loop
      vertex -11.7761 -10.0841 12.6509
      vertex -15.5431 -10.4202 11.9187
      vertex -10.2008 -10.4989 12.6509
    endloop
  endfacet
  facet normal -0.0218007 -0.244036 0.969521
    outer loop
      vertex -1.95638 -9.5369 13.4123
      vertex -4.06445 -10.37 13.1552
      vertex -2.57677 -10.5029 13.1552
    endloop
  endfacet
  facet normal -0.0414516 -0.463832 0.884953
    outer loop
      vertex -4.06445 -10.37 13.1552
      vertex -6.0502 -11.1547 12.6509
      vertex -3.63434 -11.3706 12.6509
    endloop
  endfacet
  facet normal -0.00804412 -0.545732 0.837921
    outer loop
      vertex 1.41782 -11.5369 12.6509
      vertex -1.1127 -11.4996 12.6509
      vertex 11.0129 -16.168 9.72681
    endloop
  endfacet
  facet normal 0.0118164 -0.516231 0.856368
    outer loop
      vertex 3.85997 -11.481 12.6509
      vertex 1.41782 -11.5369 12.6509
      vertex 11.0129 -16.168 9.72681
    endloop
  endfacet
  facet normal -0.226106 -0.18357 0.956649
    outer loop
      vertex -16.5468 -3.88295 13.2857
      vertex -18.033 -9.1763 11.9187
      vertex -16.3059 -4.17967 13.2857
    endloop
  endfacet
  facet normal 0.0462301 -0.396064 0.917059
    outer loop
      vertex 4.65583 -10.3374 13.1552
      vertex 3.42986 -10.4805 13.1552
      vertex 8.11076 -11.1018 12.6509
    endloop
  endfacet
  facet normal 0.00166062 -0.0142325 0.999897
    outer loop
      vertex 0.988098 -9.5259 13.4123
      vertex -16.2755 -2.19632 13.5453
      vertex 0.574138 -9.5742 13.4123
    endloop
  endfacet
  facet normal -0.220567 -0.130201 0.966643
    outer loop
      vertex -16.5093 -2.01914 13.5453
      vertex -16.59 -1.88243 13.5453
      vertex -16.5468 -3.88295 13.2857
    endloop
  endfacet
  facet normal 0.0107086 -0.468152 0.883583
    outer loop
      vertex 2.03821 -10.5709 13.1552
      vertex 0.534335 -10.6053 13.1552
      vertex 1.41782 -11.5369 12.6509
    endloop
  endfacet
  facet normal 0.00564069 -0.246596 0.969102
    outer loop
      vertex 2.03821 -10.5709 13.1552
      vertex -0.403557 -9.61637 13.4123
      vertex 0.534335 -10.6053 13.1552
    endloop
  endfacet
  facet normal 0.269141 -0.480315 -0.834782
    outer loop
      vertex 15.534 -16.546 2.39326
      vertex 13.6009 -17.6292 2.39326
      vertex 14.0892 -16.073 1.65529
    endloop
  endfacet
  facet normal 0.27351 -0.472076 -0.838055
    outer loop
      vertex 15.534 -16.546 2.39326
      vertex 14.0892 -16.073 1.65529
      vertex 23.6875 -12.1395 2.57208
    endloop
  endfacet
  facet normal 0.0547556 -0.9985 0
    outer loop
      vertex 2.95307 -20.6804 4.08375
      vertex 6.18259 -20.5033 4.9713
      vertex 2.95307 -20.6804 4.9713
    endloop
  endfacet
  facet normal 0.0547556 -0.9985 0
    outer loop
      vertex 6.18259 -20.5033 4.9713
      vertex 2.95307 -20.6804 4.08375
      vertex 6.18259 -20.5033 4.08375
    endloop
  endfacet
  facet normal 0.150037 -0.98868 0
    outer loop
      vertex 6.18259 -20.5033 4.08375
      vertex 9.32186 -20.0269 4.9713
      vertex 6.18259 -20.5033 4.9713
    endloop
  endfacet
  facet normal 0.150037 -0.98868 0
    outer loop
      vertex 9.32186 -20.0269 4.9713
      vertex 6.18259 -20.5033 4.08375
      vertex 9.32186 -20.0269 4.08375
    endloop
  endfacet
  facet normal 0.34149 -0.651054 -0.677874
    outer loop
      vertex 14.4317 -18.0472 3.21325
      vertex 13.6009 -17.6292 2.39326
      vertex 23.993 -13.2821 3.45334
    endloop
  endfacet
  facet normal 0.388134 -0.751955 -0.532837
    outer loop
      vertex 24.1488 -13.8646 4.38887
      vertex 14.4317 -18.0472 3.21325
      vertex 23.993 -13.2821 3.45334
    endloop
  endfacet
  facet normal 0.330128 -0.585254 0.740603
    outer loop
      vertex 19.2568 -13.545 9.72681
      vertex 16.6724 -15.0028 9.72681
      vertex 17.1134 -16.2691 8.52955
    endloop
  endfacet
  facet normal 0.201985 -0.634802 0.745807
    outer loop
      vertex 16.6724 -15.0028 9.72681
      vertex 13.8888 -15.8885 9.72681
      vertex 17.1134 -16.2691 8.52955
    endloop
  endfacet
  facet normal 0.974881 -0.222726 0
    outer loop
      vertex 30.0963 -4.24476 5.01779
      vertex 30.7011 -1.59752 4.12194
      vertex 30.7011 -1.59752 5.01779
    endloop
  endfacet
  facet normal 0.974881 -0.222726 0
    outer loop
      vertex 30.7011 -1.59752 4.12194
      vertex 30.0963 -4.24476 5.01779
      vertex 30.0963 -4.24476 4.12194
    endloop
  endfacet
  facet normal 0.828169 -0.380256 0.411754
    outer loop
      vertex 28.7817 -6.55021 5.89643
      vertex 26.4539 -10.0122 7.38122
      vertex 29.1178 -6.76963 5.01779
    endloop
  endfacet
  facet normal 0.851279 -0.329911 0.408022
    outer loop
      vertex 29.7226 -4.12238 5.89643
      vertex 28.7817 -6.55021 5.89643
      vertex 29.1178 -6.76963 5.01779
    endloop
  endfacet
  facet normal 0.355691 -0.18548 0.916014
    outer loop
      vertex 23.2282 -5.62008 10.8043
      vertex 21.966 -8.04057 10.8043
      vertex 23.3428 -9.9098 9.89119
    endloop
  endfacet
  facet normal 0.489003 -0.150713 0.859163
    outer loop
      vertex 24.0394 -2.98807 10.8043
      vertex 23.2282 -5.62008 10.8043
      vertex 24.8823 -6.39559 9.72681
    endloop
  endfacet
  facet normal 0.31181 -0.188297 0.9313
    outer loop
      vertex 21.966 -8.04057 10.8043
      vertex 20.0871 -6.6195 11.7207
      vertex 20.3513 -9.8113 10.9869
    endloop
  endfacet
  facet normal 0.296713 -0.190572 0.935758
    outer loop
      vertex 20.0871 -6.6195 11.7207
      vertex 19.8694 -10.5616 10.9869
      vertex 20.3513 -9.8113 10.9869
    endloop
  endfacet
  facet normal -0.43592 -0.719659 0.54043
    outer loop
      vertex -26.605 -14.2856 3.97589
      vertex -28.4545 -13.1653 3.97589
      vertex -26.9474 -14.5231 3.38344
    endloop
  endfacet
  facet normal -0.225898 -0.869915 0.438427
    outer loop
      vertex -5.66736 -19.1494 5.84179
      vertex -24.6816 -15.4508 3.38344
      vertex -22.1604 -16.1055 3.38344
    endloop
  endfacet
  facet normal -0.435992 -0.719693 0.540326
    outer loop
      vertex -28.4545 -13.1653 3.97589
      vertex -28.8708 -13.3579 3.38344
      vertex -26.9474 -14.5231 3.38344
    endloop
  endfacet
  facet normal -0.545296 -0.605256 0.579929
    outer loop
      vertex -28.4545 -13.1653 3.97589
      vertex -30.3779 -12.0001 3.38344
      vertex -28.8708 -13.3579 3.38344
    endloop
  endfacet
  facet normal -0.222974 -0.903709 0.365504
    outer loop
      vertex -3.00811 -19.8367 5.84179
      vertex -22.1604 -16.1055 3.38344
      vertex -3.28156 -20.1213 4.9713
    endloop
  endfacet
  facet normal -0.227012 -0.84355 0.486712
    outer loop
      vertex -24.4262 -15.1777 3.97589
      vertex -24.6816 -15.4508 3.38344
      vertex -5.66736 -19.1494 5.84179
    endloop
  endfacet
  facet normal -0.644892 -0.444533 -0.621695
    outer loop
      vertex -30.3779 -12.0001 2.77938
      vertex -31.4107 -10.5018 2.77938
      vertex -29.9036 -11.8596 2.18692
    endloop
  endfacet
  facet normal -0.644941 -0.444645 -0.621564
    outer loop
      vertex -29.9036 -11.8596 2.18692
      vertex -31.4107 -10.5018 2.77938
      vertex -30.8968 -10.419 2.18692
    endloop
  endfacet
  facet normal -0.073711 -0.465717 -0.881858
    outer loop
      vertex -1.69297 -18.4679 1.65529
      vertex -21.2398 -14.373 1.12658
      vertex -0.701822 -17.4364 1.0277
    endloop
  endfacet
  facet normal -0.0666778 -0.471081 -0.879566
    outer loop
      vertex 1.23541 -17.7106 1.0277
      vertex -1.69297 -18.4679 1.65529
      vertex -0.701822 -17.4364 1.0277
    endloop
  endfacet
  facet normal -0.0762896 -0.477201 -0.875476
    outer loop
      vertex -1.69297 -18.4679 1.65529
      vertex -21.6911 -15.2223 1.62884
      vertex -21.2398 -14.373 1.12658
    endloop
  endfacet
  facet normal -0.0989842 -0.61627 -0.78129
    outer loop
      vertex -2.4717 -19.2784 2.39326
      vertex -21.6911 -15.2223 1.62884
      vertex -1.69297 -18.4679 1.65529
    endloop
  endfacet
  facet normal -0.239236 -0.584292 -0.77548
    outer loop
      vertex -24.4262 -15.1777 2.18692
      vertex -26.605 -14.2856 2.18692
      vertex -23.9253 -14.6421 1.62884
    endloop
  endfacet
  facet normal -0.435922 -0.719662 -0.540424
    outer loop
      vertex -26.9474 -14.5231 2.77938
      vertex -28.4545 -13.1653 2.18692
      vertex -26.605 -14.2856 2.18692
    endloop
  endfacet
  facet normal -0.180119 -0.199908 -0.963117
    outer loop
      vertex -24.9431 -11.5406 0.699447
      vertex -27.6227 -11.1841 1.12658
      vertex -25.9038 -10.675 0.699447
    endloop
  endfacet
  facet normal -0.135991 -0.0937447 -0.986265
    outer loop
      vertex -23.8825 -10.0764 0.363849
      vertex -26.5621 -9.71997 0.699447
      vertex -24.3717 -9.36674 0.363849
    endloop
  endfacet
  facet normal -0.644937 -0.444642 0.62157
    outer loop
      vertex -30.8968 -10.419 3.97589
      vertex -31.4107 -10.5018 3.38344
      vertex -29.9036 -11.8596 3.97589
    endloop
  endfacet
  facet normal -0.620399 -0.427725 0.657387
    outer loop
      vertex -26.7532 -9.20889 8.6737
      vertex -30.8968 -10.419 3.97589
      vertex -29.9036 -11.8596 3.97589
    endloop
  endfacet
  facet normal -0.169098 0.20309 0.964448
    outer loop
      vertex -18.1902 7.20538 12.767
      vertex -18.7939 7.18521 12.6654
      vertex -18.1902 7.05674 12.7983
    endloop
  endfacet
  facet normal -0.169112 0.202573 0.964554
    outer loop
      vertex -15.7948 7.2854 13.1703
      vertex -16.5149 7.26134 13.0491
      vertex -16.3818 6.79536 13.1703
    endloop
  endfacet
  facet normal -0.169112 0.202773 0.964512
    outer loop
      vertex -15.7948 7.2854 13.1703
      vertex -16.6068 7.5833 12.9653
      vertex -16.5149 7.26134 13.0491
    endloop
  endfacet
  facet normal -0.169304 0.202296 0.964579
    outer loop
      vertex -17.6493 8.14079 12.6654
      vertex -16.6068 7.5833 12.9653
      vertex -15.7948 7.2854 13.1703
    endloop
  endfacet
  facet normal -0.169102 0.202652 0.96454
    outer loop
      vertex -17.6493 8.14079 12.6654
      vertex -18.1902 7.5833 12.6877
      vertex -16.6068 7.5833 12.9653
    endloop
  endfacet
  facet normal -0.169099 0.202403 0.964592
    outer loop
      vertex -18.1902 7.5833 12.6877
      vertex -18.7939 7.18521 12.6654
      vertex -18.1902 7.20538 12.767
    endloop
  endfacet
  facet normal -0.169517 0.203048 0.964384
    outer loop
      vertex -18.7939 7.18521 12.6654
      vertex -18.1902 7.5833 12.6877
      vertex -17.6493 8.14079 12.6654
    endloop
  endfacet
  facet normal -0.458242 0.279752 0.843654
    outer loop
      vertex -29.3942 10.3446 8.76091
      vertex -30.4454 8.6227 8.76091
      vertex -28.5617 8.78147 9.73142
    endloop
  endfacet
  facet normal -0.462742 0.128626 0.877112
    outer loop
      vertex -30.4454 8.6227 8.76091
      vertex -30.9103 6.95018 8.76091
      vertex -28.5617 8.78147 9.73142
    endloop
  endfacet
  facet normal -0.33107 0.0920211 0.939109
    outer loop
      vertex -26.1643 8.98355 10.5568
      vertex -28.9692 7.3155 9.73142
      vertex -26.4987 7.78046 10.5568
    endloop
  endfacet
  facet normal -0.328005 0.070536 0.942039
    outer loop
      vertex -26.4987 7.78046 10.5568
      vertex -28.9692 7.3155 9.73142
      vertex -23.4511 3.58061 11.9324
    endloop
  endfacet
  facet normal -0.278806 0.103413 0.954763
    outer loop
      vertex -20.3594 5.16614 12.6654
      vertex -26.1643 8.98355 10.5568
      vertex -22.9655 4.90741 11.9324
    endloop
  endfacet
  facet normal -0.279932 0.102453 0.954537
    outer loop
      vertex -22.9655 4.90741 11.9324
      vertex -26.1643 8.98355 10.5568
      vertex -23.4511 3.58061 11.9324
    endloop
  endfacet
  facet normal -0.111269 -0.786094 0.60801
    outer loop
      vertex -2.4717 -19.2784 6.66178
      vertex -3.00811 -19.8367 5.84179
      vertex 0.221408 -19.6596 6.66178
    endloop
  endfacet
  facet normal -0.140131 -0.990133 0
    outer loop
      vertex -3.28156 -20.1213 4.08375
      vertex -0.242578 -20.5514 4.9713
      vertex -3.28156 -20.1213 4.9713
    endloop
  endfacet
  facet normal -0.140131 -0.990133 -0
    outer loop
      vertex -0.242578 -20.5514 4.9713
      vertex -3.28156 -20.1213 4.08375
      vertex -0.242578 -20.5514 4.08375
    endloop
  endfacet
  facet normal -0.0911758 -0.621129 0.778387
    outer loop
      vertex -1.69297 -18.4679 7.39975
      vertex -10.8212 -11.4649 11.9187
      vertex -2.4717 -19.2784 6.66178
    endloop
  endfacet
  facet normal -0.088174 -0.62298 0.777252
    outer loop
      vertex -1.69297 -18.4679 7.39975
      vertex -2.4717 -19.2784 6.66178
      vertex 0.667563 -18.802 7.39975
    endloop
  endfacet
  facet normal -0.126121 -0.478973 0.868722
    outer loop
      vertex -10.2008 -10.4989 12.6509
      vertex -15.5431 -10.4202 11.9187
      vertex -13.4232 -10.9784 11.9187
    endloop
  endfacet
  facet normal -0.158551 -0.232897 0.95949
    outer loop
      vertex -13.6262 -9.15983 12.6509
      vertex -17.0997 -9.81167 11.9187
      vertex -12.9327 -9.63195 12.6509
    endloop
  endfacet
  facet normal -0.676767 0.633788 0.374566
    outer loop
      vertex -29.4162 12.3248 6.53775
      vertex -30.6023 10.3817 7.68254
      vertex -28.8696 12.2319 7.68254
    endloop
  endfacet
  facet normal -0.558554 0.523082 0.643741
    outer loop
      vertex -28.8696 12.2319 7.68254
      vertex -30.6023 10.3817 7.68254
      vertex -27.7973 12.0498 8.76091
    endloop
  endfacet
  facet normal -0.773125 0.471923 0.423753
    outer loop
      vertex -31.2182 10.4007 6.53775
      vertex -32.4043 8.45758 6.53775
      vertex -31.7428 8.51334 7.68254
    endloop
  endfacet
  facet normal 0.0183424 0.021939 0.999591
    outer loop
      vertex -13.3698 5.27985 13.4566
      vertex -13.312 5.04472 13.4607
      vertex -13.3646 5.26639 13.4568
    endloop
  endfacet
  facet normal -0.00049811 0.0173121 0.99985
    outer loop
      vertex -16.1207 0.973078 13.5298
      vertex -13.312 5.04472 13.4607
      vertex -13.3698 5.27985 13.4566
    endloop
  endfacet
  facet normal 0.00132889 0.0160521 0.99987
    outer loop
      vertex -13.312 5.04472 13.4607
      vertex -16.1207 0.973078 13.5298
      vertex -16.1207 0.917018 13.5307
    endloop
  endfacet
  facet normal -0.07601 0.274663 0.958532
    outer loop
      vertex -11.7509 10.7971 12.6654
      vertex -13.3123 10.365 12.6654
      vertex -13.1241 8.65506 13.1703
    endloop
  endfacet
  facet normal 0.00180161 0.0150691 0.999885
    outer loop
      vertex -11.7248 6.95887 13.4277
      vertex -11.8465 6.97342 13.4277
      vertex -11.7733 6.89168 13.4288
    endloop
  endfacet
  facet normal -0.0112054 0.0139042 0.999841
    outer loop
      vertex -13.312 5.04472 13.4607
      vertex -13.2792 4.80509 13.4644
      vertex -13.3063 5.02055 13.4611
    endloop
  endfacet
  facet normal 0.00185718 0.0156927 0.999875
    outer loop
      vertex -16.1207 0.917018 13.5307
      vertex -13.2792 4.80509 13.4644
      vertex -13.312 5.04472 13.4607
    endloop
  endfacet
  facet normal 0.00103552 0.0162931 0.999867
    outer loop
      vertex -13.2792 4.80509 13.4644
      vertex -16.1207 0.917018 13.5307
      vertex -16.1207 0.867924 13.5315
    endloop
  endfacet
  facet normal -0.0213758 0.132731 0.990922
    outer loop
      vertex -12.1626 8.92117 13.1703
      vertex -12.4897 7.43061 13.3629
      vertex -12.2629 7.31185 13.3837
    endloop
  endfacet
  facet normal -0.00388788 0.123999 0.992275
    outer loop
      vertex -10.3516 9.10095 13.1703
      vertex -12.0935 7.18901 13.4024
      vertex -11.93 7.0653 13.4185
    endloop
  endfacet
  facet normal 0.00155106 0.024746 0.999693
    outer loop
      vertex -13.5703 5.68109 13.4478
      vertex -13.4561 5.49618 13.4522
      vertex -13.5513 5.6597 13.4483
    endloop
  endfacet
  facet normal -0.00549705 0.0203951 0.999777
    outer loop
      vertex -16.1207 1.10636 13.5271
      vertex -13.4561 5.49618 13.4522
      vertex -13.5703 5.68109 13.4478
    endloop
  endfacet
  facet normal -0.00714626 0.0213956 0.999746
    outer loop
      vertex -13.4561 5.49618 13.4522
      vertex -16.1207 1.10636 13.5271
      vertex -16.1207 1.03627 13.5286
    endloop
  endfacet
  facet normal -0.165008 0.361185 0.917779
    outer loop
      vertex -17.9949 13.393 11.2052
      vertex -20.9742 13.6795 10.5568
      vertex -19.4886 12.7106 11.2052
    endloop
  endfacet
  facet normal -0.192793 0.32418 0.926142
    outer loop
      vertex -20.9742 13.6795 10.5568
      vertex -22.7623 12.6161 10.5568
      vertex -19.4886 12.7106 11.2052
    endloop
  endfacet
  facet normal -0.144051 0.422759 -0.89472
    outer loop
      vertex -18.2472 16.4595 1.01156
      vertex -18.4521 17.1232 1.35815
      vertex -14.8693 18.344 1.35815
    endloop
  endfacet
  facet normal -0.232422 0.682112 -0.693327
    outer loop
      vertex -14.8693 18.344 1.35815
      vertex -18.4521 17.1232 1.35815
      vertex -14.8305 18.7312 1.72608
    endloop
  endfacet
  facet normal 0.0753028 0.249286 -0.965498
    outer loop
      vertex 5.35142 16.0131 0.626379
      vertex 3.77262 14.9487 0.228421
      vertex 4.44171 16.2879 0.626379
    endloop
  endfacet
  facet normal 0.0489188 0.339315 -0.9394
    outer loop
      vertex 3.46508 16.4287 0.626379
      vertex -4.8826 19.6581 1.35815
      vertex 4.44171 16.2879 0.626379
    endloop
  endfacet
  facet normal -0.0194503 0.674962 0.737596
    outer loop
      vertex -11.3066 18.6081 8.76091
      vertex -11.7865 17.5337 9.73142
      vertex -8.40552 18.6917 8.76091
    endloop
  endfacet
  facet normal 0.00127519 0.85718 0.515015
    outer loop
      vertex 4.13117 19.5868 7.80541
      vertex 2.21064 20.1669 6.84466
      vertex 2.24902 19.5896 7.80541
    endloop
  endfacet
  facet normal -0.114422 0.835113 0.538046
    outer loop
      vertex -14.286 18.8946 7.68254
      vertex -14.357 18.1901 8.76091
      vertex -10.9761 19.3481 7.68254
    endloop
  endfacet
  facet normal -0.197438 0.826601 0.52702
    outer loop
      vertex -14.286 18.8946 7.68254
      vertex -17.6307 18.0957 7.68254
      vertex -14.357 18.1901 8.76091
    endloop
  endfacet
  facet normal -0.231119 0.967625 -0.101422
    outer loop
      vertex -11.1433 19.6137 1.72608
      vertex -17.7281 18.4229 5.37054
      vertex -14.2498 19.2537 5.37054
    endloop
  endfacet
  facet normal -0.231547 0.967434 -0.102257
    outer loop
      vertex -14.8305 18.7312 1.72608
      vertex -17.7281 18.4229 5.37054
      vertex -11.1433 19.6137 1.72608
    endloop
  endfacet
  facet normal -0.470163 0.842751 -0.262141
    outer loop
      vertex -22.1781 15.8535 1.72608
      vertex -25.556 13.969 1.72608
      vertex -24.2626 15.8242 5.37054
    endloop
  endfacet
  facet normal -0.348143 0.624034 -0.699556
    outer loop
      vertex -21.9344 15.577 1.35815
      vertex -25.556 13.969 1.72608
      vertex -22.1781 15.8535 1.72608
    endloop
  endfacet
  facet normal -0.965142 0.261727 0
    outer loop
      vertex -34.8378 3.14146 1.72608
      vertex -34.2761 5.21278 2.10122
      vertex -34.2761 5.21278 1.72608
    endloop
  endfacet
  facet normal -0.965142 0.261727 0
    outer loop
      vertex -34.2761 5.21278 2.10122
      vertex -34.8378 3.14146 1.72608
      vertex -34.8378 3.14146 2.10122
    endloop
  endfacet
  facet normal -0.0146957 0.0614091 -0.998004
    outer loop
      vertex -15.4419 10.747 0.0286703
      vertex -15.5443 11.5957 0.0824003
      vertex -14.4687 11.8531 0.0824003
    endloop
  endfacet
  facet normal -0.0441431 0.129545 -0.990591
    outer loop
      vertex -17.1258 12.8276 0.225962
      vertex -17.571 14.2696 0.434379
      vertex -15.3609 13.429 0.225962
    endloop
  endfacet
  facet normal -0.00452611 0.018951 -0.99981
    outer loop
      vertex -15.3758 9.73634 0.0092144
      vertex -15.4419 10.747 0.0286703
      vertex -15.0994 10.8288 0.0286703
    endloop
  endfacet
  facet normal -0.0146587 0.0613767 -0.998007
    outer loop
      vertex -15.0994 10.8288 0.0286703
      vertex -15.4419 10.747 0.0286703
      vertex -14.4687 11.8531 0.0824003
    endloop
  endfacet
  facet normal -0.172363 0.147757 -0.973888
    outer loop
      vertex -29.1732 7.69346 0.699644
      vertex -31.052 7.55767 1.01156
      vertex -27.6741 9.4422 0.699644
    endloop
  endfacet
  facet normal -0.172361 0.147755 -0.973889
    outer loop
      vertex -27.6741 9.4422 0.699644
      vertex -31.052 7.55767 1.01156
      vertex -29.3417 9.5528 1.01156
    endloop
  endfacet
  facet normal -0.0408592 0.0732326 -0.996478
    outer loop
      vertex -17.6875 10.7563 0.0824003
      vertex -20.4413 11.1733 0.225962
      vertex -18.8413 12.066 0.225962
    endloop
  endfacet
  facet normal -0.0408586 0.0732363 -0.996477
    outer loop
      vertex -18.6728 10.2066 0.0824003
      vertex -20.4413 11.1733 0.225962
      vertex -17.6875 10.7563 0.0824003
    endloop
  endfacet
  facet normal -0.0179935 -0.103065 -0.994512
    outer loop
      vertex 1.75863 -14.8756 0.194953
      vertex -19.2395 -10.6088 0.132684
      vertex 3.13338 -13.4448 0.021801
    endloop
  endfacet
  facet normal -0.0139416 -0.0709878 -0.99738
    outer loop
      vertex 3.13338 -13.4448 0.021801
      vertex -19.2395 -10.6088 0.132684
      vertex -18.4429 -9.1095 0.0148373
    endloop
  endfacet
  facet normal -0.00449065 -0.111326 -0.993774
    outer loop
      vertex 3.5772 -15.0387 0.194953
      vertex 2.64507 -15.0011 0.194953
      vertex 3.4327 -13.4872 0.021801
    endloop
  endfacet
  facet normal -0.00916384 -0.227178 -0.97381
    outer loop
      vertex 3.5772 -15.0387 0.194953
      vertex 1.90314 -16.4271 0.534603
      vertex 2.64507 -15.0011 0.194953
    endloop
  endfacet
  facet normal -0.0198053 -0.49063 -0.871143
    outer loop
      vertex 3.14979 -18.9022 1.65529
      vertex 0.667563 -18.802 1.65529
      vertex 1.23541 -17.7106 1.0277
    endloop
  endfacet
  facet normal 0.117785 -0.455411 -0.882456
    outer loop
      vertex 8.09675 -18.3946 1.65529
      vertex 7.33239 -17.3762 1.0277
      vertex 9.19912 -16.8934 1.0277
    endloop
  endfacet
  facet normal 0.0338832 -0.223237 -0.974175
    outer loop
      vertex 6.4336 -16.1787 0.534603
      vertex 4.94659 -16.4044 0.534603
      vertex 5.43491 -14.8481 0.194953
    endloop
  endfacet
  facet normal 0.012568 -0.229443 -0.973241
    outer loop
      vertex 4.94659 -16.4044 0.534603
      vertex 3.5772 -15.0387 0.194953
      vertex 4.51922 -14.9871 0.194953
    endloop
  endfacet
  facet normal -0.000255643 -0.000926198 -1
    outer loop
      vertex 0.0761166 -8.66378 0.00968647
      vertex -18.6912 -9.04502 0.0148373
      vertex -0.0923901 -8.61727 0.00968647
    endloop
  endfacet
  facet normal -0.000254545 -0.000980205 -0.999999
    outer loop
      vertex -18.4429 -9.1095 0.0148373
      vertex -18.6912 -9.04502 0.0148373
      vertex 0.0761166 -8.66378 0.00968647
    endloop
  endfacet
  facet normal -0.000298458 0.000172029 -1
    outer loop
      vertex -16.7013 2.78106 0.00797749
      vertex -17.6542 8.31798 0.0092144
      vertex -17.5291 8.53502 0.0092144
    endloop
  endfacet
  facet normal -0.000891536 9.68219e-05 -1
    outer loop
      vertex -17.0066 1.81117 0.00797749
      vertex -17.7095 8.11397 0.0092144
      vertex -16.9816 2.04137 0.00797749
    endloop
  endfacet
  facet normal 7.29959e-05 0.000191923 -1
    outer loop
      vertex -14.2271 9.66016 0.0092144
      vertex -15.3426 3.6396 0.00797749
      vertex -14.4448 9.74296 0.0092144
    endloop
  endfacet
  facet normal 6.41719e-05 3.69143e-06 -1
    outer loop
      vertex -15.085 3.02533 0.00797749
      vertex -15.0969 3.2322 0.00797749
      vertex 18.1655 -5.87042 0.0100784
    endloop
  endfacet
  facet normal 0.0264025 -0.102078 -0.994426
    outer loop
      vertex 5.43491 -14.8481 0.194953
      vertex 4.37471 -13.4355 0.021801
      vertex 4.66313 -13.3609 0.021801
    endloop
  endfacet
  facet normal 0.0299353 -0.0592191 -0.997796
    outer loop
      vertex 17.5699 -8.01809 0.0901289
      vertex 4.9197 -13.2615 0.021801
      vertex 17.2773 -6.81721 0.0100784
    endloop
  endfacet
  facet normal 0.135971 -0.250213 -0.958596
    outer loop
      vertex 10.8597 -16.2501 1.0277
      vertex 9.05462 -15.3419 0.534603
      vertex 19.3732 -9.50669 0.47512
    endloop
  endfacet
  facet normal 0.197118 -0.351798 -0.915086
    outer loop
      vertex 12.3948 -17.0224 1.65529
      vertex 12.2503 -15.4709 1.0277
      vertex 14.0892 -16.073 1.65529
    endloop
  endfacet
  facet normal 0.0271174 -0.494477 -0.868767
    outer loop
      vertex 5.65832 -18.7646 1.65529
      vertex 3.27252 -17.7928 1.0277
      vertex 5.33122 -17.6799 1.0277
    endloop
  endfacet
  facet normal 0.0194889 -0.355375 -0.934521
    outer loop
      vertex 5.33122 -17.6799 1.0277
      vertex 3.27252 -17.7928 1.0277
      vertex 3.41684 -16.4882 0.534603
    endloop
  endfacet
  facet normal 0.0355487 -0.648019 -0.760794
    outer loop
      vertex 5.91532 -19.6169 2.39326
      vertex 3.05336 -19.7739 2.39326
      vertex 5.65832 -18.7646 1.65529
    endloop
  endfacet
  facet normal 0.0355454 -0.648014 -0.760798
    outer loop
      vertex 5.65832 -18.7646 1.65529
      vertex 3.05336 -19.7739 2.39326
      vertex 3.14979 -18.9022 1.65529
    endloop
  endfacet
  facet normal 0.493063 0.121962 0.861403
    outer loop
      vertex 25.9932 2.8705 9.72681
      vertex 23.5473 5.1485 10.8043
      vertex 24.202 2.50171 10.8043
    endloop
  endfacet
  facet normal 0.355859 0.088024 0.930385
    outer loop
      vertex 23.5473 5.1485 10.8043
      vertex 21.9222 2.03233 11.7207
      vertex 24.202 2.50171 10.8043
    endloop
  endfacet
  facet normal 0.0187904 0.00113811 0.999823
    outer loop
      vertex 13.1006 0.216075 13.1894
      vertex 1.81062 -9.20085 13.4123
      vertex 13.1217 -0.132288 13.1894
    endloop
  endfacet
  facet normal 0.075907 0.0186495 0.99694
    outer loop
      vertex 14.199 1.06745 13.0898
      vertex 13.0176 0.551686 13.1894
      vertex 14.199 0.666524 13.0973
    endloop
  endfacet
  facet normal 0.0786022 -0.00942591 0.996861
    outer loop
      vertex 13.1217 -0.132288 13.1894
      vertex 13.08 -0.480022 13.1894
      vertex 16.2017 -1.19442 12.9365
    endloop
  endfacet
  facet normal 0.0217973 -0.00261391 0.999759
    outer loop
      vertex 13.1217 -0.132288 13.1894
      vertex 1.81062 -9.20085 13.4123
      vertex 13.08 -0.480022 13.1894
    endloop
  endfacet
  facet normal -0.0032446 -0.0244421 0.999696
    outer loop
      vertex -1.95638 -9.5369 13.4123
      vertex -16.2755 -2.19632 13.5453
      vertex -2.41741 -9.4757 13.4123
    endloop
  endfacet
  facet normal 0.00590428 -0.00379179 0.999975
    outer loop
      vertex 1.81062 -9.20085 13.4123
      vertex -16.1557 -2.10168 13.5453
      vertex 1.74952 -9.29599 13.4123
    endloop
  endfacet
  facet normal -0.198521 -0.507809 0.838284
    outer loop
      vertex -17.0997 -9.81167 11.9187
      vertex -18.7467 -10.706 10.9869
      vertex -15.5431 -10.4202 11.9187
    endloop
  endfacet
  facet normal -0.0473821 -0.105984 0.993238
    outer loop
      vertex -3.38746 -9.22027 13.4123
      vertex -16.349 -2.17915 13.5453
      vertex -8.30269 -9.43226 13.1552
    endloop
  endfacet
  facet normal -0.00764677 -0.0327337 0.999435
    outer loop
      vertex -16.2755 -2.19632 13.5453
      vertex -16.349 -2.17915 13.5453
      vertex -2.81942 -9.40053 13.4123
    endloop
  endfacet
  facet normal 0.0385515 -0.127677 0.991066
    outer loop
      vertex 1.5873 -9.38407 13.4123
      vertex 1.3302 -9.4617 13.4123
      vertex 5.669 -10.1473 13.1552
    endloop
  endfacet
  facet normal 0.00236128 -0.0125826 0.999918
    outer loop
      vertex 1.3302 -9.4617 13.4123
      vertex -16.2755 -2.19632 13.5453
      vertex 0.988098 -9.5259 13.4123
    endloop
  endfacet
  facet normal -0.119463 -0.638937 0.759927
    outer loop
      vertex -10.8212 -11.4649 11.9187
      vertex -13.4232 -10.9784 11.9187
      vertex -2.4717 -19.2784 6.66178
    endloop
  endfacet
  facet normal -0.226393 -0.33255 0.915509
    outer loop
      vertex -18.033 -9.1763 11.9187
      vertex -20.6433 -9.96451 10.9869
      vertex -17.0997 -9.81167 11.9187
    endloop
  endfacet
  facet normal 0.00371512 -0.00927006 0.99995
    outer loop
      vertex -16.2102 -2.17015 13.5453
      vertex -16.2755 -2.19632 13.5453
      vertex 1.5873 -9.38407 13.4123
    endloop
  endfacet
  facet normal -0.0130017 -0.254085 0.967095
    outer loop
      vertex -1.45405 -9.58178 13.4123
      vertex -2.57677 -10.5029 13.1552
      vertex -0.929727 -9.60861 13.4123
    endloop
  endfacet
  facet normal 0.00642401 -0.00247648 0.999976
    outer loop
      vertex -16.114 -1.99351 13.5453
      vertex -16.1557 -2.10168 13.5453
      vertex 1.81062 -9.20085 13.4123
    endloop
  endfacet
  facet normal -0.243383 -0.0230331 0.969657
    outer loop
      vertex -17.7029 0 13.3597
      vertex -16.9011 -0.658872 13.5453
      vertex -17.5527 0 13.3974
    endloop
  endfacet
  facet normal -0.243251 -0.0228628 0.969694
    outer loop
      vertex -16.9011 -0.658872 13.5453
      vertex -17.7029 0 13.3597
      vertex -16.8811 -0.871664 13.5453
    endloop
  endfacet
  facet normal -0.243133 -0.0227562 0.969726
    outer loop
      vertex -18.1902 0.644671 13.2527
      vertex -20.7775 3.26097 12.6654
      vertex -18.1902 0.51683 13.2497
    endloop
  endfacet
  facet normal 0.0111391 0.00892452 0.999898
    outer loop
      vertex -9.71935 4.25136 13.4321
      vertex -11.1902 4.9444 13.4423
      vertex -9.7374 3.7361 13.4369
    endloop
  endfacet
  facet normal 0.0110644 0.00876586 0.9999
    outer loop
      vertex -9.66518 4.73051 13.4273
      vertex -11.1902 4.9444 13.4423
      vertex -9.71935 4.25136 13.4321
    endloop
  endfacet
  facet normal 0.0110696 0.0088029 0.9999
    outer loop
      vertex -9.57489 5.17355 13.4224
      vertex -11.1902 4.9444 13.4423
      vertex -9.66518 4.73051 13.4273
    endloop
  endfacet
  facet normal 0.0110366 0.00885823 0.9999
    outer loop
      vertex -11.2197 5.4958 13.4377
      vertex -9.57489 5.17355 13.4224
      vertex -9.4485 5.58047 13.4174
    endloop
  endfacet
  facet normal 0.0110697 0.00890099 0.999899
    outer loop
      vertex -11.308 5.98332 13.4344
      vertex -9.4485 5.58047 13.4174
      vertex -9.286 5.95129 13.4123
    endloop
  endfacet
  facet normal 0.0110687 0.0087808 0.9999
    outer loop
      vertex -11.3332 6.77824 13.4277
      vertex -9.286 5.95129 13.4123
      vertex -9.09128 6.28659 13.4072
    endloop
  endfacet
  facet normal 0.0110308 0.008608 0.999902
    outer loop
      vertex -11.3332 6.77824 13.4277
      vertex -9.09128 6.28659 13.4072
      vertex -9.01613 6.38776 13.4055
    endloop
  endfacet
  facet normal 0.0110512 0.0089328 0.999899
    outer loop
      vertex -9.57489 5.17355 13.4224
      vertex -11.2197 5.4958 13.4377
      vertex -11.1902 4.9444 13.4423
    endloop
  endfacet
  facet normal 0.0110409 0.00876801 0.999901
    outer loop
      vertex -9.4485 5.58047 13.4174
      vertex -11.308 5.98332 13.4344
      vertex -11.2197 5.4958 13.4377
    endloop
  endfacet
  facet normal 0.0110677 0.00877854 0.9999
    outer loop
      vertex -9.286 5.95129 13.4123
      vertex -11.3332 6.77824 13.4277
      vertex -11.308 5.98332 13.4344
    endloop
  endfacet
  facet normal 0.0109915 0.00877613 0.999901
    outer loop
      vertex -11.3332 6.77824 13.4277
      vertex -11.4552 6.40694 13.4323
      vertex -11.308 5.98332 13.4344
    endloop
  endfacet
  facet normal 0.0109049 0.0088046 0.999902
    outer loop
      vertex -11.4552 6.40694 13.4323
      vertex -11.3332 6.77824 13.4277
      vertex -11.5224 6.52424 13.432
    endloop
  endfacet
  facet normal 0.0110038 0.00876174 0.999901
    outer loop
      vertex -11.1902 4.9444 13.4423
      vertex -9.71739 3.23166 13.4411
      vertex -9.7374 3.7361 13.4369
    endloop
  endfacet
  facet normal 0.0110713 0.00881979 0.9999
    outer loop
      vertex -11.1902 1.80405 13.47
      vertex -9.71739 3.23166 13.4411
      vertex -11.1902 4.9444 13.4423
    endloop
  endfacet
  facet normal 0.0110187 0.00887404 0.9999
    outer loop
      vertex -9.71739 3.23166 13.4411
      vertex -11.1902 1.80405 13.47
      vertex -9.65739 2.76279 13.4446
    endloop
  endfacet
  facet normal 0.0110778 0.00877955 0.9999
    outer loop
      vertex -9.65739 2.76279 13.4446
      vertex -11.1902 1.80405 13.47
      vertex -9.57211 2.39324 13.4469
    endloop
  endfacet
  facet normal 0.0107693 0.00966844 0.999895
    outer loop
      vertex -1.89673 5.18797 13.3374
      vertex -2.78796 4.90863 13.3497
      vertex -2.78539 4.8644 13.3501
    endloop
  endfacet
  facet normal 0.011016 0.00888148 0.9999
    outer loop
      vertex -2.78796 4.90863 13.3497
      vertex -1.89673 5.18797 13.3374
      vertex -2.8736 5.3526 13.3467
    endloop
  endfacet
  facet normal 0.0109325 0.00868827 0.999902
    outer loop
      vertex -16.3826 0 13.5433
      vertex -16.4711 -0.118813 13.5453
      vertex -16.1448 0 13.5407
    endloop
  endfacet
  facet normal 0.0110566 0.008816 0.9999
    outer loop
      vertex -16.1207 0.351557 13.5373
      vertex -13.2596 1.05055 13.4995
      vertex -13.2596 4.19225 13.4718
    endloop
  endfacet
  facet normal 0.0110724 0.00875101 0.9999
    outer loop
      vertex -13.2596 1.05055 13.4995
      vertex -16.1207 0.351557 13.5373
      vertex -16.1207 0.0087734 13.5403
    endloop
  endfacet
  facet normal 0.0110566 0.00896038 0.999899
    outer loop
      vertex -7.14281 3.27779 13.4122
      vertex -7.6402 3.27779 13.4177
      vertex -7.62463 3.10235 13.4191
    endloop
  endfacet
  facet normal 0.0110664 0.00886695 0.999899
    outer loop
      vertex -7.49075 5.23943 13.3988
      vertex -4.71458 4.92084 13.3709
      vertex -4.76016 5.16943 13.3692
    endloop
  endfacet
  facet normal 0.0110627 0.00872338 0.999901
    outer loop
      vertex -7.49075 5.23943 13.3988
      vertex -4.76016 5.16943 13.3692
      vertex -4.8324 5.39859 13.368
    endloop
  endfacet
  facet normal 0.0150579 0.010915 0.999827
    outer loop
      vertex -4.99893 5.71077 13.3671
      vertex -4.8324 5.39859 13.368
      vertex -4.9313 5.60831 13.3672
    endloop
  endfacet
  facet normal 0.0110385 0.00877105 0.999901
    outer loop
      vertex -4.8324 5.39859 13.368
      vertex -4.99893 5.71077 13.3671
      vertex -6.91289 6.03331 13.3854
    endloop
  endfacet
  facet normal 0.0110401 0.00877643 0.999901
    outer loop
      vertex -4.8324 5.39859 13.368
      vertex -6.91289 6.03331 13.3854
      vertex -7.39771 5.48109 13.3956
    endloop
  endfacet
  facet normal 0.013349 0.00555913 0.999895
    outer loop
      vertex -7.1333 5.8611 13.3893
      vertex -6.91289 6.03331 13.3854
      vertex -6.96689 6.0011 13.3863
    endloop
  endfacet
  facet normal 0.0103882 0.00934883 0.999902
    outer loop
      vertex -6.91289 6.03331 13.3854
      vertex -7.1333 5.8611 13.3893
      vertex -7.39771 5.48109 13.3956
    endloop
  endfacet
  facet normal 0.0133966 0.00725524 0.999884
    outer loop
      vertex -7.39771 5.48109 13.3956
      vertex -7.1333 5.8611 13.3893
      vertex -7.27856 5.68831 13.3925
    endloop
  endfacet
  facet normal 0.0110469 0.00898731 0.999899
    outer loop
      vertex -4.8324 5.39859 13.368
      vertex -7.39771 5.48109 13.3956
      vertex -7.49075 5.23943 13.3988
    endloop
  endfacet
  facet normal 0.0110707 0.00890515 0.999899
    outer loop
      vertex -4.71458 4.92084 13.3709
      vertex -7.49075 5.23943 13.3988
      vertex -7.55768 4.96333 13.402
    endloop
  endfacet
  facet normal 0.011072 0.00898685 0.999898
    outer loop
      vertex -4.71458 4.92084 13.3709
      vertex -7.55768 4.96333 13.402
      vertex -4.69569 4.65279 13.3731
    endloop
  endfacet
  facet normal 0.0110227 0.00853272 0.999903
    outer loop
      vertex -4.69569 4.65279 13.3731
      vertex -7.55768 4.96333 13.402
      vertex -7.5985 4.65279 13.4051
    endloop
  endfacet
  facet normal -0.268165 -0.122589 0.955541
    outer loop
      vertex -16.6668 -1.71447 13.5453
      vertex -17.013 -2.98065 13.2857
      vertex -16.7856 -3.47809 13.2857
    endloop
  endfacet
  facet normal 0.62666 0.284827 0.725376
    outer loop
      vertex 28.812 7.83671 5.89643
      vertex 26.4166 6.4011 8.52955
      vertex 29.7434 5.7875 5.89643
    endloop
  endfacet
  facet normal 0.646992 0.762496 -0
    outer loop
      vertex 27.8433 9.96781 4.12194
      vertex 26.2503 11.3195 5.01779
      vertex 27.8433 9.96781 5.01779
    endloop
  endfacet
  facet normal 0.646992 0.762496 0
    outer loop
      vertex 26.2503 11.3195 5.01779
      vertex 27.8433 9.96781 4.12194
      vertex 26.2503 11.3195 4.12194
    endloop
  endfacet
  facet normal 0.910364 0.413809 0
    outer loop
      vertex 30.1179 6.06117 5.01779
      vertex 29.1492 8.19227 4.12194
      vertex 29.1492 8.19227 5.01779
    endloop
  endfacet
  facet normal 0.910364 0.413809 0
    outer loop
      vertex 29.1492 8.19227 4.12194
      vertex 30.1179 6.06117 5.01779
      vertex 30.1179 6.06117 4.12194
    endloop
  endfacet
  facet normal 0.706177 0.519389 0.481195
    outer loop
      vertex 29.1492 8.19227 5.01779
      vertex 27.8433 9.96781 5.01779
      vertex 28.812 7.83671 5.89643
    endloop
  endfacet
  facet normal 0.706133 0.519394 0.481255
    outer loop
      vertex 27.8433 9.96781 5.01779
      vertex 27.5562 9.54401 5.89643
      vertex 28.812 7.83671 5.89643
    endloop
  endfacet
  facet normal 0.649641 -0.0778836 0.756242
    outer loop
      vertex 26.1828 -0.263968 9.72681
      vertex 25.8077 -3.39274 9.72681
      vertex 29.5257 -1.53636 6.72409
    endloop
  endfacet
  facet normal 0.89047 -0.203455 0.407025
    outer loop
      vertex 30.3042 -1.57687 5.89643
      vertex 29.7226 -4.12238 5.89643
      vertex 30.7011 -1.59752 5.01779
    endloop
  endfacet
  facet normal -0.0664907 0.277806 -0.958333
    outer loop
      vertex -12.1914 17.1677 0.699644
      vertex -15.0555 16.4822 0.699644
      vertex -14.9452 17.5846 1.01156
    endloop
  endfacet
  facet normal -0.0664917 0.277801 -0.958335
    outer loop
      vertex -12.1914 17.1677 0.699644
      vertex -14.9452 17.5846 1.01156
      vertex -11.6776 18.3667 1.01156
    endloop
  endfacet
  facet normal 0.254876 0.0629867 -0.96492
    outer loop
      vertex 25.2707 1.17398 0.539604
      vertex 24.9892 2.31307 0.539604
      vertex 26.5852 3.47943 1.03731
    endloop
  endfacet
  facet normal 0.273187 0.0208079 -0.961736
    outer loop
      vertex 25.364 -0.0509567 0.539604
      vertex 25.2707 1.17398 0.539604
      vertex 26.964 1.94648 1.03731
    endloop
  endfacet
  facet normal 0.326958 0.148617 -0.93328
    outer loop
      vertex 26.5852 3.47943 1.03731
      vertex 25.9677 4.83793 1.03731
      vertex 27.9425 4.47134 1.67077
    endloop
  endfacet
  facet normal 0.366126 0.0904718 -0.926157
    outer loop
      vertex 26.964 1.94648 1.03731
      vertex 26.5852 3.47943 1.03731
      vertex 27.9425 4.47134 1.67077
    endloop
  endfacet
  facet normal 0.619646 0.281678 -0.732596
    outer loop
      vertex 29.0089 5.25068 2.41565
      vertex 28.1504 7.13924 2.41565
      vertex 29.7434 5.7875 3.24331
    endloop
  endfacet
  facet normal 0.680608 0.168184 -0.713083
    outer loop
      vertex 30.3148 3.47515 3.24331
      vertex 29.0089 5.25068 2.41565
      vertex 29.7434 5.7875 3.24331
    endloop
  endfacet
  facet normal 0.239406 0.257053 0.936274
    outer loop
      vertex 18.9907 11.5107 10.8043
      vertex 17.6454 9.4258 11.7207
      vertex 20.8906 9.74123 10.8043
    endloop
  endfacet
  facet normal 0.33366 0.358254 0.871966
    outer loop
      vertex 20.0477 13.1488 9.72681
      vertex 18.9907 11.5107 10.8043
      vertex 20.8906 9.74123 10.8043
    endloop
  endfacet
  facet normal 0.179295 0.296618 0.938015
    outer loop
      vertex 16.8025 12.8333 10.8043
      vertex 15.8496 10.5113 11.7207
      vertex 17.6454 9.4258 11.7207
    endloop
  endfacet
  facet normal 0.111961 0.324704 0.939165
    outer loop
      vertex 16.8025 12.8333 10.8043
      vertex 13.8862 11.1883 11.7207
      vertex 15.8496 10.5113 11.7207
    endloop
  endfacet
  facet normal -0.105911 0.270854 0.956776
    outer loop
      vertex -13.3123 10.365 12.6654
      vertex -14.8548 9.76184 12.6654
      vertex -13.1241 8.65506 13.1703
    endloop
  endfacet
  facet normal -0.10591 0.270856 0.956776
    outer loop
      vertex -13.1241 8.65506 13.1703
      vertex -14.8548 9.76184 12.6654
      vertex -14.074 8.28363 13.1703
    endloop
  endfacet
  facet normal -0.0238516 0.827695 0.560671
    outer loop
      vertex -10.9761 19.3481 7.68254
      vertex -11.3066 18.6081 8.76091
      vertex -8.40552 18.6917 8.76091
    endloop
  endfacet
  facet normal -0.0194843 0.675018 0.737544
    outer loop
      vertex -8.40552 18.6917 8.76091
      vertex -11.7865 17.5337 9.73142
      vertex -9.24362 17.6071 9.73142
    endloop
  endfacet
  facet normal -0.350062 0.766225 0.538847
    outer loop
      vertex -20.8817 16.9822 7.68254
      vertex -23.9141 15.5968 7.68254
      vertex -20.4357 16.4276 8.76091
    endloop
  endfacet
  facet normal -0.275325 0.803845 0.527284
    outer loop
      vertex -17.6307 18.0957 7.68254
      vertex -20.8817 16.9822 7.68254
      vertex -20.4357 16.4276 8.76091
    endloop
  endfacet
  facet normal -0.344489 0.579284 0.738754
    outer loop
      vertex -23.2303 15.1509 8.76091
      vertex -25.716 13.6727 8.76091
      vertex -22.2377 14.5035 9.73142
    endloop
  endfacet
  facet normal -0.289186 0.633056 0.718061
    outer loop
      vertex -19.7881 15.6225 9.73142
      vertex -23.2303 15.1509 8.76091
      vertex -22.2377 14.5035 9.73142
    endloop
  endfacet
  facet normal 0.0130242 0.00522066 -0.999902
    outer loop
      vertex 21.3333 -0.358744 0.0220051
      vertex 20.4271 2.17488 0.0234299
      vertex 20.5317 1.91393 0.0234299
    endloop
  endfacet
  facet normal 0.00176255 0.0012 -0.999998
    outer loop
      vertex 21.2379 -0.148848 0.0220051
      vertex 20.184 2.58644 0.0234299
      vertex 20.3096 2.40196 0.0234299
    endloop
  endfacet
  facet normal 0.00330065 0.000241768 -0.999995
    outer loop
      vertex 18.1655 -5.87042 0.0100784
      vertex 18.1561 -5.74209 0.0100784
      vertex 21.4112 -0.850294 0.0220051
    endloop
  endfacet
  facet normal 7.55766e-05 4.56009e-05 -1
    outer loop
      vertex -15.1452 3.40779 0.00797749
      vertex -15.2282 3.54535 0.00797749
      vertex 18.1073 -5.63155 0.0100784
    endloop
  endfacet
  facet normal 0.226716 0.103053 -0.968494
    outer loop
      vertex 26.5852 3.47943 1.03731
      vertex 24.5304 3.32252 0.539604
      vertex 25.9677 4.83793 1.03731
    endloop
  endfacet
  facet normal 0.226716 0.103044 -0.968495
    outer loop
      vertex 24.9892 2.31307 0.539604
      vertex 24.5304 3.32252 0.539604
      vertex 26.5852 3.47943 1.03731
    endloop
  endfacet
  facet normal 0.262025 -0.314452 -0.912394
    outer loop
      vertex 23.485 -10.0899 1.67077
      vertex 21.3177 -9.2685 0.765264
      vertex 22.6106 -8.19116 0.765264
    endloop
  endfacet
  facet normal 0.239092 -0.362275 -0.900884
    outer loop
      vertex 23.485 -10.0899 1.67077
      vertex 19.8637 -10.2281 0.765264
      vertex 21.3177 -9.2685 0.765264
    endloop
  endfacet
  facet normal 0.195836 -0.235027 -0.952056
    outer loop
      vertex 22.6106 -8.19116 0.765264
      vertex 20.5664 -8.71916 0.47512
      vertex 21.6275 -7.835 0.47512
    endloop
  endfacet
  facet normal 0.134381 -0.161274 -0.977718
    outer loop
      vertex 20.5664 -8.71916 0.47512
      vertex 20.4715 -7.4162 0.247154
      vertex 21.6275 -7.835 0.47512
    endloop
  endfacet
  facet normal 0.00212122 0.000964118 -0.999997
    outer loop
      vertex 21.3333 -0.358744 0.0220051
      vertex 18.1073 -5.63155 0.0100784
      vertex 21.2379 -0.148848 0.0220051
    endloop
  endfacet
  facet normal 5.58255e-05 -2.83851e-05 -1
    outer loop
      vertex 18.0658 -6.16023 0.0100784
      vertex -15.3904 2.05544 0.00797749
      vertex -15.2657 2.30069 0.00797749
    endloop
  endfacet
  facet normal 0.0869051 -0.00678 -0.996194
    outer loop
      vertex 23.386 -1.21688 0.196776
      vertex 21.3907 -1.11306 0.0220051
      vertex 21.4112 -0.850294 0.0220051
    endloop
  endfacet
  facet normal -0.000105867 0.000204065 -1
    outer loop
      vertex -16.012 3.53842 0.00797749
      vertex -16.4626 9.366 0.0092144
      vertex -15.8252 3.63533 0.00797749
    endloop
  endfacet
  facet normal -0.00052218 0.000141545 -1
    outer loop
      vertex -16.9205 2.28606 0.00797749
      vertex -17.7095 8.11397 0.0092144
      vertex -17.6542 8.31798 0.0092144
    endloop
  endfacet
  facet normal -0.023069 0.026401 -0.999385
    outer loop
      vertex -17.0912 8.97468 0.0092144
      vertex -19.5491 9.59737 0.0824003
      vertex -16.5931 10.1464 0.0286703
    endloop
  endfacet
  facet normal -0.0193485 0.0248214 -0.999505
    outer loop
      vertex -16.3618 10.3267 0.0286703
      vertex -17.0912 8.97468 0.0092144
      vertex -16.5931 10.1464 0.0286703
    endloop
  endfacet
  facet normal -0.000147509 0.000198246 -1
    outer loop
      vertex -16.2001 3.39846 0.00797749
      vertex -17.0912 8.97468 0.0092144
      vertex -16.012 3.53842 0.00797749
    endloop
  endfacet
  facet normal -0.000328436 0.00016687 -1
    outer loop
      vertex -16.8259 2.53582 0.00797749
      vertex -17.6542 8.31798 0.0092144
      vertex -16.7013 2.78106 0.00797749
    endloop
  endfacet
  facet normal -0.00124392 -0.646054 0.76329
    outer loop
      vertex 3.14979 -18.9022 7.39975
      vertex 3.05336 -19.7739 6.66178
      vertex 11.0129 -16.168 9.72681
    endloop
  endfacet
  facet normal -0.0260021 -0.644239 0.764382
    outer loop
      vertex 3.14979 -18.9022 7.39975
      vertex 0.221408 -19.6596 6.66178
      vertex 3.05336 -19.7739 6.66178
    endloop
  endfacet
  facet normal -0.00375974 -0.254931 0.966952
    outer loop
      vertex -0.929727 -9.60861 13.4123
      vertex -1.02395 -10.5824 13.1552
      vertex -0.403557 -9.61637 13.4123
    endloop
  endfacet
  facet normal -0.021803 -0.244035 0.969521
    outer loop
      vertex -1.95638 -9.5369 13.4123
      vertex -2.57677 -10.5029 13.1552
      vertex -1.45405 -9.58178 13.4123
    endloop
  endfacet
  facet normal 0.00102034 -0.0156944 0.999876
    outer loop
      vertex 0.574138 -9.5742 13.4123
      vertex -16.2755 -2.19632 13.5453
      vertex 0.104235 -9.60475 13.4123
    endloop
  endfacet
  facet normal 0.0316882 -0.168887 0.985126
    outer loop
      vertex 5.669 -10.1473 13.1552
      vertex 0.988098 -9.5259 13.4123
      vertex 4.65583 -10.3374 13.1552
    endloop
  endfacet
  facet normal -0.00374649 -0.254939 0.96695
    outer loop
      vertex -0.403557 -9.61637 13.4123
      vertex -1.02395 -10.5824 13.1552
      vertex 0.534335 -10.6053 13.1552
    endloop
  endfacet
  facet normal -0.00707182 -0.481219 0.876572
    outer loop
      vertex 0.534335 -10.6053 13.1552
      vertex -1.02395 -10.5824 13.1552
      vertex 1.41782 -11.5369 12.6509
    endloop
  endfacet
  facet normal 0.334966 -0.864561 -0.374608
    outer loop
      vertex 14.8552 -18.2603 4.08375
      vertex 11.9268 -19.0177 3.21325
      vertex 14.4317 -18.0472 3.21325
    endloop
  endfacet
  facet normal 0.402921 -0.824262 -0.397803
    outer loop
      vertex 14.8552 -18.2603 4.08375
      vertex 14.4317 -18.0472 3.21325
      vertex 24.1488 -13.8646 4.38887
    endloop
  endfacet
  facet normal 0.32996 -0.211905 0.919904
    outer loop
      vertex 23.3428 -9.9098 9.89119
      vertex 20.3513 -9.8113 10.9869
      vertex 22.793 -10.7659 9.89119
    endloop
  endfacet
  facet normal 0.476759 -0.306182 0.823986
    outer loop
      vertex 23.3428 -9.9098 9.89119
      vertex 22.793 -10.7659 9.89119
      vertex 24.8069 -10.9065 8.6737
    endloop
  endfacet
  facet normal -0.326346 -0.797062 -0.508124
    outer loop
      vertex -24.6816 -15.4508 2.77938
      vertex -26.9474 -14.5231 2.77938
      vertex -26.605 -14.2856 2.18692
    endloop
  endfacet
  facet normal -0.326357 -0.79707 -0.508104
    outer loop
      vertex -24.6816 -15.4508 2.77938
      vertex -26.605 -14.2856 2.18692
      vertex -24.4262 -15.1777 2.18692
    endloop
  endfacet
  facet normal -0.251342 -0.967898 0
    outer loop
      vertex -24.6816 -15.4508 2.77938
      vertex -22.1604 -16.1055 3.38344
      vertex -24.6816 -15.4508 3.38344
    endloop
  endfacet
  facet normal -0.251342 -0.967898 -0
    outer loop
      vertex -22.1604 -16.1055 3.38344
      vertex -24.6816 -15.4508 2.77938
      vertex -22.1604 -16.1055 2.77938
    endloop
  endfacet
  facet normal -0.208059 -0.978116 0
    outer loop
      vertex -22.1604 -16.1055 3.38344
      vertex -3.28156 -20.1213 4.08375
      vertex -3.28156 -20.1213 4.9713
    endloop
  endfacet
  facet normal -0.208059 -0.978116 0
    outer loop
      vertex -3.28156 -20.1213 4.08375
      vertex -22.1604 -16.1055 3.38344
      vertex -22.1604 -16.1055 2.77938
    endloop
  endfacet
  facet normal -0.153294 -0.253063 -0.955228
    outer loop
      vertex -24.9581 -13.1438 1.12658
      vertex -26.4521 -12.2388 1.12658
      vertex -24.9431 -11.5406 0.699447
    endloop
  endfacet
  facet normal -0.435994 -0.719697 -0.54032
    outer loop
      vertex -26.9474 -14.5231 2.77938
      vertex -28.8708 -13.3579 2.77938
      vertex -28.4545 -13.1653 2.18692
    endloop
  endfacet
  facet normal -0.121089 -0.295708 -0.947573
    outer loop
      vertex -23.1981 -13.8645 1.12658
      vertex -24.9581 -13.1438 1.12658
      vertex -23.717 -12.2833 0.699447
    endloop
  endfacet
  facet normal -0.0306326 -0.216474 -0.975808
    outer loop
      vertex 1.90314 -16.4271 0.534603
      vertex 0.463636 -16.2234 0.534603
      vertex 1.75863 -14.8756 0.194953
    endloop
  endfacet
  facet normal -0.164568 -0.633676 -0.755892
    outer loop
      vertex -22.0019 -15.8073 2.18692
      vertex -24.4262 -15.1777 2.18692
      vertex -21.6911 -15.2223 1.62884
    endloop
  endfacet
  facet normal -0.108583 -0.655375 -0.747458
    outer loop
      vertex -2.4717 -19.2784 2.39326
      vertex -22.0019 -15.8073 2.18692
      vertex -21.6911 -15.2223 1.62884
    endloop
  endfacet
  facet normal -0.170733 -0.416943 -0.892753
    outer loop
      vertex -23.1981 -13.8645 1.12658
      vertex -25.9333 -13.8199 1.62884
      vertex -24.9581 -13.1438 1.12658
    endloop
  endfacet
  facet normal -0.239236 -0.584269 -0.775497
    outer loop
      vertex -23.9253 -14.6421 1.62884
      vertex -26.605 -14.2856 2.18692
      vertex -25.9333 -13.8199 1.62884
    endloop
  endfacet
  facet normal -0.217891 -0.359705 -0.907268
    outer loop
      vertex -25.9333 -13.8199 1.62884
      vertex -27.6378 -12.7874 1.62884
      vertex -24.9581 -13.1438 1.12658
    endloop
  endfacet
  facet normal -0.0832967 -0.203418 -0.975542
    outer loop
      vertex -21.1842 -11.711 0.363849
      vertex -23.717 -12.2833 0.699447
      vertex -22.2575 -11.2715 0.363849
    endloop
  endfacet
  facet normal -0.0850157 -0.058612 -0.994654
    outer loop
      vertex -21.6365 -9.41128 0.132684
      vertex -23.8825 -10.0764 0.363849
      vertex -21.9378 -8.97425 0.132684
    endloop
  endfacet
  facet normal -0.0769479 -0.0854092 -0.99337
    outer loop
      vertex -21.1969 -9.80733 0.132684
      vertex -23.8825 -10.0764 0.363849
      vertex -21.6365 -9.41128 0.132684
    endloop
  endfacet
  facet normal 0.0516979 -0.942741 0.329495
    outer loop
      vertex 2.98693 -20.3743 5.84179
      vertex 2.95307 -20.6804 4.9713
      vertex 6.18259 -20.5033 4.9713
    endloop
  endfacet
  facet normal -0.13153 -0.929299 0.345114
    outer loop
      vertex -0.0859079 -20.2503 5.84179
      vertex -3.00811 -19.8367 5.84179
      vertex -0.242578 -20.5514 4.9713
    endloop
  endfacet
  facet normal -0.13152 -0.929291 0.345139
    outer loop
      vertex -3.00811 -19.8367 5.84179
      vertex -3.28156 -20.1213 4.9713
      vertex -0.242578 -20.5514 4.9713
    endloop
  endfacet
  facet normal -0.0380353 -0.942228 0.332806
    outer loop
      vertex 2.98693 -20.3743 5.84179
      vertex -0.242578 -20.5514 4.9713
      vertex 2.95307 -20.6804 4.9713
    endloop
  endfacet
  facet normal -0.216812 -0.730397 0.647698
    outer loop
      vertex -18.7467 -10.706 10.9869
      vertex -21.2637 -10.9305 9.89119
      vertex -4.92248 -18.645 6.66178
    endloop
  endfacet
  facet normal -0.217218 -0.730943 0.646946
    outer loop
      vertex -4.92248 -18.645 6.66178
      vertex -21.2637 -10.9305 9.89119
      vertex -5.66736 -19.1494 5.84179
    endloop
  endfacet
  facet normal -0.0651154 0.128159 0.989614
    outer loop
      vertex -14.7071 7.62718 13.2131
      vertex -14.9758 7.82115 13.1703
      vertex -14.7447 7.61657 13.212
    endloop
  endfacet
  facet normal -0.0660712 0.126858 0.989718
    outer loop
      vertex -14.9758 7.82115 13.1703
      vertex -14.7071 7.62718 13.2131
      vertex -14.6806 7.6324 13.2142
    endloop
  endfacet
  facet normal -0.075505 0.116564 0.990309
    outer loop
      vertex -14.7447 7.61657 13.212
      vertex -14.9758 7.82115 13.1703
      vertex -14.8004 7.60088 13.2096
    endloop
  endfacet
  facet normal 0.00319173 -0.0105706 0.999939
    outer loop
      vertex 1.5873 -9.38407 13.4123
      vertex -16.2755 -2.19632 13.5453
      vertex 1.3302 -9.4617 13.4123
    endloop
  endfacet
  facet normal 0.0236916 -0.203051 0.978881
    outer loop
      vertex 0.988098 -9.5259 13.4123
      vertex 0.574138 -9.5742 13.4123
      vertex 4.65583 -10.3374 13.1552
    endloop
  endfacet
  facet normal 0.0384823 0.266924 -0.962949
    outer loop
      vertex 3.77262 14.9487 0.228421
      vertex 3.46508 16.4287 0.626379
      vertex 4.44171 16.2879 0.626379
    endloop
  endfacet
  facet normal 0.0385257 0.266932 -0.962945
    outer loop
      vertex 3.77262 14.9487 0.228421
      vertex 3.17121 15.0355 0.228421
      vertex 3.46508 16.4287 0.626379
    endloop
  endfacet
  facet normal -0.0192194 0.826601 0.562461
    outer loop
      vertex -7.82823 19.4389 7.68254
      vertex -8.40552 18.6917 8.76091
      vertex 2.24902 19.5896 7.80541
    endloop
  endfacet
  facet normal -0.0190966 0.856665 0.51552
    outer loop
      vertex 2.21064 20.1669 6.84466
      vertex -7.82823 19.4389 7.68254
      vertex 2.24902 19.5896 7.80541
    endloop
  endfacet
  facet normal -0.866382 0.499382 0.000292726
    outer loop
      vertex -33.0059 7.41646 2.10122
      vertex -34.2761 5.21278 2.10122
      vertex -32.4043 8.45758 6.53775
    endloop
  endfacet
  facet normal -0.082683 0.186226 -0.979022
    outer loop
      vertex -17.571 14.2696 0.434379
      vertex -19.8796 13.2446 0.434379
      vertex -17.9497 15.496 0.699644
    endloop
  endfacet
  facet normal -0.0653049 0.19165 -0.979288
    outer loop
      vertex -17.571 14.2696 0.434379
      vertex -17.9497 15.496 0.699644
      vertex -15.0555 16.4822 0.699644
    endloop
  endfacet
  facet normal -0.00898118 0.0202285 -0.999755
    outer loop
      vertex -16.1059 9.52437 0.0092144
      vertex -16.4626 9.366 0.0092144
      vertex -15.7749 10.6329 0.0286703
    endloop
  endfacet
  facet normal -0.0245732 0.0537873 -0.99825
    outer loop
      vertex -16.0855 10.491 0.0286703
      vertex -17.6875 10.7563 0.0824003
      vertex -15.7749 10.6329 0.0286703
    endloop
  endfacet
  facet normal -0.0275299 0.0807762 -0.996352
    outer loop
      vertex -15.5443 11.5957 0.0824003
      vertex -16.6311 11.2253 0.0824003
      vertex -15.3609 13.429 0.225962
    endloop
  endfacet
  facet normal -0.0191402 0.0799574 -0.996615
    outer loop
      vertex -13.6143 13.8471 0.225962
      vertex -15.5443 11.5957 0.0824003
      vertex -15.3609 13.429 0.225962
    endloop
  endfacet
  facet normal -0.00909718 0.0579664 -0.998277
    outer loop
      vertex 2.44282 13.528 0.0255432
      vertex -15.0994 10.8288 0.0286703
      vertex -14.4687 11.8531 0.0824003
    endloop
  endfacet
  facet normal -0.00303623 0.0185743 -0.999823
    outer loop
      vertex 2.44282 13.528 0.0255432
      vertex -15.3758 9.73634 0.0092144
      vertex -15.0994 10.8288 0.0286703
    endloop
  endfacet
  facet normal 0.0027412 -0.00707556 -0.999971
    outer loop
      vertex 4.9197 -13.2615 0.021801
      vertex 4.66313 -13.3609 0.021801
      vertex 17.2773 -6.81721 0.0100784
    endloop
  endfacet
  facet normal 0.0352087 -0.0908804 -0.995239
    outer loop
      vertex 7.04893 -14.3328 0.194953
      vertex 4.66313 -13.3609 0.021801
      vertex 4.9197 -13.2615 0.021801
    endloop
  endfacet
  facet normal -0.0023012 -0.000131262 -0.999997
    outer loop
      vertex -16.9948 1.6043 0.00797749
      vertex -19.405 -8.40186 0.0148373
      vertex -17.0066 1.81117 0.00797749
    endloop
  endfacet
  facet normal -0.00250583 -8.32078e-05 -0.999997
    outer loop
      vertex -17.0066 1.81117 0.00797749
      vertex -19.405 -8.40186 0.0148373
      vertex -17.7095 8.11397 0.0092144
    endloop
  endfacet
  facet normal -0.000814152 -0.000490646 -1
    outer loop
      vertex -16.8635 1.29115 0.00797749
      vertex -19.3539 -8.55759 0.0148373
      vertex -16.9464 1.42871 0.00797749
    endloop
  endfacet
  facet normal -0.00120679 -0.000395987 -0.999999
    outer loop
      vertex -19.3539 -8.55759 0.0148373
      vertex -19.405 -8.40186 0.0148373
      vertex -16.9464 1.42871 0.00797749
    endloop
  endfacet
  facet normal 0.149421 -0.266664 -0.952136
    outer loop
      vertex 12.2503 -15.4709 1.0277
      vertex 10.8597 -16.2501 1.0277
      vertex 19.3732 -9.50669 0.47512
    endloop
  endfacet
  facet normal 0.15667 -0.274993 -0.948595
    outer loop
      vertex 19.8637 -10.2281 0.765264
      vertex 12.2503 -15.4709 1.0277
      vertex 19.3732 -9.50669 0.47512
    endloop
  endfacet
  facet normal 0.214296 -0.553139 -0.805056
    outer loop
      vertex 13.6009 -17.6292 2.39326
      vertex 10.3714 -17.8063 1.65529
      vertex 12.3948 -17.0224 1.65529
    endloop
  endfacet
  facet normal 0.159565 -0.411869 -0.897164
    outer loop
      vertex 10.3714 -17.8063 1.65529
      vertex 9.19912 -16.8934 1.0277
      vertex 12.3948 -17.0224 1.65529
    endloop
  endfacet
  facet normal -0.0142093 -0.35214 -0.935839
    outer loop
      vertex 3.27252 -17.7928 1.0277
      vertex 1.23541 -17.7106 1.0277
      vertex 1.90314 -16.4271 0.534603
    endloop
  endfacet
  facet normal -0.0197972 -0.49062 -0.871148
    outer loop
      vertex 3.14979 -18.9022 1.65529
      vertex 1.23541 -17.7106 1.0277
      vertex 3.27252 -17.7928 1.0277
    endloop
  endfacet
  facet normal 0.0525479 -0.346254 -0.936668
    outer loop
      vertex 7.33239 -17.3762 1.0277
      vertex 5.33122 -17.6799 1.0277
      vertex 6.4336 -16.1787 0.534603
    endloop
  endfacet
  facet normal 0.0840047 -0.32485 -0.942027
    outer loop
      vertex 7.33239 -17.3762 1.0277
      vertex 6.4336 -16.1787 0.534603
      vertex 7.82071 -15.82 0.534603
    endloop
  endfacet
  facet normal -0.0260021 -0.644239 -0.764382
    outer loop
      vertex 3.05336 -19.7739 2.39326
      vertex 0.221408 -19.6596 2.39326
      vertex 3.14979 -18.9022 1.65529
    endloop
  endfacet
  facet normal -0.0260057 -0.644232 -0.764388
    outer loop
      vertex 3.14979 -18.9022 1.65529
      vertex 0.221408 -19.6596 2.39326
      vertex 0.667563 -18.802 1.65529
    endloop
  endfacet
  facet normal 0.197699 -0.764469 -0.613598
    outer loop
      vertex 11.9268 -19.0177 3.21325
      vertex 9.11097 -19.7459 3.21325
      vertex 11.2924 -18.5236 2.39326
    endloop
  endfacet
  facet normal 0.234571 -0.907049 -0.349626
    outer loop
      vertex 9.32186 -20.0269 4.08375
      vertex 9.11097 -19.7459 3.21325
      vertex 11.9268 -19.0177 3.21325
    endloop
  endfacet
  facet normal 0.0788014 0.00473211 0.996879
    outer loop
      vertex 13.1006 0.216075 13.1894
      vertex 14.199 0.210496 13.1026
      vertex 14.199 0.442225 13.1015
    endloop
  endfacet
  facet normal 0.0788016 0.00477294 0.996879
    outer loop
      vertex 14.199 0.210496 13.1026
      vertex 13.1006 0.216075 13.1894
      vertex 13.1217 -0.132288 13.1894
    endloop
  endfacet
  facet normal 0.0788134 0.00473585 0.996878
    outer loop
      vertex 14.199 0.210496 13.1026
      vertex 13.1217 -0.132288 13.1894
      vertex 14.199 0 13.1036
    endloop
  endfacet
  facet normal 0.0789165 0.00477654 0.99687
    outer loop
      vertex 16.2685 0 12.9402
      vertex 16.3252 -0.164585 12.9365
      vertex 16.2685 0.772195 12.9365
    endloop
  endfacet
  facet normal 0.0787104 0.00470518 0.996886
    outer loop
      vertex 14.199 0 13.1036
      vertex 16.3252 -0.164585 12.9365
      vertex 16.2685 0 12.9402
    endloop
  endfacet
  facet normal 0.0787515 0.00524144 0.996881
    outer loop
      vertex 16.3252 -0.164585 12.9365
      vertex 14.199 0 13.1036
      vertex 13.1217 -0.132288 13.1894
    endloop
  endfacet
  facet normal 0.000390973 -0.0170855 0.999854
    outer loop
      vertex 0.104235 -9.60475 13.4123
      vertex -16.2755 -2.19632 13.5453
      vertex -0.403557 -9.61637 13.4123
    endloop
  endfacet
  facet normal -0.208349 0.0141652 0.977952
    outer loop
      vertex -18.1902 1.22588 13.2472
      vertex -20.7202 4.18023 12.6654
      vertex -18.1902 1.10161 13.249
    endloop
  endfacet
  facet normal -0.208445 0.0139704 0.977934
    outer loop
      vertex -17.2849 0 13.4578
      vertex -16.8937 -0.288136 13.5453
      vertex -17.1404 0 13.4886
    endloop
  endfacet
  facet normal -0.208398 0.014037 0.977943
    outer loop
      vertex -16.8937 -0.288136 13.5453
      vertex -17.2849 0 13.4578
      vertex -16.9054 -0.461838 13.5453
    endloop
  endfacet
  facet normal -0.0130079 -0.254074 0.967097
    outer loop
      vertex -0.929727 -9.60861 13.4123
      vertex -2.57677 -10.5029 13.1552
      vertex -1.02395 -10.5824 13.1552
    endloop
  endfacet
  facet normal -0.00195996 -0.0219373 0.999757
    outer loop
      vertex -1.45405 -9.58178 13.4123
      vertex -16.2755 -2.19632 13.5453
      vertex -1.95638 -9.5369 13.4123
    endloop
  endfacet
  facet normal -0.0426092 -0.161811 0.985901
    outer loop
      vertex -3.14696 -9.31429 13.4123
      vertex -7.59045 -9.71069 13.1552
      vertex -6.6204 -9.96613 13.1552
    endloop
  endfacet
  facet normal -0.0262711 -0.0672005 0.997394
    outer loop
      vertex -3.14696 -9.31429 13.4123
      vertex -16.349 -2.17915 13.5453
      vertex -3.38746 -9.22027 13.4123
    endloop
  endfacet
  facet normal -0.0947188 -0.242296 0.965568
    outer loop
      vertex -8.30269 -9.43226 13.1552
      vertex -11.7761 -10.0841 12.6509
      vertex -7.59045 -9.71069 13.1552
    endloop
  endfacet
  facet normal -0.0659326 -0.126378 0.989789
    outer loop
      vertex -8.30269 -9.43226 13.1552
      vertex -16.349 -2.17915 13.5453
      vertex -16.072 -4.35685 13.2857
    endloop
  endfacet
  facet normal 0.00427861 -0.00788006 0.99996
    outer loop
      vertex 1.74952 -9.29599 13.4123
      vertex -16.2102 -2.17015 13.5453
      vertex 1.5873 -9.38407 13.4123
    endloop
  endfacet
  facet normal -0.150629 -0.663127 0.733194
    outer loop
      vertex -13.4232 -10.9784 11.9187
      vertex -16.1635 -11.3862 10.9869
      vertex -2.4717 -19.2784 6.66178
    endloop
  endfacet
  facet normal -0.0721362 -0.385796 0.91976
    outer loop
      vertex -5.42981 -10.1887 13.1552
      vertex -10.2008 -10.4989 12.6509
      vertex -8.26744 -10.8604 12.6509
    endloop
  endfacet
  facet normal -0.0721306 -0.385847 0.919739
    outer loop
      vertex -6.6204 -9.96613 13.1552
      vertex -10.2008 -10.4989 12.6509
      vertex -5.42981 -10.1887 13.1552
    endloop
  endfacet
  facet normal -0.0574439 -0.432779 0.899668
    outer loop
      vertex -5.42981 -10.1887 13.1552
      vertex -8.26744 -10.8604 12.6509
      vertex -6.0502 -11.1547 12.6509
    endloop
  endfacet
  facet normal -0.226447 -0.00529419 0.974009
    outer loop
      vertex -18.1902 0.773455 13.2534
      vertex -20.7775 3.26097 12.6654
      vertex -18.1902 0.644671 13.2527
    endloop
  endfacet
  facet normal -0.225966 -0.00493141 0.974123
    outer loop
      vertex -17.3858 0 13.4362
      vertex -16.9011 -0.658872 13.5453
      vertex -16.9054 -0.461838 13.5453
    endloop
  endfacet
  facet normal -0.226433 -0.00529293 0.974012
    outer loop
      vertex -16.9011 -0.658872 13.5453
      vertex -17.3858 0 13.4362
      vertex -17.5527 0 13.3974
    endloop
  endfacet
  facet normal -0.0985893 -0.13015 0.98658
    outer loop
      vertex -16.072 -4.35685 13.2857
      vertex -16.428 -2.11933 13.5453
      vertex -16.3059 -4.17967 13.2857
    endloop
  endfacet
  facet normal -0.000272915 -0.0185051 0.999829
    outer loop
      vertex -0.403557 -9.61637 13.4123
      vertex -16.2755 -2.19632 13.5453
      vertex -0.929727 -9.60861 13.4123
    endloop
  endfacet
  facet normal -0.00102675 -0.0200653 0.999798
    outer loop
      vertex -0.929727 -9.60861 13.4123
      vertex -16.2755 -2.19632 13.5453
      vertex -1.45405 -9.58178 13.4123
    endloop
  endfacet
  facet normal 0.0128148 0.00738179 0.999891
    outer loop
      vertex -11.3332 6.77824 13.4277
      vertex -11.5249 6.52858 13.432
      vertex -11.5224 6.52424 13.432
    endloop
  endfacet
  facet normal 0.0109244 0.00869431 0.999903
    outer loop
      vertex -16.5382 0 13.545
      vertex -16.4711 -0.118813 13.5453
      vertex -16.3826 0 13.5433
    endloop
  endfacet
  facet normal 0.0101929 0.00828121 0.999914
    outer loop
      vertex -16.4711 -0.118813 13.5453
      vertex -16.5382 0 13.545
      vertex -16.5525 -0.0186224 13.5453
    endloop
  endfacet
  facet normal 0.0107499 0.00905473 0.999901
    outer loop
      vertex -16.1207 0.543641 13.5356
      vertex -13.2596 4.19225 13.4718
      vertex -13.2596 4.26955 13.4711
    endloop
  endfacet
  facet normal 0.0110117 0.00884941 0.9999
    outer loop
      vertex -13.2596 4.19225 13.4718
      vertex -16.1207 0.543641 13.5356
      vertex -16.1207 0.351557 13.5373
    endloop
  endfacet
  facet normal 0.0127157 0.00745788 0.999891
    outer loop
      vertex -11.3332 6.77824 13.4277
      vertex -11.5269 6.53199 13.432
      vertex -11.5249 6.52858 13.432
    endloop
  endfacet
  facet normal 0.00771145 0.0101868 0.999918
    outer loop
      vertex -16.5382 0 13.545
      vertex -16.5771 0 13.5453
      vertex -16.5525 -0.0186224 13.5453
    endloop
  endfacet
  facet normal 0.00929285 0.0101445 0.999905
    outer loop
      vertex -16.1207 0.690623 13.534
      vertex -13.2596 4.26955 13.4711
      vertex -13.2596 4.32869 13.4705
    endloop
  endfacet
  facet normal 0.00836694 0.0108847 0.999906
    outer loop
      vertex -13.2596 4.26955 13.4711
      vertex -16.1207 0.690623 13.534
      vertex -16.1207 0.543641 13.5356
    endloop
  endfacet
  facet normal 0.624407 0.735879 0.261914
    outer loop
      vertex 26.2503 11.3195 5.01779
      vertex 21.1469 14.8523 7.25854
      vertex 27.8433 9.96781 5.01779
    endloop
  endfacet
  facet normal 0.62802 0.621493 0.468334
    outer loop
      vertex 23.5929 12.5743 7.25854
      vertex 23.1277 12.0866 8.52955
      vertex 27.8433 9.96781 5.01779
    endloop
  endfacet
  facet normal 0.623461 0.669441 0.403913
    outer loop
      vertex 27.8433 9.96781 5.01779
      vertex 21.1469 14.8523 7.25854
      vertex 23.5929 12.5743 7.25854
    endloop
  endfacet
  facet normal 0.559872 0.659808 -0.501196
    outer loop
      vertex 27.5562 9.54401 3.24331
      vertex 26.0244 10.8438 3.24331
      vertex 27.8433 9.96781 4.12194
    endloop
  endfacet
  facet normal 0.55987 0.659821 -0.50118
    outer loop
      vertex 27.8433 9.96781 4.12194
      vertex 26.0244 10.8438 3.24331
      vertex 26.2503 11.3195 4.12194
    endloop
  endfacet
  facet normal 0.66585 -0.152132 0.73041
    outer loop
      vertex 29.5257 -1.53636 6.72409
      vertex 25.8077 -3.39274 9.72681
      vertex 28.9897 -3.88232 6.72409
    endloop
  endfacet
  facet normal 0.714635 -0.163278 0.680174
    outer loop
      vertex 29.5257 -1.53636 6.72409
      vertex 28.9897 -3.88232 6.72409
      vertex 29.7226 -4.12238 5.89643
    endloop
  endfacet
  facet normal -0.114439 0.835133 0.538012
    outer loop
      vertex -10.9761 19.3481 7.68254
      vertex -14.357 18.1901 8.76091
      vertex -11.3066 18.6081 8.76091
    endloop
  endfacet
  facet normal -0.0945854 0.690247 0.717365
    outer loop
      vertex -11.3066 18.6081 8.76091
      vertex -14.357 18.1901 8.76091
      vertex -11.7865 17.5337 9.73142
    endloop
  endfacet
  facet normal 0.00580687 0.00263929 -0.99998
    outer loop
      vertex 21.2379 -0.148848 0.0220051
      vertex 20.4271 2.17488 0.0234299
      vertex 21.3333 -0.358744 0.0220051
    endloop
  endfacet
  facet normal 0.0732223 0.0264514 -0.996965
    outer loop
      vertex 21.3333 -0.358744 0.0220051
      vertex 20.5317 1.91393 0.0234299
      vertex 23.2159 1.01707 0.196776
    endloop
  endfacet
  facet normal 0.081981 0.0558154 -0.99507
    outer loop
      vertex 20.3096 2.40196 0.0234299
      vertex 20.184 2.58644 0.0234299
      vertex 22.9333 1.63869 0.196776
    endloop
  endfacet
  facet normal 0.0763492 0.0347098 -0.996477
    outer loop
      vertex 23.2159 1.01707 0.196776
      vertex 20.4271 2.17488 0.0234299
      vertex 22.9333 1.63869 0.196776
    endloop
  endfacet
  facet normal 0.0783816 0.0193598 -0.996735
    outer loop
      vertex 21.3918 -0.595592 0.0220051
      vertex 21.3333 -0.358744 0.0220051
      vertex 23.3892 0.315629 0.196776
    endloop
  endfacet
  facet normal 0.0783799 0.0193648 -0.996735
    outer loop
      vertex 23.3892 0.315629 0.196776
      vertex 21.3333 -0.358744 0.0220051
      vertex 23.2159 1.01707 0.196776
    endloop
  endfacet
  facet normal 0.189557 0.139423 -0.97192
    outer loop
      vertex 24.5304 3.32252 0.539604
      vertex 23.9118 4.16356 0.539604
      vertex 25.1352 5.96977 1.03731
    endloop
  endfacet
  facet normal 0.119563 0.0879406 -0.988924
    outer loop
      vertex 24.5304 3.32252 0.539604
      vertex 22.9333 1.63869 0.196776
      vertex 23.9118 4.16356 0.539604
    endloop
  endfacet
  facet normal 5.23878e-05 -4.25194e-05 -1
    outer loop
      vertex 17.9605 -6.31057 0.0100784
      vertex -15.7094 1.61567 0.00797749
      vertex -15.5402 1.82414 0.00797749
    endloop
  endfacet
  facet normal 5.41792e-05 -3.50888e-05 -1
    outer loop
      vertex 18.0658 -6.16023 0.0100784
      vertex -15.5402 1.82414 0.00797749
      vertex -15.3904 2.05544 0.00797749
    endloop
  endfacet
  facet normal 5.92796e-05 -1.47787e-05 -1
    outer loop
      vertex 18.135 -6.01161 0.0100784
      vertex -15.1711 2.55045 0.00797749
      vertex -15.1101 2.79513 0.00797749
    endloop
  endfacet
  facet normal 0.00542729 -0.00117241 -0.999985
    outer loop
      vertex 21.3907 -1.11306 0.0220051
      vertex 18.135 -6.01161 0.0100784
      vertex 18.1655 -5.87042 0.0100784
    endloop
  endfacet
  facet normal 5.9774e-05 -1.29124e-05 -1
    outer loop
      vertex 18.135 -6.01161 0.0100784
      vertex -15.1101 2.79513 0.00797749
      vertex 18.1655 -5.87042 0.0100784
    endloop
  endfacet
  facet normal 6.44537e-05 4.72115e-06 -1
    outer loop
      vertex 18.1655 -5.87042 0.0100784
      vertex -15.0969 3.2322 0.00797749
      vertex 18.1561 -5.74209 0.0100784
    endloop
  endfacet
  facet normal -0.000216899 0.00018595 -1
    outer loop
      vertex -16.3823 3.22084 0.00797749
      vertex -17.5291 8.53502 0.0092144
      vertex -17.339 8.75676 0.0092144
    endloop
  endfacet
  facet normal -0.000186412 0.000191218 -1
    outer loop
      vertex -16.3823 3.22084 0.00797749
      vertex -17.339 8.75676 0.0092144
      vertex -16.2001 3.39846 0.00797749
    endloop
  endfacet
  facet normal 0.000109405 0.000185177 -1
    outer loop
      vertex 12.4732 -0.341285 0.0102835
      vertex -15.3426 3.6396 0.00797749
      vertex -14.2271 9.66016 0.0092144
    endloop
  endfacet
  facet normal 0.0977333 -0.79908 0.593228
    outer loop
      vertex 14.093 -17.2301 8.52955
      vertex 5.91532 -19.6169 6.66178
      vertex 6.09234 -20.204 5.84179
    endloop
  endfacet
  facet normal 0.0737706 -0.758989 0.646911
    outer loop
      vertex 10.9725 -17.5334 8.52955
      vertex 5.91532 -19.6169 6.66178
      vertex 14.093 -17.2301 8.52955
    endloop
  endfacet
  facet normal -0.453857 -0.180691 -0.872562
    outer loop
      vertex -30.8968 -10.419 2.18692
      vertex -34.6693 1.28212 1.72608
      vertex -29.8886 -10.2564 1.62884
    endloop
  endfacet
  facet normal -0.397928 -0.157254 -0.903839
    outer loop
      vertex -29.8886 -10.2564 1.62884
      vertex -34.6693 1.28212 1.72608
      vertex -33.9456 1.56554 1.35815
    endloop
  endfacet
  facet normal -0.258219 -0.286588 -0.9226
    outer loop
      vertex -27.6378 -12.7874 1.62884
      vertex -28.9733 -11.5841 1.62884
      vertex -27.6227 -11.1841 1.12658
    endloop
  endfacet
  facet normal -0.289149 -0.19935 -0.936297
    outer loop
      vertex -27.6227 -11.1841 1.12658
      vertex -28.9733 -11.5841 1.62884
      vertex -28.425 -10.0204 1.12658
    endloop
  endfacet
  facet normal -0.545299 -0.605259 -0.579923
    outer loop
      vertex -28.8708 -13.3579 2.77938
      vertex -30.3779 -12.0001 2.77938
      vertex -28.4545 -13.1653 2.18692
    endloop
  endfacet
  facet normal -0.545278 -0.605164 -0.580041
    outer loop
      vertex -28.4545 -13.1653 2.18692
      vertex -30.3779 -12.0001 2.77938
      vertex -29.9036 -11.8596 2.18692
    endloop
  endfacet
  facet normal -0.084867 -0.326834 -0.941264
    outer loop
      vertex -21.2398 -14.373 1.12658
      vertex -23.1981 -13.8645 1.12658
      vertex -22.2726 -12.8747 0.699447
    endloop
  endfacet
  facet normal -0.164565 -0.633697 -0.755875
    outer loop
      vertex -21.6911 -15.2223 1.62884
      vertex -24.4262 -15.1777 2.18692
      vertex -23.9253 -14.6421 1.62884
    endloop
  endfacet
  facet normal -0.105 -0.173339 -0.979249
    outer loop
      vertex -22.2575 -11.2715 0.363849
      vertex -24.9431 -11.5406 0.699447
      vertex -23.1686 -10.7196 0.363849
    endloop
  endfacet
  facet normal -0.170732 -0.416966 -0.892743
    outer loop
      vertex -23.9253 -14.6421 1.62884
      vertex -25.9333 -13.8199 1.62884
      vertex -23.1981 -13.8645 1.12658
    endloop
  endfacet
  facet normal -0.0369435 -0.14227 -0.989138
    outer loop
      vertex -19.99 -12.0211 0.363849
      vertex -21.1842 -11.711 0.363849
      vertex -19.2395 -10.6088 0.132684
    endloop
  endfacet
  facet normal -0.0270327 -0.147465 -0.988698
    outer loop
      vertex 1.75863 -14.8756 0.194953
      vertex -19.99 -12.0211 0.363849
      vertex -19.2395 -10.6088 0.132684
    endloop
  endfacet
  facet normal 0.0443114 -0.807755 0.587851
    outer loop
      vertex 3.05336 -19.7739 6.66178
      vertex 2.98693 -20.3743 5.84179
      vertex 5.91532 -19.6169 6.66178
    endloop
  endfacet
  facet normal -0.0324968 -0.805156 0.592171
    outer loop
      vertex 3.05336 -19.7739 6.66178
      vertex 0.221408 -19.6596 6.66178
      vertex 2.98693 -20.3743 5.84179
    endloop
  endfacet
  facet normal -0.19322 -0.747616 0.635402
    outer loop
      vertex -4.92248 -18.645 6.66178
      vertex -5.66736 -19.1494 5.84179
      vertex -2.4717 -19.2784 6.66178
    endloop
  endfacet
  facet normal -0.179202 -0.693376 0.697938
    outer loop
      vertex -2.4717 -19.2784 6.66178
      vertex -16.1635 -11.3862 10.9869
      vertex -4.92248 -18.645 6.66178
    endloop
  endfacet
  facet normal -0.0348533 0.0785054 -0.996304
    outer loop
      vertex -16.6311 11.2253 0.0824003
      vertex -17.6875 10.7563 0.0824003
      vertex -17.1258 12.8276 0.225962
    endloop
  endfacet
  facet normal -0.0348526 0.0785052 -0.996304
    outer loop
      vertex -17.6875 10.7563 0.0824003
      vertex -18.8413 12.066 0.225962
      vertex -17.1258 12.8276 0.225962
    endloop
  endfacet
  facet normal -0.0130165 0.0218896 -0.999676
    outer loop
      vertex -16.0855 10.491 0.0286703
      vertex -16.7953 9.18039 0.0092144
      vertex -16.3618 10.3267 0.0286703
    endloop
  endfacet
  facet normal -0.0254446 0.0427896 -0.99876
    outer loop
      vertex -16.3618 10.3267 0.0286703
      vertex -18.6728 10.2066 0.0824003
      vertex -16.0855 10.491 0.0286703
    endloop
  endfacet
  facet normal 0.016602 -0.109369 -0.993863
    outer loop
      vertex 4.51922 -14.9871 0.194953
      vertex 4.06552 -13.4825 0.021801
      vertex 5.43491 -14.8481 0.194953
    endloop
  endfacet
  facet normal 0.0338872 -0.223239 -0.974175
    outer loop
      vertex 4.94659 -16.4044 0.534603
      vertex 4.51922 -14.9871 0.194953
      vertex 5.43491 -14.8481 0.194953
    endloop
  endfacet
  facet normal 0.0352102 -0.0908768 -0.995239
    outer loop
      vertex 6.28909 -14.6272 0.194953
      vertex 4.66313 -13.3609 0.021801
      vertex 7.04893 -14.3328 0.194953
    endloop
  endfacet
  facet normal 0.0721878 -0.186315 -0.979834
    outer loop
      vertex 7.82071 -15.82 0.534603
      vertex 6.28909 -14.6272 0.194953
      vertex 7.04893 -14.3328 0.194953
    endloop
  endfacet
  facet normal -0.0476347 -0.33654 -0.940463
    outer loop
      vertex 1.23541 -17.7106 1.0277
      vertex -0.701822 -17.4364 1.0277
      vertex 0.463636 -16.2234 0.534603
    endloop
  endfacet
  facet normal -0.047622 -0.336535 -0.940466
    outer loop
      vertex 1.23541 -17.7106 1.0277
      vertex 0.463636 -16.2234 0.534603
      vertex 1.90314 -16.4271 0.534603
    endloop
  endfacet
  facet normal 0.117784 -0.455411 -0.882456
    outer loop
      vertex 10.3714 -17.8063 1.65529
      vertex 8.09675 -18.3946 1.65529
      vertex 9.19912 -16.8934 1.0277
    endloop
  endfacet
  facet normal 0.156151 -0.603756 -0.781726
    outer loop
      vertex 11.2924 -18.5236 2.39326
      vertex 8.09675 -18.3946 1.65529
      vertex 10.3714 -17.8063 1.65529
    endloop
  endfacet
  facet normal -0.272376 -0.0784068 0.958991
    outer loop
      vertex -16.7973 -1.31153 13.5453
      vertex -23.5282 2.3435 11.9324
      vertex -16.7368 -1.5217 13.5453
    endloop
  endfacet
  facet normal -0.262425 -0.0582263 0.963194
    outer loop
      vertex -16.846 -1.09204 13.5453
      vertex -23.5282 2.3435 11.9324
      vertex -16.7973 -1.31153 13.5453
    endloop
  endfacet
  facet normal -0.1312 0.0524933 0.989965
    outer loop
      vertex -16.8819 0 13.5356
      vertex -16.8902 0 13.5345
      vertex -16.8665 -0.144441 13.5453
    endloop
  endfacet
  facet normal -0.173671 0.0454106 0.983756
    outer loop
      vertex -18.1902 4.73575 13.0864
      vertex -20.7202 4.18023 12.6654
      vertex -18.1902 1.34107 13.2431
    endloop
  endfacet
  facet normal -0.174251 0.0449591 0.983674
    outer loop
      vertex -16.8902 0 13.5345
      vertex -16.9952 0 13.5159
      vertex -16.8665 -0.144441 13.5453
    endloop
  endfacet
  facet normal -0.0985472 -0.130144 0.986585
    outer loop
      vertex -16.349 -2.17915 13.5453
      vertex -16.428 -2.11933 13.5453
      vertex -16.072 -4.35685 13.2857
    endloop
  endfacet
  facet normal -0.254053 -0.0404638 0.966344
    outer loop
      vertex -16.8811 -0.871664 13.5453
      vertex -23.5282 2.3435 11.9324
      vertex -16.846 -1.09204 13.5453
    endloop
  endfacet
  facet normal -0.293328 -0.125578 0.947728
    outer loop
      vertex -17.013 -2.98065 13.2857
      vertex -23.1939 1.24361 11.9324
      vertex -22.1146 -8.4131 10.9869
    endloop
  endfacet
  facet normal -0.292996 -0.125914 0.947786
    outer loop
      vertex -17.013 -2.98065 13.2857
      vertex -22.1146 -8.4131 10.9869
      vertex -21.7806 -9.1903 10.9869
    endloop
  endfacet
  facet normal -0.0848521 -0.322231 0.942851
    outer loop
      vertex -7.59045 -9.71069 13.1552
      vertex -10.2008 -10.4989 12.6509
      vertex -6.6204 -9.96613 13.1552
    endloop
  endfacet
  facet normal -0.042607 -0.161822 0.9859
    outer loop
      vertex -3.14696 -9.31429 13.4123
      vertex -6.6204 -9.96613 13.1552
      vertex -2.81942 -9.40053 13.4123
    endloop
  endfacet
  facet normal -0.157357 -0.207731 0.965446
    outer loop
      vertex -16.072 -4.35685 13.2857
      vertex -16.3059 -4.17967 13.2857
      vertex -13.6262 -9.15983 12.6509
    endloop
  endfacet
  facet normal -0.159532 -0.208826 0.964853
    outer loop
      vertex -16.3059 -4.17967 13.2857
      vertex -18.033 -9.1763 11.9187
      vertex -13.6262 -9.15983 12.6509
    endloop
  endfacet
  facet normal -0.24865 -0.0282869 0.96818
    outer loop
      vertex -18.1902 0.51683 13.2497
      vertex -20.7775 3.26097 12.6654
      vertex -18.1902 0 13.2346
    endloop
  endfacet
  facet normal -0.248559 -0.0281833 0.968207
    outer loop
      vertex -18.1902 0 13.2346
      vertex -16.8811 -0.871664 13.5453
      vertex -17.7029 0 13.3597
    endloop
  endfacet
  facet normal -0.248579 -0.0282162 0.968201
    outer loop
      vertex -18.1902 0 13.2346
      vertex -23.5282 2.3435 11.9324
      vertex -16.8811 -0.871664 13.5453
    endloop
  endfacet
  facet normal -0.248586 -0.0282335 0.968198
    outer loop
      vertex -23.5282 2.3435 11.9324
      vertex -18.1902 0 13.2346
      vertex -20.7775 3.26097 12.6654
    endloop
  endfacet
  facet normal -0.133773 -0.1965 0.971335
    outer loop
      vertex -12.9327 -9.63195 12.6509
      vertex -16.072 -4.35685 13.2857
      vertex -13.6262 -9.15983 12.6509
    endloop
  endfacet
  facet normal -0.198528 -0.5078 0.838288
    outer loop
      vertex -17.0997 -9.81167 11.9187
      vertex -20.6433 -9.96451 10.9869
      vertex -18.7467 -10.706 10.9869
    endloop
  endfacet
  facet normal -0.165273 -0.627665 0.760738
    outer loop
      vertex -15.5431 -10.4202 11.9187
      vertex -18.7467 -10.706 10.9869
      vertex -13.4232 -10.9784 11.9187
    endloop
  endfacet
  facet normal -0.165273 -0.62766 0.760741
    outer loop
      vertex -13.4232 -10.9784 11.9187
      vertex -18.7467 -10.706 10.9869
      vertex -16.1635 -11.3862 10.9869
    endloop
  endfacet
  facet normal -0.104221 -0.557392 0.823682
    outer loop
      vertex -10.2008 -10.4989 12.6509
      vertex -10.8212 -11.4649 11.9187
      vertex -8.26744 -10.8604 12.6509
    endloop
  endfacet
  facet normal -0.0811104 -0.611081 0.787401
    outer loop
      vertex -8.26744 -10.8604 12.6509
      vertex -10.8212 -11.4649 11.9187
      vertex -6.0502 -11.1547 12.6509
    endloop
  endfacet
  facet normal 0.0148982 -0.229156 0.973276
    outer loop
      vertex 0.574138 -9.5742 13.4123
      vertex 0.104235 -9.60475 13.4123
      vertex 3.42986 -10.4805 13.1552
    endloop
  endfacet
  facet normal 0.0236975 -0.203022 0.978887
    outer loop
      vertex 4.65583 -10.3374 13.1552
      vertex 0.574138 -9.5742 13.4123
      vertex 3.42986 -10.4805 13.1552
    endloop
  endfacet
  facet normal 0.00750318 0.000159934 0.999972
    outer loop
      vertex 1.81062 -9.20085 13.4123
      vertex -16.0793 -1.47908 13.5453
      vertex -16.0751 -1.67612 13.5453
    endloop
  endfacet
  facet normal 0.0774806 0.0400915 -0.996187
    outer loop
      vertex 20.4271 2.17488 0.0234299
      vertex 20.3096 2.40196 0.0234299
      vertex 22.9333 1.63869 0.196776
    endloop
  endfacet
  facet normal 0.0036385 0.0018827 -0.999992
    outer loop
      vertex 21.2379 -0.148848 0.0220051
      vertex 20.3096 2.40196 0.0234299
      vertex 20.4271 2.17488 0.0234299
    endloop
  endfacet
  facet normal 0.210157 0.247674 -0.945776
    outer loop
      vertex 25.1352 5.96977 1.03731
      vertex 24.9383 8.55579 1.67077
      vertex 26.1757 7.50583 1.67077
    endloop
  endfacet
  facet normal 0.274431 0.201831 -0.940187
    outer loop
      vertex 27.19 6.12668 1.67077
      vertex 25.1352 5.96977 1.03731
      vertex 26.1757 7.50583 1.67077
    endloop
  endfacet
  facet normal 4.73766e-05 -6.36721e-05 -1
    outer loop
      vertex 17.6594 -6.59346 0.0100784
      vertex -16.0796 1.29808 0.00797749
      vertex -15.8915 1.43804 0.00797749
    endloop
  endfacet
  facet normal -0.000271591 0.000175894 -1
    outer loop
      vertex -16.7013 2.78106 0.00797749
      vertex -17.5291 8.53502 0.0092144
      vertex -16.5515 3.01236 0.00797749
    endloop
  endfacet
  facet normal 0.00852868 -0.00330612 -0.999958
    outer loop
      vertex 21.2348 -1.62247 0.0220051
      vertex 18.135 -6.01161 0.0100784
      vertex 21.3312 -1.37379 0.0220051
    endloop
  endfacet
  facet normal 0.0112918 -0.00525767 -0.999922
    outer loop
      vertex 21.2348 -1.62247 0.0220051
      vertex 18.0658 -6.16023 0.0100784
      vertex 18.135 -6.01161 0.0100784
    endloop
  endfacet
  facet normal 0.0842566 0.00641761 -0.996423
    outer loop
      vertex 21.4112 -0.850294 0.0220051
      vertex 21.3918 -0.595592 0.0220051
      vertex 23.4467 -0.438684 0.196776
    endloop
  endfacet
  facet normal 0.0869053 -0.0067787 -0.996194
    outer loop
      vertex 23.386 -1.21688 0.196776
      vertex 21.4112 -0.850294 0.0220051
      vertex 23.4467 -0.438684 0.196776
    endloop
  endfacet
  facet normal 9.45608e-05 0.000114777 -1
    outer loop
      vertex -15.2282 3.54535 0.00797749
      vertex -15.3426 3.6396 0.00797749
      vertex 18.0208 -5.54305 0.0100784
    endloop
  endfacet
  facet normal 6.13934e-05 -6.69407e-06 -1
    outer loop
      vertex 18.1655 -5.87042 0.0100784
      vertex -15.1101 2.79513 0.00797749
      vertex -15.085 3.02533 0.00797749
    endloop
  endfacet
  facet normal 0 0 -1
    outer loop
      vertex -16.012 3.53842 0.00797749
      vertex -15.085 3.02533 0.00797749
      vertex -15.1101 2.79513 0.00797749
    endloop
  endfacet
  facet normal 0 -0 -1
    outer loop
      vertex -15.8252 3.63533 0.00797749
      vertex -15.085 3.02533 0.00797749
      vertex -16.012 3.53842 0.00797749
    endloop
  endfacet
  facet normal 0 0 -1
    outer loop
      vertex -16.2001 3.39846 0.00797749
      vertex -15.1101 2.79513 0.00797749
      vertex -15.1711 2.55045 0.00797749
    endloop
  endfacet
  facet normal 0 0 -1
    outer loop
      vertex -15.085 3.02533 0.00797749
      vertex -15.8252 3.63533 0.00797749
      vertex -15.0969 3.2322 0.00797749
    endloop
  endfacet
  facet normal 0 0 -1
    outer loop
      vertex -16.3823 3.22084 0.00797749
      vertex -15.1711 2.55045 0.00797749
      vertex -15.2657 2.30069 0.00797749
    endloop
  endfacet
  facet normal 0 -0 -1
    outer loop
      vertex -15.6469 3.68547 0.00797749
      vertex -15.0969 3.2322 0.00797749
      vertex -15.8252 3.63533 0.00797749
    endloop
  endfacet
  facet normal 0 0 -1
    outer loop
      vertex -16.5515 3.01236 0.00797749
      vertex -15.2657 2.30069 0.00797749
      vertex -15.3904 2.05544 0.00797749
    endloop
  endfacet
  facet normal 0 0 -1
    outer loop
      vertex -15.0969 3.2322 0.00797749
      vertex -15.6469 3.68547 0.00797749
      vertex -15.1452 3.40779 0.00797749
    endloop
  endfacet
  facet normal 0 0 -1
    outer loop
      vertex -16.7013 2.78106 0.00797749
      vertex -15.3904 2.05544 0.00797749
      vertex -15.5402 1.82414 0.00797749
    endloop
  endfacet
  facet normal 0 0 -1
    outer loop
      vertex -15.1452 3.40779 0.00797749
      vertex -15.6469 3.68547 0.00797749
      vertex -15.2282 3.54535 0.00797749
    endloop
  endfacet
  facet normal 0 0 -1
    outer loop
      vertex -16.8259 2.53582 0.00797749
      vertex -15.5402 1.82414 0.00797749
      vertex -15.7094 1.61567 0.00797749
    endloop
  endfacet
  facet normal 0 -0 -1
    outer loop
      vertex -15.4839 3.68692 0.00797749
      vertex -15.2282 3.54535 0.00797749
      vertex -15.6469 3.68547 0.00797749
    endloop
  endfacet
  facet normal 0 0 -1
    outer loop
      vertex -16.9205 2.28606 0.00797749
      vertex -15.7094 1.61567 0.00797749
      vertex -15.8915 1.43804 0.00797749
    endloop
  endfacet
  facet normal 0 0 -1
    outer loop
      vertex -15.2282 3.54535 0.00797749
      vertex -15.4839 3.68692 0.00797749
      vertex -15.3426 3.6396 0.00797749
    endloop
  endfacet
  facet normal 0 0 -1
    outer loop
      vertex -16.9816 2.04137 0.00797749
      vertex -15.8915 1.43804 0.00797749
      vertex -16.0796 1.29808 0.00797749
    endloop
  endfacet
  facet normal 0 0 -1
    outer loop
      vertex -15.1101 2.79513 0.00797749
      vertex -16.2001 3.39846 0.00797749
      vertex -16.012 3.53842 0.00797749
    endloop
  endfacet
  facet normal 0 0 -1
    outer loop
      vertex -17.0066 1.81117 0.00797749
      vertex -16.0796 1.29808 0.00797749
      vertex -16.2664 1.20117 0.00797749
    endloop
  endfacet
  facet normal 0 0 -1
    outer loop
      vertex -15.1711 2.55045 0.00797749
      vertex -16.3823 3.22084 0.00797749
      vertex -16.2001 3.39846 0.00797749
    endloop
  endfacet
  facet normal 0 0 -1
    outer loop
      vertex -16.9948 1.6043 0.00797749
      vertex -16.2664 1.20117 0.00797749
      vertex -16.4447 1.15103 0.00797749
    endloop
  endfacet
  facet normal 0 0 -1
    outer loop
      vertex -15.2657 2.30069 0.00797749
      vertex -16.5515 3.01236 0.00797749
      vertex -16.3823 3.22084 0.00797749
    endloop
  endfacet
  facet normal 0 0 -1
    outer loop
      vertex -16.9464 1.42871 0.00797749
      vertex -16.4447 1.15103 0.00797749
      vertex -16.6077 1.14959 0.00797749
    endloop
  endfacet
  facet normal 0 0 -1
    outer loop
      vertex -15.3904 2.05544 0.00797749
      vertex -16.7013 2.78106 0.00797749
      vertex -16.5515 3.01236 0.00797749
    endloop
  endfacet
  facet normal 0 0 -1
    outer loop
      vertex -16.8635 1.29115 0.00797749
      vertex -16.6077 1.14959 0.00797749
      vertex -16.7491 1.1969 0.00797749
    endloop
  endfacet
  facet normal 0 0 -1
    outer loop
      vertex -15.5402 1.82414 0.00797749
      vertex -16.8259 2.53582 0.00797749
      vertex -16.7013 2.78106 0.00797749
    endloop
  endfacet
  facet normal 0 0 -1
    outer loop
      vertex -16.6077 1.14959 0.00797749
      vertex -16.8635 1.29115 0.00797749
      vertex -16.9464 1.42871 0.00797749
    endloop
  endfacet
  facet normal 0 0 -1
    outer loop
      vertex -15.7094 1.61567 0.00797749
      vertex -16.9205 2.28606 0.00797749
      vertex -16.8259 2.53582 0.00797749
    endloop
  endfacet
  facet normal 0 0 -1
    outer loop
      vertex -16.4447 1.15103 0.00797749
      vertex -16.9464 1.42871 0.00797749
      vertex -16.9948 1.6043 0.00797749
    endloop
  endfacet
  facet normal 0 0 -1
    outer loop
      vertex -15.8915 1.43804 0.00797749
      vertex -16.9816 2.04137 0.00797749
      vertex -16.9205 2.28606 0.00797749
    endloop
  endfacet
  facet normal 0 0 -1
    outer loop
      vertex -16.2664 1.20117 0.00797749
      vertex -16.9948 1.6043 0.00797749
      vertex -17.0066 1.81117 0.00797749
    endloop
  endfacet
  facet normal 0 0 -1
    outer loop
      vertex -16.0796 1.29808 0.00797749
      vertex -17.0066 1.81117 0.00797749
      vertex -16.9816 2.04137 0.00797749
    endloop
  endfacet
  facet normal -0.105 -0.173341 -0.979249
    outer loop
      vertex -23.717 -12.2833 0.699447
      vertex -24.9431 -11.5406 0.699447
      vertex -22.2575 -11.2715 0.363849
    endloop
  endfacet
  facet normal -0.153291 -0.253063 -0.955228
    outer loop
      vertex -23.717 -12.2833 0.699447
      vertex -24.9581 -13.1438 1.12658
      vertex -24.9431 -11.5406 0.699447
    endloop
  endfacet
  facet normal -0.0401885 -0.235068 -0.971148
    outer loop
      vertex 0.463636 -16.2234 0.534603
      vertex -20.6654 -13.2921 0.699447
      vertex -19.99 -12.0211 0.363849
    endloop
  endfacet
  facet normal -0.0533562 -0.331627 -0.9419
    outer loop
      vertex -0.701822 -17.4364 1.0277
      vertex -20.6654 -13.2921 0.699447
      vertex 0.463636 -16.2234 0.534603
    endloop
  endfacet
  facet normal -0.0380229 -0.942244 0.332763
    outer loop
      vertex -0.0859079 -20.2503 5.84179
      vertex -0.242578 -20.5514 4.9713
      vertex 2.98693 -20.3743 5.84179
    endloop
  endfacet
  facet normal -0.0324906 -0.805147 0.592184
    outer loop
      vertex 0.221408 -19.6596 6.66178
      vertex -0.0859079 -20.2503 5.84179
      vertex 2.98693 -20.3743 5.84179
    endloop
  endfacet
  facet normal 0.000931476 -0.00360129 -0.999993
    outer loop
      vertex 4.66313 -13.3609 0.021801
      vertex 4.37471 -13.4355 0.021801
      vertex 17.0739 -6.89576 0.0100784
    endloop
  endfacet
  facet normal 0.00270705 -0.00700972 -0.999972
    outer loop
      vertex 17.2773 -6.81721 0.0100784
      vertex 4.66313 -13.3609 0.021801
      vertex 17.0739 -6.89576 0.0100784
    endloop
  endfacet
  facet normal 0.0732604 -0.482812 -0.872654
    outer loop
      vertex 5.65832 -18.7646 1.65529
      vertex 5.33122 -17.6799 1.0277
      vertex 8.09675 -18.3946 1.65529
    endloop
  endfacet
  facet normal 0.0963195 -0.63478 -0.766666
    outer loop
      vertex 5.91532 -19.6169 2.39326
      vertex 5.65832 -18.7646 1.65529
      vertex 8.09675 -18.3946 1.65529
    endloop
  endfacet
  facet normal 0.00775011 0.00073207 0.99997
    outer loop
      vertex 1.81062 -9.20085 13.4123
      vertex -16.0994 -1.26629 13.5453
      vertex -16.0793 -1.47908 13.5453
    endloop
  endfacet
  facet normal -0.185027 0.0349567 0.982112
    outer loop
      vertex -18.1902 1.34107 13.2431
      vertex -20.7202 4.18023 12.6654
      vertex -18.1902 1.22588 13.2472
    endloop
  endfacet
  facet normal -0.18504 0.0350263 0.982107
    outer loop
      vertex -16.9952 0 13.5159
      vertex -16.8937 -0.288136 13.5453
      vertex -16.8665 -0.144441 13.5453
    endloop
  endfacet
  facet normal -0.184665 0.0351654 0.982172
    outer loop
      vertex -16.8937 -0.288136 13.5453
      vertex -16.9952 0 13.5159
      vertex -17.1404 0 13.4886
    endloop
  endfacet
  facet normal -0.287611 -0.116272 0.950663
    outer loop
      vertex -16.6668 -1.71447 13.5453
      vertex -23.1939 1.24361 11.9324
      vertex -17.013 -2.98065 13.2857
    endloop
  endfacet
  facet normal -0.286803 -0.131109 0.948975
    outer loop
      vertex -17.013 -2.98065 13.2857
      vertex -21.7806 -9.1903 10.9869
      vertex -16.7856 -3.47809 13.2857
    endloop
  endfacet
  facet normal -0.220739 -0.130199 0.966604
    outer loop
      vertex -16.59 -1.88243 13.5453
      vertex -16.7856 -3.47809 13.2857
      vertex -16.5468 -3.88295 13.2857
    endloop
  endfacet
  facet normal 0 0 1
    outer loop
      vertex -16.6668 -1.71447 13.5453
      vertex -16.0751 -1.67612 13.5453
      vertex -16.0793 -1.47908 13.5453
    endloop
  endfacet
  facet normal 0 0 1
    outer loop
      vertex -16.7368 -1.5217 13.5453
      vertex -16.0793 -1.47908 13.5453
      vertex -16.0994 -1.26629 13.5453
    endloop
  endfacet
  facet normal 0 -0 1
    outer loop
      vertex -16.59 -1.88243 13.5453
      vertex -16.0751 -1.67612 13.5453
      vertex -16.6668 -1.71447 13.5453
    endloop
  endfacet
  facet normal 0 0 1
    outer loop
      vertex -16.7973 -1.31153 13.5453
      vertex -16.0994 -1.26629 13.5453
      vertex -16.1344 -1.04591 13.5453
    endloop
  endfacet
  facet normal 0 0 1
    outer loop
      vertex -16.0751 -1.67612 13.5453
      vertex -16.59 -1.88243 13.5453
      vertex -16.0868 -1.84982 13.5453
    endloop
  endfacet
  facet normal 0 0 1
    outer loop
      vertex -16.846 -1.09204 13.5453
      vertex -16.1344 -1.04591 13.5453
      vertex -16.1832 -0.82642 13.5453
    endloop
  endfacet
  facet normal 0 -0 1
    outer loop
      vertex -16.5093 -2.01914 13.5453
      vertex -16.0868 -1.84982 13.5453
      vertex -16.59 -1.88243 13.5453
    endloop
  endfacet
  facet normal 0 0 1
    outer loop
      vertex -16.8811 -0.871664 13.5453
      vertex -16.1832 -0.82642 13.5453
      vertex -16.2437 -0.616253 13.5453
    endloop
  endfacet
  facet normal 0 0 1
    outer loop
      vertex -16.0868 -1.84982 13.5453
      vertex -16.5093 -2.01914 13.5453
      vertex -16.114 -1.99351 13.5453
    endloop
  endfacet
  facet normal 0 0 1
    outer loop
      vertex -16.9011 -0.658872 13.5453
      vertex -16.2437 -0.616253 13.5453
      vertex -16.3137 -0.42348 13.5453
    endloop
  endfacet
  facet normal 0 -0 1
    outer loop
      vertex -16.428 -2.11933 13.5453
      vertex -16.114 -1.99351 13.5453
      vertex -16.5093 -2.01914 13.5453
    endloop
  endfacet
  facet normal 0 0 1
    outer loop
      vertex -16.9054 -0.461838 13.5453
      vertex -16.3137 -0.42348 13.5453
      vertex -16.3905 -0.255517 13.5453
    endloop
  endfacet
  facet normal 0 0 1
    outer loop
      vertex -16.114 -1.99351 13.5453
      vertex -16.428 -2.11933 13.5453
      vertex -16.1557 -2.10168 13.5453
    endloop
  endfacet
  facet normal 0 0 1
    outer loop
      vertex -16.8937 -0.288136 13.5453
      vertex -16.3905 -0.255517 13.5453
      vertex -16.4711 -0.118813 13.5453
    endloop
  endfacet
  facet normal 0 -0 1
    outer loop
      vertex -16.349 -2.17915 13.5453
      vertex -16.1557 -2.10168 13.5453
      vertex -16.428 -2.11933 13.5453
    endloop
  endfacet
  facet normal 0 0 1
    outer loop
      vertex -16.8665 -0.144441 13.5453
      vertex -16.4711 -0.118813 13.5453
      vertex -16.5525 -0.0186224 13.5453
    endloop
  endfacet
  facet normal 0 0 1
    outer loop
      vertex -16.8665 -0.144441 13.5453
      vertex -16.5525 -0.0186224 13.5453
      vertex -16.5771 0 13.5453
    endloop
  endfacet
  facet normal 0 0 1
    outer loop
      vertex -16.1557 -2.10168 13.5453
      vertex -16.349 -2.17915 13.5453
      vertex -16.2102 -2.17015 13.5453
    endloop
  endfacet
  facet normal 0 0 1
    outer loop
      vertex -16.2102 -2.17015 13.5453
      vertex -16.349 -2.17915 13.5453
      vertex -16.2755 -2.19632 13.5453
    endloop
  endfacet
  facet normal 0 0 1
    outer loop
      vertex -16.0793 -1.47908 13.5453
      vertex -16.7368 -1.5217 13.5453
      vertex -16.6668 -1.71447 13.5453
    endloop
  endfacet
  facet normal 0 0 1
    outer loop
      vertex -16.8248 -0.0362749 13.5453
      vertex -16.5771 0 13.5453
      vertex -16.7959 0 13.5453
    endloop
  endfacet
  facet normal 0 0 1
    outer loop
      vertex -16.0994 -1.26629 13.5453
      vertex -16.7973 -1.31153 13.5453
      vertex -16.7368 -1.5217 13.5453
    endloop
  endfacet
  facet normal 0 0 1
    outer loop
      vertex -16.5771 0 13.5453
      vertex -16.8248 -0.0362749 13.5453
      vertex -16.8665 -0.144441 13.5453
    endloop
  endfacet
  facet normal 0 0 1
    outer loop
      vertex -16.1344 -1.04591 13.5453
      vertex -16.846 -1.09204 13.5453
      vertex -16.7973 -1.31153 13.5453
    endloop
  endfacet
  facet normal 0 0 1
    outer loop
      vertex -16.4711 -0.118813 13.5453
      vertex -16.8665 -0.144441 13.5453
      vertex -16.8937 -0.288136 13.5453
    endloop
  endfacet
  facet normal 0 0 1
    outer loop
      vertex -16.1832 -0.82642 13.5453
      vertex -16.8811 -0.871664 13.5453
      vertex -16.846 -1.09204 13.5453
    endloop
  endfacet
  facet normal 0 0 1
    outer loop
      vertex -16.3905 -0.255517 13.5453
      vertex -16.8937 -0.288136 13.5453
      vertex -16.9054 -0.461838 13.5453
    endloop
  endfacet
  facet normal 0 0 1
    outer loop
      vertex -16.2437 -0.616253 13.5453
      vertex -16.9011 -0.658872 13.5453
      vertex -16.8811 -0.871664 13.5453
    endloop
  endfacet
  facet normal 0 0 1
    outer loop
      vertex -16.3137 -0.42348 13.5453
      vertex -16.9054 -0.461838 13.5453
      vertex -16.9011 -0.658872 13.5453
    endloop
  endfacet
  facet normal -0.0990359 -0.17678 0.979255
    outer loop
      vertex -8.30269 -9.43226 13.1552
      vertex -16.072 -4.35685 13.2857
      vertex -12.9327 -9.63195 12.6509
    endloop
  endfacet
  facet normal -0.158551 -0.232897 0.95949
    outer loop
      vertex -13.6262 -9.15983 12.6509
      vertex -18.033 -9.1763 11.9187
      vertex -17.0997 -9.81167 11.9187
    endloop
  endfacet
  facet normal -0.0467203 -0.119509 0.991733
    outer loop
      vertex -3.38746 -9.22027 13.4123
      vertex -7.59045 -9.71069 13.1552
      vertex -3.14696 -9.31429 13.4123
    endloop
  endfacet
  facet normal -0.0467199 -0.119512 0.991733
    outer loop
      vertex -3.38746 -9.22027 13.4123
      vertex -8.30269 -9.43226 13.1552
      vertex -7.59045 -9.71069 13.1552
    endloop
  endfacet
  facet normal 5.0251e-05 -5.15155e-05 -1
    outer loop
      vertex 17.8233 -6.45685 0.0100784
      vertex -15.8915 1.43804 0.00797749
      vertex -15.7094 1.61567 0.00797749
    endloop
  endfacet
  facet normal 4.8647e-05 -5.8365e-05 -1
    outer loop
      vertex 17.6594 -6.59346 0.0100784
      vertex -15.8915 1.43804 0.00797749
      vertex 17.8233 -6.45685 0.0100784
    endloop
  endfacet
  facet normal 0.0013429 0.00128531 -0.999998
    outer loop
      vertex 20.184 2.58644 0.0234299
      vertex 18.1073 -5.63155 0.0100784
      vertex 20.055 2.72122 0.0234299
    endloop
  endfacet
  facet normal 0.00173005 0.00118748 -0.999998
    outer loop
      vertex 21.2379 -0.148848 0.0220051
      vertex 18.1073 -5.63155 0.0100784
      vertex 20.184 2.58644 0.0234299
    endloop
  endfacet
  facet normal -0.180119 -0.199912 -0.963116
    outer loop
      vertex -26.4521 -12.2388 1.12658
      vertex -27.6227 -11.1841 1.12658
      vertex -24.9431 -11.5406 0.699447
    endloop
  endfacet
  facet normal -0.0659314 -0.108842 -0.99187
    outer loop
      vertex -22.2575 -11.2715 0.363849
      vertex -23.1686 -10.7196 0.363849
      vertex -20.6359 -10.1472 0.132684
    endloop
  endfacet
  facet normal -0.121074 -0.295703 -0.947576
    outer loop
      vertex -23.1981 -13.8645 1.12658
      vertex -23.717 -12.2833 0.699447
      vertex -22.2726 -12.8747 0.699447
    endloop
  endfacet
  facet normal -0.118889 -0.457856 -0.881041
    outer loop
      vertex -21.6911 -15.2223 1.62884
      vertex -23.1981 -13.8645 1.12658
      vertex -21.2398 -14.373 1.12658
    endloop
  endfacet
  facet normal -0.122837 -0.136333 -0.983018
    outer loop
      vertex -24.9431 -11.5406 0.699447
      vertex -25.9038 -10.675 0.699447
      vertex -23.8825 -10.0764 0.363849
    endloop
  endfacet
  facet normal -0.122833 -0.136335 -0.983018
    outer loop
      vertex -23.1686 -10.7196 0.363849
      vertex -24.9431 -11.5406 0.699447
      vertex -23.8825 -10.0764 0.363849
    endloop
  endfacet
  facet normal -0.282145 -0.102455 0.953885
    outer loop
      vertex -16.7368 -1.5217 13.5453
      vertex -23.1939 1.24361 11.9324
      vertex -16.6668 -1.71447 13.5453
    endloop
  endfacet
  facet normal -0.26183 -0.154436 0.952677
    outer loop
      vertex -16.7856 -3.47809 13.2857
      vertex -21.7806 -9.1903 10.9869
      vertex -16.5468 -3.88295 13.2857
    endloop
  endfacet
  facet normal -0.268112 -0.122595 0.955556
    outer loop
      vertex -16.6668 -1.71447 13.5453
      vertex -16.7856 -3.47809 13.2857
      vertex -16.59 -1.88243 13.5453
    endloop
  endfacet
  facet normal -0.145138 -0.371262 0.917115
    outer loop
      vertex -12.9327 -9.63195 12.6509
      vertex -17.0997 -9.81167 11.9187
      vertex -11.7761 -10.0841 12.6509
    endloop
  endfacet
  facet normal -0.0947196 -0.242293 0.965568
    outer loop
      vertex -8.30269 -9.43226 13.1552
      vertex -12.9327 -9.63195 12.6509
      vertex -11.7761 -10.0841 12.6509
    endloop
  endfacet
  facet normal -0.0585975 -0.22563 -0.972449
    outer loop
      vertex -20.6654 -13.2921 0.699447
      vertex -22.2726 -12.8747 0.699447
      vertex -19.99 -12.0211 0.363849
    endloop
  endfacet
  facet normal -0.0848834 -0.326844 -0.941259
    outer loop
      vertex -21.2398 -14.373 1.12658
      vertex -22.2726 -12.8747 0.699447
      vertex -20.6654 -13.2921 0.699447
    endloop
  endfacet
  facet normal 0 0 1
    outer loop
      vertex -11.1902 4.9444 5.6
      vertex -13.2713 4.74196 5.6
      vertex -13.2596 4.43059 5.6
    endloop
  endfacet
  facet normal 0 0 1
    outer loop
      vertex -12.593 7.4847 5.6
      vertex -13.3063 5.02055 5.6
      vertex -13.2713 4.74196 5.6
    endloop
  endfacet
  facet normal 0 0 1
    outer loop
      vertex -12.593 7.4847 5.6
      vertex -13.3646 5.26639 5.6
      vertex -13.3063 5.02055 5.6
    endloop
  endfacet
  facet normal 0 0 1
    outer loop
      vertex -13.8402 5.92191 5.6
      vertex -12.9846 7.61664 5.6
      vertex -13.4152 7.6958 5.6
    endloop
  endfacet
  facet normal 0 0 1
    outer loop
      vertex -12.593 7.4847 5.6
      vertex -13.4463 5.47943 5.6
      vertex -13.3646 5.26639 5.6
    endloop
  endfacet
  facet normal 0 0 1
    outer loop
      vertex -12.593 7.4847 5.6
      vertex -13.5513 5.6597 5.6
      vertex -13.4463 5.47943 5.6
    endloop
  endfacet
  facet normal 0 0 1
    outer loop
      vertex -12.593 7.4847 5.6
      vertex -13.6819 5.80719 5.6
      vertex -13.5513 5.6597 5.6
    endloop
  endfacet
  facet normal 0 0 1
    outer loop
      vertex -12.9846 7.61664 5.6
      vertex -13.8402 5.92191 5.6
      vertex -13.6819 5.80719 5.6
    endloop
  endfacet
  facet normal 0 0 1
    outer loop
      vertex -14.0263 6.00385 5.6
      vertex -13.4152 7.6958 5.6
      vertex -13.8846 7.7222 5.6
    endloop
  endfacet
  facet normal 0 0 1
    outer loop
      vertex -13.4152 7.6958 5.6
      vertex -14.0263 6.00385 5.6
      vertex -13.8402 5.92191 5.6
    endloop
  endfacet
  facet normal 0 0 1
    outer loop
      vertex -14.2402 6.05301 5.6
      vertex -13.8846 7.7222 5.6
      vertex -14.1649 7.71164 5.6
    endloop
  endfacet
  facet normal 0 0 1
    outer loop
      vertex -13.8846 7.7222 5.6
      vertex -14.2402 6.05301 5.6
      vertex -14.0263 6.00385 5.6
    endloop
  endfacet
  facet normal -0 0 1
    outer loop
      vertex -14.4391 7.67996 5.6
      vertex -14.2402 6.05301 5.6
      vertex -14.1649 7.71164 5.6
    endloop
  endfacet
  facet normal 0 0 1
    outer loop
      vertex -14.4391 7.67996 5.6
      vertex -14.4818 6.0694 5.6
      vertex -14.2402 6.05301 5.6
    endloop
  endfacet
  facet normal -0 0 1
    outer loop
      vertex -14.7071 7.62718 5.6
      vertex -14.4818 6.0694 5.6
      vertex -14.4391 7.67996 5.6
    endloop
  endfacet
  facet normal -0 0 1
    outer loop
      vertex -14.9691 7.5533 5.6
      vertex -14.4818 6.0694 5.6
      vertex -14.7071 7.62718 5.6
    endloop
  endfacet
  facet normal 0 0 1
    outer loop
      vertex -14.4818 6.0694 5.6
      vertex -14.9691 7.5533 5.6
      vertex -14.8357 6.04356 5.6
    endloop
  endfacet
  facet normal -0 0 1
    outer loop
      vertex -15.2249 7.4583 5.6
      vertex -14.8357 6.04356 5.6
      vertex -14.9691 7.5533 5.6
    endloop
  endfacet
  facet normal -0 0 1
    outer loop
      vertex -15.4669 7.33998 5.6
      vertex -14.8357 6.04356 5.6
      vertex -15.2249 7.4583 5.6
    endloop
  endfacet
  facet normal 0 0 1
    outer loop
      vertex -14.8357 6.04356 5.6
      vertex -15.4669 7.33998 5.6
      vertex -15.1419 5.96606 5.6
    endloop
  endfacet
  facet normal -0 0 1
    outer loop
      vertex -15.6871 7.19612 5.6
      vertex -15.1419 5.96606 5.6
      vertex -15.4669 7.33998 5.6
    endloop
  endfacet
  facet normal -0 0 1
    outer loop
      vertex -15.8857 7.02667 5.6
      vertex -15.1419 5.96606 5.6
      vertex -15.6871 7.19612 5.6
    endloop
  endfacet
  facet normal -0 0 1
    outer loop
      vertex -16.0627 6.83167 5.6
      vertex -15.1419 5.96606 5.6
      vertex -15.8857 7.02667 5.6
    endloop
  endfacet
  facet normal 0 0 1
    outer loop
      vertex -15.1419 5.96606 5.6
      vertex -16.0627 6.83167 5.6
      vertex -15.4002 5.8369 5.6
    endloop
  endfacet
  facet normal -0 0 1
    outer loop
      vertex -16.2179 6.6111 5.6
      vertex -15.4002 5.8369 5.6
      vertex -16.0627 6.83167 5.6
    endloop
  endfacet
  facet normal 0 0 1
    outer loop
      vertex -15.4002 5.8369 5.6
      vertex -16.2179 6.6111 5.6
      vertex -15.6107 5.65608 5.6
    endloop
  endfacet
  facet normal 0 0 1
    outer loop
      vertex -15.6107 5.65608 5.6
      vertex -16.2179 6.6111 5.6
      vertex -15.7735 5.4236 5.6
    endloop
  endfacet
  facet normal -0 0 1
    outer loop
      vertex -16.3291 6.6111 5.6
      vertex -15.7735 5.4236 5.6
      vertex -16.2179 6.6111 5.6
    endloop
  endfacet
  facet normal 0 0 1
    outer loop
      vertex -15.7735 5.4236 5.6
      vertex -16.3291 6.6111 5.6
      vertex -15.8985 5.14276 5.6
    endloop
  endfacet
  facet normal 0 0 1
    outer loop
      vertex -15.8985 5.14276 5.6
      vertex -16.3291 6.6111 5.6
      vertex -15.9957 4.81694 5.6
    endloop
  endfacet
  facet normal 0 0 1
    outer loop
      vertex -18.1902 7.5833 5.6
      vertex -15.9957 4.81694 5.6
      vertex -16.3291 6.6111 5.6
    endloop
  endfacet
  facet normal 0 0 1
    outer loop
      vertex -15.9957 4.81694 5.6
      vertex -18.1902 7.5833 5.6
      vertex -16.0652 4.44609 5.6
    endloop
  endfacet
  facet normal 0 0 1
    outer loop
      vertex -16.0652 4.44609 5.6
      vertex -18.1902 7.5833 5.6
      vertex -16.1068 4.03024 5.6
    endloop
  endfacet
  facet normal 0 0 1
    outer loop
      vertex -16.1068 4.03024 5.6
      vertex -18.1902 7.5833 5.6
      vertex -16.1207 3.5694 5.6
    endloop
  endfacet
  facet normal -0 0 1
    outer loop
      vertex -18.1902 7.5833 5.6
      vertex -16.3291 6.6111 5.6
      vertex -16.6068 7.5833 5.6
    endloop
  endfacet
  facet normal 0 0 1
    outer loop
      vertex -16.1207 3.5694 5.6
      vertex -18.1902 7.5833 5.6
      vertex -18.1902 0 5.6
    endloop
  endfacet
  facet normal 0 0 1
    outer loop
      vertex -16.1207 3.5694 5.6
      vertex -18.1902 0 5.6
      vertex -16.1207 0 5.6
    endloop
  endfacet
  facet normal 0 0 1
    outer loop
      vertex -13.2713 4.74196 5.6
      vertex -11.1902 4.9444 5.6
      vertex -11.2197 5.4958 5.6
    endloop
  endfacet
  facet normal 0 0 1
    outer loop
      vertex -13.2713 4.74196 5.6
      vertex -11.2197 5.4958 5.6
      vertex -11.308 5.98332 5.6
    endloop
  endfacet
  facet normal 0 0 1
    outer loop
      vertex -13.2713 4.74196 5.6
      vertex -11.308 5.98332 5.6
      vertex -11.4552 6.40694 5.6
    endloop
  endfacet
  facet normal 0 0 1
    outer loop
      vertex -13.2713 4.74196 5.6
      vertex -11.4552 6.40694 5.6
      vertex -11.6613 6.76666 5.6
    endloop
  endfacet
  facet normal 0 0 1
    outer loop
      vertex -13.2713 4.74196 5.6
      vertex -11.6613 6.76666 5.6
      vertex -11.9263 7.0625 5.6
    endloop
  endfacet
  facet normal 0 0 1
    outer loop
      vertex -13.2713 4.74196 5.6
      vertex -11.9263 7.0625 5.6
      vertex -12.2402 7.29999 5.6
    endloop
  endfacet
  facet normal 0 0 1
    outer loop
      vertex -13.2713 4.74196 5.6
      vertex -12.2402 7.29999 5.6
      vertex -12.593 7.4847 5.6
    endloop
  endfacet
  facet normal 0 0 1
    outer loop
      vertex -13.6819 5.80719 5.6
      vertex -12.593 7.4847 5.6
      vertex -12.9846 7.61664 5.6
    endloop
  endfacet
  facet normal 0 0 1
    outer loop
      vertex -11.1902 4.9444 5.6
      vertex -13.2596 4.43059 5.6
      vertex -11.1902 0 5.6
    endloop
  endfacet
  facet normal 0 0 1
    outer loop
      vertex -11.1902 0 5.6
      vertex -13.2596 4.43059 5.6
      vertex -13.2596 0 5.6
    endloop
  endfacet
  facet normal 0 0 1
    outer loop
      vertex -2.78796 4.90863 5.6
      vertex -4.71458 4.92084 5.6
      vertex -4.69569 4.65279 5.6
    endloop
  endfacet
  facet normal 0 0 1
    outer loop
      vertex -4.06075 7.14888 5.6
      vertex -4.76016 5.16943 5.6
      vertex -4.71458 4.92084 5.6
    endloop
  endfacet
  facet normal 0 0 1
    outer loop
      vertex -4.06075 7.14888 5.6
      vertex -4.8324 5.39859 5.6
      vertex -4.76016 5.16943 5.6
    endloop
  endfacet
  facet normal 0 0 1
    outer loop
      vertex -4.06075 7.14888 5.6
      vertex -4.9313 5.60831 5.6
      vertex -4.8324 5.39859 5.6
    endloop
  endfacet
  facet normal 0 0 1
    outer loop
      vertex -5.39688 6.08749 5.6
      vertex -4.50574 7.3997 5.6
      vertex -5.00296 7.57886 5.6
    endloop
  endfacet
  facet normal 0 0 1
    outer loop
      vertex -4.06075 7.14888 5.6
      vertex -5.0569 5.7986 5.6
      vertex -4.9313 5.60831 5.6
    endloop
  endfacet
  facet normal 0 0 1
    outer loop
      vertex -4.06075 7.14888 5.6
      vertex -5.21133 5.96109 5.6
      vertex -5.0569 5.7986 5.6
    endloop
  endfacet
  facet normal 0 0 1
    outer loop
      vertex -4.50574 7.3997 5.6
      vertex -5.39688 6.08749 5.6
      vertex -5.21133 5.96109 5.6
    endloop
  endfacet
  facet normal 0 0 1
    outer loop
      vertex -5.61354 6.17776 5.6
      vertex -5.00296 7.57886 5.6
      vertex -5.55241 7.68636 5.6
    endloop
  endfacet
  facet normal 0 0 1
    outer loop
      vertex -5.00296 7.57886 5.6
      vertex -5.61354 6.17776 5.6
      vertex -5.39688 6.08749 5.6
    endloop
  endfacet
  facet normal 0 0 1
    outer loop
      vertex -5.55241 7.68636 5.6
      vertex -5.86131 6.23193 5.6
      vertex -5.61354 6.17776 5.6
    endloop
  endfacet
  facet normal 0 0 1
    outer loop
      vertex -6.1541 7.7222 5.6
      vertex -5.86131 6.23193 5.6
      vertex -5.55241 7.68636 5.6
    endloop
  endfacet
  facet normal 0 0 1
    outer loop
      vertex -5.86131 6.23193 5.6
      vertex -6.1541 7.7222 5.6
      vertex -6.1402 6.25 5.6
    endloop
  endfacet
  facet normal 0 0 1
    outer loop
      vertex -6.1541 7.7222 5.6
      vertex -6.37102 6.23444 5.6
      vertex -6.1402 6.25 5.6
    endloop
  endfacet
  facet normal -0 0 1
    outer loop
      vertex -6.5713 7.70441 5.6
      vertex -6.37102 6.23444 5.6
      vertex -6.1541 7.7222 5.6
    endloop
  endfacet
  facet normal 0 0 1
    outer loop
      vertex -6.5713 7.70441 5.6
      vertex -6.58574 6.18777 5.6
      vertex -6.37102 6.23444 5.6
    endloop
  endfacet
  facet normal -0 0 1
    outer loop
      vertex -6.96741 7.65108 5.6
      vertex -6.58574 6.18777 5.6
      vertex -6.5713 7.70441 5.6
    endloop
  endfacet
  facet normal 0 0 1
    outer loop
      vertex -6.58574 6.18777 5.6
      vertex -6.96741 7.65108 5.6
      vertex -6.78436 6.10999 5.6
    endloop
  endfacet
  facet normal -0 0 1
    outer loop
      vertex -7.34241 7.56218 5.6
      vertex -6.78436 6.10999 5.6
      vertex -6.96741 7.65108 5.6
    endloop
  endfacet
  facet normal -0 0 1
    outer loop
      vertex -7.6963 7.43771 5.6
      vertex -6.78436 6.10999 5.6
      vertex -7.34241 7.56218 5.6
    endloop
  endfacet
  facet normal 0 0 1
    outer loop
      vertex -6.78436 6.10999 5.6
      vertex -7.6963 7.43771 5.6
      vertex -6.96689 6.0011 5.6
    endloop
  endfacet
  facet normal -0 0 1
    outer loop
      vertex -8.0291 7.27769 5.6
      vertex -6.96689 6.0011 5.6
      vertex -7.6963 7.43771 5.6
    endloop
  endfacet
  facet normal 0 0 1
    outer loop
      vertex -6.96689 6.0011 5.6
      vertex -8.0291 7.27769 5.6
      vertex -7.1333 5.8611 5.6
    endloop
  endfacet
  facet normal -0 0 1
    outer loop
      vertex -8.33713 7.08243 5.6
      vertex -7.1333 5.8611 5.6
      vertex -8.0291 7.27769 5.6
    endloop
  endfacet
  facet normal 0 0 1
    outer loop
      vertex -7.1333 5.8611 5.6
      vertex -8.33713 7.08243 5.6
      vertex -7.27856 5.68831 5.6
    endloop
  endfacet
  facet normal -0 0 1
    outer loop
      vertex -8.61684 6.85216 5.6
      vertex -7.27856 5.68831 5.6
      vertex -8.33713 7.08243 5.6
    endloop
  endfacet
  facet normal 0 0 1
    outer loop
      vertex -7.27856 5.68831 5.6
      vertex -8.86823 6.58688 5.6
      vertex -7.39771 5.48109 5.6
    endloop
  endfacet
  facet normal -0 0 1
    outer loop
      vertex -8.86823 6.58688 5.6
      vertex -7.27856 5.68831 5.6
      vertex -8.61684 6.85216 5.6
    endloop
  endfacet
  facet normal -0 0 1
    outer loop
      vertex -4.69569 4.65279 5.6
      vertex -2.7513 4.27779 5.6
      vertex -2.78796 4.90863 5.6
    endloop
  endfacet
  facet normal -0 0 1
    outer loop
      vertex -4.71458 4.92084 5.6
      vertex -2.78796 4.90863 5.6
      vertex -2.89796 5.47891 5.6
    endloop
  endfacet
  facet normal 0 0 1
    outer loop
      vertex -4.71458 4.92084 5.6
      vertex -2.89796 5.47891 5.6
      vertex -3.08131 5.98863 5.6
    endloop
  endfacet
  facet normal 0 0 1
    outer loop
      vertex -4.71458 4.92084 5.6
      vertex -3.08131 5.98863 5.6
      vertex -3.33798 6.43779 5.6
    endloop
  endfacet
  facet normal 0 0 1
    outer loop
      vertex -4.71458 4.92084 5.6
      vertex -3.33798 6.43779 5.6
      vertex -3.668 6.82639 5.6
    endloop
  endfacet
  facet normal 0 0 1
    outer loop
      vertex -4.71458 4.92084 5.6
      vertex -3.668 6.82639 5.6
      vertex -4.06075 7.14888 5.6
    endloop
  endfacet
  facet normal 0 0 1
    outer loop
      vertex -5.21133 5.96109 5.6
      vertex -4.06075 7.14888 5.6
      vertex -4.50574 7.3997 5.6
    endloop
  endfacet
  facet normal 0 0 1
    outer loop
      vertex -2.7513 4.27779 5.6
      vertex -4.69569 4.65279 5.6
      vertex -2.7513 3.27779 5.6
    endloop
  endfacet
  facet normal 0 0 1
    outer loop
      vertex -7.6402 3.27779 5.6
      vertex -4.69569 4.65279 5.6
      vertex -7.5985 4.65279 5.6
    endloop
  endfacet
  facet normal 0 0 1
    outer loop
      vertex -4.69569 4.65279 5.6
      vertex -7.6402 3.27779 5.6
      vertex -2.7513 3.27779 5.6
    endloop
  endfacet
  facet normal -0 0 1
    outer loop
      vertex -3.43568 1.88414 5.6
      vertex -3.18179 0.402786 5.6
      vertex -3.18179 2 5.6
    endloop
  endfacet
  facet normal -0 0 1
    outer loop
      vertex -3.68626 1.78108 5.6
      vertex -3.18179 0.402786 5.6
      vertex -3.43568 1.88414 5.6
    endloop
  endfacet
  facet normal -0 0 1
    outer loop
      vertex -3.9335 1.6908 5.6
      vertex -3.18179 0.402786 5.6
      vertex -3.68626 1.78108 5.6
    endloop
  endfacet
  facet normal 0 0 1
    outer loop
      vertex -3.18179 0.402786 5.6
      vertex -3.9335 1.6908 5.6
      vertex -3.40654 0.297516 5.6
    endloop
  endfacet
  facet normal 0 0 1
    outer loop
      vertex -3.40654 0.297516 5.6
      vertex -3.9335 1.6908 5.6
      vertex -3.63628 0.203903 5.6
    endloop
  endfacet
  facet normal -0 0 1
    outer loop
      vertex -4.17741 1.61331 5.6
      vertex -3.63628 0.203903 5.6
      vertex -3.9335 1.6908 5.6
    endloop
  endfacet
  facet normal 0 0 1
    outer loop
      vertex -3.63628 0.203903 5.6
      vertex -4.17741 1.61331 5.6
      vertex -3.87102 0.121964 5.6
    endloop
  endfacet
  facet normal -0 0 1
    outer loop
      vertex -4.418 1.5486 5.6
      vertex -3.87102 0.121964 5.6
      vertex -4.17741 1.61331 5.6
    endloop
  endfacet
  facet normal 0 0 1
    outer loop
      vertex -3.87102 0.121964 5.6
      vertex -4.418 1.5486 5.6
      vertex -4.11075 0.0516815 5.6
    endloop
  endfacet
  facet normal -0 0 1
    outer loop
      vertex -4.66243 1.49611 5.6
      vertex -4.11075 0.0516815 5.6
      vertex -4.418 1.5486 5.6
    endloop
  endfacet
  facet normal 0 0 1
    outer loop
      vertex -4.11075 0.0516815 5.6
      vertex -4.66243 1.49611 5.6
      vertex -4.3555 -0.00689697 5.6
    endloop
  endfacet
  facet normal 0 0 1
    outer loop
      vertex -4.3555 -0.00689697 5.6
      vertex -4.66243 1.49611 5.6
      vertex -4.61298 -0.0544128 5.6
    endloop
  endfacet
  facet normal -0 0 1
    outer loop
      vertex -4.91798 1.45528 5.6
      vertex -4.61298 -0.0544128 5.6
      vertex -4.66243 1.49611 5.6
    endloop
  endfacet
  facet normal 0 0 1
    outer loop
      vertex -4.61298 -0.0544128 5.6
      vertex -4.91798 1.45528 5.6
      vertex -4.89102 -0.0913696 5.6
    endloop
  endfacet
  facet normal -0 0 1
    outer loop
      vertex -5.18463 1.42612 5.6
      vertex -4.89102 -0.0913696 5.6
      vertex -4.91798 1.45528 5.6
    endloop
  endfacet
  facet normal 0 0 1
    outer loop
      vertex -5.18463 1.42612 5.6
      vertex -5.18962 -0.117767 5.6
      vertex -4.89102 -0.0913696 5.6
    endloop
  endfacet
  facet normal -0 0 1
    outer loop
      vertex -5.46242 1.40863 5.6
      vertex -5.18962 -0.117767 5.6
      vertex -5.18463 1.42612 5.6
    endloop
  endfacet
  facet normal 0 0 1
    outer loop
      vertex -5.46242 1.40863 5.6
      vertex -5.50877 -0.133606 5.6
      vertex -5.18962 -0.117767 5.6
    endloop
  endfacet
  facet normal -0 0 1
    outer loop
      vertex -5.7513 1.40279 5.6
      vertex -5.50877 -0.133606 5.6
      vertex -5.46242 1.40863 5.6
    endloop
  endfacet
  facet normal 0 0 1
    outer loop
      vertex -5.7513 1.40279 5.6
      vertex -5.8485 -0.138885 5.6
      vertex -5.50877 -0.133606 5.6
    endloop
  endfacet
  facet normal 0 0 1
    outer loop
      vertex -6.08601 1.42279 5.6
      vertex -5.8485 -0.138885 5.6
      vertex -5.7513 1.40279 5.6
    endloop
  endfacet
  facet normal 0 0 1
    outer loop
      vertex -6.08601 1.42279 5.6
      vertex -6.2935 -0.121948 5.6
      vertex -5.8485 -0.138885 5.6
    endloop
  endfacet
  facet normal 0 0 1
    outer loop
      vertex -6.3902 1.48279 5.6
      vertex -6.2935 -0.121948 5.6
      vertex -6.08601 1.42279 5.6
    endloop
  endfacet
  facet normal 0 0 1
    outer loop
      vertex -7.12018 0.0135956 5.6
      vertex -6.3902 1.48279 5.6
      vertex -6.6638 1.58279 5.6
    endloop
  endfacet
  facet normal 0 0 1
    outer loop
      vertex -6.3902 1.48279 5.6
      vertex -6.71739 -0.0711212 5.6
      vertex -6.2935 -0.121948 5.6
    endloop
  endfacet
  facet normal 0 0 1
    outer loop
      vertex -7.50185 0.132202 5.6
      vertex -6.6638 1.58279 5.6
      vertex -6.90688 1.72279 5.6
    endloop
  endfacet
  facet normal 0 0 1
    outer loop
      vertex -7.8624 0.284698 5.6
      vertex -6.90688 1.72279 5.6
      vertex -7.1194 1.90279 5.6
    endloop
  endfacet
  facet normal 0 0 1
    outer loop
      vertex -6.3902 1.48279 5.6
      vertex -7.12018 0.0135956 5.6
      vertex -6.71739 -0.0711212 5.6
    endloop
  endfacet
  facet normal 0 0 1
    outer loop
      vertex -8.5024 0.693573 5.6
      vertex -7.1194 1.90279 5.6
      vertex -7.29799 2.1178 5.6
    endloop
  endfacet
  facet normal 0 0 1
    outer loop
      vertex -9.0224 1.24245 5.6
      vertex -7.29799 2.1178 5.6
      vertex -7.43936 2.36279 5.6
    endloop
  endfacet
  facet normal 0 0 1
    outer loop
      vertex -6.6638 1.58279 5.6
      vertex -7.50185 0.132202 5.6
      vertex -7.12018 0.0135956 5.6
    endloop
  endfacet
  facet normal 0 0 1
    outer loop
      vertex -9.2374 1.5694 5.6
      vertex -7.43936 2.36279 5.6
      vertex -7.54352 2.63779 5.6
    endloop
  endfacet
  facet normal 0 0 1
    outer loop
      vertex -9.55739 2.32944 5.6
      vertex -7.54352 2.63779 5.6
      vertex -7.61047 2.94279 5.6
    endloop
  endfacet
  facet normal 0 0 1
    outer loop
      vertex -9.65739 2.76279 5.6
      vertex -7.61047 2.94279 5.6
      vertex -7.6402 3.27779 5.6
    endloop
  endfacet
  facet normal 0 0 1
    outer loop
      vertex -6.90688 1.72279 5.6
      vertex -7.8624 0.284698 5.6
      vertex -7.50185 0.132202 5.6
    endloop
  endfacet
  facet normal -0 0 1
    outer loop
      vertex -9.09128 6.28659 5.6
      vertex -7.39771 5.48109 5.6
      vertex -8.86823 6.58688 5.6
    endloop
  endfacet
  facet normal 0 0 1
    outer loop
      vertex -7.39771 5.48109 5.6
      vertex -9.09128 6.28659 5.6
      vertex -7.49075 5.23943 5.6
    endloop
  endfacet
  facet normal -0 0 1
    outer loop
      vertex -9.7374 3.7361 5.6
      vertex -7.6402 3.27779 5.6
      vertex -9.71935 4.25136 5.6
    endloop
  endfacet
  facet normal -0 0 1
    outer loop
      vertex -9.286 5.95129 5.6
      vertex -7.49075 5.23943 5.6
      vertex -9.09128 6.28659 5.6
    endloop
  endfacet
  facet normal 0 -0 1
    outer loop
      vertex -9.71739 3.23166 5.6
      vertex -7.6402 3.27779 5.6
      vertex -9.7374 3.7361 5.6
    endloop
  endfacet
  facet normal -0 0 1
    outer loop
      vertex -9.4485 5.58047 5.6
      vertex -7.49075 5.23943 5.6
      vertex -9.286 5.95129 5.6
    endloop
  endfacet
  facet normal 0 -0 1
    outer loop
      vertex -9.65739 2.76279 5.6
      vertex -7.6402 3.27779 5.6
      vertex -9.71739 3.23166 5.6
    endloop
  endfacet
  facet normal 0 0 1
    outer loop
      vertex -7.49075 5.23943 5.6
      vertex -9.4485 5.58047 5.6
      vertex -7.55768 4.96333 5.6
    endloop
  endfacet
  facet normal 0 0 1
    outer loop
      vertex -7.61047 2.94279 5.6
      vertex -9.65739 2.76279 5.6
      vertex -9.55739 2.32944 5.6
    endloop
  endfacet
  facet normal -0 0 1
    outer loop
      vertex -9.57489 5.17355 5.6
      vertex -7.55768 4.96333 5.6
      vertex -9.4485 5.58047 5.6
    endloop
  endfacet
  facet normal 0 0 1
    outer loop
      vertex -7.54352 2.63779 5.6
      vertex -9.55739 2.32944 5.6
      vertex -9.41739 1.93164 5.6
    endloop
  endfacet
  facet normal 0 0 1
    outer loop
      vertex -7.55768 4.96333 5.6
      vertex -9.57489 5.17355 5.6
      vertex -7.5985 4.65279 5.6
    endloop
  endfacet
  facet normal 0 0 1
    outer loop
      vertex -7.1194 1.90279 5.6
      vertex -8.19739 0.471634 5.6
      vertex -7.8624 0.284698 5.6
    endloop
  endfacet
  facet normal -0 0 1
    outer loop
      vertex -9.66518 4.73051 5.6
      vertex -7.5985 4.65279 5.6
      vertex -9.57489 5.17355 5.6
    endloop
  endfacet
  facet normal 0 0 1
    outer loop
      vertex -7.1194 1.90279 5.6
      vertex -8.5024 0.693573 5.6
      vertex -8.19739 0.471634 5.6
    endloop
  endfacet
  facet normal 0 0 1
    outer loop
      vertex -9.71935 4.25136 5.6
      vertex -7.5985 4.65279 5.6
      vertex -9.66518 4.73051 5.6
    endloop
  endfacet
  facet normal 0 0 1
    outer loop
      vertex -7.5985 4.65279 5.6
      vertex -9.71935 4.25136 5.6
      vertex -7.6402 3.27779 5.6
    endloop
  endfacet
  facet normal 0 0 1
    outer loop
      vertex -7.29799 2.1178 5.6
      vertex -8.77739 0.950516 5.6
      vertex -8.5024 0.693573 5.6
    endloop
  endfacet
  facet normal 0 0 1
    outer loop
      vertex -7.54352 2.63779 5.6
      vertex -9.41739 1.93164 5.6
      vertex -9.2374 1.5694 5.6
    endloop
  endfacet
  facet normal 0 0 1
    outer loop
      vertex -7.29799 2.1178 5.6
      vertex -9.0224 1.24245 5.6
      vertex -8.77739 0.950516 5.6
    endloop
  endfacet
  facet normal 0 0 1
    outer loop
      vertex -7.43936 2.36279 5.6
      vertex -9.2374 1.5694 5.6
      vertex -9.0224 1.24245 5.6
    endloop
  endfacet
  facet normal 0 0 1
    outer loop
      vertex 12.6742 4.90863 5.6
      vertex 10.7476 4.92084 5.6
      vertex 10.7665 4.65279 5.6
    endloop
  endfacet
  facet normal 0 0 1
    outer loop
      vertex 11.4014 7.14888 5.6
      vertex 10.702 5.16943 5.6
      vertex 10.7476 4.92084 5.6
    endloop
  endfacet
  facet normal 0 0 1
    outer loop
      vertex 11.4014 7.14888 5.6
      vertex 10.6298 5.39859 5.6
      vertex 10.702 5.16943 5.6
    endloop
  endfacet
  facet normal 0 0 1
    outer loop
      vertex 11.4014 7.14888 5.6
      vertex 10.5309 5.60831 5.6
      vertex 10.6298 5.39859 5.6
    endloop
  endfacet
  facet normal 0 0 1
    outer loop
      vertex 10.0653 6.08749 5.6
      vertex 10.9565 7.3997 5.6
      vertex 10.4592 7.57886 5.6
    endloop
  endfacet
  facet normal 0 0 1
    outer loop
      vertex 11.4014 7.14888 5.6
      vertex 10.4053 5.7986 5.6
      vertex 10.5309 5.60831 5.6
    endloop
  endfacet
  facet normal 0 0 1
    outer loop
      vertex 11.4014 7.14888 5.6
      vertex 10.2509 5.96109 5.6
      vertex 10.4053 5.7986 5.6
    endloop
  endfacet
  facet normal 0 0 1
    outer loop
      vertex 10.9565 7.3997 5.6
      vertex 10.0653 6.08749 5.6
      vertex 10.2509 5.96109 5.6
    endloop
  endfacet
  facet normal 0 0 1
    outer loop
      vertex 9.84865 6.17776 5.6
      vertex 10.4592 7.57886 5.6
      vertex 9.90977 7.68636 5.6
    endloop
  endfacet
  facet normal 0 0 1
    outer loop
      vertex 10.4592 7.57886 5.6
      vertex 9.84865 6.17776 5.6
      vertex 10.0653 6.08749 5.6
    endloop
  endfacet
  facet normal 0 0 1
    outer loop
      vertex 9.90977 7.68636 5.6
      vertex 9.60088 6.23193 5.6
      vertex 9.84865 6.17776 5.6
    endloop
  endfacet
  facet normal 0 0 1
    outer loop
      vertex 9.30809 7.7222 5.6
      vertex 9.60088 6.23193 5.6
      vertex 9.90977 7.68636 5.6
    endloop
  endfacet
  facet normal 0 0 1
    outer loop
      vertex 9.60088 6.23193 5.6
      vertex 9.30809 7.7222 5.6
      vertex 9.32199 6.25 5.6
    endloop
  endfacet
  facet normal 0 0 1
    outer loop
      vertex 9.30809 7.7222 5.6
      vertex 9.09117 6.23444 5.6
      vertex 9.32199 6.25 5.6
    endloop
  endfacet
  facet normal -0 0 1
    outer loop
      vertex 8.89088 7.70441 5.6
      vertex 9.09117 6.23444 5.6
      vertex 9.30809 7.7222 5.6
    endloop
  endfacet
  facet normal 0 0 1
    outer loop
      vertex 8.89088 7.70441 5.6
      vertex 8.87645 6.18777 5.6
      vertex 9.09117 6.23444 5.6
    endloop
  endfacet
  facet normal -0 0 1
    outer loop
      vertex 8.49478 7.65108 5.6
      vertex 8.87645 6.18777 5.6
      vertex 8.89088 7.70441 5.6
    endloop
  endfacet
  facet normal 0 0 1
    outer loop
      vertex 8.87645 6.18777 5.6
      vertex 8.49478 7.65108 5.6
      vertex 8.67783 6.10999 5.6
    endloop
  endfacet
  facet normal -0 0 1
    outer loop
      vertex 8.11978 7.56218 5.6
      vertex 8.67783 6.10999 5.6
      vertex 8.49478 7.65108 5.6
    endloop
  endfacet
  facet normal -0 0 1
    outer loop
      vertex 7.76588 7.43771 5.6
      vertex 8.67783 6.10999 5.6
      vertex 8.11978 7.56218 5.6
    endloop
  endfacet
  facet normal 0 0 1
    outer loop
      vertex 8.67783 6.10999 5.6
      vertex 7.76588 7.43771 5.6
      vertex 8.49532 6.0011 5.6
    endloop
  endfacet
  facet normal -0 0 1
    outer loop
      vertex 7.43309 7.27769 5.6
      vertex 8.49532 6.0011 5.6
      vertex 7.76588 7.43771 5.6
    endloop
  endfacet
  facet normal 0 0 1
    outer loop
      vertex 8.49532 6.0011 5.6
      vertex 7.43309 7.27769 5.6
      vertex 8.3289 5.8611 5.6
    endloop
  endfacet
  facet normal -0 0 1
    outer loop
      vertex 7.12506 7.08243 5.6
      vertex 8.3289 5.8611 5.6
      vertex 7.43309 7.27769 5.6
    endloop
  endfacet
  facet normal 0 0 1
    outer loop
      vertex 8.3289 5.8611 5.6
      vertex 7.12506 7.08243 5.6
      vertex 8.18364 5.68831 5.6
    endloop
  endfacet
  facet normal -0 0 1
    outer loop
      vertex 6.84535 6.85216 5.6
      vertex 8.18364 5.68831 5.6
      vertex 7.12506 7.08243 5.6
    endloop
  endfacet
  facet normal 0 0 1
    outer loop
      vertex 8.18364 5.68831 5.6
      vertex 6.59398 6.58688 5.6
      vertex 8.06448 5.48109 5.6
    endloop
  endfacet
  facet normal -0 0 1
    outer loop
      vertex 6.59398 6.58688 5.6
      vertex 8.18364 5.68831 5.6
      vertex 6.84535 6.85216 5.6
    endloop
  endfacet
  facet normal -0 0 1
    outer loop
      vertex 10.7665 4.65279 5.6
      vertex 12.7109 4.27779 5.6
      vertex 12.6742 4.90863 5.6
    endloop
  endfacet
  facet normal -0 0 1
    outer loop
      vertex 10.7476 4.92084 5.6
      vertex 12.6742 4.90863 5.6
      vertex 12.5642 5.47891 5.6
    endloop
  endfacet
  facet normal 0 0 1
    outer loop
      vertex 10.7476 4.92084 5.6
      vertex 12.5642 5.47891 5.6
      vertex 12.3809 5.98863 5.6
    endloop
  endfacet
  facet normal 0 0 1
    outer loop
      vertex 10.7476 4.92084 5.6
      vertex 12.3809 5.98863 5.6
      vertex 12.1242 6.43779 5.6
    endloop
  endfacet
  facet normal 0 0 1
    outer loop
      vertex 10.7476 4.92084 5.6
      vertex 12.1242 6.43779 5.6
      vertex 11.7942 6.82639 5.6
    endloop
  endfacet
  facet normal 0 0 1
    outer loop
      vertex 10.7476 4.92084 5.6
      vertex 11.7942 6.82639 5.6
      vertex 11.4014 7.14888 5.6
    endloop
  endfacet
  facet normal 0 0 1
    outer loop
      vertex 10.2509 5.96109 5.6
      vertex 11.4014 7.14888 5.6
      vertex 10.9565 7.3997 5.6
    endloop
  endfacet
  facet normal 0 0 1
    outer loop
      vertex 12.7109 4.27779 5.6
      vertex 10.7665 4.65279 5.6
      vertex 12.7109 3.27779 5.6
    endloop
  endfacet
  facet normal 0 0 1
    outer loop
      vertex 7.82199 3.27779 5.6
      vertex 10.7665 4.65279 5.6
      vertex 7.86369 4.65279 5.6
    endloop
  endfacet
  facet normal 0 0 1
    outer loop
      vertex 10.7665 4.65279 5.6
      vertex 7.82199 3.27779 5.6
      vertex 12.7109 3.27779 5.6
    endloop
  endfacet
  facet normal -0 0 1
    outer loop
      vertex 12.0265 1.88414 5.6
      vertex 12.2804 0.402786 5.6
      vertex 12.2804 2 5.6
    endloop
  endfacet
  facet normal -0 0 1
    outer loop
      vertex 11.7759 1.78108 5.6
      vertex 12.2804 0.402786 5.6
      vertex 12.0265 1.88414 5.6
    endloop
  endfacet
  facet normal -0 0 1
    outer loop
      vertex 11.5287 1.6908 5.6
      vertex 12.2804 0.402786 5.6
      vertex 11.7759 1.78108 5.6
    endloop
  endfacet
  facet normal 0 0 1
    outer loop
      vertex 12.2804 0.402786 5.6
      vertex 11.5287 1.6908 5.6
      vertex 12.0557 0.297516 5.6
    endloop
  endfacet
  facet normal 0 0 1
    outer loop
      vertex 12.0557 0.297516 5.6
      vertex 11.5287 1.6908 5.6
      vertex 11.8259 0.203903 5.6
    endloop
  endfacet
  facet normal -0 0 1
    outer loop
      vertex 11.2848 1.61331 5.6
      vertex 11.8259 0.203903 5.6
      vertex 11.5287 1.6908 5.6
    endloop
  endfacet
  facet normal 0 0 1
    outer loop
      vertex 11.8259 0.203903 5.6
      vertex 11.2848 1.61331 5.6
      vertex 11.5912 0.121964 5.6
    endloop
  endfacet
  facet normal -0 0 1
    outer loop
      vertex 11.0442 1.5486 5.6
      vertex 11.5912 0.121964 5.6
      vertex 11.2848 1.61331 5.6
    endloop
  endfacet
  facet normal 0 0 1
    outer loop
      vertex 11.5912 0.121964 5.6
      vertex 11.0442 1.5486 5.6
      vertex 11.3514 0.0516815 5.6
    endloop
  endfacet
  facet normal -0 0 1
    outer loop
      vertex 10.7998 1.49611 5.6
      vertex 11.3514 0.0516815 5.6
      vertex 11.0442 1.5486 5.6
    endloop
  endfacet
  facet normal 0 0 1
    outer loop
      vertex 11.3514 0.0516815 5.6
      vertex 10.7998 1.49611 5.6
      vertex 11.1067 -0.00689697 5.6
    endloop
  endfacet
  facet normal 0 0 1
    outer loop
      vertex 11.1067 -0.00689697 5.6
      vertex 10.7998 1.49611 5.6
      vertex 10.8492 -0.0544128 5.6
    endloop
  endfacet
  facet normal -0 0 1
    outer loop
      vertex 10.5442 1.45528 5.6
      vertex 10.8492 -0.0544128 5.6
      vertex 10.7998 1.49611 5.6
    endloop
  endfacet
  facet normal 0 0 1
    outer loop
      vertex 10.8492 -0.0544128 5.6
      vertex 10.5442 1.45528 5.6
      vertex 10.5712 -0.0913696 5.6
    endloop
  endfacet
  facet normal -0 0 1
    outer loop
      vertex 10.2776 1.42612 5.6
      vertex 10.5712 -0.0913696 5.6
      vertex 10.5442 1.45528 5.6
    endloop
  endfacet
  facet normal 0 0 1
    outer loop
      vertex 10.2776 1.42612 5.6
      vertex 10.2726 -0.117767 5.6
      vertex 10.5712 -0.0913696 5.6
    endloop
  endfacet
  facet normal -0 0 1
    outer loop
      vertex 9.99979 1.40863 5.6
      vertex 10.2726 -0.117767 5.6
      vertex 10.2776 1.42612 5.6
    endloop
  endfacet
  facet normal 0 0 1
    outer loop
      vertex 9.99979 1.40863 5.6
      vertex 9.95341 -0.133606 5.6
      vertex 10.2726 -0.117767 5.6
    endloop
  endfacet
  facet normal -0 0 1
    outer loop
      vertex 9.71089 1.40279 5.6
      vertex 9.95341 -0.133606 5.6
      vertex 9.99979 1.40863 5.6
    endloop
  endfacet
  facet normal 0 0 1
    outer loop
      vertex 9.71089 1.40279 5.6
      vertex 9.61369 -0.138885 5.6
      vertex 9.95341 -0.133606 5.6
    endloop
  endfacet
  facet normal 0 0 1
    outer loop
      vertex 9.37617 1.42279 5.6
      vertex 9.61369 -0.138885 5.6
      vertex 9.71089 1.40279 5.6
    endloop
  endfacet
  facet normal 0 0 1
    outer loop
      vertex 9.37617 1.42279 5.6
      vertex 9.16869 -0.121948 5.6
      vertex 9.61369 -0.138885 5.6
    endloop
  endfacet
  facet normal 0 0 1
    outer loop
      vertex 9.07201 1.48279 5.6
      vertex 9.16869 -0.121948 5.6
      vertex 9.37617 1.42279 5.6
    endloop
  endfacet
  facet normal 0 0 1
    outer loop
      vertex 8.34203 0.0135956 5.6
      vertex 9.07201 1.48279 5.6
      vertex 8.79839 1.58279 5.6
    endloop
  endfacet
  facet normal 0 0 1
    outer loop
      vertex 9.07201 1.48279 5.6
      vertex 8.7448 -0.0711212 5.6
      vertex 9.16869 -0.121948 5.6
    endloop
  endfacet
  facet normal 0 0 1
    outer loop
      vertex 7.96036 0.132202 5.6
      vertex 8.79839 1.58279 5.6
      vertex 8.55531 1.72279 5.6
    endloop
  endfacet
  facet normal 0 0 1
    outer loop
      vertex 7.59979 0.284698 5.6
      vertex 8.55531 1.72279 5.6
      vertex 8.3428 1.90279 5.6
    endloop
  endfacet
  facet normal 0 0 1
    outer loop
      vertex 9.07201 1.48279 5.6
      vertex 8.34203 0.0135956 5.6
      vertex 8.7448 -0.0711212 5.6
    endloop
  endfacet
  facet normal 0 0 1
    outer loop
      vertex 6.95979 0.693573 5.6
      vertex 8.3428 1.90279 5.6
      vertex 8.1642 2.1178 5.6
    endloop
  endfacet
  facet normal 0 0 1
    outer loop
      vertex 6.4398 1.24245 5.6
      vertex 8.1642 2.1178 5.6
      vertex 8.02283 2.36279 5.6
    endloop
  endfacet
  facet normal 0 0 1
    outer loop
      vertex 8.79839 1.58279 5.6
      vertex 7.96036 0.132202 5.6
      vertex 8.34203 0.0135956 5.6
    endloop
  endfacet
  facet normal 0 0 1
    outer loop
      vertex 6.22479 1.5694 5.6
      vertex 8.02283 2.36279 5.6
      vertex 7.91867 2.63779 5.6
    endloop
  endfacet
  facet normal 0 0 1
    outer loop
      vertex 5.9048 2.32944 5.6
      vertex 7.91867 2.63779 5.6
      vertex 7.85173 2.94279 5.6
    endloop
  endfacet
  facet normal 0 0 1
    outer loop
      vertex 5.80479 2.76279 5.6
      vertex 7.85173 2.94279 5.6
      vertex 7.82199 3.27779 5.6
    endloop
  endfacet
  facet normal 0 0 1
    outer loop
      vertex 8.55531 1.72279 5.6
      vertex 7.59979 0.284698 5.6
      vertex 7.96036 0.132202 5.6
    endloop
  endfacet
  facet normal -0 0 1
    outer loop
      vertex 6.37093 6.28659 5.6
      vertex 8.06448 5.48109 5.6
      vertex 6.59398 6.58688 5.6
    endloop
  endfacet
  facet normal 0 0 1
    outer loop
      vertex 8.06448 5.48109 5.6
      vertex 6.37093 6.28659 5.6
      vertex 7.97144 5.23943 5.6
    endloop
  endfacet
  facet normal -0 0 1
    outer loop
      vertex 5.72479 3.7361 5.6
      vertex 7.82199 3.27779 5.6
      vertex 5.74286 4.25136 5.6
    endloop
  endfacet
  facet normal -0 0 1
    outer loop
      vertex 6.17619 5.95129 5.6
      vertex 7.97144 5.23943 5.6
      vertex 6.37093 6.28659 5.6
    endloop
  endfacet
  facet normal 0 -0 1
    outer loop
      vertex 5.7448 3.23166 5.6
      vertex 7.82199 3.27779 5.6
      vertex 5.72479 3.7361 5.6
    endloop
  endfacet
  facet normal -0 0 1
    outer loop
      vertex 6.01369 5.58047 5.6
      vertex 7.97144 5.23943 5.6
      vertex 6.17619 5.95129 5.6
    endloop
  endfacet
  facet normal 0 -0 1
    outer loop
      vertex 5.80479 2.76279 5.6
      vertex 7.82199 3.27779 5.6
      vertex 5.7448 3.23166 5.6
    endloop
  endfacet
  facet normal 0 0 1
    outer loop
      vertex 7.97144 5.23943 5.6
      vertex 6.01369 5.58047 5.6
      vertex 7.90451 4.96333 5.6
    endloop
  endfacet
  facet normal 0 0 1
    outer loop
      vertex 7.85173 2.94279 5.6
      vertex 5.80479 2.76279 5.6
      vertex 5.9048 2.32944 5.6
    endloop
  endfacet
  facet normal -0 0 1
    outer loop
      vertex 5.8873 5.17355 5.6
      vertex 7.90451 4.96333 5.6
      vertex 6.01369 5.58047 5.6
    endloop
  endfacet
  facet normal 0 0 1
    outer loop
      vertex 7.91867 2.63779 5.6
      vertex 5.9048 2.32944 5.6
      vertex 6.0448 1.93164 5.6
    endloop
  endfacet
  facet normal 0 0 1
    outer loop
      vertex 7.90451 4.96333 5.6
      vertex 5.8873 5.17355 5.6
      vertex 7.86369 4.65279 5.6
    endloop
  endfacet
  facet normal 0 0 1
    outer loop
      vertex 8.3428 1.90279 5.6
      vertex 7.2648 0.471634 5.6
      vertex 7.59979 0.284698 5.6
    endloop
  endfacet
  facet normal -0 0 1
    outer loop
      vertex 5.79703 4.73051 5.6
      vertex 7.86369 4.65279 5.6
      vertex 5.8873 5.17355 5.6
    endloop
  endfacet
  facet normal 0 0 1
    outer loop
      vertex 8.3428 1.90279 5.6
      vertex 6.95979 0.693573 5.6
      vertex 7.2648 0.471634 5.6
    endloop
  endfacet
  facet normal 0 0 1
    outer loop
      vertex 5.74286 4.25136 5.6
      vertex 7.86369 4.65279 5.6
      vertex 5.79703 4.73051 5.6
    endloop
  endfacet
  facet normal 0 0 1
    outer loop
      vertex 7.86369 4.65279 5.6
      vertex 5.74286 4.25136 5.6
      vertex 7.82199 3.27779 5.6
    endloop
  endfacet
  facet normal 0 0 1
    outer loop
      vertex 8.1642 2.1178 5.6
      vertex 6.6848 0.950516 5.6
      vertex 6.95979 0.693573 5.6
    endloop
  endfacet
  facet normal 0 0 1
    outer loop
      vertex 7.91867 2.63779 5.6
      vertex 6.0448 1.93164 5.6
      vertex 6.22479 1.5694 5.6
    endloop
  endfacet
  facet normal 0 0 1
    outer loop
      vertex 8.1642 2.1178 5.6
      vertex 6.4398 1.24245 5.6
      vertex 6.6848 0.950516 5.6
    endloop
  endfacet
  facet normal 0 0 1
    outer loop
      vertex 8.02283 2.36279 5.6
      vertex 6.22479 1.5694 5.6
      vertex 6.4398 1.24245 5.6
    endloop
  endfacet
  facet normal 0 0 1
    outer loop
      vertex 18.7635 5.76219 5.6
      vertex 19.0763 7.67725 5.6
      vertex 19.0163 7.68669 5.6
    endloop
  endfacet
  facet normal 0 0 1
    outer loop
      vertex 19.0763 7.67725 5.6
      vertex 18.7635 5.76219 5.6
      vertex 19.1296 7.66669 5.6
    endloop
  endfacet
  facet normal 0 0 1
    outer loop
      vertex 18.7635 5.76219 5.6
      vertex 19.0163 7.68669 5.6
      vertex 18.9496 7.69501 5.6
    endloop
  endfacet
  facet normal 0 0 1
    outer loop
      vertex 19.1296 7.66669 5.6
      vertex 18.9343 5.73303 5.6
      vertex 18.9768 5.7222 5.6
    endloop
  endfacet
  facet normal 0 0 1
    outer loop
      vertex 19.1296 7.66669 5.6
      vertex 18.8846 5.74332 5.6
      vertex 18.9343 5.73303 5.6
    endloop
  endfacet
  facet normal 0 0 1
    outer loop
      vertex 18.6921 5.7708 5.6
      vertex 18.9496 7.69501 5.6
      vertex 18.8762 7.70221 5.6
    endloop
  endfacet
  facet normal 0 0 1
    outer loop
      vertex 19.1296 7.66669 5.6
      vertex 18.8277 5.75304 5.6
      vertex 18.8846 5.74332 5.6
    endloop
  endfacet
  facet normal 0 0 1
    outer loop
      vertex 18.6921 5.7708 5.6
      vertex 18.8762 7.70221 5.6
      vertex 18.7962 7.7083 5.6
    endloop
  endfacet
  facet normal 0 0 1
    outer loop
      vertex 19.1296 7.66669 5.6
      vertex 18.7635 5.76219 5.6
      vertex 18.8277 5.75304 5.6
    endloop
  endfacet
  facet normal 0 0 1
    outer loop
      vertex 18.6191 5.77832 5.6
      vertex 18.7962 7.7083 5.6
      vertex 18.7151 7.7133 5.6
    endloop
  endfacet
  facet normal 0 0 1
    outer loop
      vertex 18.9496 7.69501 5.6
      vertex 18.6921 5.7708 5.6
      vertex 18.7635 5.76219 5.6
    endloop
  endfacet
  facet normal 0 0 1
    outer loop
      vertex 18.5499 5.78416 5.6
      vertex 18.7151 7.7133 5.6
      vertex 18.6385 7.71719 5.6
    endloop
  endfacet
  facet normal 0 0 1
    outer loop
      vertex 18.7962 7.7083 5.6
      vertex 18.6191 5.77832 5.6
      vertex 18.6921 5.7708 5.6
    endloop
  endfacet
  facet normal 0 0 1
    outer loop
      vertex 18.4846 5.78835 5.6
      vertex 18.6385 7.71719 5.6
      vertex 18.5662 7.71997 5.6
    endloop
  endfacet
  facet normal 0 0 1
    outer loop
      vertex 18.7151 7.7133 5.6
      vertex 18.5499 5.78416 5.6
      vertex 18.6191 5.77832 5.6
    endloop
  endfacet
  facet normal 0 0 1
    outer loop
      vertex 18.4846 5.78835 5.6
      vertex 18.5662 7.71997 5.6
      vertex 18.4985 7.72163 5.6
    endloop
  endfacet
  facet normal 0 0 1
    outer loop
      vertex 18.6385 7.71719 5.6
      vertex 18.4846 5.78835 5.6
      vertex 18.5499 5.78416 5.6
    endloop
  endfacet
  facet normal 0 0 1
    outer loop
      vertex 18.4232 5.79086 5.6
      vertex 18.4985 7.72163 5.6
      vertex 18.4351 7.7222 5.6
    endloop
  endfacet
  facet normal 0 0 1
    outer loop
      vertex 18.4985 7.72163 5.6
      vertex 18.4232 5.79086 5.6
      vertex 18.4846 5.78835 5.6
    endloop
  endfacet
  facet normal 0 0 1
    outer loop
      vertex 18.4351 7.7222 5.6
      vertex 18.3657 5.79169 5.6
      vertex 18.4232 5.79086 5.6
    endloop
  endfacet
  facet normal -0 0 1
    outer loop
      vertex 18.1368 7.70552 5.6
      vertex 18.3657 5.79169 5.6
      vertex 18.4351 7.7222 5.6
    endloop
  endfacet
  facet normal 0 0 1
    outer loop
      vertex 18.3657 5.79169 5.6
      vertex 18.1368 7.70552 5.6
      vertex 18.1563 5.78419 5.6
    endloop
  endfacet
  facet normal -0 0 1
    outer loop
      vertex 17.8529 7.65552 5.6
      vertex 18.1563 5.78419 5.6
      vertex 18.1368 7.70552 5.6
    endloop
  endfacet
  facet normal -0 0 1
    outer loop
      vertex 17.5835 7.57217 5.6
      vertex 18.1563 5.78419 5.6
      vertex 17.8529 7.65552 5.6
    endloop
  endfacet
  facet normal 0 0 1
    outer loop
      vertex 18.1563 5.78419 5.6
      vertex 17.5835 7.57217 5.6
      vertex 17.9501 5.76169 5.6
    endloop
  endfacet
  facet normal -0 0 1
    outer loop
      vertex 17.3285 7.45551 5.6
      vertex 17.9501 5.76169 5.6
      vertex 17.5835 7.57217 5.6
    endloop
  endfacet
  facet normal 0 0 1
    outer loop
      vertex 17.9501 5.76169 5.6
      vertex 17.3285 7.45551 5.6
      vertex 17.7474 5.7242 5.6
    endloop
  endfacet
  facet normal -0 0 1
    outer loop
      vertex 17.0879 7.3055 5.6
      vertex 17.7474 5.7242 5.6
      vertex 17.3285 7.45551 5.6
    endloop
  endfacet
  facet normal -0 0 1
    outer loop
      vertex 16.8646 7.13219 5.6
      vertex 17.7474 5.7242 5.6
      vertex 17.0879 7.3055 5.6
    endloop
  endfacet
  facet normal 0 0 1
    outer loop
      vertex 17.7474 5.7242 5.6
      vertex 16.8646 7.13219 5.6
      vertex 17.5479 5.67169 5.6
    endloop
  endfacet
  facet normal -0 0 1
    outer loop
      vertex 16.6613 6.94554 5.6
      vertex 17.5479 5.67169 5.6
      vertex 16.8646 7.13219 5.6
    endloop
  endfacet
  facet normal 0 0 1
    outer loop
      vertex 17.5479 5.67169 5.6
      vertex 16.6613 6.94554 5.6
      vertex 17.3518 5.60419 5.6
    endloop
  endfacet
  facet normal -0 0 1
    outer loop
      vertex 16.478 6.74556 5.6
      vertex 17.3518 5.60419 5.6
      vertex 16.6613 6.94554 5.6
    endloop
  endfacet
  facet normal 0 0 1
    outer loop
      vertex 17.3518 5.60419 5.6
      vertex 16.478 6.74556 5.6
      vertex 17.1649 5.52002 5.6
    endloop
  endfacet
  facet normal -0 0 1
    outer loop
      vertex 16.3146 6.53224 5.6
      vertex 17.1649 5.52002 5.6
      vertex 16.478 6.74556 5.6
    endloop
  endfacet
  facet normal -0 0 1
    outer loop
      vertex 16.1713 6.30559 5.6
      vertex 17.1649 5.52002 5.6
      vertex 16.3146 6.53224 5.6
    endloop
  endfacet
  facet normal 0 0 1
    outer loop
      vertex 17.1649 5.52002 5.6
      vertex 16.1713 6.30559 5.6
      vertex 16.9929 5.41753 5.6
    endloop
  endfacet
  facet normal 0 0 1
    outer loop
      vertex 16.9929 5.41753 5.6
      vertex 16.1713 6.30559 5.6
      vertex 16.836 5.29668 5.6
    endloop
  endfacet
  facet normal 0 0 1
    outer loop
      vertex 16.836 5.29668 5.6
      vertex 16.1713 6.30559 5.6
      vertex 16.6941 5.1575 5.6
    endloop
  endfacet
  facet normal -0 0 1
    outer loop
      vertex 16.074 6.30559 5.6
      vertex 16.6941 5.1575 5.6
      vertex 16.1713 6.30559 5.6
    endloop
  endfacet
  facet normal 0 0 1
    outer loop
      vertex 16.6941 5.1575 5.6
      vertex 16.074 6.30559 5.6
      vertex 16.5671 5 5.6
    endloop
  endfacet
  facet normal 0 0 1
    outer loop
      vertex 16.5671 5 5.6
      vertex 16.074 6.30559 5.6
      vertex 16.4596 4.82109 5.6
    endloop
  endfacet
  facet normal 0 0 1
    outer loop
      vertex 16.4596 4.82109 5.6
      vertex 16.074 6.30559 5.6
      vertex 16.376 4.61775 5.6
    endloop
  endfacet
  facet normal 0 0 1
    outer loop
      vertex 16.376 4.61775 5.6
      vertex 16.074 6.30559 5.6
      vertex 16.3163 4.38997 5.6
    endloop
  endfacet
  facet normal 0 0 1
    outer loop
      vertex 14.199 7.5833 5.6
      vertex 16.3163 4.38997 5.6
      vertex 16.074 6.30559 5.6
    endloop
  endfacet
  facet normal 0 0 1
    outer loop
      vertex 16.3163 4.38997 5.6
      vertex 14.199 7.5833 5.6
      vertex 16.2805 4.13776 5.6
    endloop
  endfacet
  facet normal 0 0 1
    outer loop
      vertex 16.2805 4.13776 5.6
      vertex 14.199 7.5833 5.6
      vertex 16.2685 3.8611 5.6
    endloop
  endfacet
  facet normal -0 0 1
    outer loop
      vertex 14.199 7.5833 5.6
      vertex 16.074 6.30559 5.6
      vertex 15.7685 7.5833 5.6
    endloop
  endfacet
  facet normal 0 0 1
    outer loop
      vertex 16.2685 3.8611 5.6
      vertex 14.199 7.5833 5.6
      vertex 14.199 0 5.6
    endloop
  endfacet
  facet normal 0 0 1
    outer loop
      vertex 16.2685 3.8611 5.6
      vertex 14.199 0 5.6
      vertex 16.2685 0 5.6
    endloop
  endfacet
  facet normal 0 0 1
    outer loop
      vertex 1.66002 3.26389 5.6
      vertex 5.28502 7.5833 5.6
      vertex 3.11832 7.5833 5.6
    endloop
  endfacet
  facet normal 0 0 1
    outer loop
      vertex 5.28502 7.5833 5.6
      vertex 1.66002 3.26389 5.6
      vertex 2.39612 0 5.6
    endloop
  endfacet
  facet normal -0 0 1
    outer loop
      vertex 1.56335 2.94388 5.6
      vertex 2.39612 0 5.6
      vertex 1.66002 3.26389 5.6
    endloop
  endfacet
  facet normal -0 0 1
    outer loop
      vertex 1.48445 2.62831 5.6
      vertex 2.39612 0 5.6
      vertex 1.56335 2.94388 5.6
    endloop
  endfacet
  facet normal -0 0 1
    outer loop
      vertex 1.42332 2.31718 5.6
      vertex 2.39612 0 5.6
      vertex 1.48445 2.62831 5.6
    endloop
  endfacet
  facet normal -0 0 1
    outer loop
      vertex 1.37999 2.01051 5.6
      vertex 2.39612 0 5.6
      vertex 1.42332 2.31718 5.6
    endloop
  endfacet
  facet normal -0 0 1
    outer loop
      vertex 1.35442 1.7083 5.6
      vertex 2.39612 0 5.6
      vertex 1.37999 2.01051 5.6
    endloop
  endfacet
  facet normal -0 0 1
    outer loop
      vertex 1.29892 1.7083 5.6
      vertex 2.39612 0 5.6
      vertex 1.35442 1.7083 5.6
    endloop
  endfacet
  facet normal 0 0 1
    outer loop
      vertex 0.271118 0 5.6
      vertex 1.29086 1.84499 5.6
      vertex 1.2778 1.98833 5.6
    endloop
  endfacet
  facet normal 0 0 1
    outer loop
      vertex 0.271118 0 5.6
      vertex 1.2778 1.98833 5.6
      vertex 1.25974 2.13832 5.6
    endloop
  endfacet
  facet normal 0 0 1
    outer loop
      vertex 0.271118 0 5.6
      vertex 1.25974 2.13832 5.6
      vertex 1.23668 2.29498 5.6
    endloop
  endfacet
  facet normal 0 0 1
    outer loop
      vertex 0.271118 0 5.6
      vertex 1.23668 2.29498 5.6
      vertex 1.20862 2.4583 5.6
    endloop
  endfacet
  facet normal 0 0 1
    outer loop
      vertex 0.271118 0 5.6
      vertex 1.20862 2.4583 5.6
      vertex 1.17612 2.62386 5.6
    endloop
  endfacet
  facet normal 0 0 1
    outer loop
      vertex 0.271118 0 5.6
      vertex 1.17612 2.62386 5.6
      vertex 1.13972 2.7872 5.6
    endloop
  endfacet
  facet normal 0 0 1
    outer loop
      vertex 0.271118 0 5.6
      vertex 1.13972 2.7872 5.6
      vertex 1.09944 2.94832 5.6
    endloop
  endfacet
  facet normal 0 0 1
    outer loop
      vertex 0.271118 0 5.6
      vertex 1.09944 2.94832 5.6
      vertex 1.05527 3.10722 5.6
    endloop
  endfacet
  facet normal 0 0 1
    outer loop
      vertex 0.271118 0 5.6
      vertex 1.05527 3.10722 5.6
      vertex 1.00722 3.26389 5.6
    endloop
  endfacet
  facet normal 0 0 1
    outer loop
      vertex 1.29892 1.7083 5.6
      vertex 0.271118 0 5.6
      vertex 2.39612 0 5.6
    endloop
  endfacet
  facet normal 0 0 1
    outer loop
      vertex 1.29086 1.84499 5.6
      vertex 0.271118 0 5.6
      vertex 1.29892 1.7083 5.6
    endloop
  endfacet
  facet normal -0 0 1
    outer loop
      vertex -2.61777 7.5833 5.6
      vertex 1.00722 3.26389 5.6
      vertex -0.451065 7.5833 5.6
    endloop
  endfacet
  facet normal 0 0 1
    outer loop
      vertex 1.00722 3.26389 5.6
      vertex -2.61777 7.5833 5.6
      vertex 0.271118 0 5.6
    endloop
  endfacet
  facet normal -0.999545 0.0301486 0
    outer loop
      vertex -16.1207 3.5694 5.6
      vertex -16.1068 4.03024 13.3743
      vertex -16.1068 4.03024 5.6
    endloop
  endfacet
  facet normal -0.999545 0.0301486 0
    outer loop
      vertex -16.1068 4.03024 13.3743
      vertex -16.1207 3.5694 5.6
      vertex -16.1207 3.5694 13.3997
    endloop
  endfacet
  facet normal -0.995034 0.0995393 0
    outer loop
      vertex -16.1068 4.03024 5.6
      vertex -16.0652 4.44609 13.3539
      vertex -16.0652 4.44609 5.6
    endloop
  endfacet
  facet normal -0.995034 0.0995393 0
    outer loop
      vertex -16.0652 4.44609 13.3539
      vertex -16.1068 4.03024 5.6
      vertex -16.1068 4.03024 13.3743
    endloop
  endfacet
  facet normal -0.982889 0.184201 0
    outer loop
      vertex -16.0652 4.44609 5.6
      vertex -15.9957 4.81694 13.3387
      vertex -15.9957 4.81694 5.6
    endloop
  endfacet
  facet normal -0.982889 0.184201 0
    outer loop
      vertex -15.9957 4.81694 13.3387
      vertex -16.0652 4.44609 5.6
      vertex -16.0652 4.44609 13.3539
    endloop
  endfacet
  facet normal -0.958267 0.285874 0
    outer loop
      vertex -15.9957 4.81694 5.6
      vertex -15.8985 5.14276 13.3285
      vertex -15.8985 5.14276 5.6
    endloop
  endfacet
  facet normal -0.958267 0.285874 0
    outer loop
      vertex -15.8985 5.14276 13.3285
      vertex -15.9957 4.81694 5.6
      vertex -15.9957 4.81694 13.3387
    endloop
  endfacet
  facet normal -0.913591 0.406633 0
    outer loop
      vertex -15.8985 5.14276 5.6
      vertex -15.7735 5.4236 13.3235
      vertex -15.7735 5.4236 5.6
    endloop
  endfacet
  facet normal -0.913591 0.406633 0
    outer loop
      vertex -15.7735 5.4236 13.3235
      vertex -15.8985 5.14276 5.6
      vertex -15.8985 5.14276 13.3285
    endloop
  endfacet
  facet normal -0.819126 0.573614 0
    outer loop
      vertex -15.7735 5.4236 5.6
      vertex -15.6107 5.65608 13.3246
      vertex -15.6107 5.65608 5.6
    endloop
  endfacet
  facet normal -0.819126 0.573614 0
    outer loop
      vertex -15.6107 5.65608 13.3246
      vertex -15.7735 5.4236 5.6
      vertex -15.7735 5.4236 13.3235
    endloop
  endfacet
  facet normal -0.651604 0.758559 0
    outer loop
      vertex -15.4002 5.8369 5.6
      vertex -15.6107 5.65608 13.3246
      vertex -15.4002 5.8369 13.3329
    endloop
  endfacet
  facet normal -0.651604 0.758559 0
    outer loop
      vertex -15.6107 5.65608 13.3246
      vertex -15.4002 5.8369 5.6
      vertex -15.6107 5.65608 5.6
    endloop
  endfacet
  facet normal -0.447241 0.894413 0
    outer loop
      vertex -15.1419 5.96606 5.6
      vertex -15.4002 5.8369 13.3329
      vertex -15.1419 5.96606 13.3486
    endloop
  endfacet
  facet normal -0.447241 0.894413 0
    outer loop
      vertex -15.4002 5.8369 13.3329
      vertex -15.1419 5.96606 5.6
      vertex -15.4002 5.8369 5.6
    endloop
  endfacet
  facet normal -0.245389 0.969425 0
    outer loop
      vertex -14.8357 6.04356 5.6
      vertex -15.0115 5.99906 13.3583
      vertex -14.8357 6.04356 13.3703
    endloop
  endfacet
  facet normal -0.245334 0.969439 1.33928e-06
    outer loop
      vertex -15.0115 5.99906 13.3583
      vertex -14.8357 6.04356 5.6
      vertex -15.1419 5.96606 13.3486
    endloop
  endfacet
  facet normal -0.245365 0.969431 0
    outer loop
      vertex -15.1419 5.96606 13.3486
      vertex -14.8357 6.04356 5.6
      vertex -15.1419 5.96606 5.6
    endloop
  endfacet
  facet normal -0.0728211 0.997345 0
    outer loop
      vertex -14.4818 6.0694 5.6
      vertex -14.8357 6.04356 13.3703
      vertex -14.4818 6.0694 13.3995
    endloop
  endfacet
  facet normal -0.0728211 0.997345 0
    outer loop
      vertex -14.8357 6.04356 13.3703
      vertex -14.4818 6.0694 5.6
      vertex -14.8357 6.04356 5.6
    endloop
  endfacet
  facet normal 0.0676838 0.997707 -0
    outer loop
      vertex -14.2402 6.05301 5.6
      vertex -14.4818 6.0694 13.3995
      vertex -14.2402 6.05301 13.4222
    endloop
  endfacet
  facet normal 0.0676838 0.997707 0
    outer loop
      vertex -14.4818 6.0694 13.3995
      vertex -14.2402 6.05301 5.6
      vertex -14.4818 6.0694 5.6
    endloop
  endfacet
  facet normal 0.22403 0.974582 -0.000822168
    outer loop
      vertex -14.2402 6.05301 13.4222
      vertex -14.1305 6.0278 13.4306
      vertex -14.0263 6.00385 13.4339
    endloop
  endfacet
  facet normal 0.223981 0.974593 -0.000144838
    outer loop
      vertex -14.1305 6.0278 13.4306
      vertex -14.2402 6.05301 13.4222
      vertex -14.1892 6.04129 13.4277
    endloop
  endfacet
  facet normal 0.223988 0.974592 -0
    outer loop
      vertex -14.0263 6.00385 5.6
      vertex -14.2402 6.05301 13.4222
      vertex -14.0263 6.00385 13.4339
    endloop
  endfacet
  facet normal 0.223988 0.974592 0
    outer loop
      vertex -14.2402 6.05301 13.4222
      vertex -14.0263 6.00385 5.6
      vertex -14.2402 6.05301 5.6
    endloop
  endfacet
  facet normal 0.402818 0.91528 -0
    outer loop
      vertex -13.8402 5.92191 5.6
      vertex -13.8594 5.93036 13.439
      vertex -13.8402 5.92191 13.4394
    endloop
  endfacet
  facet normal 0.40311 0.915152 8.52287e-07
    outer loop
      vertex -13.8594 5.93036 13.439
      vertex -13.8402 5.92191 5.6
      vertex -14.0039 5.99401 13.4348
    endloop
  endfacet
  facet normal 0.402191 0.915556 -2.20592e-05
    outer loop
      vertex -14.0039 5.99401 13.4348
      vertex -13.8402 5.92191 5.6
      vertex -14.0263 6.00385 13.4339
    endloop
  endfacet
  facet normal 0.402969 0.915213 0
    outer loop
      vertex -14.0263 6.00385 13.4339
      vertex -13.8402 5.92191 5.6
      vertex -14.0263 6.00385 5.6
    endloop
  endfacet
  facet normal -0.354287 -0.51377 -0.781358
    outer loop
      vertex -13.6819 5.80719 13.444
      vertex -13.7121 5.82908 13.4433
      vertex -13.7071 5.82548 13.4434
    endloop
  endfacet
  facet normal 0.58688 0.809674 -0
    outer loop
      vertex -13.6819 5.80719 5.6
      vertex -13.7121 5.82908 13.4433
      vertex -13.6819 5.80719 13.444
    endloop
  endfacet
  facet normal 0.586791 0.809738 -5.18151e-07
    outer loop
      vertex -13.7121 5.82908 13.4433
      vertex -13.6819 5.80719 5.6
      vertex -13.8402 5.92191 13.4394
    endloop
  endfacet
  facet normal 0.586808 0.809726 0
    outer loop
      vertex -13.8402 5.92191 13.4394
      vertex -13.6819 5.80719 5.6
      vertex -13.8402 5.92191 5.6
    endloop
  endfacet
  facet normal 0.748849 0.662741 6.64037e-06
    outer loop
      vertex -13.5513 5.6597 5.6
      vertex -13.6819 5.80719 13.444
      vertex -13.5703 5.68109 13.4478
    endloop
  endfacet
  facet normal 0.747641 0.664103 -0
    outer loop
      vertex -13.5513 5.6597 5.6
      vertex -13.5703 5.68109 13.4478
      vertex -13.5513 5.6597 13.4483
    endloop
  endfacet
  facet normal 0.748674 0.662939 0
    outer loop
      vertex -13.6819 5.80719 13.444
      vertex -13.5513 5.6597 5.6
      vertex -13.6819 5.80719 5.6
    endloop
  endfacet
  facet normal 0.864208 0.503135 5.31424e-06
    outer loop
      vertex -13.4463 5.47943 5.6
      vertex -13.5513 5.6597 13.4483
      vertex -13.4561 5.49618 13.4522
    endloop
  endfacet
  facet normal 0.863124 0.504992 -0
    outer loop
      vertex -13.4463 5.47943 5.6
      vertex -13.4561 5.49618 13.4522
      vertex -13.4463 5.47943 13.4526
    endloop
  endfacet
  facet normal 0.864107 0.503308 0
    outer loop
      vertex -13.5513 5.6597 13.4483
      vertex -13.4463 5.47943 5.6
      vertex -13.5513 5.6597 5.6
    endloop
  endfacet
  facet normal 0.933755 0.357913 4.83886e-06
    outer loop
      vertex -13.3646 5.26639 5.6
      vertex -13.4463 5.47943 13.4526
      vertex -13.3698 5.27985 13.4566
    endloop
  endfacet
  facet normal 0.932809 0.360372 -0
    outer loop
      vertex -13.3646 5.26639 5.6
      vertex -13.3698 5.27985 13.4566
      vertex -13.3646 5.26639 13.4568
    endloop
  endfacet
  facet normal 0.933695 0.358068 0
    outer loop
      vertex -13.4463 5.47943 13.4526
      vertex -13.3646 5.26639 5.6
      vertex -13.4463 5.47943 5.6
    endloop
  endfacet
  facet normal 0.972983 0.230879 -4.36804e-06
    outer loop
      vertex -13.3063 5.02055 5.6
      vertex -13.3646 5.26639 13.4568
      vertex -13.312 5.04472 13.4607
    endloop
  endfacet
  facet normal 0.973301 0.229533 -0
    outer loop
      vertex -13.3063 5.02055 5.6
      vertex -13.312 5.04472 13.4607
      vertex -13.3063 5.02055 13.4611
    endloop
  endfacet
  facet normal 0.973014 0.230746 0
    outer loop
      vertex -13.3646 5.26639 13.4568
      vertex -13.3063 5.02055 5.6
      vertex -13.3646 5.26639 5.6
    endloop
  endfacet
  facet normal 0.992183 0.124794 0
    outer loop
      vertex -13.2792 4.80509 13.4644
      vertex -13.3063 5.02055 5.6
      vertex -13.3063 5.02055 13.4611
    endloop
  endfacet
  facet normal 0.992302 0.123844 2.65705e-06
    outer loop
      vertex -13.2713 4.74196 5.6
      vertex -13.2792 4.80509 13.4644
      vertex -13.2752 4.77304 13.4649
    endloop
  endfacet
  facet normal 0.992219 0.124506 -0
    outer loop
      vertex -13.2713 4.74196 5.6
      vertex -13.2752 4.77304 13.4649
      vertex -13.2713 4.74196 13.4653
    endloop
  endfacet
  facet normal 0.9922 0.124653 -3.93494e-06
    outer loop
      vertex -13.2792 4.80509 13.4644
      vertex -13.2713 4.74196 5.6
      vertex -13.3063 5.02055 5.6
    endloop
  endfacet
  facet normal 0.999291 0.0376409 0
    outer loop
      vertex -13.2636 4.53754 13.4681
      vertex -13.2713 4.74196 5.6
      vertex -13.2713 4.74196 13.4653
    endloop
  endfacet
  facet normal 0.999301 0.0373745 -0
    outer loop
      vertex -13.2596 4.43059 5.6
      vertex -13.2636 4.53754 13.4681
      vertex -13.2596 4.43059 13.4693
    endloop
  endfacet
  facet normal 0.999295 0.0375494 -2.38006e-06
    outer loop
      vertex -13.2636 4.53754 13.4681
      vertex -13.2596 4.43059 5.6
      vertex -13.2713 4.74196 5.6
    endloop
  endfacet
  facet normal 1 0 0
    outer loop
      vertex -13.2596 4.32869 13.4705
      vertex -13.2596 4.43059 5.6
      vertex -13.2596 4.43059 13.4693
    endloop
  endfacet
  facet normal 1 0 0
    outer loop
      vertex -13.2596 4.26955 13.4711
      vertex -13.2596 4.43059 5.6
      vertex -13.2596 4.32869 13.4705
    endloop
  endfacet
  facet normal 1 0 0
    outer loop
      vertex -13.2596 4.19225 13.4718
      vertex -13.2596 4.43059 5.6
      vertex -13.2596 4.26955 13.4711
    endloop
  endfacet
  facet normal 1 0 0
    outer loop
      vertex -13.2596 1.05055 13.4995
      vertex -13.2596 4.43059 5.6
      vertex -13.2596 4.19225 13.4718
    endloop
  endfacet
  facet normal 1 0 0
    outer loop
      vertex -13.2596 0 5.6
      vertex -13.2596 1.05055 13.4995
      vertex -13.2596 0 13.5081
    endloop
  endfacet
  facet normal 1 0 0
    outer loop
      vertex -13.2596 1.05055 13.4995
      vertex -13.2596 0 5.6
      vertex -13.2596 4.43059 5.6
    endloop
  endfacet
  facet normal 0 1 0
    outer loop
      vertex -13.2596 0 5.6
      vertex -11.1902 0 13.4847
      vertex -11.1902 0 5.6
    endloop
  endfacet
  facet normal 0 1 0
    outer loop
      vertex -11.1902 0 13.4847
      vertex -13.2596 0 5.6
      vertex -13.2596 0 13.5081
    endloop
  endfacet
  facet normal -1 0 0
    outer loop
      vertex -11.1902 4.9444 5.6
      vertex -11.1902 1.80405 13.47
      vertex -11.1902 4.9444 13.4423
    endloop
  endfacet
  facet normal -1 0 0
    outer loop
      vertex -11.1902 0 5.6
      vertex -11.1902 1.80405 13.47
      vertex -11.1902 4.9444 5.6
    endloop
  endfacet
  facet normal -1 -0 0
    outer loop
      vertex -11.1902 1.80405 13.47
      vertex -11.1902 0 5.6
      vertex -11.1902 0 13.4847
    endloop
  endfacet
  facet normal -0.998572 -0.0534238 0
    outer loop
      vertex -11.1902 4.9444 5.6
      vertex -11.2197 5.4958 13.4377
      vertex -11.2197 5.4958 5.6
    endloop
  endfacet
  facet normal -0.998572 -0.0534238 0
    outer loop
      vertex -11.2197 5.4958 13.4377
      vertex -11.1902 4.9444 5.6
      vertex -11.1902 4.9444 13.4423
    endloop
  endfacet
  facet normal -0.98399 -0.178221 0
    outer loop
      vertex -11.2197 5.4958 5.6
      vertex -11.308 5.98332 13.4344
      vertex -11.308 5.98332 5.6
    endloop
  endfacet
  facet normal -0.98399 -0.178221 0
    outer loop
      vertex -11.308 5.98332 13.4344
      vertex -11.2197 5.4958 5.6
      vertex -11.2197 5.4958 13.4377
    endloop
  endfacet
  facet normal -0.944598 -0.32823 0
    outer loop
      vertex -11.308 5.98332 5.6
      vertex -11.4552 6.40694 13.4323
      vertex -11.4552 6.40694 5.6
    endloop
  endfacet
  facet normal -0.944598 -0.32823 0
    outer loop
      vertex -11.4552 6.40694 13.4323
      vertex -11.308 5.98332 5.6
      vertex -11.308 5.98332 13.4344
    endloop
  endfacet
  facet normal -0.867529 -0.497386 0
    outer loop
      vertex -11.6613 6.76666 5.6
      vertex -11.6321 6.71573 13.4306
      vertex -11.6613 6.76666 13.4301
    endloop
  endfacet
  facet normal -0.867824 -0.496871 4.44672e-06
    outer loop
      vertex -11.6613 6.76666 5.6
      vertex -11.5269 6.53199 13.432
      vertex -11.6321 6.71573 13.4306
    endloop
  endfacet
  facet normal -0.867676 -0.497131 -5.88824e-06
    outer loop
      vertex -11.4552 6.40694 5.6
      vertex -11.5269 6.53199 13.432
      vertex -11.6613 6.76666 5.6
    endloop
  endfacet
  facet normal -0.862584 -0.505914 0.000180965
    outer loop
      vertex -11.5269 6.53199 13.432
      vertex -11.4552 6.40694 5.6
      vertex -11.5249 6.52858 13.432
    endloop
  endfacet
  facet normal -0.866518 -0.499146 4.08392e-05
    outer loop
      vertex -11.5249 6.52858 13.432
      vertex -11.4552 6.40694 5.6
      vertex -11.5224 6.52424 13.432
    endloop
  endfacet
  facet normal -0.867696 -0.497095 0
    outer loop
      vertex -11.5224 6.52424 13.432
      vertex -11.4552 6.40694 5.6
      vertex -11.4552 6.40694 13.4323
    endloop
  endfacet
  facet normal -0.744865 -0.667216 0
    outer loop
      vertex -11.6613 6.76666 5.6
      vertex -11.9263 7.0625 13.4188
      vertex -11.9263 7.0625 5.6
    endloop
  endfacet
  facet normal -0.744965 -0.667098 0.00259881
    outer loop
      vertex -11.9263 7.0625 13.4188
      vertex -11.7733 6.89168 13.4288
      vertex -11.8465 6.97342 13.4277
    endloop
  endfacet
  facet normal -0.744865 -0.667216 -0
    outer loop
      vertex -11.6613 6.76666 13.4301
      vertex -11.9263 7.0625 13.4188
      vertex -11.6613 6.76666 5.6
    endloop
  endfacet
  facet normal -0.559877 -0.538343 -0.629861
    outer loop
      vertex -11.9263 7.0625 13.4188
      vertex -11.7728 6.89116 13.4288
      vertex -11.7733 6.89168 13.4288
    endloop
  endfacet
  facet normal -0.744944 -0.667111 0.00462011
    outer loop
      vertex -11.9263 7.0625 13.4188
      vertex -11.6613 6.76666 13.4301
      vertex -11.7728 6.89116 13.4288
    endloop
  endfacet
  facet normal -0.603719 -0.797178 0.00553175
    outer loop
      vertex -12.0935 7.18901 13.4024
      vertex -11.9263 7.0625 13.4188
      vertex -11.93 7.0653 13.4185
    endloop
  endfacet
  facet normal -0.603248 -0.797554 4.54005e-06
    outer loop
      vertex -11.9263 7.0625 5.6
      vertex -12.0935 7.18901 13.4024
      vertex -12.1547 7.2353 13.3963
    endloop
  endfacet
  facet normal -0.603367 -0.797463 -9.48876e-07
    outer loop
      vertex -11.9263 7.0625 5.6
      vertex -12.1547 7.2353 13.3963
      vertex -12.2402 7.29999 13.3858
    endloop
  endfacet
  facet normal -0.603352 -0.797475 0
    outer loop
      vertex -11.9263 7.0625 5.6
      vertex -12.2402 7.29999 13.3858
      vertex -12.2402 7.29999 5.6
    endloop
  endfacet
  facet normal -0.603383 -0.797452 0
    outer loop
      vertex -12.0935 7.18901 13.4024
      vertex -11.9263 7.0625 5.6
      vertex -11.9263 7.0625 13.4188
    endloop
  endfacet
  facet normal -0.463875 -0.8859 -2.652e-06
    outer loop
      vertex -12.2402 7.29999 5.6
      vertex -12.4897 7.43061 13.3629
      vertex -12.593 7.4847 13.3516
    endloop
  endfacet
  facet normal -0.463884 -0.885896 -3.01216e-06
    outer loop
      vertex -12.4897 7.43061 13.3629
      vertex -12.2402 7.29999 5.6
      vertex -12.2629 7.31185 13.3837
    endloop
  endfacet
  facet normal -0.46383 -0.885924 0
    outer loop
      vertex -12.2402 7.29999 5.6
      vertex -12.593 7.4847 13.3516
      vertex -12.593 7.4847 5.6
    endloop
  endfacet
  facet normal -0.463073 -0.88632 0
    outer loop
      vertex -12.2629 7.31185 13.3837
      vertex -12.2402 7.29999 5.6
      vertex -12.2402 7.29999 13.3858
    endloop
  endfacet
  facet normal -0.319293 -0.947656 -1.9924e-07
    outer loop
      vertex -12.593 7.4847 5.6
      vertex -12.6778 7.51327 13.3444
      vertex -12.9846 7.61664 13.3185
    endloop
  endfacet
  facet normal -0.31929 -0.947657 0
    outer loop
      vertex -12.593 7.4847 5.6
      vertex -12.9846 7.61664 13.3185
      vertex -12.9846 7.61664 5.6
    endloop
  endfacet
  facet normal -0.319277 -0.947661 0
    outer loop
      vertex -12.6778 7.51327 13.3444
      vertex -12.593 7.4847 5.6
      vertex -12.593 7.4847 13.3516
    endloop
  endfacet
  facet normal -0.18085 -0.983511 -2.00886e-06
    outer loop
      vertex -12.9846 7.61664 5.6
      vertex -13.0103 7.62135 13.3169
      vertex -13.1865 7.65375 13.3031
    endloop
  endfacet
  facet normal -0.180834 -0.983514 -1.58114e-06
    outer loop
      vertex -12.9846 7.61664 5.6
      vertex -13.1865 7.65375 13.3031
      vertex -13.4152 7.6958 13.2852
    endloop
  endfacet
  facet normal -0.180807 -0.983519 0
    outer loop
      vertex -12.9846 7.61664 5.6
      vertex -13.4152 7.6958 13.2852
      vertex -13.4152 7.6958 5.6
    endloop
  endfacet
  facet normal -0.180266 -0.983618 0
    outer loop
      vertex -13.0103 7.62135 13.3169
      vertex -12.9846 7.61664 5.6
      vertex -12.9846 7.61664 13.3185
    endloop
  endfacet
  facet normal -0.0562004 -0.99842 -2.89992e-06
    outer loop
      vertex -13.4152 7.6958 5.6
      vertex -13.7741 7.71598 13.2634
      vertex -13.8846 7.7222 13.2553
    endloop
  endfacet
  facet normal -0.0561533 -0.998422 0
    outer loop
      vertex -13.4152 7.6958 5.6
      vertex -13.8846 7.7222 13.2553
      vertex -13.8846 7.7222 5.6
    endloop
  endfacet
  facet normal -0.0561387 -0.998423 0
    outer loop
      vertex -13.7741 7.71598 13.2634
      vertex -13.4152 7.6958 5.6
      vertex -13.4152 7.6958 13.2852
    endloop
  endfacet
  facet normal 0.0376472 -0.999291 0
    outer loop
      vertex -13.8846 7.7222 5.6
      vertex -14.1649 7.71164 13.2381
      vertex -14.1649 7.71164 5.6
    endloop
  endfacet
  facet normal 0.0376472 -0.999291 0
    outer loop
      vertex -14.1649 7.71164 13.2381
      vertex -13.8846 7.7222 5.6
      vertex -13.8846 7.7222 13.2553
    endloop
  endfacet
  facet normal 0.114773 -0.993392 0
    outer loop
      vertex -14.1649 7.71164 5.6
      vertex -14.4391 7.67996 13.224
      vertex -14.4391 7.67996 5.6
    endloop
  endfacet
  facet normal 0.114773 -0.993392 0
    outer loop
      vertex -14.4391 7.67996 13.224
      vertex -14.1649 7.71164 5.6
      vertex -14.1649 7.71164 13.2381
    endloop
  endfacet
  facet normal 0.193267 -0.981146 1.40828e-06
    outer loop
      vertex -14.4391 7.67996 5.6
      vertex -14.6806 7.6324 13.2142
      vertex -14.7071 7.62718 13.2131
    endloop
  endfacet
  facet normal 0.193229 -0.981154 0
    outer loop
      vertex -14.4391 7.67996 5.6
      vertex -14.7071 7.62718 13.2131
      vertex -14.7071 7.62718 5.6
    endloop
  endfacet
  facet normal 0.193224 -0.981155 0
    outer loop
      vertex -14.6806 7.6324 13.2142
      vertex -14.4391 7.67996 5.6
      vertex -14.4391 7.67996 13.224
    endloop
  endfacet
  facet normal 0.272345 -0.961589 -0.0342879
    outer loop
      vertex -14.8004 7.60088 13.2096
      vertex -14.7071 7.62718 13.2131
      vertex -14.7447 7.61657 13.212
    endloop
  endfacet
  facet normal 0.271449 -0.962453 1.80137e-06
    outer loop
      vertex -14.7071 7.62718 5.6
      vertex -14.8004 7.60088 13.2096
      vertex -14.9691 7.5533 13.2022
    endloop
  endfacet
  facet normal 0.271401 -0.962466 0
    outer loop
      vertex -14.7071 7.62718 5.6
      vertex -14.9691 7.5533 13.2022
      vertex -14.9691 7.5533 5.6
    endloop
  endfacet
  facet normal 0.271313 -0.962491 0
    outer loop
      vertex -14.8004 7.60088 13.2096
      vertex -14.7071 7.62718 5.6
      vertex -14.7071 7.62718 13.2131
    endloop
  endfacet
  facet normal 0.34815 -0.937439 0
    outer loop
      vertex -14.9691 7.5533 5.6
      vertex -15.2249 7.4583 13.1937
      vertex -15.2249 7.4583 5.6
    endloop
  endfacet
  facet normal 0.34815 -0.937439 0
    outer loop
      vertex -15.2249 7.4583 13.1937
      vertex -14.9691 7.5533 5.6
      vertex -14.9691 7.5533 13.2022
    endloop
  endfacet
  facet normal 0.439237 -0.898371 0
    outer loop
      vertex -15.2249 7.4583 5.6
      vertex -15.4669 7.33998 13.189
      vertex -15.4669 7.33998 5.6
    endloop
  endfacet
  facet normal 0.439237 -0.898371 0
    outer loop
      vertex -15.4669 7.33998 13.189
      vertex -15.2249 7.4583 5.6
      vertex -15.2249 7.4583 13.1937
    endloop
  endfacet
  facet normal 0.547224 -0.836986 0
    outer loop
      vertex -15.6871 7.19612 5.6
      vertex -15.6516 7.21933 13.189
      vertex -15.6871 7.19612 13.1884
    endloop
  endfacet
  facet normal 0.546883 -0.837209 2.27686e-06
    outer loop
      vertex -15.6516 7.21933 13.189
      vertex -15.6871 7.19612 5.6
      vertex -15.4669 7.33998 13.189
    endloop
  endfacet
  facet normal 0.546938 -0.837173 0
    outer loop
      vertex -15.4669 7.33998 13.189
      vertex -15.6871 7.19612 5.6
      vertex -15.4669 7.33998 5.6
    endloop
  endfacet
  facet normal 0.649071 -0.760728 0
    outer loop
      vertex -15.8857 7.02667 5.6
      vertex -15.6871 7.19612 13.1884
      vertex -15.8857 7.02667 13.1887
    endloop
  endfacet
  facet normal 0.649071 -0.760728 0
    outer loop
      vertex -15.6871 7.19612 13.1884
      vertex -15.8857 7.02667 5.6
      vertex -15.6871 7.19612 5.6
    endloop
  endfacet
  facet normal 0.740455 -0.672106 0
    outer loop
      vertex -16.0627 6.83167 5.6
      vertex -15.8857 7.02667 13.1887
      vertex -16.0627 6.83167 13.1935
    endloop
  endfacet
  facet normal 0.740455 -0.672106 0
    outer loop
      vertex -15.8857 7.02667 13.1887
      vertex -16.0627 6.83167 5.6
      vertex -15.8857 7.02667 5.6
    endloop
  endfacet
  facet normal 0.817926 -0.575323 -5.67644e-06
    outer loop
      vertex -16.2179 6.6111 5.6
      vertex -16.0627 6.83167 13.1935
      vertex -16.184 6.65922 13.2007
    endloop
  endfacet
  facet normal 0.794031 -0.55141 0.255854
    outer loop
      vertex -16.2179 6.6111 13.2022
      vertex -16.184 6.65922 13.2007
      vertex -16.2021 6.63362 13.2017
    endloop
  endfacet
  facet normal 0.817504 -0.575923 0
    outer loop
      vertex -16.184 6.65922 13.2007
      vertex -16.2179 6.6111 13.2022
      vertex -16.2179 6.6111 5.6
    endloop
  endfacet
  facet normal 0.817834 -0.575454 0
    outer loop
      vertex -16.0627 6.83167 13.1935
      vertex -16.2179 6.6111 5.6
      vertex -16.0627 6.83167 5.6
    endloop
  endfacet
  facet normal 0 -1 0
    outer loop
      vertex -16.2179 6.6111 5.6
      vertex -16.3291 6.6111 13.1923
      vertex -16.3291 6.6111 5.6
    endloop
  endfacet
  facet normal 0 -1 0
    outer loop
      vertex -16.3291 6.6111 13.1923
      vertex -16.2179 6.6111 5.6
      vertex -16.2179 6.6111 13.2022
    endloop
  endfacet
  facet normal -0.961543 -0.274656 0
    outer loop
      vertex -16.3291 6.6111 5.6
      vertex -16.6068 7.5833 12.9653
      vertex -16.6068 7.5833 5.6
    endloop
  endfacet
  facet normal -0.961592 -0.274483 -2.47423e-05
    outer loop
      vertex -16.6068 7.5833 12.9653
      vertex -16.3291 6.6111 5.6
      vertex -16.5149 7.26134 13.0491
    endloop
  endfacet
  facet normal -0.961517 -0.274745 -0
    outer loop
      vertex -16.3291 6.6111 13.1923
      vertex -16.5149 7.26134 13.0491
      vertex -16.3291 6.6111 5.6
    endloop
  endfacet
  facet normal -0.96142 -0.275078 -0.00178238
    outer loop
      vertex -16.5149 7.26134 13.0491
      vertex -16.3485 6.67888 13.1848
      vertex -16.3818 6.79536 13.1703
    endloop
  endfacet
  facet normal -0.961066 -0.276226 -0.00714355
    outer loop
      vertex -16.5149 7.26134 13.0491
      vertex -16.3442 6.66387 13.1867
      vertex -16.3485 6.67888 13.1848
    endloop
  endfacet
  facet normal -0.961312 -0.275441 -0.00342705
    outer loop
      vertex -16.5149 7.26134 13.0491
      vertex -16.3291 6.6111 13.1923
      vertex -16.3442 6.66387 13.1867
    endloop
  endfacet
  facet normal 0 -1 0
    outer loop
      vertex -16.6068 7.5833 5.6
      vertex -18.1902 7.5833 12.6877
      vertex -18.1902 7.5833 5.6
    endloop
  endfacet
  facet normal 0 -1 0
    outer loop
      vertex -18.1902 7.5833 12.6877
      vertex -16.6068 7.5833 5.6
      vertex -16.6068 7.5833 12.9653
    endloop
  endfacet
  facet normal 1 0 0
    outer loop
      vertex -18.1902 7.20538 12.767
      vertex -18.1902 7.5833 5.6
      vertex -18.1902 7.5833 12.6877
    endloop
  endfacet
  facet normal 1 0 0
    outer loop
      vertex -18.1902 7.05674 12.7983
      vertex -18.1902 7.5833 5.6
      vertex -18.1902 7.20538 12.767
    endloop
  endfacet
  facet normal 1 0 0
    outer loop
      vertex -18.1902 6.79918 12.8415
      vertex -18.1902 7.5833 5.6
      vertex -18.1902 7.05674 12.7983
    endloop
  endfacet
  facet normal 1 0 0
    outer loop
      vertex -18.1902 6.12204 12.9552
      vertex -18.1902 7.5833 5.6
      vertex -18.1902 6.79918 12.8415
    endloop
  endfacet
  facet normal 1 0 0
    outer loop
      vertex -18.1902 5.7665 12.9977
      vertex -18.1902 7.5833 5.6
      vertex -18.1902 6.12204 12.9552
    endloop
  endfacet
  facet normal 1 0 0
    outer loop
      vertex -18.1902 5.38148 13.0436
      vertex -18.1902 7.5833 5.6
      vertex -18.1902 5.7665 12.9977
    endloop
  endfacet
  facet normal 1 0 0
    outer loop
      vertex -18.1902 5.16952 13.0577
      vertex -18.1902 7.5833 5.6
      vertex -18.1902 5.38148 13.0436
    endloop
  endfacet
  facet normal 1 0 0
    outer loop
      vertex -18.1902 4.73575 13.0864
      vertex -18.1902 7.5833 5.6
      vertex -18.1902 5.16952 13.0577
    endloop
  endfacet
  facet normal 1 0 0
    outer loop
      vertex -18.1902 0 5.6
      vertex -18.1902 4.73575 13.0864
      vertex -18.1902 1.34107 13.2431
    endloop
  endfacet
  facet normal 1 0 0
    outer loop
      vertex -18.1902 0 5.6
      vertex -18.1902 1.34107 13.2431
      vertex -18.1902 1.22588 13.2472
    endloop
  endfacet
  facet normal 1 0 0
    outer loop
      vertex -18.1902 0 5.6
      vertex -18.1902 1.22588 13.2472
      vertex -18.1902 1.10161 13.249
    endloop
  endfacet
  facet normal 1 0 0
    outer loop
      vertex -18.1902 0 5.6
      vertex -18.1902 1.10161 13.249
      vertex -18.1902 0.773455 13.2534
    endloop
  endfacet
  facet normal 1 0 0
    outer loop
      vertex -18.1902 0 5.6
      vertex -18.1902 0.773455 13.2534
      vertex -18.1902 0.644671 13.2527
    endloop
  endfacet
  facet normal 1 0 0
    outer loop
      vertex -18.1902 0 5.6
      vertex -18.1902 0.644671 13.2527
      vertex -18.1902 0.51683 13.2497
    endloop
  endfacet
  facet normal 1 0 0
    outer loop
      vertex -18.1902 0 5.6
      vertex -18.1902 0.51683 13.2497
      vertex -18.1902 0 13.2346
    endloop
  endfacet
  facet normal 1 0 0
    outer loop
      vertex -18.1902 4.73575 13.0864
      vertex -18.1902 0 5.6
      vertex -18.1902 7.5833 5.6
    endloop
  endfacet
  facet normal 0 1 0
    outer loop
      vertex -17.1404 0 13.4886
      vertex -16.5771 0 13.5453
      vertex -16.5382 0 13.545
    endloop
  endfacet
  facet normal 0 1 0
    outer loop
      vertex -16.5771 0 13.5453
      vertex -16.8819 0 13.5356
      vertex -16.7959 0 13.5453
    endloop
  endfacet
  facet normal 0 1 0
    outer loop
      vertex -17.2849 0 13.4578
      vertex -16.5382 0 13.545
      vertex -16.3826 0 13.5433
    endloop
  endfacet
  facet normal -0 1 0
    outer loop
      vertex -16.8262 0 13.5431
      vertex -16.7959 0 13.5453
      vertex -16.8819 0 13.5356
    endloop
  endfacet
  facet normal 0 1 0
    outer loop
      vertex -16.7959 0 13.5453
      vertex -16.8262 0 13.5431
      vertex -16.8093 0 13.5446
    endloop
  endfacet
  facet normal 0 1 0
    outer loop
      vertex -16.1207 0 5.6
      vertex -16.3826 0 13.5433
      vertex -16.1448 0 13.5407
    endloop
  endfacet
  facet normal 0 1 -0
    outer loop
      vertex -16.1207 0 5.6
      vertex -16.1448 0 13.5407
      vertex -16.1207 0 13.5404
    endloop
  endfacet
  facet normal 0 1 0
    outer loop
      vertex -16.8262 0 13.5431
      vertex -16.8819 0 13.5356
      vertex -16.829 0 13.5428
    endloop
  endfacet
  facet normal 0 1 0
    outer loop
      vertex -16.5771 0 13.5453
      vertex -16.9952 0 13.5159
      vertex -16.8819 0 13.5356
    endloop
  endfacet
  facet normal 0 1 0
    outer loop
      vertex -16.8819 0 13.5356
      vertex -16.9952 0 13.5159
      vertex -16.8902 0 13.5345
    endloop
  endfacet
  facet normal 0 1 0
    outer loop
      vertex -16.5771 0 13.5453
      vertex -17.1404 0 13.4886
      vertex -16.9952 0 13.5159
    endloop
  endfacet
  facet normal 0 1 0
    outer loop
      vertex -16.5382 0 13.545
      vertex -17.2849 0 13.4578
      vertex -17.1404 0 13.4886
    endloop
  endfacet
  facet normal 0 1 0
    outer loop
      vertex -16.3826 0 13.5433
      vertex -16.1207 0 5.6
      vertex -17.2849 0 13.4578
    endloop
  endfacet
  facet normal 0 1 0
    outer loop
      vertex -17.2849 0 13.4578
      vertex -16.1207 0 5.6
      vertex -17.3858 0 13.4362
    endloop
  endfacet
  facet normal 0 1 0
    outer loop
      vertex -17.3858 0 13.4362
      vertex -16.1207 0 5.6
      vertex -17.5527 0 13.3974
    endloop
  endfacet
  facet normal 0 1 0
    outer loop
      vertex -17.5527 0 13.3974
      vertex -16.1207 0 5.6
      vertex -17.7029 0 13.3597
    endloop
  endfacet
  facet normal 0 1 0
    outer loop
      vertex -17.7029 0 13.3597
      vertex -16.1207 0 5.6
      vertex -18.1902 0 13.2346
    endloop
  endfacet
  facet normal 0 1 0
    outer loop
      vertex -18.1902 0 13.2346
      vertex -16.1207 0 5.6
      vertex -18.1902 0 5.6
    endloop
  endfacet
  facet normal -1 0 0
    outer loop
      vertex -16.1207 3.5694 5.6
      vertex -16.1207 1.60885 13.5131
      vertex -16.1207 3.5694 13.3997
    endloop
  endfacet
  facet normal -1 0 0
    outer loop
      vertex -16.1207 0 5.6
      vertex -16.1207 1.60885 13.5131
      vertex -16.1207 3.5694 5.6
    endloop
  endfacet
  facet normal -1 -0 0
    outer loop
      vertex -16.1207 1.60885 13.5131
      vertex -16.1207 0 5.6
      vertex -16.1207 1.56514 13.5149
    endloop
  endfacet
  facet normal -1 -0 0
    outer loop
      vertex -16.1207 1.56514 13.5149
      vertex -16.1207 0 5.6
      vertex -16.1207 1.50749 13.5171
    endloop
  endfacet
  facet normal -1 -0 0
    outer loop
      vertex -16.1207 1.50749 13.5171
      vertex -16.1207 0 5.6
      vertex -16.1207 1.43208 13.5194
    endloop
  endfacet
  facet normal -1 -0 0
    outer loop
      vertex -16.1207 1.43208 13.5194
      vertex -16.1207 0 5.6
      vertex -16.1207 1.34836 13.5216
    endloop
  endfacet
  facet normal -1 -0 0
    outer loop
      vertex -16.1207 1.34836 13.5216
      vertex -16.1207 0 5.6
      vertex -16.1207 1.26344 13.5236
    endloop
  endfacet
  facet normal -1 -0 0
    outer loop
      vertex -16.1207 1.26344 13.5236
      vertex -16.1207 0 5.6
      vertex -16.1207 1.18233 13.5255
    endloop
  endfacet
  facet normal -1 -0 0
    outer loop
      vertex -16.1207 1.18233 13.5255
      vertex -16.1207 0 5.6
      vertex -16.1207 1.10636 13.5271
    endloop
  endfacet
  facet normal -1 -0 0
    outer loop
      vertex -16.1207 1.10636 13.5271
      vertex -16.1207 0 5.6
      vertex -16.1207 1.03627 13.5286
    endloop
  endfacet
  facet normal -1 -0 0
    outer loop
      vertex -16.1207 1.03627 13.5286
      vertex -16.1207 0 5.6
      vertex -16.1207 0.973078 13.5298
    endloop
  endfacet
  facet normal -1 -0 0
    outer loop
      vertex -16.1207 0.973078 13.5298
      vertex -16.1207 0 5.6
      vertex -16.1207 0.917018 13.5307
    endloop
  endfacet
  facet normal -1 -0 0
    outer loop
      vertex -16.1207 0.917018 13.5307
      vertex -16.1207 0 5.6
      vertex -16.1207 0.867924 13.5315
    endloop
  endfacet
  facet normal -1 -0 0
    outer loop
      vertex -16.1207 0.867924 13.5315
      vertex -16.1207 0 5.6
      vertex -16.1207 0.761256 13.5331
    endloop
  endfacet
  facet normal -1 -0 0
    outer loop
      vertex -16.1207 0.761256 13.5331
      vertex -16.1207 0 5.6
      vertex -16.1207 0.723069 13.5336
    endloop
  endfacet
  facet normal -1 -0 0
    outer loop
      vertex -16.1207 0.723069 13.5336
      vertex -16.1207 0 5.6
      vertex -16.1207 0.690623 13.534
    endloop
  endfacet
  facet normal -1 -0 0
    outer loop
      vertex -16.1207 0.690623 13.534
      vertex -16.1207 0 5.6
      vertex -16.1207 0.543641 13.5356
    endloop
  endfacet
  facet normal -1 -0 0
    outer loop
      vertex -16.1207 0.543641 13.5356
      vertex -16.1207 0 5.6
      vertex -16.1207 0.351557 13.5373
    endloop
  endfacet
  facet normal -1 -0 0
    outer loop
      vertex -16.1207 0.351557 13.5373
      vertex -16.1207 0 5.6
      vertex -16.1207 0.0087734 13.5403
    endloop
  endfacet
  facet normal -1 -0 0
    outer loop
      vertex -16.1207 0.0087734 13.5403
      vertex -16.1207 0 5.6
      vertex -16.1207 0 13.5404
    endloop
  endfacet
  facet normal -0.0495677 0.998771 0
    outer loop
      vertex -5.50877 -0.133606 5.6
      vertex -5.18962 -0.117767 13.4178
      vertex -5.18962 -0.117767 5.6
    endloop
  endfacet
  facet normal -0.0495677 0.998771 0
    outer loop
      vertex -5.18962 -0.117767 13.4178
      vertex -5.50877 -0.133606 5.6
      vertex -5.50877 -0.133606 13.4215
    endloop
  endfacet
  facet normal -0.0880604 0.996115 0
    outer loop
      vertex -5.18962 -0.117767 5.6
      vertex -4.89102 -0.0913696 13.4142
      vertex -4.89102 -0.0913696 5.6
    endloop
  endfacet
  facet normal -0.0880604 0.996115 0
    outer loop
      vertex -4.89102 -0.0913696 13.4142
      vertex -5.18962 -0.117767 5.6
      vertex -5.18962 -0.117767 13.4178
    endloop
  endfacet
  facet normal -0.13176 0.991282 0
    outer loop
      vertex -4.89102 -0.0913696 5.6
      vertex -4.61298 -0.0544128 13.4108
      vertex -4.61298 -0.0544128 5.6
    endloop
  endfacet
  facet normal -0.13176 0.991282 0
    outer loop
      vertex -4.61298 -0.0544128 13.4108
      vertex -4.89102 -0.0913696 5.6
      vertex -4.89102 -0.0913696 13.4142
    endloop
  endfacet
  facet normal -0.181478 0.983395 0
    outer loop
      vertex -4.61298 -0.0544128 5.6
      vertex -4.3555 -0.00689697 13.4075
      vertex -4.3555 -0.00689697 5.6
    endloop
  endfacet
  facet normal -0.181478 0.983395 0
    outer loop
      vertex -4.3555 -0.00689697 13.4075
      vertex -4.61298 -0.0544128 5.6
      vertex -4.61298 -0.0544128 13.4108
    endloop
  endfacet
  facet normal -0.232766 0.972533 0
    outer loop
      vertex -4.3555 -0.00689697 5.6
      vertex -4.11075 0.0516815 13.4042
      vertex -4.11075 0.0516815 5.6
    endloop
  endfacet
  facet normal -0.232766 0.972533 0
    outer loop
      vertex -4.11075 0.0516815 13.4042
      vertex -4.3555 -0.00689697 5.6
      vertex -4.3555 -0.00689697 13.4075
    endloop
  endfacet
  facet normal -0.281332 0.95961 0
    outer loop
      vertex -4.11075 0.0516815 5.6
      vertex -3.87102 0.121964 13.4009
      vertex -3.87102 0.121964 5.6
    endloop
  endfacet
  facet normal -0.281332 0.95961 0
    outer loop
      vertex -3.87102 0.121964 13.4009
      vertex -4.11075 0.0516815 5.6
      vertex -4.11075 0.0516815 13.4042
    endloop
  endfacet
  facet normal -0.329562 0.944134 0
    outer loop
      vertex -3.87102 0.121964 5.6
      vertex -3.63628 0.203903 13.3976
      vertex -3.63628 0.203903 5.6
    endloop
  endfacet
  facet normal -0.329562 0.944134 0
    outer loop
      vertex -3.63628 0.203903 13.3976
      vertex -3.87102 0.121964 5.6
      vertex -3.87102 0.121964 13.4009
    endloop
  endfacet
  facet normal -0.37735 0.926071 0
    outer loop
      vertex -3.63628 0.203903 5.6
      vertex -3.40654 0.297516 13.3943
      vertex -3.40654 0.297516 5.6
    endloop
  endfacet
  facet normal -0.37735 0.926071 0
    outer loop
      vertex -3.40654 0.297516 13.3943
      vertex -3.63628 0.203903 5.6
      vertex -3.63628 0.203903 13.3976
    endloop
  endfacet
  facet normal -0.424164 0.905585 0
    outer loop
      vertex -3.40654 0.297516 5.6
      vertex -3.18179 0.402786 13.3909
      vertex -3.18179 0.402786 5.6
    endloop
  endfacet
  facet normal -0.424164 0.905585 0
    outer loop
      vertex -3.18179 0.402786 13.3909
      vertex -3.40654 0.297516 5.6
      vertex -3.40654 0.297516 13.3943
    endloop
  endfacet
  facet normal -1 0 0
    outer loop
      vertex -3.18179 0.402786 5.6
      vertex -3.18179 2 13.3779
      vertex -3.18179 2 5.6
    endloop
  endfacet
  facet normal -1 -0 0
    outer loop
      vertex -3.18179 2 13.3779
      vertex -3.18179 0.402786 5.6
      vertex -3.18179 0.402786 13.3909
    endloop
  endfacet
  facet normal 0.415155 -0.909751 0
    outer loop
      vertex -3.43568 1.88414 5.6
      vertex -3.18179 2 13.3779
      vertex -3.43568 1.88414 13.3817
    endloop
  endfacet
  facet normal 0.415155 -0.909751 0
    outer loop
      vertex -3.18179 2 13.3779
      vertex -3.43568 1.88414 5.6
      vertex -3.18179 2 5.6
    endloop
  endfacet
  facet normal 0.380371 -0.924834 0
    outer loop
      vertex -3.68626 1.78108 5.6
      vertex -3.43568 1.88414 13.3817
      vertex -3.68626 1.78108 13.3853
    endloop
  endfacet
  facet normal 0.380371 -0.924834 0
    outer loop
      vertex -3.43568 1.88414 13.3817
      vertex -3.68626 1.78108 5.6
      vertex -3.43568 1.88414 5.6
    endloop
  endfacet
  facet normal 0.343 -0.939336 0
    outer loop
      vertex -3.9335 1.6908 5.6
      vertex -3.68626 1.78108 13.3853
      vertex -3.9335 1.6908 13.3889
    endloop
  endfacet
  facet normal 0.343 -0.939336 0
    outer loop
      vertex -3.68626 1.78108 13.3853
      vertex -3.9335 1.6908 5.6
      vertex -3.68626 1.78108 5.6
    endloop
  endfacet
  facet normal 0.302786 -0.953059 0
    outer loop
      vertex -4.17741 1.61331 5.6
      vertex -3.9335 1.6908 13.3889
      vertex -4.17741 1.61331 13.3923
    endloop
  endfacet
  facet normal 0.302786 -0.953059 0
    outer loop
      vertex -3.9335 1.6908 13.3889
      vertex -4.17741 1.61331 5.6
      vertex -3.9335 1.6908 5.6
    endloop
  endfacet
  facet normal 0.259733 -0.96568 0
    outer loop
      vertex -4.418 1.5486 5.6
      vertex -4.17741 1.61331 13.3923
      vertex -4.418 1.5486 13.3955
    endloop
  endfacet
  facet normal 0.259733 -0.96568 0
    outer loop
      vertex -4.17741 1.61331 13.3923
      vertex -4.418 1.5486 5.6
      vertex -4.17741 1.61331 5.6
    endloop
  endfacet
  facet normal 0.209958 -0.97771 0
    outer loop
      vertex -4.66243 1.49611 5.6
      vertex -4.418 1.5486 13.3955
      vertex -4.66243 1.49611 13.3987
    endloop
  endfacet
  facet normal 0.209958 -0.97771 0
    outer loop
      vertex -4.418 1.5486 13.3955
      vertex -4.66243 1.49611 5.6
      vertex -4.418 1.5486 5.6
    endloop
  endfacet
  facet normal 0.157772 -0.987476 0
    outer loop
      vertex -4.91798 1.45528 5.6
      vertex -4.66243 1.49611 13.3987
      vertex -4.91798 1.45528 13.4019
    endloop
  endfacet
  facet normal 0.157772 -0.987476 0
    outer loop
      vertex -4.66243 1.49611 13.3987
      vertex -4.91798 1.45528 5.6
      vertex -4.66243 1.49611 5.6
    endloop
  endfacet
  facet normal 0.108709 -0.994074 0
    outer loop
      vertex -5.18463 1.42612 5.6
      vertex -4.91798 1.45528 13.4019
      vertex -5.18463 1.42612 13.4052
    endloop
  endfacet
  facet normal 0.108709 -0.994074 0
    outer loop
      vertex -4.91798 1.45528 13.4019
      vertex -5.18463 1.42612 5.6
      vertex -4.91798 1.45528 5.6
    endloop
  endfacet
  facet normal 0.0628368 -0.998024 0
    outer loop
      vertex -5.46242 1.40863 5.6
      vertex -5.18463 1.42612 13.4052
      vertex -5.46242 1.40863 13.4085
    endloop
  endfacet
  facet normal 0.0628368 -0.998024 0
    outer loop
      vertex -5.18463 1.42612 13.4052
      vertex -5.46242 1.40863 5.6
      vertex -5.18463 1.42612 5.6
    endloop
  endfacet
  facet normal 0.0202119 -0.999796 0
    outer loop
      vertex -5.7513 1.40279 5.6
      vertex -5.46242 1.40863 13.4085
      vertex -5.7513 1.40279 13.4118
    endloop
  endfacet
  facet normal 0.0202119 -0.999796 0
    outer loop
      vertex -5.46242 1.40863 13.4085
      vertex -5.7513 1.40279 5.6
      vertex -5.46242 1.40863 5.6
    endloop
  endfacet
  facet normal -0.0596468 -0.99822 0
    outer loop
      vertex -6.08601 1.42279 5.6
      vertex -5.7513 1.40279 13.4118
      vertex -6.08601 1.42279 13.4154
    endloop
  endfacet
  facet normal -0.0596468 -0.99822 -0
    outer loop
      vertex -5.7513 1.40279 13.4118
      vertex -6.08601 1.42279 5.6
      vertex -5.7513 1.40279 5.6
    endloop
  endfacet
  facet normal -0.193517 -0.981097 0
    outer loop
      vertex -6.3902 1.48279 5.6
      vertex -6.08601 1.42279 13.4154
      vertex -6.3902 1.48279 13.4183
    endloop
  endfacet
  facet normal -0.193517 -0.981097 -0
    outer loop
      vertex -6.08601 1.42279 13.4154
      vertex -6.3902 1.48279 5.6
      vertex -6.08601 1.42279 5.6
    endloop
  endfacet
  facet normal -0.343286 -0.939231 0
    outer loop
      vertex -6.6638 1.58279 5.6
      vertex -6.3902 1.48279 13.4183
      vertex -6.6638 1.58279 13.4206
    endloop
  endfacet
  facet normal -0.343286 -0.939231 -0
    outer loop
      vertex -6.3902 1.48279 13.4183
      vertex -6.6638 1.58279 5.6
      vertex -6.3902 1.48279 5.6
    endloop
  endfacet
  facet normal -0.499085 -0.866553 0
    outer loop
      vertex -6.90688 1.72279 5.6
      vertex -6.6638 1.58279 13.4206
      vertex -6.90688 1.72279 13.4222
    endloop
  endfacet
  facet normal -0.499085 -0.866553 -0
    outer loop
      vertex -6.6638 1.58279 13.4206
      vertex -6.90688 1.72279 5.6
      vertex -6.6638 1.58279 5.6
    endloop
  endfacet
  facet normal -0.646309 -0.763076 0
    outer loop
      vertex -7.1194 1.90279 5.6
      vertex -6.90688 1.72279 13.4222
      vertex -7.1194 1.90279 13.4232
    endloop
  endfacet
  facet normal -0.646309 -0.763076 -0
    outer loop
      vertex -6.90688 1.72279 13.4222
      vertex -7.1194 1.90279 5.6
      vertex -6.90688 1.72279 5.6
    endloop
  endfacet
  facet normal -0.76925 -0.638948 0
    outer loop
      vertex -7.1194 1.90279 5.6
      vertex -7.29799 2.1178 13.4234
      vertex -7.29799 2.1178 5.6
    endloop
  endfacet
  facet normal -0.76925 -0.638948 0
    outer loop
      vertex -7.29799 2.1178 13.4234
      vertex -7.1194 1.90279 5.6
      vertex -7.1194 1.90279 13.4232
    endloop
  endfacet
  facet normal -0.86614 -0.499801 0
    outer loop
      vertex -7.29799 2.1178 5.6
      vertex -7.43936 2.36279 13.423
      vertex -7.43936 2.36279 5.6
    endloop
  endfacet
  facet normal -0.86614 -0.499801 0
    outer loop
      vertex -7.43936 2.36279 13.423
      vertex -7.29799 2.1178 5.6
      vertex -7.29799 2.1178 13.4234
    endloop
  endfacet
  facet normal -0.935167 -0.354207 0
    outer loop
      vertex -7.43936 2.36279 5.6
      vertex -7.54352 2.63779 13.422
      vertex -7.54352 2.63779 5.6
    endloop
  endfacet
  facet normal -0.935167 -0.354207 0
    outer loop
      vertex -7.54352 2.63779 13.422
      vertex -7.43936 2.36279 5.6
      vertex -7.43936 2.36279 13.423
    endloop
  endfacet
  facet normal -0.976745 -0.214404 0
    outer loop
      vertex -7.54352 2.63779 5.6
      vertex -7.61047 2.94279 13.4202
      vertex -7.61047 2.94279 5.6
    endloop
  endfacet
  facet normal -0.976745 -0.214404 0
    outer loop
      vertex -7.61047 2.94279 13.4202
      vertex -7.54352 2.63779 5.6
      vertex -7.54352 2.63779 13.422
    endloop
  endfacet
  facet normal -0.996085 -0.0884008 0
    outer loop
      vertex -7.6402 3.27779 5.6
      vertex -7.62463 3.10235 13.4191
      vertex -7.6402 3.27779 13.4177
    endloop
  endfacet
  facet normal -0.996085 -0.0883988 4.51764e-08
    outer loop
      vertex -7.61047 2.94279 5.6
      vertex -7.62463 3.10235 13.4191
      vertex -7.6402 3.27779 5.6
    endloop
  endfacet
  facet normal -0.996085 -0.0883966 0
    outer loop
      vertex -7.62463 3.10235 13.4191
      vertex -7.61047 2.94279 5.6
      vertex -7.61047 2.94279 13.4202
    endloop
  endfacet
  facet normal 0 1 -0
    outer loop
      vertex -2.7513 3.27779 5.6
      vertex -7.14281 3.27779 13.4122
      vertex -2.7513 3.27779 13.3626
    endloop
  endfacet
  facet normal 0 1 0
    outer loop
      vertex -7.14281 3.27779 13.4122
      vertex -2.7513 3.27779 5.6
      vertex -7.6402 3.27779 5.6
    endloop
  endfacet
  facet normal 0 1 0
    outer loop
      vertex -7.14281 3.27779 13.4122
      vertex -7.6402 3.27779 5.6
      vertex -7.6402 3.27779 13.4177
    endloop
  endfacet
  facet normal -1 0 0
    outer loop
      vertex -2.7513 3.27779 5.6
      vertex -2.7513 4.27779 13.3545
      vertex -2.7513 4.27779 5.6
    endloop
  endfacet
  facet normal -1 -0 0
    outer loop
      vertex -2.7513 4.27779 13.3545
      vertex -2.7513 3.27779 5.6
      vertex -2.7513 3.27779 13.3626
    endloop
  endfacet
  facet normal -0.998316 -0.0580075 0
    outer loop
      vertex -2.78796 4.90863 5.6
      vertex -2.78539 4.8644 13.3501
      vertex -2.78796 4.90863 13.3497
    endloop
  endfacet
  facet normal -0.998316 -0.0580151 -4.34932e-08
    outer loop
      vertex -2.7513 4.27779 5.6
      vertex -2.78539 4.8644 13.3501
      vertex -2.78796 4.90863 5.6
    endloop
  endfacet
  facet normal -0.998316 -0.0580157 0
    outer loop
      vertex -2.78539 4.8644 13.3501
      vertex -2.7513 4.27779 5.6
      vertex -2.7513 4.27779 13.3545
    endloop
  endfacet
  facet normal -0.981906 -0.189369 0
    outer loop
      vertex -2.8736 5.3526 13.3467
      vertex -2.89796 5.47891 13.3411
      vertex -2.89796 5.47891 5.6
    endloop
  endfacet
  facet normal -0.981869 -0.189525 -0.00367935
    outer loop
      vertex -2.8829 5.40079 13.3462
      vertex -2.89796 5.47891 13.3411
      vertex -2.8736 5.3526 13.3467
    endloop
  endfacet
  facet normal -0.981879 -0.189485 -0.00303124
    outer loop
      vertex -2.89796 5.47891 13.3411
      vertex -2.8829 5.40079 13.3462
      vertex -2.89021 5.43869 13.3449
    endloop
  endfacet
  facet normal -0.981922 -0.189286 0.000591519
    outer loop
      vertex -2.88964 5.43575 13.345
      vertex -2.8829 5.40079 13.3462
      vertex -2.88445 5.40883 13.346
    endloop
  endfacet
  facet normal 0.274614 0.085817 0.957717
    outer loop
      vertex -2.89021 5.43869 13.3449
      vertex -2.8829 5.40079 13.3462
      vertex -2.88964 5.43575 13.345
    endloop
  endfacet
  facet normal -0.981901 -0.189397 -4.62124e-07
    outer loop
      vertex -2.78796 4.90863 5.6
      vertex -2.8736 5.3526 13.3467
      vertex -2.89796 5.47891 5.6
    endloop
  endfacet
  facet normal -0.981899 -0.189404 0
    outer loop
      vertex -2.8736 5.3526 13.3467
      vertex -2.78796 4.90863 5.6
      vertex -2.78796 4.90863 13.3497
    endloop
  endfacet
  facet normal -0.940975 -0.338476 0
    outer loop
      vertex -2.89796 5.47891 5.6
      vertex -3.08131 5.98863 13.2948
      vertex -3.08131 5.98863 5.6
    endloop
  endfacet
  facet normal -0.94098 -0.338463 -9.55948e-07
    outer loop
      vertex -3.08131 5.98863 13.2948
      vertex -2.89796 5.47891 5.6
      vertex -2.99493 5.74848 13.3172
    endloop
  endfacet
  facet normal -0.940971 -0.338487 0
    outer loop
      vertex -2.99493 5.74848 13.3172
      vertex -2.89796 5.47891 5.6
      vertex -2.89796 5.47891 13.3411
    endloop
  endfacet
  facet normal -0.868237 -0.496149 0
    outer loop
      vertex -3.08131 5.98863 5.6
      vertex -3.33798 6.43779 13.2557
      vertex -3.33798 6.43779 5.6
    endloop
  endfacet
  facet normal -0.868237 -0.496149 0
    outer loop
      vertex -3.33798 6.43779 13.2557
      vertex -3.08131 5.98863 5.6
      vertex -3.08131 5.98863 13.2948
    endloop
  endfacet
  facet normal -0.76222 -0.647318 0
    outer loop
      vertex -3.33798 6.43779 5.6
      vertex -3.668 6.82639 13.225
      vertex -3.668 6.82639 5.6
    endloop
  endfacet
  facet normal -0.76222 -0.647318 0
    outer loop
      vertex -3.668 6.82639 13.225
      vertex -3.33798 6.43779 5.6
      vertex -3.33798 6.43779 13.2557
    endloop
  endfacet
  facet normal -0.634591 -0.772848 0
    outer loop
      vertex -3.668 6.82639 5.6
      vertex -4.06075 7.14888 13.203
      vertex -4.06075 7.14888 5.6
    endloop
  endfacet
  facet normal -0.634591 -0.772848 0
    outer loop
      vertex -4.06075 7.14888 13.203
      vertex -3.668 6.82639 5.6
      vertex -3.668 6.82639 13.225
    endloop
  endfacet
  facet normal -0.491024 -0.871146 0
    outer loop
      vertex -4.06075 7.14888 5.6
      vertex -4.50574 7.3997 13.1899
      vertex -4.50574 7.3997 5.6
    endloop
  endfacet
  facet normal -0.491024 -0.871146 0
    outer loop
      vertex -4.50574 7.3997 13.1899
      vertex -4.06075 7.14888 5.6
      vertex -4.06075 7.14888 13.203
    endloop
  endfacet
  facet normal -0.338989 -0.94079 0
    outer loop
      vertex -5.00296 7.57886 5.6
      vertex -4.50574 7.3997 13.1899
      vertex -5.00296 7.57886 13.1858
    endloop
  endfacet
  facet normal -0.338989 -0.94079 -0
    outer loop
      vertex -4.50574 7.3997 13.1899
      vertex -5.00296 7.57886 5.6
      vertex -4.50574 7.3997 5.6
    endloop
  endfacet
  facet normal -0.19201 -0.981393 0
    outer loop
      vertex -5.55241 7.68636 5.6
      vertex -5.00296 7.57886 13.1858
      vertex -5.55241 7.68636 13.1906
    endloop
  endfacet
  facet normal -0.19201 -0.981393 -0
    outer loop
      vertex -5.00296 7.57886 13.1858
      vertex -5.55241 7.68636 5.6
      vertex -5.00296 7.57886 5.6
    endloop
  endfacet
  facet normal -0.0594602 -0.998231 0
    outer loop
      vertex -6.1541 7.7222 5.6
      vertex -5.55241 7.68636 13.1906
      vertex -6.1541 7.7222 13.2043
    endloop
  endfacet
  facet normal -0.0594602 -0.998231 -0
    outer loop
      vertex -5.55241 7.68636 13.1906
      vertex -6.1541 7.7222 5.6
      vertex -5.55241 7.68636 5.6
    endloop
  endfacet
  facet normal 0.0426027 -0.999092 0
    outer loop
      vertex -6.5713 7.70441 5.6
      vertex -6.1541 7.7222 13.2043
      vertex -6.5713 7.70441 13.2183
    endloop
  endfacet
  facet normal 0.0426027 -0.999092 0
    outer loop
      vertex -6.1541 7.7222 13.2043
      vertex -6.5713 7.70441 5.6
      vertex -6.1541 7.7222 5.6
    endloop
  endfacet
  facet normal 0.133416 -0.99106 0
    outer loop
      vertex -6.96741 7.65108 5.6
      vertex -6.86267 7.66518 13.2308
      vertex -6.96741 7.65108 13.235
    endloop
  endfacet
  facet normal 0.133436 -0.991057 -2.82078e-07
    outer loop
      vertex -6.86267 7.66518 13.2308
      vertex -6.96741 7.65108 5.6
      vertex -6.5713 7.70441 13.2183
    endloop
  endfacet
  facet normal 0.13343 -0.991058 0
    outer loop
      vertex -6.5713 7.70441 13.2183
      vertex -6.96741 7.65108 5.6
      vertex -6.5713 7.70441 5.6
    endloop
  endfacet
  facet normal 0.230673 -0.973031 0
    outer loop
      vertex -7.34241 7.56218 5.6
      vertex -6.96741 7.65108 13.235
      vertex -7.34241 7.56218 13.2535
    endloop
  endfacet
  facet normal 0.230673 -0.973031 0
    outer loop
      vertex -6.96741 7.65108 13.235
      vertex -7.34241 7.56218 5.6
      vertex -6.96741 7.65108 5.6
    endloop
  endfacet
  facet normal 0.331795 -0.943351 0
    outer loop
      vertex -7.6963 7.43771 5.6
      vertex -7.34241 7.56218 13.2535
      vertex -7.6963 7.43771 13.275
    endloop
  endfacet
  facet normal 0.331795 -0.943351 0
    outer loop
      vertex -7.34241 7.56218 13.2535
      vertex -7.6963 7.43771 5.6
      vertex -7.34241 7.56218 5.6
    endloop
  endfacet
  facet normal 0.433338 -0.901231 0
    outer loop
      vertex -8.0291 7.27769 5.6
      vertex -7.6963 7.43771 13.275
      vertex -8.0291 7.27769 13.2994
    endloop
  endfacet
  facet normal 0.433338 -0.901231 0
    outer loop
      vertex -7.6963 7.43771 13.275
      vertex -8.0291 7.27769 5.6
      vertex -7.6963 7.43771 5.6
    endloop
  endfacet
  facet normal 0.535393 -0.844603 0
    outer loop
      vertex -8.33713 7.08243 5.6
      vertex -8.0291 7.27769 13.2994
      vertex -8.33713 7.08243 13.3267
    endloop
  endfacet
  facet normal 0.535393 -0.844603 0
    outer loop
      vertex -8.0291 7.27769 13.2994
      vertex -8.33713 7.08243 5.6
      vertex -8.0291 7.27769 5.6
    endloop
  endfacet
  facet normal 0.635577 -0.772038 0
    outer loop
      vertex -8.61684 6.85216 5.6
      vertex -8.33713 7.08243 13.3267
      vertex -8.61684 6.85216 13.3566
    endloop
  endfacet
  facet normal 0.635577 -0.772038 0
    outer loop
      vertex -8.33713 7.08243 13.3267
      vertex -8.61684 6.85216 5.6
      vertex -8.33713 7.08243 5.6
    endloop
  endfacet
  facet normal 0.725854 -0.687849 0
    outer loop
      vertex -8.86823 6.58688 5.6
      vertex -8.61684 6.85216 13.3566
      vertex -8.86823 6.58688 13.3892
    endloop
  endfacet
  facet normal 0.725854 -0.687849 0
    outer loop
      vertex -8.61684 6.85216 13.3566
      vertex -8.86823 6.58688 5.6
      vertex -8.61684 6.85216 5.6
    endloop
  endfacet
  facet normal 0.802763 -0.596299 -0.000496809
    outer loop
      vertex -9.00766 6.39916 13.4053
      vertex -8.86823 6.58688 13.3892
      vertex -8.94696 6.48088 13.4016
    endloop
  endfacet
  facet normal 0.802758 -0.596304 -0.000688592
    outer loop
      vertex -9.00766 6.39916 13.4053
      vertex -8.94696 6.48088 13.4016
      vertex -8.9631 6.45915 13.4033
    endloop
  endfacet
  facet normal 0.802866 -0.596114 0.00741273
    outer loop
      vertex -9.00766 6.39916 13.4053
      vertex -8.9631 6.45915 13.4033
      vertex -8.96816 6.45234 13.4037
    endloop
  endfacet
  facet normal 0.80267 -0.596417 -0.00267418
    outer loop
      vertex -9.01613 6.38776 13.4055
      vertex -8.86823 6.58688 13.3892
      vertex -9.00766 6.39916 13.4053
    endloop
  endfacet
  facet normal 0.802758 -0.596305 -0.000505335
    outer loop
      vertex -9.09128 6.28659 13.4072
      vertex -8.86823 6.58688 13.3892
      vertex -9.01613 6.38776 13.4055
    endloop
  endfacet
  facet normal 0.802773 -0.596285 0
    outer loop
      vertex -8.86823 6.58688 13.3892
      vertex -9.09128 6.28659 13.4072
      vertex -9.09128 6.28659 5.6
    endloop
  endfacet
  facet normal 0.802773 -0.596285 0
    outer loop
      vertex -8.86823 6.58688 13.3892
      vertex -9.09128 6.28659 5.6
      vertex -8.86823 6.58688 5.6
    endloop
  endfacet
  facet normal 0.864756 -0.502193 0
    outer loop
      vertex -9.286 5.95129 5.6
      vertex -9.09128 6.28659 13.4072
      vertex -9.286 5.95129 13.4123
    endloop
  endfacet
  facet normal 0.864756 -0.502193 0
    outer loop
      vertex -9.09128 6.28659 13.4072
      vertex -9.286 5.95129 5.6
      vertex -9.09128 6.28659 5.6
    endloop
  endfacet
  facet normal 0.915916 -0.401371 0
    outer loop
      vertex -9.4485 5.58047 5.6
      vertex -9.286 5.95129 13.4123
      vertex -9.4485 5.58047 13.4174
    endloop
  endfacet
  facet normal 0.915916 -0.401371 0
    outer loop
      vertex -9.286 5.95129 13.4123
      vertex -9.4485 5.58047 5.6
      vertex -9.286 5.95129 5.6
    endloop
  endfacet
  facet normal 0.954995 -0.296623 0
    outer loop
      vertex -9.57489 5.17355 5.6
      vertex -9.4485 5.58047 13.4174
      vertex -9.57489 5.17355 13.4224
    endloop
  endfacet
  facet normal 0.954995 -0.296623 0
    outer loop
      vertex -9.4485 5.58047 13.4174
      vertex -9.57489 5.17355 5.6
      vertex -9.4485 5.58047 5.6
    endloop
  endfacet
  facet normal 0.979859 -0.199692 0
    outer loop
      vertex -9.66518 4.73051 5.6
      vertex -9.57489 5.17355 13.4224
      vertex -9.66518 4.73051 13.4273
    endloop
  endfacet
  facet normal 0.979859 -0.199692 0
    outer loop
      vertex -9.57489 5.17355 13.4224
      vertex -9.66518 4.73051 5.6
      vertex -9.57489 5.17355 5.6
    endloop
  endfacet
  facet normal 0.99367 -0.112339 0
    outer loop
      vertex -9.71935 4.25136 5.6
      vertex -9.66518 4.73051 13.4273
      vertex -9.71935 4.25136 13.4321
    endloop
  endfacet
  facet normal 0.99367 -0.112339 0
    outer loop
      vertex -9.66518 4.73051 13.4273
      vertex -9.71935 4.25136 5.6
      vertex -9.66518 4.73051 5.6
    endloop
  endfacet
  facet normal 0.999387 -0.0350094 0
    outer loop
      vertex -9.7374 3.7361 13.4369
      vertex -9.71935 4.25136 5.6
      vertex -9.71935 4.25136 13.4321
    endloop
  endfacet
  facet normal 0.999387 -0.0350094 0
    outer loop
      vertex -9.71935 4.25136 5.6
      vertex -9.7374 3.7361 13.4369
      vertex -9.7374 3.7361 5.6
    endloop
  endfacet
  facet normal 0.999214 0.0396366 0
    outer loop
      vertex -9.71739 3.23166 13.4411
      vertex -9.7374 3.7361 5.6
      vertex -9.7374 3.7361 13.4369
    endloop
  endfacet
  facet normal 0.999214 0.0396366 0
    outer loop
      vertex -9.7374 3.7361 5.6
      vertex -9.71739 3.23166 13.4411
      vertex -9.71739 3.23166 5.6
    endloop
  endfacet
  facet normal 0.991911 0.126932 0
    outer loop
      vertex -9.65739 2.76279 13.4446
      vertex -9.71739 3.23166 5.6
      vertex -9.71739 3.23166 13.4411
    endloop
  endfacet
  facet normal 0.991911 0.126932 0
    outer loop
      vertex -9.71739 3.23166 5.6
      vertex -9.65739 2.76279 13.4446
      vertex -9.65739 2.76279 5.6
    endloop
  endfacet
  facet normal 0.974392 0.224858 0
    outer loop
      vertex -9.57211 2.39324 13.4469
      vertex -9.65739 2.76279 5.6
      vertex -9.65739 2.76279 13.4446
    endloop
  endfacet
  facet normal 0.974401 0.224815 -0
    outer loop
      vertex -9.55739 2.32944 5.6
      vertex -9.57211 2.39324 13.4469
      vertex -9.55739 2.32944 13.4472
    endloop
  endfacet
  facet normal 0.974393 0.224851 -3.11764e-07
    outer loop
      vertex -9.57211 2.39324 13.4469
      vertex -9.55739 2.32944 5.6
      vertex -9.65739 2.76279 5.6
    endloop
  endfacet
  facet normal 0.943288 0.331977 0
    outer loop
      vertex -9.41739 1.93164 13.4489
      vertex -9.55739 2.32944 5.6
      vertex -9.55739 2.32944 13.4472
    endloop
  endfacet
  facet normal 0.943288 0.331977 0
    outer loop
      vertex -9.55739 2.32944 5.6
      vertex -9.41739 1.93164 13.4489
      vertex -9.41739 1.93164 5.6
    endloop
  endfacet
  facet normal 0.895542 0.444977 0
    outer loop
      vertex -9.2374 1.5694 13.4498
      vertex -9.41739 1.93164 5.6
      vertex -9.41739 1.93164 13.4489
    endloop
  endfacet
  facet normal 0.895542 0.444977 0
    outer loop
      vertex -9.41739 1.93164 5.6
      vertex -9.2374 1.5694 13.4498
      vertex -9.2374 1.5694 5.6
    endloop
  endfacet
  facet normal 0.835533 0.54944 0
    outer loop
      vertex -9.0224 1.24245 13.45
      vertex -9.2374 1.5694 5.6
      vertex -9.2374 1.5694 13.4498
    endloop
  endfacet
  facet normal 0.835533 0.54944 0
    outer loop
      vertex -9.2374 1.5694 5.6
      vertex -9.0224 1.24245 13.45
      vertex -9.0224 1.24245 5.6
    endloop
  endfacet
  facet normal 0.765982 0.642862 0
    outer loop
      vertex -8.77739 0.950516 13.4496
      vertex -9.0224 1.24245 5.6
      vertex -9.0224 1.24245 13.45
    endloop
  endfacet
  facet normal 0.765982 0.642862 0
    outer loop
      vertex -9.0224 1.24245 5.6
      vertex -8.77739 0.950516 13.4496
      vertex -8.77739 0.950516 5.6
    endloop
  endfacet
  facet normal 0.682724 0.730677 -0
    outer loop
      vertex -8.5024 0.693573 5.6
      vertex -8.77739 0.950516 13.4496
      vertex -8.5024 0.693573 13.4486
    endloop
  endfacet
  facet normal 0.682724 0.730677 0
    outer loop
      vertex -8.77739 0.950516 13.4496
      vertex -8.5024 0.693573 5.6
      vertex -8.77739 0.950516 5.6
    endloop
  endfacet
  facet normal 0.588369 0.808593 -0
    outer loop
      vertex -8.19739 0.471634 5.6
      vertex -8.5024 0.693573 13.4486
      vertex -8.19739 0.471634 13.447
    endloop
  endfacet
  facet normal 0.588369 0.808593 0
    outer loop
      vertex -8.5024 0.693573 13.4486
      vertex -8.19739 0.471634 5.6
      vertex -8.5024 0.693573 5.6
    endloop
  endfacet
  facet normal 0.487296 0.873237 -0
    outer loop
      vertex -7.8624 0.284698 5.6
      vertex -8.19739 0.471634 13.447
      vertex -7.8624 0.284698 13.4447
    endloop
  endfacet
  facet normal 0.487296 0.873237 0
    outer loop
      vertex -8.19739 0.471634 13.447
      vertex -7.8624 0.284698 5.6
      vertex -8.19739 0.471634 5.6
    endloop
  endfacet
  facet normal 0.389544 0.921008 -0
    outer loop
      vertex -7.50185 0.132202 5.6
      vertex -7.8624 0.284698 13.4447
      vertex -7.50185 0.132202 13.4419
    endloop
  endfacet
  facet normal 0.389544 0.921008 0
    outer loop
      vertex -7.8624 0.284698 13.4447
      vertex -7.50185 0.132202 5.6
      vertex -7.8624 0.284698 5.6
    endloop
  endfacet
  facet normal 0.296758 0.954953 -0
    outer loop
      vertex -7.12018 0.0135956 5.6
      vertex -7.50185 0.132202 13.4419
      vertex -7.12018 0.0135956 13.4385
    endloop
  endfacet
  facet normal 0.296758 0.954953 0
    outer loop
      vertex -7.50185 0.132202 13.4419
      vertex -7.12018 0.0135956 5.6
      vertex -7.50185 0.132202 5.6
    endloop
  endfacet
  facet normal 0.205822 0.978589 -0
    outer loop
      vertex -6.71739 -0.0711212 5.6
      vertex -7.12018 0.0135956 13.4385
      vertex -6.71739 -0.0711212 13.4347
    endloop
  endfacet
  facet normal 0.205822 0.978589 0
    outer loop
      vertex -7.12018 0.0135956 13.4385
      vertex -6.71739 -0.0711212 5.6
      vertex -7.12018 0.0135956 5.6
    endloop
  endfacet
  facet normal 0.119053 0.992888 0
    outer loop
      vertex -6.71739 -0.0711212 5.6
      vertex -6.2935 -0.121948 13.4303
      vertex -6.2935 -0.121948 5.6
    endloop
  endfacet
  facet normal 0.119053 0.992888 0
    outer loop
      vertex -6.2935 -0.121948 13.4303
      vertex -6.71739 -0.0711212 5.6
      vertex -6.71739 -0.0711212 13.4347
    endloop
  endfacet
  facet normal 0.0380331 0.999276 0
    outer loop
      vertex -6.2935 -0.121948 5.6
      vertex -5.8485 -0.138885 13.4254
      vertex -5.8485 -0.138885 5.6
    endloop
  endfacet
  facet normal 0.0380331 0.999276 0
    outer loop
      vertex -5.8485 -0.138885 13.4254
      vertex -6.2935 -0.121948 5.6
      vertex -6.2935 -0.121948 13.4303
    endloop
  endfacet
  facet normal -0.0155369 0.999879 0
    outer loop
      vertex -5.8485 -0.138885 5.6
      vertex -5.50877 -0.133606 13.4215
      vertex -5.50877 -0.133606 5.6
    endloop
  endfacet
  facet normal -0.0155369 0.999879 0
    outer loop
      vertex -5.50877 -0.133606 13.4215
      vertex -5.8485 -0.138885 5.6
      vertex -5.8485 -0.138885 13.4254
    endloop
  endfacet
  facet normal -0.991471 0.130327 0
    outer loop
      vertex -7.5985 4.65279 5.6
      vertex -7.55768 4.96333 13.402
      vertex -7.55768 4.96333 5.6
    endloop
  endfacet
  facet normal -0.991471 0.130327 0
    outer loop
      vertex -7.55768 4.96333 13.402
      vertex -7.5985 4.65279 5.6
      vertex -7.5985 4.65279 13.4051
    endloop
  endfacet
  facet normal -0.971853 0.235589 0
    outer loop
      vertex -7.55768 4.96333 5.6
      vertex -7.49075 5.23943 13.3988
      vertex -7.49075 5.23943 5.6
    endloop
  endfacet
  facet normal -0.971853 0.235589 0
    outer loop
      vertex -7.49075 5.23943 13.3988
      vertex -7.55768 4.96333 5.6
      vertex -7.55768 4.96333 13.402
    endloop
  endfacet
  facet normal -0.933224 0.359295 0
    outer loop
      vertex -7.49075 5.23943 5.6
      vertex -7.39771 5.48109 13.3956
      vertex -7.39771 5.48109 5.6
    endloop
  endfacet
  facet normal -0.933224 0.359295 0
    outer loop
      vertex -7.39771 5.48109 13.3956
      vertex -7.49075 5.23943 5.6
      vertex -7.49075 5.23943 13.3988
    endloop
  endfacet
  facet normal -0.866909 0.498466 0
    outer loop
      vertex -7.39771 5.48109 5.6
      vertex -7.27856 5.68831 13.3925
      vertex -7.27856 5.68831 5.6
    endloop
  endfacet
  facet normal -0.866909 0.498466 0
    outer loop
      vertex -7.27856 5.68831 13.3925
      vertex -7.39771 5.48109 5.6
      vertex -7.39771 5.48109 13.3956
    endloop
  endfacet
  facet normal -0.765451 0.643494 0
    outer loop
      vertex -7.27856 5.68831 5.6
      vertex -7.1333 5.8611 13.3893
      vertex -7.1333 5.8611 5.6
    endloop
  endfacet
  facet normal -0.765451 0.643494 0
    outer loop
      vertex -7.1333 5.8611 13.3893
      vertex -7.27856 5.68831 5.6
      vertex -7.27856 5.68831 13.3925
    endloop
  endfacet
  facet normal -0.643773 0.765216 0
    outer loop
      vertex -7.1333 5.8611 5.6
      vertex -6.96689 6.0011 13.3863
      vertex -6.96689 6.0011 5.6
    endloop
  endfacet
  facet normal -0.643773 0.765216 0
    outer loop
      vertex -6.96689 6.0011 13.3863
      vertex -7.1333 5.8611 5.6
      vertex -7.1333 5.8611 13.3893
    endloop
  endfacet
  facet normal -0.511487 0.858522 0.0363529
    outer loop
      vertex -6.88078 6.05247 13.3847
      vertex -6.96689 6.0011 13.3863
      vertex -6.91289 6.03331 13.3854
    endloop
  endfacet
  facet normal -0.512161 0.858871 0.00563733
    outer loop
      vertex -6.78436 6.10999 13.3812
      vertex -6.88078 6.05247 13.3847
      vertex -6.82631 6.08496 13.3834
    endloop
  endfacet
  facet normal -0.512315 0.858796 0.00183317
    outer loop
      vertex -6.78436 6.10999 13.3812
      vertex -6.82631 6.08496 13.3834
      vertex -6.80784 6.09598 13.3826
    endloop
  endfacet
  facet normal -0.509987 0.859073 0.0436532
    outer loop
      vertex -6.78436 6.10999 13.3812
      vertex -6.80784 6.09598 13.3826
      vertex -6.78596 6.10903 13.3814
    endloop
  endfacet
  facet normal -0.512327 0.85879 -0.000281373
    outer loop
      vertex -6.88078 6.05247 13.3847
      vertex -6.78436 6.10999 13.3812
      vertex -6.96689 6.0011 13.3863
    endloop
  endfacet
  facet normal -0.512322 0.858794 0
    outer loop
      vertex -6.96689 6.0011 5.6
      vertex -6.78436 6.10999 13.3812
      vertex -6.78436 6.10999 5.6
    endloop
  endfacet
  facet normal -0.512322 0.858794 0
    outer loop
      vertex -6.78436 6.10999 13.3812
      vertex -6.96689 6.0011 5.6
      vertex -6.96689 6.0011 13.3863
    endloop
  endfacet
  facet normal -0.36464 0.931149 0
    outer loop
      vertex -6.78436 6.10999 5.6
      vertex -6.58574 6.18777 13.3684
      vertex -6.58574 6.18777 5.6
    endloop
  endfacet
  facet normal -0.36464 0.931149 0
    outer loop
      vertex -6.58574 6.18777 13.3684
      vertex -6.78436 6.10999 5.6
      vertex -6.78436 6.10999 13.3812
    endloop
  endfacet
  facet normal -0.212394 0.977184 0
    outer loop
      vertex -6.58574 6.18777 5.6
      vertex -6.37102 6.23444 13.3582
      vertex -6.37102 6.23444 5.6
    endloop
  endfacet
  facet normal -0.212394 0.977184 0
    outer loop
      vertex -6.37102 6.23444 13.3582
      vertex -6.58574 6.18777 5.6
      vertex -6.58574 6.18777 13.3684
    endloop
  endfacet
  facet normal -0.0672592 0.997736 0
    outer loop
      vertex -6.37102 6.23444 5.6
      vertex -6.1402 6.25 13.3506
      vertex -6.1402 6.25 5.6
    endloop
  endfacet
  facet normal -0.0672592 0.997736 0
    outer loop
      vertex -6.1402 6.25 13.3506
      vertex -6.37102 6.23444 5.6
      vertex -6.37102 6.23444 13.3582
    endloop
  endfacet
  facet normal 0.064657 0.997908 0
    outer loop
      vertex -6.1402 6.25 5.6
      vertex -5.86131 6.23193 13.3451
      vertex -5.86131 6.23193 5.6
    endloop
  endfacet
  facet normal 0.064657 0.997908 0
    outer loop
      vertex -5.86131 6.23193 13.3451
      vertex -6.1402 6.25 5.6
      vertex -6.1402 6.25 13.3506
    endloop
  endfacet
  facet normal 0.213585 0.976924 -0
    outer loop
      vertex -5.61354 6.17776 5.6
      vertex -5.86131 6.23193 13.3451
      vertex -5.61354 6.17776 13.3439
    endloop
  endfacet
  facet normal 0.213585 0.976924 0
    outer loop
      vertex -5.86131 6.23193 13.3451
      vertex -5.61354 6.17776 5.6
      vertex -5.86131 6.23193 5.6
    endloop
  endfacet
  facet normal 0.384597 0.923084 -0
    outer loop
      vertex -5.39688 6.08749 5.6
      vertex -5.61354 6.17776 13.3439
      vertex -5.39688 6.08749 13.347
    endloop
  endfacet
  facet normal 0.384597 0.923084 0
    outer loop
      vertex -5.61354 6.17776 13.3439
      vertex -5.39688 6.08749 5.6
      vertex -5.61354 6.17776 5.6
    endloop
  endfacet
  facet normal 0.562998 0.826458 -0
    outer loop
      vertex -5.21133 5.96109 5.6
      vertex -5.39688 6.08749 13.347
      vertex -5.21133 5.96109 13.3546
    endloop
  endfacet
  facet normal 0.562998 0.826458 0
    outer loop
      vertex -5.39688 6.08749 13.347
      vertex -5.21133 5.96109 5.6
      vertex -5.39688 6.08749 5.6
    endloop
  endfacet
  facet normal 0.724515 0.689201 0.00897902
    outer loop
      vertex -5.0569 5.7986 13.3659
      vertex -5.21133 5.96109 13.3546
      vertex -5.07158 5.81404 13.3653
    endloop
  endfacet
  facet normal 0.724949 0.688572 -0.0178422
    outer loop
      vertex -5.0569 5.7986 13.3659
      vertex -5.07158 5.81404 13.3653
      vertex -5.05955 5.80139 13.3659
    endloop
  endfacet
  facet normal 0.724856 0.688901 0
    outer loop
      vertex -5.21133 5.96109 13.3546
      vertex -5.0569 5.7986 13.3659
      vertex -5.0569 5.7986 5.6
    endloop
  endfacet
  facet normal 0.724856 0.688901 0
    outer loop
      vertex -5.21133 5.96109 13.3546
      vertex -5.0569 5.7986 5.6
      vertex -5.21133 5.96109 5.6
    endloop
  endfacet
  facet normal 0.834617 0.55083 0.00112328
    outer loop
      vertex -5.02478 5.74993 13.3668
      vertex -5.0569 5.7986 13.3659
      vertex -5.04415 5.77928 13.3665
    endloop
  endfacet
  facet normal 0.834627 0.550816 0
    outer loop
      vertex -5.0569 5.7986 13.3659
      vertex -5.02478 5.74993 13.3668
      vertex -5.0569 5.7986 5.6
    endloop
  endfacet
  facet normal 0.834566 0.550908 8.24047e-07
    outer loop
      vertex -4.99893 5.71077 13.3671
      vertex -5.0569 5.7986 5.6
      vertex -5.02478 5.74993 13.3668
    endloop
  endfacet
  facet normal 0.834585 0.550879 -0
    outer loop
      vertex -4.9313 5.60831 5.6
      vertex -4.99893 5.71077 13.3671
      vertex -4.9313 5.60831 13.3672
    endloop
  endfacet
  facet normal 0.834592 0.550868 1.90126e-07
    outer loop
      vertex -4.99893 5.71077 13.3671
      vertex -4.9313 5.60831 5.6
      vertex -5.0569 5.7986 5.6
    endloop
  endfacet
  facet normal 0.904472 0.426532 0
    outer loop
      vertex -4.8324 5.39859 13.368
      vertex -4.9313 5.60831 5.6
      vertex -4.9313 5.60831 13.3672
    endloop
  endfacet
  facet normal 0.904472 0.426532 0
    outer loop
      vertex -4.9313 5.60831 5.6
      vertex -4.8324 5.39859 13.368
      vertex -4.8324 5.39859 5.6
    endloop
  endfacet
  facet normal 0.953734 0.300653 0
    outer loop
      vertex -4.76016 5.16943 13.3692
      vertex -4.8324 5.39859 5.6
      vertex -4.8324 5.39859 13.368
    endloop
  endfacet
  facet normal 0.953734 0.300653 0
    outer loop
      vertex -4.8324 5.39859 5.6
      vertex -4.76016 5.16943 13.3692
      vertex -4.76016 5.16943 5.6
    endloop
  endfacet
  facet normal 0.983603 0.180348 0
    outer loop
      vertex -4.71458 4.92084 13.3709
      vertex -4.76016 5.16943 5.6
      vertex -4.76016 5.16943 13.3692
    endloop
  endfacet
  facet normal 0.983603 0.180348 0
    outer loop
      vertex -4.76016 5.16943 5.6
      vertex -4.71458 4.92084 13.3709
      vertex -4.71458 4.92084 5.6
    endloop
  endfacet
  facet normal 0.997526 0.0702976 0
    outer loop
      vertex -4.69569 4.65279 13.3731
      vertex -4.71458 4.92084 5.6
      vertex -4.71458 4.92084 13.3709
    endloop
  endfacet
  facet normal 0.997526 0.0702976 0
    outer loop
      vertex -4.71458 4.92084 5.6
      vertex -4.69569 4.65279 13.3731
      vertex -4.69569 4.65279 5.6
    endloop
  endfacet
  facet normal 0 -1 0
    outer loop
      vertex -7.5985 4.65279 5.6
      vertex -4.69569 4.65279 13.3731
      vertex -7.5985 4.65279 13.4051
    endloop
  endfacet
  facet normal 0 -1 -0
    outer loop
      vertex -4.69569 4.65279 13.3731
      vertex -7.5985 4.65279 5.6
      vertex -4.69569 4.65279 5.6
    endloop
  endfacet
  facet normal -0.0495615 0.998771 0
    outer loop
      vertex 9.95341 -0.133606 5.6
      vertex 10.2726 -0.117767 13.2301
      vertex 10.2726 -0.117767 5.6
    endloop
  endfacet
  facet normal -0.0495615 0.998771 0
    outer loop
      vertex 10.2726 -0.117767 13.2301
      vertex 9.95341 -0.133606 5.6
      vertex 9.95341 -0.133606 13.2343
    endloop
  endfacet
  facet normal -0.0880604 0.996115 0
    outer loop
      vertex 10.2726 -0.117767 5.6
      vertex 10.5712 -0.0913696 13.2262
      vertex 10.5712 -0.0913696 5.6
    endloop
  endfacet
  facet normal -0.0880604 0.996115 0
    outer loop
      vertex 10.5712 -0.0913696 13.2262
      vertex 10.2726 -0.117767 5.6
      vertex 10.2726 -0.117767 13.2301
    endloop
  endfacet
  facet normal -0.131779 0.991279 0
    outer loop
      vertex 10.5712 -0.0913696 5.6
      vertex 10.8492 -0.0544128 13.2224
      vertex 10.8492 -0.0544128 5.6
    endloop
  endfacet
  facet normal -0.131779 0.991279 0
    outer loop
      vertex 10.8492 -0.0544128 13.2224
      vertex 10.5712 -0.0913696 5.6
      vertex 10.5712 -0.0913696 13.2262
    endloop
  endfacet
  facet normal -0.181464 0.983398 0
    outer loop
      vertex 10.8492 -0.0544128 5.6
      vertex 11.1067 -0.00689697 13.2188
      vertex 11.1067 -0.00689697 5.6
    endloop
  endfacet
  facet normal -0.181464 0.983398 0
    outer loop
      vertex 11.1067 -0.00689697 13.2188
      vertex 10.8492 -0.0544128 5.6
      vertex 10.8492 -0.0544128 13.2224
    endloop
  endfacet
  facet normal -0.232811 0.972522 0
    outer loop
      vertex 11.1067 -0.00689697 5.6
      vertex 11.3514 0.0516815 13.2152
      vertex 11.3514 0.0516815 5.6
    endloop
  endfacet
  facet normal -0.232811 0.972522 0
    outer loop
      vertex 11.3514 0.0516815 13.2152
      vertex 11.1067 -0.00689697 5.6
      vertex 11.1067 -0.00689697 13.2188
    endloop
  endfacet
  facet normal -0.281257 0.959633 0
    outer loop
      vertex 11.3514 0.0516815 5.6
      vertex 11.5912 0.121964 13.2117
      vertex 11.5912 0.121964 5.6
    endloop
  endfacet
  facet normal -0.281257 0.959633 0
    outer loop
      vertex 11.5912 0.121964 13.2117
      vertex 11.3514 0.0516815 5.6
      vertex 11.3514 0.0516815 13.2152
    endloop
  endfacet
  facet normal -0.329612 0.944116 0
    outer loop
      vertex 11.5912 0.121964 5.6
      vertex 11.8259 0.203903 13.208
      vertex 11.8259 0.203903 5.6
    endloop
  endfacet
  facet normal -0.329612 0.944116 0
    outer loop
      vertex 11.8259 0.203903 13.208
      vertex 11.5912 0.121964 5.6
      vertex 11.5912 0.121964 13.2117
    endloop
  endfacet
  facet normal -0.377265 0.926105 0
    outer loop
      vertex 11.8259 0.203903 5.6
      vertex 12.0557 0.297516 13.2044
      vertex 12.0557 0.297516 5.6
    endloop
  endfacet
  facet normal -0.377265 0.926105 0
    outer loop
      vertex 12.0557 0.297516 13.2044
      vertex 11.8259 0.203903 5.6
      vertex 11.8259 0.203903 13.208
    endloop
  endfacet
  facet normal -0.424242 0.905549 0
    outer loop
      vertex 12.0557 0.297516 5.6
      vertex 12.2804 0.402786 13.2007
      vertex 12.2804 0.402786 5.6
    endloop
  endfacet
  facet normal -0.424242 0.905549 0
    outer loop
      vertex 12.2804 0.402786 13.2007
      vertex 12.0557 0.297516 5.6
      vertex 12.0557 0.297516 13.2044
    endloop
  endfacet
  facet normal -1 0 0
    outer loop
      vertex 12.2804 2 5.6
      vertex 12.2804 1.81378 13.1668
      vertex 12.2804 2 13.1543
    endloop
  endfacet
  facet normal -1 0 0
    outer loop
      vertex 12.2804 2 5.6
      vertex 12.2804 1.67615 13.1754
      vertex 12.2804 1.81378 13.1668
    endloop
  endfacet
  facet normal -1 0 0
    outer loop
      vertex 12.2804 2 5.6
      vertex 12.2804 1.45476 13.1894
      vertex 12.2804 1.67615 13.1754
    endloop
  endfacet
  facet normal -1 0 0
    outer loop
      vertex 12.2804 2 5.6
      vertex 12.2804 1.40148 13.191
      vertex 12.2804 1.45476 13.1894
    endloop
  endfacet
  facet normal -1 0 0
    outer loop
      vertex 12.2804 2 5.6
      vertex 12.2804 1.40099 13.191
      vertex 12.2804 1.40148 13.191
    endloop
  endfacet
  facet normal -1 0 0
    outer loop
      vertex 12.2804 2 5.6
      vertex 12.2804 1.24537 13.1934
      vertex 12.2804 1.40099 13.191
    endloop
  endfacet
  facet normal -1 0 0
    outer loop
      vertex 12.2804 0.402786 5.6
      vertex 12.2804 1.24537 13.1934
      vertex 12.2804 2 5.6
    endloop
  endfacet
  facet normal -1 -0 0
    outer loop
      vertex 12.2804 1.24537 13.1934
      vertex 12.2804 0.402786 5.6
      vertex 12.2804 1.03602 13.1953
    endloop
  endfacet
  facet normal -1 -0 0
    outer loop
      vertex 12.2804 1.03602 13.1953
      vertex 12.2804 0.402786 5.6
      vertex 12.2804 0.402786 13.2007
    endloop
  endfacet
  facet normal 0.415142 -0.909757 0
    outer loop
      vertex 12.0265 1.88414 5.6
      vertex 12.2804 2 13.1543
      vertex 12.0265 1.88414 13.1692
    endloop
  endfacet
  facet normal 0.415142 -0.909757 0
    outer loop
      vertex 12.2804 2 13.1543
      vertex 12.0265 1.88414 5.6
      vertex 12.2804 2 5.6
    endloop
  endfacet
  facet normal 0.380345 -0.924845 0
    outer loop
      vertex 11.7759 1.78108 5.6
      vertex 12.0265 1.88414 13.1692
      vertex 11.7759 1.78108 13.1832
    endloop
  endfacet
  facet normal 0.380345 -0.924845 0
    outer loop
      vertex 12.0265 1.88414 13.1692
      vertex 11.7759 1.78108 5.6
      vertex 12.0265 1.88414 5.6
    endloop
  endfacet
  facet normal 0.338669 -0.937958 -0.0744191
    outer loop
      vertex 11.5287 1.6908 13.1961
      vertex 11.7759 1.78108 13.1832
      vertex 11.5325 1.69218 13.196
    endloop
  endfacet
  facet normal 0.343049 -0.939318 0
    outer loop
      vertex 11.5287 1.6908 5.6
      vertex 11.7759 1.78108 13.1832
      vertex 11.5287 1.6908 13.1961
    endloop
  endfacet
  facet normal 0.343049 -0.939318 0
    outer loop
      vertex 11.7759 1.78108 13.1832
      vertex 11.5287 1.6908 5.6
      vertex 11.7759 1.78108 5.6
    endloop
  endfacet
  facet normal 0.302757 -0.953068 0
    outer loop
      vertex 11.2848 1.61331 5.6
      vertex 11.3765 1.64244 13.2003
      vertex 11.2848 1.61331 13.2021
    endloop
  endfacet
  facet normal 0.301376 -0.953505 1.8344e-05
    outer loop
      vertex 11.3765 1.64244 13.2003
      vertex 11.2848 1.61331 5.6
      vertex 11.3821 1.64421 13.2002
    endloop
  endfacet
  facet normal 0.302876 -0.95303 -2.79345e-06
    outer loop
      vertex 11.3821 1.64421 13.2002
      vertex 11.2848 1.61331 5.6
      vertex 11.5287 1.6908 13.1961
    endloop
  endfacet
  facet normal 0.302797 -0.953055 0
    outer loop
      vertex 11.5287 1.6908 13.1961
      vertex 11.2848 1.61331 5.6
      vertex 11.5287 1.6908 5.6
    endloop
  endfacet
  facet normal 0.259852 -0.965648 0
    outer loop
      vertex 11.0442 1.5486 5.6
      vertex 11.1183 1.56854 13.2052
      vertex 11.0442 1.5486 13.2063
    endloop
  endfacet
  facet normal 0.259666 -0.965699 1.94665e-06
    outer loop
      vertex 11.1183 1.56854 13.2052
      vertex 11.0442 1.5486 5.6
      vertex 11.2848 1.61331 13.2021
    endloop
  endfacet
  facet normal 0.259723 -0.965683 0
    outer loop
      vertex 11.2848 1.61331 13.2021
      vertex 11.0442 1.5486 5.6
      vertex 11.2848 1.61331 5.6
    endloop
  endfacet
  facet normal 0.209983 -0.977705 0
    outer loop
      vertex 10.7998 1.49611 5.6
      vertex 11.0442 1.5486 13.2063
      vertex 10.7998 1.49611 13.2099
    endloop
  endfacet
  facet normal 0.209983 -0.977705 0
    outer loop
      vertex 11.0442 1.5486 13.2063
      vertex 10.7998 1.49611 5.6
      vertex 11.0442 1.5486 5.6
    endloop
  endfacet
  facet normal 0.157766 -0.987477 0
    outer loop
      vertex 10.5442 1.45528 5.6
      vertex 10.7413 1.48677 13.2107
      vertex 10.5442 1.45528 13.2135
    endloop
  endfacet
  facet normal 0.157742 -0.98748 6.35039e-07
    outer loop
      vertex 10.7998 1.49611 5.6
      vertex 10.7413 1.48677 13.2107
      vertex 10.5442 1.45528 5.6
    endloop
  endfacet
  facet normal 0.157661 -0.987493 0
    outer loop
      vertex 10.7413 1.48677 13.2107
      vertex 10.7998 1.49611 5.6
      vertex 10.7998 1.49611 13.2099
    endloop
  endfacet
  facet normal 0.108729 -0.994071 0
    outer loop
      vertex 10.2776 1.42612 5.6
      vertex 10.5442 1.45528 13.2135
      vertex 10.2776 1.42612 13.2171
    endloop
  endfacet
  facet normal 0.108729 -0.994071 0
    outer loop
      vertex 10.5442 1.45528 13.2135
      vertex 10.2776 1.42612 5.6
      vertex 10.5442 1.45528 5.6
    endloop
  endfacet
  facet normal 0.0628323 -0.998024 0
    outer loop
      vertex 9.99979 1.40863 5.6
      vertex 10.2776 1.42612 13.2171
      vertex 9.99979 1.40863 13.2207
    endloop
  endfacet
  facet normal 0.0628323 -0.998024 0
    outer loop
      vertex 10.2776 1.42612 13.2171
      vertex 9.99979 1.40863 5.6
      vertex 10.2776 1.42612 5.6
    endloop
  endfacet
  facet normal 0.0202105 -0.999796 0
    outer loop
      vertex 9.71089 1.40279 5.6
      vertex 9.99979 1.40863 13.2207
      vertex 9.71089 1.40279 13.2243
    endloop
  endfacet
  facet normal 0.0202105 -0.999796 0
    outer loop
      vertex 9.99979 1.40863 13.2207
      vertex 9.71089 1.40279 5.6
      vertex 9.99979 1.40863 5.6
    endloop
  endfacet
  facet normal -0.0596451 -0.99822 0
    outer loop
      vertex 9.37617 1.42279 5.6
      vertex 9.71089 1.40279 13.2243
      vertex 9.37617 1.42279 13.2283
    endloop
  endfacet
  facet normal -0.0596451 -0.99822 -0
    outer loop
      vertex 9.71089 1.40279 13.2243
      vertex 9.37617 1.42279 5.6
      vertex 9.71089 1.40279 5.6
    endloop
  endfacet
  facet normal -0.193535 -0.981093 0
    outer loop
      vertex 9.07201 1.48279 5.6
      vertex 9.37617 1.42279 13.2283
      vertex 9.07201 1.48279 13.2316
    endloop
  endfacet
  facet normal -0.193535 -0.981093 -0
    outer loop
      vertex 9.37617 1.42279 13.2283
      vertex 9.07201 1.48279 5.6
      vertex 9.37617 1.42279 5.6
    endloop
  endfacet
  facet normal -0.343264 -0.939239 0
    outer loop
      vertex 8.79839 1.58279 5.6
      vertex 9.07201 1.48279 13.2316
      vertex 8.79839 1.58279 13.2342
    endloop
  endfacet
  facet normal -0.343264 -0.939239 -0
    outer loop
      vertex 9.07201 1.48279 13.2316
      vertex 8.79839 1.58279 5.6
      vertex 9.07201 1.48279 5.6
    endloop
  endfacet
  facet normal -0.499085 -0.866553 0
    outer loop
      vertex 8.55531 1.72279 5.6
      vertex 8.79839 1.58279 13.2342
      vertex 8.55531 1.72279 13.2361
    endloop
  endfacet
  facet normal -0.499085 -0.866553 -0
    outer loop
      vertex 8.79839 1.58279 13.2342
      vertex 8.55531 1.72279 5.6
      vertex 8.79839 1.58279 5.6
    endloop
  endfacet
  facet normal -0.646327 -0.763061 0
    outer loop
      vertex 8.3428 1.90279 5.6
      vertex 8.55531 1.72279 13.2361
      vertex 8.3428 1.90279 13.2372
    endloop
  endfacet
  facet normal -0.646327 -0.763061 -0
    outer loop
      vertex 8.55531 1.72279 13.2361
      vertex 8.3428 1.90279 5.6
      vertex 8.55531 1.72279 5.6
    endloop
  endfacet
  facet normal -0.769232 -0.63897 0
    outer loop
      vertex 8.3428 1.90279 5.6
      vertex 8.1642 2.1178 13.2376
      vertex 8.1642 2.1178 5.6
    endloop
  endfacet
  facet normal -0.769232 -0.63897 0
    outer loop
      vertex 8.1642 2.1178 13.2376
      vertex 8.3428 1.90279 5.6
      vertex 8.3428 1.90279 13.2372
    endloop
  endfacet
  facet normal -0.866145 -0.499793 0
    outer loop
      vertex 8.02283 2.36279 5.6
      vertex 8.0783 2.26666 13.2374
      vertex 8.02283 2.36279 13.2373
    endloop
  endfacet
  facet normal -0.86614 -0.499801 -1.40168e-07
    outer loop
      vertex 8.1642 2.1178 5.6
      vertex 8.0783 2.26666 13.2374
      vertex 8.02283 2.36279 5.6
    endloop
  endfacet
  facet normal -0.866137 -0.499806 0
    outer loop
      vertex 8.0783 2.26666 13.2374
      vertex 8.1642 2.1178 5.6
      vertex 8.1642 2.1178 13.2376
    endloop
  endfacet
  facet normal -0.935165 -0.354212 0
    outer loop
      vertex 7.91867 2.63779 5.6
      vertex 7.94304 2.57345 13.2356
      vertex 7.91867 2.63779 13.234
    endloop
  endfacet
  facet normal -0.935254 -0.353978 2.25059e-06
    outer loop
      vertex 7.91867 2.63779 5.6
      vertex 7.94888 2.55802 13.2357
      vertex 7.94304 2.57345 13.2356
    endloop
  endfacet
  facet normal -0.935167 -0.354207 -4.86864e-07
    outer loop
      vertex 8.02283 2.36279 5.6
      vertex 7.94888 2.55802 13.2357
      vertex 7.91867 2.63779 5.6
    endloop
  endfacet
  facet normal -0.935153 -0.354243 5.72468e-07
    outer loop
      vertex 7.94888 2.55802 13.2357
      vertex 8.02283 2.36279 5.6
      vertex 7.99464 2.43722 13.2369
    endloop
  endfacet
  facet normal -0.935173 -0.354192 0
    outer loop
      vertex 7.99464 2.43722 13.2369
      vertex 8.02283 2.36279 5.6
      vertex 8.02283 2.36279 13.2373
    endloop
  endfacet
  facet normal -0.976752 -0.214373 0
    outer loop
      vertex 7.91867 2.63779 5.6
      vertex 7.85173 2.94279 13.2157
      vertex 7.85173 2.94279 5.6
    endloop
  endfacet
  facet normal -0.976751 -0.214377 1.87465e-07
    outer loop
      vertex 7.85173 2.94279 13.2157
      vertex 7.91867 2.63779 5.6
      vertex 7.91701 2.64536 13.2338
    endloop
  endfacet
  facet normal -0.97679 -0.214197 0
    outer loop
      vertex 7.91701 2.64536 13.2338
      vertex 7.91867 2.63779 5.6
      vertex 7.91867 2.63779 13.234
    endloop
  endfacet
  facet normal -0.996083 -0.0884283 0
    outer loop
      vertex 7.85173 2.94279 5.6
      vertex 7.82199 3.27779 13.1942
      vertex 7.82199 3.27779 5.6
    endloop
  endfacet
  facet normal -0.996083 -0.0884283 0
    outer loop
      vertex 7.82199 3.27779 13.1942
      vertex 7.85173 2.94279 5.6
      vertex 7.85173 2.94279 13.2157
    endloop
  endfacet
  facet normal 0 1 0
    outer loop
      vertex 7.82199 3.27779 5.6
      vertex 12.7109 3.27779 13.0566
      vertex 12.7109 3.27779 5.6
    endloop
  endfacet
  facet normal 0 1 0
    outer loop
      vertex 12.7109 3.27779 13.0566
      vertex 7.82199 3.27779 5.6
      vertex 7.82199 3.27779 13.1942
    endloop
  endfacet
  facet normal -1 0 0
    outer loop
      vertex 12.7109 3.27779 5.6
      vertex 12.7109 4.27779 12.9897
      vertex 12.7109 4.27779 5.6
    endloop
  endfacet
  facet normal -1 -0 0
    outer loop
      vertex 12.7109 4.27779 12.9897
      vertex 12.7109 3.27779 5.6
      vertex 12.7109 3.27779 13.0566
    endloop
  endfacet
  facet normal -0.998312 -0.0580782 0
    outer loop
      vertex 12.7109 4.27779 5.6
      vertex 12.6742 4.90863 12.9463
      vertex 12.6742 4.90863 5.6
    endloop
  endfacet
  facet normal -0.998289 -0.0584688 3.36548e-05
    outer loop
      vertex 12.6742 4.90863 12.9463
      vertex 12.7109 4.27779 5.6
      vertex 12.682 4.77546 12.9572
    endloop
  endfacet
  facet normal -0.999093 -0.0425591 -0.0010457
    outer loop
      vertex 12.682 4.77546 12.9572
      vertex 12.7109 4.27779 5.6
      vertex 12.6821 4.77311 12.9573
    endloop
  endfacet
  facet normal -0.998314 -0.0580462 0
    outer loop
      vertex 12.6821 4.77311 12.9573
      vertex 12.7109 4.27779 5.6
      vertex 12.7109 4.27779 12.9897
    endloop
  endfacet
  facet normal -0.981901 -0.189397 0
    outer loop
      vertex 12.6742 4.90863 5.6
      vertex 12.5642 5.47891 12.8757
      vertex 12.5642 5.47891 5.6
    endloop
  endfacet
  facet normal -0.981871 -0.18955 1.24777e-05
    outer loop
      vertex 12.5642 5.47891 12.8757
      vertex 12.6742 4.90863 5.6
      vertex 12.6171 5.20489 12.9138
    endloop
  endfacet
  facet normal -0.982038 -0.188683 -2.39536e-05
    outer loop
      vertex 12.6171 5.20489 12.9138
      vertex 12.6742 4.90863 5.6
      vertex 12.6338 5.11797 12.9254
    endloop
  endfacet
  facet normal -0.981882 -0.189491 -0
    outer loop
      vertex 12.6742 4.90863 12.9463
      vertex 12.6338 5.11797 12.9254
      vertex 12.6742 4.90863 5.6
    endloop
  endfacet
  facet normal -0.981876 -0.189523 -0.0003352
    outer loop
      vertex 12.6338 5.11797 12.9254
      vertex 12.6742 4.90863 12.9463
      vertex 12.6499 5.03454 12.9365
    endloop
  endfacet
  facet normal -0.941005 -0.338394 0
    outer loop
      vertex 12.5642 5.47891 5.6
      vertex 12.3809 5.98863 12.808
      vertex 12.3809 5.98863 5.6
    endloop
  endfacet
  facet normal -0.941005 -0.338394 0
    outer loop
      vertex 12.3809 5.98863 12.808
      vertex 12.5642 5.47891 5.6
      vertex 12.5642 5.47891 12.8757
    endloop
  endfacet
  facet normal -0.868212 -0.496193 0
    outer loop
      vertex 12.3809 5.98863 5.6
      vertex 12.1242 6.43779 12.7519
      vertex 12.1242 6.43779 5.6
    endloop
  endfacet
  facet normal -0.868212 -0.496193 0
    outer loop
      vertex 12.1242 6.43779 12.7519
      vertex 12.3809 5.98863 5.6
      vertex 12.3809 5.98863 12.808
    endloop
  endfacet
  facet normal -0.762239 -0.647295 0
    outer loop
      vertex 12.1242 6.43779 5.6
      vertex 11.7942 6.82639 12.7073
      vertex 11.7942 6.82639 5.6
    endloop
  endfacet
  facet normal -0.762239 -0.647295 0
    outer loop
      vertex 11.7942 6.82639 12.7073
      vertex 12.1242 6.43779 5.6
      vertex 12.1242 6.43779 12.7519
    endloop
  endfacet
  facet normal -0.634543 -0.772888 0
    outer loop
      vertex 11.7942 6.82639 5.6
      vertex 11.4014 7.14888 12.6746
      vertex 11.4014 7.14888 5.6
    endloop
  endfacet
  facet normal -0.634543 -0.772888 0
    outer loop
      vertex 11.4014 7.14888 12.6746
      vertex 11.7942 6.82639 5.6
      vertex 11.7942 6.82639 12.7073
    endloop
  endfacet
  facet normal -0.4911 -0.871103 0
    outer loop
      vertex 11.4014 7.14888 5.6
      vertex 10.9565 7.3997 12.6542
      vertex 10.9565 7.3997 5.6
    endloop
  endfacet
  facet normal -0.4911 -0.871103 0
    outer loop
      vertex 10.9565 7.3997 12.6542
      vertex 11.4014 7.14888 5.6
      vertex 11.4014 7.14888 12.6746
    endloop
  endfacet
  facet normal -0.338941 -0.940808 0
    outer loop
      vertex 10.9565 7.3997 5.6
      vertex 10.4592 7.57886 12.6463
      vertex 10.4592 7.57886 5.6
    endloop
  endfacet
  facet normal -0.338941 -0.940808 0
    outer loop
      vertex 10.4592 7.57886 12.6463
      vertex 10.9565 7.3997 5.6
      vertex 10.9565 7.3997 12.6542
    endloop
  endfacet
  facet normal -0.192016 -0.981392 0
    outer loop
      vertex 9.90977 7.68636 5.6
      vertex 10.4592 7.57886 12.6463
      vertex 9.90977 7.68636 12.6507
    endloop
  endfacet
  facet normal -0.192016 -0.981392 -0
    outer loop
      vertex 10.4592 7.57886 12.6463
      vertex 9.90977 7.68636 5.6
      vertex 10.4592 7.57886 5.6
    endloop
  endfacet
  facet normal -0.0594612 -0.998231 0
    outer loop
      vertex 9.30809 7.7222 5.6
      vertex 9.90977 7.68636 12.6507
      vertex 9.30809 7.7222 12.6675
    endloop
  endfacet
  facet normal -0.0594612 -0.998231 -0
    outer loop
      vertex 9.90977 7.68636 12.6507
      vertex 9.30809 7.7222 5.6
      vertex 9.90977 7.68636 5.6
    endloop
  endfacet
  facet normal 0.0426017 -0.999092 0
    outer loop
      vertex 8.89088 7.70441 5.6
      vertex 9.30809 7.7222 12.6675
      vertex 8.89088 7.70441 12.6853
    endloop
  endfacet
  facet normal 0.0426017 -0.999092 0
    outer loop
      vertex 9.30809 7.7222 12.6675
      vertex 8.89088 7.70441 5.6
      vertex 9.30809 7.7222 5.6
    endloop
  endfacet
  facet normal 0.133434 -0.991058 0
    outer loop
      vertex 8.49478 7.65108 5.6
      vertex 8.89088 7.70441 12.6853
      vertex 8.49478 7.65108 12.7076
    endloop
  endfacet
  facet normal 0.133434 -0.991058 0
    outer loop
      vertex 8.89088 7.70441 12.6853
      vertex 8.49478 7.65108 5.6
      vertex 8.89088 7.70441 5.6
    endloop
  endfacet
  facet normal 0.230673 -0.973031 0
    outer loop
      vertex 8.11978 7.56218 5.6
      vertex 8.49478 7.65108 12.7076
      vertex 8.11978 7.56218 12.7343
    endloop
  endfacet
  facet normal 0.230673 -0.973031 0
    outer loop
      vertex 8.49478 7.65108 12.7076
      vertex 8.11978 7.56218 5.6
      vertex 8.49478 7.65108 5.6
    endloop
  endfacet
  facet normal 0.331787 -0.943354 0
    outer loop
      vertex 7.76588 7.43771 5.6
      vertex 8.11978 7.56218 12.7343
      vertex 7.76588 7.43771 12.7654
    endloop
  endfacet
  facet normal 0.331787 -0.943354 0
    outer loop
      vertex 8.11978 7.56218 12.7343
      vertex 7.76588 7.43771 5.6
      vertex 8.11978 7.56218 5.6
    endloop
  endfacet
  facet normal 0.433349 -0.901226 0
    outer loop
      vertex 7.43309 7.27769 5.6
      vertex 7.76588 7.43771 12.7654
      vertex 7.43309 7.27769 12.8009
    endloop
  endfacet
  facet normal 0.433349 -0.901226 0
    outer loop
      vertex 7.76588 7.43771 12.7654
      vertex 7.43309 7.27769 5.6
      vertex 7.76588 7.43771 5.6
    endloop
  endfacet
  facet normal 0.535393 -0.844603 0
    outer loop
      vertex 7.12506 7.08243 5.6
      vertex 7.43309 7.27769 12.8009
      vertex 7.12506 7.08243 12.8406
    endloop
  endfacet
  facet normal 0.535393 -0.844603 0
    outer loop
      vertex 7.43309 7.27769 12.8009
      vertex 7.12506 7.08243 5.6
      vertex 7.43309 7.27769 5.6
    endloop
  endfacet
  facet normal 0.635577 -0.772038 0
    outer loop
      vertex 6.84535 6.85216 5.6
      vertex 7.12506 7.08243 12.8406
      vertex 6.84535 6.85216 12.8845
    endloop
  endfacet
  facet normal 0.635577 -0.772038 0
    outer loop
      vertex 7.12506 7.08243 12.8406
      vertex 6.84535 6.85216 5.6
      vertex 7.12506 7.08243 5.6
    endloop
  endfacet
  facet normal 0.725881 -0.68782 0
    outer loop
      vertex 6.59398 6.58688 5.6
      vertex 6.84535 6.85216 12.8845
      vertex 6.59398 6.58688 12.9324
    endloop
  endfacet
  facet normal 0.725881 -0.68782 0
    outer loop
      vertex 6.84535 6.85216 12.8845
      vertex 6.59398 6.58688 5.6
      vertex 6.84535 6.85216 5.6
    endloop
  endfacet
  facet normal 0.802773 -0.596285 0
    outer loop
      vertex 6.37093 6.28659 5.6
      vertex 6.59398 6.58688 12.9324
      vertex 6.37093 6.28659 12.9843
    endloop
  endfacet
  facet normal 0.802773 -0.596285 0
    outer loop
      vertex 6.59398 6.58688 12.9324
      vertex 6.37093 6.28659 5.6
      vertex 6.59398 6.58688 5.6
    endloop
  endfacet
  facet normal 0.864733 -0.502232 3.98357e-08
    outer loop
      vertex 6.17619 5.95129 5.6
      vertex 6.37093 6.28659 12.9843
      vertex 6.30688 6.17631 13.0028
    endloop
  endfacet
  facet normal 0.864733 -0.502231 0
    outer loop
      vertex 6.17619 5.95129 5.6
      vertex 6.30688 6.17631 13.0028
      vertex 6.17619 5.95129 13.0299
    endloop
  endfacet
  facet normal 0.864733 -0.502231 0
    outer loop
      vertex 6.37093 6.28659 12.9843
      vertex 6.17619 5.95129 5.6
      vertex 6.37093 6.28659 5.6
    endloop
  endfacet
  facet normal 0.915916 -0.401371 0
    outer loop
      vertex 6.01369 5.58047 5.6
      vertex 6.17619 5.95129 13.0299
      vertex 6.01369 5.58047 13.0731
    endloop
  endfacet
  facet normal 0.915916 -0.401371 0
    outer loop
      vertex 6.17619 5.95129 13.0299
      vertex 6.01369 5.58047 5.6
      vertex 6.17619 5.95129 5.6
    endloop
  endfacet
  facet normal 0.954995 -0.296623 0
    outer loop
      vertex 5.8873 5.17355 5.6
      vertex 6.01369 5.58047 13.0731
      vertex 5.8873 5.17355 13.1189
    endloop
  endfacet
  facet normal 0.954995 -0.296623 0
    outer loop
      vertex 6.01369 5.58047 13.0731
      vertex 5.8873 5.17355 5.6
      vertex 6.01369 5.58047 5.6
    endloop
  endfacet
  facet normal 0.979911 -0.199435 -1.31229e-05
    outer loop
      vertex 5.79703 4.73051 5.6
      vertex 5.8873 5.17355 13.1189
      vertex 5.88626 5.16844 13.1195
    endloop
  endfacet
  facet normal 0.979868 -0.199646 -3.32618e-07
    outer loop
      vertex 5.79703 4.73051 5.6
      vertex 5.88626 5.16844 13.1195
      vertex 5.85571 5.0185 13.1328
    endloop
  endfacet
  facet normal 0.97979 -0.200028 1.48762e-05
    outer loop
      vertex 5.79703 4.73051 5.6
      vertex 5.85571 5.0185 13.1328
      vertex 5.85119 4.99636 13.1345
    endloop
  endfacet
  facet normal 0.979873 -0.199623 0
    outer loop
      vertex 5.79703 4.73051 5.6
      vertex 5.85119 4.99636 13.1345
      vertex 5.79703 4.73051 13.1538
    endloop
  endfacet
  facet normal 0.979867 -0.199649 0
    outer loop
      vertex 5.8873 5.17355 13.1189
      vertex 5.79703 4.73051 5.6
      vertex 5.8873 5.17355 5.6
    endloop
  endfacet
  facet normal 0.99367 -0.112339 0
    outer loop
      vertex 5.74286 4.25136 5.6
      vertex 5.79703 4.73051 13.1538
      vertex 5.74286 4.25136 13.1874
    endloop
  endfacet
  facet normal 0.99367 -0.112339 0
    outer loop
      vertex 5.79703 4.73051 13.1538
      vertex 5.74286 4.25136 5.6
      vertex 5.79703 4.73051 5.6
    endloop
  endfacet
  facet normal 0.999386 -0.0350481 0
    outer loop
      vertex 5.72479 3.7361 5.6
      vertex 5.74286 4.25136 13.1874
      vertex 5.72479 3.7361 13.2225
    endloop
  endfacet
  facet normal 0.999386 -0.0350481 0
    outer loop
      vertex 5.74286 4.25136 13.1874
      vertex 5.72479 3.7361 5.6
      vertex 5.74286 4.25136 5.6
    endloop
  endfacet
  facet normal 0.999214 0.0396366 -0
    outer loop
      vertex 5.7448 3.23166 5.6
      vertex 5.72479 3.7361 13.2225
      vertex 5.7448 3.23166 13.2557
    endloop
  endfacet
  facet normal 0.999214 0.0396366 0
    outer loop
      vertex 5.72479 3.7361 13.2225
      vertex 5.7448 3.23166 5.6
      vertex 5.72479 3.7361 5.6
    endloop
  endfacet
  facet normal 0.991888 0.127023 0.00483328
    outer loop
      vertex 5.75331 3.16512 13.258
      vertex 5.7448 3.23166 13.2557
      vertex 5.7466 3.21757 13.2566
    endloop
  endfacet
  facet normal 0.991921 0.12686 0
    outer loop
      vertex 5.7448 3.23166 13.2557
      vertex 5.75331 3.16512 13.258
      vertex 5.7448 3.23166 5.6
    endloop
  endfacet
  facet normal 0.991924 0.126836 -2.08128e-07
    outer loop
      vertex 5.75604 3.14377 13.2584
      vertex 5.7448 3.23166 5.6
      vertex 5.75331 3.16512 13.258
    endloop
  endfacet
  facet normal 0.991906 0.126978 1.44188e-06
    outer loop
      vertex 5.76719 3.05667 13.2596
      vertex 5.7448 3.23166 5.6
      vertex 5.75604 3.14377 13.2584
    endloop
  endfacet
  facet normal 0.991918 0.126879 -8.44447e-07
    outer loop
      vertex 5.78223 2.93909 13.2604
      vertex 5.7448 3.23166 5.6
      vertex 5.76719 3.05667 13.2596
    endloop
  endfacet
  facet normal 0.991912 0.126929 -0
    outer loop
      vertex 5.80479 2.76279 5.6
      vertex 5.78223 2.93909 13.2604
      vertex 5.80479 2.76279 13.2616
    endloop
  endfacet
  facet normal 0.991914 0.126911 4.06019e-07
    outer loop
      vertex 5.78223 2.93909 13.2604
      vertex 5.80479 2.76279 5.6
      vertex 5.7448 3.23166 5.6
    endloop
  endfacet
  facet normal 0.974388 0.224873 0
    outer loop
      vertex 5.9048 2.32944 13.2641
      vertex 5.80479 2.76279 5.6
      vertex 5.80479 2.76279 13.2616
    endloop
  endfacet
  facet normal 0.974388 0.224873 0
    outer loop
      vertex 5.80479 2.76279 5.6
      vertex 5.9048 2.32944 13.2641
      vertex 5.9048 2.32944 5.6
    endloop
  endfacet
  facet normal 0.943288 0.331977 0
    outer loop
      vertex 6.0448 1.93164 13.2657
      vertex 5.9048 2.32944 5.6
      vertex 5.9048 2.32944 13.2641
    endloop
  endfacet
  facet normal 0.943288 0.331977 0
    outer loop
      vertex 5.9048 2.32944 5.6
      vertex 6.0448 1.93164 13.2657
      vertex 6.0448 1.93164 5.6
    endloop
  endfacet
  facet normal 0.895542 0.444977 0
    outer loop
      vertex 6.22479 1.5694 13.2665
      vertex 6.0448 1.93164 5.6
      vertex 6.0448 1.93164 13.2657
    endloop
  endfacet
  facet normal 0.895542 0.444977 0
    outer loop
      vertex 6.0448 1.93164 5.6
      vertex 6.22479 1.5694 13.2665
      vertex 6.22479 1.5694 5.6
    endloop
  endfacet
  facet normal 0.835521 0.549458 0
    outer loop
      vertex 6.4398 1.24245 13.2665
      vertex 6.22479 1.5694 5.6
      vertex 6.22479 1.5694 13.2665
    endloop
  endfacet
  facet normal 0.835521 0.549458 0
    outer loop
      vertex 6.22479 1.5694 5.6
      vertex 6.4398 1.24245 13.2665
      vertex 6.4398 1.24245 5.6
    endloop
  endfacet
  facet normal 0.765995 0.642847 0
    outer loop
      vertex 6.6848 0.950516 13.266
      vertex 6.4398 1.24245 5.6
      vertex 6.4398 1.24245 13.2665
    endloop
  endfacet
  facet normal 0.765995 0.642847 0
    outer loop
      vertex 6.4398 1.24245 5.6
      vertex 6.6848 0.950516 13.266
      vertex 6.6848 0.950516 5.6
    endloop
  endfacet
  facet normal 0.682724 0.730677 -0
    outer loop
      vertex 6.95979 0.693573 5.6
      vertex 6.6848 0.950516 13.266
      vertex 6.95979 0.693573 13.2647
    endloop
  endfacet
  facet normal 0.682724 0.730677 0
    outer loop
      vertex 6.6848 0.950516 13.266
      vertex 6.95979 0.693573 5.6
      vertex 6.6848 0.950516 5.6
    endloop
  endfacet
  facet normal 0.588369 0.808593 -0
    outer loop
      vertex 7.2648 0.471634 5.6
      vertex 6.95979 0.693573 13.2647
      vertex 7.2648 0.471634 13.2628
    endloop
  endfacet
  facet normal 0.588369 0.808593 0
    outer loop
      vertex 6.95979 0.693573 13.2647
      vertex 7.2648 0.471634 5.6
      vertex 6.95979 0.693573 5.6
    endloop
  endfacet
  facet normal 0.487296 0.873237 -0
    outer loop
      vertex 7.59979 0.284698 5.6
      vertex 7.2648 0.471634 13.2628
      vertex 7.59979 0.284698 13.2601
    endloop
  endfacet
  facet normal 0.487296 0.873237 0
    outer loop
      vertex 7.2648 0.471634 13.2628
      vertex 7.59979 0.284698 5.6
      vertex 7.2648 0.471634 5.6
    endloop
  endfacet
  facet normal 0.389525 0.921016 -0
    outer loop
      vertex 7.96036 0.132202 5.6
      vertex 7.59979 0.284698 13.2601
      vertex 7.96036 0.132202 13.2569
    endloop
  endfacet
  facet normal 0.389525 0.921016 0
    outer loop
      vertex 7.59979 0.284698 13.2601
      vertex 7.96036 0.132202 5.6
      vertex 7.59979 0.284698 5.6
    endloop
  endfacet
  facet normal 0.296758 0.954953 -0
    outer loop
      vertex 8.34203 0.0135956 5.6
      vertex 7.96036 0.132202 13.2569
      vertex 8.34203 0.0135956 13.2532
    endloop
  endfacet
  facet normal 0.296758 0.954953 0
    outer loop
      vertex 7.96036 0.132202 13.2569
      vertex 8.34203 0.0135956 5.6
      vertex 7.96036 0.132202 5.6
    endloop
  endfacet
  facet normal 0.205832 0.978587 0
    outer loop
      vertex 8.34203 0.0135956 5.6
      vertex 8.7448 -0.0711212 13.2488
      vertex 8.7448 -0.0711212 5.6
    endloop
  endfacet
  facet normal 0.205832 0.978587 0
    outer loop
      vertex 8.7448 -0.0711212 13.2488
      vertex 8.34203 0.0135956 5.6
      vertex 8.34203 0.0135956 13.2532
    endloop
  endfacet
  facet normal 0.119053 0.992888 0
    outer loop
      vertex 8.7448 -0.0711212 5.6
      vertex 9.16869 -0.121948 13.244
      vertex 9.16869 -0.121948 5.6
    endloop
  endfacet
  facet normal 0.119053 0.992888 0
    outer loop
      vertex 9.16869 -0.121948 13.244
      vertex 8.7448 -0.0711212 5.6
      vertex 8.7448 -0.0711212 13.2488
    endloop
  endfacet
  facet normal 0.0380331 0.999276 0
    outer loop
      vertex 9.16869 -0.121948 5.6
      vertex 9.61369 -0.138885 13.2386
      vertex 9.61369 -0.138885 5.6
    endloop
  endfacet
  facet normal 0.0380331 0.999276 0
    outer loop
      vertex 9.61369 -0.138885 13.2386
      vertex 9.16869 -0.121948 5.6
      vertex 9.16869 -0.121948 13.244
    endloop
  endfacet
  facet normal -0.0155374 0.999879 0
    outer loop
      vertex 9.61369 -0.138885 5.6
      vertex 9.95341 -0.133606 13.2343
      vertex 9.95341 -0.133606 5.6
    endloop
  endfacet
  facet normal -0.0155374 0.999879 0
    outer loop
      vertex 9.95341 -0.133606 13.2343
      vertex 9.61369 -0.138885 5.6
      vertex 9.61369 -0.138885 13.2386
    endloop
  endfacet
  facet normal -0.991471 0.130327 0
    outer loop
      vertex 7.86369 4.65279 5.6
      vertex 7.90451 4.96333 13.0786
      vertex 7.90451 4.96333 5.6
    endloop
  endfacet
  facet normal -0.991437 0.130584 -1.08436e-05
    outer loop
      vertex 7.90451 4.96333 13.0786
      vertex 7.86369 4.65279 5.6
      vertex 7.90218 4.94564 13.0802
    endloop
  endfacet
  facet normal -0.991508 0.130045 1.06378e-05
    outer loop
      vertex 7.90218 4.94564 13.0802
      vertex 7.86369 4.65279 5.6
      vertex 7.90005 4.9294 13.0814
    endloop
  endfacet
  facet normal -0.991471 0.130327 0
    outer loop
      vertex 7.90005 4.9294 13.0814
      vertex 7.86369 4.65279 5.6
      vertex 7.86369 4.65279 13.1009
    endloop
  endfacet
  facet normal -0.971853 0.235589 0
    outer loop
      vertex 7.90451 4.96333 5.6
      vertex 7.97144 5.23943 13.0516
      vertex 7.97144 5.23943 5.6
    endloop
  endfacet
  facet normal -0.971844 0.235626 -1.46463e-06
    outer loop
      vertex 7.97144 5.23943 13.0516
      vertex 7.90451 4.96333 5.6
      vertex 7.9459 5.13409 13.0632
    endloop
  endfacet
  facet normal -0.971858 0.235566 0
    outer loop
      vertex 7.9459 5.13409 13.0632
      vertex 7.90451 4.96333 5.6
      vertex 7.90451 4.96333 13.0786
    endloop
  endfacet
  facet normal -0.933224 0.359295 0
    outer loop
      vertex 7.97144 5.23943 5.6
      vertex 8.06448 5.48109 13.0238
      vertex 8.06448 5.48109 5.6
    endloop
  endfacet
  facet normal -0.933224 0.359295 0
    outer loop
      vertex 8.06448 5.48109 13.0238
      vertex 7.97144 5.23943 5.6
      vertex 7.97144 5.23943 13.0516
    endloop
  endfacet
  facet normal -0.866891 0.498498 0
    outer loop
      vertex 8.06448 5.48109 5.6
      vertex 8.18364 5.68831 12.9989
      vertex 8.18364 5.68831 5.6
    endloop
  endfacet
  facet normal -0.866891 0.498498 0
    outer loop
      vertex 8.18364 5.68831 12.9989
      vertex 8.06448 5.48109 5.6
      vertex 8.06448 5.48109 13.0238
    endloop
  endfacet
  facet normal -0.765451 0.643494 0
    outer loop
      vertex 8.18364 5.68831 5.6
      vertex 8.3289 5.8611 12.9748
      vertex 8.3289 5.8611 5.6
    endloop
  endfacet
  facet normal -0.765451 0.643494 0
    outer loop
      vertex 8.18364 5.68831 12.9989
      vertex 8.3289 5.8611 12.9748
      vertex 8.18364 5.68831 5.6
    endloop
  endfacet
  facet normal -0.765529 0.643401 -0.0011418
    outer loop
      vertex 8.3289 5.8611 12.9748
      vertex 8.18364 5.68831 12.9989
      vertex 8.29575 5.82167 12.9818
    endloop
  endfacet
  facet normal -0.643751 0.765235 0
    outer loop
      vertex 8.3289 5.8611 5.6
      vertex 8.49532 6.0011 12.9483
      vertex 8.49532 6.0011 5.6
    endloop
  endfacet
  facet normal -0.643751 0.765235 0
    outer loop
      vertex 8.49532 6.0011 12.9483
      vertex 8.3289 5.8611 5.6
      vertex 8.3289 5.8611 12.9748
    endloop
  endfacet
  facet normal -0.512363 0.858769 0
    outer loop
      vertex 8.49532 6.0011 5.6
      vertex 8.67783 6.10999 12.9258
      vertex 8.67783 6.10999 5.6
    endloop
  endfacet
  facet normal -0.512363 0.858769 0
    outer loop
      vertex 8.67783 6.10999 12.9258
      vertex 8.49532 6.0011 5.6
      vertex 8.49532 6.0011 12.9483
    endloop
  endfacet
  facet normal -0.36464 0.931149 0
    outer loop
      vertex 8.67783 6.10999 5.6
      vertex 8.87645 6.18777 12.9071
      vertex 8.87645 6.18777 5.6
    endloop
  endfacet
  facet normal -0.36464 0.931149 0
    outer loop
      vertex 8.87645 6.18777 12.9071
      vertex 8.67783 6.10999 5.6
      vertex 8.67783 6.10999 12.9258
    endloop
  endfacet
  facet normal -0.212394 0.977184 0
    outer loop
      vertex 8.87645 6.18777 5.6
      vertex 9.09117 6.23444 12.8925
      vertex 9.09117 6.23444 5.6
    endloop
  endfacet
  facet normal -0.212394 0.977184 0
    outer loop
      vertex 9.09117 6.23444 12.8925
      vertex 8.87645 6.18777 5.6
      vertex 8.87645 6.18777 12.9071
    endloop
  endfacet
  facet normal -0.0672592 0.997736 0
    outer loop
      vertex 9.09117 6.23444 5.6
      vertex 9.32199 6.25 12.8818
      vertex 9.32199 6.25 5.6
    endloop
  endfacet
  facet normal -0.0672592 0.997736 0
    outer loop
      vertex 9.32199 6.25 12.8818
      vertex 9.09117 6.23444 5.6
      vertex 9.09117 6.23444 12.8925
    endloop
  endfacet
  facet normal 0.064657 0.997908 0
    outer loop
      vertex 9.32199 6.25 5.6
      vertex 9.60088 6.23193 12.8742
      vertex 9.60088 6.23193 5.6
    endloop
  endfacet
  facet normal 0.064657 0.997908 0
    outer loop
      vertex 9.60088 6.23193 12.8742
      vertex 9.32199 6.25 5.6
      vertex 9.32199 6.25 12.8818
    endloop
  endfacet
  facet normal 0.213585 0.976924 -0
    outer loop
      vertex 9.84865 6.17776 5.6
      vertex 9.60088 6.23193 12.8742
      vertex 9.84865 6.17776 12.873
    endloop
  endfacet
  facet normal 0.213585 0.976924 0
    outer loop
      vertex 9.60088 6.23193 12.8742
      vertex 9.84865 6.17776 5.6
      vertex 9.60088 6.23193 5.6
    endloop
  endfacet
  facet normal 0.384612 0.923078 -0
    outer loop
      vertex 10.0653 6.08749 5.6
      vertex 9.84865 6.17776 12.873
      vertex 10.0653 6.08749 12.8783
    endloop
  endfacet
  facet normal 0.384612 0.923078 0
    outer loop
      vertex 9.84865 6.17776 12.873
      vertex 10.0653 6.08749 5.6
      vertex 9.84865 6.17776 5.6
    endloop
  endfacet
  facet normal 0.562895 0.826529 -0
    outer loop
      vertex 10.2509 5.96109 5.6
      vertex 10.0653 6.08749 12.8783
      vertex 10.2509 5.96109 12.89
    endloop
  endfacet
  facet normal 0.562895 0.826529 0
    outer loop
      vertex 10.0653 6.08749 12.8783
      vertex 10.2509 5.96109 5.6
      vertex 10.0653 6.08749 5.6
    endloop
  endfacet
  facet normal 0.724923 0.68883 -0
    outer loop
      vertex 10.4053 5.7986 5.6
      vertex 10.2509 5.96109 12.89
      vertex 10.4053 5.7986 12.908
    endloop
  endfacet
  facet normal 0.724923 0.68883 0
    outer loop
      vertex 10.2509 5.96109 12.89
      vertex 10.4053 5.7986 5.6
      vertex 10.2509 5.96109 5.6
    endloop
  endfacet
  facet normal 0.834592 0.550868 -0
    outer loop
      vertex 10.5309 5.60831 5.6
      vertex 10.4053 5.7986 12.908
      vertex 10.5309 5.60831 12.9312
    endloop
  endfacet
  facet normal 0.834592 0.550868 0
    outer loop
      vertex 10.4053 5.7986 12.908
      vertex 10.5309 5.60831 5.6
      vertex 10.4053 5.7986 5.6
    endloop
  endfacet
  facet normal 0.904573 0.426319 7.44927e-06
    outer loop
      vertex 10.6298 5.39859 5.6
      vertex 10.5309 5.60831 12.9312
      vertex 10.6262 5.4061 12.9572
    endloop
  endfacet
  facet normal 0.901748 0.432263 -0
    outer loop
      vertex 10.6298 5.39859 5.6
      vertex 10.6262 5.4061 12.9572
      vertex 10.6298 5.39859 12.9579
    endloop
  endfacet
  facet normal 0.904472 0.426532 0
    outer loop
      vertex 10.5309 5.60831 12.9312
      vertex 10.6298 5.39859 5.6
      vertex 10.5309 5.60831 5.6
    endloop
  endfacet
  facet normal 0.953781 0.300502 -0
    outer loop
      vertex 10.702 5.16943 5.6
      vertex 10.6298 5.39859 12.9579
      vertex 10.702 5.16943 12.9795
    endloop
  endfacet
  facet normal 0.953781 0.300502 0
    outer loop
      vertex 10.6298 5.39859 12.9579
      vertex 10.702 5.16943 5.6
      vertex 10.6298 5.39859 5.6
    endloop
  endfacet
  facet normal 0.983502 0.1809 -1.65651e-05
    outer loop
      vertex 10.7476 4.92084 5.6
      vertex 10.702 5.16943 12.9795
      vertex 10.717 5.08788 12.9876
    endloop
  endfacet
  facet normal 0.983632 0.180191 -0
    outer loop
      vertex 10.7476 4.92084 5.6
      vertex 10.717 5.08788 12.9876
      vertex 10.7476 4.92084 13.0006
    endloop
  endfacet
  facet normal 0.983589 0.180424 0
    outer loop
      vertex 10.702 5.16943 12.9795
      vertex 10.7476 4.92084 5.6
      vertex 10.702 5.16943 5.6
    endloop
  endfacet
  facet normal 0.997531 0.0702306 3.78484e-06
    outer loop
      vertex 10.7665 4.65279 5.6
      vertex 10.7476 4.92084 13.0006
      vertex 10.753 4.84414 13.0068
    endloop
  endfacet
  facet normal 0.9972 0.0747814 -0.000114385
    outer loop
      vertex 10.7665 4.65279 5.6
      vertex 10.753 4.84414 13.0068
      vertex 10.7536 4.83614 13.0074
    endloop
  endfacet
  facet normal 0.997534 0.0701837 -0
    outer loop
      vertex 10.7665 4.65279 5.6
      vertex 10.7536 4.83614 13.0074
      vertex 10.7665 4.65279 13.0193
    endloop
  endfacet
  facet normal 0.997523 0.0703346 0
    outer loop
      vertex 10.7476 4.92084 13.0006
      vertex 10.7665 4.65279 5.6
      vertex 10.7476 4.92084 5.6
    endloop
  endfacet
  facet normal 0 -1 0
    outer loop
      vertex 7.86369 4.65279 5.6
      vertex 10.7665 4.65279 13.0193
      vertex 7.86369 4.65279 13.1009
    endloop
  endfacet
  facet normal 0 -1 -0
    outer loop
      vertex 10.7665 4.65279 13.0193
      vertex 7.86369 4.65279 5.6
      vertex 10.7665 4.65279 5.6
    endloop
  endfacet
  facet normal -0.999061 0.0433338 0
    outer loop
      vertex 16.2685 3.8611 5.6
      vertex 16.2805 4.13776 12.7235
      vertex 16.2805 4.13776 5.6
    endloop
  endfacet
  facet normal -0.999069 0.0431457 7.31725e-06
    outer loop
      vertex 16.2805 4.13776 12.7235
      vertex 16.2685 3.8611 5.6
      vertex 16.2739 3.98493 12.7385
    endloop
  endfacet
  facet normal -0.999051 0.0435668 0
    outer loop
      vertex 16.2739 3.98493 12.7385
      vertex 16.2685 3.8611 5.6
      vertex 16.2685 3.8611 12.7505
    endloop
  endfacet
  facet normal -0.990076 0.140536 0
    outer loop
      vertex 16.2805 4.13776 5.6
      vertex 16.3163 4.38997 12.6957
      vertex 16.3163 4.38997 5.6
    endloop
  endfacet
  facet normal -0.990076 0.140536 0
    outer loop
      vertex 16.3163 4.38997 12.6957
      vertex 16.2805 4.13776 5.6
      vertex 16.2805 4.13776 12.7235
    endloop
  endfacet
  facet normal -0.967327 0.253532 0
    outer loop
      vertex 16.3163 4.38997 5.6
      vertex 16.376 4.61775 12.667
      vertex 16.376 4.61775 5.6
    endloop
  endfacet
  facet normal -0.967327 0.253532 0
    outer loop
      vertex 16.376 4.61775 12.667
      vertex 16.3163 4.38997 5.6
      vertex 16.3163 4.38997 12.6957
    endloop
  endfacet
  facet normal -0.924883 0.380251 0
    outer loop
      vertex 16.376 4.61775 5.6
      vertex 16.4596 4.82109 12.6376
      vertex 16.4596 4.82109 5.6
    endloop
  endfacet
  facet normal -0.924883 0.380251 0
    outer loop
      vertex 16.4596 4.82109 12.6376
      vertex 16.376 4.61775 5.6
      vertex 16.376 4.61775 12.667
    endloop
  endfacet
  facet normal -0.857167 0.515038 0
    outer loop
      vertex 16.4596 4.82109 5.6
      vertex 16.5671 5 12.6073
      vertex 16.5671 5 5.6
    endloop
  endfacet
  facet normal -0.857167 0.515038 0
    outer loop
      vertex 16.5671 5 12.6073
      vertex 16.4596 4.82109 5.6
      vertex 16.4596 4.82109 12.6376
    endloop
  endfacet
  facet normal -0.778452 0.627704 0
    outer loop
      vertex 16.5671 5 5.6
      vertex 16.6941 5.1575 12.5764
      vertex 16.6941 5.1575 5.6
    endloop
  endfacet
  facet normal -0.778452 0.627704 0
    outer loop
      vertex 16.6941 5.1575 12.5764
      vertex 16.5671 5 5.6
      vertex 16.5671 5 12.6073
    endloop
  endfacet
  facet normal -0.700231 0.713916 0
    outer loop
      vertex 16.6941 5.1575 5.6
      vertex 16.836 5.29668 12.5454
      vertex 16.836 5.29668 5.6
    endloop
  endfacet
  facet normal -0.700231 0.713916 0
    outer loop
      vertex 16.836 5.29668 12.5454
      vertex 16.6941 5.1575 5.6
      vertex 16.6941 5.1575 12.5764
    endloop
  endfacet
  facet normal -0.610211 0.792239 0
    outer loop
      vertex 16.836 5.29668 5.6
      vertex 16.9929 5.41753 12.5141
      vertex 16.9929 5.41753 5.6
    endloop
  endfacet
  facet normal -0.610211 0.792239 0
    outer loop
      vertex 16.9929 5.41753 12.5141
      vertex 16.836 5.29668 5.6
      vertex 16.836 5.29668 12.5454
    endloop
  endfacet
  facet normal -0.511886 0.859053 0
    outer loop
      vertex 16.9929 5.41753 5.6
      vertex 17.1649 5.52002 12.4825
      vertex 17.1649 5.52002 5.6
    endloop
  endfacet
  facet normal -0.511886 0.859053 0
    outer loop
      vertex 17.1649 5.52002 12.4825
      vertex 16.9929 5.41753 5.6
      vertex 16.9929 5.41753 12.5141
    endloop
  endfacet
  facet normal -0.410628 0.911803 0
    outer loop
      vertex 17.1649 5.52002 5.6
      vertex 17.3518 5.60419 12.4507
      vertex 17.3518 5.60419 5.6
    endloop
  endfacet
  facet normal -0.410628 0.911803 0
    outer loop
      vertex 17.3518 5.60419 12.4507
      vertex 17.1649 5.52002 5.6
      vertex 17.1649 5.52002 12.4825
    endloop
  endfacet
  facet normal -0.325934 0.94539 -0.0022888
    outer loop
      vertex 17.5479 5.67169 12.4062
      vertex 17.3518 5.60419 12.4507
      vertex 17.4149 5.62592 12.4406
    endloop
  endfacet
  facet normal -0.325471 0.945552 0
    outer loop
      vertex 17.3518 5.60419 5.6
      vertex 17.5479 5.67169 12.4062
      vertex 17.5479 5.67169 5.6
    endloop
  endfacet
  facet normal -0.325471 0.945552 0
    outer loop
      vertex 17.5479 5.67169 12.4062
      vertex 17.3518 5.60419 5.6
      vertex 17.3518 5.60419 12.4507
    endloop
  endfacet
  facet normal -0.254539 0.967063 0
    outer loop
      vertex 17.5479 5.67169 5.6
      vertex 17.7474 5.7242 12.3571
      vertex 17.7474 5.7242 5.6
    endloop
  endfacet
  facet normal -0.254539 0.967063 0
    outer loop
      vertex 17.7474 5.7242 12.3571
      vertex 17.5479 5.67169 5.6
      vertex 17.5479 5.67169 12.4062
    endloop
  endfacet
  facet normal -0.181869 0.983323 0
    outer loop
      vertex 17.7474 5.7242 5.6
      vertex 17.9501 5.76169 12.3094
      vertex 17.9501 5.76169 5.6
    endloop
  endfacet
  facet normal -0.181869 0.983323 0
    outer loop
      vertex 17.9501 5.76169 12.3094
      vertex 17.7474 5.7242 5.6
      vertex 17.7474 5.7242 12.3571
    endloop
  endfacet
  facet normal -0.108473 0.994099 0
    outer loop
      vertex 17.9501 5.76169 5.6
      vertex 18.1563 5.78419 12.2633
      vertex 18.1563 5.78419 5.6
    endloop
  endfacet
  facet normal -0.108473 0.994099 0
    outer loop
      vertex 18.1563 5.78419 12.2633
      vertex 17.9501 5.76169 5.6
      vertex 17.9501 5.76169 12.3094
    endloop
  endfacet
  facet normal -0.0357937 0.999359 0
    outer loop
      vertex 18.1563 5.78419 5.6
      vertex 18.3657 5.79169 12.2188
      vertex 18.3657 5.79169 5.6
    endloop
  endfacet
  facet normal -0.0357937 0.999359 0
    outer loop
      vertex 18.3657 5.79169 12.2188
      vertex 18.1563 5.78419 5.6
      vertex 18.1563 5.78419 12.2633
    endloop
  endfacet
  facet normal 0.0144333 0.999896 0
    outer loop
      vertex 18.3657 5.79169 5.6
      vertex 18.4232 5.79086 12.207
      vertex 18.4232 5.79086 5.6
    endloop
  endfacet
  facet normal 0.0144333 0.999896 0
    outer loop
      vertex 18.4232 5.79086 12.207
      vertex 18.3657 5.79169 5.6
      vertex 18.3657 5.79169 12.2188
    endloop
  endfacet
  facet normal 0.0408454 0.999165 0
    outer loop
      vertex 18.4232 5.79086 5.6
      vertex 18.4846 5.78835 12.1946
      vertex 18.4846 5.78835 5.6
    endloop
  endfacet
  facet normal 0.0408454 0.999165 0
    outer loop
      vertex 18.4846 5.78835 12.1946
      vertex 18.4232 5.79086 5.6
      vertex 18.4232 5.79086 12.207
    endloop
  endfacet
  facet normal 0.143144 0.888482 0.436015
    outer loop
      vertex 18.5499 5.78416 12.1817
      vertex 18.4846 5.78835 12.1946
      vertex 18.5302 5.78542 12.1856
    endloop
  endfacet
  facet normal 0.0640337 0.997948 0
    outer loop
      vertex 18.4846 5.78835 5.6
      vertex 18.5499 5.78416 12.1817
      vertex 18.5499 5.78416 5.6
    endloop
  endfacet
  facet normal 0.0640337 0.997948 0
    outer loop
      vertex 18.5499 5.78416 12.1817
      vertex 18.4846 5.78835 5.6
      vertex 18.4846 5.78835 12.1946
    endloop
  endfacet
  facet normal 0.0840941 0.996458 0
    outer loop
      vertex 18.5499 5.78416 5.6
      vertex 18.6191 5.77832 12.1682
      vertex 18.6191 5.77832 5.6
    endloop
  endfacet
  facet normal 0.0840941 0.996458 0
    outer loop
      vertex 18.6191 5.77832 12.1682
      vertex 18.5499 5.78416 5.6
      vertex 18.5499 5.78416 12.1817
    endloop
  endfacet
  facet normal 0.102471 0.994736 0
    outer loop
      vertex 18.6191 5.77832 5.6
      vertex 18.6921 5.7708 12.1542
      vertex 18.6921 5.7708 5.6
    endloop
  endfacet
  facet normal 0.102471 0.994736 0
    outer loop
      vertex 18.6921 5.7708 12.1542
      vertex 18.6191 5.77832 5.6
      vertex 18.6191 5.77832 12.1682
    endloop
  endfacet
  facet normal 0.119721 0.992808 0
    outer loop
      vertex 18.6921 5.7708 5.6
      vertex 18.7635 5.76219 12.1407
      vertex 18.7635 5.76219 5.6
    endloop
  endfacet
  facet normal 0.119721 0.992808 0
    outer loop
      vertex 18.7635 5.76219 12.1407
      vertex 18.6921 5.7708 5.6
      vertex 18.6921 5.7708 12.1542
    endloop
  endfacet
  facet normal 0.141098 0.989996 0
    outer loop
      vertex 18.7635 5.76219 5.6
      vertex 18.8277 5.75304 12.1287
      vertex 18.8277 5.75304 5.6
    endloop
  endfacet
  facet normal 0.141098 0.989996 0
    outer loop
      vertex 18.8277 5.75304 12.1287
      vertex 18.7635 5.76219 5.6
      vertex 18.7635 5.76219 12.1407
    endloop
  endfacet
  facet normal 0.168387 0.985721 0
    outer loop
      vertex 18.8277 5.75304 5.6
      vertex 18.8846 5.74332 12.1183
      vertex 18.8846 5.74332 5.6
    endloop
  endfacet
  facet normal 0.168387 0.985721 0
    outer loop
      vertex 18.8846 5.74332 12.1183
      vertex 18.8277 5.75304 5.6
      vertex 18.8277 5.75304 12.1287
    endloop
  endfacet
  facet normal 0.202742 0.979232 0
    outer loop
      vertex 18.8846 5.74332 5.6
      vertex 18.9343 5.73303 12.1096
      vertex 18.9343 5.73303 5.6
    endloop
  endfacet
  facet normal 0.202742 0.979232 0
    outer loop
      vertex 18.9343 5.73303 12.1096
      vertex 18.8846 5.74332 5.6
      vertex 18.8846 5.74332 12.1183
    endloop
  endfacet
  facet normal 0.246932 0.969033 0
    outer loop
      vertex 18.9343 5.73303 5.6
      vertex 18.9768 5.7222 12.1024
      vertex 18.9768 5.7222 5.6
    endloop
  endfacet
  facet normal 0.246932 0.969033 0
    outer loop
      vertex 18.9768 5.7222 12.1024
      vertex 18.9343 5.73303 5.6
      vertex 18.9343 5.73303 12.1096
    endloop
  endfacet
  facet normal -0.996927 0.0783395 0
    outer loop
      vertex 18.9768 5.7222 5.6
      vertex 19.1296 7.66669 11.7818
      vertex 19.1296 7.66669 5.6
    endloop
  endfacet
  facet normal -0.996927 0.0783395 0
    outer loop
      vertex 19.1296 7.66669 11.7818
      vertex 18.9768 5.7222 5.6
      vertex 18.9768 5.7222 12.1024
    endloop
  endfacet
  facet normal -0.19449 -0.980905 0
    outer loop
      vertex 19.0763 7.67725 5.6
      vertex 19.1111 7.67035 11.7851
      vertex 19.0763 7.67725 11.7913
    endloop
  endfacet
  facet normal -0.194077 -0.980986 -2.41523e-06
    outer loop
      vertex 19.0763 7.67725 5.6
      vertex 19.1296 7.66669 11.7818
      vertex 19.1111 7.67035 11.7851
    endloop
  endfacet
  facet normal -0.194346 -0.980933 -0
    outer loop
      vertex 19.1296 7.66669 11.7818
      vertex 19.0763 7.67725 5.6
      vertex 19.1296 7.66669 5.6
    endloop
  endfacet
  facet normal -0.155421 -0.987848 0
    outer loop
      vertex 19.0163 7.68669 5.6
      vertex 19.0763 7.67725 11.7913
      vertex 19.0163 7.68669 11.8023
    endloop
  endfacet
  facet normal -0.155421 -0.987848 -0
    outer loop
      vertex 19.0763 7.67725 11.7913
      vertex 19.0163 7.68669 5.6
      vertex 19.0763 7.67725 5.6
    endloop
  endfacet
  facet normal -0.123778 -0.99231 0
    outer loop
      vertex 18.9496 7.69501 5.6
      vertex 19.0163 7.68669 11.8023
      vertex 18.9496 7.69501 11.8149
    endloop
  endfacet
  facet normal -0.123778 -0.99231 -0
    outer loop
      vertex 19.0163 7.68669 11.8023
      vertex 18.9496 7.69501 5.6
      vertex 19.0163 7.68669 5.6
    endloop
  endfacet
  facet normal -0.102728 -0.994164 -0.0329503
    outer loop
      vertex 18.8762 7.70221 11.8265
      vertex 18.9496 7.69501 11.8149
      vertex 18.9397 7.69597 11.8168
    endloop
  endfacet
  facet normal -0.0976241 -0.995223 0
    outer loop
      vertex 18.8762 7.70221 5.6
      vertex 18.9496 7.69501 11.8149
      vertex 18.8762 7.70221 11.8265
    endloop
  endfacet
  facet normal -0.0976241 -0.995223 -0
    outer loop
      vertex 18.9496 7.69501 11.8149
      vertex 18.8762 7.70221 5.6
      vertex 18.9496 7.69501 5.6
    endloop
  endfacet
  facet normal -0.0759054 -0.997115 0
    outer loop
      vertex 18.7962 7.7083 5.6
      vertex 18.8762 7.70221 11.8265
      vertex 18.7962 7.7083 11.8391
    endloop
  endfacet
  facet normal -0.0759054 -0.997115 -0
    outer loop
      vertex 18.8762 7.70221 11.8265
      vertex 18.7962 7.7083 5.6
      vertex 18.8762 7.70221 5.6
    endloop
  endfacet
  facet normal -0.0615354 -0.998105 0
    outer loop
      vertex 18.7151 7.7133 5.6
      vertex 18.7962 7.7083 11.8391
      vertex 18.7151 7.7133 11.852
    endloop
  endfacet
  facet normal -0.0615354 -0.998105 -0
    outer loop
      vertex 18.7962 7.7083 11.8391
      vertex 18.7151 7.7133 5.6
      vertex 18.7962 7.7083 5.6
    endloop
  endfacet
  facet normal -0.0507179 -0.998713 0
    outer loop
      vertex 18.6385 7.71719 5.6
      vertex 18.7151 7.7133 11.852
      vertex 18.6385 7.71719 11.8644
    endloop
  endfacet
  facet normal -0.0507179 -0.998713 -0
    outer loop
      vertex 18.7151 7.7133 11.852
      vertex 18.6385 7.71719 5.6
      vertex 18.7151 7.7133 5.6
    endloop
  endfacet
  facet normal -0.0384225 -0.999262 0
    outer loop
      vertex 18.5662 7.71997 5.6
      vertex 18.6385 7.71719 11.8644
      vertex 18.5662 7.71997 11.8762
    endloop
  endfacet
  facet normal -0.0384225 -0.999262 -0
    outer loop
      vertex 18.6385 7.71719 11.8644
      vertex 18.5662 7.71997 5.6
      vertex 18.6385 7.71719 5.6
    endloop
  endfacet
  facet normal -0.0245126 -0.9997 0
    outer loop
      vertex 18.4985 7.72163 5.6
      vertex 18.5662 7.71997 11.8762
      vertex 18.4985 7.72163 11.8875
    endloop
  endfacet
  facet normal -0.0245126 -0.9997 -0
    outer loop
      vertex 18.5662 7.71997 11.8762
      vertex 18.4985 7.72163 5.6
      vertex 18.5662 7.71997 5.6
    endloop
  endfacet
  facet normal -0.00899017 -0.99996 0
    outer loop
      vertex 18.4351 7.7222 5.6
      vertex 18.4985 7.72163 11.8875
      vertex 18.4351 7.7222 11.8982
    endloop
  endfacet
  facet normal -0.00899017 -0.99996 -0
    outer loop
      vertex 18.4985 7.72163 11.8875
      vertex 18.4351 7.7222 5.6
      vertex 18.4985 7.72163 5.6
    endloop
  endfacet
  facet normal 0.0558468 -0.998439 0
    outer loop
      vertex 18.1368 7.70552 5.6
      vertex 18.4098 7.72079 11.9028
      vertex 18.1368 7.70552 11.9523
    endloop
  endfacet
  facet normal 0.0556465 -0.998451 8.7037e-06
    outer loop
      vertex 18.4098 7.72079 11.9028
      vertex 18.1368 7.70552 5.6
      vertex 18.4351 7.7222 11.8982
    endloop
  endfacet
  facet normal 0.0558296 -0.99844 0
    outer loop
      vertex 18.4351 7.7222 11.8982
      vertex 18.1368 7.70552 5.6
      vertex 18.4351 7.7222 5.6
    endloop
  endfacet
  facet normal 0.173449 -0.984843 0
    outer loop
      vertex 17.8529 7.65552 5.6
      vertex 18.1368 7.70552 11.9523
      vertex 17.8529 7.65552 12.0099
    endloop
  endfacet
  facet normal 0.173449 -0.984843 0
    outer loop
      vertex 18.1368 7.70552 11.9523
      vertex 17.8529 7.65552 5.6
      vertex 18.1368 7.70552 5.6
    endloop
  endfacet
  facet normal 0.295568 -0.955322 0
    outer loop
      vertex 17.5835 7.57217 5.6
      vertex 17.8529 7.65552 12.0099
      vertex 17.5835 7.57217 12.0713
    endloop
  endfacet
  facet normal 0.295568 -0.955322 0
    outer loop
      vertex 17.8529 7.65552 12.0099
      vertex 17.5835 7.57217 5.6
      vertex 17.8529 7.65552 5.6
    endloop
  endfacet
  facet normal 0.416021 -0.909355 0
    outer loop
      vertex 17.3285 7.45551 5.6
      vertex 17.5835 7.57217 12.0713
      vertex 17.3285 7.45551 12.1362
    endloop
  endfacet
  facet normal 0.416021 -0.909355 0
    outer loop
      vertex 17.5835 7.57217 12.0713
      vertex 17.3285 7.45551 5.6
      vertex 17.5835 7.57217 5.6
    endloop
  endfacet
  facet normal 0.529073 -0.848576 0
    outer loop
      vertex 17.0879 7.3055 5.6
      vertex 17.3285 7.45551 12.1362
      vertex 17.0879 7.3055 12.2048
    endloop
  endfacet
  facet normal 0.529073 -0.848576 0
    outer loop
      vertex 17.3285 7.45551 12.1362
      vertex 17.0879 7.3055 5.6
      vertex 17.3285 7.45551 5.6
    endloop
  endfacet
  facet normal 0.613114 -0.789995 0
    outer loop
      vertex 16.8646 7.13219 5.6
      vertex 17.0763 7.29649 12.2085
      vertex 16.8646 7.13219 12.2748
    endloop
  endfacet
  facet normal 0.613419 -0.789758 -1.56744e-05
    outer loop
      vertex 17.0763 7.29649 12.2085
      vertex 16.8646 7.13219 5.6
      vertex 17.0879 7.3055 12.2048
    endloop
  endfacet
  facet normal 0.61313 -0.789982 0
    outer loop
      vertex 17.0879 7.3055 12.2048
      vertex 16.8646 7.13219 5.6
      vertex 17.0879 7.3055 5.6
    endloop
  endfacet
  facet normal 0.676299 -0.736628 0
    outer loop
      vertex 16.6613 6.94554 5.6
      vertex 16.8646 7.13219 12.2748
      vertex 16.6613 6.94554 12.3438
    endloop
  endfacet
  facet normal 0.676299 -0.736628 0
    outer loop
      vertex 16.8646 7.13219 12.2748
      vertex 16.6613 6.94554 5.6
      vertex 16.8646 7.13219 5.6
    endloop
  endfacet
  facet normal 0.737182 -0.675695 0
    outer loop
      vertex 16.478 6.74556 5.6
      vertex 16.6613 6.94554 12.3438
      vertex 16.478 6.74556 12.4118
    endloop
  endfacet
  facet normal 0.737182 -0.675695 0
    outer loop
      vertex 16.6613 6.94554 12.3438
      vertex 16.478 6.74556 5.6
      vertex 16.6613 6.94554 5.6
    endloop
  endfacet
  facet normal 0.79464 -0.607045 0.00665518
    outer loop
      vertex 16.3146 6.53224 12.4643
      vertex 16.478 6.74556 12.4118
      vertex 16.4076 6.65372 12.4406
    endloop
  endfacet
  facet normal 0.793867 -0.608091 0
    outer loop
      vertex 16.478 6.74556 12.4118
      vertex 16.3146 6.53224 12.4643
      vertex 16.3146 6.53224 5.6
    endloop
  endfacet
  facet normal 0.793867 -0.608091 0
    outer loop
      vertex 16.478 6.74556 12.4118
      vertex 16.3146 6.53224 5.6
      vertex 16.478 6.74556 5.6
    endloop
  endfacet
  facet normal 0.845232 -0.5344 0
    outer loop
      vertex 16.1713 6.30559 5.6
      vertex 16.3146 6.53224 12.4643
      vertex 16.1713 6.30559 12.5052
    endloop
  endfacet
  facet normal 0.845232 -0.5344 0
    outer loop
      vertex 16.3146 6.53224 12.4643
      vertex 16.1713 6.30559 5.6
      vertex 16.3146 6.53224 5.6
    endloop
  endfacet
  facet normal 0 -1 0
    outer loop
      vertex 16.074 6.30559 5.6
      vertex 16.1713 6.30559 12.5052
      vertex 16.074 6.30559 12.5155
    endloop
  endfacet
  facet normal 0 -1 -0
    outer loop
      vertex 16.1713 6.30559 12.5052
      vertex 16.074 6.30559 5.6
      vertex 16.1713 6.30559 5.6
    endloop
  endfacet
  facet normal -0.972586 -0.232545 0
    outer loop
      vertex 16.074 6.30559 5.6
      vertex 15.7685 7.5833 12.3496
      vertex 15.7685 7.5833 5.6
    endloop
  endfacet
  facet normal -0.972583 -0.232556 2.17738e-06
    outer loop
      vertex 15.7685 7.5833 12.3496
      vertex 16.074 6.30559 5.6
      vertex 15.8889 7.07977 12.4406
    endloop
  endfacet
  facet normal -0.972595 -0.232507 -3.62387e-06
    outer loop
      vertex 15.8889 7.07977 12.4406
      vertex 16.074 6.30559 5.6
      vertex 15.9545 6.80536 12.4714
    endloop
  endfacet
  facet normal -0.972525 -0.232798 1.87688e-05
    outer loop
      vertex 15.9545 6.80536 12.4714
      vertex 16.074 6.30559 5.6
      vertex 15.9794 6.70134 12.4806
    endloop
  endfacet
  facet normal -0.972599 -0.23249 0
    outer loop
      vertex 15.9794 6.70134 12.4806
      vertex 16.074 6.30559 5.6
      vertex 16.074 6.30559 12.5155
    endloop
  endfacet
  facet normal 0 -1 0
    outer loop
      vertex 14.5737 7.5833 12.4766
      vertex 14.7054 7.5833 12.4684
      vertex 14.648 7.5833 12.4729
    endloop
  endfacet
  facet normal 0 -1 0
    outer loop
      vertex 14.199 7.5833 5.6
      vertex 14.5737 7.5833 12.4766
      vertex 14.199 7.5833 12.4951
    endloop
  endfacet
  facet normal 0 -1 -0
    outer loop
      vertex 14.5737 7.5833 12.4766
      vertex 14.199 7.5833 5.6
      vertex 14.7054 7.5833 12.4684
    endloop
  endfacet
  facet normal 0 -1 -0
    outer loop
      vertex 14.7054 7.5833 12.4684
      vertex 14.199 7.5833 5.6
      vertex 15.0559 7.5833 12.4406
    endloop
  endfacet
  facet normal 0 -1 -0
    outer loop
      vertex 15.0559 7.5833 12.4406
      vertex 14.199 7.5833 5.6
      vertex 15.7685 7.5833 12.3496
    endloop
  endfacet
  facet normal 0 -1 -0
    outer loop
      vertex 15.7685 7.5833 12.3496
      vertex 14.199 7.5833 5.6
      vertex 15.7685 7.5833 5.6
    endloop
  endfacet
  facet normal 1 0 0
    outer loop
      vertex 14.199 7.10715 12.5633
      vertex 14.199 7.5833 5.6
      vertex 14.199 7.5833 12.4951
    endloop
  endfacet
  facet normal 1 0 0
    outer loop
      vertex 14.199 6.48913 12.6518
      vertex 14.199 7.5833 5.6
      vertex 14.199 7.10715 12.5633
    endloop
  endfacet
  facet normal 1 0 0
    outer loop
      vertex 14.199 4.31475 12.9365
      vertex 14.199 7.5833 5.6
      vertex 14.199 6.48913 12.6518
    endloop
  endfacet
  facet normal 1 0 0
    outer loop
      vertex 14.199 4.11453 12.9491
      vertex 14.199 7.5833 5.6
      vertex 14.199 4.31475 12.9365
    endloop
  endfacet
  facet normal 1 0 0
    outer loop
      vertex 14.199 4.08476 12.951
      vertex 14.199 7.5833 5.6
      vertex 14.199 4.11453 12.9491
    endloop
  endfacet
  facet normal 1 0 0
    outer loop
      vertex 14.199 0 5.6
      vertex 14.199 4.08476 12.951
      vertex 14.199 2.87749 13.0169
    endloop
  endfacet
  facet normal 1 0 0
    outer loop
      vertex 14.199 0 5.6
      vertex 14.199 2.87749 13.0169
      vertex 14.199 2.72583 13.0252
    endloop
  endfacet
  facet normal 1 0 0
    outer loop
      vertex 14.199 0 5.6
      vertex 14.199 2.72583 13.0252
      vertex 14.199 2.54333 13.0333
    endloop
  endfacet
  facet normal 1 0 0
    outer loop
      vertex 14.199 0 5.6
      vertex 14.199 2.54333 13.0333
      vertex 14.199 1.79399 13.0664
    endloop
  endfacet
  facet normal 1 0 0
    outer loop
      vertex 14.199 0 5.6
      vertex 14.199 1.79399 13.0664
      vertex 14.199 1.28266 13.0829
    endloop
  endfacet
  facet normal 1 0 0
    outer loop
      vertex 14.199 0 5.6
      vertex 14.199 1.28266 13.0829
      vertex 14.199 1.06745 13.0898
    endloop
  endfacet
  facet normal 1 0 0
    outer loop
      vertex 14.199 0 5.6
      vertex 14.199 1.06745 13.0898
      vertex 14.199 0.666524 13.0973
    endloop
  endfacet
  facet normal 1 0 0
    outer loop
      vertex 14.199 0 5.6
      vertex 14.199 0.666524 13.0973
      vertex 14.199 0.442225 13.1015
    endloop
  endfacet
  facet normal 1 0 0
    outer loop
      vertex 14.199 0 5.6
      vertex 14.199 0.442225 13.1015
      vertex 14.199 0.210496 13.1026
    endloop
  endfacet
  facet normal 1 0 0
    outer loop
      vertex 14.199 0 5.6
      vertex 14.199 0.210496 13.1026
      vertex 14.199 0 13.1036
    endloop
  endfacet
  facet normal 1 0 0
    outer loop
      vertex 14.199 4.08476 12.951
      vertex 14.199 0 5.6
      vertex 14.199 7.5833 5.6
    endloop
  endfacet
  facet normal 0 1 0
    outer loop
      vertex 14.199 0 5.6
      vertex 16.2685 0 12.9402
      vertex 16.2685 0 5.6
    endloop
  endfacet
  facet normal 0 1 0
    outer loop
      vertex 16.2685 0 12.9402
      vertex 14.199 0 5.6
      vertex 14.199 0 13.1036
    endloop
  endfacet
  facet normal -1 0 0
    outer loop
      vertex 16.2685 3.8611 5.6
      vertex 16.2685 3.25217 12.8066
      vertex 16.2685 3.8611 12.7505
    endloop
  endfacet
  facet normal -1 0 0
    outer loop
      vertex 16.2685 3.8611 5.6
      vertex 16.2685 2.18083 12.8783
      vertex 16.2685 3.25217 12.8066
    endloop
  endfacet
  facet normal -1 0 0
    outer loop
      vertex 16.2685 0 5.6
      vertex 16.2685 2.18083 12.8783
      vertex 16.2685 3.8611 5.6
    endloop
  endfacet
  facet normal -1 -0 0
    outer loop
      vertex 16.2685 2.18083 12.8783
      vertex 16.2685 0 5.6
      vertex 16.2685 1.9709 12.8924
    endloop
  endfacet
  facet normal -1 -0 0
    outer loop
      vertex 16.2685 1.9709 12.8924
      vertex 16.2685 0 5.6
      vertex 16.2685 1.83136 12.8978
    endloop
  endfacet
  facet normal -1 -0 0
    outer loop
      vertex 16.2685 1.83136 12.8978
      vertex 16.2685 0 5.6
      vertex 16.2685 0.868306 12.9356
    endloop
  endfacet
  facet normal -1 -0 0
    outer loop
      vertex 16.2685 0.868306 12.9356
      vertex 16.2685 0 5.6
      vertex 16.2685 0.772195 12.9365
    endloop
  endfacet
  facet normal -1 -0 0
    outer loop
      vertex 16.2685 0.772195 12.9365
      vertex 16.2685 0 5.6
      vertex 16.2685 0 12.9402
    endloop
  endfacet
  facet normal 0 -1 0
    outer loop
      vertex 3.11832 7.5833 5.6
      vertex 5.28502 7.5833 12.8348
      vertex 3.11832 7.5833 12.9141
    endloop
  endfacet
  facet normal 0 -1 -0
    outer loop
      vertex 5.28502 7.5833 12.8348
      vertex 3.11832 7.5833 5.6
      vertex 5.28502 7.5833 5.6
    endloop
  endfacet
  facet normal 0.947459 -0.319877 0
    outer loop
      vertex 2.85133 6.79249 13.0392
      vertex 3.11832 7.5833 5.6
      vertex 3.11832 7.5833 12.9141
    endloop
  endfacet
  facet normal 0.947459 -0.319877 3.45562e-08
    outer loop
      vertex 2.32309 5.22787 13.2168
      vertex 3.11832 7.5833 5.6
      vertex 2.85133 6.79249 13.0392
    endloop
  endfacet
  facet normal 0.947438 -0.319941 1.83119e-05
    outer loop
      vertex 1.66002 3.26389 5.6
      vertex 2.32309 5.22787 13.2168
      vertex 2.2952 5.14528 13.2245
    endloop
  endfacet
  facet normal 0.947533 -0.319658 -5.94143e-05
    outer loop
      vertex 1.66002 3.26389 5.6
      vertex 2.2952 5.14528 13.2245
      vertex 2.28429 5.11294 13.227
    endloop
  endfacet
  facet normal 0.947457 -0.319883 1.35224e-06
    outer loop
      vertex 1.66002 3.26389 5.6
      vertex 2.28429 5.11294 13.227
      vertex 1.97967 4.21069 13.296
    endloop
  endfacet
  facet normal 0.94756 -0.319579 -4.03494e-05
    outer loop
      vertex 1.66002 3.26389 5.6
      vertex 1.97967 4.21069 13.296
      vertex 1.97166 4.18694 13.2969
    endloop
  endfacet
  facet normal 0.947461 -0.319872 -1.14755e-06
    outer loop
      vertex 1.66002 3.26389 5.6
      vertex 1.97166 4.18694 13.2969
      vertex 1.96166 4.15732 13.2975
    endloop
  endfacet
  facet normal 0.947452 -0.319897 2.04821e-06
    outer loop
      vertex 1.66002 3.26389 5.6
      vertex 1.96166 4.15732 13.2975
      vertex 1.94859 4.11861 13.2983
    endloop
  endfacet
  facet normal 0.947448 -0.31991 3.72467e-06
    outer loop
      vertex 1.66002 3.26389 5.6
      vertex 1.94859 4.11861 13.2983
      vertex 1.93114 4.06693 13.299
    endloop
  endfacet
  facet normal 0.947459 -0.319878 0
    outer loop
      vertex 1.66002 3.26389 5.6
      vertex 1.93114 4.06693 13.299
      vertex 1.66002 3.26389 13.3092
    endloop
  endfacet
  facet normal 0.947459 -0.319877 2.4343e-08
    outer loop
      vertex 2.32309 5.22787 13.2168
      vertex 1.66002 3.26389 5.6
      vertex 3.11832 7.5833 5.6
    endloop
  endfacet
  facet normal 0.957275 -0.289178 0
    outer loop
      vertex 1.56335 2.94388 5.6
      vertex 1.66002 3.26389 13.3092
      vertex 1.56335 2.94388 13.3131
    endloop
  endfacet
  facet normal 0.957275 -0.289178 0
    outer loop
      vertex 1.66002 3.26389 13.3092
      vertex 1.56335 2.94388 5.6
      vertex 1.66002 3.26389 5.6
    endloop
  endfacet
  facet normal 0.970137 -0.242557 0
    outer loop
      vertex 1.48445 2.62831 5.6
      vertex 1.56335 2.94388 13.3131
      vertex 1.48445 2.62831 13.3168
    endloop
  endfacet
  facet normal 0.970137 -0.242557 0
    outer loop
      vertex 1.56335 2.94388 13.3131
      vertex 1.48445 2.62831 5.6
      vertex 1.56335 2.94388 5.6
    endloop
  endfacet
  facet normal 0.98124 -0.192791 0
    outer loop
      vertex 1.42332 2.31718 5.6
      vertex 1.48445 2.62831 13.3168
      vertex 1.42332 2.31718 13.3201
    endloop
  endfacet
  facet normal 0.98124 -0.192791 0
    outer loop
      vertex 1.48445 2.62831 13.3168
      vertex 1.42332 2.31718 5.6
      vertex 1.48445 2.62831 5.6
    endloop
  endfacet
  facet normal 0.990165 -0.139902 0
    outer loop
      vertex 1.37999 2.01051 5.6
      vertex 1.42332 2.31718 13.3201
      vertex 1.37999 2.01051 13.3233
    endloop
  endfacet
  facet normal 0.990165 -0.139902 0
    outer loop
      vertex 1.42332 2.31718 13.3201
      vertex 1.37999 2.01051 5.6
      vertex 1.42332 2.31718 5.6
    endloop
  endfacet
  facet normal 0.99644 -0.0843088 0
    outer loop
      vertex 1.35442 1.7083 13.3262
      vertex 1.37999 2.01051 5.6
      vertex 1.37999 2.01051 13.3233
    endloop
  endfacet
  facet normal 0.99644 -0.0843088 0
    outer loop
      vertex 1.37999 2.01051 5.6
      vertex 1.35442 1.7083 13.3262
      vertex 1.35442 1.7083 5.6
    endloop
  endfacet
  facet normal 0 -1 0
    outer loop
      vertex 1.29892 1.7083 5.6
      vertex 1.35442 1.7083 13.3262
      vertex 1.29892 1.7083 13.3268
    endloop
  endfacet
  facet normal 0 -1 -0
    outer loop
      vertex 1.35442 1.7083 13.3262
      vertex 1.29892 1.7083 5.6
      vertex 1.35442 1.7083 5.6
    endloop
  endfacet
  facet normal -0.998266 -0.0588633 0
    outer loop
      vertex 1.29892 1.7083 5.6
      vertex 1.29086 1.84499 13.3258
      vertex 1.29086 1.84499 5.6
    endloop
  endfacet
  facet normal -0.998266 -0.0588633 0
    outer loop
      vertex 1.29086 1.84499 13.3258
      vertex 1.29892 1.7083 5.6
      vertex 1.29892 1.7083 13.3268
    endloop
  endfacet
  facet normal -0.995875 -0.0907362 0
    outer loop
      vertex 1.29086 1.84499 5.6
      vertex 1.2778 1.98833 13.3247
      vertex 1.2778 1.98833 5.6
    endloop
  endfacet
  facet normal -0.995875 -0.0907362 0
    outer loop
      vertex 1.2778 1.98833 13.3247
      vertex 1.29086 1.84499 5.6
      vertex 1.29086 1.84499 13.3258
    endloop
  endfacet
  facet normal -0.992829 -0.119545 0
    outer loop
      vertex 1.2778 1.98833 5.6
      vertex 1.25974 2.13832 13.3237
      vertex 1.25974 2.13832 5.6
    endloop
  endfacet
  facet normal -0.992829 -0.119545 0
    outer loop
      vertex 1.25974 2.13832 13.3237
      vertex 1.2778 1.98833 5.6
      vertex 1.2778 1.98833 13.3247
    endloop
  endfacet
  facet normal -0.989339 -0.145629 0
    outer loop
      vertex 1.25974 2.13832 5.6
      vertex 1.23668 2.29498 13.3227
      vertex 1.23668 2.29498 5.6
    endloop
  endfacet
  facet normal -0.989339 -0.145629 0
    outer loop
      vertex 1.23668 2.29498 13.3227
      vertex 1.25974 2.13832 5.6
      vertex 1.25974 2.13832 13.3237
    endloop
  endfacet
  facet normal -0.98556 -0.169329 0
    outer loop
      vertex 1.23668 2.29498 5.6
      vertex 1.20862 2.4583 13.3216
      vertex 1.20862 2.4583 5.6
    endloop
  endfacet
  facet normal -0.98556 -0.169329 0
    outer loop
      vertex 1.20862 2.4583 13.3216
      vertex 1.23668 2.29498 5.6
      vertex 1.23668 2.29498 13.3227
    endloop
  endfacet
  facet normal -0.981272 -0.192627 0
    outer loop
      vertex 1.20862 2.4583 5.6
      vertex 1.17612 2.62386 13.3206
      vertex 1.17612 2.62386 5.6
    endloop
  endfacet
  facet normal -0.981272 -0.192627 0
    outer loop
      vertex 1.17612 2.62386 13.3206
      vertex 1.20862 2.4583 5.6
      vertex 1.20862 2.4583 13.3216
    endloop
  endfacet
  facet normal -0.976058 -0.217513 0
    outer loop
      vertex 1.17612 2.62386 5.6
      vertex 1.13972 2.7872 13.3197
      vertex 1.13972 2.7872 5.6
    endloop
  endfacet
  facet normal -0.976058 -0.217513 0
    outer loop
      vertex 1.13972 2.7872 13.3197
      vertex 1.17612 2.62386 5.6
      vertex 1.17612 2.62386 13.3206
    endloop
  endfacet
  facet normal -0.970143 -0.242536 0
    outer loop
      vertex 1.13972 2.7872 5.6
      vertex 1.09944 2.94832 13.3189
      vertex 1.09944 2.94832 5.6
    endloop
  endfacet
  facet normal -0.970143 -0.242536 0
    outer loop
      vertex 1.09944 2.94832 13.3189
      vertex 1.13972 2.7872 5.6
      vertex 1.13972 2.7872 13.3197
    endloop
  endfacet
  facet normal -0.963469 -0.267819 0
    outer loop
      vertex 1.09944 2.94832 5.6
      vertex 1.05527 3.10722 13.3181
      vertex 1.05527 3.10722 5.6
    endloop
  endfacet
  facet normal -0.963469 -0.267819 0
    outer loop
      vertex 1.05527 3.10722 13.3181
      vertex 1.09944 2.94832 5.6
      vertex 1.09944 2.94832 13.3189
    endloop
  endfacet
  facet normal -0.956046 -0.293215 0
    outer loop
      vertex 1.05527 3.10722 5.6
      vertex 1.00722 3.26389 13.3174
      vertex 1.00722 3.26389 5.6
    endloop
  endfacet
  facet normal -0.956046 -0.293215 0
    outer loop
      vertex 1.00722 3.26389 13.3174
      vertex 1.05527 3.10722 5.6
      vertex 1.05527 3.10722 13.3181
    endloop
  endfacet
  facet normal -0.94746 -0.319874 0
    outer loop
      vertex -0.451065 7.5833 5.6
      vertex -0.378519 7.36842 13.0733
      vertex -0.451065 7.5833 13.0446
    endloop
  endfacet
  facet normal -0.94746 -0.319873 4.81619e-09
    outer loop
      vertex -0.451065 7.5833 5.6
      vertex 0.33295 5.26106 13.2711
      vertex -0.378519 7.36842 13.0733
    endloop
  endfacet
  facet normal -0.94746 -0.319874 -1.58048e-07
    outer loop
      vertex 1.00722 3.26389 5.6
      vertex 0.33295 5.26106 13.2711
      vertex -0.451065 7.5833 5.6
    endloop
  endfacet
  facet normal -0.947473 -0.319834 -1.16558e-05
    outer loop
      vertex 0.33295 5.26106 13.2711
      vertex 1.00722 3.26389 5.6
      vertex 0.34864 5.21458 13.2746
    endloop
  endfacet
  facet normal -0.947451 -0.319902 7.37045e-06
    outer loop
      vertex 0.34864 5.21458 13.2746
      vertex 1.00722 3.26389 5.6
      vertex 0.361744 5.17577 13.2769
    endloop
  endfacet
  facet normal -0.94746 -0.319874 -2.71646e-07
    outer loop
      vertex 0.361744 5.17577 13.2769
      vertex 1.00722 3.26389 5.6
      vertex 0.56132 4.58463 13.3109
    endloop
  endfacet
  facet normal -0.947469 -0.319849 -5.12603e-06
    outer loop
      vertex 0.56132 4.58463 13.3109
      vertex 1.00722 3.26389 5.6
      vertex 0.567491 4.56635 13.3113
    endloop
  endfacet
  facet normal -0.947474 -0.319834 -7.82343e-06
    outer loop
      vertex 0.567491 4.56635 13.3113
      vertex 1.00722 3.26389 5.6
      vertex 0.581078 4.5261 13.3118
    endloop
  endfacet
  facet normal -0.947438 -0.319938 1.10954e-05
    outer loop
      vertex 0.581078 4.5261 13.3118
      vertex 1.00722 3.26389 5.6
      vertex 0.591212 4.49609 13.3121
    endloop
  endfacet
  facet normal -0.947456 -0.319886 1.76695e-06
    outer loop
      vertex 0.591212 4.49609 13.3121
      vertex 1.00722 3.26389 5.6
      vertex 0.604977 4.45532 13.3123
    endloop
  endfacet
  facet normal -0.94746 -0.319875 0
    outer loop
      vertex 0.604977 4.45532 13.3123
      vertex 1.00722 3.26389 5.6
      vertex 1.00722 3.26389 13.3174
    endloop
  endfacet
  facet normal 0 -1 0
    outer loop
      vertex -2.61777 7.5833 5.6
      vertex -1.58359 7.5833 13.086
      vertex -2.61777 7.5833 13.1161
    endloop
  endfacet
  facet normal 0 -1 0
    outer loop
      vertex -0.451065 7.5833 5.6
      vertex -1.58359 7.5833 13.086
      vertex -2.61777 7.5833 5.6
    endloop
  endfacet
  facet normal 0 -1 0
    outer loop
      vertex -1.58359 7.5833 13.086
      vertex -0.451065 7.5833 5.6
      vertex -0.451065 7.5833 13.0446
    endloop
  endfacet
  facet normal 0.934487 0.355997 0
    outer loop
      vertex -1.74631 5.29573 13.3279
      vertex -2.61777 7.5833 5.6
      vertex -2.61777 7.5833 13.1161
    endloop
  endfacet
  facet normal 0.934647 0.355577 -0.000142427
    outer loop
      vertex -1.74378 5.28908 13.3284
      vertex -2.61777 7.5833 5.6
      vertex -1.74631 5.29573 13.3279
    endloop
  endfacet
  facet normal 0.934458 0.356074 2.66857e-05
    outer loop
      vertex -1.72661 5.24402 13.3311
      vertex -2.61777 7.5833 5.6
      vertex -1.74378 5.28908 13.3284
    endloop
  endfacet
  facet normal 0.93401 0.352636 -0.0572115
    outer loop
      vertex -1.70207 5.17959 13.3346
      vertex -1.72661 5.24402 13.3311
      vertex -1.70281 5.18155 13.3346
    endloop
  endfacet
  facet normal 0.934471 0.356033 0.00208242
    outer loop
      vertex -1.68357 5.13103 13.3352
      vertex -1.72661 5.24402 13.3311
      vertex -1.70207 5.17959 13.3346
    endloop
  endfacet
  facet normal 0.932281 0.357196 0.0571165
    outer loop
      vertex -1.68257 5.12842 13.3352
      vertex -1.72661 5.24402 13.3311
      vertex -1.68357 5.13103 13.3352
    endloop
  endfacet
  facet normal 0.934028 0.354196 -0.0462279
    outer loop
      vertex -1.68122 5.12486 13.3352
      vertex -1.72661 5.24402 13.3311
      vertex -1.68257 5.12842 13.3352
    endloop
  endfacet
  facet normal 0.934499 0.355966 -1.09748e-05
    outer loop
      vertex -1.72661 5.24402 13.3311
      vertex -1.68122 5.12486 13.3352
      vertex -2.61777 7.5833 5.6
    endloop
  endfacet
  facet normal 0.934487 0.355997 -0
    outer loop
      vertex 0.271118 0 5.6
      vertex -1.68122 5.12486 13.3352
      vertex 0.271118 0 13.3541
    endloop
  endfacet
  facet normal 0.934487 0.355997 2.8994e-07
    outer loop
      vertex -1.68122 5.12486 13.3352
      vertex 0.271118 0 5.6
      vertex -2.61777 7.5833 5.6
    endloop
  endfacet
  facet normal 0 1 0
    outer loop
      vertex 0.271118 0 5.6
      vertex 2.39612 0 13.3276
      vertex 2.39612 0 5.6
    endloop
  endfacet
  facet normal 0 1 0
    outer loop
      vertex 2.39612 0 13.3276
      vertex 0.271118 0 5.6
      vertex 0.271118 0 13.3541
    endloop
  endfacet
  facet normal -0.934486 0.356 0
    outer loop
      vertex 5.28502 7.5833 5.6
      vertex 4.84811 6.43643 13.0182
      vertex 5.28502 7.5833 12.8348
    endloop
  endfacet
  facet normal -0.934488 0.355995 -9.16052e-07
    outer loop
      vertex 5.28502 7.5833 5.6
      vertex 4.37467 5.19365 13.1608
      vertex 4.84811 6.43643 13.0182
    endloop
  endfacet
  facet normal -0.934492 0.355985 -4.50959e-06
    outer loop
      vertex 5.28502 7.5833 5.6
      vertex 4.32866 5.07287 13.1721
      vertex 4.37467 5.19365 13.1608
    endloop
  endfacet
  facet normal -0.934424 0.356162 6.24396e-05
    outer loop
      vertex 5.28502 7.5833 5.6
      vertex 4.31859 5.04645 13.1743
      vertex 4.32866 5.07287 13.1721
    endloop
  endfacet
  facet normal -0.934487 0.355998 -4.59832e-07
    outer loop
      vertex 5.28502 7.5833 5.6
      vertex 3.81579 3.72661 13.2768
      vertex 4.31859 5.04645 13.1743
    endloop
  endfacet
  facet normal -0.934487 0.355998 -3.22938e-07
    outer loop
      vertex 2.39612 0 5.6
      vertex 3.81579 3.72661 13.2768
      vertex 5.28502 7.5833 5.6
    endloop
  endfacet
  facet normal -0.934509 0.35594 3.18969e-05
    outer loop
      vertex 3.81579 3.72661 13.2768
      vertex 2.39612 0 5.6
      vertex 3.80268 3.69219 13.2781
    endloop
  endfacet
  facet normal -0.934506 0.355948 2.76655e-05
    outer loop
      vertex 3.80268 3.69219 13.2781
      vertex 2.39612 0 5.6
      vertex 3.79347 3.66801 13.2786
    endloop
  endfacet
  facet normal -0.934467 0.35605 -2.8257e-05
    outer loop
      vertex 3.79347 3.66801 13.2786
      vertex 2.39612 0 5.6
      vertex 3.77195 3.61153 13.2798
    endloop
  endfacet
  facet normal -0.93447 0.356041 -2.37472e-05
    outer loop
      vertex 3.77195 3.61153 13.2798
      vertex 2.39612 0 5.6
      vertex 3.74326 3.53623 13.2809
    endloop
  endfacet
  facet normal -0.934487 0.355996 0
    outer loop
      vertex 3.74326 3.53623 13.2809
      vertex 2.39612 0 5.6
      vertex 2.39612 0 13.3276
    endloop
  endfacet
endsolid OpenSCAD_Model
