solid OpenSCAD_Model
  facet normal -0.956938 -0.290293 0
    outer loop
      vertex -7.01841 0.593074 0.2
      vertex -7.19141 1.16336 3.24
      vertex -7.19141 1.16336 0.2
    endloop
  endfacet
  facet normal -0.956938 -0.290293 0
    outer loop
      vertex -7.19141 1.16336 3.24
      vertex -7.01841 0.593074 0.2
      vertex -7.01841 0.593074 3.24
    endloop
  endfacet
  facet normal -0.290291 0.956938 0
    outer loop
      vertex -8.83664 -2.80859 0.2
      vertex -9.40693 -2.98159 3.24
      vertex -8.83664 -2.80859 3.24
    endloop
  endfacet
  facet normal -0.290291 0.956938 0
    outer loop
      vertex -9.40693 -2.98159 3.24
      vertex -8.83664 -2.80859 0.2
      vertex -9.40693 -2.98159 0.2
    endloop
  endfacet
  facet normal 0.956938 -0.290293 0
    outer loop
      vertex -12.9816 0.593074 3.24
      vertex -12.8086 1.16336 0.2
      vertex -12.8086 1.16336 3.24
    endloop
  endfacet
  facet normal 0.956938 -0.290293 0
    outer loop
      vertex -12.8086 1.16336 0.2
      vertex -12.9816 0.593074 3.24
      vertex -12.9816 0.593074 0.2
    endloop
  endfacet
  facet normal 0.881937 -0.471367 0
    outer loop
      vertex -12.8086 1.16336 3.24
      vertex -12.5277 1.68893 0.2
      vertex -12.5277 1.68893 3.24
    endloop
  endfacet
  facet normal 0.881937 -0.471367 0
    outer loop
      vertex -12.5277 1.68893 0.2
      vertex -12.8086 1.16336 3.24
      vertex -12.8086 1.16336 0.2
    endloop
  endfacet
  facet normal -0.995185 0.0980127 0
    outer loop
      vertex -7.01841 -0.593074 0.2
      vertex -6.96 0 3.24
      vertex -6.96 0 0.2
    endloop
  endfacet
  facet normal -0.995185 0.0980127 0
    outer loop
      vertex -6.96 0 3.24
      vertex -7.01841 -0.593074 0.2
      vertex -7.01841 -0.593074 3.24
    endloop
  endfacet
  facet normal 0.772979 -0.634431 0
    outer loop
      vertex -12.5277 1.68893 3.24
      vertex -12.1496 2.1496 0.2
      vertex -12.1496 2.1496 3.24
    endloop
  endfacet
  facet normal 0.772979 -0.634431 0
    outer loop
      vertex -12.1496 2.1496 0.2
      vertex -12.5277 1.68893 3.24
      vertex -12.5277 1.68893 0.2
    endloop
  endfacet
  facet normal -0.881923 0.471393 0
    outer loop
      vertex -7.47233 -1.68893 0.2
      vertex -7.19141 -1.16336 3.24
      vertex -7.19141 -1.16336 0.2
    endloop
  endfacet
  facet normal -0.881923 0.471393 0
    outer loop
      vertex -7.19141 -1.16336 3.24
      vertex -7.47233 -1.68893 0.2
      vertex -7.47233 -1.68893 3.24
    endloop
  endfacet
  facet normal -0.0980133 0.995185 0
    outer loop
      vertex -9.40693 -2.98159 0.2
      vertex -10 -3.04 3.24
      vertex -9.40693 -2.98159 3.24
    endloop
  endfacet
  facet normal -0.0980133 0.995185 0
    outer loop
      vertex -10 -3.04 3.24
      vertex -9.40693 -2.98159 0.2
      vertex -10 -3.04 0.2
    endloop
  endfacet
  facet normal -0.995185 -0.0980127 0
    outer loop
      vertex -6.96 0 0.2
      vertex -7.01841 0.593074 3.24
      vertex -7.01841 0.593074 0.2
    endloop
  endfacet
  facet normal -0.995185 -0.0980127 0
    outer loop
      vertex -7.01841 0.593074 3.24
      vertex -6.96 0 0.2
      vertex -6.96 0 3.24
    endloop
  endfacet
  facet normal -0.634401 0.773004 0
    outer loop
      vertex -7.8504 -2.1496 0.2
      vertex -8.31107 -2.52767 3.24
      vertex -7.8504 -2.1496 3.24
    endloop
  endfacet
  facet normal -0.634401 0.773004 0
    outer loop
      vertex -8.31107 -2.52767 3.24
      vertex -7.8504 -2.1496 0.2
      vertex -8.31107 -2.52767 0.2
    endloop
  endfacet
  facet normal 0 0 1
    outer loop
      vertex -7.01841 0.593074 0.2
      vertex -7.01841 -0.593074 0.2
      vertex -6.96 0 0.2
    endloop
  endfacet
  facet normal 0 0 1
    outer loop
      vertex -7.19141 1.16336 0.2
      vertex -7.01841 -0.593074 0.2
      vertex -7.01841 0.593074 0.2
    endloop
  endfacet
  facet normal 0 0 1
    outer loop
      vertex -7.19141 1.16336 0.2
      vertex -7.19141 -1.16336 0.2
      vertex -7.01841 -0.593074 0.2
    endloop
  endfacet
  facet normal 0 0 1
    outer loop
      vertex -7.47233 1.68893 0.2
      vertex -7.19141 -1.16336 0.2
      vertex -7.19141 1.16336 0.2
    endloop
  endfacet
  facet normal 0 0 1
    outer loop
      vertex -7.47233 1.68893 0.2
      vertex -7.47233 -1.68893 0.2
      vertex -7.19141 -1.16336 0.2
    endloop
  endfacet
  facet normal 0 0 1
    outer loop
      vertex -7.8504 2.1496 0.2
      vertex -7.47233 -1.68893 0.2
      vertex -7.47233 1.68893 0.2
    endloop
  endfacet
  facet normal 0 0 1
    outer loop
      vertex -7.8504 2.1496 0.2
      vertex -7.8504 -2.1496 0.2
      vertex -7.47233 -1.68893 0.2
    endloop
  endfacet
  facet normal 0 0 1
    outer loop
      vertex -8.31107 2.52767 0.2
      vertex -7.8504 -2.1496 0.2
      vertex -7.8504 2.1496 0.2
    endloop
  endfacet
  facet normal 0 0 1
    outer loop
      vertex -8.31107 2.52767 0.2
      vertex -8.31107 -2.52767 0.2
      vertex -7.8504 -2.1496 0.2
    endloop
  endfacet
  facet normal 0 0 1
    outer loop
      vertex -8.83664 2.80859 0.2
      vertex -8.31107 -2.52767 0.2
      vertex -8.31107 2.52767 0.2
    endloop
  endfacet
  facet normal 0 0 1
    outer loop
      vertex -8.83664 2.80859 0.2
      vertex -8.83664 -2.80859 0.2
      vertex -8.31107 -2.52767 0.2
    endloop
  endfacet
  facet normal 0 0 1
    outer loop
      vertex -9.40693 2.98159 0.2
      vertex -8.83664 -2.80859 0.2
      vertex -8.83664 2.80859 0.2
    endloop
  endfacet
  facet normal 0 0 1
    outer loop
      vertex -9.40693 2.98159 0.2
      vertex -9.40693 -2.98159 0.2
      vertex -8.83664 -2.80859 0.2
    endloop
  endfacet
  facet normal 0 0 1
    outer loop
      vertex -10 3.04 0.2
      vertex -9.40693 -2.98159 0.2
      vertex -9.40693 2.98159 0.2
    endloop
  endfacet
  facet normal 0 0 1
    outer loop
      vertex -10 3.04 0.2
      vertex -10 -3.04 0.2
      vertex -9.40693 -2.98159 0.2
    endloop
  endfacet
  facet normal -0 0 1
    outer loop
      vertex -10.5931 2.98159 0.2
      vertex -10 -3.04 0.2
      vertex -10 3.04 0.2
    endloop
  endfacet
  facet normal 0 0 1
    outer loop
      vertex -10.5931 2.98159 0.2
      vertex -10.5931 -2.98159 0.2
      vertex -10 -3.04 0.2
    endloop
  endfacet
  facet normal -0 0 1
    outer loop
      vertex -11.1634 2.80859 0.2
      vertex -10.5931 -2.98159 0.2
      vertex -10.5931 2.98159 0.2
    endloop
  endfacet
  facet normal 0 0 1
    outer loop
      vertex -11.1634 2.80859 0.2
      vertex -11.1634 -2.80859 0.2
      vertex -10.5931 -2.98159 0.2
    endloop
  endfacet
  facet normal -0 0 1
    outer loop
      vertex -11.6889 2.52767 0.2
      vertex -11.1634 -2.80859 0.2
      vertex -11.1634 2.80859 0.2
    endloop
  endfacet
  facet normal 0 0 1
    outer loop
      vertex -11.6889 2.52767 0.2
      vertex -11.6889 -2.52767 0.2
      vertex -11.1634 -2.80859 0.2
    endloop
  endfacet
  facet normal -0 0 1
    outer loop
      vertex -12.1496 2.1496 0.2
      vertex -11.6889 -2.52767 0.2
      vertex -11.6889 2.52767 0.2
    endloop
  endfacet
  facet normal 0 0 1
    outer loop
      vertex -12.1496 2.1496 0.2
      vertex -12.1496 -2.1496 0.2
      vertex -11.6889 -2.52767 0.2
    endloop
  endfacet
  facet normal -0 0 1
    outer loop
      vertex -12.5277 1.68893 0.2
      vertex -12.1496 -2.1496 0.2
      vertex -12.1496 2.1496 0.2
    endloop
  endfacet
  facet normal 0 0 1
    outer loop
      vertex -12.5277 1.68893 0.2
      vertex -12.5277 -1.68893 0.2
      vertex -12.1496 -2.1496 0.2
    endloop
  endfacet
  facet normal -0 0 1
    outer loop
      vertex -12.8086 1.16336 0.2
      vertex -12.5277 -1.68893 0.2
      vertex -12.5277 1.68893 0.2
    endloop
  endfacet
  facet normal 0 0 1
    outer loop
      vertex -12.8086 1.16336 0.2
      vertex -12.8086 -1.16336 0.2
      vertex -12.5277 -1.68893 0.2
    endloop
  endfacet
  facet normal -0 0 1
    outer loop
      vertex -12.9816 0.593074 0.2
      vertex -12.8086 -1.16336 0.2
      vertex -12.8086 1.16336 0.2
    endloop
  endfacet
  facet normal 0 0 1
    outer loop
      vertex -12.9816 0.593074 0.2
      vertex -12.9816 -0.593074 0.2
      vertex -12.8086 -1.16336 0.2
    endloop
  endfacet
  facet normal 0 -0 1
    outer loop
      vertex -12.9816 -0.593074 0.2
      vertex -12.9816 0.593074 0.2
      vertex -13.04 0 0.2
    endloop
  endfacet
  facet normal 0.290287 0.95694 -0
    outer loop
      vertex -10.5931 -2.98159 0.2
      vertex -11.1634 -2.80859 3.24
      vertex -10.5931 -2.98159 3.24
    endloop
  endfacet
  facet normal 0.290287 0.95694 0
    outer loop
      vertex -11.1634 -2.80859 3.24
      vertex -10.5931 -2.98159 0.2
      vertex -11.1634 -2.80859 0.2
    endloop
  endfacet
  facet normal 0.471442 -0.881897 0
    outer loop
      vertex -11.6889 2.52767 0.2
      vertex -11.1634 2.80859 3.24
      vertex -11.6889 2.52767 3.24
    endloop
  endfacet
  facet normal 0.471442 -0.881897 0
    outer loop
      vertex -11.1634 2.80859 3.24
      vertex -11.6889 2.52767 0.2
      vertex -11.1634 2.80859 0.2
    endloop
  endfacet
  facet normal -0.881923 -0.471393 0
    outer loop
      vertex -7.19141 1.16336 0.2
      vertex -7.47233 1.68893 3.24
      vertex -7.47233 1.68893 0.2
    endloop
  endfacet
  facet normal -0.881923 -0.471393 0
    outer loop
      vertex -7.47233 1.68893 3.24
      vertex -7.19141 1.16336 0.2
      vertex -7.19141 1.16336 3.24
    endloop
  endfacet
  facet normal 0.0980084 -0.995186 0
    outer loop
      vertex -10.5931 2.98159 0.2
      vertex -10 3.04 3.24
      vertex -10.5931 2.98159 3.24
    endloop
  endfacet
  facet normal 0.0980084 -0.995186 0
    outer loop
      vertex -10 3.04 3.24
      vertex -10.5931 2.98159 0.2
      vertex -10 3.04 0.2
    endloop
  endfacet
  facet normal -0.471393 -0.881923 0
    outer loop
      vertex -8.83664 2.80859 0.2
      vertex -8.31107 2.52767 3.24
      vertex -8.83664 2.80859 3.24
    endloop
  endfacet
  facet normal -0.471393 -0.881923 -0
    outer loop
      vertex -8.31107 2.52767 3.24
      vertex -8.83664 2.80859 0.2
      vertex -8.31107 2.52767 0.2
    endloop
  endfacet
  facet normal -0.471393 0.881923 0
    outer loop
      vertex -8.31107 -2.52767 0.2
      vertex -8.83664 -2.80859 3.24
      vertex -8.31107 -2.52767 3.24
    endloop
  endfacet
  facet normal -0.471393 0.881923 0
    outer loop
      vertex -8.83664 -2.80859 3.24
      vertex -8.31107 -2.52767 0.2
      vertex -8.83664 -2.80859 0.2
    endloop
  endfacet
  facet normal 0.995187 0.097996 0
    outer loop
      vertex -12.9816 -0.593074 3.24
      vertex -13.04 0 0.2
      vertex -13.04 0 3.24
    endloop
  endfacet
  facet normal 0.995187 0.097996 0
    outer loop
      vertex -13.04 0 0.2
      vertex -12.9816 -0.593074 3.24
      vertex -12.9816 -0.593074 0.2
    endloop
  endfacet
  facet normal 0.634377 -0.773024 0
    outer loop
      vertex -12.1496 2.1496 0.2
      vertex -11.6889 2.52767 3.24
      vertex -12.1496 2.1496 3.24
    endloop
  endfacet
  facet normal 0.634377 -0.773024 0
    outer loop
      vertex -11.6889 2.52767 3.24
      vertex -12.1496 2.1496 0.2
      vertex -11.6889 2.52767 0.2
    endloop
  endfacet
  facet normal -0.634401 -0.773004 0
    outer loop
      vertex -8.31107 2.52767 0.2
      vertex -7.8504 2.1496 3.24
      vertex -8.31107 2.52767 3.24
    endloop
  endfacet
  facet normal -0.634401 -0.773004 -0
    outer loop
      vertex -7.8504 2.1496 3.24
      vertex -8.31107 2.52767 0.2
      vertex -7.8504 2.1496 0.2
    endloop
  endfacet
  facet normal 0.290287 -0.95694 0
    outer loop
      vertex -11.1634 2.80859 0.2
      vertex -10.5931 2.98159 3.24
      vertex -11.1634 2.80859 3.24
    endloop
  endfacet
  facet normal 0.290287 -0.95694 0
    outer loop
      vertex -10.5931 2.98159 3.24
      vertex -11.1634 2.80859 0.2
      vertex -10.5931 2.98159 0.2
    endloop
  endfacet
  facet normal 0.995187 -0.097996 0
    outer loop
      vertex -13.04 0 3.24
      vertex -12.9816 0.593074 0.2
      vertex -12.9816 0.593074 3.24
    endloop
  endfacet
  facet normal 0.995187 -0.097996 0
    outer loop
      vertex -12.9816 0.593074 0.2
      vertex -13.04 0 3.24
      vertex -13.04 0 0.2
    endloop
  endfacet
  facet normal 0.471442 0.881897 -0
    outer loop
      vertex -11.1634 -2.80859 0.2
      vertex -11.6889 -2.52767 3.24
      vertex -11.1634 -2.80859 3.24
    endloop
  endfacet
  facet normal 0.471442 0.881897 0
    outer loop
      vertex -11.6889 -2.52767 3.24
      vertex -11.1634 -2.80859 0.2
      vertex -11.6889 -2.52767 0.2
    endloop
  endfacet
  facet normal -0.290291 -0.956938 0
    outer loop
      vertex -9.40693 2.98159 0.2
      vertex -8.83664 2.80859 3.24
      vertex -9.40693 2.98159 3.24
    endloop
  endfacet
  facet normal -0.290291 -0.956938 -0
    outer loop
      vertex -8.83664 2.80859 3.24
      vertex -9.40693 2.98159 0.2
      vertex -8.83664 2.80859 0.2
    endloop
  endfacet
  facet normal -0.773004 -0.634401 0
    outer loop
      vertex -7.47233 1.68893 0.2
      vertex -7.8504 2.1496 3.24
      vertex -7.8504 2.1496 0.2
    endloop
  endfacet
  facet normal -0.773004 -0.634401 0
    outer loop
      vertex -7.8504 2.1496 3.24
      vertex -7.47233 1.68893 0.2
      vertex -7.47233 1.68893 3.24
    endloop
  endfacet
  facet normal -0.956938 0.290293 0
    outer loop
      vertex -7.19141 -1.16336 0.2
      vertex -7.01841 -0.593074 3.24
      vertex -7.01841 -0.593074 0.2
    endloop
  endfacet
  facet normal -0.956938 0.290293 0
    outer loop
      vertex -7.01841 -0.593074 3.24
      vertex -7.19141 -1.16336 0.2
      vertex -7.19141 -1.16336 3.24
    endloop
  endfacet
  facet normal -0.0980133 -0.995185 0
    outer loop
      vertex -10 3.04 0.2
      vertex -9.40693 2.98159 3.24
      vertex -10 3.04 3.24
    endloop
  endfacet
  facet normal -0.0980133 -0.995185 -0
    outer loop
      vertex -9.40693 2.98159 3.24
      vertex -10 3.04 0.2
      vertex -9.40693 2.98159 0.2
    endloop
  endfacet
  facet normal 0.881937 0.471367 0
    outer loop
      vertex -12.5277 -1.68893 3.24
      vertex -12.8086 -1.16336 0.2
      vertex -12.8086 -1.16336 3.24
    endloop
  endfacet
  facet normal 0.881937 0.471367 0
    outer loop
      vertex -12.8086 -1.16336 0.2
      vertex -12.5277 -1.68893 3.24
      vertex -12.5277 -1.68893 0.2
    endloop
  endfacet
  facet normal 0.772979 0.634431 0
    outer loop
      vertex -12.1496 -2.1496 3.24
      vertex -12.5277 -1.68893 0.2
      vertex -12.5277 -1.68893 3.24
    endloop
  endfacet
  facet normal 0.772979 0.634431 0
    outer loop
      vertex -12.5277 -1.68893 0.2
      vertex -12.1496 -2.1496 3.24
      vertex -12.1496 -2.1496 0.2
    endloop
  endfacet
  facet normal 0.956938 0.290293 0
    outer loop
      vertex -12.8086 -1.16336 3.24
      vertex -12.9816 -0.593074 0.2
      vertex -12.9816 -0.593074 3.24
    endloop
  endfacet
  facet normal 0.956938 0.290293 0
    outer loop
      vertex -12.9816 -0.593074 0.2
      vertex -12.8086 -1.16336 3.24
      vertex -12.8086 -1.16336 0.2
    endloop
  endfacet
  facet normal 0.634377 0.773024 -0
    outer loop
      vertex -11.6889 -2.52767 0.2
      vertex -12.1496 -2.1496 3.24
      vertex -11.6889 -2.52767 3.24
    endloop
  endfacet
  facet normal 0.634377 0.773024 0
    outer loop
      vertex -12.1496 -2.1496 3.24
      vertex -11.6889 -2.52767 0.2
      vertex -12.1496 -2.1496 0.2
    endloop
  endfacet
  facet normal -0.773004 0.634401 0
    outer loop
      vertex -7.8504 -2.1496 0.2
      vertex -7.47233 -1.68893 3.24
      vertex -7.47233 -1.68893 0.2
    endloop
  endfacet
  facet normal -0.773004 0.634401 0
    outer loop
      vertex -7.47233 -1.68893 3.24
      vertex -7.8504 -2.1496 0.2
      vertex -7.8504 -2.1496 3.24
    endloop
  endfacet
  facet normal 0.0980084 0.995186 -0
    outer loop
      vertex -10 -3.04 0.2
      vertex -10.5931 -2.98159 3.24
      vertex -10 -3.04 3.24
    endloop
  endfacet
  facet normal 0.0980084 0.995186 0
    outer loop
      vertex -10.5931 -2.98159 3.24
      vertex -10 -3.04 0.2
      vertex -10.5931 -2.98159 0.2
    endloop
  endfacet
  facet normal 0 0 -1
    outer loop
      vertex -7.01841 -0.593074 3.24
      vertex -7.01841 0.593074 3.24
      vertex -6.96 0 3.24
    endloop
  endfacet
  facet normal 0 0 -1
    outer loop
      vertex -7.19141 -1.16336 3.24
      vertex -7.01841 0.593074 3.24
      vertex -7.01841 -0.593074 3.24
    endloop
  endfacet
  facet normal 0 0 -1
    outer loop
      vertex -7.19141 -1.16336 3.24
      vertex -7.19141 1.16336 3.24
      vertex -7.01841 0.593074 3.24
    endloop
  endfacet
  facet normal 0 0 -1
    outer loop
      vertex -7.47233 -1.68893 3.24
      vertex -7.19141 1.16336 3.24
      vertex -7.19141 -1.16336 3.24
    endloop
  endfacet
  facet normal 0 0 -1
    outer loop
      vertex -7.47233 -1.68893 3.24
      vertex -7.47233 1.68893 3.24
      vertex -7.19141 1.16336 3.24
    endloop
  endfacet
  facet normal 0 0 -1
    outer loop
      vertex -7.8504 -2.1496 3.24
      vertex -7.47233 1.68893 3.24
      vertex -7.47233 -1.68893 3.24
    endloop
  endfacet
  facet normal 0 0 -1
    outer loop
      vertex -7.8504 -2.1496 3.24
      vertex -7.8504 2.1496 3.24
      vertex -7.47233 1.68893 3.24
    endloop
  endfacet
  facet normal 0 0 -1
    outer loop
      vertex -8.31107 -2.52767 3.24
      vertex -7.8504 2.1496 3.24
      vertex -7.8504 -2.1496 3.24
    endloop
  endfacet
  facet normal 0 0 -1
    outer loop
      vertex -8.31107 -2.52767 3.24
      vertex -8.31107 2.52767 3.24
      vertex -7.8504 2.1496 3.24
    endloop
  endfacet
  facet normal 0 0 -1
    outer loop
      vertex -8.83664 -2.80859 3.24
      vertex -8.31107 2.52767 3.24
      vertex -8.31107 -2.52767 3.24
    endloop
  endfacet
  facet normal 0 0 -1
    outer loop
      vertex -8.83664 -2.80859 3.24
      vertex -8.83664 2.80859 3.24
      vertex -8.31107 2.52767 3.24
    endloop
  endfacet
  facet normal 0 0 -1
    outer loop
      vertex -9.40693 -2.98159 3.24
      vertex -8.83664 2.80859 3.24
      vertex -8.83664 -2.80859 3.24
    endloop
  endfacet
  facet normal 0 0 -1
    outer loop
      vertex -9.40693 -2.98159 3.24
      vertex -9.40693 2.98159 3.24
      vertex -8.83664 2.80859 3.24
    endloop
  endfacet
  facet normal 0 0 -1
    outer loop
      vertex -10 -3.04 3.24
      vertex -9.40693 2.98159 3.24
      vertex -9.40693 -2.98159 3.24
    endloop
  endfacet
  facet normal 0 0 -1
    outer loop
      vertex -10 -3.04 3.24
      vertex -10 3.04 3.24
      vertex -9.40693 2.98159 3.24
    endloop
  endfacet
  facet normal 0 0 -1
    outer loop
      vertex -10.5931 -2.98159 3.24
      vertex -10 3.04 3.24
      vertex -10 -3.04 3.24
    endloop
  endfacet
  facet normal 0 0 -1
    outer loop
      vertex -10.5931 -2.98159 3.24
      vertex -10.5931 2.98159 3.24
      vertex -10 3.04 3.24
    endloop
  endfacet
  facet normal 0 0 -1
    outer loop
      vertex -11.1634 -2.80859 3.24
      vertex -10.5931 2.98159 3.24
      vertex -10.5931 -2.98159 3.24
    endloop
  endfacet
  facet normal 0 0 -1
    outer loop
      vertex -11.1634 -2.80859 3.24
      vertex -11.1634 2.80859 3.24
      vertex -10.5931 2.98159 3.24
    endloop
  endfacet
  facet normal 0 0 -1
    outer loop
      vertex -11.6889 -2.52767 3.24
      vertex -11.1634 2.80859 3.24
      vertex -11.1634 -2.80859 3.24
    endloop
  endfacet
  facet normal 0 0 -1
    outer loop
      vertex -11.6889 -2.52767 3.24
      vertex -11.6889 2.52767 3.24
      vertex -11.1634 2.80859 3.24
    endloop
  endfacet
  facet normal 0 0 -1
    outer loop
      vertex -12.1496 -2.1496 3.24
      vertex -11.6889 2.52767 3.24
      vertex -11.6889 -2.52767 3.24
    endloop
  endfacet
  facet normal 0 0 -1
    outer loop
      vertex -12.1496 -2.1496 3.24
      vertex -12.1496 2.1496 3.24
      vertex -11.6889 2.52767 3.24
    endloop
  endfacet
  facet normal 0 0 -1
    outer loop
      vertex -12.5277 -1.68893 3.24
      vertex -12.1496 2.1496 3.24
      vertex -12.1496 -2.1496 3.24
    endloop
  endfacet
  facet normal 0 0 -1
    outer loop
      vertex -12.5277 -1.68893 3.24
      vertex -12.5277 1.68893 3.24
      vertex -12.1496 2.1496 3.24
    endloop
  endfacet
  facet normal 0 0 -1
    outer loop
      vertex -12.8086 -1.16336 3.24
      vertex -12.5277 1.68893 3.24
      vertex -12.5277 -1.68893 3.24
    endloop
  endfacet
  facet normal 0 0 -1
    outer loop
      vertex -12.8086 -1.16336 3.24
      vertex -12.8086 1.16336 3.24
      vertex -12.5277 1.68893 3.24
    endloop
  endfacet
  facet normal 0 0 -1
    outer loop
      vertex -12.9816 -0.593074 3.24
      vertex -12.8086 1.16336 3.24
      vertex -12.8086 -1.16336 3.24
    endloop
  endfacet
  facet normal 0 0 -1
    outer loop
      vertex -12.9816 -0.593074 3.24
      vertex -12.9816 0.593074 3.24
      vertex -12.8086 1.16336 3.24
    endloop
  endfacet
  facet normal 0 -0 -1
    outer loop
      vertex -12.9816 0.593074 3.24
      vertex -12.9816 -0.593074 3.24
      vertex -13.04 0 3.24
    endloop
  endfacet
  facet normal -0.956938 -0.290293 0
    outer loop
      vertex 12.9816 0.593074 0.2
      vertex 12.8086 1.16336 3.24
      vertex 12.8086 1.16336 0.2
    endloop
  endfacet
  facet normal -0.956938 -0.290293 0
    outer loop
      vertex 12.8086 1.16336 3.24
      vertex 12.9816 0.593074 0.2
      vertex 12.9816 0.593074 3.24
    endloop
  endfacet
  facet normal -0.290287 0.95694 0
    outer loop
      vertex 11.1634 -2.80859 0.2
      vertex 10.5931 -2.98159 3.24
      vertex 11.1634 -2.80859 3.24
    endloop
  endfacet
  facet normal -0.290287 0.95694 0
    outer loop
      vertex 10.5931 -2.98159 3.24
      vertex 11.1634 -2.80859 0.2
      vertex 10.5931 -2.98159 0.2
    endloop
  endfacet
  facet normal 0.956938 -0.290293 0
    outer loop
      vertex 7.01841 0.593074 3.24
      vertex 7.19141 1.16336 0.2
      vertex 7.19141 1.16336 3.24
    endloop
  endfacet
  facet normal 0.956938 -0.290293 0
    outer loop
      vertex 7.19141 1.16336 0.2
      vertex 7.01841 0.593074 3.24
      vertex 7.01841 0.593074 0.2
    endloop
  endfacet
  facet normal 0.881923 -0.471393 0
    outer loop
      vertex 7.19141 1.16336 3.24
      vertex 7.47233 1.68893 0.2
      vertex 7.47233 1.68893 3.24
    endloop
  endfacet
  facet normal 0.881923 -0.471393 0
    outer loop
      vertex 7.47233 1.68893 0.2
      vertex 7.19141 1.16336 3.24
      vertex 7.19141 1.16336 0.2
    endloop
  endfacet
  facet normal -0.995187 0.097996 0
    outer loop
      vertex 12.9816 -0.593074 0.2
      vertex 13.04 0 3.24
      vertex 13.04 0 0.2
    endloop
  endfacet
  facet normal -0.995187 0.097996 0
    outer loop
      vertex 13.04 0 3.24
      vertex 12.9816 -0.593074 0.2
      vertex 12.9816 -0.593074 3.24
    endloop
  endfacet
  facet normal 0.773004 -0.634401 0
    outer loop
      vertex 7.47233 1.68893 3.24
      vertex 7.8504 2.1496 0.2
      vertex 7.8504 2.1496 3.24
    endloop
  endfacet
  facet normal 0.773004 -0.634401 0
    outer loop
      vertex 7.8504 2.1496 0.2
      vertex 7.47233 1.68893 3.24
      vertex 7.47233 1.68893 0.2
    endloop
  endfacet
  facet normal -0.881937 0.471367 0
    outer loop
      vertex 12.5277 -1.68893 0.2
      vertex 12.8086 -1.16336 3.24
      vertex 12.8086 -1.16336 0.2
    endloop
  endfacet
  facet normal -0.881937 0.471367 0
    outer loop
      vertex 12.8086 -1.16336 3.24
      vertex 12.5277 -1.68893 0.2
      vertex 12.5277 -1.68893 3.24
    endloop
  endfacet
  facet normal -0.0980084 0.995186 0
    outer loop
      vertex 10.5931 -2.98159 0.2
      vertex 10 -3.04 3.24
      vertex 10.5931 -2.98159 3.24
    endloop
  endfacet
  facet normal -0.0980084 0.995186 0
    outer loop
      vertex 10 -3.04 3.24
      vertex 10.5931 -2.98159 0.2
      vertex 10 -3.04 0.2
    endloop
  endfacet
  facet normal -0.995187 -0.097996 0
    outer loop
      vertex 13.04 0 0.2
      vertex 12.9816 0.593074 3.24
      vertex 12.9816 0.593074 0.2
    endloop
  endfacet
  facet normal -0.995187 -0.097996 0
    outer loop
      vertex 12.9816 0.593074 3.24
      vertex 13.04 0 0.2
      vertex 13.04 0 3.24
    endloop
  endfacet
  facet normal -0.634377 0.773024 0
    outer loop
      vertex 12.1496 -2.1496 0.2
      vertex 11.6889 -2.52767 3.24
      vertex 12.1496 -2.1496 3.24
    endloop
  endfacet
  facet normal -0.634377 0.773024 0
    outer loop
      vertex 11.6889 -2.52767 3.24
      vertex 12.1496 -2.1496 0.2
      vertex 11.6889 -2.52767 0.2
    endloop
  endfacet
  facet normal 0 0 1
    outer loop
      vertex 12.9816 0.593074 0.2
      vertex 12.9816 -0.593074 0.2
      vertex 13.04 0 0.2
    endloop
  endfacet
  facet normal 0 0 1
    outer loop
      vertex 12.8086 1.16336 0.2
      vertex 12.9816 -0.593074 0.2
      vertex 12.9816 0.593074 0.2
    endloop
  endfacet
  facet normal 0 0 1
    outer loop
      vertex 12.8086 1.16336 0.2
      vertex 12.8086 -1.16336 0.2
      vertex 12.9816 -0.593074 0.2
    endloop
  endfacet
  facet normal 0 0 1
    outer loop
      vertex 12.5277 1.68893 0.2
      vertex 12.8086 -1.16336 0.2
      vertex 12.8086 1.16336 0.2
    endloop
  endfacet
  facet normal 0 0 1
    outer loop
      vertex 12.5277 1.68893 0.2
      vertex 12.5277 -1.68893 0.2
      vertex 12.8086 -1.16336 0.2
    endloop
  endfacet
  facet normal 0 0 1
    outer loop
      vertex 12.1496 2.1496 0.2
      vertex 12.5277 -1.68893 0.2
      vertex 12.5277 1.68893 0.2
    endloop
  endfacet
  facet normal 0 0 1
    outer loop
      vertex 12.1496 2.1496 0.2
      vertex 12.1496 -2.1496 0.2
      vertex 12.5277 -1.68893 0.2
    endloop
  endfacet
  facet normal 0 0 1
    outer loop
      vertex 11.6889 2.52767 0.2
      vertex 12.1496 -2.1496 0.2
      vertex 12.1496 2.1496 0.2
    endloop
  endfacet
  facet normal 0 0 1
    outer loop
      vertex 11.6889 2.52767 0.2
      vertex 11.6889 -2.52767 0.2
      vertex 12.1496 -2.1496 0.2
    endloop
  endfacet
  facet normal 0 0 1
    outer loop
      vertex 11.1634 2.80859 0.2
      vertex 11.6889 -2.52767 0.2
      vertex 11.6889 2.52767 0.2
    endloop
  endfacet
  facet normal 0 0 1
    outer loop
      vertex 11.1634 2.80859 0.2
      vertex 11.1634 -2.80859 0.2
      vertex 11.6889 -2.52767 0.2
    endloop
  endfacet
  facet normal 0 0 1
    outer loop
      vertex 10.5931 2.98159 0.2
      vertex 11.1634 -2.80859 0.2
      vertex 11.1634 2.80859 0.2
    endloop
  endfacet
  facet normal 0 0 1
    outer loop
      vertex 10.5931 2.98159 0.2
      vertex 10.5931 -2.98159 0.2
      vertex 11.1634 -2.80859 0.2
    endloop
  endfacet
  facet normal 0 0 1
    outer loop
      vertex 10 3.04 0.2
      vertex 10.5931 -2.98159 0.2
      vertex 10.5931 2.98159 0.2
    endloop
  endfacet
  facet normal 0 0 1
    outer loop
      vertex 10 3.04 0.2
      vertex 10 -3.04 0.2
      vertex 10.5931 -2.98159 0.2
    endloop
  endfacet
  facet normal -0 0 1
    outer loop
      vertex 9.40693 2.98159 0.2
      vertex 10 -3.04 0.2
      vertex 10 3.04 0.2
    endloop
  endfacet
  facet normal 0 0 1
    outer loop
      vertex 9.40693 2.98159 0.2
      vertex 9.40693 -2.98159 0.2
      vertex 10 -3.04 0.2
    endloop
  endfacet
  facet normal -0 0 1
    outer loop
      vertex 8.83664 2.80859 0.2
      vertex 9.40693 -2.98159 0.2
      vertex 9.40693 2.98159 0.2
    endloop
  endfacet
  facet normal 0 0 1
    outer loop
      vertex 8.83664 2.80859 0.2
      vertex 8.83664 -2.80859 0.2
      vertex 9.40693 -2.98159 0.2
    endloop
  endfacet
  facet normal -0 0 1
    outer loop
      vertex 8.31107 2.52767 0.2
      vertex 8.83664 -2.80859 0.2
      vertex 8.83664 2.80859 0.2
    endloop
  endfacet
  facet normal 0 0 1
    outer loop
      vertex 8.31107 2.52767 0.2
      vertex 8.31107 -2.52767 0.2
      vertex 8.83664 -2.80859 0.2
    endloop
  endfacet
  facet normal -0 0 1
    outer loop
      vertex 7.8504 2.1496 0.2
      vertex 8.31107 -2.52767 0.2
      vertex 8.31107 2.52767 0.2
    endloop
  endfacet
  facet normal 0 0 1
    outer loop
      vertex 7.8504 2.1496 0.2
      vertex 7.8504 -2.1496 0.2
      vertex 8.31107 -2.52767 0.2
    endloop
  endfacet
  facet normal -0 0 1
    outer loop
      vertex 7.47233 1.68893 0.2
      vertex 7.8504 -2.1496 0.2
      vertex 7.8504 2.1496 0.2
    endloop
  endfacet
  facet normal 0 0 1
    outer loop
      vertex 7.47233 1.68893 0.2
      vertex 7.47233 -1.68893 0.2
      vertex 7.8504 -2.1496 0.2
    endloop
  endfacet
  facet normal -0 0 1
    outer loop
      vertex 7.19141 1.16336 0.2
      vertex 7.47233 -1.68893 0.2
      vertex 7.47233 1.68893 0.2
    endloop
  endfacet
  facet normal 0 0 1
    outer loop
      vertex 7.19141 1.16336 0.2
      vertex 7.19141 -1.16336 0.2
      vertex 7.47233 -1.68893 0.2
    endloop
  endfacet
  facet normal -0 0 1
    outer loop
      vertex 7.01841 0.593074 0.2
      vertex 7.19141 -1.16336 0.2
      vertex 7.19141 1.16336 0.2
    endloop
  endfacet
  facet normal 0 0 1
    outer loop
      vertex 7.01841 0.593074 0.2
      vertex 7.01841 -0.593074 0.2
      vertex 7.19141 -1.16336 0.2
    endloop
  endfacet
  facet normal 0 -0 1
    outer loop
      vertex 7.01841 -0.593074 0.2
      vertex 7.01841 0.593074 0.2
      vertex 6.96 0 0.2
    endloop
  endfacet
  facet normal 0.290291 0.956938 -0
    outer loop
      vertex 9.40693 -2.98159 0.2
      vertex 8.83664 -2.80859 3.24
      vertex 9.40693 -2.98159 3.24
    endloop
  endfacet
  facet normal 0.290291 0.956938 0
    outer loop
      vertex 8.83664 -2.80859 3.24
      vertex 9.40693 -2.98159 0.2
      vertex 8.83664 -2.80859 0.2
    endloop
  endfacet
  facet normal -0.881937 -0.471367 0
    outer loop
      vertex 12.8086 1.16336 0.2
      vertex 12.5277 1.68893 3.24
      vertex 12.5277 1.68893 0.2
    endloop
  endfacet
  facet normal -0.881937 -0.471367 0
    outer loop
      vertex 12.5277 1.68893 3.24
      vertex 12.8086 1.16336 0.2
      vertex 12.8086 1.16336 3.24
    endloop
  endfacet
  facet normal 0.0980133 -0.995185 0
    outer loop
      vertex 9.40693 2.98159 0.2
      vertex 10 3.04 3.24
      vertex 9.40693 2.98159 3.24
    endloop
  endfacet
  facet normal 0.0980133 -0.995185 0
    outer loop
      vertex 10 3.04 3.24
      vertex 9.40693 2.98159 0.2
      vertex 10 3.04 0.2
    endloop
  endfacet
  facet normal -0.471442 -0.881897 0
    outer loop
      vertex 11.1634 2.80859 0.2
      vertex 11.6889 2.52767 3.24
      vertex 11.1634 2.80859 3.24
    endloop
  endfacet
  facet normal -0.471442 -0.881897 -0
    outer loop
      vertex 11.6889 2.52767 3.24
      vertex 11.1634 2.80859 0.2
      vertex 11.6889 2.52767 0.2
    endloop
  endfacet
  facet normal -0.471442 0.881897 0
    outer loop
      vertex 11.6889 -2.52767 0.2
      vertex 11.1634 -2.80859 3.24
      vertex 11.6889 -2.52767 3.24
    endloop
  endfacet
  facet normal -0.471442 0.881897 0
    outer loop
      vertex 11.1634 -2.80859 3.24
      vertex 11.6889 -2.52767 0.2
      vertex 11.1634 -2.80859 0.2
    endloop
  endfacet
  facet normal 0.995185 0.0980127 0
    outer loop
      vertex 7.01841 -0.593074 3.24
      vertex 6.96 0 0.2
      vertex 6.96 0 3.24
    endloop
  endfacet
  facet normal 0.995185 0.0980127 0
    outer loop
      vertex 6.96 0 0.2
      vertex 7.01841 -0.593074 3.24
      vertex 7.01841 -0.593074 0.2
    endloop
  endfacet
  facet normal 0.634401 -0.773004 0
    outer loop
      vertex 7.8504 2.1496 0.2
      vertex 8.31107 2.52767 3.24
      vertex 7.8504 2.1496 3.24
    endloop
  endfacet
  facet normal 0.634401 -0.773004 0
    outer loop
      vertex 8.31107 2.52767 3.24
      vertex 7.8504 2.1496 0.2
      vertex 8.31107 2.52767 0.2
    endloop
  endfacet
  facet normal -0.634377 -0.773024 0
    outer loop
      vertex 11.6889 2.52767 0.2
      vertex 12.1496 2.1496 3.24
      vertex 11.6889 2.52767 3.24
    endloop
  endfacet
  facet normal -0.634377 -0.773024 -0
    outer loop
      vertex 12.1496 2.1496 3.24
      vertex 11.6889 2.52767 0.2
      vertex 12.1496 2.1496 0.2
    endloop
  endfacet
  facet normal 0.290291 -0.956938 0
    outer loop
      vertex 8.83664 2.80859 0.2
      vertex 9.40693 2.98159 3.24
      vertex 8.83664 2.80859 3.24
    endloop
  endfacet
  facet normal 0.290291 -0.956938 0
    outer loop
      vertex 9.40693 2.98159 3.24
      vertex 8.83664 2.80859 0.2
      vertex 9.40693 2.98159 0.2
    endloop
  endfacet
  facet normal 0.995185 -0.0980127 0
    outer loop
      vertex 6.96 0 3.24
      vertex 7.01841 0.593074 0.2
      vertex 7.01841 0.593074 3.24
    endloop
  endfacet
  facet normal 0.995185 -0.0980127 0
    outer loop
      vertex 7.01841 0.593074 0.2
      vertex 6.96 0 3.24
      vertex 6.96 0 0.2
    endloop
  endfacet
  facet normal 0.471393 0.881923 -0
    outer loop
      vertex 8.83664 -2.80859 0.2
      vertex 8.31107 -2.52767 3.24
      vertex 8.83664 -2.80859 3.24
    endloop
  endfacet
  facet normal 0.471393 0.881923 0
    outer loop
      vertex 8.31107 -2.52767 3.24
      vertex 8.83664 -2.80859 0.2
      vertex 8.31107 -2.52767 0.2
    endloop
  endfacet
  facet normal -0.290287 -0.95694 0
    outer loop
      vertex 10.5931 2.98159 0.2
      vertex 11.1634 2.80859 3.24
      vertex 10.5931 2.98159 3.24
    endloop
  endfacet
  facet normal -0.290287 -0.95694 -0
    outer loop
      vertex 11.1634 2.80859 3.24
      vertex 10.5931 2.98159 0.2
      vertex 11.1634 2.80859 0.2
    endloop
  endfacet
  facet normal -0.772979 -0.634431 0
    outer loop
      vertex 12.5277 1.68893 0.2
      vertex 12.1496 2.1496 3.24
      vertex 12.1496 2.1496 0.2
    endloop
  endfacet
  facet normal -0.772979 -0.634431 0
    outer loop
      vertex 12.1496 2.1496 3.24
      vertex 12.5277 1.68893 0.2
      vertex 12.5277 1.68893 3.24
    endloop
  endfacet
  facet normal -0.956938 0.290293 0
    outer loop
      vertex 12.8086 -1.16336 0.2
      vertex 12.9816 -0.593074 3.24
      vertex 12.9816 -0.593074 0.2
    endloop
  endfacet
  facet normal -0.956938 0.290293 0
    outer loop
      vertex 12.9816 -0.593074 3.24
      vertex 12.8086 -1.16336 0.2
      vertex 12.8086 -1.16336 3.24
    endloop
  endfacet
  facet normal -0.0980084 -0.995186 0
    outer loop
      vertex 10 3.04 0.2
      vertex 10.5931 2.98159 3.24
      vertex 10 3.04 3.24
    endloop
  endfacet
  facet normal -0.0980084 -0.995186 -0
    outer loop
      vertex 10.5931 2.98159 3.24
      vertex 10 3.04 0.2
      vertex 10.5931 2.98159 0.2
    endloop
  endfacet
  facet normal 0.471393 -0.881923 0
    outer loop
      vertex 8.31107 2.52767 0.2
      vertex 8.83664 2.80859 3.24
      vertex 8.31107 2.52767 3.24
    endloop
  endfacet
  facet normal 0.471393 -0.881923 0
    outer loop
      vertex 8.83664 2.80859 3.24
      vertex 8.31107 2.52767 0.2
      vertex 8.83664 2.80859 0.2
    endloop
  endfacet
  facet normal 0.881923 0.471393 0
    outer loop
      vertex 7.47233 -1.68893 3.24
      vertex 7.19141 -1.16336 0.2
      vertex 7.19141 -1.16336 3.24
    endloop
  endfacet
  facet normal 0.881923 0.471393 0
    outer loop
      vertex 7.19141 -1.16336 0.2
      vertex 7.47233 -1.68893 3.24
      vertex 7.47233 -1.68893 0.2
    endloop
  endfacet
  facet normal 0.773004 0.634401 0
    outer loop
      vertex 7.8504 -2.1496 3.24
      vertex 7.47233 -1.68893 0.2
      vertex 7.47233 -1.68893 3.24
    endloop
  endfacet
  facet normal 0.773004 0.634401 0
    outer loop
      vertex 7.47233 -1.68893 0.2
      vertex 7.8504 -2.1496 3.24
      vertex 7.8504 -2.1496 0.2
    endloop
  endfacet
  facet normal 0.956938 0.290293 0
    outer loop
      vertex 7.19141 -1.16336 3.24
      vertex 7.01841 -0.593074 0.2
      vertex 7.01841 -0.593074 3.24
    endloop
  endfacet
  facet normal 0.956938 0.290293 0
    outer loop
      vertex 7.01841 -0.593074 0.2
      vertex 7.19141 -1.16336 3.24
      vertex 7.19141 -1.16336 0.2
    endloop
  endfacet
  facet normal 0.634401 0.773004 -0
    outer loop
      vertex 8.31107 -2.52767 0.2
      vertex 7.8504 -2.1496 3.24
      vertex 8.31107 -2.52767 3.24
    endloop
  endfacet
  facet normal 0.634401 0.773004 0
    outer loop
      vertex 7.8504 -2.1496 3.24
      vertex 8.31107 -2.52767 0.2
      vertex 7.8504 -2.1496 0.2
    endloop
  endfacet
  facet normal -0.772979 0.634431 0
    outer loop
      vertex 12.1496 -2.1496 0.2
      vertex 12.5277 -1.68893 3.24
      vertex 12.5277 -1.68893 0.2
    endloop
  endfacet
  facet normal -0.772979 0.634431 0
    outer loop
      vertex 12.5277 -1.68893 3.24
      vertex 12.1496 -2.1496 0.2
      vertex 12.1496 -2.1496 3.24
    endloop
  endfacet
  facet normal 0.0980133 0.995185 -0
    outer loop
      vertex 10 -3.04 0.2
      vertex 9.40693 -2.98159 3.24
      vertex 10 -3.04 3.24
    endloop
  endfacet
  facet normal 0.0980133 0.995185 0
    outer loop
      vertex 9.40693 -2.98159 3.24
      vertex 10 -3.04 0.2
      vertex 9.40693 -2.98159 0.2
    endloop
  endfacet
  facet normal 0 0 -1
    outer loop
      vertex 12.9816 -0.593074 3.24
      vertex 12.9816 0.593074 3.24
      vertex 13.04 0 3.24
    endloop
  endfacet
  facet normal 0 0 -1
    outer loop
      vertex 12.8086 -1.16336 3.24
      vertex 12.9816 0.593074 3.24
      vertex 12.9816 -0.593074 3.24
    endloop
  endfacet
  facet normal 0 0 -1
    outer loop
      vertex 12.8086 -1.16336 3.24
      vertex 12.8086 1.16336 3.24
      vertex 12.9816 0.593074 3.24
    endloop
  endfacet
  facet normal 0 0 -1
    outer loop
      vertex 12.5277 -1.68893 3.24
      vertex 12.8086 1.16336 3.24
      vertex 12.8086 -1.16336 3.24
    endloop
  endfacet
  facet normal 0 0 -1
    outer loop
      vertex 12.5277 -1.68893 3.24
      vertex 12.5277 1.68893 3.24
      vertex 12.8086 1.16336 3.24
    endloop
  endfacet
  facet normal 0 0 -1
    outer loop
      vertex 12.1496 -2.1496 3.24
      vertex 12.5277 1.68893 3.24
      vertex 12.5277 -1.68893 3.24
    endloop
  endfacet
  facet normal 0 0 -1
    outer loop
      vertex 12.1496 -2.1496 3.24
      vertex 12.1496 2.1496 3.24
      vertex 12.5277 1.68893 3.24
    endloop
  endfacet
  facet normal 0 0 -1
    outer loop
      vertex 11.6889 -2.52767 3.24
      vertex 12.1496 2.1496 3.24
      vertex 12.1496 -2.1496 3.24
    endloop
  endfacet
  facet normal 0 0 -1
    outer loop
      vertex 11.6889 -2.52767 3.24
      vertex 11.6889 2.52767 3.24
      vertex 12.1496 2.1496 3.24
    endloop
  endfacet
  facet normal 0 0 -1
    outer loop
      vertex 11.1634 -2.80859 3.24
      vertex 11.6889 2.52767 3.24
      vertex 11.6889 -2.52767 3.24
    endloop
  endfacet
  facet normal 0 0 -1
    outer loop
      vertex 11.1634 -2.80859 3.24
      vertex 11.1634 2.80859 3.24
      vertex 11.6889 2.52767 3.24
    endloop
  endfacet
  facet normal 0 0 -1
    outer loop
      vertex 10.5931 -2.98159 3.24
      vertex 11.1634 2.80859 3.24
      vertex 11.1634 -2.80859 3.24
    endloop
  endfacet
  facet normal 0 0 -1
    outer loop
      vertex 10.5931 -2.98159 3.24
      vertex 10.5931 2.98159 3.24
      vertex 11.1634 2.80859 3.24
    endloop
  endfacet
  facet normal 0 0 -1
    outer loop
      vertex 10 -3.04 3.24
      vertex 10.5931 2.98159 3.24
      vertex 10.5931 -2.98159 3.24
    endloop
  endfacet
  facet normal 0 0 -1
    outer loop
      vertex 10 -3.04 3.24
      vertex 10 3.04 3.24
      vertex 10.5931 2.98159 3.24
    endloop
  endfacet
  facet normal 0 0 -1
    outer loop
      vertex 9.40693 -2.98159 3.24
      vertex 10 3.04 3.24
      vertex 10 -3.04 3.24
    endloop
  endfacet
  facet normal 0 0 -1
    outer loop
      vertex 9.40693 -2.98159 3.24
      vertex 9.40693 2.98159 3.24
      vertex 10 3.04 3.24
    endloop
  endfacet
  facet normal 0 0 -1
    outer loop
      vertex 8.83664 -2.80859 3.24
      vertex 9.40693 2.98159 3.24
      vertex 9.40693 -2.98159 3.24
    endloop
  endfacet
  facet normal 0 0 -1
    outer loop
      vertex 8.83664 -2.80859 3.24
      vertex 8.83664 2.80859 3.24
      vertex 9.40693 2.98159 3.24
    endloop
  endfacet
  facet normal 0 0 -1
    outer loop
      vertex 8.31107 -2.52767 3.24
      vertex 8.83664 2.80859 3.24
      vertex 8.83664 -2.80859 3.24
    endloop
  endfacet
  facet normal 0 0 -1
    outer loop
      vertex 8.31107 -2.52767 3.24
      vertex 8.31107 2.52767 3.24
      vertex 8.83664 2.80859 3.24
    endloop
  endfacet
  facet normal 0 0 -1
    outer loop
      vertex 7.8504 -2.1496 3.24
      vertex 8.31107 2.52767 3.24
      vertex 8.31107 -2.52767 3.24
    endloop
  endfacet
  facet normal 0 0 -1
    outer loop
      vertex 7.8504 -2.1496 3.24
      vertex 7.8504 2.1496 3.24
      vertex 8.31107 2.52767 3.24
    endloop
  endfacet
  facet normal 0 0 -1
    outer loop
      vertex 7.47233 -1.68893 3.24
      vertex 7.8504 2.1496 3.24
      vertex 7.8504 -2.1496 3.24
    endloop
  endfacet
  facet normal 0 0 -1
    outer loop
      vertex 7.47233 -1.68893 3.24
      vertex 7.47233 1.68893 3.24
      vertex 7.8504 2.1496 3.24
    endloop
  endfacet
  facet normal 0 0 -1
    outer loop
      vertex 7.19141 -1.16336 3.24
      vertex 7.47233 1.68893 3.24
      vertex 7.47233 -1.68893 3.24
    endloop
  endfacet
  facet normal 0 0 -1
    outer loop
      vertex 7.19141 -1.16336 3.24
      vertex 7.19141 1.16336 3.24
      vertex 7.47233 1.68893 3.24
    endloop
  endfacet
  facet normal 0 0 -1
    outer loop
      vertex 7.01841 -0.593074 3.24
      vertex 7.19141 1.16336 3.24
      vertex 7.19141 -1.16336 3.24
    endloop
  endfacet
  facet normal 0 0 -1
    outer loop
      vertex 7.01841 -0.593074 3.24
      vertex 7.01841 0.593074 3.24
      vertex 7.19141 1.16336 3.24
    endloop
  endfacet
  facet normal 0 -0 -1
    outer loop
      vertex 7.01841 0.593074 3.24
      vertex 7.01841 -0.593074 3.24
      vertex 6.96 0 3.24
    endloop
  endfacet
  facet normal -0.193724 0.768566 -0.609735
    outer loop
      vertex -24.8191 20.1104 1.53892
      vertex -24.8443 20.4348 1.95583
      vertex -24.1885 20.6001 1.95583
    endloop
  endfacet
  facet normal -0.945787 0.112013 0.304861
    outer loop
      vertex -27.2943 15.2873 2.38091
      vertex -27.4855 13.6729 2.38091
      vertex -27.1749 15.1608 2.79781
    endloop
  endfacet
  facet normal -0.513886 0.661714 -0.545945
    outer loop
      vertex -24.8191 20.1104 1.53892
      vertex -25.475 19.945 1.95583
      vertex -24.8443 20.4348 1.95583
    endloop
  endfacet
  facet normal -0.803311 -0.431791 0.41018
    outer loop
      vertex -24.1899 -8.43672 4.50475
      vertex -25.0183 -6.89555 4.50475
      vertex -24.3113 -8.84853 3.83349
    endloop
  endfacet
  facet normal 0.0682223 0.440177 -0.895315
    outer loop
      vertex 17.8477 17.6203 1.31699
      vertex 8.21788 20.0051 1.75568
      vertex 18.1615 19.2075 2.12124
    endloop
  endfacet
  facet normal 0.157453 0.128477 0.979133
    outer loop
      vertex 20.9603 13.414 10.9189
      vertex 18.7935 12.7528 11.3541
      vertex 19.2125 12.2393 11.3541
    endloop
  endfacet
  facet normal -0.744341 -0.454195 0.489554
    outer loop
      vertex -20.0525 -12.1033 7.39369
      vertex -24.1899 -8.43672 4.50475
      vertex -20.347 -12.6016 6.48361
    endloop
  endfacet
  facet normal -0.124936 0.419307 0.899207
    outer loop
      vertex -17.626 9.10079 11.7386
      vertex -18.9455 10.1644 11.0593
      vertex -18.3997 8.87026 11.7386
    endloop
  endfacet
  facet normal -0.338509 -0.897214 0.283581
    outer loop
      vertex -14.8887 -16.1602 6.4751
      vertex -17.6682 -15.4142 5.51748
      vertex -14.9978 -16.424 5.51024
    endloop
  endfacet
  facet normal 0.0017307 0.0401131 -0.999194
    outer loop
      vertex 11.1337 12.2933 0.0252934
      vertex -11.1291 12.8122 0.00756359
      vertex -11.1291 14.3087 0.0676413
    endloop
  endfacet
  facet normal -0.368041 0.456611 0.80997
    outer loop
      vertex -19.9052 9.66061 11.0593
      vertex -21.6041 9.82494 10.1947
      vertex -20.7464 8.98258 11.0593
    endloop
  endfacet
  facet normal 0.720188 0.587586 -0.368879
    outer loop
      vertex 25.6458 16.5631 4.11776
      vertex 24.2646 18.256 4.11776
      vertex 24.5784 18.5717 5.23329
    endloop
  endfacet
  facet normal -0.193796 0.768602 -0.609668
    outer loop
      vertex -24.1885 20.2694 1.53892
      vertex -24.8191 20.1104 1.53892
      vertex -24.1885 20.6001 1.95583
    endloop
  endfacet
  facet normal -0.954605 0.0367287 -0.295602
    outer loop
      vertex -27.421 11.9939 1.53892
      vertex -27.5501 11.9939 1.95583
      vertex -27.4855 13.6729 1.95583
    endloop
  endfacet
  facet normal 0.0359448 0.230714 0.972357
    outer loop
      vertex 17.4786 15.754 10.9189
      vertex 5.92968 8.12829 13.1552
      vertex 6.31075 8.06892 13.1552
    endloop
  endfacet
  facet normal -0.36392 0.468568 -0.804989
    outer loop
      vertex -24.7697 19.4741 1.14621
      vertex -25.3285 19.0401 1.14621
      vertex -24.8191 20.1104 1.53892
    endloop
  endfacet
  facet normal 0.395975 0.210398 -0.893832
    outer loop
      vertex 24.6999 13.81 2.12124
      vertex 22.5332 14.4711 1.31699
      vertex 23.8709 15.3702 2.12124
    endloop
  endfacet
  facet normal 0.395979 0.210422 -0.893825
    outer loop
      vertex 23.2136 13.1907 1.31699
      vertex 22.5332 14.4711 1.31699
      vertex 24.6999 13.81 2.12124
    endloop
  endfacet
  facet normal -0.478244 -0.672464 -0.564866
    outer loop
      vertex -18.6234 -14.5503 3.56628
      vertex -22.8536 -9.73073 1.41016
      vertex -18.464 -13.8992 2.6562
    endloop
  endfacet
  facet normal 0.0180832 0.00586847 0.999819
    outer loop
      vertex -0.985275 4.60551 13.5532
      vertex -13.9177 2.85101 13.7974
      vertex -0.985275 4.48625 13.5539
    endloop
  endfacet
  facet normal 0.0180912 0.00577096 0.99982
    outer loop
      vertex 1.11191 4.75143 13.5144
      vertex 6.47808 5.61804 13.4123
      vertex 1.11191 4.89003 13.5136
    endloop
  endfacet
  facet normal 0.0180388 0.00609527 0.999819
    outer loop
      vertex 6.47808 5.61804 13.4123
      vertex 1.11191 4.75143 13.5144
      vertex 6.53903 5.43766 13.4123
    endloop
  endfacet
  facet normal -0.364521 -0.185335 0.912565
    outer loop
      vertex -20.2425 -3.21904 11.8641
      vertex -21.1541 -3.66546 11.4093
      vertex -20.8678 -4.22856 11.4093
    endloop
  endfacet
  facet normal -0.0330835 0.33395 0.94201
    outer loop
      vertex 14.9749 17.6203 10.287
      vertex 5.92968 10.0561 12.6509
      vertex 16.4113 17.7626 10.287
    endloop
  endfacet
  facet normal 0.364665 0.67832 0.637888
    outer loop
      vertex 20.6614 20.6777 7.48621
      vertex 20.3283 19.8686 8.53702
      vertex 22.5816 19.6454 7.48621
    endloop
  endfacet
  facet normal -0.129478 0.513516 -0.848255
    outer loop
      vertex -24.1885 19.6207 1.14621
      vertex -24.8191 20.1104 1.53892
      vertex -24.1885 20.2694 1.53892
    endloop
  endfacet
  facet normal -0.862344 -0.115399 0.492997
    outer loop
      vertex -25.0337 3.52301 8.04826
      vertex -26.5144 -0.550374 4.50475
      vertex -26.2033 -2.87513 4.50475
    endloop
  endfacet
  facet normal -0.939669 -0.125747 0.318136
    outer loop
      vertex -26.2033 -2.87513 4.50475
      vertex -26.5144 -0.550374 4.50475
      vertex -26.4052 -3.06466 3.83349
    endloop
  endfacet
  facet normal -0.241353 -0.441305 0.864291
    outer loop
      vertex -17.9382 -11.7509 8.90928
      vertex -18.2327 -12.954 8.21274
      vertex -14.7861 -13.4977 8.89759
    endloop
  endfacet
  facet normal -0.74679 0.23941 -0.620473
    outer loop
      vertex -26.295 17.3868 1.14621
      vertex -26.6655 16.2311 1.14621
      vertex -26.4742 17.8456 1.53892
    endloop
  endfacet
  facet normal -0.142818 -0.213961 0.966346
    outer loop
      vertex -2.42473 -8.26751 13.4215
      vertex -19.7827 -3.71508 11.8641
      vertex -2.92787 -9.09375 13.1642
    endloop
  endfacet
  facet normal -0.371812 -0.430852 0.822267
    outer loop
      vertex -20.4257 -6.22114 10.749
      vertex -20.9612 -5.75902 10.749
      vertex -18.2327 -12.954 8.21274
    endloop
  endfacet
  facet normal 0.22467 0.736322 -0.638243
    outer loop
      vertex 20.3283 19.8686 3.06695
      vertex 18.4081 20.4545 3.06695
      vertex 18.578 21.3135 4.11776
    endloop
  endfacet
  facet normal 0.204087 -0.557974 0.804372
    outer loop
      vertex 16.92 -19.8166 10.1339
      vertex 15.3731 -20.3824 10.1339
      vertex 17.3646 -21.1109 9.12327
    endloop
  endfacet
  facet normal -0.0338355 0.999427 0
    outer loop
      vertex 16.4113 21.9746 5.23329
      vertex -24.1885 20.6001 2.38091
      vertex 16.4113 21.9746 6.37068
    endloop
  endfacet
  facet normal -0.0338355 0.999427 0
    outer loop
      vertex -24.1885 20.6001 2.38091
      vertex 16.4113 21.9746 5.23329
      vertex -24.1885 20.6001 1.95583
    endloop
  endfacet
  facet normal 0.439008 -0.0386916 -0.89765
    outer loop
      vertex 22.7531 -11.5607 1.04705
      vertex 21.7456 -11.3368 0.544667
      vertex 22.8299 -10.6893 1.04705
    endloop
  endfacet
  facet normal 0.419968 -0.651543 0.631758
    outer loop
      vertex 18.9911 -20.0625 9.12327
      vertex 17.3646 -21.1109 9.12327
      vertex 17.6708 -22.0024 8.0003
    endloop
  endfacet
  facet normal -0.0277457 -0.256807 0.966064
    outer loop
      vertex -2.16823 -9.34659 13.1642
      vertex -2.43498 -9.31777 13.1642
      vertex 13.7644 -16.6938 11.6687
    endloop
  endfacet
  facet normal -0.0897269 -0.755393 0.6491
    outer loop
      vertex 11.9291 -21.7564 9.12327
      vertex 11.7729 -22.7028 8.0003
      vertex 13.7644 -21.9744 9.12327
    endloop
  endfacet
  facet normal -0.666495 0.317218 0.674653
    outer loop
      vertex -25.9844 18.8747 2.79781
      vertex -26.4742 17.8456 2.79781
      vertex -25.8436 18.3353 3.19053
    endloop
  endfacet
  facet normal 0.0590264 0.595779 0.800977
    outer loop
      vertex 18.4081 20.4545 8.53702
      vertex 16.4113 19.3809 9.48273
      vertex 18.1615 19.2075 9.48273
    endloop
  endfacet
  facet normal 0.440004 0.818409 -0.369599
    outer loop
      vertex 22.5816 19.6454 4.11776
      vertex 20.8313 21.0902 5.23329
      vertex 22.8282 20.0166 5.23329
    endloop
  endfacet
  facet normal 0.58982 -0.0519939 -0.805859
    outer loop
      vertex 23.6099 -11.7511 1.68645
      vertex 22.8299 -10.6893 1.04705
      vertex 23.7035 -10.6893 1.68645
    endloop
  endfacet
  facet normal -0.117948 -0.99302 0
    outer loop
      vertex 11.6933 -23.1853 5.59267
      vertex 13.7644 -23.4313 6.80816
      vertex 11.6933 -23.1853 6.80816
    endloop
  endfacet
  facet normal -0.117948 -0.99302 -0
    outer loop
      vertex 13.7644 -23.4313 6.80816
      vertex 11.6933 -23.1853 5.59267
      vertex 13.7644 -23.4313 5.59267
    endloop
  endfacet
  facet normal -0.00287275 0.783451 -0.621447
    outer loop
      vertex 6.44288 21.0308 2.35721
      vertex -24.1885 20.2694 1.53892
      vertex -24.1885 20.6001 1.95583
    endloop
  endfacet
  facet normal -0.412983 0.127558 0.901762
    outer loop
      vertex -21.9497 7.21382 11.0593
      vertex -22.2656 6.19106 11.0593
      vertex -20.632 6.67776 11.7386
    endloop
  endfacet
  facet normal -0.122552 0.157854 -0.979828
    outer loop
      vertex -24.4992 15.9921 0.256038
      vertex -24.7979 15.7602 0.256038
      vertex -24.6066 17.3746 0.492197
    endloop
  endfacet
  facet normal -0.512834 0.27911 0.811849
    outer loop
      vertex -21.4367 8.1564 11.0593
      vertex -23.0703 7.66971 10.1947
      vertex -21.9497 7.21382 11.0593
    endloop
  endfacet
  facet normal -0.904503 0.107142 0.412789
    outer loop
      vertex -27.1749 15.1608 2.79781
      vertex -27.3588 13.6083 2.79781
      vertex -26.7546 9.46743 5.19652
    endloop
  endfacet
  facet normal -0.303334 -0.228849 0.924995
    outer loop
      vertex -20.2425 -3.21904 11.8641
      vertex -20.5191 -4.69069 11.4093
      vertex -20.0278 -3.50362 11.8641
    endloop
  endfacet
  facet normal -0.0723677 0.430238 0.89981
    outer loop
      vertex 14.9749 17.6203 10.287
      vertex -17.9042 10.4747 11.0593
      vertex -17.626 9.10079 11.7386
    endloop
  endfacet
  facet normal -0.253071 0.211473 0.944052
    outer loop
      vertex -19.7379 7.99207 11.7386
      vertex -20.2509 7.37816 11.7386
      vertex -16.973 3.29077 13.5329
    endloop
  endfacet
  facet normal -0.120883 0.595969 0.793857
    outer loop
      vertex 14.4144 20.4545 8.53702
      vertex -24.1885 20.2694 2.79781
      vertex -18.1408 11.6431 10.1947
    endloop
  endfacet
  facet normal -0.654334 -0.701492 -0.28241
    outer loop
      vertex -23.3284 -10.0395 3.14908
      vertex -23.4369 -9.23823 1.41016
      vertex -19.6599 -14.0183 4.53242
    endloop
  endfacet
  facet normal -0.00400428 0.165243 -0.986245
    outer loop
      vertex -11.1291 16.987 0.356573
      vertex -24.1885 16.0705 0.256038
      vertex -24.1885 17.48 0.492197
    endloop
  endfacet
  facet normal 0.361869 -0.0295491 0.931761
    outer loop
      vertex 18.7929 -10.6302 11.6687
      vertex 18.6963 -11.8132 11.6687
      vertex 20.5317 -10.6302 10.9934
    endloop
  endfacet
  facet normal -0.182118 -0.907165 -0.379321
    outer loop
      vertex 11.6933 -23.1853 5.59267
      vertex -10.6793 -17.0387 1.63423
      vertex 11.7729 -22.7028 4.40053
    endloop
  endfacet
  facet normal 0.464554 -0.341262 -0.817148
    outer loop
      vertex 22.2766 -14.5378 1.68645
      vertex 22.1561 -13.1708 1.04705
      vertex 22.8825 -13.713 1.68645
    endloop
  endfacet
  facet normal -0.0897425 -0.755377 -0.649117
    outer loop
      vertex 13.7644 -22.9394 4.40053
      vertex 11.7729 -22.7028 4.40053
      vertex 13.7644 -21.9744 3.27756
    endloop
  endfacet
  facet normal -0.146878 0.582525 0.799432
    outer loop
      vertex -24.1885 20.2694 2.79781
      vertex -24.8191 20.1104 2.79781
      vertex -18.1408 11.6431 10.1947
    endloop
  endfacet
  facet normal -0.059015 0.595789 0.80097
    outer loop
      vertex 16.4113 20.6523 8.53702
      vertex 14.4144 20.4545 8.53702
      vertex 16.4113 19.3809 9.48273
    endloop
  endfacet
  facet normal 0.0186494 0.00116175 0.999825
    outer loop
      vertex 1.11191 4.57952 13.515
      vertex 6.58924 5.03839 13.4123
      vertex 6.57656 5.24194 13.4123
    endloop
  endfacet
  facet normal 0.0186352 0.00133079 0.999825
    outer loop
      vertex 6.58924 5.03839 13.4123
      vertex 1.11191 4.57952 13.515
      vertex 1.11191 4.42926 13.5152
    endloop
  endfacet
  facet normal 0.0187082 0.000773379 0.999825
    outer loop
      vertex -0.985275 4.32531 13.5545
      vertex -13.9019 2.75957 13.7974
      vertex -0.985275 4.19603 13.5546
    endloop
  endfacet
  facet normal 0.99077 -0.135552 0
    outer loop
      vertex 24.9832 -12.0563 5.06488
      vertex 27.7395 8.08998 5.23329
      vertex 27.7395 8.08998 6.37068
    endloop
  endfacet
  facet normal 0.99077 -0.135552 0
    outer loop
      vertex 27.7395 8.08998 5.23329
      vertex 24.9832 -12.0563 5.06488
      vertex 24.9832 -12.0563 4.16062
    endloop
  endfacet
  facet normal 0.234017 -0.0191091 0.972045
    outer loop
      vertex 18.7929 -10.6302 11.6687
      vertex 16.861 -10.6302 12.1338
      vertex 18.6963 -11.8132 11.6687
    endloop
  endfacet
  facet normal -0.175612 -0.564352 0.806639
    outer loop
      vertex 12.1557 -20.3824 10.1339
      vertex -14.364 -14.8915 8.20196
      vertex 11.9291 -21.7564 9.12327
    endloop
  endfacet
  facet normal 0.20775 -0.0920974 0.973837
    outer loop
      vertex 16.6253 -12.0591 12.1338
      vertex 16.3391 -12.7047 12.1338
      vertex 17.9455 -13.999 11.6687
    endloop
  endfacet
  facet normal 0.204089 -0.557981 -0.804366
    outer loop
      vertex 15.5998 -21.7564 3.27756
      vertex 15.3731 -20.3824 2.26691
      vertex 17.3646 -21.1109 3.27756
    endloop
  endfacet
  facet normal 0.000391022 0.000349351 -1
    outer loop
      vertex 13.2154 8.26686 0.0126333
      vertex 11.9047 4.31786 0.0107412
      vertex 13.1625 8.32607 0.0126333
    endloop
  endfacet
  facet normal -0.170662 -0.532576 0.828998
    outer loop
      vertex -13.9686 -13.9354 8.89759
      vertex -14.364 -14.8915 8.20196
      vertex 12.1557 -20.3824 10.1339
    endloop
  endfacet
  facet normal 0.149941 -0.151512 0.977017
    outer loop
      vertex 17.3201 -14.9178 11.6687
      vertex 15.4848 -13.7349 12.1338
      vertex 16.5581 -15.6719 11.6687
    endloop
  endfacet
  facet normal -0.00441296 0.831517 -0.555482
    outer loop
      vertex 6.44288 21.0308 2.35721
      vertex -24.1885 20.6001 1.95583
      vertex 6.44288 21.4574 2.9958
    endloop
  endfacet
  facet normal -0.023538 0.99195 -0.124425
    outer loop
      vertex 6.44288 21.4574 2.9958
      vertex -24.1885 20.6001 1.95583
      vertex 16.4113 21.9746 5.23329
    endloop
  endfacet
  facet normal 0.174767 0.572772 0.800867
    outer loop
      vertex 20.3283 19.8686 8.53702
      vertex 18.4081 20.4545 8.53702
      vertex 19.8445 18.6939 9.48273
    endloop
  endfacet
  facet normal 0.091576 0.924499 0.37002
    outer loop
      vertex 18.6646 21.7514 6.37068
      vertex 16.4113 21.9746 6.37068
      vertex 18.578 21.3135 7.48621
    endloop
  endfacet
  facet normal 0.490484 0.594143 -0.63751
    outer loop
      vertex 23.6489 17.6368 3.06695
      vertex 22.0979 18.9172 3.06695
      vertex 22.5816 19.6454 4.11776
    endloop
  endfacet
  facet normal 0.224713 0.736344 -0.638201
    outer loop
      vertex 20.3283 19.8686 3.06695
      vertex 18.578 21.3135 4.11776
      vertex 20.6614 20.6777 4.11776
    endloop
  endfacet
  facet normal 0.711582 -0.193193 -0.67552
    outer loop
      vertex 23.9668 -13.0655 2.43831
      vertex 23.3327 -12.7721 1.68645
      vertex 23.6099 -11.7511 1.68645
    endloop
  endfacet
  facet normal 0.0960278 0.178653 -0.979215
    outer loop
      vertex 18.283 13.1743 0.249831
      vertex 17.7005 13.4874 0.249831
      vertex 19.4508 14.9323 0.685091
    endloop
  endfacet
  facet normal -0.363853 0.46855 -0.805029
    outer loop
      vertex -25.3285 19.0401 1.14621
      vertex -25.4255 19.6395 1.53892
      vertex -24.8191 20.1104 1.53892
    endloop
  endfacet
  facet normal -0.666478 0.317183 -0.674687
    outer loop
      vertex -26.295 17.3868 1.14621
      vertex -26.4742 17.8456 1.53892
      vertex -25.8436 18.3353 1.14621
    endloop
  endfacet
  facet normal 0.347141 0.283237 -0.894019
    outer loop
      vertex 22.5332 14.4711 1.31699
      vertex 21.6175 15.5934 1.31699
      vertex 22.7551 16.7377 2.12124
    endloop
  endfacet
  facet normal 0.0476812 0.311862 -0.94893
    outer loop
      vertex 17.4786 15.754 0.685091
      vertex 7.99868 18.8137 1.21431
      vertex 17.8477 17.6203 1.31699
    endloop
  endfacet
  facet normal -0.954605 -0.0367287 -0.295602
    outer loop
      vertex -27.4855 10.3149 1.95583
      vertex -27.5501 11.9939 1.95583
      vertex -27.421 11.9939 1.53892
    endloop
  endfacet
  facet normal -0.826407 -0.0979025 -0.554497
    outer loop
      vertex -26.9408 9.07523 1.14621
      vertex -27.3588 10.3794 1.53892
      vertex -27.1103 10.506 1.14621
    endloop
  endfacet
  facet normal -0.896553 -0.106204 -0.430016
    outer loop
      vertex -26.5144 -0.550374 2.47782
      vertex -27.3588 10.3794 1.53892
      vertex -27.1749 8.82696 1.53892
    endloop
  endfacet
  facet normal -0.797135 0.166428 -0.580411
    outer loop
      vertex -26.9408 14.9125 1.14621
      vertex -27.1749 15.1608 1.53892
      vertex -26.6655 16.2311 1.14621
    endloop
  endfacet
  facet normal -0.193794 0.768595 0.609677
    outer loop
      vertex -24.1885 20.6001 2.38091
      vertex -24.8191 20.1104 2.79781
      vertex -24.1885 20.2694 2.79781
    endloop
  endfacet
  facet normal -0.718208 -0.0720402 0.692089
    outer loop
      vertex -22.2783 -2.57661 10.749
      vertex -23.5852 5.12743 10.1947
      vertex -23.4552 3.83139 10.1947
    endloop
  endfacet
  facet normal -0.949843 -0.0441534 0.309593
    outer loop
      vertex -26.5144 -0.550374 4.50475
      vertex -26.7546 9.46743 5.19652
      vertex -26.7287 -0.646996 3.83349
    endloop
  endfacet
  facet normal -0.298778 -0.582155 0.756193
    outer loop
      vertex -18.2327 -12.954 8.21274
      vertex -18.464 -13.8992 7.39369
      vertex -17.4276 -13.3672 8.21274
    endloop
  endfacet
  facet normal -0.874826 -0.316698 0.366581
    outer loop
      vertex -25.0183 -6.89555 4.50475
      vertex -25.8798 -5.29279 3.83349
      vertex -25.1728 -7.24576 3.83349
    endloop
  endfacet
  facet normal -0.756965 -0.545109 0.360362
    outer loop
      vertex -20.347 -12.6016 6.48361
      vertex -24.3113 -8.84853 3.83349
      vertex -19.5419 -13.7196 6.48361
    endloop
  endfacet
  facet normal -0.10914 -0.918863 0.379183
    outer loop
      vertex 11.7729 -22.7028 8.0003
      vertex 11.6933 -23.1853 6.80816
      vertex 13.7644 -23.4313 6.80816
    endloop
  endfacet
  facet normal -0.473917 -0.0126743 0.880478
    outer loop
      vertex -18.6771 2.75957 13.0141
      vertex -22.3722 5.12743 11.0593
      vertex -21.542 -1.601 11.4093
    endloop
  endfacet
  facet normal -0.444692 0.0445683 0.894574
    outer loop
      vertex -22.2656 6.19106 11.0593
      vertex -22.3722 5.12743 11.0593
      vertex -18.6771 2.75957 13.0141
    endloop
  endfacet
  facet normal -0.0495723 0.318224 0.946718
    outer loop
      vertex 2.32021 9.90973 12.5111
      vertex 5.31085 9.9597 12.6509
      vertex 5.92968 10.0561 12.6509
    endloop
  endfacet
  facet normal -0.0495717 0.317579 0.946935
    outer loop
      vertex 5.31085 9.9597 12.6509
      vertex 2.32021 9.90973 12.5111
      vertex 2.32021 9.84771 12.5319
    endloop
  endfacet
  facet normal -0.0495591 0.317733 0.946884
    outer loop
      vertex -2.19368 9.72666 12.3363
      vertex -17.626 9.10079 11.7386
      vertex -2.19368 9.67868 12.3524
    endloop
  endfacet
  facet normal -0.169582 0.569116 0.80458
    outer loop
      vertex -18.1408 11.6431 10.1947
      vertex -24.8191 20.1104 2.79781
      vertex -19.4097 11.265 10.1947
    endloop
  endfacet
  facet normal -0.926144 0.193359 0.323836
    outer loop
      vertex -26.9836 16.7753 2.38091
      vertex -27.1749 15.1608 2.79781
      vertex -26.8762 16.5915 2.79781
    endloop
  endfacet
  facet normal -0.124947 0.419295 0.899211
    outer loop
      vertex -17.9042 10.4747 11.0593
      vertex -18.9455 10.1644 11.0593
      vertex -17.626 9.10079 11.7386
    endloop
  endfacet
  facet normal 0.0693235 -0.583653 -0.809039
    outer loop
      vertex 15.5998 -21.7564 3.27756
      vertex 13.7644 -21.9744 3.27756
      vertex 15.3731 -20.3824 2.26691
    endloop
  endfacet
  facet normal 0.660796 -0.316176 -0.680721
    outer loop
      vertex 23.4532 -14.139 2.43831
      vertex 22.8825 -13.713 1.68645
      vertex 23.3327 -12.7721 1.68645
    endloop
  endfacet
  facet normal -0.203224 -0.612291 -0.764068
    outer loop
      vertex -10.6793 -17.0387 1.63423
      vertex -11.334 -16.8214 1.63423
      vertex -10.6793 -16.604 1.28588
    endloop
  endfacet
  facet normal -0.069333 -0.583652 0.809038
    outer loop
      vertex 13.7644 -20.5735 10.1339
      vertex 12.1557 -20.3824 10.1339
      vertex 13.7644 -21.9744 9.12327
    endloop
  endfacet
  facet normal -0.283262 -0.932325 -0.224796
    outer loop
      vertex -13.6062 -16.8468 4.52647
      vertex -14.9978 -16.424 4.52647
      vertex -10.6793 -17.0387 1.63423
    endloop
  endfacet
  facet normal -0.210156 -0.732986 0.646967
    outer loop
      vertex 11.9291 -21.7564 9.12327
      vertex -13.4415 -16.0175 7.38399
      vertex 11.7729 -22.7028 8.0003
    endloop
  endfacet
  facet normal -0.441744 0.141593 -0.885897
    outer loop
      vertex -25.7038 15.8732 0.492197
      vertex -26.3596 15.7078 0.792769
      vertex -26.0349 16.7208 0.792769
    endloop
  endfacet
  facet normal -0.203244 -0.612261 -0.764087
    outer loop
      vertex -10.6793 -16.604 1.28588
      vertex -11.334 -16.8214 1.63423
      vertex -11.3089 -16.395 1.28588
    endloop
  endfacet
  facet normal -0.044048 0.444621 0.894635
    outer loop
      vertex 16.4113 19.3809 9.48273
      vertex 14.661 19.2075 9.48273
      vertex 14.9749 17.6203 10.287
    endloop
  endfacet
  facet normal -0.0590231 0.595779 0.800977
    outer loop
      vertex 16.4113 19.3809 9.48273
      vertex 14.4144 20.4545 8.53702
      vertex 14.661 19.2075 9.48273
    endloop
  endfacet
  facet normal 0.22467 0.736322 0.638243
    outer loop
      vertex 18.578 21.3135 7.48621
      vertex 18.4081 20.4545 8.53702
      vertex 20.3283 19.8686 8.53702
    endloop
  endfacet
  facet normal 0.147753 0.0162753 0.98889
    outer loop
      vertex 19.7156 11.0177 11.3541
      vertex 6.57656 5.24194 13.4123
      vertex 16.8015 -9.90176 12.1338
    endloop
  endfacet
  facet normal 0.12925 0.156541 0.979178
    outer loop
      vertex 19.4508 14.9323 10.9189
      vertex 18.283 13.1743 11.3541
      vertex 18.7935 12.7528 11.3541
    endloop
  endfacet
  facet normal -0.0460659 0.266343 0.962777
    outer loop
      vertex -14.8843 3.21927 13.7974
      vertex -15.1988 4.12099 13.5329
      vertex -15.0385 3.1926 13.7974
    endloop
  endfacet
  facet normal 0.924015 -0.101675 -0.368589
    outer loop
      vertex 27.7395 8.08998 5.23329
      vertex 24.7468 -12.0038 3.27374
      vertex 27.3041 8.17708 4.11776
    endloop
  endfacet
  facet normal 0.130459 0.427498 0.894554
    outer loop
      vertex 18.1615 19.2075 9.48273
      vertex 17.8477 17.6203 10.287
      vertex 19.8445 18.6939 9.48273
    endloop
  endfacet
  facet normal -0.051503 -0.433637 0.899614
    outer loop
      vertex 13.7644 -18.7904 10.9934
      vertex 12.4442 -18.6336 10.9934
      vertex 13.7644 -20.5735 10.1339
    endloop
  endfacet
  facet normal 0.826701 -0.562641 0
    outer loop
      vertex 21.271 -19.6819 6.80816
      vertex 22.5912 -17.7421 5.59267
      vertex 22.5912 -17.7421 6.80816
    endloop
  endfacet
  facet normal 0.826701 -0.562641 0
    outer loop
      vertex 22.5912 -17.7421 5.59267
      vertex 21.271 -19.6819 6.80816
      vertex 21.271 -19.6819 5.59267
    endloop
  endfacet
  facet normal 0.10914 -0.918863 0.379183
    outer loop
      vertex 15.7559 -22.7028 8.0003
      vertex 13.7644 -23.4313 6.80816
      vertex 15.8355 -23.1853 6.80816
    endloop
  endfacet
  facet normal 0.73697 -0.0649731 -0.672796
    outer loop
      vertex 24.2831 -11.9007 2.43831
      vertex 23.6099 -11.7511 1.68645
      vertex 24.3899 -10.6893 2.43831
    endloop
  endfacet
  facet normal -0.246566 -0.501424 0.829325
    outer loop
      vertex -13.9686 -13.9354 8.89759
      vertex -17.4276 -13.3672 8.21274
      vertex -14.364 -14.8915 8.20196
    endloop
  endfacet
  facet normal 0.0897425 -0.755377 0.649117
    outer loop
      vertex 13.7644 -21.9744 9.12327
      vertex 13.7644 -22.9394 8.0003
      vertex 15.7559 -22.7028 8.0003
    endloop
  endfacet
  facet normal 0.140819 0.0115023 0.989969
    outer loop
      vertex 16.8015 -9.90176 12.1338
      vertex 6.57656 5.24194 13.4123
      vertex 16.861 -10.6302 12.1338
    endloop
  endfacet
  facet normal 0.0733097 -0.0741045 0.994552
    outer loop
      vertex 14.5038 -11.5217 12.371
      vertex 14.3453 -11.6785 12.371
      vertex 15.954 -13.2705 12.1338
    endloop
  endfacet
  facet normal 0.0620126 0.58261 -0.810383
    outer loop
      vertex 8.36886 20.8258 2.35721
      vertex 6.44288 20.1941 1.75568
      vertex 6.44288 21.0308 2.35721
    endloop
  endfacet
  facet normal 0.00718044 0.583718 -0.811925
    outer loop
      vertex 6.44288 20.1941 1.75568
      vertex -24.1885 20.2694 1.53892
      vertex 6.44288 21.0308 2.35721
    endloop
  endfacet
  facet normal 0.091576 0.924499 -0.37002
    outer loop
      vertex 18.578 21.3135 4.11776
      vertex 16.4113 21.9746 5.23329
      vertex 18.6646 21.7514 5.23329
    endloop
  endfacet
  facet normal 0.271176 0.888624 0.36988
    outer loop
      vertex 18.6646 21.7514 6.37068
      vertex 18.578 21.3135 7.48621
      vertex 20.8313 21.0902 6.37068
    endloop
  endfacet
  facet normal 0.364665 0.67832 -0.637888
    outer loop
      vertex 22.5816 19.6454 4.11776
      vertex 20.3283 19.8686 3.06695
      vertex 20.6614 20.6777 4.11776
    endloop
  endfacet
  facet normal -0.0260584 0.10327 -0.994312
    outer loop
      vertex -24.3798 14.456 0.0933685
      vertex -24.4992 15.9921 0.256038
      vertex -24.1885 16.0705 0.256038
    endloop
  endfacet
  facet normal 0.0184296 0.407013 -0.913236
    outer loop
      vertex 6.44288 18.9794 1.21431
      vertex -11.1291 18.9136 0.830373
      vertex 6.44288 20.1941 1.75568
    endloop
  endfacet
  facet normal 0.464888 0.379321 -0.799997
    outer loop
      vertex 23.8709 15.3702 2.12124
      vertex 22.7551 16.7377 2.12124
      vertex 23.6489 17.6368 3.06695
    endloop
  endfacet
  facet normal 0.774774 -0.53141 -0.342533
    outer loop
      vertex 21.271 -19.6819 5.59267
      vertex 20.9825 -19.3341 4.40053
      vertex 23.8463 -14.4325 3.27374
    endloop
  endfacet
  facet normal 0.439299 -0.00818475 -0.898303
    outer loop
      vertex 22.8299 -10.6893 1.04705
      vertex 21.8026 -10.6893 0.544667
      vertex 23.774 10.3565 1.31699
    endloop
  endfacet
  facet normal -0.713913 0.521713 -0.46706
    outer loop
      vertex -25.4255 19.6395 1.53892
      vertex -25.9844 18.8747 1.53892
      vertex -25.475 19.945 1.95583
    endloop
  endfacet
  facet normal -0.746847 0.239401 -0.620409
    outer loop
      vertex -26.6655 16.2311 1.14621
      vertex -26.8762 16.5915 1.53892
      vertex -26.4742 17.8456 1.53892
    endloop
  endfacet
  facet normal -0.00271136 0.197838 -0.980231
    outer loop
      vertex -11.1291 16.987 0.356573
      vertex -24.1885 17.48 0.492197
      vertex -11.1291 18.0659 0.574325
    endloop
  endfacet
  facet normal 0.00197557 0.438022 -0.898962
    outer loop
      vertex -11.1291 18.9136 0.830373
      vertex -24.1885 19.6207 1.14621
      vertex -11.1291 19.4975 1.11488
    endloop
  endfacet
  facet normal -0.954546 0.036777 -0.295787
    outer loop
      vertex -27.421 11.9939 1.53892
      vertex -27.4855 13.6729 1.95583
      vertex -27.3588 13.6083 1.53892
    endloop
  endfacet
  facet normal -0.376604 -0.0498272 -0.925034
    outer loop
      vertex -24.0782 -3.3536 0.354874
      vertex -26.1683 9.8944 0.492197
      vertex -25.6596 10.4338 0.256038
    endloop
  endfacet
  facet normal -0.902948 0.42975 0
    outer loop
      vertex -26.5655 18.0794 1.95583
      vertex -26.0561 19.1497 2.38091
      vertex -26.0561 19.1497 1.95583
    endloop
  endfacet
  facet normal -0.902948 0.42975 0
    outer loop
      vertex -26.0561 19.1497 2.38091
      vertex -26.5655 18.0794 1.95583
      vertex -26.5655 18.0794 2.38091
    endloop
  endfacet
  facet normal -0.926146 0.19336 -0.323829
    outer loop
      vertex -26.8762 16.5915 1.53892
      vertex -27.1749 15.1608 1.53892
      vertex -26.9836 16.7753 1.95583
    endloop
  endfacet
  facet normal -0.978888 0.204396 0
    outer loop
      vertex -27.2943 15.2873 1.95583
      vertex -26.9836 16.7753 2.38091
      vertex -26.9836 16.7753 1.95583
    endloop
  endfacet
  facet normal -0.978888 0.204396 0
    outer loop
      vertex -26.9836 16.7753 2.38091
      vertex -27.2943 15.2873 1.95583
      vertex -27.2943 15.2873 2.38091
    endloop
  endfacet
  facet normal -0.333243 0.278467 0.90078
    outer loop
      vertex -19.7379 7.99207 11.7386
      vertex -20.7464 8.98258 11.0593
      vertex -20.2509 7.37816 11.7386
    endloop
  endfacet
  facet normal -0.890229 0.285411 -0.35501
    outer loop
      vertex -26.4742 17.8456 1.53892
      vertex -26.9836 16.7753 1.95583
      vertex -26.5655 18.0794 1.95583
    endloop
  endfacet
  facet normal -0.826866 0.39354 -0.401771
    outer loop
      vertex -26.4742 17.8456 1.53892
      vertex -26.5655 18.0794 1.95583
      vertex -26.0561 19.1497 1.95583
    endloop
  endfacet
  facet normal -0.916531 -0.216121 0.336546
    outer loop
      vertex -25.6982 -5.01763 4.50475
      vertex -26.4052 -3.06466 3.83349
      vertex -25.8798 -5.29279 3.83349
    endloop
  endfacet
  facet normal -0.864446 0.0193654 0.502353
    outer loop
      vertex -24.5381 5.12743 9.17796
      vertex -26.7546 9.46743 5.19652
      vertex -25.1946 5.12743 8.04826
    endloop
  endfacet
  facet normal -0.954548 -0.0367748 -0.295779
    outer loop
      vertex -27.3588 10.3794 1.53892
      vertex -27.4855 10.3149 1.95583
      vertex -27.421 11.9939 1.53892
    endloop
  endfacet
  facet normal -0.939685 -0.125736 0.318093
    outer loop
      vertex -26.5144 -0.550374 4.50475
      vertex -26.7287 -0.646996 3.83349
      vertex -26.4052 -3.06466 3.83349
    endloop
  endfacet
  facet normal -0.803318 -0.431789 0.410168
    outer loop
      vertex -25.0183 -6.89555 4.50475
      vertex -25.1728 -7.24576 3.83349
      vertex -24.3113 -8.84853 3.83349
    endloop
  endfacet
  facet normal -0.393229 -0.434714 0.810182
    outer loop
      vertex -18.2327 -12.954 8.21274
      vertex -20.9612 -5.75902 10.749
      vertex -18.9746 -12.2829 8.21274
    endloop
  endfacet
  facet normal -0.75842 -0.385543 0.525505
    outer loop
      vertex -21.9091 -5.90975 9.90862
      vertex -22.3785 -4.98637 9.90862
      vertex -22.2852 -6.51682 8.92044
    endloop
  endfacet
  facet normal -0.640468 -0.708161 0.297168
    outer loop
      vertex -19.5419 -13.7196 6.48361
      vertex -19.6599 -14.0183 5.51748
      vertex -18.6234 -14.5503 6.48361
    endloop
  endfacet
  facet normal -0.839574 -0.112352 -0.5315
    outer loop
      vertex -26.5144 -0.550374 2.47782
      vertex -27.1749 8.82696 1.53892
      vertex -26.2033 -2.87513 2.47782
    endloop
  endfacet
  facet normal -0.336723 -0.390284 0.85691
    outer loop
      vertex -20.5191 -4.69069 11.4093
      vertex -20.9612 -5.75902 10.749
      vertex -20.1211 -5.03407 11.4093
    endloop
  endfacet
  facet normal -0.0270958 -0.250566 0.96772
    outer loop
      vertex -2.2583 -8.34315 13.4215
      vertex -2.43498 -9.31777 13.1642
      vertex -2.16823 -8.35289 13.4215
    endloop
  endfacet
  facet normal -0.580177 -0.0292453 0.813965
    outer loop
      vertex -22.3722 5.12743 11.0593
      vertex -23.5852 5.12743 10.1947
      vertex -21.542 -1.601 11.4093
    endloop
  endfacet
  facet normal -0.0898795 0.301652 0.949172
    outer loop
      vertex -17.626 9.10079 11.7386
      vertex -18.3997 8.87026 11.7386
      vertex -15.6555 4.042 13.5329
    endloop
  endfacet
  facet normal -0.145367 0.276887 0.949843
    outer loop
      vertex -18.3997 8.87026 11.7386
      vertex -19.1128 8.49588 11.7386
      vertex -16.4453 3.7411 13.5329
    endloop
  endfacet
  facet normal -0.715257 0.240605 0.656138
    outer loop
      vertex -23.9507 8.02789 9.17796
      vertex -26.295 17.3868 3.19053
      vertex -26.1783 10.2742 5.92593
    endloop
  endfacet
  facet normal -0.838633 0.0675374 0.540494
    outer loop
      vertex -26.2845 9.46743 5.92593
      vertex -26.7546 9.46743 5.19652
      vertex -24.5381 5.12743 9.17796
    endloop
  endfacet
  facet normal -0.0916392 0.300701 0.949306
    outer loop
      vertex -15.6555 4.042 13.5329
      vertex -18.3997 8.87026 11.7386
      vertex -16.0764 3.91373 13.5329
    endloop
  endfacet
  facet normal -0.050478 0.352399 0.934487
    outer loop
      vertex 14.9749 17.6203 10.287
      vertex 2.32021 9.91669 12.5085
      vertex 5.92968 10.0561 12.6509
    endloop
  endfacet
  facet normal -0.0504929 0.352421 0.934478
    outer loop
      vertex 14.9749 17.6203 10.287
      vertex -2.19368 9.91669 12.2646
      vertex 2.32021 9.91669 12.5085
    endloop
  endfacet
  facet normal -0.0504892 0.352566 0.934424
    outer loop
      vertex -2.19368 9.91669 12.2646
      vertex -17.626 9.10079 11.7386
      vertex -2.19368 9.72666 12.3363
    endloop
  endfacet
  facet normal -0.0504826 0.3524 0.934487
    outer loop
      vertex -17.626 9.10079 11.7386
      vertex -2.19368 9.91669 12.2646
      vertex 14.9749 17.6203 10.287
    endloop
  endfacet
  facet normal -0.0504091 0.349498 0.93558
    outer loop
      vertex 5.92968 10.0561 12.6509
      vertex 2.32021 9.91669 12.5085
      vertex 2.32021 9.90973 12.5111
    endloop
  endfacet
  facet normal -0.270617 0.515515 0.813026
    outer loop
      vertex -18.9455 10.1644 11.0593
      vertex -24.8191 20.1104 2.79781
      vertex -19.9052 9.66061 11.0593
    endloop
  endfacet
  facet normal -0.202956 0.386623 0.899629
    outer loop
      vertex -18.9455 10.1644 11.0593
      vertex -19.9052 9.66061 11.0593
      vertex -18.3997 8.87026 11.7386
    endloop
  endfacet
  facet normal -0.168112 0.564147 0.808379
    outer loop
      vertex -18.1408 11.6431 10.1947
      vertex -18.9455 10.1644 11.0593
      vertex -17.9042 10.4747 11.0593
    endloop
  endfacet
  facet normal -0.117543 0.585219 0.802311
    outer loop
      vertex 14.4144 20.4545 8.53702
      vertex -18.1408 11.6431 10.1947
      vertex 14.661 19.2075 9.48273
    endloop
  endfacet
  facet normal 0.271183 0.888616 0.369894
    outer loop
      vertex 20.8313 21.0902 6.37068
      vertex 18.578 21.3135 7.48621
      vertex 20.6614 20.6777 7.48621
    endloop
  endfacet
  facet normal -0.0844048 0.852229 0.516316
    outer loop
      vertex 16.4113 21.5281 7.48621
      vertex -24.1885 20.6001 2.38091
      vertex 14.2445 21.3135 7.48621
    endloop
  endfacet
  facet normal -0.513876 0.661743 -0.545919
    outer loop
      vertex -25.4255 19.6395 1.53892
      vertex -25.475 19.945 1.95583
      vertex -24.8191 20.1104 1.53892
    endloop
  endfacet
  facet normal -0.543111 0.396894 -0.739936
    outer loop
      vertex -25.3285 19.0401 1.14621
      vertex -25.9844 18.8747 1.53892
      vertex -25.4255 19.6395 1.53892
    endloop
  endfacet
  facet normal 0.931041 -0.252815 -0.26315
    outer loop
      vertex 24.6263 -13.3707 4.16062
      vertex 24.4036 -13.2677 3.27374
      vertex 24.7468 -12.0038 3.27374
    endloop
  endfacet
  facet normal 0.185794 -0.202676 -0.961459
    outer loop
      vertex 20.4823 -13.4489 0.544667
      vertex 19.8481 -12.3887 0.198623
      vertex 20.9325 -13.0362 0.544667
    endloop
  endfacet
  facet normal 0.100159 -0.246061 -0.964065
    outer loop
      vertex 19.9686 -13.7556 0.544667
      vertex 15.6888 -16.2322 0.732137
      vertex 19.5318 -12.5776 0.198623
    endloop
  endfacet
  facet normal -0.826001 -0.158622 -0.540889
    outer loop
      vertex -24.733 -5.86584 1.10956
      vertex -26.2033 -2.87513 2.47782
      vertex -25.0093 -4.42705 1.10956
    endloop
  endfacet
  facet normal -0.23259 -0.95727 -0.171863
    outer loop
      vertex 11.6933 -23.1853 5.59267
      vertex -13.6062 -16.8468 4.52647
      vertex -10.6793 -17.0387 1.63423
    endloop
  endfacet
  facet normal -0.0897269 -0.755393 -0.6491
    outer loop
      vertex 13.7644 -21.9744 3.27756
      vertex 11.7729 -22.7028 4.40053
      vertex 11.9291 -21.7564 3.27756
    endloop
  endfacet
  facet normal -0.353702 -0.935358 0
    outer loop
      vertex -17.6682 -15.4142 4.53242
      vertex -14.9978 -16.424 5.51024
      vertex -17.6682 -15.4142 5.51748
    endloop
  endfacet
  facet normal -0.353702 -0.935358 -0
    outer loop
      vertex -14.9978 -16.424 5.51024
      vertex -17.6682 -15.4142 4.53242
      vertex -14.9978 -16.424 4.52647
    endloop
  endfacet
  facet normal -0.37118 -0.723202 0.582413
    outer loop
      vertex -18.464 -13.8992 7.39369
      vertex -18.6234 -14.5503 6.48361
      vertex -17.6268 -15.0618 6.48361
    endloop
  endfacet
  facet normal 0.263124 -0.719383 0.642848
    outer loop
      vertex 17.3646 -21.1109 9.12327
      vertex 15.7559 -22.7028 8.0003
      vertex 17.6708 -22.0024 8.0003
    endloop
  endfacet
  facet normal -0.640471 -0.708158 -0.29717
    outer loop
      vertex -18.7047 -14.8822 4.53242
      vertex -19.6599 -14.0183 4.53242
      vertex -18.6234 -14.5503 3.56628
    endloop
  endfacet
  facet normal -0.536367 -0.442685 0.718569
    outer loop
      vertex -20.9612 -5.75902 10.749
      vertex -21.3372 -6.66756 9.90862
      vertex -18.9746 -12.2829 8.21274
    endloop
  endfacet
  facet normal -0.939685 -0.125736 -0.318093
    outer loop
      vertex -26.4052 -3.06466 3.14908
      vertex -26.7287 -0.646996 3.14908
      vertex -26.5144 -0.550374 2.47782
    endloop
  endfacet
  facet normal -0.681062 -0.457855 -0.571423
    outer loop
      vertex -23.3911 -8.93095 1.10956
      vertex -23.9744 -8.43845 1.41016
      vertex -23.9081 -8.16191 1.10956
    endloop
  endfacet
  facet normal -0.321696 -0.903442 -0.28338
    outer loop
      vertex -11.334 -16.8214 1.63423
      vertex -14.9978 -16.424 4.52647
      vertex -14.8887 -16.1602 3.5616
    endloop
  endfacet
  facet normal -0.304224 -0.916591 -0.25944
    outer loop
      vertex -10.6793 -17.0387 1.63423
      vertex -14.9978 -16.424 4.52647
      vertex -11.334 -16.8214 1.63423
    endloop
  endfacet
  facet normal -8.1985e-05 -0.00150622 -0.999999
    outer loop
      vertex -6.99962 -10.3492 0.0137062
      vertex -10.6793 -6.8413 0.00872421
      vertex -6.82325 -10.3588 0.0137062
    endloop
  endfacet
  facet normal -0.881729 -0.319197 -0.347372
    outer loop
      vertex -25.1728 -7.24576 3.14908
      vertex -25.8798 -5.29279 3.14908
      vertex -24.4456 -7.36212 1.41016
    endloop
  endfacet
  facet normal -0.396457 0.289721 -0.87114
    outer loop
      vertex -25.1878 18.1699 0.792769
      vertex -25.6392 17.5522 0.792769
      vertex -25.3285 19.0401 1.14621
    endloop
  endfacet
  facet normal -0.314514 0.100799 -0.943886
    outer loop
      vertex -25.5125 14.2587 0.256038
      vertex -25.7038 15.8732 0.492197
      vertex -25.3145 14.8765 0.256038
    endloop
  endfacet
  facet normal -0.115191 0.575698 0.809508
    outer loop
      vertex 14.661 19.2075 9.48273
      vertex -18.1408 11.6431 10.1947
      vertex -17.9042 10.4747 11.0593
    endloop
  endfacet
  facet normal -0.0743776 0.439009 0.895399
    outer loop
      vertex 14.661 19.2075 9.48273
      vertex -17.9042 10.4747 11.0593
      vertex 14.9749 17.6203 10.287
    endloop
  endfacet
  facet normal 0.075875 0.765962 0.638393
    outer loop
      vertex 16.4113 21.5281 7.48621
      vertex 16.4113 20.6523 8.53702
      vertex 18.4081 20.4545 8.53702
    endloop
  endfacet
  facet normal 0.0590179 0.595788 0.80097
    outer loop
      vertex 16.4113 20.6523 8.53702
      vertex 16.4113 19.3809 9.48273
      vertex 18.4081 20.4545 8.53702
    endloop
  endfacet
  facet normal 0.925311 -0.0905911 -0.368229
    outer loop
      vertex 27.7395 8.08998 5.23329
      vertex 27.3041 8.17708 4.11776
      vertex 27.9614 10.3565 5.23329
    endloop
  endfacet
  facet normal -0.0176846 0.315116 0.948888
    outer loop
      vertex 16.4113 17.7626 10.287
      vertex 5.92968 10.0561 12.6509
      vertex 16.4113 15.8598 10.9189
    endloop
  endfacet
  facet normal 0.00127909 0.124645 0.992201
    outer loop
      vertex 1.11191 6.98529 13.305
      vertex 5.92968 6.08172 13.4123
      vertex 5.92968 8.12829 13.1552
    endloop
  endfacet
  facet normal 0.00127578 0.124628 0.992203
    outer loop
      vertex 5.92968 6.08172 13.4123
      vertex 1.11191 6.98529 13.305
      vertex 1.11191 5.41611 13.5021
    endloop
  endfacet
  facet normal 0.00128418 0.12463 0.992202
    outer loop
      vertex -0.985275 6.48773 13.3702
      vertex -14.7239 3.22828 13.7974
      vertex -0.985275 5.12637 13.5412
    endloop
  endfacet
  facet normal 0.931046 -0.252808 -0.263138
    outer loop
      vertex 24.9832 -12.0563 4.16062
      vertex 24.6263 -13.3707 4.16062
      vertex 24.7468 -12.0038 3.27374
    endloop
  endfacet
  facet normal 0.720188 0.587586 0.368879
    outer loop
      vertex 24.5784 18.5717 6.37068
      vertex 24.2646 18.256 7.48621
      vertex 25.6458 16.5631 7.48621
    endloop
  endfacet
  facet normal 0.530214 0.281729 -0.799689
    outer loop
      vertex 25.8677 14.2966 3.06695
      vertex 24.6999 13.81 2.12124
      vertex 24.9219 16.0766 3.06695
    endloop
  endfacet
  facet normal 0.925311 0.0905879 -0.368229
    outer loop
      vertex 27.9614 10.3565 5.23329
      vertex 27.3041 12.536 4.11776
      vertex 27.7395 12.6231 5.23329
    endloop
  endfacet
  facet normal 0.597242 0.487277 -0.637074
    outer loop
      vertex 25.6458 16.5631 4.11776
      vertex 23.6489 17.6368 3.06695
      vertex 24.2646 18.256 4.11776
    endloop
  endfacet
  facet normal 0.174797 0.572788 0.80085
    outer loop
      vertex 18.4081 20.4545 8.53702
      vertex 18.1615 19.2075 9.48273
      vertex 19.8445 18.6939 9.48273
    endloop
  endfacet
  facet normal 0.0197455 -0.00983045 0.999757
    outer loop
      vertex -13.9177 2.66813 13.7974
      vertex -0.985275 3.67694 13.5519
      vertex -0.985275 3.70745 13.5522
    endloop
  endfacet
  facet normal 0.0198007 -0.01054 0.999748
    outer loop
      vertex -0.985275 3.67694 13.5519
      vertex -13.9177 2.66813 13.7974
      vertex -13.9645 2.58021 13.7974
    endloop
  endfacet
  facet normal 0.0196744 -0.00915116 0.999765
    outer loop
      vertex 1.11191 3.87599 13.5124
      vertex 1.11191 3.85414 13.5122
      vertex 6.39606 4.30065 13.4123
    endloop
  endfacet
  facet normal 0.109167 -0.918875 0.379146
    outer loop
      vertex 13.7644 -22.9394 8.0003
      vertex 13.7644 -23.4313 6.80816
      vertex 15.7559 -22.7028 8.0003
    endloop
  endfacet
  facet normal 0.778928 -0.530128 -0.335015
    outer loop
      vertex 22.5912 -17.7421 5.59267
      vertex 21.271 -19.6819 5.59267
      vertex 23.8463 -14.4325 3.27374
    endloop
  endfacet
  facet normal 0.965056 -0.262042 0
    outer loop
      vertex 24.6263 -13.3707 5.06488
      vertex 24.9832 -12.0563 4.16062
      vertex 24.9832 -12.0563 5.06488
    endloop
  endfacet
  facet normal 0.965056 -0.262042 0
    outer loop
      vertex 24.9832 -12.0563 4.16062
      vertex 24.6263 -13.3707 5.06488
      vertex 24.6263 -13.3707 4.16062
    endloop
  endfacet
  facet normal 0.901497 -0.431325 -0.0355152
    outer loop
      vertex 24.6263 -13.3707 4.16062
      vertex 22.5912 -17.7421 5.59267
      vertex 24.0467 -14.5821 4.16062
    endloop
  endfacet
  facet normal -0.188751 -0.385339 0.903265
    outer loop
      vertex -19.6894 -5.24553 11.4093
      vertex -20.1211 -5.03407 11.4093
      vertex -13.9686 -13.9354 8.89759
    endloop
  endfacet
  facet normal -0.180629 -0.368757 0.911807
    outer loop
      vertex -2.69148 -9.23239 13.1642
      vertex -20.1211 -5.03407 11.4093
      vertex -19.6894 -5.24553 11.4093
    endloop
  endfacet
  facet normal -0.241897 -0.451795 0.858701
    outer loop
      vertex -14.7861 -13.4977 8.89759
      vertex -18.2327 -12.954 8.21274
      vertex -13.9686 -13.9354 8.89759
    endloop
  endfacet
  facet normal -0.30312 -0.420811 0.855007
    outer loop
      vertex -17.9382 -11.7509 8.90928
      vertex -20.4257 -6.22114 10.749
      vertex -18.2327 -12.954 8.21274
    endloop
  endfacet
  facet normal -0.109167 -0.918875 0.379146
    outer loop
      vertex 13.7644 -22.9394 8.0003
      vertex 11.7729 -22.7028 8.0003
      vertex 13.7644 -23.4313 6.80816
    endloop
  endfacet
  facet normal 0.051503 -0.433637 0.899614
    outer loop
      vertex 13.7644 -18.7904 10.9934
      vertex 13.7644 -20.5735 10.1339
      vertex 15.0846 -18.6336 10.9934
    endloop
  endfacet
  facet normal 0.0567015 -0.0365826 0.997721
    outer loop
      vertex 6.39606 4.30065 13.4123
      vertex -1.78435 -8.12774 13.4215
      vertex 14.6338 -11.3307 12.371
    endloop
  endfacet
  facet normal 0.182378 -0.124139 0.97536
    outer loop
      vertex 17.9455 -13.999 11.6687
      vertex 15.954 -13.2705 12.1338
      vertex 17.3201 -14.9178 11.6687
    endloop
  endfacet
  facet normal 0.396251 -0.269681 0.877643
    outer loop
      vertex 20.6207 -16.1544 10.1339
      vertex 18.5496 -16.4004 10.9934
      vertex 19.5952 -17.6612 10.1339
    endloop
  endfacet
  facet normal 0.0352174 0.927818 -0.371367
    outer loop
      vertex 16.4113 21.5281 4.11776
      vertex 6.44288 21.4574 2.9958
      vertex 16.4113 21.9746 5.23329
    endloop
  endfacet
  facet normal 0.0915661 0.924494 -0.370036
    outer loop
      vertex 18.578 21.3135 4.11776
      vertex 16.4113 21.5281 4.11776
      vertex 16.4113 21.9746 5.23329
    endloop
  endfacet
  facet normal 0.271176 0.888624 -0.36988
    outer loop
      vertex 20.8313 21.0902 5.23329
      vertex 18.578 21.3135 4.11776
      vertex 18.6646 21.7514 5.23329
    endloop
  endfacet
  facet normal 0.291876 0.956456 -0
    outer loop
      vertex 20.8313 21.0902 5.23329
      vertex 18.6646 21.7514 6.37068
      vertex 20.8313 21.0902 6.37068
    endloop
  endfacet
  facet normal 0.291876 0.956456 0
    outer loop
      vertex 18.6646 21.7514 6.37068
      vertex 20.8313 21.0902 5.23329
      vertex 18.6646 21.7514 5.23329
    endloop
  endfacet
  facet normal 0.0785931 0.592486 -0.801738
    outer loop
      vertex 18.1615 19.2075 2.12124
      vertex 8.36886 20.8258 2.35721
      vertex 18.4081 20.4545 3.06695
    endloop
  endfacet
  facet normal 0.211785 0.393931 -0.894408
    outer loop
      vertex 20.5018 16.5145 1.31699
      vertex 19.8445 18.6939 2.12124
      vertex 21.3956 17.86 2.12124
    endloop
  endfacet
  facet normal 0.590345 -0.0304419 -0.806577
    outer loop
      vertex 23.7035 -10.6893 1.68645
      vertex 22.8299 -10.6893 1.04705
      vertex 25.3828 10.3565 2.12124
    endloop
  endfacet
  facet normal 0.00117615 0.00355547 -0.999993
    outer loop
      vertex 13.1076 8.34607 0.0126333
      vertex 6.82985 11.3677 0.0159931
      vertex 16.8466 11.4137 0.0279379
    endloop
  endfacet
  facet normal 0.284976 0.345182 -0.894225
    outer loop
      vertex 21.6175 15.5934 1.31699
      vertex 20.5018 16.5145 1.31699
      vertex 22.7551 16.7377 2.12124
    endloop
  endfacet
  facet normal -0.25069 -0.073914 -0.965242
    outer loop
      vertex -23.6485 -5.14347 0.354874
      vertex -23.895 -4.30743 0.354874
      vertex -23.4716 -3.5199 0.184604
    endloop
  endfacet
  facet normal 0.552964 -0.558744 -0.618091
    outer loop
      vertex 20.9825 -19.3341 4.40053
      vertex 19.4357 -20.8649 4.40053
      vertex 20.4167 -18.6518 3.27756
    endloop
  endfacet
  facet normal 0.318603 -0.871062 -0.373822
    outer loop
      vertex 15.8355 -23.1853 5.59267
      vertex 15.7559 -22.7028 4.40053
      vertex 17.6708 -22.0024 4.40053
    endloop
  endfacet
  facet normal -0.0882096 0.349953 -0.932605
    outer loop
      vertex -24.1885 18.6788 0.792769
      vertex -24.6979 18.5504 0.792769
      vertex -24.1885 19.6207 1.14621
    endloop
  endfacet
  facet normal -0.714011 0.521704 -0.466919
    outer loop
      vertex -25.9844 18.8747 1.53892
      vertex -26.0561 19.1497 1.95583
      vertex -25.475 19.945 1.95583
    endloop
  endfacet
  facet normal -0.540033 -0.0207864 -0.841387
    outer loop
      vertex -26.7495 10.6897 0.792769
      vertex -26.7997 11.9939 0.792769
      vertex -26.3314 11.9939 0.492197
    endloop
  endfacet
  facet normal -0.945806 0.112035 -0.304793
    outer loop
      vertex -27.3588 13.6083 1.53892
      vertex -27.4855 13.6729 1.95583
      vertex -27.1749 15.1608 1.53892
    endloop
  endfacet
  facet normal 0.174797 0.572788 -0.80085
    outer loop
      vertex 19.8445 18.6939 2.12124
      vertex 18.1615 19.2075 2.12124
      vertex 18.4081 20.4545 3.06695
    endloop
  endfacet
  facet normal 0.0620318 0.582574 -0.810407
    outer loop
      vertex 8.21788 20.0051 1.75568
      vertex 6.44288 20.1941 1.75568
      vertex 8.36886 20.8258 2.35721
    endloop
  endfacet
  facet normal -0.99306 0.117612 0
    outer loop
      vertex -27.4855 13.6729 1.95583
      vertex -27.2943 15.2873 2.38091
      vertex -27.2943 15.2873 1.95583
    endloop
  endfacet
  facet normal -0.99306 0.117612 0
    outer loop
      vertex -27.2943 15.2873 2.38091
      vertex -27.4855 13.6729 1.95583
      vertex -27.4855 13.6729 2.38091
    endloop
  endfacet
  facet normal -0.952225 0.0366876 0.303185
    outer loop
      vertex -27.3588 13.6083 2.79781
      vertex -27.421 11.9939 2.79781
      vertex -26.7546 9.46743 5.19652
    endloop
  endfacet
  facet normal -0.954544 0.0367769 0.295794
    outer loop
      vertex -27.3588 13.6083 2.79781
      vertex -27.4855 13.6729 2.38091
      vertex -27.421 11.9939 2.79781
    endloop
  endfacet
  facet normal -0.424649 0.0701223 0.902638
    outer loop
      vertex -20.8668 5.91778 11.7386
      vertex -22.2656 6.19106 11.0593
      vertex -18.6771 2.75957 13.0141
    endloop
  endfacet
  facet normal -0.666485 0.317187 0.674678
    outer loop
      vertex -25.8436 18.3353 3.19053
      vertex -26.4742 17.8456 2.79781
      vertex -26.295 17.3868 3.19053
    endloop
  endfacet
  facet normal -0.763159 0.217079 0.608659
    outer loop
      vertex -26.6655 16.2311 3.19053
      vertex -26.8762 16.5915 2.79781
      vertex -26.1783 10.2742 5.92593
    endloop
  endfacet
  facet normal -0.746798 0.239412 0.620464
    outer loop
      vertex -26.4742 17.8456 2.79781
      vertex -26.6655 16.2311 3.19053
      vertex -26.295 17.3868 3.19053
    endloop
  endfacet
  facet normal -0.890202 0.285353 -0.355126
    outer loop
      vertex -26.8762 16.5915 1.53892
      vertex -26.9836 16.7753 1.95583
      vertex -26.4742 17.8456 1.53892
    endloop
  endfacet
  facet normal -0.642392 0.134126 -0.754548
    outer loop
      vertex -26.6009 14.5521 0.792769
      vertex -26.9408 14.9125 1.14621
      vertex -26.3596 15.7078 0.792769
    endloop
  endfacet
  facet normal -0.727699 0.0729353 0.682008
    outer loop
      vertex -24.3899 6.60607 9.17796
      vertex -24.5381 5.12743 9.17796
      vertex -23.5852 5.12743 10.1947
    endloop
  endfacet
  facet normal -0.82761 0.082949 0.555141
    outer loop
      vertex -24.3899 6.60607 9.17796
      vertex -26.2845 9.46743 5.92593
      vertex -24.5381 5.12743 9.17796
    endloop
  endfacet
  facet normal -0.878987 -0.0881496 0.468627
    outer loop
      vertex -25.1946 5.12743 8.04826
      vertex -26.5144 -0.550374 4.50475
      vertex -25.0337 3.52301 8.04826
    endloop
  endfacet
  facet normal -0.906637 -0.0506626 0.418859
    outer loop
      vertex -25.1946 5.12743 8.04826
      vertex -26.7546 9.46743 5.19652
      vertex -26.5144 -0.550374 4.50475
    endloop
  endfacet
  facet normal -0.847716 -0.132327 0.513681
    outer loop
      vertex -24.3899 3.64879 9.17796
      vertex -26.2033 -2.87513 4.50475
      vertex -22.9421 -2.78978 9.90862
    endloop
  endfacet
  facet normal -0.58132 -0.192435 0.790592
    outer loop
      vertex -21.1541 -3.66546 11.4093
      vertex -22.102 -3.51473 10.749
      vertex -21.8158 -4.3793 10.749
    endloop
  endfacet
  facet normal -0.997625 -0.0688752 0
    outer loop
      vertex -26.7287 -0.646996 3.14908
      vertex -27.4855 10.3149 2.38091
      vertex -27.4855 10.3149 1.95583
    endloop
  endfacet
  facet normal -0.997625 -0.0688752 0
    outer loop
      vertex -27.4855 10.3149 2.38091
      vertex -26.7287 -0.646996 3.14908
      vertex -26.7287 -0.646996 3.83349
    endloop
  endfacet
  facet normal -0.999261 0.0384468 0
    outer loop
      vertex -27.5501 11.9939 1.95583
      vertex -27.4855 13.6729 2.38091
      vertex -27.4855 13.6729 1.95583
    endloop
  endfacet
  facet normal -0.999261 0.0384468 0
    outer loop
      vertex -27.4855 13.6729 2.38091
      vertex -27.5501 11.9939 1.95583
      vertex -27.5501 11.9939 2.38091
    endloop
  endfacet
  facet normal -0.980944 -0.0426042 0.189563
    outer loop
      vertex -26.8379 1.86729 3.83349
      vertex -27.4855 10.3149 2.38091
      vertex -26.7287 -0.646996 3.83349
    endloop
  endfacet
  facet normal -0.974881 -0.03706 0.219622
    outer loop
      vertex -26.9942 9.46743 4.42217
      vertex -27.5501 11.9939 2.38091
      vertex -26.8379 1.86729 3.83349
    endloop
  endfacet
  facet normal -0.719335 -0.435415 0.541267
    outer loop
      vertex -21.9091 -5.90975 9.90862
      vertex -22.2852 -6.51682 8.92044
      vertex -20.0525 -12.1033 7.39369
    endloop
  endfacet
  facet normal -0.654658 -0.332795 0.678727
    outer loop
      vertex -21.4306 -5.1371 10.749
      vertex -22.3785 -4.98637 9.90862
      vertex -21.9091 -5.90975 9.90862
    endloop
  endfacet
  facet normal -0.562896 -0.622376 0.543871
    outer loop
      vertex -19.3105 -13.1336 7.39369
      vertex -19.5419 -13.7196 6.48361
      vertex -18.464 -13.8992 7.39369
    endloop
  endfacet
  facet normal -0.562892 -0.622386 0.543865
    outer loop
      vertex -18.464 -13.8992 7.39369
      vertex -19.5419 -13.7196 6.48361
      vertex -18.6234 -14.5503 6.48361
    endloop
  endfacet
  facet normal -0.124362 -0.178961 0.975965
    outer loop
      vertex -15.3051 2.42815 13.7974
      vertex -16.748 1.98839 13.5329
      vertex -16.4453 1.77804 13.5329
    endloop
  endfacet
  facet normal -0.86138 -0.0863337 0.500572
    outer loop
      vertex -24.5381 5.12743 9.17796
      vertex -25.1946 5.12743 8.04826
      vertex -24.3899 3.64879 9.17796
    endloop
  endfacet
  facet normal -0.760018 -0.40852 0.505453
    outer loop
      vertex -22.2852 -6.51682 8.92044
      vertex -25.0183 -6.89555 4.50475
      vertex -24.1899 -8.43672 4.50475
    endloop
  endfacet
  facet normal -0.741954 -0.435777 0.509512
    outer loop
      vertex -22.2852 -6.51682 8.92044
      vertex -24.1899 -8.43672 4.50475
      vertex -20.0525 -12.1033 7.39369
    endloop
  endfacet
  facet normal -0.518929 -0.0689045 -0.852036
    outer loop
      vertex -24.4783 -3.81493 0.571588
      vertex -26.6009 9.43566 0.792769
      vertex -26.1683 9.8944 0.492197
    endloop
  endfacet
  facet normal -0.191072 -0.179145 0.96509
    outer loop
      vertex -16.973 2.22837 13.5329
      vertex -20.0278 -3.50362 11.8641
      vertex -16.748 1.98839 13.5329
    endloop
  endfacet
  facet normal 0.0391207 -0.106942 0.993495
    outer loop
      vertex 14.9494 -14.0799 12.1338
      vertex -1.99155 -8.31432 13.4215
      vertex 14.3685 -14.2924 12.1338
    endloop
  endfacet
  facet normal -0.421472 0.0728394 0.903911
    outer loop
      vertex -18.6011 3.19933 13.0141
      vertex -20.8668 5.91778 11.7386
      vertex -18.6771 2.75957 13.0141
    endloop
  endfacet
  facet normal -0.596633 -0.0364594 0.801685
    outer loop
      vertex -21.542 -1.601 11.4093
      vertex -23.5852 5.12743 10.1947
      vertex -21.4977 -2.32594 11.4093
    endloop
  endfacet
  facet normal -0.579445 0.0580737 0.812939
    outer loop
      vertex -22.2656 6.19106 11.0593
      vertex -23.5852 5.12743 10.1947
      vertex -22.3722 5.12743 11.0593
    endloop
  endfacet
  facet normal -0.680202 0.266488 0.682869
    outer loop
      vertex -23.0703 7.66971 10.1947
      vertex -26.295 17.3868 3.19053
      vertex -23.9507 8.02789 9.17796
    endloop
  endfacet
  facet normal -0.199545 0.247584 0.948095
    outer loop
      vertex -19.1128 8.49588 11.7386
      vertex -19.7379 7.99207 11.7386
      vertex -16.748 3.53076 13.5329
    endloop
  endfacet
  facet normal -0.307775 0.164009 0.937217
    outer loop
      vertex -16.973 3.29077 13.5329
      vertex -20.632 6.67776 11.7386
      vertex -18.3762 3.6222 13.0141
    endloop
  endfacet
  facet normal -0.305731 0.166354 0.937473
    outer loop
      vertex -20.2509 7.37816 11.7386
      vertex -20.632 6.67776 11.7386
      vertex -16.973 3.29077 13.5329
    endloop
  endfacet
  facet normal -0.132019 0.282117 0.950253
    outer loop
      vertex -16.0764 3.91373 13.5329
      vertex -18.3997 8.87026 11.7386
      vertex -16.4453 3.7411 13.5329
    endloop
  endfacet
  facet normal -0.0544609 0.314879 0.947568
    outer loop
      vertex -15.1988 4.12099 13.5329
      vertex -17.626 9.10079 11.7386
      vertex -15.6555 4.042 13.5329
    endloop
  endfacet
  facet normal -0.273308 0.33908 0.900182
    outer loop
      vertex -19.9052 9.66061 11.0593
      vertex -20.7464 8.98258 11.0593
      vertex -19.7379 7.99207 11.7386
    endloop
  endfacet
  facet normal -0.368039 0.456619 0.809967
    outer loop
      vertex -20.5791 10.6511 10.1947
      vertex -21.6041 9.82494 10.1947
      vertex -19.9052 9.66061 11.0593
    endloop
  endfacet
  facet normal -0.098708 0.762569 0.639332
    outer loop
      vertex 14.2445 21.3135 7.48621
      vertex -24.1885 20.2694 2.79781
      vertex 14.4144 20.4545 8.53702
    endloop
  endfacet
  facet normal -0.244414 0.969671 0
    outer loop
      vertex -24.1885 20.6001 1.95583
      vertex -24.8443 20.4348 2.38091
      vertex -24.1885 20.6001 2.38091
    endloop
  endfacet
  facet normal -0.244414 0.969671 0
    outer loop
      vertex -24.8443 20.4348 2.38091
      vertex -24.1885 20.6001 1.95583
      vertex -24.8443 20.4348 1.95583
    endloop
  endfacet
  facet normal -0.216264 0.545098 0.809999
    outer loop
      vertex -19.4097 11.265 10.1947
      vertex -24.8191 20.1104 2.79781
      vertex -18.9455 10.1644 11.0593
    endloop
  endfacet
  facet normal -0.1681 0.564144 0.808384
    outer loop
      vertex -18.1408 11.6431 10.1947
      vertex -19.4097 11.265 10.1947
      vertex -18.9455 10.1644 11.0593
    endloop
  endfacet
  facet normal 0.0897225 -0.755398 -0.649095
    outer loop
      vertex 15.7559 -22.7028 4.40053
      vertex 13.7644 -21.9744 3.27756
      vertex 15.5998 -21.7564 3.27756
    endloop
  endfacet
  facet normal 0.422739 -0.114817 -0.898949
    outer loop
      vertex 22.7531 -11.5607 1.04705
      vertex 21.5765 -11.9594 0.544667
      vertex 21.7456 -11.3368 0.544667
    endloop
  endfacet
  facet normal 0.318594 -0.871061 -0.373833
    outer loop
      vertex 17.827 -22.4569 5.59267
      vertex 15.8355 -23.1853 5.59267
      vertex 17.6708 -22.0024 4.40053
    endloop
  endfacet
  facet normal 0.658071 -0.664949 -0.353249
    outer loop
      vertex 21.271 -19.6819 5.59267
      vertex 19.4357 -20.8649 4.40053
      vertex 20.9825 -19.3341 4.40053
    endloop
  endfacet
  facet normal -0.0179205 -0.231999 -0.972551
    outer loop
      vertex 13.7644 -16.6938 0.732137
      vertex -10.6793 -15.7514 0.957736
      vertex -10.6793 -14.5134 0.662415
    endloop
  endfacet
  facet normal 0.327982 -0.508839 -0.795934
    outer loop
      vertex 17.3646 -21.1109 3.27756
      vertex 16.92 -19.8166 2.26691
      vertex 18.3456 -18.8977 2.26691
    endloop
  endfacet
  facet normal -0.109167 -0.918875 -0.379146
    outer loop
      vertex 13.7644 -23.4313 5.59267
      vertex 11.7729 -22.7028 4.40053
      vertex 13.7644 -22.9394 4.40053
    endloop
  endfacet
  facet normal 0.10914 -0.918863 -0.379183
    outer loop
      vertex 15.8355 -23.1853 5.59267
      vertex 13.7644 -23.4313 5.59267
      vertex 15.7559 -22.7028 4.40053
    endloop
  endfacet
  facet normal -0.243027 -0.970019 0
    outer loop
      vertex -13.6062 -16.8468 5.51024
      vertex 11.6933 -23.1853 5.59267
      vertex 11.6933 -23.1853 6.80816
    endloop
  endfacet
  facet normal -0.243027 -0.970019 0
    outer loop
      vertex 11.6933 -23.1853 5.59267
      vertex -13.6062 -16.8468 5.51024
      vertex -13.6062 -16.8468 4.52647
    endloop
  endfacet
  facet normal -0.749077 -0.618208 -0.238123
    outer loop
      vertex -23.3284 -10.0395 3.14908
      vertex -24.3113 -8.84853 3.14908
      vertex -23.4369 -9.23823 1.41016
    endloop
  endfacet
  facet normal -0.431773 -0.84126 -0.325352
    outer loop
      vertex -17.6682 -15.4142 4.53242
      vertex -18.6234 -14.5503 3.56628
      vertex -17.6268 -15.0618 3.56628
    endloop
  endfacet
  facet normal -0.755011 -0.489177 0.436651
    outer loop
      vertex -24.1899 -8.43672 4.50475
      vertex -24.3113 -8.84853 3.83349
      vertex -20.347 -12.6016 6.48361
    endloop
  endfacet
  facet normal -0.431789 -0.841259 -0.325334
    outer loop
      vertex -17.6682 -15.4142 4.53242
      vertex -18.7047 -14.8822 4.53242
      vertex -18.6234 -14.5503 3.56628
    endloop
  endfacet
  facet normal 0.00813188 -0.0954391 -0.995402
    outer loop
      vertex 18.8317 -11.3795 0.0222111
      vertex 13.7644 -14.3642 0.266987
      vertex 13.7644 -11.891 0.0298567
    endloop
  endfacet
  facet normal 0.0110821 -0.100405 -0.994885
    outer loop
      vertex 18.9522 -11.3662 0.0222111
      vertex 13.7644 -14.3642 0.266987
      vertex 18.8317 -11.3795 0.0222111
    endloop
  endfacet
  facet normal -0.0146672 -0.195783 -0.980537
    outer loop
      vertex 13.7644 -16.6938 0.732137
      vertex -10.6793 -14.5134 0.662415
      vertex 13.7644 -14.3642 0.266987
    endloop
  endfacet
  facet normal -0.0767835 -0.231351 -0.969836
    outer loop
      vertex -10.6793 -15.7514 0.957736
      vertex -11.1879 -14.3446 0.662415
      vertex -10.6793 -14.5134 0.662415
    endloop
  endfacet
  facet normal -0.00554445 -0.000603336 -0.999984
    outer loop
      vertex -22.5299 -1.56852 0.00752735
      vertex -24.5132 11.8285 0.0104408
      vertex -22.5473 -1.40862 0.00752735
    endloop
  endfacet
  facet normal 0.0207711 0.195115 -0.98056
    outer loop
      vertex 7.39163 15.5144 0.39218
      vertex 6.44288 15.6154 0.39218
      vertex 6.44288 17.4333 0.753911
    endloop
  endfacet
  facet normal -0.278863 -0.917846 0.282478
    outer loop
      vertex -14.8887 -16.1602 6.4751
      vertex -14.9978 -16.424 5.51024
      vertex -13.6062 -16.8468 5.51024
    endloop
  endfacet
  facet normal -0.339733 -0.896749 -0.28359
    outer loop
      vertex -14.9978 -16.424 4.52647
      vertex -17.6682 -15.4142 4.53242
      vertex -14.8887 -16.1602 3.5616
    endloop
  endfacet
  facet normal -0.768102 -0.100962 0.632318
    outer loop
      vertex -22.2783 -2.57661 10.749
      vertex -24.3899 3.64879 9.17796
      vertex -22.9421 -2.78978 9.90862
    endloop
  endfacet
  facet normal -0.201874 0.064674 -0.977274
    outer loop
      vertex -25.0038 13.3885 0.0933685
      vertex -25.5125 14.2587 0.256038
      vertex -24.8819 13.769 0.0933685
    endloop
  endfacet
  facet normal -0.973307 -0.229509 0
    outer loop
      vertex -25.8798 -5.29279 3.14908
      vertex -26.4052 -3.06466 3.83349
      vertex -26.4052 -3.06466 3.14908
    endloop
  endfacet
  facet normal -0.973307 -0.229509 0
    outer loop
      vertex -26.4052 -3.06466 3.83349
      vertex -25.8798 -5.29279 3.14908
      vertex -25.8798 -5.29279 3.83349
    endloop
  endfacet
  facet normal -0.102143 -0.17228 -0.979738
    outer loop
      vertex -13.3612 -11.3616 0.216088
      vertex -22.7181 -7.8357 0.571588
      vertex -22.6336 -6.65337 0.354874
    endloop
  endfacet
  facet normal -0.839841 -0.0323556 -0.541867
    outer loop
      vertex -27.3588 10.3794 1.53892
      vertex -27.421 11.9939 1.53892
      vertex -27.1103 10.506 1.14621
    endloop
  endfacet
  facet normal -0.692547 0.0266705 -0.720879
    outer loop
      vertex -26.7997 11.9939 0.792769
      vertex -27.1676 11.9939 1.14621
      vertex -27.1103 13.4818 1.14621
    endloop
  endfacet
  facet normal -0.540033 0.020788 -0.841387
    outer loop
      vertex -26.3314 11.9939 0.492197
      vertex -26.7997 11.9939 0.792769
      vertex -26.7495 13.298 0.792769
    endloop
  endfacet
  facet normal -0.07586 0.765953 0.638405
    outer loop
      vertex 16.4113 21.5281 7.48621
      vertex 14.2445 21.3135 7.48621
      vertex 14.4144 20.4545 8.53702
    endloop
  endfacet
  facet normal -0.0758713 0.765962 0.638393
    outer loop
      vertex 16.4113 21.5281 7.48621
      vertex 14.4144 20.4545 8.53702
      vertex 16.4113 20.6523 8.53702
    endloop
  endfacet
  facet normal 0.224713 0.736344 0.638201
    outer loop
      vertex 20.6614 20.6777 7.48621
      vertex 18.578 21.3135 7.48621
      vertex 20.3283 19.8686 8.53702
    endloop
  endfacet
  facet normal 0.283715 0.527726 0.800632
    outer loop
      vertex 22.0979 18.9172 8.53702
      vertex 19.8445 18.6939 9.48273
      vertex 21.3956 17.86 9.48273
    endloop
  endfacet
  facet normal -0.0440472 0.44462 0.894636
    outer loop
      vertex 16.4113 19.3809 9.48273
      vertex 14.9749 17.6203 10.287
      vertex 16.4113 17.7626 10.287
    endloop
  endfacet
  facet normal 0.584561 -0.528483 -0.615625
    outer loop
      vertex 20.9825 -19.3341 4.40053
      vertex 20.4167 -18.6518 3.27756
      vertex 22.762 -15.08 2.43831
    endloop
  endfacet
  facet normal 0.660825 -0.316162 -0.6807
    outer loop
      vertex 23.4532 -14.139 2.43831
      vertex 23.3327 -12.7721 1.68645
      vertex 23.9668 -13.0655 2.43831
    endloop
  endfacet
  facet normal 0.795168 -0.0701039 -0.602324
    outer loop
      vertex 27.5175 10.3565 4.11776
      vertex 24.2831 -11.9007 2.43831
      vertex 24.3899 -10.6893 2.43831
    endloop
  endfacet
  facet normal 0.866151 -0.0891911 -0.491759
    outer loop
      vertex 24.7468 -12.0038 3.27374
      vertex 24.2831 -11.9007 2.43831
      vertex 27.3041 8.17708 4.11776
    endloop
  endfacet
  facet normal 0.0635081 0.192034 0.979331
    outer loop
      vertex 18.5049 15.4408 10.9189
      vertex 6.31075 8.06892 13.1552
      vertex 17.7005 13.4874 11.3541
    endloop
  endfacet
  facet normal 0.804251 -0.119671 0.582116
    outer loop
      vertex 27.3041 8.17708 7.48621
      vertex 22.9914 -12.8434 9.12327
      vertex 23.7762 -13.0316 8.0003
    endloop
  endfacet
  facet normal 0.44713 -0.00858575 -0.894428
    outer loop
      vertex 25.3828 10.3565 2.12124
      vertex 22.8299 -10.6893 1.04705
      vertex 23.774 10.3565 1.31699
    endloop
  endfacet
  facet normal 0.680972 0.361833 -0.636674
    outer loop
      vertex 25.8677 14.2966 3.06695
      vertex 24.9219 16.0766 3.06695
      vertex 26.6721 14.6317 4.11776
    endloop
  endfacet
  facet normal 0.00329727 0.000994098 -0.999994
    outer loop
      vertex 17.527 10.5798 0.0279379
      vertex 17.2973 6.14977 0.0227766
      vertex 17.4623 10.7944 0.0279379
    endloop
  endfacet
  facet normal 0.598045 0.0585629 -0.79932
    outer loop
      vertex 26.6469 10.3565 3.06695
      vertex 25.2105 12.1171 2.12124
      vertex 26.4502 12.3652 3.06695
    endloop
  endfacet
  facet normal 0.429593 0.129561 -0.89368
    outer loop
      vertex 23.6326 11.8014 1.31699
      vertex 23.2136 13.1907 1.31699
      vertex 24.6999 13.81 2.12124
    endloop
  endfacet
  facet normal 0.575145 0.173471 -0.799447
    outer loop
      vertex 25.2105 12.1171 2.12124
      vertex 24.6999 13.81 2.12124
      vertex 26.4502 12.3652 3.06695
    endloop
  endfacet
  facet normal 0.995242 0.0974341 0
    outer loop
      vertex 27.9614 10.3565 6.37068
      vertex 27.7395 12.6231 5.23329
      vertex 27.7395 12.6231 6.37068
    endloop
  endfacet
  facet normal 0.995242 0.0974341 0
    outer loop
      vertex 27.7395 12.6231 5.23329
      vertex 27.9614 10.3565 6.37068
      vertex 27.9614 10.3565 5.23329
    endloop
  endfacet
  facet normal 0.439975 0.818406 0.36964
    outer loop
      vertex 20.8313 21.0902 6.37068
      vertex 20.6614 20.6777 7.48621
      vertex 22.5816 19.6454 7.48621
    endloop
  endfacet
  facet normal 0.768498 -0.0633971 -0.636704
    outer loop
      vertex 27.5175 10.3565 4.11776
      vertex 24.3899 -10.6893 2.43831
      vertex 26.6469 10.3565 3.06695
    endloop
  endfacet
  facet normal 0.598748 -0.0312416 -0.800328
    outer loop
      vertex 26.6469 10.3565 3.06695
      vertex 23.7035 -10.6893 1.68645
      vertex 25.3828 10.3565 2.12124
    endloop
  endfacet
  facet normal 0.0312073 0.315012 0.948575
    outer loop
      vertex 16.4113 17.7626 10.287
      vertex 16.4113 15.8598 10.9189
      vertex 17.8477 17.6203 10.287
    endloop
  endfacet
  facet normal 0.0194159 0.124622 0.992014
    outer loop
      vertex 6.31075 8.06892 13.1552
      vertex 5.92968 8.12829 13.1552
      vertex 6.05835 6.06168 13.4123
    endloop
  endfacet
  facet normal 0.101857 -0.0451346 0.993775
    outer loop
      vertex 14.7304 -11.1127 12.371
      vertex 14.6338 -11.3307 12.371
      vertex 16.6253 -12.0591 12.1338
    endloop
  endfacet
  facet normal 0.419555 -0.0342865 0.907082
    outer loop
      vertex 20.5317 -10.6302 10.9934
      vertex 20.4016 -12.2222 10.9934
      vertex 23.774 10.3565 10.287
    endloop
  endfacet
  facet normal 0.112603 0.0918808 0.989383
    outer loop
      vertex 18.7935 12.7528 11.3541
      vertex 6.29611 5.90589 13.4123
      vertex 19.2125 12.2393 11.3541
    endloop
  endfacet
  facet normal 0.0312254 0.314998 0.948578
    outer loop
      vertex 17.8477 17.6203 10.287
      vertex 16.4113 15.8598 10.9189
      vertex 17.4786 15.754 10.9189
    endloop
  endfacet
  facet normal 0.234015 -0.0191131 0.972045
    outer loop
      vertex 16.861 -10.6302 12.1338
      vertex 16.8015 -11.3587 12.1338
      vertex 18.6963 -11.8132 11.6687
    endloop
  endfacet
  facet normal 0.18238 -0.124133 0.975361
    outer loop
      vertex 16.3391 -12.7047 12.1338
      vertex 15.954 -13.2705 12.1338
      vertex 17.9455 -13.999 11.6687
    endloop
  endfacet
  facet normal 0.913009 -0.404751 0.0509033
    outer loop
      vertex 23.5723 -15.529 6.80816
      vertex 22.5912 -17.7421 6.80816
      vertex 24.6263 -13.3707 5.06488
    endloop
  endfacet
  facet normal 0.934218 -0.253669 0.250776
    outer loop
      vertex 24.9832 -12.0563 5.06488
      vertex 23.5723 -15.529 6.80816
      vertex 24.6263 -13.3707 5.06488
    endloop
  endfacet
  facet normal 0.906571 -0.422053 0
    outer loop
      vertex 22.5912 -17.7421 5.59267
      vertex 24.6263 -13.3707 5.06488
      vertex 22.5912 -17.7421 6.80816
    endloop
  endfacet
  facet normal 0.906571 -0.422053 0
    outer loop
      vertex 24.6263 -13.3707 5.06488
      vertex 22.5912 -17.7421 5.59267
      vertex 24.6263 -13.3707 4.16062
    endloop
  endfacet
  facet normal 0.822074 -0.501138 -0.270289
    outer loop
      vertex 24.0467 -14.5821 4.16062
      vertex 22.5912 -17.7421 5.59267
      vertex 23.8463 -14.4325 3.27374
    endloop
  endfacet
  facet normal -0.213817 -0.399349 0.891517
    outer loop
      vertex -13.9686 -13.9354 8.89759
      vertex -20.1211 -5.03407 11.4093
      vertex -14.7861 -13.4977 8.89759
    endloop
  endfacet
  facet normal -0.219585 -0.402189 0.888834
    outer loop
      vertex -14.7861 -13.4977 8.89759
      vertex -20.1211 -5.03407 11.4093
      vertex -17.9382 -11.7509 8.90928
    endloop
  endfacet
  facet normal -0.188993 -0.621866 0.759977
    outer loop
      vertex 11.9291 -21.7564 9.12327
      vertex -14.364 -14.8915 8.20196
      vertex -13.2831 -15.22 8.20196
    endloop
  endfacet
  facet normal -0.463667 -0.512662 0.722627
    outer loop
      vertex -18.9746 -12.2829 8.21274
      vertex -19.3105 -13.1336 7.39369
      vertex -18.464 -13.8992 7.39369
    endloop
  endfacet
  facet normal -0.245515 -0.478373 0.843138
    outer loop
      vertex -13.9686 -13.9354 8.89759
      vertex -18.2327 -12.954 8.21274
      vertex -17.4276 -13.3672 8.21274
    endloop
  endfacet
  facet normal -0.463738 -0.512662 0.722582
    outer loop
      vertex -18.2327 -12.954 8.21274
      vertex -18.9746 -12.2829 8.21274
      vertex -18.464 -13.8992 7.39369
    endloop
  endfacet
  facet normal -0.431772 -0.841259 0.325355
    outer loop
      vertex -17.6268 -15.0618 6.48361
      vertex -18.6234 -14.5503 6.48361
      vertex -17.6682 -15.4142 5.51748
    endloop
  endfacet
  facet normal -0.247855 -0.815679 0.522719
    outer loop
      vertex -13.4415 -16.0175 7.38399
      vertex -14.8887 -16.1602 6.4751
      vertex -13.5506 -16.5668 6.4751
    endloop
  endfacet
  facet normal -0.0363845 -0.306379 0.951214
    outer loop
      vertex 13.7644 -16.6938 11.6687
      vertex 12.7834 -16.5773 11.6687
      vertex 13.7644 -18.7904 10.9934
    endloop
  endfacet
  facet normal -0.031398 -0.26439 0.963905
    outer loop
      vertex 13.7644 -16.6938 11.6687
      vertex -2.43498 -9.31777 13.1642
      vertex 12.7834 -16.5773 11.6687
    endloop
  endfacet
  facet normal 0.149949 -0.151499 0.977017
    outer loop
      vertex 15.954 -13.2705 12.1338
      vertex 15.4848 -13.7349 12.1338
      vertex 17.3201 -14.9178 11.6687
    endloop
  endfacet
  facet normal 0.10185 -0.0451512 0.993775
    outer loop
      vertex 16.6253 -12.0591 12.1338
      vertex 14.6338 -11.3307 12.371
      vertex 16.3391 -12.7047 12.1338
    endloop
  endfacet
  facet normal 0.155238 0.0151905 0.98776
    outer loop
      vertex 19.7156 11.0177 11.3541
      vertex 16.8015 -9.90176 12.1338
      vertex 19.7803 10.3565 11.3541
    endloop
  endfacet
  facet normal 0.0199308 -0.0123997 0.999724
    outer loop
      vertex -0.985275 3.67694 13.5519
      vertex -2.19368 1.1944 13.5452
      vertex -0.985275 1.75 13.528
    endloop
  endfacet
  facet normal 0.0199615 -0.0123877 0.999724
    outer loop
      vertex -2.19368 1.1944 13.5452
      vertex -13.9645 2.58021 13.7974
      vertex -2.19368 0 13.5304
    endloop
  endfacet
  facet normal 0.0199585 -0.0124131 0.999724
    outer loop
      vertex -13.9645 2.58021 13.7974
      vertex -2.19368 1.1944 13.5452
      vertex -0.985275 3.67694 13.5519
    endloop
  endfacet
  facet normal 0.0199482 -0.0124 0.999724
    outer loop
      vertex 1.11191 3.85414 13.5122
      vertex 2.32021 1.1944 13.4551
      vertex 6.39606 4.30065 13.4123
    endloop
  endfacet
  facet normal 0.0199467 -0.0124007 0.999724
    outer loop
      vertex 2.32021 1.1944 13.4551
      vertex 1.11191 3.85414 13.5122
      vertex 1.11191 1.75 13.4861
    endloop
  endfacet
  facet normal 0.0199388 -0.0123877 0.999724
    outer loop
      vertex 2.32021 0 13.4403
      vertex 6.39606 4.30065 13.4123
      vertex 2.32021 1.1944 13.4551
    endloop
  endfacet
  facet normal 0.0199251 -0.0123747 0.999725
    outer loop
      vertex 2.32021 0 13.4403
      vertex -1.78435 -8.12774 13.4215
      vertex 6.39606 4.30065 13.4123
    endloop
  endfacet
  facet normal 0.0199551 -0.0123899 0.999724
    outer loop
      vertex -2.19368 0 13.5304
      vertex -1.78435 -8.12774 13.4215
      vertex 2.32021 0 13.4403
    endloop
  endfacet
  facet normal 0.0199611 -0.0123896 0.999724
    outer loop
      vertex -1.78435 -8.12774 13.4215
      vertex -2.19368 0 13.5304
      vertex -13.9645 2.58021 13.7974
    endloop
  endfacet
  facet normal 0.0985723 0.99513 -0
    outer loop
      vertex 18.6646 21.7514 5.23329
      vertex 16.4113 21.9746 6.37068
      vertex 18.6646 21.7514 6.37068
    endloop
  endfacet
  facet normal 0.0985723 0.99513 0
    outer loop
      vertex 16.4113 21.9746 6.37068
      vertex 18.6646 21.7514 5.23329
      vertex 16.4113 21.9746 5.23329
    endloop
  endfacet
  facet normal 0.439975 0.818406 -0.36964
    outer loop
      vertex 22.5816 19.6454 4.11776
      vertex 20.6614 20.6777 4.11776
      vertex 20.8313 21.0902 5.23329
    endloop
  endfacet
  facet normal 0.271183 0.888616 -0.369894
    outer loop
      vertex 20.6614 20.6777 4.11776
      vertex 18.578 21.3135 4.11776
      vertex 20.8313 21.0902 5.23329
    endloop
  endfacet
  facet normal 0.347131 0.283239 -0.894022
    outer loop
      vertex 23.8709 15.3702 2.12124
      vertex 22.5332 14.4711 1.31699
      vertex 22.7551 16.7377 2.12124
    endloop
  endfacet
  facet normal 0.364674 0.678292 -0.637913
    outer loop
      vertex 22.0979 18.9172 3.06695
      vertex 20.3283 19.8686 3.06695
      vertex 22.5816 19.6454 4.11776
    endloop
  endfacet
  facet normal 0.0172984 0.195128 -0.980625
    outer loop
      vertex 6.44288 15.6154 0.39218
      vertex -9.97693 16.8921 0.356573
      vertex 6.44288 17.4333 0.753911
    endloop
  endfacet
  facet normal 0.0027376 0.00145526 -0.999995
    outer loop
      vertex 17.4623 10.7944 0.0279379
      vertex 13.2154 8.26686 0.0126333
      vertex 17.3571 10.9923 0.0279379
    endloop
  endfacet
  facet normal 0.0960358 0.178644 -0.979216
    outer loop
      vertex 19.4508 14.9323 0.685091
      vertex 17.7005 13.4874 0.249831
      vertex 18.5049 15.4408 0.685091
    endloop
  endfacet
  facet normal 0.00117643 0.00385638 -0.999992
    outer loop
      vertex 16.8466 11.4137 0.0279379
      vertex 6.64015 11.4299 0.0159931
      vertex 16.6332 11.4788 0.0279379
    endloop
  endfacet
  facet normal 0.030382 0.285264 -0.957967
    outer loop
      vertex 7.99868 18.8137 1.21431
      vertex 6.44288 17.4333 0.753911
      vertex 6.44288 18.9794 1.21431
    endloop
  endfacet
  facet normal 0.0200653 0.285339 -0.958217
    outer loop
      vertex 6.44288 17.4333 0.753911
      vertex -11.1291 18.0659 0.574325
      vertex 6.44288 18.9794 1.21431
    endloop
  endfacet
  facet normal -0.0611857 0.242741 -0.96816
    outer loop
      vertex -24.6066 17.3746 0.492197
      vertex -24.6979 18.5504 0.792769
      vertex -24.1885 18.6788 0.792769
    endloop
  endfacet
  facet normal -0.543109 0.396929 -0.739919
    outer loop
      vertex -25.8436 18.3353 1.14621
      vertex -25.9844 18.8747 1.53892
      vertex -25.3285 19.0401 1.14621
    endloop
  endfacet
  facet normal 0.0565328 0.830195 -0.554599
    outer loop
      vertex 16.4113 21.5281 4.11776
      vertex 6.44288 21.0308 2.35721
      vertex 6.44288 21.4574 2.9958
    endloop
  endfacet
  facet normal 0.0757101 0.711298 -0.698801
    outer loop
      vertex 8.36886 20.8258 2.35721
      vertex 6.44288 21.0308 2.35721
      vertex 18.4081 20.4545 3.06695
    endloop
  endfacet
  facet normal -0.945804 0.112034 0.304799
    outer loop
      vertex -27.1749 15.1608 2.79781
      vertex -27.4855 13.6729 2.38091
      vertex -27.3588 13.6083 2.79781
    endloop
  endfacet
  facet normal -0.999261 -0.0384468 0
    outer loop
      vertex -27.4855 10.3149 1.95583
      vertex -27.5501 11.9939 2.38091
      vertex -27.5501 11.9939 1.95583
    endloop
  endfacet
  facet normal -0.999261 -0.0384468 0
    outer loop
      vertex -27.5501 11.9939 2.38091
      vertex -27.4855 10.3149 1.95583
      vertex -27.4855 10.3149 2.38091
    endloop
  endfacet
  facet normal -0.97553 -0.0375338 0.216637
    outer loop
      vertex -26.8379 1.86729 3.83349
      vertex -27.5501 11.9939 2.38091
      vertex -27.4855 10.3149 2.38091
    endloop
  endfacet
  facet normal -0.954922 0.0286152 0.295473
    outer loop
      vertex -26.7546 9.46743 5.19652
      vertex -27.5501 11.9939 2.38091
      vertex -26.9942 9.46743 4.42217
    endloop
  endfacet
  facet normal -0.699197 0.215982 0.681525
    outer loop
      vertex -23.9507 8.02789 9.17796
      vertex -24.3899 6.60607 9.17796
      vertex -23.0703 7.66971 10.1947
    endloop
  endfacet
  facet normal -0.556947 0.172013 0.81254
    outer loop
      vertex -23.0703 7.66971 10.1947
      vertex -23.4552 6.42347 10.1947
      vertex -22.2656 6.19106 11.0593
    endloop
  endfacet
  facet normal -0.926113 0.193376 0.323914
    outer loop
      vertex -26.9836 16.7753 2.38091
      vertex -27.2943 15.2873 2.38091
      vertex -27.1749 15.1608 2.79781
    endloop
  endfacet
  facet normal -0.725006 0.223954 0.651315
    outer loop
      vertex -23.9507 8.02789 9.17796
      vertex -26.1783 10.2742 5.92593
      vertex -24.3899 6.60607 9.17796
    endloop
  endfacet
  facet normal -0.890227 0.28541 0.355017
    outer loop
      vertex -26.5655 18.0794 2.38091
      vertex -26.9836 16.7753 2.38091
      vertex -26.4742 17.8456 2.79781
    endloop
  endfacet
  facet normal -0.666487 0.317214 -0.674663
    outer loop
      vertex -25.8436 18.3353 1.14621
      vertex -26.4742 17.8456 1.53892
      vertex -25.9844 18.8747 1.53892
    endloop
  endfacet
  facet normal -0.826856 0.393542 -0.401788
    outer loop
      vertex -25.9844 18.8747 1.53892
      vertex -26.4742 17.8456 1.53892
      vertex -26.0561 19.1497 1.95583
    endloop
  endfacet
  facet normal -0.797132 0.166424 -0.580416
    outer loop
      vertex -26.6655 16.2311 1.14621
      vertex -27.1749 15.1608 1.53892
      vertex -26.8762 16.5915 1.53892
    endloop
  endfacet
  facet normal -0.826394 0.0978898 -0.554518
    outer loop
      vertex -26.9408 14.9125 1.14621
      vertex -27.3588 13.6083 1.53892
      vertex -27.1749 15.1608 1.53892
    endloop
  endfacet
  facet normal -0.835442 0.109945 0.538469
    outer loop
      vertex -26.6394 10.3428 5.19652
      vertex -26.7546 9.46743 5.19652
      vertex -26.1783 10.2742 5.92593
    endloop
  endfacet
  facet normal -0.824671 0.175194 0.537796
    outer loop
      vertex -26.1783 10.2742 5.92593
      vertex -26.8762 16.5915 2.79781
      vertex -26.6394 10.3428 5.19652
    endloop
  endfacet
  facet normal -0.727699 -0.0729353 0.682008
    outer loop
      vertex -23.5852 5.12743 10.1947
      vertex -24.5381 5.12743 9.17796
      vertex -24.3899 3.64879 9.17796
    endloop
  endfacet
  facet normal -0.861404 -0.0863863 0.50052
    outer loop
      vertex -24.3899 3.64879 9.17796
      vertex -25.1946 5.12743 8.04826
      vertex -25.0337 3.52301 8.04826
    endloop
  endfacet
  facet normal -0.758785 -0.142598 0.63554
    outer loop
      vertex -22.2783 -2.57661 10.749
      vertex -22.7273 -3.93288 9.90862
      vertex -22.102 -3.51473 10.749
    endloop
  endfacet
  facet normal -0.758798 -0.142586 0.635528
    outer loop
      vertex -22.2783 -2.57661 10.749
      vertex -22.9421 -2.78978 9.90862
      vertex -22.7273 -3.93288 9.90862
    endloop
  endfacet
  facet normal -0.81394 -0.294686 0.500662
    outer loop
      vertex -22.8207 -5.46334 8.92044
      vertex -25.6982 -5.01763 4.50475
      vertex -25.0183 -6.89555 4.50475
    endloop
  endfacet
  facet normal -0.874842 -0.316736 0.366511
    outer loop
      vertex -25.6982 -5.01763 4.50475
      vertex -25.8798 -5.29279 3.83349
      vertex -25.0183 -6.89555 4.50475
    endloop
  endfacet
  facet normal -0.621294 -0.447443 0.643264
    outer loop
      vertex -19.3105 -13.1336 7.39369
      vertex -21.9091 -5.90975 9.90862
      vertex -20.0525 -12.1033 7.39369
    endloop
  endfacet
  facet normal -0.757523 -0.591827 0.275498
    outer loop
      vertex -19.5419 -13.7196 6.48361
      vertex -24.3113 -8.84853 3.83349
      vertex -19.6599 -14.0183 5.51748
    endloop
  endfacet
  facet normal -0.52228 -0.265482 0.810396
    outer loop
      vertex -21.1541 -3.66546 11.4093
      vertex -21.8158 -4.3793 10.749
      vertex -21.4306 -5.1371 10.749
    endloop
  endfacet
  facet normal -0.563161 -0.446869 0.695095
    outer loop
      vertex -18.9746 -12.2829 8.21274
      vertex -21.3372 -6.66756 9.90862
      vertex -19.3105 -13.1336 7.39369
    endloop
  endfacet
  facet normal -0.718802 -0.237988 0.653211
    outer loop
      vertex -21.8158 -4.3793 10.749
      vertex -22.7273 -3.93288 9.90862
      vertex -22.3785 -4.98637 9.90862
    endloop
  endfacet
  facet normal -0.767562 -0.390163 0.508548
    outer loop
      vertex -22.8207 -5.46334 8.92044
      vertex -25.0183 -6.89555 4.50475
      vertex -22.2852 -6.51682 8.92044
    endloop
  endfacet
  facet normal -0.681016 -0.457683 -0.571615
    outer loop
      vertex -23.4369 -9.23823 1.41016
      vertex -23.9744 -8.43845 1.41016
      vertex -23.3911 -8.93095 1.10956
    endloop
  endfacet
  facet normal -0.796635 -0.535386 -0.280598
    outer loop
      vertex -23.4369 -9.23823 1.41016
      vertex -24.3113 -8.84853 3.14908
      vertex -23.9744 -8.43845 1.41016
    endloop
  endfacet
  facet normal -0.880822 -0.473448 0
    outer loop
      vertex -24.3113 -8.84853 3.14908
      vertex -25.1728 -7.24576 3.83349
      vertex -25.1728 -7.24576 3.14908
    endloop
  endfacet
  facet normal -0.880822 -0.473448 0
    outer loop
      vertex -25.1728 -7.24576 3.83349
      vertex -24.3113 -8.84853 3.14908
      vertex -24.3113 -8.84853 3.83349
    endloop
  endfacet
  facet normal 0.00186058 -0.0331023 0.99945
    outer loop
      vertex -14.5636 2.29988 13.7974
      vertex -14.7239 2.29087 13.7974
      vertex -2.16823 -8.35289 13.4215
    endloop
  endfacet
  facet normal 0.047344 -0.0807306 0.995611
    outer loop
      vertex -1.91173 -8.26751 13.4215
      vertex -1.99155 -8.31432 13.4215
      vertex 14.1645 -11.795 12.371
    endloop
  endfacet
  facet normal -0.160462 -0.273598 0.948365
    outer loop
      vertex -2.92787 -9.09375 13.1642
      vertex -19.7827 -3.71508 11.8641
      vertex -2.69148 -9.23239 13.1642
    endloop
  endfacet
  facet normal -0.130053 -0.221748 0.966392
    outer loop
      vertex -2.34491 -8.31432 13.4215
      vertex -2.92787 -9.09375 13.1642
      vertex -2.69148 -9.23239 13.1642
    endloop
  endfacet
  facet normal -0.322744 -0.0557771 0.944841
    outer loop
      vertex -17.1115 2.48877 13.5329
      vertex -18.6771 2.75957 13.0141
      vertex -18.6011 2.31981 13.0141
    endloop
  endfacet
  facet normal -0.410865 -0.136032 0.901491
    outer loop
      vertex -20.5498 -2.47668 11.8641
      vertex -21.3668 -3.02303 11.4093
      vertex -21.1541 -3.66546 11.4093
    endloop
  endfacet
  facet normal -0.155279 0.0825919 0.984412
    outer loop
      vertex -16.973 3.29077 13.5329
      vertex -17.1115 3.03038 13.5329
      vertex -15.4833 2.93894 13.7974
    endloop
  endfacet
  facet normal -0.307851 0.163744 0.937238
    outer loop
      vertex -16.973 3.29077 13.5329
      vertex -18.6011 3.19933 13.0141
      vertex -17.1115 3.03038 13.5329
    endloop
  endfacet
  facet normal -0.124329 0.179063 0.97595
    outer loop
      vertex -15.3051 3.091 13.7974
      vertex -16.748 3.53076 13.5329
      vertex -15.4074 3.01997 13.7974
    endloop
  endfacet
  facet normal -0.142566 -0.133667 0.980718
    outer loop
      vertex -15.4074 2.49918 13.7974
      vertex -16.973 2.22837 13.5329
      vertex -16.748 1.98839 13.5329
    endloop
  endfacet
  facet normal -0.556937 0.172021 0.812545
    outer loop
      vertex -21.9497 7.21382 11.0593
      vertex -23.0703 7.66971 10.1947
      vertex -22.2656 6.19106 11.0593
    endloop
  endfacet
  facet normal -0.579472 0.0581242 0.812917
    outer loop
      vertex -23.4552 6.42347 10.1947
      vertex -23.5852 5.12743 10.1947
      vertex -22.2656 6.19106 11.0593
    endloop
  endfacet
  facet normal -0.308014 0.163815 0.937172
    outer loop
      vertex -18.3762 3.6222 13.0141
      vertex -20.632 6.67776 11.7386
      vertex -18.6011 3.19933 13.0141
    endloop
  endfacet
  facet normal -0.307851 0.163728 0.937241
    outer loop
      vertex -18.3762 3.6222 13.0141
      vertex -18.6011 3.19933 13.0141
      vertex -16.973 3.29077 13.5329
    endloop
  endfacet
  facet normal -0.0460662 0.266343 0.962777
    outer loop
      vertex -15.1988 4.12099 13.5329
      vertex -15.6555 4.042 13.5329
      vertex -15.0385 3.1926 13.7974
    endloop
  endfacet
  facet normal -0.0356738 0.27 0.962199
    outer loop
      vertex -15.1988 4.12099 13.5329
      vertex -0.985275 7.78473 13.0318
      vertex -0.985275 8.11366 12.9395
    endloop
  endfacet
  facet normal -0.035628 0.269829 0.962249
    outer loop
      vertex -0.985275 7.78473 13.0318
      vertex -15.1988 4.12099 13.5329
      vertex -14.8843 3.21927 13.7974
    endloop
  endfacet
  facet normal -0.0355488 0.269584 0.96232
    outer loop
      vertex 2.32021 9.04219 12.8016
      vertex 2.32021 8.87049 12.8497
      vertex 5.92968 10.0561 12.6509
    endloop
  endfacet
  facet normal -0.124329 -0.179063 0.97595
    outer loop
      vertex -15.4074 2.49918 13.7974
      vertex -16.748 1.98839 13.5329
      vertex -15.3051 2.42815 13.7974
    endloop
  endfacet
  facet normal -0.0750774 0.246356 0.966267
    outer loop
      vertex -15.6555 4.042 13.5329
      vertex -16.0764 3.91373 13.5329
      vertex -15.0385 3.1926 13.7974
    endloop
  endfacet
  facet normal -0.179135 0.257794 0.949449
    outer loop
      vertex -16.4453 3.7411 13.5329
      vertex -19.1128 8.49588 11.7386
      vertex -16.748 3.53076 13.5329
    endloop
  endfacet
  facet normal -0.512834 0.279116 0.811847
    outer loop
      vertex -22.4452 8.81824 10.1947
      vertex -23.0703 7.66971 10.1947
      vertex -21.4367 8.1564 11.0593
    endloop
  endfacet
  facet normal -0.0966403 0.77978 0.61855
    outer loop
      vertex -24.1885 20.6001 2.38091
      vertex -24.1885 20.2694 2.79781
      vertex 14.2445 21.3135 7.48621
    endloop
  endfacet
  facet normal -0.0677914 0.926258 0.370742
    outer loop
      vertex 16.4113 21.9746 6.37068
      vertex -24.1885 20.6001 2.38091
      vertex 16.4113 21.5281 7.48621
    endloop
  endfacet
  facet normal 0.585115 -0.429827 -0.68767
    outer loop
      vertex 23.4532 -14.139 2.43831
      vertex 22.2766 -14.5378 1.68645
      vertex 22.8825 -13.713 1.68645
    endloop
  endfacet
  facet normal 0.226071 -0.166025 -0.959858
    outer loop
      vertex 20.9325 -13.0362 0.544667
      vertex 20.3529 -11.8248 0.198623
      vertex 21.3019 -12.5332 0.544667
    endloop
  endfacet
  facet normal 0.515525 -0.501717 -0.694633
    outer loop
      vertex 22.762 -15.08 2.43831
      vertex 20.4167 -18.6518 3.27756
      vertex 22.2766 -14.5378 1.68645
    endloop
  endfacet
  facet normal 0.712985 -0.52374 -0.466208
    outer loop
      vertex 23.8463 -14.4325 3.27374
      vertex 20.9825 -19.3341 4.40053
      vertex 23.0963 -15.4535 3.27374
    endloop
  endfacet
  facet normal 0.152028 -0.415644 -0.896732
    outer loop
      vertex 16.92 -19.8166 2.26691
      vertex 15.3731 -20.3824 2.26691
      vertex 16.3541 -18.1693 1.40743
    endloop
  endfacet
  facet normal 0.781648 -0.373968 -0.499174
    outer loop
      vertex 23.8463 -14.4325 3.27374
      vertex 23.4532 -14.139 2.43831
      vertex 23.9668 -13.0655 2.43831
    endloop
  endfacet
  facet normal 0.541783 -0.840519 0
    outer loop
      vertex 17.827 -22.4569 5.59267
      vertex 19.6623 -21.2739 6.80816
      vertex 17.827 -22.4569 6.80816
    endloop
  endfacet
  facet normal 0.541783 -0.840519 0
    outer loop
      vertex 19.6623 -21.2739 6.80816
      vertex 17.827 -22.4569 5.59267
      vertex 19.6623 -21.2739 5.59267
    endloop
  endfacet
  facet normal 0.552964 -0.558744 0.618091
    outer loop
      vertex 20.4167 -18.6518 9.12327
      vertex 19.4357 -20.8649 8.0003
      vertex 20.9825 -19.3341 8.0003
    endloop
  endfacet
  facet normal 0.419968 -0.651543 -0.631758
    outer loop
      vertex 17.6708 -22.0024 4.40053
      vertex 17.3646 -21.1109 3.27756
      vertex 18.9911 -20.0625 3.27756
    endloop
  endfacet
  facet normal -0.109812 -0.752459 -0.64942
    outer loop
      vertex 11.7729 -22.7028 4.40053
      vertex -10.6793 -17.0387 1.63423
      vertex 11.9291 -21.7564 3.27756
    endloop
  endfacet
  facet normal -0.10914 -0.918863 -0.379183
    outer loop
      vertex 13.7644 -23.4313 5.59267
      vertex 11.6933 -23.1853 5.59267
      vertex 11.7729 -22.7028 4.40053
    endloop
  endfacet
  facet normal -0.278901 -0.91785 0.282429
    outer loop
      vertex -13.5506 -16.5668 6.4751
      vertex -14.8887 -16.1602 6.4751
      vertex -13.6062 -16.8468 5.51024
    endloop
  endfacet
  facet normal -0.246724 -0.926791 0.28317
    outer loop
      vertex -13.5506 -16.5668 6.4751
      vertex -13.6062 -16.8468 5.51024
      vertex 11.6933 -23.1853 6.80816
    endloop
  endfacet
  facet normal -0.206687 -0.680242 0.703244
    outer loop
      vertex -13.2831 -15.22 8.20196
      vertex -14.6747 -15.6428 7.38399
      vertex -13.4415 -16.0175 7.38399
    endloop
  endfacet
  facet normal -0.431789 -0.841258 0.325337
    outer loop
      vertex -18.6234 -14.5503 6.48361
      vertex -18.7047 -14.8822 5.51748
      vertex -17.6682 -15.4142 5.51748
    endloop
  endfacet
  facet normal -0.351416 -0.87459 -0.334065
    outer loop
      vertex -14.8887 -16.1602 3.5616
      vertex -17.6682 -15.4142 4.53242
      vertex -17.6268 -15.0618 3.56628
    endloop
  endfacet
  facet normal -0.45663 -0.889657 0
    outer loop
      vertex -18.7047 -14.8822 4.53242
      vertex -17.6682 -15.4142 5.51748
      vertex -18.7047 -14.8822 5.51748
    endloop
  endfacet
  facet normal -0.45663 -0.889657 -0
    outer loop
      vertex -17.6682 -15.4142 5.51748
      vertex -18.7047 -14.8822 4.53242
      vertex -17.6682 -15.4142 4.53242
    endloop
  endfacet
  facet normal -0.759555 -0.626856 0.173572
    outer loop
      vertex -19.6599 -14.0183 5.51748
      vertex -24.3113 -8.84853 3.83349
      vertex -23.3284 -10.0395 3.83349
    endloop
  endfacet
  facet normal 0.0232659 -0.195751 -0.980378
    outer loop
      vertex 14.3685 -14.2924 0.266987
      vertex 13.7644 -16.6938 0.732137
      vertex 13.7644 -14.3642 0.266987
    endloop
  endfacet
  facet normal 0.0121517 -0.10224 -0.994686
    outer loop
      vertex 14.3685 -14.2924 0.266987
      vertex 13.7644 -14.3642 0.266987
      vertex 18.9522 -11.3662 0.0222111
    endloop
  endfacet
  facet normal -0.00567055 -0.0954407 -0.995419
    outer loop
      vertex 13.7644 -14.3642 0.266987
      vertex -12.1591 -10.2914 0.0241642
      vertex 13.7644 -11.891 0.0298567
    endloop
  endfacet
  facet normal -0.011892 -0.0163765 -0.999795
    outer loop
      vertex -16.7986 -7.09574 0.0241957
      vertex -22.3067 -2.07835 0.00752735
      vertex -12.565 -10.1681 0.0241642
    endloop
  endfacet
  facet normal -0.124357 -0.232737 -0.964556
    outer loop
      vertex -11.2595 -15.5587 0.957736
      vertex -22.7181 -7.8357 0.571588
      vertex -12.9871 -11.5619 0.216088
    endloop
  endfacet
  facet normal -0.590017 -0.698795 -0.404432
    outer loop
      vertex -18.6234 -14.5503 3.56628
      vertex -23.4369 -9.23823 1.41016
      vertex -22.8536 -9.73073 1.41016
    endloop
  endfacet
  facet normal -0.00213417 -0.0392087 -0.999229
    outer loop
      vertex 13.7644 -11.891 0.0298567
      vertex -6.99962 -10.3492 0.0137062
      vertex -6.82325 -10.3588 0.0137062
    endloop
  endfacet
  facet normal 0.0002443 -0.00221339 -0.999998
    outer loop
      vertex 18.8317 -11.3795 0.0222111
      vertex -6.64689 -10.3492 0.0137062
      vertex 18.9522 -11.3662 0.0222111
    endloop
  endfacet
  facet normal -0.880388 -0.304975 -0.363191
    outer loop
      vertex -24.4456 -7.36212 1.41016
      vertex -25.8798 -5.29279 3.14908
      vertex -25.6982 -5.01763 2.47782
    endloop
  endfacet
  facet normal -0.991166 -0.132625 0
    outer loop
      vertex -26.4052 -3.06466 3.14908
      vertex -26.7287 -0.646996 3.83349
      vertex -26.7287 -0.646996 3.14908
    endloop
  endfacet
  facet normal -0.991166 -0.132625 0
    outer loop
      vertex -26.7287 -0.646996 3.83349
      vertex -26.4052 -3.06466 3.14908
      vertex -26.4052 -3.06466 3.83349
    endloop
  endfacet
  facet normal -0.138124 -0.252815 -0.957605
    outer loop
      vertex -11.2595 -15.5587 0.957736
      vertex -22.7845 -8.76465 0.826415
      vertex -22.7181 -7.8357 0.571588
    endloop
  endfacet
  facet normal -0.807919 -0.114003 -0.578161
    outer loop
      vertex -25.8074 -2.50335 1.8455
      vertex -26.9408 9.07523 1.14621
      vertex -25.0093 -4.42705 1.10956
    endloop
  endfacet
  facet normal -0.441744 0.141598 -0.885896
    outer loop
      vertex -25.9703 15.0418 0.492197
      vertex -26.3596 15.7078 0.792769
      vertex -25.7038 15.8732 0.492197
    endloop
  endfacet
  facet normal -0.206901 -0.245039 -0.947179
    outer loop
      vertex -22.7845 -8.76465 0.826415
      vertex -23.3014 -8.3282 0.826415
      vertex -22.7181 -7.8357 0.571588
    endloop
  endfacet
  facet normal 0.00240479 0.001961 -0.999995
    outer loop
      vertex 17.3571 10.9923 0.0279379
      vertex 13.2154 8.26686 0.0126333
      vertex 17.2157 11.1657 0.0279379
    endloop
  endfacet
  facet normal 0.00016667 -0.000187648 -1
    outer loop
      vertex 11.7868 2.3287 0.0107412
      vertex -10.6149 -6.8199 0.00872421
      vertex 11.9047 2.43342 0.0107412
    endloop
  endfacet
  facet normal -0.524263 -0.0621236 -0.849288
    outer loop
      vertex -26.6009 9.43566 0.792769
      vertex -26.7495 10.6897 0.792769
      vertex -26.2903 10.9236 0.492197
    endloop
  endfacet
  facet normal -0.524273 0.0621218 -0.849281
    outer loop
      vertex -26.2903 13.0642 0.492197
      vertex -26.7495 13.298 0.792769
      vertex -26.6009 14.5521 0.792769
    endloop
  endfacet
  facet normal -0.839819 0.032342 -0.541902
    outer loop
      vertex -27.1676 11.9939 1.14621
      vertex -27.421 11.9939 1.53892
      vertex -27.1103 13.4818 1.14621
    endloop
  endfacet
  facet normal -0.826417 0.0979085 -0.554481
    outer loop
      vertex -27.1103 13.4818 1.14621
      vertex -27.3588 13.6083 1.53892
      vertex -26.9408 14.9125 1.14621
    endloop
  endfacet
  facet normal 0.883074 0.469235 0
    outer loop
      vertex 27.0822 14.8026 6.37068
      vertex 26.0149 16.8112 5.23329
      vertex 26.0149 16.8112 6.37068
    endloop
  endfacet
  facet normal 0.883074 0.469235 0
    outer loop
      vertex 26.0149 16.8112 5.23329
      vertex 27.0822 14.8026 6.37068
      vertex 27.0822 14.8026 5.23329
    endloop
  endfacet
  facet normal 0.283719 0.527716 0.800637
    outer loop
      vertex 20.3283 19.8686 8.53702
      vertex 19.8445 18.6939 9.48273
      vertex 22.0979 18.9172 8.53702
    endloop
  endfacet
  facet normal 0.925318 -0.0906034 -0.368209
    outer loop
      vertex 27.9614 10.3565 5.23329
      vertex 27.3041 8.17708 4.11776
      vertex 27.5175 10.3565 4.11776
    endloop
  endfacet
  facet normal 0.284981 0.345189 0.89422
    outer loop
      vertex 22.7551 16.7377 9.48273
      vertex 20.5018 16.5145 10.287
      vertex 21.6175 15.5934 10.287
    endloop
  endfacet
  facet normal 0.69497 -0.510507 -0.506358
    outer loop
      vertex 23.8463 -14.4325 3.27374
      vertex 23.0963 -15.4535 3.27374
      vertex 23.4532 -14.139 2.43831
    endloop
  endfacet
  facet normal 0.585116 -0.42979 -0.687691
    outer loop
      vertex 22.762 -15.08 2.43831
      vertex 22.2766 -14.5378 1.68645
      vertex 23.4532 -14.139 2.43831
    endloop
  endfacet
  facet normal 0.839141 -0.227868 -0.493881
    outer loop
      vertex 24.7468 -12.0038 3.27374
      vertex 23.9668 -13.0655 2.43831
      vertex 24.2831 -11.9007 2.43831
    endloop
  endfacet
  facet normal 0.711547 -0.19322 -0.67555
    outer loop
      vertex 23.9668 -13.0655 2.43831
      vertex 23.6099 -11.7511 1.68645
      vertex 24.2831 -11.9007 2.43831
    endloop
  endfacet
  facet normal 0.843875 -0.0826288 -0.530139
    outer loop
      vertex 27.3041 8.17708 4.11776
      vertex 24.2831 -11.9007 2.43831
      vertex 27.5175 10.3565 4.11776
    endloop
  endfacet
  facet normal 0.767858 0.0751918 -0.636192
    outer loop
      vertex 26.6469 10.3565 3.06695
      vertex 26.4502 12.3652 3.06695
      vertex 27.3041 12.536 4.11776
    endloop
  endfacet
  facet normal 0.0960151 0.178629 0.97922
    outer loop
      vertex 19.4508 14.9323 10.9189
      vertex 17.7005 13.4874 11.3541
      vertex 18.283 13.1743 11.3541
    endloop
  endfacet
  facet normal 0.446729 0.0437176 0.8936
    outer loop
      vertex 25.2105 12.1171 9.48273
      vertex 23.6326 11.8014 10.287
      vertex 23.774 10.3565 10.287
    endloop
  endfacet
  facet normal 0.787483 -0.198073 0.583642
    outer loop
      vertex 23.7762 -13.0316 8.0003
      vertex 22.456 -14.9714 9.12327
      vertex 23.1954 -15.3407 8.0003
    endloop
  endfacet
  facet normal 0.211789 0.393939 0.894403
    outer loop
      vertex 21.3956 17.86 9.48273
      vertex 19.8445 18.6939 9.48273
      vertex 20.5018 16.5145 10.287
    endloop
  endfacet
  facet normal 0.290004 -0.0255971 -0.956683
    outer loop
      vertex 21.7456 -11.3368 0.544667
      vertex 20.626 -11.0881 0.198623
      vertex 20.6612 -10.6893 0.198623
    endloop
  endfacet
  facet normal 0.589828 -0.051984 -0.805854
    outer loop
      vertex 23.6099 -11.7511 1.68645
      vertex 22.7531 -11.5607 1.04705
      vertex 22.8299 -10.6893 1.04705
    endloop
  endfacet
  facet normal 0.530218 0.281727 -0.799686
    outer loop
      vertex 24.6999 13.81 2.12124
      vertex 23.8709 15.3702 2.12124
      vertex 24.9219 16.0766 3.06695
    endloop
  endfacet
  facet normal 0.464898 0.37932 -0.799991
    outer loop
      vertex 23.8709 15.3702 2.12124
      vertex 23.6489 17.6368 3.06695
      vertex 24.9219 16.0766 3.06695
    endloop
  endfacet
  facet normal 0.304504 0.0918356 -0.948074
    outer loop
      vertex 23.6326 11.8014 1.31699
      vertex 21.4658 12.4625 0.685091
      vertex 23.2136 13.1907 1.31699
    endloop
  endfacet
  facet normal 0.0112609 0.113681 -0.993453
    outer loop
      vertex 17.0685 13.6803 0.249831
      vertex 11.3705 12.2825 0.0252934
      vertex 16.4113 13.7454 0.249831
    endloop
  endfacet
  facet normal 0.490495 0.594144 -0.637501
    outer loop
      vertex 23.6489 17.6368 3.06695
      vertex 22.5816 19.6454 4.11776
      vertex 24.2646 18.256 4.11776
    endloop
  endfacet
  facet normal 0.73724 -0.0589592 -0.673053
    outer loop
      vertex 24.3899 -10.6893 2.43831
      vertex 23.7035 -10.6893 1.68645
      vertex 26.6469 10.3565 3.06695
    endloop
  endfacet
  facet normal 0.736965 -0.0649651 -0.672802
    outer loop
      vertex 24.3899 -10.6893 2.43831
      vertex 23.6099 -11.7511 1.68645
      vertex 23.7035 -10.6893 1.68645
    endloop
  endfacet
  facet normal 0.446721 0.0437167 -0.893605
    outer loop
      vertex 23.774 10.3565 1.31699
      vertex 23.6326 11.8014 1.31699
      vertex 25.2105 12.1171 2.12124
    endloop
  endfacet
  facet normal 0.429584 0.129568 -0.893683
    outer loop
      vertex 25.2105 12.1171 2.12124
      vertex 23.6326 11.8014 1.31699
      vertex 24.6999 13.81 2.12124
    endloop
  endfacet
  facet normal 0.0244847 0.246999 0.968706
    outer loop
      vertex 16.4113 15.8598 10.9189
      vertex 5.92968 8.12829 13.1552
      vertex 17.4786 15.754 10.9189
    endloop
  endfacet
  facet normal 0.0197295 0.253027 0.967258
    outer loop
      vertex 5.92968 10.0561 12.6509
      vertex 5.92968 8.12829 13.1552
      vertex 16.4113 15.8598 10.9189
    endloop
  endfacet
  facet normal 0.0988363 0.119706 0.987878
    outer loop
      vertex 18.283 13.1743 11.3541
      vertex 6.67718 7.89309 13.1552
      vertex 18.7935 12.7528 11.3541
    endloop
  endfacet
  facet normal 0.105394 0.10489 0.988883
    outer loop
      vertex 7.01489 7.60755 13.1552
      vertex 6.29611 5.90589 13.4123
      vertex 18.7935 12.7528 11.3541
    endloop
  endfacet
  facet normal 0.110482 -0.027794 0.993489
    outer loop
      vertex 16.8015 -11.3587 12.1338
      vertex 14.7899 -10.8762 12.371
      vertex 16.6253 -12.0591 12.1338
    endloop
  endfacet
  facet normal 0.348517 -0.0876579 0.933194
    outer loop
      vertex 18.6963 -11.8132 11.6687
      vertex 18.4102 -12.9507 11.6687
      vertex 20.0166 -13.753 10.9934
    endloop
  endfacet
  facet normal 0.129227 0.156549 0.97918
    outer loop
      vertex 19.4508 14.9323 10.9189
      vertex 18.7935 12.7528 11.3541
      vertex 20.2799 14.2479 10.9189
    endloop
  endfacet
  facet normal 0.150045 0.279109 0.948464
    outer loop
      vertex 19.2289 17.1989 10.287
      vertex 18.5049 15.4408 10.9189
      vertex 19.4508 14.9323 10.9189
    endloop
  endfacet
  facet normal 0.484274 -0.121796 0.866397
    outer loop
      vertex 20.4016 -12.2222 10.9934
      vertex 20.0166 -13.753 10.9934
      vertex 21.3827 -14.4353 10.1339
    endloop
  endfacet
  facet normal 0.91673 -0.230582 0.326249
    outer loop
      vertex 23.7762 -13.0316 8.0003
      vertex 23.1954 -15.3407 8.0003
      vertex 23.5723 -15.529 6.80816
    endloop
  endfacet
  facet normal 0.283376 -0.192886 0.939411
    outer loop
      vertex 17.9455 -13.999 11.6687
      vertex 17.3201 -14.9178 11.6687
      vertex 18.5496 -16.4004 10.9934
    endloop
  endfacet
  facet normal 0.263124 -0.719384 0.642847
    outer loop
      vertex 17.3646 -21.1109 9.12327
      vertex 15.5998 -21.7564 9.12327
      vertex 15.7559 -22.7028 8.0003
    endloop
  endfacet
  facet normal 0.787518 -0.198138 0.583572
    outer loop
      vertex 22.9914 -12.8434 9.12327
      vertex 22.456 -14.9714 9.12327
      vertex 23.7762 -13.0316 8.0003
    endloop
  endfacet
  facet normal 0.736575 -0.326469 0.592347
    outer loop
      vertex 22.456 -14.9714 9.12327
      vertex 21.5867 -16.9327 9.12327
      vertex 23.1954 -15.3407 8.0003
    endloop
  endfacet
  facet normal 0.869413 -0.415975 -0.26662
    outer loop
      vertex 24.0467 -14.5821 4.16062
      vertex 23.8463 -14.4325 3.27374
      vertex 24.6263 -13.3707 4.16062
    endloop
  endfacet
  facet normal 0.658066 -0.664969 0.353222
    outer loop
      vertex 21.271 -19.6819 6.80816
      vertex 19.4357 -20.8649 8.0003
      vertex 19.6623 -21.2739 6.80816
    endloop
  endfacet
  facet normal 0.839139 -0.22786 -0.493888
    outer loop
      vertex 24.4036 -13.2677 3.27374
      vertex 23.9668 -13.0655 2.43831
      vertex 24.7468 -12.0038 3.27374
    endloop
  endfacet
  facet normal -0.230301 -0.820352 0.523435
    outer loop
      vertex -13.4415 -16.0175 7.38399
      vertex -13.5506 -16.5668 6.4751
      vertex 11.7729 -22.7028 8.0003
    endloop
  endfacet
  facet normal -0.239462 -0.894321 0.377952
    outer loop
      vertex 11.7729 -22.7028 8.0003
      vertex -13.5506 -16.5668 6.4751
      vertex 11.6933 -23.1853 6.80816
    endloop
  endfacet
  facet normal -0.0363888 -0.306381 0.951213
    outer loop
      vertex 12.7834 -16.5773 11.6687
      vertex 12.4442 -18.6336 10.9934
      vertex 13.7644 -18.7904 10.9934
    endloop
  endfacet
  facet normal -0.0514928 -0.30392 0.951305
    outer loop
      vertex 12.7834 -16.5773 11.6687
      vertex -2.43498 -9.31777 13.1642
      vertex 12.4442 -18.6336 10.9934
    endloop
  endfacet
  facet normal -0.28537 -0.649403 0.704868
    outer loop
      vertex -14.364 -14.8915 8.20196
      vertex -17.5456 -14.3707 7.39369
      vertex -14.6747 -15.6428 7.38399
    endloop
  endfacet
  facet normal -0.288341 -0.584881 0.758138
    outer loop
      vertex -17.4276 -13.3672 8.21274
      vertex -17.5456 -14.3707 7.39369
      vertex -14.364 -14.8915 8.20196
    endloop
  endfacet
  facet normal -0.325392 -0.73885 0.590103
    outer loop
      vertex -17.5456 -14.3707 7.39369
      vertex -17.6268 -15.0618 6.48361
      vertex -14.6747 -15.6428 7.38399
    endloop
  endfacet
  facet normal -0.202343 -0.681325 0.703458
    outer loop
      vertex -13.2831 -15.22 8.20196
      vertex -13.4415 -16.0175 7.38399
      vertex 11.9291 -21.7564 9.12327
    endloop
  endfacet
  facet normal 0.0123334 -0.0210308 0.999703
    outer loop
      vertex -1.91173 -8.26751 13.4215
      vertex -14.1427 2.42815 13.7974
      vertex -1.99155 -8.31432 13.4215
    endloop
  endfacet
  facet normal 0.0458404 -0.0875568 0.995104
    outer loop
      vertex 14.1645 -11.795 12.371
      vertex -1.99155 -8.31432 13.4215
      vertex 14.9494 -14.0799 12.1338
    endloop
  endfacet
  facet normal 0.597242 0.487277 0.637074
    outer loop
      vertex 24.2646 18.256 7.48621
      vertex 23.6489 17.6368 8.53702
      vertex 25.6458 16.5631 7.48621
    endloop
  endfacet
  facet normal 0.591641 0.716663 -0.369263
    outer loop
      vertex 24.2646 18.256 4.11776
      vertex 22.5816 19.6454 4.11776
      vertex 22.8282 20.0166 5.23329
    endloop
  endfacet
  facet normal 0.130457 0.427489 -0.894558
    outer loop
      vertex 19.8445 18.6939 2.12124
      vertex 17.8477 17.6203 1.31699
      vertex 18.1615 19.2075 2.12124
    endloop
  endfacet
  facet normal 0.381697 0.462365 -0.800328
    outer loop
      vertex 23.6489 17.6368 3.06695
      vertex 21.3956 17.86 2.12124
      vertex 22.0979 18.9172 3.06695
    endloop
  endfacet
  facet normal 0.283715 0.527726 -0.800632
    outer loop
      vertex 21.3956 17.86 2.12124
      vertex 19.8445 18.6939 2.12124
      vertex 22.0979 18.9172 3.06695
    endloop
  endfacet
  facet normal 0.0584751 0.404047 -0.912867
    outer loop
      vertex 17.8477 17.6203 1.31699
      vertex 7.99868 18.8137 1.21431
      vertex 8.21788 20.0051 1.75568
    endloop
  endfacet
  facet normal -0.0130914 -0.132515 -0.991095
    outer loop
      vertex -12.1591 -11.7269 0.216088
      vertex -12.5812 -11.6852 0.216088
      vertex -12.3016 -10.2774 0.0241642
    endloop
  endfacet
  facet normal 0.000430093 0.00118061 -0.999999
    outer loop
      vertex 13.1625 8.32607 0.0126333
      vertex -10.7799 12.7541 0.00756359
      vertex 13.1076 8.34607 0.0126333
    endloop
  endfacet
  facet normal 0.0177308 0.215336 -0.976379
    outer loop
      vertex -9.72517 17.9503 0.574325
      vertex -11.1291 18.0659 0.574325
      vertex 6.44288 17.4333 0.753911
    endloop
  endfacet
  facet normal 0.211807 0.393935 -0.894401
    outer loop
      vertex 20.5018 16.5145 1.31699
      vertex 19.2289 17.1989 1.31699
      vertex 19.8445 18.6939 2.12124
    endloop
  endfacet
  facet normal -0.25491 0.328212 -0.909559
    outer loop
      vertex -25.1878 18.1699 0.792769
      vertex -25.3285 19.0401 1.14621
      vertex -24.7697 19.4741 1.14621
    endloop
  endfacet
  facet normal -0.00362063 0.35132 -0.936248
    outer loop
      vertex -11.1291 18.9136 0.830373
      vertex -24.1885 18.6788 0.792769
      vertex -24.1885 19.6207 1.14621
    endloop
  endfacet
  facet normal 0.0136587 0.148086 -0.98888
    outer loop
      vertex 16.4113 13.7454 0.249831
      vertex -9.97693 16.8921 0.356573
      vertex 6.44288 15.6154 0.39218
    endloop
  endfacet
  facet normal 0.00069046 0.0027174 -0.999996
    outer loop
      vertex -10.7799 12.7541 0.00756359
      vertex -10.9511 12.7976 0.00756359
      vertex 6.64015 11.4299 0.0159931
    endloop
  endfacet
  facet normal -0.129518 0.513479 -0.848272
    outer loop
      vertex -24.7697 19.4741 1.14621
      vertex -24.8191 20.1104 1.53892
      vertex -24.1885 19.6207 1.14621
    endloop
  endfacet
  facet normal -0.00244224 0.289147 -0.957282
    outer loop
      vertex -11.1291 18.0659 0.574325
      vertex -24.1885 18.6788 0.792769
      vertex -11.1291 18.9136 0.830373
    endloop
  endfacet
  facet normal 0.0154164 0.437971 -0.898857
    outer loop
      vertex 6.44288 20.1941 1.75568
      vertex -11.1291 18.9136 0.830373
      vertex -11.1291 19.4975 1.11488
    endloop
  endfacet
  facet normal 0.0198294 0.289091 -0.957096
    outer loop
      vertex 6.44288 18.9794 1.21431
      vertex -11.1291 18.0659 0.574325
      vertex -11.1291 18.9136 0.830373
    endloop
  endfacet
  facet normal -0.0882778 0.34998 -0.932588
    outer loop
      vertex -24.6979 18.5504 0.792769
      vertex -24.7697 19.4741 1.14621
      vertex -24.1885 19.6207 1.14621
    endloop
  endfacet
  facet normal -0.197068 0.143983 -0.969759
    outer loop
      vertex -24.7979 15.7602 0.256038
      vertex -25.0732 15.3834 0.256038
      vertex -25.0086 17.0624 0.492197
    endloop
  endfacet
  facet normal -0.954603 0.0367286 0.295609
    outer loop
      vertex -27.4855 13.6729 2.38091
      vertex -27.5501 11.9939 2.38091
      vertex -27.421 11.9939 2.79781
    endloop
  endfacet
  facet normal -0.954849 0.0288746 0.295685
    outer loop
      vertex -27.421 11.9939 2.79781
      vertex -27.5501 11.9939 2.38091
      vertex -26.7546 9.46743 5.19652
    endloop
  endfacet
  facet normal -0.958249 -0.0416185 0.282891
    outer loop
      vertex -26.7287 -0.646996 3.83349
      vertex -26.9942 9.46743 4.42217
      vertex -26.8379 1.86729 3.83349
    endloop
  endfacet
  facet normal -0.954461 -0.0422431 0.29533
    outer loop
      vertex -26.7546 9.46743 5.19652
      vertex -26.9942 9.46743 4.42217
      vertex -26.7287 -0.646996 3.83349
    endloop
  endfacet
  facet normal -0.598024 0.325481 0.732413
    outer loop
      vertex -22.4452 8.81824 10.1947
      vertex -25.8436 18.3353 3.19053
      vertex -23.0703 7.66971 10.1947
    endloop
  endfacet
  facet normal -0.518521 0.378959 0.766503
    outer loop
      vertex -25.3285 19.0401 3.19053
      vertex -25.8436 18.3353 3.19053
      vertex -22.4452 8.81824 10.1947
    endloop
  endfacet
  facet normal -0.826862 0.393538 0.401779
    outer loop
      vertex -26.0561 19.1497 2.38091
      vertex -26.5655 18.0794 2.38091
      vertex -26.4742 17.8456 2.79781
    endloop
  endfacet
  facet normal -0.952257 0.305298 0
    outer loop
      vertex -26.9836 16.7753 1.95583
      vertex -26.5655 18.0794 2.38091
      vertex -26.5655 18.0794 1.95583
    endloop
  endfacet
  facet normal -0.952257 0.305298 0
    outer loop
      vertex -26.5655 18.0794 2.38091
      vertex -26.9836 16.7753 1.95583
      vertex -26.9836 16.7753 2.38091
    endloop
  endfacet
  facet normal -0.587346 0.188294 -0.787128
    outer loop
      vertex -26.3596 15.7078 0.792769
      vertex -26.6655 16.2311 1.14621
      vertex -26.295 17.3868 1.14621
    endloop
  endfacet
  facet normal -0.642386 0.134119 -0.754554
    outer loop
      vertex -26.3596 15.7078 0.792769
      vertex -26.9408 14.9125 1.14621
      vertex -26.6655 16.2311 1.14621
    endloop
  endfacet
  facet normal -0.945789 0.112014 -0.304855
    outer loop
      vertex -27.1749 15.1608 1.53892
      vertex -27.4855 13.6729 1.95583
      vertex -27.2943 15.2873 1.95583
    endloop
  endfacet
  facet normal -0.926115 0.193376 -0.323907
    outer loop
      vertex -27.1749 15.1608 1.53892
      vertex -27.2943 15.2873 1.95583
      vertex -26.9836 16.7753 1.95583
    endloop
  endfacet
  facet normal -0.81511 0.107298 0.569283
    outer loop
      vertex -26.1783 10.2742 5.92593
      vertex -26.2845 9.46743 5.92593
      vertex -24.3899 6.60607 9.17796
    endloop
  endfacet
  facet normal -0.835454 0.109976 0.538444
    outer loop
      vertex -26.1783 10.2742 5.92593
      vertex -26.7546 9.46743 5.19652
      vertex -26.2845 9.46743 5.92593
    endloop
  endfacet
  facet normal -0.731158 0.234398 0.640676
    outer loop
      vertex -26.295 17.3868 3.19053
      vertex -26.6655 16.2311 3.19053
      vertex -26.1783 10.2742 5.92593
    endloop
  endfacet
  facet normal -0.746854 0.239403 0.620399
    outer loop
      vertex -26.4742 17.8456 2.79781
      vertex -26.8762 16.5915 2.79781
      vertex -26.6655 16.2311 3.19053
    endloop
  endfacet
  facet normal -0.828595 0.172993 0.53245
    outer loop
      vertex -26.8762 16.5915 2.79781
      vertex -27.1749 15.1608 2.79781
      vertex -26.6394 10.3428 5.19652
    endloop
  endfacet
  facet normal -0.892626 0.117471 0.435224
    outer loop
      vertex -26.6394 10.3428 5.19652
      vertex -27.1749 15.1608 2.79781
      vertex -26.7546 9.46743 5.19652
    endloop
  endfacet
  facet normal -0.916498 -0.216067 0.336669
    outer loop
      vertex -26.2033 -2.87513 4.50475
      vertex -26.4052 -3.06466 3.83349
      vertex -25.6982 -5.01763 4.50475
    endloop
  endfacet
  facet normal -0.856544 -0.121242 0.501631
    outer loop
      vertex -25.0337 3.52301 8.04826
      vertex -26.2033 -2.87513 4.50475
      vertex -24.3899 3.64879 9.17796
    endloop
  endfacet
  facet normal -0.441785 -0.0829586 0.893277
    outer loop
      vertex -20.5498 -2.47668 11.8641
      vertex -21.4977 -2.32594 11.4093
      vertex -21.3668 -3.02303 11.4093
    endloop
  endfacet
  facet normal -0.635099 -0.0522888 0.770659
    outer loop
      vertex -21.4977 -2.32594 11.4093
      vertex -23.5852 5.12743 10.1947
      vertex -22.2783 -2.57661 10.749
    endloop
  endfacet
  facet normal -0.654662 -0.332773 0.678734
    outer loop
      vertex -21.8158 -4.3793 10.749
      vertex -22.3785 -4.98637 9.90862
      vertex -21.4306 -5.1371 10.749
    endloop
  endfacet
  facet normal -0.718799 -0.237945 0.65323
    outer loop
      vertex -22.102 -3.51473 10.749
      vertex -22.7273 -3.93288 9.90862
      vertex -21.8158 -4.3793 10.749
    endloop
  endfacet
  facet normal -0.701144 -0.504949 0.503412
    outer loop
      vertex -19.3105 -13.1336 7.39369
      vertex -20.0525 -12.1033 7.39369
      vertex -19.5419 -13.7196 6.48361
    endloop
  endfacet
  facet normal -0.701181 -0.504938 0.503372
    outer loop
      vertex -20.0525 -12.1033 7.39369
      vertex -20.347 -12.6016 6.48361
      vertex -19.5419 -13.7196 6.48361
    endloop
  endfacet
  facet normal -0.274827 -0.412567 0.868481
    outer loop
      vertex -20.1211 -5.03407 11.4093
      vertex -20.4257 -6.22114 10.749
      vertex -17.9382 -11.7509 8.90928
    endloop
  endfacet
  facet normal -0.336765 -0.39024 0.856914
    outer loop
      vertex -20.1211 -5.03407 11.4093
      vertex -20.9612 -5.75902 10.749
      vertex -20.4257 -6.22114 10.749
    endloop
  endfacet
  facet normal -0.562059 -0.424171 0.710049
    outer loop
      vertex -20.9612 -5.75902 10.749
      vertex -21.9091 -5.90975 9.90862
      vertex -21.3372 -6.66756 9.90862
    endloop
  endfacet
  facet normal -0.591674 -0.446521 0.671223
    outer loop
      vertex -21.3372 -6.66756 9.90862
      vertex -21.9091 -5.90975 9.90862
      vertex -19.3105 -13.1336 7.39369
    endloop
  endfacet
  facet normal -0.847691 -0.45564 -0.271684
    outer loop
      vertex -24.3113 -8.84853 3.14908
      vertex -25.1728 -7.24576 3.14908
      vertex -23.9744 -8.43845 1.41016
    endloop
  endfacet
  facet normal -0.342051 -0.58235 -0.737475
    outer loop
      vertex -11.334 -16.8214 1.63423
      vertex -22.8302 -9.40453 1.10956
      vertex -11.3089 -16.395 1.28588
    endloop
  endfacet
  facet normal -0.940283 -0.340394 0
    outer loop
      vertex -25.1728 -7.24576 3.14908
      vertex -25.8798 -5.29279 3.83349
      vertex -25.8798 -5.29279 3.14908
    endloop
  endfacet
  facet normal -0.940283 -0.340394 0
    outer loop
      vertex -25.8798 -5.29279 3.83349
      vertex -25.1728 -7.24576 3.14908
      vertex -25.1728 -7.24576 3.83349
    endloop
  endfacet
  facet normal -0.497309 -0.146637 -0.855091
    outer loop
      vertex -24.1954 -6.66562 0.826415
      vertex -24.5381 -5.50338 0.826415
      vertex -24.2551 -4.97717 0.571588
    endloop
  endfacet
  facet normal -0.862937 -0.37778 -0.335593
    outer loop
      vertex -23.9744 -8.43845 1.41016
      vertex -25.1728 -7.24576 3.14908
      vertex -24.4456 -7.36212 1.41016
    endloop
  endfacet
  facet normal 0.00547984 0.0947183 0.995489
    outer loop
      vertex -0.985275 5.12637 13.5412
      vertex -14.5636 3.21927 13.7974
      vertex -0.985275 5.11586 13.5422
    endloop
  endfacet
  facet normal 0.00536803 0.0955044 0.995415
    outer loop
      vertex -14.5636 3.21927 13.7974
      vertex -0.985275 5.12637 13.5412
      vertex -14.7239 3.22828 13.7974
    endloop
  endfacet
  facet normal 0.00540284 0.0951928 0.995444
    outer loop
      vertex 1.11191 5.41611 13.5021
      vertex 1.11191 5.40879 13.5028
      vertex 5.92968 6.08172 13.4123
    endloop
  endfacet
  facet normal -0.122596 -0.181927 0.97564
    outer loop
      vertex -15.3051 2.42815 13.7974
      vertex -16.4453 1.77804 13.5329
      vertex -2.42473 -8.26751 13.4215
    endloop
  endfacet
  facet normal 0.0685288 -0.0303664 0.997187
    outer loop
      vertex 14.7304 -11.1127 12.371
      vertex 6.47808 4.45875 13.4123
      vertex 14.6338 -11.3307 12.371
    endloop
  endfacet
  facet normal 0.0522475 -0.0580196 0.996947
    outer loop
      vertex -1.84177 -8.20451 13.4215
      vertex -1.91173 -8.26751 13.4215
      vertex 14.3453 -11.6785 12.371
    endloop
  endfacet
  facet normal -0.819406 -0.271297 0.504946
    outer loop
      vertex -22.7273 -3.93288 9.90862
      vertex -25.6982 -5.01763 4.50475
      vertex -22.3785 -4.98637 9.90862
    endloop
  endfacet
  facet normal -0.562044 -0.424208 0.710038
    outer loop
      vertex -21.4306 -5.1371 10.749
      vertex -21.9091 -5.90975 9.90862
      vertex -20.9612 -5.75902 10.749
    endloop
  endfacet
  facet normal -0.440928 -0.332702 0.833602
    outer loop
      vertex -20.8678 -4.22856 11.4093
      vertex -21.4306 -5.1371 10.749
      vertex -20.5191 -4.69069 11.4093
    endloop
  endfacet
  facet normal -0.440891 -0.332767 0.833595
    outer loop
      vertex -20.5191 -4.69069 11.4093
      vertex -21.4306 -5.1371 10.749
      vertex -20.9612 -5.75902 10.749
    endloop
  endfacet
  facet normal -0.155275 -0.082653 0.984408
    outer loop
      vertex -15.5301 2.66813 13.7974
      vertex -17.1115 2.48877 13.5329
      vertex -15.4833 2.58021 13.7974
    endloop
  endfacet
  facet normal -0.0750956 0.246332 0.966272
    outer loop
      vertex -15.0385 3.1926 13.7974
      vertex -16.0764 3.91373 13.5329
      vertex -15.1806 3.14928 13.7974
    endloop
  endfacet
  facet normal -0.457198 -0.026781 0.888962
    outer loop
      vertex -18.6771 2.75957 13.0141
      vertex -21.542 -1.601 11.4093
      vertex -20.6577 -1.601 11.8641
    endloop
  endfacet
  facet normal -0.522212 -0.265511 0.810431
    outer loop
      vertex -21.1541 -3.66546 11.4093
      vertex -21.4306 -5.1371 10.749
      vertex -20.8678 -4.22856 11.4093
    endloop
  endfacet
  facet normal -0.101525 0.216953 0.970888
    outer loop
      vertex -16.0764 3.91373 13.5329
      vertex -16.4453 3.7411 13.5329
      vertex -15.3051 3.091 13.7974
    endloop
  endfacet
  facet normal -0.124361 0.178967 0.975964
    outer loop
      vertex -16.4453 3.7411 13.5329
      vertex -16.748 3.53076 13.5329
      vertex -15.3051 3.091 13.7974
    endloop
  endfacet
  facet normal -0.236636 0.221855 0.94593
    outer loop
      vertex -16.748 3.53076 13.5329
      vertex -19.7379 7.99207 11.7386
      vertex -16.973 3.29077 13.5329
    endloop
  endfacet
  facet normal -0.155275 0.0826439 0.984408
    outer loop
      vertex -15.4833 2.93894 13.7974
      vertex -17.1115 3.03038 13.5329
      vertex -15.5301 2.85101 13.7974
    endloop
  endfacet
  facet normal -0.377327 0.116577 0.918713
    outer loop
      vertex -20.632 6.67776 11.7386
      vertex -20.8668 5.91778 11.7386
      vertex -18.6011 3.19933 13.0141
    endloop
  endfacet
  facet normal -0.412991 0.127596 0.901753
    outer loop
      vertex -20.632 6.67776 11.7386
      vertex -22.2656 6.19106 11.0593
      vertex -20.8668 5.91778 11.7386
    endloop
  endfacet
  facet normal -0.699184 0.215942 0.68155
    outer loop
      vertex -23.0703 7.66971 10.1947
      vertex -24.3899 6.60607 9.17796
      vertex -23.4552 6.42347 10.1947
    endloop
  endfacet
  facet normal -0.727655 0.0729878 0.682049
    outer loop
      vertex -23.4552 6.42347 10.1947
      vertex -24.3899 6.60607 9.17796
      vertex -23.5852 5.12743 10.1947
    endloop
  endfacet
  facet normal -0.0495613 0.317149 0.94708
    outer loop
      vertex 2.32021 9.84771 12.5319
      vertex 2.32021 9.10832 12.7795
      vertex 5.31085 9.9597 12.6509
    endloop
  endfacet
  facet normal -0.0495248 0.317063 0.94711
    outer loop
      vertex -2.19368 9.67868 12.3524
      vertex -15.1988 4.12099 13.5329
      vertex -2.19368 8.7222 12.6726
    endloop
  endfacet
  facet normal -0.049544 0.317105 0.947095
    outer loop
      vertex -15.1988 4.12099 13.5329
      vertex -2.19368 9.67868 12.3524
      vertex -17.626 9.10079 11.7386
    endloop
  endfacet
  facet normal -0.0495635 0.317166 0.947074
    outer loop
      vertex -0.98612 8.16708 12.9217
      vertex -2.19368 8.7222 12.6726
      vertex -15.1988 4.12099 13.5329
    endloop
  endfacet
  facet normal -0.0493884 0.316572 0.947282
    outer loop
      vertex 2.32021 9.04219 12.8016
      vertex 5.31085 9.9597 12.6509
      vertex 2.32021 9.10832 12.7795
    endloop
  endfacet
  facet normal -0.0492471 0.316137 0.947435
    outer loop
      vertex 5.31085 9.9597 12.6509
      vertex 2.32021 9.04219 12.8016
      vertex 5.92968 10.0561 12.6509
    endloop
  endfacet
  facet normal -0.0790087 0.314008 0.946127
    outer loop
      vertex -0.98612 8.16708 12.9217
      vertex -0.985275 8.11366 12.9395
      vertex -0.985275 8.16669 12.9219
    endloop
  endfacet
  facet normal -0.0489281 0.315046 0.947814
    outer loop
      vertex -0.985275 8.11366 12.9395
      vertex -0.98612 8.16708 12.9217
      vertex -15.1988 4.12099 13.5329
    endloop
  endfacet
  facet normal -0.0105372 0.173485 0.98478
    outer loop
      vertex -0.985275 6.49738 13.3685
      vertex -14.7239 3.22828 13.7974
      vertex -0.985275 6.48773 13.3702
    endloop
  endfacet
  facet normal -0.00950739 0.169255 0.985526
    outer loop
      vertex -14.7239 3.22828 13.7974
      vertex -0.985275 6.49738 13.3685
      vertex -14.8843 3.21927 13.7974
    endloop
  endfacet
  facet normal -0.011096 0.17578 0.984367
    outer loop
      vertex 1.11191 6.99201 13.3038
      vertex 1.11191 6.98529 13.305
      vertex 5.92968 8.12829 13.1552
    endloop
  endfacet
  facet normal -0.0298111 0.252921 0.967027
    outer loop
      vertex -0.985275 7.78473 13.0318
      vertex -14.8843 3.21927 13.7974
      vertex -0.985275 6.49738 13.3685
    endloop
  endfacet
  facet normal -0.0298309 0.252964 0.967016
    outer loop
      vertex 2.32021 8.87049 12.8497
      vertex 5.92968 8.12829 13.1552
      vertex 5.92968 10.0561 12.6509
    endloop
  endfacet
  facet normal -0.0298191 0.253016 0.967003
    outer loop
      vertex 2.32021 8.7222 12.8885
      vertex 5.92968 8.12829 13.1552
      vertex 2.32021 8.87049 12.8497
    endloop
  endfacet
  facet normal -0.02987 0.252973 0.967012
    outer loop
      vertex 1.11191 6.99201 13.3038
      vertex 2.32021 8.7222 12.8885
      vertex 1.11191 8.16669 12.9965
    endloop
  endfacet
  facet normal -0.0298314 0.252948 0.96702
    outer loop
      vertex 2.32021 8.7222 12.8885
      vertex 1.11191 6.99201 13.3038
      vertex 5.92968 8.12829 13.1552
    endloop
  endfacet
  facet normal -0.202968 0.386604 0.899634
    outer loop
      vertex -18.3997 8.87026 11.7386
      vertex -19.9052 9.66061 11.0593
      vertex -19.1128 8.49588 11.7386
    endloop
  endfacet
  facet normal -0.27329 0.339084 0.900186
    outer loop
      vertex -19.1128 8.49588 11.7386
      vertex -19.9052 9.66061 11.0593
      vertex -19.7379 7.99207 11.7386
    endloop
  endfacet
  facet normal -0.363859 0.468558 0.805022
    outer loop
      vertex -24.8191 20.1104 2.79781
      vertex -25.4255 19.6395 2.79781
      vertex -25.3285 19.0401 3.19053
    endloop
  endfacet
  facet normal -0.193722 0.768559 0.609744
    outer loop
      vertex -24.1885 20.6001 2.38091
      vertex -24.8443 20.4348 2.38091
      vertex -24.8191 20.1104 2.79781
    endloop
  endfacet
  facet normal 0.0758635 0.765953 0.638405
    outer loop
      vertex 18.578 21.3135 7.48621
      vertex 16.4113 21.5281 7.48621
      vertex 18.4081 20.4545 8.53702
    endloop
  endfacet
  facet normal 0.0915661 0.924494 0.370036
    outer loop
      vertex 16.4113 21.9746 6.37068
      vertex 16.4113 21.5281 7.48621
      vertex 18.578 21.3135 7.48621
    endloop
  endfacet
  facet normal 0.257493 -0.123171 -0.958398
    outer loop
      vertex 21.5765 -11.9594 0.544667
      vertex 20.3529 -11.8248 0.198623
      vertex 20.5219 -11.4715 0.198623
    endloop
  endfacet
  facet normal 0.208597 -0.349384 -0.913465
    outer loop
      vertex 20.4823 -13.4489 0.544667
      vertex 16.3541 -18.1693 1.40743
      vertex 19.9686 -13.7556 0.544667
    endloop
  endfacet
  facet normal 0.493483 -0.498695 -0.712586
    outer loop
      vertex 20.4167 -18.6518 3.27756
      vertex 18.9911 -20.0625 3.27756
      vertex 22.2766 -14.5378 1.68645
    endloop
  endfacet
  facet normal 0.552904 -0.558744 -0.618144
    outer loop
      vertex 19.4357 -20.8649 4.40053
      vertex 18.9911 -20.0625 3.27756
      vertex 20.4167 -18.6518 3.27756
    endloop
  endfacet
  facet normal 0.435456 -0.44007 0.785313
    outer loop
      vertex 19.5952 -17.6612 10.1339
      vertex 18.3456 -18.8977 10.1339
      vertex 20.4167 -18.6518 9.12327
    endloop
  endfacet
  facet normal 0.343499 -0.939153 0
    outer loop
      vertex 15.8355 -23.1853 5.59267
      vertex 17.827 -22.4569 6.80816
      vertex 15.8355 -23.1853 6.80816
    endloop
  endfacet
  facet normal 0.343499 -0.939153 0
    outer loop
      vertex 17.827 -22.4569 6.80816
      vertex 15.8355 -23.1853 5.59267
      vertex 17.827 -22.4569 5.59267
    endloop
  endfacet
  facet normal 0.504486 -0.78274 -0.364435
    outer loop
      vertex 19.6623 -21.2739 5.59267
      vertex 17.6708 -22.0024 4.40053
      vertex 19.4357 -20.8649 4.40053
    endloop
  endfacet
  facet normal 0.658066 -0.664969 -0.353222
    outer loop
      vertex 19.6623 -21.2739 5.59267
      vertex 19.4357 -20.8649 4.40053
      vertex 21.271 -19.6819 5.59267
    endloop
  endfacet
  facet normal -0.0623415 -0.58393 -0.809407
    outer loop
      vertex 13.7644 -21.9744 3.27756
      vertex -10.6793 -16.604 1.28588
      vertex 13.7644 -20.5735 2.26691
    endloop
  endfacet
  facet normal 0.0693339 -0.58366 -0.809033
    outer loop
      vertex 15.3731 -20.3824 2.26691
      vertex 13.7644 -21.9744 3.27756
      vertex 13.7644 -20.5735 2.26691
    endloop
  endfacet
  facet normal -0.290702 -0.956814 0
    outer loop
      vertex -14.9978 -16.424 4.52647
      vertex -13.6062 -16.8468 5.51024
      vertex -14.9978 -16.424 5.51024
    endloop
  endfacet
  facet normal -0.290702 -0.956814 -0
    outer loop
      vertex -13.6062 -16.8468 5.51024
      vertex -14.9978 -16.424 4.52647
      vertex -13.6062 -16.8468 4.52647
    endloop
  endfacet
  facet normal -0.350012 -0.875103 0.334196
    outer loop
      vertex -17.6268 -15.0618 6.48361
      vertex -17.6682 -15.4142 5.51748
      vertex -14.8887 -16.1602 6.4751
    endloop
  endfacet
  facet normal -0.206721 -0.680197 0.703277
    outer loop
      vertex -14.364 -14.8915 8.20196
      vertex -14.6747 -15.6428 7.38399
      vertex -13.2831 -15.22 8.20196
    endloop
  endfacet
  facet normal -0.378494 -0.720137 -0.581502
    outer loop
      vertex -11.334 -16.8214 1.63423
      vertex -18.6234 -14.5503 3.56628
      vertex -18.464 -13.8992 2.6562
    endloop
  endfacet
  facet normal -0.645624 -0.703772 -0.296438
    outer loop
      vertex -19.6599 -14.0183 4.53242
      vertex -23.4369 -9.23823 1.41016
      vertex -19.5419 -13.7196 3.56628
    endloop
  endfacet
  facet normal -0.37812 -0.736723 -0.560593
    outer loop
      vertex -17.6268 -15.0618 3.56628
      vertex -18.6234 -14.5503 3.56628
      vertex -11.334 -16.8214 1.63423
    endloop
  endfacet
  facet normal -0.349763 -0.870415 -0.346474
    outer loop
      vertex -14.8887 -16.1602 3.5616
      vertex -17.6268 -15.0618 3.56628
      vertex -11.334 -16.8214 1.63423
    endloop
  endfacet
  facet normal -0.64047 -0.708157 0.297173
    outer loop
      vertex -18.6234 -14.5503 6.48361
      vertex -19.6599 -14.0183 5.51748
      vertex -18.7047 -14.8822 5.51748
    endloop
  endfacet
  facet normal -0.771262 -0.636518 0
    outer loop
      vertex -23.3284 -10.0395 3.14908
      vertex -24.3113 -8.84853 3.83349
      vertex -24.3113 -8.84853 3.14908
    endloop
  endfacet
  facet normal -0.771262 -0.636518 0
    outer loop
      vertex -24.3113 -8.84853 3.83349
      vertex -23.3284 -10.0395 3.14908
      vertex -23.3284 -10.0395 3.83349
    endloop
  endfacet
  facet normal -0.735194 -0.677857 0
    outer loop
      vertex -19.6599 -14.0183 4.53242
      vertex -23.3284 -10.0395 3.83349
      vertex -23.3284 -10.0395 3.14908
    endloop
  endfacet
  facet normal -0.735194 -0.677857 0
    outer loop
      vertex -23.3284 -10.0395 3.83349
      vertex -19.6599 -14.0183 4.53242
      vertex -19.6599 -14.0183 5.51748
    endloop
  endfacet
  facet normal -0.00018876 -0.0130761 -0.999914
    outer loop
      vertex 13.7644 -11.891 0.0298567
      vertex -6.82325 -10.3588 0.0137062
      vertex 18.8317 -11.3795 0.0222111
    endloop
  endfacet
  facet normal 6.96103e-05 -8.25276e-05 -1
    outer loop
      vertex -10.6149 -6.8199 0.00872421
      vertex -22.1872 -2.07835 0.00752735
      vertex -22.1297 -2.02985 0.00752735
    endloop
  endfacet
  facet normal -0.118397 -0.356663 -0.9267
    outer loop
      vertex -10.6793 -16.604 1.28588
      vertex -11.3089 -16.395 1.28588
      vertex -10.6793 -15.7514 0.957736
    endloop
  endfacet
  facet normal -0.194857 -0.348267 -0.916919
    outer loop
      vertex -11.3089 -16.395 1.28588
      vertex -22.7845 -8.76465 0.826415
      vertex -11.2595 -15.5587 0.957736
    endloop
  endfacet
  facet normal -0.0149387 -0.165871 -0.986034
    outer loop
      vertex -10.6793 -14.5134 0.662415
      vertex -12.1591 -11.7269 0.216088
      vertex 13.7644 -14.3642 0.266987
    endloop
  endfacet
  facet normal -0.0662611 -0.199647 -0.977625
    outer loop
      vertex -11.1879 -14.3446 0.662415
      vertex -12.9871 -11.5619 0.216088
      vertex -10.6793 -14.5134 0.662415
    endloop
  endfacet
  facet normal 0.000311846 -0.000938454 -1
    outer loop
      vertex 18.9522 -11.3662 0.0222111
      vertex -10.6793 -6.8413 0.00872421
      vertex -10.6149 -6.8199 0.00872421
    endloop
  endfacet
  facet normal 0.000116072 -6.44843e-05 -1
    outer loop
      vertex 12.008 2.57435 0.0107412
      vertex -10.5529 -6.7565 0.00872421
      vertex -10.4957 -6.65354 0.00872421
    endloop
  endfacet
  facet normal -0.841524 -0.198392 0.502471
    outer loop
      vertex -22.7273 -3.93288 9.90862
      vertex -26.2033 -2.87513 4.50475
      vertex -25.6982 -5.01763 4.50475
    endloop
  endfacet
  facet normal -0.844218 -0.158637 0.511986
    outer loop
      vertex -22.9421 -2.78978 9.90862
      vertex -26.2033 -2.87513 4.50475
      vertex -22.7273 -3.93288 9.90862
    endloop
  endfacet
  facet normal -0.947805 -0.0984481 -0.303271
    outer loop
      vertex -26.7287 -0.646996 3.14908
      vertex -27.4855 10.3149 1.95583
      vertex -27.3588 10.3794 1.53892
    endloop
  endfacet
  facet normal -0.943594 -0.100013 -0.315639
    outer loop
      vertex -26.7287 -0.646996 3.14908
      vertex -27.3588 10.3794 1.53892
      vertex -26.5144 -0.550374 2.47782
    endloop
  endfacet
  facet normal -0.524214 -0.0621396 -0.849317
    outer loop
      vertex -26.1683 9.8944 0.492197
      vertex -26.6009 9.43566 0.792769
      vertex -26.2903 10.9236 0.492197
    endloop
  endfacet
  facet normal -0.810511 -0.114037 -0.574516
    outer loop
      vertex -26.2033 -2.87513 2.47782
      vertex -26.9408 9.07523 1.14621
      vertex -25.8074 -2.50335 1.8455
    endloop
  endfacet
  facet normal -0.283667 -0.0544834 -0.957374
    outer loop
      vertex -23.895 -4.30743 0.354874
      vertex -24.0782 -3.3536 0.354874
      vertex -23.4716 -3.5199 0.184604
    endloop
  endfacet
  facet normal -0.180545 -0.0346697 -0.982956
    outer loop
      vertex -23.4716 -3.5199 0.184604
      vertex -23.6077 -2.81115 0.184604
      vertex -23.0849 -2.2084 0.0673189
    endloop
  endfacet
  facet normal -0.229099 0.0478156 -0.972228
    outer loop
      vertex -25.0038 13.3885 0.0933685
      vertex -25.6596 13.5539 0.256038
      vertex -25.5125 14.2587 0.256038
    endloop
  endfacet
  facet normal -0.491875 0.102679 -0.86459
    outer loop
      vertex -26.1683 14.0933 0.492197
      vertex -26.3596 15.7078 0.792769
      vertex -25.9703 15.0418 0.492197
    endloop
  endfacet
  facet normal -0.000220387 0.000873434 -1
    outer loop
      vertex -11.3072 12.7976 0.00756359
      vertex -24.2531 12.8252 0.0104408
      vertex -24.1885 12.8415 0.0104408
    endloop
  endfacet
  facet normal -0.00174966 0.133642 -0.991028
    outer loop
      vertex -11.1291 15.7183 0.185487
      vertex -24.1885 16.0705 0.256038
      vertex -11.1291 16.987 0.356573
    endloop
  endfacet
  facet normal -0.380863 0.0451514 -0.923528
    outer loop
      vertex -25.6596 13.5539 0.256038
      vertex -26.2903 13.0642 0.492197
      vertex -26.1683 14.0933 0.492197
    endloop
  endfacet
  facet normal -0.524204 0.0621445 -0.849322
    outer loop
      vertex -26.2903 13.0642 0.492197
      vertex -26.6009 14.5521 0.792769
      vertex -26.1683 14.0933 0.492197
    endloop
  endfacet
  facet normal -0.540133 0.0207414 -0.841324
    outer loop
      vertex -26.3314 11.9939 0.492197
      vertex -26.7495 13.298 0.792769
      vertex -26.2903 13.0642 0.492197
    endloop
  endfacet
  facet normal -0.394102 0.0151337 -0.918942
    outer loop
      vertex -25.7502 12.7892 0.256038
      vertex -26.3314 11.9939 0.492197
      vertex -26.2903 13.0642 0.492197
    endloop
  endfacet
  facet normal -0.839844 0.0323577 -0.541862
    outer loop
      vertex -27.1103 13.4818 1.14621
      vertex -27.421 11.9939 1.53892
      vertex -27.3588 13.6083 1.53892
    endloop
  endfacet
  facet normal -0.676375 0.0801446 -0.732184
    outer loop
      vertex -26.7495 13.298 0.792769
      vertex -26.9408 14.9125 1.14621
      vertex -26.6009 14.5521 0.792769
    endloop
  endfacet
  facet normal -0.676403 0.0801358 -0.732159
    outer loop
      vertex -26.7495 13.298 0.792769
      vertex -27.1103 13.4818 1.14621
      vertex -26.9408 14.9125 1.14621
    endloop
  endfacet
  facet normal -0.692572 0.0266599 -0.720856
    outer loop
      vertex -26.7997 11.9939 0.792769
      vertex -27.1103 13.4818 1.14621
      vertex -26.7495 13.298 0.792769
    endloop
  endfacet
  facet normal 0.381697 0.462365 0.800328
    outer loop
      vertex 22.0979 18.9172 8.53702
      vertex 21.3956 17.86 9.48273
      vertex 23.6489 17.6368 8.53702
    endloop
  endfacet
  facet normal 0.59165 0.716662 0.36925
    outer loop
      vertex 24.5784 18.5717 6.37068
      vertex 22.8282 20.0166 6.37068
      vertex 24.2646 18.256 7.48621
    endloop
  endfacet
  facet normal 0.0440507 0.444622 0.894634
    outer loop
      vertex 18.1615 19.2075 9.48273
      vertex 16.4113 19.3809 9.48273
      vertex 17.8477 17.6203 10.287
    endloop
  endfacet
  facet normal 0.0440472 0.44462 0.894636
    outer loop
      vertex 16.4113 19.3809 9.48273
      vertex 16.4113 17.7626 10.287
      vertex 17.8477 17.6203 10.287
    endloop
  endfacet
  facet normal 0.157455 0.128472 0.979134
    outer loop
      vertex 20.2799 14.2479 10.9189
      vertex 18.7935 12.7528 11.3541
      vertex 20.9603 13.414 10.9189
    endloop
  endfacet
  facet normal 0.490484 0.594143 0.63751
    outer loop
      vertex 22.5816 19.6454 7.48621
      vertex 22.0979 18.9172 8.53702
      vertex 23.6489 17.6368 8.53702
    endloop
  endfacet
  facet normal 0.694993 -0.510499 -0.506335
    outer loop
      vertex 23.0963 -15.4535 3.27374
      vertex 22.762 -15.08 2.43831
      vertex 23.4532 -14.139 2.43831
    endloop
  endfacet
  facet normal 0.686157 -0.521132 -0.507553
    outer loop
      vertex 23.0963 -15.4535 3.27374
      vertex 20.9825 -19.3341 4.40053
      vertex 22.762 -15.08 2.43831
    endloop
  endfacet
  facet normal 0.446819 -0.0387748 0.893783
    outer loop
      vertex 23.774 10.3565 10.287
      vertex 20.4016 -12.2222 10.9934
      vertex 25.3828 10.3565 9.48273
    endloop
  endfacet
  facet normal 0.194916 0.0587785 0.979057
    outer loop
      vertex 21.7772 11.4302 10.9189
      vertex 19.5239 11.6534 11.3541
      vertex 19.7156 11.0177 11.3541
    endloop
  endfacet
  facet normal 0.738546 0.222723 -0.636352
    outer loop
      vertex 27.3041 12.536 4.11776
      vertex 26.4502 12.3652 3.06695
      vertex 26.6721 14.6317 4.11776
    endloop
  endfacet
  facet normal 0.598045 -0.0585671 0.799319
    outer loop
      vertex 26.6469 10.3565 8.53702
      vertex 25.2105 8.59599 9.48273
      vertex 26.4502 8.34794 8.53702
    endloop
  endfacet
  facet normal 0.890095 0.268426 -0.368347
    outer loop
      vertex 27.3041 12.536 4.11776
      vertex 26.6721 14.6317 4.11776
      vertex 27.0822 14.8026 5.23329
    endloop
  endfacet
  facet normal 0.59165 0.716662 -0.36925
    outer loop
      vertex 24.2646 18.256 4.11776
      vertex 22.8282 20.0166 5.23329
      vertex 24.5784 18.5717 5.23329
    endloop
  endfacet
  facet normal 0.922086 -0.231961 0.309761
    outer loop
      vertex 24.1764 -13.1276 6.80816
      vertex 23.5723 -15.529 6.80816
      vertex 24.7468 -12.0038 5.95176
    endloop
  endfacet
  facet normal 0.93264 -0.246788 0.263206
    outer loop
      vertex 24.7468 -12.0038 5.95176
      vertex 23.5723 -15.529 6.80816
      vertex 24.9832 -12.0563 5.06488
    endloop
  endfacet
  facet normal 0.5266 -0.251966 -0.811915
    outer loop
      vertex 22.8825 -13.713 1.68645
      vertex 22.1561 -13.1708 1.04705
      vertex 23.3327 -12.7721 1.68645
    endloop
  endfacet
  facet normal 0.568647 -0.154387 -0.807964
    outer loop
      vertex 23.3327 -12.7721 1.68645
      vertex 22.7531 -11.5607 1.04705
      vertex 23.6099 -11.7511 1.68645
    endloop
  endfacet
  facet normal 0.252905 -0.392362 -0.884359
    outer loop
      vertex 18.3456 -18.8977 2.26691
      vertex 16.92 -19.8166 2.26691
      vertex 21.053 -14.4031 1.04705
    endloop
  endfacet
  facet normal 0.238886 -0.383414 -0.892148
    outer loop
      vertex 16.92 -19.8166 2.26691
      vertex 16.3541 -18.1693 1.40743
      vertex 21.053 -14.4031 1.04705
    endloop
  endfacet
  facet normal 0.680978 0.361856 -0.636655
    outer loop
      vertex 26.6721 14.6317 4.11776
      vertex 24.9219 16.0766 3.06695
      vertex 25.6458 16.5631 4.11776
    endloop
  endfacet
  facet normal 0.597245 0.487304 -0.63705
    outer loop
      vertex 24.9219 16.0766 3.06695
      vertex 23.6489 17.6368 3.06695
      vertex 25.6458 16.5631 4.11776
    endloop
  endfacet
  facet normal 0.738524 0.222735 -0.636373
    outer loop
      vertex 26.4502 12.3652 3.06695
      vertex 25.8677 14.2966 3.06695
      vertex 26.6721 14.6317 4.11776
    endloop
  endfacet
  facet normal 0.575139 0.173459 -0.799454
    outer loop
      vertex 26.4502 12.3652 3.06695
      vertex 24.6999 13.81 2.12124
      vertex 25.8677 14.2966 3.06695
    endloop
  endfacet
  facet normal 0.598014 0.0585243 -0.799346
    outer loop
      vertex 25.3828 10.3565 2.12124
      vertex 25.2105 12.1171 2.12124
      vertex 26.6469 10.3565 3.06695
    endloop
  endfacet
  facet normal 0.446719 0.0437179 -0.893605
    outer loop
      vertex 25.3828 10.3565 2.12124
      vertex 23.774 10.3565 1.31699
      vertex 25.2105 12.1171 2.12124
    endloop
  endfacet
  facet normal -0.00437776 -0.040483 0.999171
    outer loop
      vertex -2.16823 -8.35289 13.4215
      vertex -14.8843 2.29988 13.7974
      vertex -2.2583 -8.34315 13.4215
    endloop
  endfacet
  facet normal 0.0194095 0.124622 0.992014
    outer loop
      vertex 5.92968 8.12829 13.1552
      vertex 5.92968 6.08172 13.4123
      vertex 6.05835 6.06168 13.4123
    endloop
  endfacet
  facet normal 0.00793361 -0.0260485 0.999629
    outer loop
      vertex -14.2672 2.36986 13.7974
      vertex -14.4094 2.32655 13.7974
      vertex -2.07816 -8.34315 13.4215
    endloop
  endfacet
  facet normal 0.108987 -0.00890504 0.994003
    outer loop
      vertex 14.81 -10.6302 12.371
      vertex 6.57656 4.83485 13.4123
      vertex 14.7899 -10.8762 12.371
    endloop
  endfacet
  facet normal 0.589353 -0.261234 0.764474
    outer loop
      vertex 21.3827 -14.4353 10.1339
      vertex 20.6207 -16.1544 10.1339
      vertex 22.456 -14.9714 9.12327
    endloop
  endfacet
  facet normal 0.862056 -0.382155 0.332891
    outer loop
      vertex 23.1954 -15.3407 8.0003
      vertex 22.252 -17.4688 8.0003
      vertex 22.5912 -17.7421 6.80816
    endloop
  endfacet
  facet normal 0.0515131 -0.433643 0.899611
    outer loop
      vertex 15.0846 -18.6336 10.9934
      vertex 13.7644 -20.5735 10.1339
      vertex 15.3731 -20.3824 10.1339
    endloop
  endfacet
  facet normal 0.111587 -0.173126 0.978558
    outer loop
      vertex 16.5581 -15.6719 11.6687
      vertex 14.9494 -14.0799 12.1338
      vertex 15.6888 -16.2322 11.6687
    endloop
  endfacet
  facet normal 0.396251 -0.269679 0.877644
    outer loop
      vertex 19.3912 -15.1638 10.9934
      vertex 18.5496 -16.4004 10.9934
      vertex 20.6207 -16.1544 10.1339
    endloop
  endfacet
  facet normal 0.0688022 -0.188081 0.979741
    outer loop
      vertex 14.9494 -14.0799 12.1338
      vertex 14.3685 -14.2924 12.1338
      vertex 14.7454 -16.5773 11.6687
    endloop
  endfacet
  facet normal 0.318603 -0.871062 0.373822
    outer loop
      vertex 17.6708 -22.0024 8.0003
      vertex 15.7559 -22.7028 8.0003
      vertex 15.8355 -23.1853 6.80816
    endloop
  endfacet
  facet normal 0.318594 -0.871061 0.373833
    outer loop
      vertex 17.6708 -22.0024 8.0003
      vertex 15.8355 -23.1853 6.80816
      vertex 17.827 -22.4569 6.80816
    endloop
  endfacet
  facet normal 0.776786 -0.528669 0.342217
    outer loop
      vertex 22.252 -17.4688 8.0003
      vertex 21.271 -19.6819 6.80816
      vertex 22.5912 -17.7421 6.80816
    endloop
  endfacet
  facet normal 0.86205 -0.382159 0.332903
    outer loop
      vertex 23.1954 -15.3407 8.0003
      vertex 22.5912 -17.7421 6.80816
      vertex 23.5723 -15.529 6.80816
    endloop
  endfacet
  facet normal 0.869413 -0.415972 -0.266624
    outer loop
      vertex 24.6263 -13.3707 4.16062
      vertex 23.8463 -14.4325 3.27374
      vertex 24.4036 -13.2677 3.27374
    endloop
  endfacet
  facet normal 0.781636 -0.373975 -0.499188
    outer loop
      vertex 24.4036 -13.2677 3.27374
      vertex 23.8463 -14.4325 3.27374
      vertex 23.9668 -13.0655 2.43831
    endloop
  endfacet
  facet normal 0.957869 -0.117087 -0.262253
    outer loop
      vertex 24.9832 -12.0563 4.16062
      vertex 24.7468 -12.0038 3.27374
      vertex 27.7395 8.08998 5.23329
    endloop
  endfacet
  facet normal -0.0897425 -0.755377 0.649117
    outer loop
      vertex 13.7644 -21.9744 9.12327
      vertex 11.7729 -22.7028 8.0003
      vertex 13.7644 -22.9394 8.0003
    endloop
  endfacet
  facet normal -0.163499 -0.283839 0.94483
    outer loop
      vertex -19.7827 -3.71508 11.8641
      vertex -20.1211 -5.03407 11.4093
      vertex -2.69148 -9.23239 13.1642
    endloop
  endfacet
  facet normal -0.371293 -0.723214 0.582325
    outer loop
      vertex -17.5456 -14.3707 7.39369
      vertex -18.464 -13.8992 7.39369
      vertex -17.6268 -15.0618 6.48361
    endloop
  endfacet
  facet normal -0.298838 -0.582084 0.756223
    outer loop
      vertex -17.4276 -13.3672 8.21274
      vertex -18.464 -13.8992 7.39369
      vertex -17.5456 -14.3707 7.39369
    endloop
  endfacet
  facet normal 0.0733281 -0.074086 0.994552
    outer loop
      vertex 15.954 -13.2705 12.1338
      vertex 14.3453 -11.6785 12.371
      vertex 15.4848 -13.7349 12.1338
    endloop
  endfacet
  facet normal 0.0556636 -0.0416335 0.997581
    outer loop
      vertex -1.78435 -8.12774 13.4215
      vertex -1.84177 -8.20451 13.4215
      vertex 14.5038 -11.5217 12.371
    endloop
  endfacet
  facet normal 0.473534 0.880775 -0
    outer loop
      vertex 22.8282 20.0166 5.23329
      vertex 20.8313 21.0902 6.37068
      vertex 22.8282 20.0166 6.37068
    endloop
  endfacet
  facet normal 0.473534 0.880775 0
    outer loop
      vertex 20.8313 21.0902 6.37068
      vertex 22.8282 20.0166 5.23329
      vertex 20.8313 21.0902 5.23329
    endloop
  endfacet
  facet normal 0.636641 0.77116 -0
    outer loop
      vertex 24.5784 18.5717 5.23329
      vertex 22.8282 20.0166 6.37068
      vertex 24.5784 18.5717 6.37068
    endloop
  endfacet
  facet normal 0.636641 0.77116 0
    outer loop
      vertex 22.8282 20.0166 6.37068
      vertex 24.5784 18.5717 5.23329
      vertex 22.8282 20.0166 5.23329
    endloop
  endfacet
  facet normal 0.284972 0.345201 -0.894219
    outer loop
      vertex 22.7551 16.7377 2.12124
      vertex 20.5018 16.5145 1.31699
      vertex 21.3956 17.86 2.12124
    endloop
  endfacet
  facet normal 0.381697 0.462369 -0.800326
    outer loop
      vertex 22.7551 16.7377 2.12124
      vertex 21.3956 17.86 2.12124
      vertex 23.6489 17.6368 3.06695
    endloop
  endfacet
  facet normal 0.0143015 0.101492 -0.994734
    outer loop
      vertex 11.5983 12.2504 0.0252934
      vertex 11.3705 12.2825 0.0252934
      vertex 17.0685 13.6803 0.249831
    endloop
  endfacet
  facet normal 0.194944 0.0588061 -0.97905
    outer loop
      vertex 21.7772 11.4302 0.685091
      vertex 19.5239 11.6534 0.249831
      vertex 21.4658 12.4625 0.685091
    endloop
  endfacet
  facet normal 0.0763532 0.58026 -0.810844
    outer loop
      vertex 18.1615 19.2075 2.12124
      vertex 8.21788 20.0051 1.75568
      vertex 8.36886 20.8258 2.35721
    endloop
  endfacet
  facet normal 0.130435 0.42752 -0.894546
    outer loop
      vertex 19.2289 17.1989 1.31699
      vertex 17.8477 17.6203 1.31699
      vertex 19.8445 18.6939 2.12124
    endloop
  endfacet
  facet normal 0.000116021 -6.43605e-05 -1
    outer loop
      vertex 12.008 2.57435 0.0107412
      vertex -10.4957 -6.65354 0.00872421
      vertex -10.2861 11.7574 0.00756359
    endloop
  endfacet
  facet normal 0.000380547 -0.000637029 -1
    outer loop
      vertex 19.0681 -11.3269 0.0222111
      vertex 11.7868 2.3287 0.0107412
      vertex 19.1749 -11.2631 0.0222111
    endloop
  endfacet
  facet normal 0.316673 0.0309901 -0.948028
    outer loop
      vertex 23.774 10.3565 1.31699
      vertex 21.7772 11.4302 0.685091
      vertex 23.6326 11.8014 1.31699
    endloop
  endfacet
  facet normal 0.29013 0.0052865 -0.956973
    outer loop
      vertex 21.8026 -10.6893 0.544667
      vertex 20.6612 -10.6893 0.198623
      vertex 21.8823 10.3565 0.685091
    endloop
  endfacet
  facet normal 0.316825 0.00512867 -0.94847
    outer loop
      vertex 23.774 10.3565 1.31699
      vertex 21.8026 -10.6893 0.544667
      vertex 21.8823 10.3565 0.685091
    endloop
  endfacet
  facet normal 0.00204238 0.00247439 -0.999995
    outer loop
      vertex 17.2157 11.1657 0.0279379
      vertex 13.1625 8.32607 0.0126333
      vertex 17.0433 11.308 0.0279379
    endloop
  endfacet
  facet normal 0.0381419 0.283892 -0.958097
    outer loop
      vertex 17.4786 15.754 0.685091
      vertex 7.71969 17.2974 0.753911
      vertex 7.99868 18.8137 1.21431
    endloop
  endfacet
  facet normal 0.0185576 0.174322 -0.984514
    outer loop
      vertex 17.0685 13.6803 0.249831
      vertex 6.44288 15.6154 0.39218
      vertex 7.39163 15.5144 0.39218
    endloop
  endfacet
  facet normal 0.0248271 0.200651 -0.979348
    outer loop
      vertex 17.0685 13.6803 0.249831
      vertex 7.71969 17.2974 0.753911
      vertex 17.4786 15.754 0.685091
    endloop
  endfacet
  facet normal 0.0591639 0.193839 -0.979248
    outer loop
      vertex 17.7005 13.4874 0.249831
      vertex 17.0685 13.6803 0.249831
      vertex 17.4786 15.754 0.685091
    endloop
  endfacet
  facet normal 0.0162875 0.197807 -0.980106
    outer loop
      vertex -9.97693 16.8921 0.356573
      vertex -11.1291 18.0659 0.574325
      vertex -9.72517 17.9503 0.574325
    endloop
  endfacet
  facet normal 0.0172052 0.197594 -0.980133
    outer loop
      vertex 6.44288 17.4333 0.753911
      vertex -9.97693 16.8921 0.356573
      vertex -9.72517 17.9503 0.574325
    endloop
  endfacet
  facet normal -0.0416577 0.16509 -0.985398
    outer loop
      vertex -24.4992 15.9921 0.256038
      vertex -24.6066 17.3746 0.492197
      vertex -24.1885 16.0705 0.256038
    endloop
  endfacet
  facet normal -0.00481092 0.243197 -0.969965
    outer loop
      vertex -11.1291 18.0659 0.574325
      vertex -24.1885 17.48 0.492197
      vertex -24.1885 18.6788 0.792769
    endloop
  endfacet
  facet normal 0.043305 0.4067 -0.912535
    outer loop
      vertex 8.21788 20.0051 1.75568
      vertex 6.44288 18.9794 1.21431
      vertex 6.44288 20.1941 1.75568
    endloop
  endfacet
  facet normal 0.0433141 0.406687 -0.91254
    outer loop
      vertex 7.99868 18.8137 1.21431
      vertex 6.44288 18.9794 1.21431
      vertex 8.21788 20.0051 1.75568
    endloop
  endfacet
  facet normal 0.00283326 0.517874 -0.855452
    outer loop
      vertex -11.1291 19.4975 1.11488
      vertex -24.1885 19.6207 1.14621
      vertex -24.1885 20.2694 1.53892
    endloop
  endfacet
  facet normal 0.00720935 0.572403 -0.819941
    outer loop
      vertex -11.1291 19.4975 1.11488
      vertex -24.1885 20.2694 1.53892
      vertex 6.44288 20.1941 1.75568
    endloop
  endfacet
  facet normal -0.380426 0.207047 0.901336
    outer loop
      vertex -21.4367 8.1564 11.0593
      vertex -21.9497 7.21382 11.0593
      vertex -20.632 6.67776 11.7386
    endloop
  endfacet
  facet normal -0.380468 0.207019 0.901325
    outer loop
      vertex -20.2509 7.37816 11.7386
      vertex -21.4367 8.1564 11.0593
      vertex -20.632 6.67776 11.7386
    endloop
  endfacet
  facet normal -0.543117 0.396935 0.73991
    outer loop
      vertex -25.3285 19.0401 3.19053
      vertex -25.9844 18.8747 2.79781
      vertex -25.8436 18.3353 3.19053
    endloop
  endfacet
  facet normal -0.449022 0.375159 0.810947
    outer loop
      vertex -21.6041 9.82494 10.1947
      vertex -22.4452 8.81824 10.1947
      vertex -20.7464 8.98258 11.0593
    endloop
  endfacet
  facet normal -0.890199 0.285352 0.355133
    outer loop
      vertex -26.4742 17.8456 2.79781
      vertex -26.9836 16.7753 2.38091
      vertex -26.8762 16.5915 2.79781
    endloop
  endfacet
  facet normal -0.634703 0.302061 0.711274
    outer loop
      vertex -25.8436 18.3353 3.19053
      vertex -26.295 17.3868 3.19053
      vertex -23.0703 7.66971 10.1947
    endloop
  endfacet
  facet normal -0.826853 0.39354 0.401797
    outer loop
      vertex -26.0561 19.1497 2.38091
      vertex -26.4742 17.8456 2.79781
      vertex -25.9844 18.8747 2.79781
    endloop
  endfacet
  facet normal -0.35433 0.0739666 -0.932191
    outer loop
      vertex -25.6596 13.5539 0.256038
      vertex -26.1683 14.0933 0.492197
      vertex -25.9703 15.0418 0.492197
    endloop
  endfacet
  facet normal -0.491829 0.10269 -0.864615
    outer loop
      vertex -26.1683 14.0933 0.492197
      vertex -26.6009 14.5521 0.792769
      vertex -26.3596 15.7078 0.792769
    endloop
  endfacet
  facet normal -0.727422 -0.0745946 0.682124
    outer loop
      vertex -23.4552 3.83139 10.1947
      vertex -24.3899 3.64879 9.17796
      vertex -22.2783 -2.57661 10.749
    endloop
  endfacet
  facet normal -0.727655 -0.0729878 0.682049
    outer loop
      vertex -23.5852 5.12743 10.1947
      vertex -24.3899 3.64879 9.17796
      vertex -23.4552 3.83139 10.1947
    endloop
  endfacet
  facet normal -0.815883 -0.285419 0.502863
    outer loop
      vertex -22.3785 -4.98637 9.90862
      vertex -25.6982 -5.01763 4.50475
      vertex -22.8207 -5.46334 8.92044
    endloop
  endfacet
  facet normal -0.758444 -0.385529 0.525481
    outer loop
      vertex -22.3785 -4.98637 9.90862
      vertex -22.8207 -5.46334 8.92044
      vertex -22.2852 -6.51682 8.92044
    endloop
  endfacet
  facet normal -0.0247172 -0.250588 0.967778
    outer loop
      vertex -2.16823 -8.35289 13.4215
      vertex -2.16823 -9.34659 13.1642
      vertex 13.7644 -16.6938 11.6687
    endloop
  endfacet
  facet normal -0.0270722 -0.250573 0.967719
    outer loop
      vertex -2.16823 -8.35289 13.4215
      vertex -2.43498 -9.31777 13.1642
      vertex -2.16823 -9.34659 13.1642
    endloop
  endfacet
  facet normal 0.00538883 -0.195781 0.980633
    outer loop
      vertex 13.7644 -14.3642 12.1338
      vertex -2.16823 -8.35289 13.4215
      vertex 13.7644 -16.6938 11.6687
    endloop
  endfacet
  facet normal 0.0232635 -0.195731 0.980382
    outer loop
      vertex 13.7644 -14.3642 12.1338
      vertex 13.7644 -16.6938 11.6687
      vertex 14.3685 -14.2924 12.1338
    endloop
  endfacet
  facet normal -0.303303 -0.228857 0.925003
    outer loop
      vertex -20.2425 -3.21904 11.8641
      vertex -20.8678 -4.22856 11.4093
      vertex -20.5191 -4.69069 11.4093
    endloop
  endfacet
  facet normal -0.0801618 -0.240823 0.967253
    outer loop
      vertex -2.2583 -8.34315 13.4215
      vertex -2.69148 -9.23239 13.1642
      vertex -2.43498 -9.31777 13.1642
    endloop
  endfacet
  facet normal -0.0194786 -0.058517 0.998096
    outer loop
      vertex -2.2583 -8.34315 13.4215
      vertex -15.1806 2.36986 13.7974
      vertex -2.34491 -8.31432 13.4215
    endloop
  endfacet
  facet normal 0.0130526 0.041039 0.999072
    outer loop
      vertex -0.985275 5.07433 13.5448
      vertex -14.2672 3.14928 13.7974
      vertex -0.985275 5.05242 13.5457
    endloop
  endfacet
  facet normal 0.0128745 0.0422612 0.999024
    outer loop
      vertex -14.2672 3.14928 13.7974
      vertex -0.985275 5.07433 13.5448
      vertex -14.4094 3.1926 13.7974
    endloop
  endfacet
  facet normal 0.0124076 0.0454631 0.998889
    outer loop
      vertex 1.11191 5.3683 13.5053
      vertex 1.11191 5.35292 13.506
      vertex 6.05835 6.06168 13.4123
    endloop
  endfacet
  facet normal -0.228225 -0.264528 0.936984
    outer loop
      vertex -20.0278 -3.50362 11.8641
      vertex -20.5191 -4.69069 11.4093
      vertex -20.1211 -5.03407 11.4093
    endloop
  endfacet
  facet normal -0.14366 -0.206732 0.967793
    outer loop
      vertex -16.748 1.98839 13.5329
      vertex -19.7827 -3.71508 11.8641
      vertex -16.4453 1.77804 13.5329
    endloop
  endfacet
  facet normal 0.00507603 -0.0293485 0.999556
    outer loop
      vertex -14.4094 2.32655 13.7974
      vertex -14.5636 2.29988 13.7974
      vertex -2.07816 -8.34315 13.4215
    endloop
  endfacet
  facet normal 0.00338767 -0.0313272 0.999503
    outer loop
      vertex -2.07816 -8.34315 13.4215
      vertex -14.5636 2.29988 13.7974
      vertex -2.16823 -8.35289 13.4215
    endloop
  endfacet
  facet normal -0.142603 0.133575 0.980725
    outer loop
      vertex -15.4074 3.01997 13.7974
      vertex -16.748 3.53076 13.5329
      vertex -15.4833 2.93894 13.7974
    endloop
  endfacet
  facet normal -0.161815 -0.027965 0.986425
    outer loop
      vertex -15.5301 2.66813 13.7974
      vertex -17.1583 2.75957 13.5329
      vertex -17.1115 2.48877 13.5329
    endloop
  endfacet
  facet normal -0.101548 0.216932 0.970891
    outer loop
      vertex -15.1806 3.14928 13.7974
      vertex -16.0764 3.91373 13.5329
      vertex -15.3051 3.091 13.7974
    endloop
  endfacet
  facet normal 0.0574498 0.119728 0.991143
    outer loop
      vertex 6.67718 7.89309 13.1552
      vertex 6.05835 6.06168 13.4123
      vertex 6.18208 6.00231 13.4123
    endloop
  endfacet
  facet normal 0.390603 -0.186928 -0.901381
    outer loop
      vertex 22.1561 -13.1708 1.04705
      vertex 21.3019 -12.5332 0.544667
      vertex 21.5765 -11.9594 0.544667
    endloop
  endfacet
  facet normal 0.0989463 0.00968214 -0.995046
    outer loop
      vertex 19.7803 10.3565 0.249831
      vertex 17.527 10.5798 0.0279379
      vertex 19.7156 11.0177 0.249831
    endloop
  endfacet
  facet normal 0.0683516 -0.11445 -0.991075
    outer loop
      vertex 19.5318 -12.5776 0.198623
      vertex 19.0681 -11.3269 0.0222111
      vertex 19.8481 -12.3887 0.198623
    endloop
  endfacet
  facet normal 0.212701 -0.352576 -0.911289
    outer loop
      vertex 21.053 -14.4031 1.04705
      vertex 16.3541 -18.1693 1.40743
      vertex 20.4823 -13.4489 0.544667
    endloop
  endfacet
  facet normal 0.0739872 -0.218335 -0.973065
    outer loop
      vertex 19.5318 -12.5776 0.198623
      vertex 14.7454 -16.5773 0.732137
      vertex 19.1886 -12.6939 0.198623
    endloop
  endfacet
  facet normal 0.355298 -0.438124 -0.825718
    outer loop
      vertex 21.5383 -15.2146 1.68645
      vertex 18.3456 -18.8977 2.26691
      vertex 21.053 -14.4031 1.04705
    endloop
  endfacet
  facet normal 0.0841411 -0.230017 -0.969542
    outer loop
      vertex 15.6888 -16.2322 0.732137
      vertex 14.7454 -16.5773 0.732137
      vertex 19.5318 -12.5776 0.198623
    endloop
  endfacet
  facet normal 0.138268 -0.231588 -0.962938
    outer loop
      vertex 19.9686 -13.7556 0.544667
      vertex 19.8481 -12.3887 0.198623
      vertex 20.4823 -13.4489 0.544667
    endloop
  endfacet
  facet normal 0.419922 -0.651535 -0.631797
    outer loop
      vertex 19.4357 -20.8649 4.40053
      vertex 17.6708 -22.0024 4.40053
      vertex 18.9911 -20.0625 3.27756
    endloop
  endfacet
  facet normal 0.204089 -0.557981 -0.804366
    outer loop
      vertex 17.3646 -21.1109 3.27756
      vertex 15.3731 -20.3824 2.26691
      vertex 16.92 -19.8166 2.26691
    endloop
  endfacet
  facet normal 0.435458 -0.440057 0.785319
    outer loop
      vertex 20.4167 -18.6518 9.12327
      vertex 18.3456 -18.8977 10.1339
      vertex 18.9911 -20.0625 9.12327
    endloop
  endfacet
  facet normal 0.448785 -0.198926 0.871218
    outer loop
      vertex 21.3827 -14.4353 10.1339
      vertex 20.0166 -13.753 10.9934
      vertex 20.6207 -16.1544 10.1339
    endloop
  endfacet
  facet normal 0.504509 -0.782693 -0.364503
    outer loop
      vertex 17.827 -22.4569 5.59267
      vertex 17.6708 -22.0024 4.40053
      vertex 19.6623 -21.2739 5.59267
    endloop
  endfacet
  facet normal 0.504509 -0.782693 0.364503
    outer loop
      vertex 19.6623 -21.2739 6.80816
      vertex 17.6708 -22.0024 8.0003
      vertex 17.827 -22.4569 6.80816
    endloop
  endfacet
  facet normal 0.117948 -0.99302 0
    outer loop
      vertex 13.7644 -23.4313 5.59267
      vertex 15.8355 -23.1853 6.80816
      vertex 13.7644 -23.4313 6.80816
    endloop
  endfacet
  facet normal 0.117948 -0.99302 0
    outer loop
      vertex 15.8355 -23.1853 6.80816
      vertex 13.7644 -23.4313 5.59267
      vertex 15.8355 -23.1853 5.59267
    endloop
  endfacet
  facet normal -0.07448 -0.627032 -0.775424
    outer loop
      vertex 11.9291 -21.7564 3.27756
      vertex -10.6793 -17.0387 1.63423
      vertex 13.7644 -21.9744 3.27756
    endloop
  endfacet
  facet normal -0.0736069 -0.623644 -0.778235
    outer loop
      vertex 13.7644 -21.9744 3.27756
      vertex -10.6793 -17.0387 1.63423
      vertex -10.6793 -16.604 1.28588
    endloop
  endfacet
  facet normal -0.315594 -0.790779 0.524471
    outer loop
      vertex -14.6747 -15.6428 7.38399
      vertex -17.6268 -15.0618 6.48361
      vertex -14.8887 -16.1602 6.4751
    endloop
  endfacet
  facet normal -0.247843 -0.815694 0.522702
    outer loop
      vertex -14.6747 -15.6428 7.38399
      vertex -14.8887 -16.1602 6.4751
      vertex -13.4415 -16.0175 7.38399
    endloop
  endfacet
  facet normal -0.383436 -0.610842 -0.692711
    outer loop
      vertex -18.464 -13.8992 2.6562
      vertex -22.8536 -9.73073 1.41016
      vertex -22.8302 -9.40453 1.10956
    endloop
  endfacet
  facet normal -0.345674 -0.587554 -0.731635
    outer loop
      vertex -18.464 -13.8992 2.6562
      vertex -22.8302 -9.40453 1.10956
      vertex -11.334 -16.8214 1.63423
    endloop
  endfacet
  facet normal -0.637025 -0.704355 -0.313184
    outer loop
      vertex -19.5419 -13.7196 3.56628
      vertex -23.4369 -9.23823 1.41016
      vertex -18.6234 -14.5503 3.56628
    endloop
  endfacet
  facet normal -0.640468 -0.708162 -0.297165
    outer loop
      vertex -18.6234 -14.5503 3.56628
      vertex -19.6599 -14.0183 4.53242
      vertex -19.5419 -13.7196 3.56628
    endloop
  endfacet
  facet normal -0.670773 -0.741663 0
    outer loop
      vertex -19.6599 -14.0183 4.53242
      vertex -18.7047 -14.8822 5.51748
      vertex -19.6599 -14.0183 5.51748
    endloop
  endfacet
  facet normal -0.670773 -0.741663 -0
    outer loop
      vertex -18.7047 -14.8822 5.51748
      vertex -19.6599 -14.0183 4.53242
      vertex -18.7047 -14.8822 4.53242
    endloop
  endfacet
  facet normal -0.00252279 -0.0444401 -0.999009
    outer loop
      vertex 13.7644 -11.891 0.0298567
      vertex -12.1591 -10.2914 0.0241642
      vertex -6.99962 -10.3492 0.0137062
    endloop
  endfacet
  facet normal 0.000191524 -0.00351846 -0.999994
    outer loop
      vertex 18.8317 -11.3795 0.0222111
      vertex -6.82325 -10.3588 0.0137062
      vertex -6.64689 -10.3492 0.0137062
    endloop
  endfacet
  facet normal -0.0768446 -0.231371 -0.969826
    outer loop
      vertex -10.6793 -15.7514 0.957736
      vertex -11.2595 -15.5587 0.957736
      vertex -11.1879 -14.3446 0.662415
    endloop
  endfacet
  facet normal -0.118444 -0.356622 -0.92671
    outer loop
      vertex -10.6793 -15.7514 0.957736
      vertex -11.3089 -16.395 1.28588
      vertex -11.2595 -15.5587 0.957736
    endloop
  endfacet
  facet normal -0.0022872 -0.0232804 -0.999726
    outer loop
      vertex -12.1591 -10.2914 0.0241642
      vertex -12.3016 -10.2774 0.0241642
      vertex -6.99962 -10.3492 0.0137062
    endloop
  endfacet
  facet normal -0.0164643 -0.166656 -0.985878
    outer loop
      vertex -10.6793 -14.5134 0.662415
      vertex -12.5812 -11.6852 0.216088
      vertex -12.1591 -11.7269 0.216088
    endloop
  endfacet
  facet normal -0.0601928 -0.0712901 -0.995638
    outer loop
      vertex -22.5343 -5.26309 0.184604
      vertex -22.8106 -5.0298 0.184604
      vertex -22.4239 -3.7183 0.0673189
    endloop
  endfacet
  facet normal -0.00208018 -0.00458879 -0.999987
    outer loop
      vertex -7.3255 -10.2746 0.0137062
      vertex -12.4387 -10.2357 0.0241642
      vertex -7.46249 -10.2125 0.0137062
    endloop
  endfacet
  facet normal 0.000128295 -9.40387e-05 -1
    outer loop
      vertex 11.9047 2.43342 0.0107412
      vertex -10.5529 -6.7565 0.00872421
      vertex 12.008 2.57435 0.0107412
    endloop
  endfacet
  facet normal 0.00011844 -5.84887e-05 -1
    outer loop
      vertex 12.008 2.57435 0.0107412
      vertex -10.2861 11.7574 0.00756359
      vertex 12.0928 2.74607 0.0107412
    endloop
  endfacet
  facet normal -0.916531 -0.216121 -0.336546
    outer loop
      vertex -25.8798 -5.29279 3.14908
      vertex -26.4052 -3.06466 3.14908
      vertex -25.6982 -5.01763 2.47782
    endloop
  endfacet
  facet normal -0.826396 -0.0978938 -0.554515
    outer loop
      vertex -27.1749 8.82696 1.53892
      vertex -27.3588 10.3794 1.53892
      vertex -26.9408 9.07523 1.14621
    endloop
  endfacet
  facet normal -0.795563 -0.348213 -0.49581
    outer loop
      vertex -23.9744 -8.43845 1.41016
      vertex -24.3611 -7.12694 1.10956
      vertex -23.9081 -8.16191 1.10956
    endloop
  endfacet
  facet normal -0.839819 -0.032342 -0.541902
    outer loop
      vertex -27.1103 10.506 1.14621
      vertex -27.421 11.9939 1.53892
      vertex -27.1676 11.9939 1.14621
    endloop
  endfacet
  facet normal -0.692547 -0.0266705 -0.720879
    outer loop
      vertex -27.1103 10.506 1.14621
      vertex -27.1676 11.9939 1.14621
      vertex -26.7997 11.9939 0.792769
    endloop
  endfacet
  facet normal -0.723612 -0.13896 -0.676074
    outer loop
      vertex -24.733 -5.86584 1.10956
      vertex -25.0093 -4.42705 1.10956
      vertex -24.7927 -4.17739 0.826415
    endloop
  endfacet
  facet normal -0.743279 -0.104533 -0.660764
    outer loop
      vertex -25.0093 -4.42705 1.10956
      vertex -26.9408 9.07523 1.14621
      vertex -24.7927 -4.17739 0.826415
    endloop
  endfacet
  facet normal -0.809781 -0.115921 -0.575167
    outer loop
      vertex -25.0093 -4.42705 1.10956
      vertex -26.2033 -2.87513 2.47782
      vertex -25.8074 -2.50335 1.8455
    endloop
  endfacet
  facet normal -0.820376 -0.113087 -0.560531
    outer loop
      vertex -26.2033 -2.87513 2.47782
      vertex -27.1749 8.82696 1.53892
      vertex -26.9408 9.07523 1.14621
    endloop
  endfacet
  facet normal -0.54013 -0.0207412 -0.841326
    outer loop
      vertex -26.2903 10.9236 0.492197
      vertex -26.7495 10.6897 0.792769
      vertex -26.3314 11.9939 0.492197
    endloop
  endfacet
  facet normal -0.380866 -0.0451474 -0.923527
    outer loop
      vertex -26.1683 9.8944 0.492197
      vertex -26.2903 10.9236 0.492197
      vertex -25.6596 10.4338 0.256038
    endloop
  endfacet
  facet normal -0.0632795 -0.0277144 -0.997611
    outer loop
      vertex -22.7508 -3.34135 0.0673189
      vertex -22.8883 -3.0274 0.0673189
      vertex -22.4635 -1.84507 0.00752735
    endloop
  endfacet
  facet normal 5.73445e-07 2.25687e-06 -1
    outer loop
      vertex -10.7799 12.7541 0.00756359
      vertex -22.2469 -0.389903 0.00752735
      vertex -10.9511 12.7976 0.00756359
    endloop
  endfacet
  facet normal -0.0371772 0.0478699 -0.998161
    outer loop
      vertex -24.3152 12.777 0.0104408
      vertex -24.5638 14.3131 0.0933685
      vertex -24.3798 14.456 0.0933685
    endloop
  endfacet
  facet normal -0.000222454 0.000497919 -1
    outer loop
      vertex -11.6361 12.6836 0.00756359
      vertex -24.2531 12.8252 0.0104408
      vertex -11.4783 12.7541 0.00756359
    endloop
  endfacet
  facet normal -0.261695 0.124538 -0.957082
    outer loop
      vertex -25.0732 15.3834 0.256038
      vertex -25.7038 15.8732 0.492197
      vertex -25.3791 16.5555 0.492197
    endloop
  endfacet
  facet normal -0.201859 0.0646942 -0.977276
    outer loop
      vertex -24.8819 13.769 0.0933685
      vertex -25.5125 14.2587 0.256038
      vertex -25.3145 14.8765 0.256038
    endloop
  endfacet
  facet normal 0.0110048 0.133634 -0.99097
    outer loop
      vertex -10.273 15.6478 0.185487
      vertex -11.1291 15.7183 0.185487
      vertex -11.1291 16.987 0.356573
    endloop
  endfacet
  facet normal 0.00562691 0.0833103 -0.996508
    outer loop
      vertex 11.3705 12.2825 0.0252934
      vertex -11.1291 14.3087 0.0676413
      vertex -11.1291 15.7183 0.185487
    endloop
  endfacet
  facet normal 0.364674 0.678292 0.637913
    outer loop
      vertex 22.5816 19.6454 7.48621
      vertex 20.3283 19.8686 8.53702
      vertex 22.0979 18.9172 8.53702
    endloop
  endfacet
  facet normal 0.429602 0.129564 0.893675
    outer loop
      vertex 24.6999 13.81 9.48273
      vertex 23.2136 13.1907 10.287
      vertex 23.6326 11.8014 10.287
    endloop
  endfacet
  facet normal 0.0960231 0.17862 0.979221
    outer loop
      vertex 18.5049 15.4408 10.9189
      vertex 17.7005 13.4874 11.3541
      vertex 19.4508 14.9323 10.9189
    endloop
  endfacet
  facet normal 0.150069 0.279111 0.94846
    outer loop
      vertex 20.5018 16.5145 10.287
      vertex 19.2289 17.1989 10.287
      vertex 19.4508 14.9323 10.9189
    endloop
  endfacet
  facet normal 0.179647 0.0954403 0.979091
    outer loop
      vertex 20.9603 13.414 10.9189
      vertex 19.2125 12.2393 11.3541
      vertex 21.4658 12.4625 10.9189
    endloop
  endfacet
  facet normal 0.499738 -0.0526995 0.864572
    outer loop
      vertex 25.2105 8.59599 9.48273
      vertex 20.4016 -12.2222 10.9934
      vertex 21.8519 -12.57 10.1339
    endloop
  endfacet
  facet normal 0.633412 -0.159365 0.757227
    outer loop
      vertex 22.9914 -12.8434 9.12327
      vertex 21.3827 -14.4353 10.1339
      vertex 22.456 -14.9714 9.12327
    endloop
  endfacet
  facet normal 0.918029 -0.14375 0.369538
    outer loop
      vertex 27.3041 8.17708 7.48621
      vertex 23.7762 -13.0316 8.0003
      vertex 27.7395 8.08998 6.37068
    endloop
  endfacet
  facet normal 0.316673 0.0309901 0.948028
    outer loop
      vertex 23.6326 11.8014 10.287
      vertex 21.7772 11.4302 10.9189
      vertex 23.774 10.3565 10.287
    endloop
  endfacet
  facet normal 0.890084 0.268434 0.368366
    outer loop
      vertex 27.7395 12.6231 6.37068
      vertex 27.0822 14.8026 6.37068
      vertex 27.3041 12.536 7.48621
    endloop
  endfacet
  facet normal 0.322109 -0.142788 0.935873
    outer loop
      vertex 18.4102 -12.9507 11.6687
      vertex 17.9455 -13.999 11.6687
      vertex 20.0166 -13.753 10.9934
    endloop
  endfacet
  facet normal 0.598045 0.0585629 0.79932
    outer loop
      vertex 26.4502 12.3652 8.53702
      vertex 25.2105 12.1171 9.48273
      vertex 26.6469 10.3565 8.53702
    endloop
  endfacet
  facet normal 0.820888 0.4362 -0.368608
    outer loop
      vertex 26.6721 14.6317 4.11776
      vertex 25.6458 16.5631 4.11776
      vertex 27.0822 14.8026 5.23329
    endloop
  endfacet
  facet normal 0.925311 0.0905879 0.368229
    outer loop
      vertex 27.7395 12.6231 6.37068
      vertex 27.3041 12.536 7.48621
      vertex 27.9614 10.3565 6.37068
    endloop
  endfacet
  facet normal 0.957408 0.288738 0
    outer loop
      vertex 27.7395 12.6231 6.37068
      vertex 27.0822 14.8026 5.23329
      vertex 27.0822 14.8026 6.37068
    endloop
  endfacet
  facet normal 0.957408 0.288738 0
    outer loop
      vertex 27.0822 14.8026 5.23329
      vertex 27.7395 12.6231 6.37068
      vertex 27.7395 12.6231 5.23329
    endloop
  endfacet
  facet normal 0.820887 0.436191 -0.368622
    outer loop
      vertex 27.0822 14.8026 5.23329
      vertex 25.6458 16.5631 4.11776
      vertex 26.0149 16.8112 5.23329
    endloop
  endfacet
  facet normal 0.919741 -0.21815 0.326323
    outer loop
      vertex 24.7468 -12.0038 5.95176
      vertex 23.7762 -13.0316 8.0003
      vertex 24.1764 -13.1276 6.80816
    endloop
  endfacet
  facet normal 0.916703 -0.230607 0.326306
    outer loop
      vertex 23.7762 -13.0316 8.0003
      vertex 23.5723 -15.529 6.80816
      vertex 24.1764 -13.1276 6.80816
    endloop
  endfacet
  facet normal 0.00628518 0.000839157 -0.99998
    outer loop
      vertex 19.4376 -10.5547 0.0222111
      vertex 17.2973 6.14977 0.0227766
      vertex 17.527 10.5798 0.0279379
    endloop
  endfacet
  facet normal 0.526602 -0.25198 -0.811909
    outer loop
      vertex 23.3327 -12.7721 1.68645
      vertex 22.1561 -13.1708 1.04705
      vertex 22.5256 -12.3986 1.04705
    endloop
  endfacet
  facet normal 0.185793 -0.202677 -0.961459
    outer loop
      vertex 20.9325 -13.0362 0.544667
      vertex 19.8481 -12.3887 0.198623
      vertex 20.1254 -12.1345 0.198623
    endloop
  endfacet
  facet normal 0.343632 -0.252361 -0.904561
    outer loop
      vertex 22.1561 -13.1708 1.04705
      vertex 20.9325 -13.0362 0.544667
      vertex 21.3019 -12.5332 0.544667
    endloop
  endfacet
  facet normal 0.0176979 0.00873956 0.999805
    outer loop
      vertex -0.985275 4.74757 13.5519
      vertex -13.9177 2.85101 13.7974
      vertex -0.985275 4.71325 13.5522
    endloop
  endfacet
  facet normal 0.0176053 0.0093703 0.999801
    outer loop
      vertex -13.9177 2.85101 13.7974
      vertex -0.985275 4.74757 13.5519
      vertex -13.9645 2.93894 13.7974
    endloop
  endfacet
  facet normal 0.0177674 0.00814177 0.999809
    outer loop
      vertex 1.11191 5.0398 13.5122
      vertex 1.11191 5.01524 13.5124
      vertex 6.39606 5.77614 13.4123
    endloop
  endfacet
  facet normal 0.0574509 0.119728 0.991143
    outer loop
      vertex 6.31075 8.06892 13.1552
      vertex 6.05835 6.06168 13.4123
      vertex 6.67718 7.89309 13.1552
    endloop
  endfacet
  facet normal 0.114883 -0.00574146 0.993362
    outer loop
      vertex 16.861 -10.6302 12.1338
      vertex 6.58924 5.03839 13.4123
      vertex 14.81 -10.6302 12.371
    endloop
  endfacet
  facet normal 0.110481 -0.0277954 0.99349
    outer loop
      vertex 14.7899 -10.8762 12.371
      vertex 14.7304 -11.1127 12.371
      vertex 16.6253 -12.0591 12.1338
    endloop
  endfacet
  facet normal 0.316804 -0.0127518 0.948405
    outer loop
      vertex 21.8823 10.3565 10.9189
      vertex 18.7929 -10.6302 11.6687
      vertex 23.774 10.3565 10.287
    endloop
  endfacet
  facet normal 0.165925 0.013553 0.986045
    outer loop
      vertex 19.7803 10.3565 11.3541
      vertex 16.8015 -9.90176 12.1338
      vertex 16.861 -10.6302 12.1338
    endloop
  endfacet
  facet normal 0.596143 -0.069989 0.799822
    outer loop
      vertex 25.2105 8.59599 9.48273
      vertex 21.8519 -12.57 10.1339
      vertex 26.4502 8.34794 8.53702
    endloop
  endfacet
  facet normal 0.194918 0.0587983 0.979056
    outer loop
      vertex 21.4658 12.4625 10.9189
      vertex 19.5239 11.6534 11.3541
      vertex 21.7772 11.4302 10.9189
    endloop
  endfacet
  facet normal 0.322109 -0.142789 0.935872
    outer loop
      vertex 20.0166 -13.753 10.9934
      vertex 17.9455 -13.999 11.6687
      vertex 19.3912 -15.1638 10.9934
    endloop
  endfacet
  facet normal 0.225166 -0.0566452 0.972672
    outer loop
      vertex 16.8015 -11.3587 12.1338
      vertex 16.6253 -12.0591 12.1338
      vertex 18.6963 -11.8132 11.6687
    endloop
  endfacet
  facet normal 0.448764 -0.198935 0.871227
    outer loop
      vertex 20.0166 -13.753 10.9934
      vertex 19.3912 -15.1638 10.9934
      vertex 20.6207 -16.1544 10.1339
    endloop
  endfacet
  facet normal 0.283403 -0.192877 0.939405
    outer loop
      vertex 19.3912 -15.1638 10.9934
      vertex 17.9455 -13.999 11.6687
      vertex 18.5496 -16.4004 10.9934
    endloop
  endfacet
  facet normal 0.0544927 -0.0845663 0.994927
    outer loop
      vertex 15.4848 -13.7349 12.1338
      vertex 14.3453 -11.6785 12.371
      vertex 14.9494 -14.0799 12.1338
    endloop
  endfacet
  facet normal 0.11157 -0.173143 0.978557
    outer loop
      vertex 15.4848 -13.7349 12.1338
      vertex 14.9494 -14.0799 12.1338
      vertex 16.5581 -15.6719 11.6687
    endloop
  endfacet
  facet normal 0.0232438 -0.195727 0.980383
    outer loop
      vertex 14.3685 -14.2924 12.1338
      vertex 13.7644 -16.6938 11.6687
      vertex 14.7454 -16.5773 11.6687
    endloop
  endfacet
  facet normal 0.0363845 -0.306379 0.951214
    outer loop
      vertex 13.7644 -16.6938 11.6687
      vertex 13.7644 -18.7904 10.9934
      vertex 14.7454 -16.5773 11.6687
    endloop
  endfacet
  facet normal 0.0897225 -0.755398 0.649095
    outer loop
      vertex 15.5998 -21.7564 9.12327
      vertex 13.7644 -21.9744 9.12327
      vertex 15.7559 -22.7028 8.0003
    endloop
  endfacet
  facet normal 0.245462 -0.380815 0.891475
    outer loop
      vertex 18.3456 -18.8977 10.1339
      vertex 16.3541 -18.1693 10.9934
      vertex 16.92 -19.8166 10.1339
    endloop
  endfacet
  facet normal 0.32798 -0.508833 0.795939
    outer loop
      vertex 18.3456 -18.8977 10.1339
      vertex 17.3646 -21.1109 9.12327
      vertex 18.9911 -20.0625 9.12327
    endloop
  endfacet
  facet normal 0.658071 -0.664949 0.353249
    outer loop
      vertex 20.9825 -19.3341 8.0003
      vertex 19.4357 -20.8649 8.0003
      vertex 21.271 -19.6819 6.80816
    endloop
  endfacet
  facet normal 0.703408 -0.710787 0
    outer loop
      vertex 19.6623 -21.2739 5.59267
      vertex 21.271 -19.6819 6.80816
      vertex 19.6623 -21.2739 6.80816
    endloop
  endfacet
  facet normal 0.703408 -0.710787 0
    outer loop
      vertex 21.271 -19.6819 6.80816
      vertex 19.6623 -21.2739 5.59267
      vertex 21.271 -19.6819 5.59267
    endloop
  endfacet
  facet normal 0.069333 -0.583652 0.809038
    outer loop
      vertex 13.7644 -20.5735 10.1339
      vertex 13.7644 -21.9744 9.12327
      vertex 15.3731 -20.3824 10.1339
    endloop
  endfacet
  facet normal -0.0693267 -0.583648 0.809042
    outer loop
      vertex 12.1557 -20.3824 10.1339
      vertex 11.9291 -21.7564 9.12327
      vertex 13.7644 -21.9744 9.12327
    endloop
  endfacet
  facet normal 0.0893063 -0.0607845 0.994148
    outer loop
      vertex 16.3391 -12.7047 12.1338
      vertex 14.5038 -11.5217 12.371
      vertex 15.954 -13.2705 12.1338
    endloop
  endfacet
  facet normal 0.0893063 -0.0607844 0.994148
    outer loop
      vertex 14.6338 -11.3307 12.371
      vertex 14.5038 -11.5217 12.371
      vertex 16.3391 -12.7047 12.1338
    endloop
  endfacet
  facet normal 0.591641 0.716663 0.369263
    outer loop
      vertex 22.8282 20.0166 6.37068
      vertex 22.5816 19.6454 7.48621
      vertex 24.2646 18.256 7.48621
    endloop
  endfacet
  facet normal 0.440004 0.818409 0.369599
    outer loop
      vertex 22.8282 20.0166 6.37068
      vertex 20.8313 21.0902 6.37068
      vertex 22.5816 19.6454 7.48621
    endloop
  endfacet
  facet normal 0.0745438 0.766039 -0.638457
    outer loop
      vertex 16.4113 20.6523 3.06695
      vertex 6.44288 21.0308 2.35721
      vertex 16.4113 21.5281 4.11776
    endloop
  endfacet
  facet normal 0.0758635 0.765953 -0.638405
    outer loop
      vertex 18.4081 20.4545 3.06695
      vertex 16.4113 21.5281 4.11776
      vertex 18.578 21.3135 4.11776
    endloop
  endfacet
  facet normal 0.174767 0.572772 -0.800867
    outer loop
      vertex 19.8445 18.6939 2.12124
      vertex 18.4081 20.4545 3.06695
      vertex 20.3283 19.8686 3.06695
    endloop
  endfacet
  facet normal 0.283719 0.527716 -0.800637
    outer loop
      vertex 22.0979 18.9172 3.06695
      vertex 19.8445 18.6939 2.12124
      vertex 20.3283 19.8686 3.06695
    endloop
  endfacet
  facet normal -0.000130142 0.0401132 -0.999195
    outer loop
      vertex -11.1291 12.8122 0.00756359
      vertex -24.1885 12.8415 0.0104408
      vertex -11.1291 14.3087 0.0676413
    endloop
  endfacet
  facet normal -0.00258749 0.1033 -0.994647
    outer loop
      vertex -11.1291 15.7183 0.185487
      vertex -24.1885 14.5042 0.0933685
      vertex -24.1885 16.0705 0.256038
    endloop
  endfacet
  facet normal 0.00829114 0.100681 -0.994884
    outer loop
      vertex 11.3705 12.2825 0.0252934
      vertex -11.1291 15.7183 0.185487
      vertex -10.273 15.6478 0.185487
    endloop
  endfacet
  facet normal 0.0919306 -0.100288 -0.990702
    outer loop
      vertex 19.8481 -12.3887 0.198623
      vertex 19.1749 -11.2631 0.0222111
      vertex 19.2685 -11.1773 0.0222111
    endloop
  endfacet
  facet normal 0.000586133 0.000289431 -1
    outer loop
      vertex 12.0928 4.00521 0.0107412
      vertex 12.008 4.17694 0.0107412
      vertex 13.264 8.17069 0.0126333
    endloop
  endfacet
  facet normal 0.202756 0.0108691 -0.979169
    outer loop
      vertex 20.6612 -10.6893 0.198623
      vertex 19.7803 10.3565 0.249831
      vertex 21.8823 10.3565 0.685091
    endloop
  endfacet
  facet normal 0.127697 -0.061119 -0.989928
    outer loop
      vertex 20.3529 -11.8248 0.198623
      vertex 19.3453 -11.0727 0.0222111
      vertex 19.4024 -10.9534 0.0222111
    endloop
  endfacet
  facet normal 0.304509 0.0918573 -0.94807
    outer loop
      vertex 21.7772 11.4302 0.685091
      vertex 21.4658 12.4625 0.685091
      vertex 23.6326 11.8014 1.31699
    endloop
  endfacet
  facet normal 0.129244 0.15657 -0.979174
    outer loop
      vertex 20.2799 14.2479 0.685091
      vertex 18.7935 12.7528 0.249831
      vertex 19.4508 14.9323 0.685091
    endloop
  endfacet
  facet normal 0.246033 0.200744 -0.948245
    outer loop
      vertex 20.9603 13.414 0.685091
      vertex 20.2799 14.2479 0.685091
      vertex 21.6175 15.5934 1.31699
    endloop
  endfacet
  facet normal 0.063075 0.076417 -0.995079
    outer loop
      vertex 17.2157 11.1657 0.0279379
      vertex 17.0433 11.308 0.0279379
      vertex 18.7935 12.7528 0.249831
    endloop
  endfacet
  facet normal 0.0591544 0.193838 -0.979248
    outer loop
      vertex 17.7005 13.4874 0.249831
      vertex 17.4786 15.754 0.685091
      vertex 18.5049 15.4408 0.685091
    endloop
  endfacet
  facet normal 0.150069 0.27911 -0.94846
    outer loop
      vertex 19.4508 14.9323 0.685091
      vertex 19.2289 17.1989 1.31699
      vertex 20.5018 16.5145 1.31699
    endloop
  endfacet
  facet normal 0.0207673 0.195113 -0.980561
    outer loop
      vertex 7.39163 15.5144 0.39218
      vertex 6.44288 17.4333 0.753911
      vertex 7.71969 17.2974 0.753911
    endloop
  endfacet
  facet normal 0.0303646 0.285282 -0.957962
    outer loop
      vertex 7.71969 17.2974 0.753911
      vertex 6.44288 17.4333 0.753911
      vertex 7.99868 18.8137 1.21431
    endloop
  endfacet
  facet normal 0.011007 0.133635 -0.990969
    outer loop
      vertex -10.273 15.6478 0.185487
      vertex -11.1291 16.987 0.356573
      vertex -9.97693 16.8921 0.356573
    endloop
  endfacet
  facet normal 0.0162931 0.197812 -0.980104
    outer loop
      vertex -9.97693 16.8921 0.356573
      vertex -11.1291 16.987 0.356573
      vertex -11.1291 18.0659 0.574325
    endloop
  endfacet
  facet normal -0.587416 0.188286 -0.787077
    outer loop
      vertex -26.0349 16.7208 0.792769
      vertex -26.3596 15.7078 0.792769
      vertex -26.295 17.3868 1.14621
    endloop
  endfacet
  facet normal -0.25492 0.328214 -0.909556
    outer loop
      vertex -24.6979 18.5504 0.792769
      vertex -25.1878 18.1699 0.792769
      vertex -24.7697 19.4741 1.14621
    endloop
  endfacet
  facet normal -0.449021 0.375171 0.810942
    outer loop
      vertex -20.7464 8.98258 11.0593
      vertex -22.4452 8.81824 10.1947
      vertex -21.4367 8.1564 11.0593
    endloop
  endfacet
  facet normal -0.333269 0.278457 0.900774
    outer loop
      vertex -20.7464 8.98258 11.0593
      vertex -21.4367 8.1564 11.0593
      vertex -20.2509 7.37816 11.7386
    endloop
  endfacet
  facet normal -0.317605 0.49166 0.810801
    outer loop
      vertex -19.9052 9.66061 11.0593
      vertex -24.8191 20.1104 2.79781
      vertex -20.5791 10.6511 10.1947
    endloop
  endfacet
  facet normal -0.358613 0.46996 0.806557
    outer loop
      vertex -20.5791 10.6511 10.1947
      vertex -24.8191 20.1104 2.79781
      vertex -24.7697 19.4741 3.19053
    endloop
  endfacet
  facet normal -0.513873 0.661738 0.545929
    outer loop
      vertex -24.8191 20.1104 2.79781
      vertex -25.475 19.945 2.38091
      vertex -25.4255 19.6395 2.79781
    endloop
  endfacet
  facet normal -0.513882 0.661709 0.545954
    outer loop
      vertex -24.8443 20.4348 2.38091
      vertex -25.475 19.945 2.38091
      vertex -24.8191 20.1104 2.79781
    endloop
  endfacet
  facet normal -0.506865 0.24124 -0.827581
    outer loop
      vertex -26.0349 16.7208 0.792769
      vertex -26.295 17.3868 1.14621
      vertex -25.6392 17.5522 0.792769
    endloop
  endfacet
  facet normal -0.261675 0.124565 -0.957084
    outer loop
      vertex -25.3145 14.8765 0.256038
      vertex -25.7038 15.8732 0.492197
      vertex -25.0732 15.3834 0.256038
    endloop
  endfacet
  facet normal -0.314481 0.100805 -0.943896
    outer loop
      vertex -25.5125 14.2587 0.256038
      vertex -25.9703 15.0418 0.492197
      vertex -25.7038 15.8732 0.492197
    endloop
  endfacet
  facet normal -0.354359 0.0739589 -0.93218
    outer loop
      vertex -25.6596 13.5539 0.256038
      vertex -25.9703 15.0418 0.492197
      vertex -25.5125 14.2587 0.256038
    endloop
  endfacet
  facet normal 0.0544913 -0.0845667 0.994927
    outer loop
      vertex 14.3453 -11.6785 12.371
      vertex 14.1645 -11.795 12.371
      vertex 14.9494 -14.0799 12.1338
    endloop
  endfacet
  facet normal 0.0485494 -0.0753454 0.995975
    outer loop
      vertex 14.3453 -11.6785 12.371
      vertex -1.91173 -8.26751 13.4215
      vertex 14.1645 -11.795 12.371
    endloop
  endfacet
  facet normal 0.016899 -0.01585 0.999732
    outer loop
      vertex -13.9645 2.58021 13.7974
      vertex -14.0405 2.49918 13.7974
      vertex -1.84177 -8.20451 13.4215
    endloop
  endfacet
  facet normal -0.0694945 -0.118501 0.990519
    outer loop
      vertex -2.34491 -8.31432 13.4215
      vertex -15.3051 2.42815 13.7974
      vertex -2.42473 -8.26751 13.4215
    endloop
  endfacet
  facet normal -0.167247 -0.193853 0.966669
    outer loop
      vertex -16.748 1.98839 13.5329
      vertex -20.0278 -3.50362 11.8641
      vertex -19.7827 -3.71508 11.8641
    endloop
  endfacet
  facet normal -0.141416 -0.208106 0.967829
    outer loop
      vertex -16.4453 1.77804 13.5329
      vertex -19.7827 -3.71508 11.8641
      vertex -2.42473 -8.26751 13.4215
    endloop
  endfacet
  facet normal 0.0531757 -0.0537522 0.997137
    outer loop
      vertex 14.5038 -11.5217 12.371
      vertex -1.84177 -8.20451 13.4215
      vertex 14.3453 -11.6785 12.371
    endloop
  endfacet
  facet normal 0.0563527 -0.0383552 0.997674
    outer loop
      vertex 14.6338 -11.3307 12.371
      vertex -1.78435 -8.12774 13.4215
      vertex 14.5038 -11.5217 12.371
    endloop
  endfacet
  facet normal 0.0372593 -0.111933 0.993017
    outer loop
      vertex -1.99155 -8.31432 13.4215
      vertex -2.07816 -8.34315 13.4215
      vertex 14.3685 -14.2924 12.1338
    endloop
  endfacet
  facet normal -0.228222 -0.264528 0.936984
    outer loop
      vertex -20.0278 -3.50362 11.8641
      vertex -20.1211 -5.03407 11.4093
      vertex -19.7827 -3.71508 11.8641
    endloop
  endfacet
  facet normal -0.183188 -0.382371 0.905668
    outer loop
      vertex -2.69148 -9.23239 13.1642
      vertex -19.6894 -5.24553 11.4093
      vertex -13.9686 -13.9354 8.89759
    endloop
  endfacet
  facet normal -0.142587 -0.13356 0.98073
    outer loop
      vertex -15.4833 2.58021 13.7974
      vertex -16.973 2.22837 13.5329
      vertex -15.4074 2.49918 13.7974
    endloop
  endfacet
  facet normal -0.155279 -0.0825888 0.984412
    outer loop
      vertex -15.4833 2.58021 13.7974
      vertex -17.1115 2.48877 13.5329
      vertex -16.973 2.22837 13.5329
    endloop
  endfacet
  facet normal -0.38095 -0.0658365 0.922248
    outer loop
      vertex -18.6771 2.75957 13.0141
      vertex -20.6304 -2.04742 11.8641
      vertex -18.6011 2.31981 13.0141
    endloop
  endfacet
  facet normal -0.58132 -0.192467 0.790584
    outer loop
      vertex -21.3668 -3.02303 11.4093
      vertex -22.102 -3.51473 10.749
      vertex -21.1541 -3.66546 11.4093
    endloop
  endfacet
  facet normal -0.258728 -0.137611 0.956098
    outer loop
      vertex -17.1115 2.48877 13.5329
      vertex -20.2425 -3.21904 11.8641
      vertex -16.973 2.22837 13.5329
    endloop
  endfacet
  facet normal -0.217585 -0.164156 0.962138
    outer loop
      vertex -16.973 2.22837 13.5329
      vertex -20.2425 -3.21904 11.8641
      vertex -20.0278 -3.50362 11.8641
    endloop
  endfacet
  facet normal -0.142563 0.133658 0.98072
    outer loop
      vertex -16.748 3.53076 13.5329
      vertex -16.973 3.29077 13.5329
      vertex -15.4833 2.93894 13.7974
    endloop
  endfacet
  facet normal -0.161814 -0.02796 0.986425
    outer loop
      vertex -15.5459 2.75957 13.7974
      vertex -17.1583 2.75957 13.5329
      vertex -15.5301 2.66813 13.7974
    endloop
  endfacet
  facet normal 0.009849 0.0637646 0.997916
    outer loop
      vertex -0.985275 5.11586 13.5422
      vertex -14.5636 3.21927 13.7974
      vertex -0.985275 5.09082 13.5438
    endloop
  endfacet
  facet normal 0.010065 0.0621601 0.998015
    outer loop
      vertex 1.11191 5.37989 13.5046
      vertex 5.92968 6.08172 13.4123
      vertex 1.11191 5.40879 13.5028
    endloop
  endfacet
  facet normal 0.00987879 0.0634283 0.997938
    outer loop
      vertex 5.92968 6.08172 13.4123
      vertex 1.11191 5.37989 13.5046
      vertex 6.05835 6.06168 13.4123
    endloop
  endfacet
  facet normal -0.322744 0.0557772 0.944841
    outer loop
      vertex -18.6011 3.19933 13.0141
      vertex -18.6771 2.75957 13.0141
      vertex -17.1115 3.03038 13.5329
    endloop
  endfacet
  facet normal -0.161815 0.027964 0.986425
    outer loop
      vertex -17.1115 3.03038 13.5329
      vertex -17.1583 2.75957 13.5329
      vertex -15.5301 2.85101 13.7974
    endloop
  endfacet
  facet normal 0.56864 -0.154393 -0.807968
    outer loop
      vertex 23.3327 -12.7721 1.68645
      vertex 22.5256 -12.3986 1.04705
      vertex 22.7531 -11.5607 1.04705
    endloop
  endfacet
  facet normal 0.00232231 0.00207482 -0.999995
    outer loop
      vertex 13.2154 8.26686 0.0126333
      vertex 13.1625 8.32607 0.0126333
      vertex 17.2157 11.1657 0.0279379
    endloop
  endfacet
  facet normal 0.138306 -0.231583 -0.962933
    outer loop
      vertex 19.9686 -13.7556 0.544667
      vertex 19.5318 -12.5776 0.198623
      vertex 19.8481 -12.3887 0.198623
    endloop
  endfacet
  facet normal 0.00147139 3.91365e-05 -0.999999
    outer loop
      vertex 13.3891 7.30544 0.0126333
      vertex 12.2077 3.37564 0.0107412
      vertex 13.3837 7.50846 0.0126333
    endloop
  endfacet
  facet normal 0.0363841 -0.306376 -0.951215
    outer loop
      vertex 14.7454 -16.5773 0.732137
      vertex 13.7644 -18.7904 1.40743
      vertex 13.7644 -16.6938 0.732137
    endloop
  endfacet
  facet normal 0.0279762 -0.126765 -0.991538
    outer loop
      vertex 19.1886 -12.6939 0.198623
      vertex 14.3685 -14.2924 0.266987
      vertex 18.9522 -11.3662 0.0222111
    endloop
  endfacet
  facet normal 0.0515121 -0.433635 -0.899615
    outer loop
      vertex 15.3731 -20.3824 2.26691
      vertex 13.7644 -20.5735 2.26691
      vertex 15.0846 -18.6336 1.40743
    endloop
  endfacet
  facet normal 0.0363885 -0.306378 -0.951214
    outer loop
      vertex 15.0846 -18.6336 1.40743
      vertex 13.7644 -18.7904 1.40743
      vertex 14.7454 -16.5773 0.732137
    endloop
  endfacet
  facet normal 0.263124 -0.719383 -0.642848
    outer loop
      vertex 17.6708 -22.0024 4.40053
      vertex 15.7559 -22.7028 4.40053
      vertex 17.3646 -21.1109 3.27756
    endloop
  endfacet
  facet normal 0.263124 -0.719384 -0.642847
    outer loop
      vertex 15.7559 -22.7028 4.40053
      vertex 15.5998 -21.7564 3.27756
      vertex 17.3646 -21.1109 3.27756
    endloop
  endfacet
  facet normal 0.38392 -0.418807 -0.822925
    outer loop
      vertex 21.5383 -15.2146 1.68645
      vertex 21.053 -14.4031 1.04705
      vertex 22.2766 -14.5378 1.68645
    endloop
  endfacet
  facet normal 0.327984 -0.508839 -0.795933
    outer loop
      vertex 18.9911 -20.0625 3.27756
      vertex 17.3646 -21.1109 3.27756
      vertex 18.3456 -18.8977 2.26691
    endloop
  endfacet
  facet normal 0.658701 -0.448305 0.604265
    outer loop
      vertex 21.5867 -16.9327 9.12327
      vertex 20.4167 -18.6518 9.12327
      vertex 20.9825 -19.3341 8.0003
    endloop
  endfacet
  facet normal 0.552904 -0.558744 0.618144
    outer loop
      vertex 20.4167 -18.6518 9.12327
      vertex 18.9911 -20.0625 9.12327
      vertex 19.4357 -20.8649 8.0003
    endloop
  endfacet
  facet normal 0.0897425 -0.755377 -0.649117
    outer loop
      vertex 15.7559 -22.7028 4.40053
      vertex 13.7644 -22.9394 4.40053
      vertex 13.7644 -21.9744 3.27756
    endloop
  endfacet
  facet normal 0.109167 -0.918875 -0.379146
    outer loop
      vertex 15.7559 -22.7028 4.40053
      vertex 13.7644 -23.4313 5.59267
      vertex 13.7644 -22.9394 4.40053
    endloop
  endfacet
  facet normal -0.309241 -0.36626 -0.877624
    outer loop
      vertex -22.8302 -9.40453 1.10956
      vertex -23.3911 -8.93095 1.10956
      vertex -22.7845 -8.76465 0.826415
    endloop
  endfacet
  facet normal -0.217948 -0.381864 -0.898153
    outer loop
      vertex -11.3089 -16.395 1.28588
      vertex -22.8302 -9.40453 1.10956
      vertex -22.7845 -8.76465 0.826415
    endloop
  endfacet
  facet normal 7.27558e-05 -0.00133658 -0.999999
    outer loop
      vertex -6.82325 -10.3588 0.0137062
      vertex -10.6793 -6.8413 0.00872421
      vertex -6.64689 -10.3492 0.0137062
    endloop
  endfacet
  facet normal 0.000268529 -0.00160352 -0.999999
    outer loop
      vertex 18.9522 -11.3662 0.0222111
      vertex -6.64689 -10.3492 0.0137062
      vertex -6.4773 -10.3208 0.0137062
    endloop
  endfacet
  facet normal -0.000603093 -0.0020402 -0.999998
    outer loop
      vertex -7.3255 -10.2746 0.0137062
      vertex -10.6793 -6.8413 0.00872421
      vertex -7.16921 -10.3208 0.0137062
    endloop
  endfacet
  facet normal -0.00209771 -0.00689679 -0.999974
    outer loop
      vertex -12.3016 -10.2774 0.0241642
      vertex -12.4387 -10.2357 0.0241642
      vertex -7.3255 -10.2746 0.0137062
    endloop
  endfacet
  facet normal -0.027477 -0.359054 -0.932912
    outer loop
      vertex 13.7644 -18.7904 1.40743
      vertex -10.6793 -16.604 1.28588
      vertex -10.6793 -15.7514 0.957736
    endloop
  endfacet
  facet normal -0.0206004 -0.306514 -0.951643
    outer loop
      vertex 13.7644 -18.7904 1.40743
      vertex -10.6793 -15.7514 0.957736
      vertex 13.7644 -16.6938 0.732137
    endloop
  endfacet
  facet normal -0.11354 -0.228496 -0.966901
    outer loop
      vertex -11.2595 -15.5587 0.957736
      vertex -12.9871 -11.5619 0.216088
      vertex -11.1879 -14.3446 0.662415
    endloop
  endfacet
  facet normal -0.123777 -0.231179 -0.965005
    outer loop
      vertex -12.9871 -11.5619 0.216088
      vertex -22.7181 -7.8357 0.571588
      vertex -13.3612 -11.3616 0.216088
    endloop
  endfacet
  facet normal -0.0130183 -0.132508 -0.991096
    outer loop
      vertex -12.1591 -11.7269 0.216088
      vertex -12.3016 -10.2774 0.0241642
      vertex -12.1591 -10.2914 0.0241642
    endloop
  endfacet
  facet normal -0.0115348 -0.13251 -0.991115
    outer loop
      vertex 13.7644 -14.3642 0.266987
      vertex -12.1591 -11.7269 0.216088
      vertex -12.1591 -10.2914 0.0241642
    endloop
  endfacet
  facet normal -0.0387509 -0.127404 -0.991094
    outer loop
      vertex -12.3016 -10.2774 0.0241642
      vertex -12.9871 -11.5619 0.216088
      vertex -12.4387 -10.2357 0.0241642
    endloop
  endfacet
  facet normal -0.119961 -0.0162521 -0.992646
    outer loop
      vertex -23.0849 -2.2084 0.0673189
      vertex -25.0944 11.0332 0.0933685
      vertex -24.4944 11.6695 0.0104408
    endloop
  endfacet
  facet normal -0.0290101 -0.0343493 -0.998989
    outer loop
      vertex -22.4239 -3.7183 0.0673189
      vertex -22.594 -3.57464 0.0673189
      vertex -22.3067 -2.07835 0.00752735
    endloop
  endfacet
  facet normal -0.00729711 -0.000862803 -0.999973
    outer loop
      vertex -24.4944 11.6695 0.0104408
      vertex -24.5132 11.8285 0.0104408
      vertex -22.5299 -1.56852 0.00752735
    endloop
  endfacet
  facet normal -0.000250423 0.000183259 -1
    outer loop
      vertex -22.3641 -0.454789 0.00752735
      vertex -24.3725 12.6987 0.0104408
      vertex -24.3152 12.777 0.0104408
    endloop
  endfacet
  facet normal 0.000186085 0.000118931 -1
    outer loop
      vertex -10.2861 12.3413 0.00756359
      vertex -10.3704 12.4732 0.00756359
      vertex 12.008 4.17694 0.0107412
    endloop
  endfacet
  facet normal 0.000149733 -0.000146426 -1
    outer loop
      vertex 11.9047 2.43342 0.0107412
      vertex -10.6149 -6.8199 0.00872421
      vertex -10.5529 -6.7565 0.00872421
    endloop
  endfacet
  facet normal 4.63158e-05 -0.00013938 -1
    outer loop
      vertex -10.6793 -6.8413 0.00872421
      vertex -22.1872 -2.07835 0.00752735
      vertex -10.6149 -6.8199 0.00872421
    endloop
  endfacet
  facet normal -0.0633028 -0.0277099 -0.99761
    outer loop
      vertex -22.4171 -1.95107 0.00752735
      vertex -22.7508 -3.34135 0.0673189
      vertex -22.4635 -1.84507 0.00752735
    endloop
  endfacet
  facet normal 0.0002909 0.000424383 -1
    outer loop
      vertex -10.4839 12.5888 0.00756359
      vertex -10.6222 12.6836 0.00756359
      vertex 13.1625 8.32607 0.0126333
    endloop
  endfacet
  facet normal 0.111985 -0.0822618 -0.990299
    outer loop
      vertex 20.1254 -12.1345 0.198623
      vertex 19.2685 -11.1773 0.0222111
      vertex 20.3529 -11.8248 0.198623
    endloop
  endfacet
  facet normal 0.000505492 -0.000569113 -1
    outer loop
      vertex 19.1749 -11.2631 0.0222111
      vertex 11.7868 2.3287 0.0107412
      vertex 11.9047 2.43342 0.0107412
    endloop
  endfacet
  facet normal -0.916498 -0.216067 -0.336669
    outer loop
      vertex -25.6982 -5.01763 2.47782
      vertex -26.4052 -3.06466 3.14908
      vertex -26.2033 -2.87513 2.47782
    endloop
  endfacet
  facet normal -0.939669 -0.125747 -0.318136
    outer loop
      vertex -26.4052 -3.06466 3.14908
      vertex -26.5144 -0.550374 2.47782
      vertex -26.2033 -2.87513 2.47782
    endloop
  endfacet
  facet normal -0.676415 -0.0801334 -0.732148
    outer loop
      vertex -26.9408 9.07523 1.14621
      vertex -27.1103 10.506 1.14621
      vertex -26.7495 10.6897 0.792769
    endloop
  endfacet
  facet normal -0.692576 -0.026658 -0.720852
    outer loop
      vertex -26.7495 10.6897 0.792769
      vertex -27.1103 10.506 1.14621
      vertex -26.7997 11.9939 0.792769
    endloop
  endfacet
  facet normal -0.380846 -0.0451159 -0.923537
    outer loop
      vertex -25.6596 10.4338 0.256038
      vertex -26.2903 10.9236 0.492197
      vertex -25.7502 11.1986 0.256038
    endloop
  endfacet
  facet normal -0.247603 -0.0293401 -0.968417
    outer loop
      vertex -25.0944 11.0332 0.0933685
      vertex -25.6596 10.4338 0.256038
      vertex -25.1502 11.5041 0.0933685
    endloop
  endfacet
  facet normal -0.857466 -0.252868 -0.448118
    outer loop
      vertex -24.3611 -7.12694 1.10956
      vertex -25.6982 -5.01763 2.47782
      vertex -24.733 -5.86584 1.10956
    endloop
  endfacet
  facet normal -0.854867 -0.201537 -0.478105
    outer loop
      vertex -25.6982 -5.01763 2.47782
      vertex -26.2033 -2.87513 2.47782
      vertex -24.733 -5.86584 1.10956
    endloop
  endfacet
  facet normal -0.00035361 0.000167923 -1
    outer loop
      vertex -22.4171 -0.533561 0.00752735
      vertex -24.4226 12.5932 0.0104408
      vertex -24.3725 12.6987 0.0104408
    endloop
  endfacet
  facet normal -0.0964134 -0.11421 -0.988767
    outer loop
      vertex -22.6336 -6.65337 0.354874
      vertex -23.0055 -6.33942 0.354874
      vertex -22.5343 -5.26309 0.184604
    endloop
  endfacet
  facet normal -0.229097 0.0478252 -0.972228
    outer loop
      vertex -25.0944 12.9545 0.0933685
      vertex -25.6596 13.5539 0.256038
      vertex -25.0038 13.3885 0.0933685
    endloop
  endfacet
  facet normal -0.283665 -0.0544716 -0.957375
    outer loop
      vertex -23.4716 -3.5199 0.184604
      vertex -24.0782 -3.3536 0.354874
      vertex -23.6077 -2.81115 0.184604
    endloop
  endfacet
  facet normal -0.297872 -0.0410025 -0.953725
    outer loop
      vertex -24.0782 -3.3536 0.354874
      vertex -25.6596 10.4338 0.256038
      vertex -23.6077 -2.81115 0.184604
    endloop
  endfacet
  facet normal -0.40416 -0.077616 -0.911389
    outer loop
      vertex -24.2551 -4.97717 0.571588
      vertex -24.4783 -3.81493 0.571588
      vertex -24.0782 -3.3536 0.354874
    endloop
  endfacet
  facet normal -0.15555 -0.104556 -0.982279
    outer loop
      vertex -23.0055 -6.33942 0.354874
      vertex -23.3482 -5.82958 0.354874
      vertex -23.0652 -4.65096 0.184604
    endloop
  endfacet
  facet normal -0.0442353 -0.0609444 -0.99716
    outer loop
      vertex -12.565 -10.1681 0.0241642
      vertex -22.4239 -3.7183 0.0673189
      vertex -16.7986 -7.09574 0.0241957
    endloop
  endfacet
  facet normal -0.0974978 -0.0655307 -0.993076
    outer loop
      vertex -22.594 -3.57464 0.0673189
      vertex -23.0652 -4.65096 0.184604
      vertex -22.7508 -3.34135 0.0673189
    endloop
  endfacet
  facet normal -1.94541e-06 4.35441e-06 -1
    outer loop
      vertex -11.4783 12.7541 0.00756359
      vertex -22.3067 -0.406281 0.00752735
      vertex -11.6361 12.6836 0.00756359
    endloop
  endfacet
  facet normal -0.12665 0.00488805 -0.991935
    outer loop
      vertex -24.5196 11.9939 0.0104408
      vertex -25.1691 11.9939 0.0933685
      vertex -25.1502 12.4836 0.0933685
    endloop
  endfacet
  facet normal -0.000715986 0.0833116 -0.996523
    outer loop
      vertex -11.1291 14.3087 0.0676413
      vertex -24.1885 14.5042 0.0933685
      vertex -11.1291 15.7183 0.185487
    endloop
  endfacet
  facet normal -0.00122186 0.0498134 -0.998758
    outer loop
      vertex -11.1291 14.3087 0.0676413
      vertex -24.1885 12.8415 0.0104408
      vertex -24.1885 14.5042 0.0933685
    endloop
  endfacet
  facet normal 0.597245 0.487304 0.63705
    outer loop
      vertex 25.6458 16.5631 7.48621
      vertex 23.6489 17.6368 8.53702
      vertex 24.9219 16.0766 8.53702
    endloop
  endfacet
  facet normal 0.211811 0.393943 0.894396
    outer loop
      vertex 19.8445 18.6939 9.48273
      vertex 19.2289 17.1989 10.287
      vertex 20.5018 16.5145 10.287
    endloop
  endfacet
  facet normal 0.130438 0.427529 0.894542
    outer loop
      vertex 19.8445 18.6939 9.48273
      vertex 17.8477 17.6203 10.287
      vertex 19.2289 17.1989 10.287
    endloop
  endfacet
  facet normal 0.092409 0.302884 0.948537
    outer loop
      vertex 17.8477 17.6203 10.287
      vertex 17.4786 15.754 10.9189
      vertex 19.2289 17.1989 10.287
    endloop
  endfacet
  facet normal 0.598014 -0.0585272 0.799346
    outer loop
      vertex 25.3828 10.3565 9.48273
      vertex 25.2105 8.59599 9.48273
      vertex 26.6469 10.3565 8.53702
    endloop
  endfacet
  facet normal 0.478078 -0.0467892 0.87707
    outer loop
      vertex 25.3828 10.3565 9.48273
      vertex 20.4016 -12.2222 10.9934
      vertex 25.2105 8.59599 9.48273
    endloop
  endfacet
  facet normal 0.920308 -0.144645 0.363471
    outer loop
      vertex 27.7395 8.08998 6.37068
      vertex 23.7762 -13.0316 8.0003
      vertex 24.7468 -12.0038 5.95176
    endloop
  endfacet
  facet normal 0.953487 -0.14749 0.262885
    outer loop
      vertex 27.7395 8.08998 6.37068
      vertex 24.7468 -12.0038 5.95176
      vertex 24.9832 -12.0563 5.06488
    endloop
  endfacet
  facet normal 0.890095 0.268426 0.368347
    outer loop
      vertex 27.0822 14.8026 6.37068
      vertex 26.6721 14.6317 7.48621
      vertex 27.3041 12.536 7.48621
    endloop
  endfacet
  facet normal 0.575139 0.173459 0.799454
    outer loop
      vertex 25.8677 14.2966 8.53702
      vertex 24.6999 13.81 9.48273
      vertex 26.4502 12.3652 8.53702
    endloop
  endfacet
  facet normal 0.767858 0.0751918 0.636192
    outer loop
      vertex 27.3041 12.536 7.48621
      vertex 26.4502 12.3652 8.53702
      vertex 26.6469 10.3565 8.53702
    endloop
  endfacet
  facet normal 0.490495 0.594144 0.637501
    outer loop
      vertex 24.2646 18.256 7.48621
      vertex 22.5816 19.6454 7.48621
      vertex 23.6489 17.6368 8.53702
    endloop
  endfacet
  facet normal 0.284977 0.345208 0.894214
    outer loop
      vertex 21.3956 17.86 9.48273
      vertex 20.5018 16.5145 10.287
      vertex 22.7551 16.7377 9.48273
    endloop
  endfacet
  facet normal 0.381697 0.462369 0.800326
    outer loop
      vertex 23.6489 17.6368 8.53702
      vertex 21.3956 17.86 9.48273
      vertex 22.7551 16.7377 9.48273
    endloop
  endfacet
  facet normal 0.23406 0.000279567 0.972222
    outer loop
      vertex 21.8823 10.3565 10.9189
      vertex 16.861 -10.6302 12.1338
      vertex 18.7929 -10.6302 11.6687
    endloop
  endfacet
  facet normal 0.361918 -0.0245471 0.931887
    outer loop
      vertex 23.774 10.3565 10.287
      vertex 18.7929 -10.6302 11.6687
      vertex 20.5317 -10.6302 10.9934
    endloop
  endfacet
  facet normal 0.125364 0.0666295 0.989871
    outer loop
      vertex 19.2125 12.2393 11.3541
      vertex 6.39606 5.77614 13.4123
      vertex 19.5239 11.6534 11.3541
    endloop
  endfacet
  facet normal 0.142932 0.0274077 0.989353
    outer loop
      vertex 19.7156 11.0177 11.3541
      vertex 6.53903 5.43766 13.4123
      vertex 6.57656 5.24194 13.4123
    endloop
  endfacet
  facet normal 0.925318 0.0906001 -0.368209
    outer loop
      vertex 27.5175 10.3565 4.11776
      vertex 27.3041 12.536 4.11776
      vertex 27.9614 10.3565 5.23329
    endloop
  endfacet
  facet normal 0.767868 0.0751837 -0.636181
    outer loop
      vertex 27.5175 10.3565 4.11776
      vertex 26.6469 10.3565 3.06695
      vertex 27.3041 12.536 4.11776
    endloop
  endfacet
  facet normal 0.890084 0.268434 -0.368366
    outer loop
      vertex 27.3041 12.536 4.11776
      vertex 27.0822 14.8026 5.23329
      vertex 27.7395 12.6231 5.23329
    endloop
  endfacet
  facet normal 0.820887 0.436191 0.368622
    outer loop
      vertex 26.0149 16.8112 6.37068
      vertex 25.6458 16.5631 7.48621
      vertex 27.0822 14.8026 6.37068
    endloop
  endfacet
  facet normal 0.720134 0.587602 0.36896
    outer loop
      vertex 26.0149 16.8112 6.37068
      vertex 24.5784 18.5717 6.37068
      vertex 25.6458 16.5631 7.48621
    endloop
  endfacet
  facet normal 0.257486 -0.123224 -0.958393
    outer loop
      vertex 21.3019 -12.5332 0.544667
      vertex 20.3529 -11.8248 0.198623
      vertex 21.5765 -11.9594 0.544667
    endloop
  endfacet
  facet normal 0.464588 -0.341252 -0.817132
    outer loop
      vertex 22.2766 -14.5378 1.68645
      vertex 21.6589 -13.8477 1.04705
      vertex 22.1561 -13.1708 1.04705
    endloop
  endfacet
  facet normal 0.383916 -0.418823 -0.822919
    outer loop
      vertex 22.2766 -14.5378 1.68645
      vertex 21.053 -14.4031 1.04705
      vertex 21.6589 -13.8477 1.04705
    endloop
  endfacet
  facet normal 0.343624 -0.252401 -0.904553
    outer loop
      vertex 21.6589 -13.8477 1.04705
      vertex 20.9325 -13.0362 0.544667
      vertex 22.1561 -13.1708 1.04705
    endloop
  endfacet
  facet normal 0.015603 -0.0173268 0.999728
    outer loop
      vertex -1.84177 -8.20451 13.4215
      vertex -14.0405 2.49918 13.7974
      vertex -1.91173 -8.26751 13.4215
    endloop
  endfacet
  facet normal -0.00212306 -0.0377956 0.999283
    outer loop
      vertex -14.7239 2.29087 13.7974
      vertex -14.8843 2.29988 13.7974
      vertex -2.16823 -8.35289 13.4215
    endloop
  endfacet
  facet normal 0.099616 0.117817 0.988026
    outer loop
      vertex 18.7935 12.7528 11.3541
      vertex 6.67718 7.89309 13.1552
      vertex 7.01489 7.60755 13.1552
    endloop
  endfacet
  facet normal 0.114447 0.0881618 0.98951
    outer loop
      vertex 19.2125 12.2393 11.3541
      vertex 6.29611 5.90589 13.4123
      vertex 6.39606 5.77614 13.4123
    endloop
  endfacet
  facet normal 0.0827478 0.153946 0.984608
    outer loop
      vertex 17.7005 13.4874 11.3541
      vertex 6.67718 7.89309 13.1552
      vertex 18.283 13.1743 11.3541
    endloop
  endfacet
  facet normal 0.0781023 0.162765 0.983569
    outer loop
      vertex 17.7005 13.4874 11.3541
      vertex 6.31075 8.06892 13.1552
      vertex 6.67718 7.89309 13.1552
    endloop
  endfacet
  facet normal 0.136249 0.00848754 0.990638
    outer loop
      vertex 16.861 -10.6302 12.1338
      vertex 6.57656 5.24194 13.4123
      vertex 6.58924 5.03839 13.4123
    endloop
  endfacet
  facet normal 0.0194419 -0.00656938 0.999789
    outer loop
      vertex 1.11191 4.11623 13.5144
      vertex 6.47808 4.45875 13.4123
      vertex 6.53903 4.63913 13.4123
    endloop
  endfacet
  facet normal 0.0194197 -0.00622003 0.999792
    outer loop
      vertex 6.47808 4.45875 13.4123
      vertex 1.11191 4.11623 13.5144
      vertex 1.11191 3.98764 13.5136
    endloop
  endfacet
  facet normal 0.0194341 -0.00632493 0.999791
    outer loop
      vertex -0.985275 3.91417 13.5539
      vertex -13.9177 2.66813 13.7974
      vertex -0.985275 3.80352 13.5532
    endloop
  endfacet
  facet normal 0.0768005 -0.0259507 0.996709
    outer loop
      vertex 6.53903 4.63913 13.4123
      vertex 6.47808 4.45875 13.4123
      vertex 14.7304 -11.1127 12.371
    endloop
  endfacet
  facet normal 0.085341 -0.0214706 0.99612
    outer loop
      vertex 14.7899 -10.8762 12.371
      vertex 6.53903 4.63913 13.4123
      vertex 14.7304 -11.1127 12.371
    endloop
  endfacet
  facet normal 0.316677 0.0309982 0.948027
    outer loop
      vertex 23.774 10.3565 10.287
      vertex 21.7772 11.4302 10.9189
      vertex 21.8823 10.3565 10.9189
    endloop
  endfacet
  facet normal 0.202705 0.0198351 0.979039
    outer loop
      vertex 21.7772 11.4302 10.9189
      vertex 19.7156 11.0177 11.3541
      vertex 19.7803 10.3565 11.3541
    endloop
  endfacet
  facet normal 0.112502 -0.00700856 0.993627
    outer loop
      vertex 6.58924 5.03839 13.4123
      vertex 6.57656 4.83485 13.4123
      vertex 14.81 -10.6302 12.371
    endloop
  endfacet
  facet normal 0.11488 -0.00938279 0.993335
    outer loop
      vertex 16.861 -10.6302 12.1338
      vertex 14.81 -10.6302 12.371
      vertex 16.8015 -11.3587 12.1338
    endloop
  endfacet
  facet normal 0.114879 -0.00938644 0.993335
    outer loop
      vertex 14.81 -10.6302 12.371
      vertex 14.7899 -10.8762 12.371
      vertex 16.8015 -11.3587 12.1338
    endloop
  endfacet
  facet normal 0.348522 -0.0876542 0.933193
    outer loop
      vertex 20.4016 -12.2222 10.9934
      vertex 18.6963 -11.8132 11.6687
      vertex 20.0166 -13.753 10.9934
    endloop
  endfacet
  facet normal 0.361883 -0.0295734 0.931754
    outer loop
      vertex 20.5317 -10.6302 10.9934
      vertex 18.6963 -11.8132 11.6687
      vertex 20.4016 -12.2222 10.9934
    endloop
  endfacet
  facet normal 0.233534 -0.235981 0.943279
    outer loop
      vertex 17.3201 -14.9178 11.6687
      vertex 16.5581 -15.6719 11.6687
      vertex 18.5496 -16.4004 10.9934
    endloop
  endfacet
  facet normal 0.23353 -0.235992 0.943277
    outer loop
      vertex 18.5496 -16.4004 10.9934
      vertex 16.5581 -15.6719 11.6687
      vertex 17.5241 -17.4152 10.9934
    endloop
  endfacet
  facet normal 0.633388 -0.159323 0.757255
    outer loop
      vertex 21.8519 -12.57 10.1339
      vertex 21.3827 -14.4353 10.1339
      vertex 22.9914 -12.8434 9.12327
    endloop
  endfacet
  facet normal 0.484253 -0.12181 0.866407
    outer loop
      vertex 21.8519 -12.57 10.1339
      vertex 20.4016 -12.2222 10.9934
      vertex 21.3827 -14.4353 10.1339
    endloop
  endfacet
  facet normal 0.0688008 -0.188081 0.979741
    outer loop
      vertex 14.9494 -14.0799 12.1338
      vertex 14.7454 -16.5773 11.6687
      vertex 15.6888 -16.2322 11.6687
    endloop
  endfacet
  facet normal 0.152017 -0.415647 0.896732
    outer loop
      vertex 16.3541 -18.1693 10.9934
      vertex 15.0846 -18.6336 10.9934
      vertex 15.3731 -20.3824 10.1339
    endloop
  endfacet
  facet normal -0.0515131 -0.433643 0.899611
    outer loop
      vertex 12.4442 -18.6336 10.9934
      vertex 12.1557 -20.3824 10.1339
      vertex 13.7644 -20.5735 10.1339
    endloop
  endfacet
  facet normal -0.131721 -0.419656 0.898075
    outer loop
      vertex 12.4442 -18.6336 10.9934
      vertex -2.43498 -9.31777 13.1642
      vertex 12.1557 -20.3824 10.1339
    endloop
  endfacet
  facet normal 0.327828 -0.331285 0.884748
    outer loop
      vertex 18.5496 -16.4004 10.9934
      vertex 17.5241 -17.4152 10.9934
      vertex 18.3456 -18.8977 10.1339
    endloop
  endfacet
  facet normal 0.327813 -0.331286 0.884754
    outer loop
      vertex 18.5496 -16.4004 10.9934
      vertex 18.3456 -18.8977 10.1339
      vertex 19.5952 -17.6612 10.1339
    endloop
  endfacet
  facet normal 0.419922 -0.651535 0.631797
    outer loop
      vertex 18.9911 -20.0625 9.12327
      vertex 17.6708 -22.0024 8.0003
      vertex 19.4357 -20.8649 8.0003
    endloop
  endfacet
  facet normal 0.504486 -0.78274 0.364435
    outer loop
      vertex 19.4357 -20.8649 8.0003
      vertex 17.6708 -22.0024 8.0003
      vertex 19.6623 -21.2739 6.80816
    endloop
  endfacet
  facet normal 0.204087 -0.557974 0.804372
    outer loop
      vertex 17.3646 -21.1109 9.12327
      vertex 15.3731 -20.3824 10.1339
      vertex 15.5998 -21.7564 9.12327
    endloop
  endfacet
  facet normal 0.0693226 -0.583645 0.809044
    outer loop
      vertex 15.3731 -20.3824 10.1339
      vertex 13.7644 -21.9744 9.12327
      vertex 15.5998 -21.7564 9.12327
    endloop
  endfacet
  facet normal 0.075875 0.765962 -0.638393
    outer loop
      vertex 18.4081 20.4545 3.06695
      vertex 16.4113 20.6523 3.06695
      vertex 16.4113 21.5281 4.11776
    endloop
  endfacet
  facet normal 0.0749674 0.7568 -0.649334
    outer loop
      vertex 18.4081 20.4545 3.06695
      vertex 6.44288 21.0308 2.35721
      vertex 16.4113 20.6523 3.06695
    endloop
  endfacet
  facet normal 0.0924263 0.302864 -0.948541
    outer loop
      vertex 18.5049 15.4408 0.685091
      vertex 17.4786 15.754 0.685091
      vertex 19.2289 17.1989 1.31699
    endloop
  endfacet
  facet normal 0.0924088 0.302883 -0.948537
    outer loop
      vertex 19.2289 17.1989 1.31699
      vertex 17.4786 15.754 0.685091
      vertex 17.8477 17.6203 1.31699
    endloop
  endfacet
  facet normal -0.0602427 0.0440857 -0.99721
    outer loop
      vertex -24.3725 12.6987 0.0104408
      vertex -24.5638 14.3131 0.0933685
      vertex -24.3152 12.777 0.0104408
    endloop
  endfacet
  facet normal -0.0769485 0.09908 -0.9921
    outer loop
      vertex -24.3798 14.456 0.0933685
      vertex -24.5638 14.3131 0.0933685
      vertex -24.4992 15.9921 0.256038
    endloop
  endfacet
  facet normal 0.000925581 0.00574159 -0.999983
    outer loop
      vertex 6.64015 11.4299 0.0159931
      vertex -10.9511 12.7976 0.00756359
      vertex 11.5983 12.2504 0.0252934
    endloop
  endfacet
  facet normal 0.00192961 0.0423084 -0.999103
    outer loop
      vertex 11.1337 12.2933 0.0252934
      vertex -11.1291 14.3087 0.0676413
      vertex 11.3705 12.2825 0.0252934
    endloop
  endfacet
  facet normal 0.0119018 0.133425 -0.990987
    outer loop
      vertex 16.4113 13.7454 0.249831
      vertex -10.273 15.6478 0.185487
      vertex -9.97693 16.8921 0.356573
    endloop
  endfacet
  facet normal 0.0106477 0.115758 -0.99322
    outer loop
      vertex 11.3705 12.2825 0.0252934
      vertex -10.273 15.6478 0.185487
      vertex 16.4113 13.7454 0.249831
    endloop
  endfacet
  facet normal 0.0013771 0.00555872 -0.999984
    outer loop
      vertex 11.8082 12.1984 0.0252934
      vertex 11.5983 12.2504 0.0252934
      vertex 16.6332 11.4788 0.0279379
    endloop
  endfacet
  facet normal 3.53026e-06 -3.84156e-07 -1
    outer loop
      vertex -10.2166 12.0493 0.00756359
      vertex -21.964 -1.56852 0.00752735
      vertex -21.9466 -1.40862 0.00752735
    endloop
  endfacet
  facet normal 0.00273311 0.000384039 -0.999996
    outer loop
      vertex 19.4376 -10.5547 0.0222111
      vertex 13.3677 7.70367 0.0126333
      vertex 17.2973 6.14977 0.0227766
    endloop
  endfacet
  facet normal 0.000661454 -0.000484838 -1
    outer loop
      vertex 19.3453 -11.0727 0.0222111
      vertex 11.9047 2.43342 0.0107412
      vertex 12.008 2.57435 0.0107412
    endloop
  endfacet
  facet normal 0.150044 0.279109 -0.948464
    outer loop
      vertex 19.4508 14.9323 0.685091
      vertex 18.5049 15.4408 0.685091
      vertex 19.2289 17.1989 1.31699
    endloop
  endfacet
  facet normal 0.157476 0.128489 -0.979128
    outer loop
      vertex 20.9603 13.414 0.685091
      vertex 18.7935 12.7528 0.249831
      vertex 20.2799 14.2479 0.685091
    endloop
  endfacet
  facet normal 0.201952 0.244618 -0.948355
    outer loop
      vertex 21.6175 15.5934 1.31699
      vertex 20.2799 14.2479 0.685091
      vertex 20.5018 16.5145 1.31699
    endloop
  endfacet
  facet normal 0.280657 0.14914 -0.94815
    outer loop
      vertex 23.2136 13.1907 1.31699
      vertex 21.4658 12.4625 0.685091
      vertex 22.5332 14.4711 1.31699
    endloop
  endfacet
  facet normal 0.202728 0.0198442 -0.979034
    outer loop
      vertex 21.8823 10.3565 0.685091
      vertex 19.7803 10.3565 0.249831
      vertex 21.7772 11.4302 0.685091
    endloop
  endfacet
  facet normal 0.316677 0.0309982 -0.948027
    outer loop
      vertex 21.8823 10.3565 0.685091
      vertex 21.7772 11.4302 0.685091
      vertex 23.774 10.3565 1.31699
    endloop
  endfacet
  facet normal 0.246035 0.200744 -0.948245
    outer loop
      vertex 22.5332 14.4711 1.31699
      vertex 20.9603 13.414 0.685091
      vertex 21.6175 15.5934 1.31699
    endloop
  endfacet
  facet normal 0.280689 0.149121 -0.948144
    outer loop
      vertex 21.4658 12.4625 0.685091
      vertex 20.9603 13.414 0.685091
      vertex 22.5332 14.4711 1.31699
    endloop
  endfacet
  facet normal -0.372763 0.177394 -0.910812
    outer loop
      vertex -25.3791 16.5555 0.492197
      vertex -25.7038 15.8732 0.492197
      vertex -25.6392 17.5522 0.792769
    endloop
  endfacet
  facet normal -0.372724 0.177396 -0.910828
    outer loop
      vertex -25.7038 15.8732 0.492197
      vertex -26.0349 16.7208 0.792769
      vertex -25.6392 17.5522 0.792769
    endloop
  endfacet
  facet normal -0.166573 0.0792938 -0.982836
    outer loop
      vertex -24.8819 13.769 0.0933685
      vertex -25.3145 14.8765 0.256038
      vertex -25.0732 15.3834 0.256038
    endloop
  endfacet
  facet normal -0.19699 0.143983 -0.969775
    outer loop
      vertex -25.0732 15.3834 0.256038
      vertex -25.3791 16.5555 0.492197
      vertex -25.0086 17.0624 0.492197
    endloop
  endfacet
  facet normal -0.284567 0.207955 -0.935829
    outer loop
      vertex -25.3791 16.5555 0.492197
      vertex -25.6392 17.5522 0.792769
      vertex -25.1878 18.1699 0.792769
    endloop
  endfacet
  facet normal -0.284508 0.207951 -0.935848
    outer loop
      vertex -25.0086 17.0624 0.492197
      vertex -25.3791 16.5555 0.492197
      vertex -25.1878 18.1699 0.792769
    endloop
  endfacet
  facet normal -0.479014 0.400217 0.781263
    outer loop
      vertex -21.6041 9.82494 10.1947
      vertex -25.3285 19.0401 3.19053
      vertex -22.4452 8.81824 10.1947
    endloop
  endfacet
  facet normal -0.372098 0.461655 0.805244
    outer loop
      vertex -20.5791 10.6511 10.1947
      vertex -25.3285 19.0401 3.19053
      vertex -21.6041 9.82494 10.1947
    endloop
  endfacet
  facet normal -0.543119 0.3969 0.739927
    outer loop
      vertex -25.4255 19.6395 2.79781
      vertex -25.9844 18.8747 2.79781
      vertex -25.3285 19.0401 3.19053
    endloop
  endfacet
  facet normal -0.130046 -0.221753 0.966392
    outer loop
      vertex -2.42473 -8.26751 13.4215
      vertex -2.92787 -9.09375 13.1642
      vertex -2.34491 -8.31432 13.4215
    endloop
  endfacet
  facet normal -0.080163 -0.240823 0.967253
    outer loop
      vertex -2.34491 -8.31432 13.4215
      vertex -2.69148 -9.23239 13.1642
      vertex -2.2583 -8.34315 13.4215
    endloop
  endfacet
  facet normal -0.0076778 -0.0443913 0.998985
    outer loop
      vertex -14.8843 2.29988 13.7974
      vertex -15.0385 2.32655 13.7974
      vertex -2.2583 -8.34315 13.4215
    endloop
  endfacet
  facet normal 0.0183644 0.00352143 0.999825
    outer loop
      vertex 1.11191 4.75143 13.5144
      vertex 6.57656 5.24194 13.4123
      vertex 6.53903 5.43766 13.4123
    endloop
  endfacet
  facet normal 0.0183142 0.00408036 0.999824
    outer loop
      vertex 6.57656 5.24194 13.4123
      vertex 1.11191 4.75143 13.5144
      vertex 1.11191 4.60441 13.515
    endloop
  endfacet
  facet normal 0.0183256 0.00395187 0.999824
    outer loop
      vertex -0.985275 4.48625 13.5539
      vertex -13.9177 2.85101 13.7974
      vertex -0.985275 4.35975 13.5544
    endloop
  endfacet
  facet normal 0.017757 -0.164207 0.986266
    outer loop
      vertex -2.07816 -8.34315 13.4215
      vertex -2.16823 -8.35289 13.4215
      vertex 13.7644 -14.3642 12.1338
    endloop
  endfacet
  facet normal 0.019108 -0.160768 0.986807
    outer loop
      vertex 14.3685 -14.2924 12.1338
      vertex -2.07816 -8.34315 13.4215
      vertex 13.7644 -14.3642 12.1338
    endloop
  endfacet
  facet normal -0.264182 -0.13432 0.955074
    outer loop
      vertex -17.1115 2.48877 13.5329
      vertex -20.4188 -2.87229 11.8641
      vertex -20.2425 -3.21904 11.8641
    endloop
  endfacet
  facet normal -0.310304 -0.102752 0.945068
    outer loop
      vertex -17.1115 2.48877 13.5329
      vertex -20.5498 -2.47668 11.8641
      vertex -20.4188 -2.87229 11.8641
    endloop
  endfacet
  facet normal -0.455374 -0.0278476 0.889865
    outer loop
      vertex -18.6771 2.75957 13.0141
      vertex -20.6577 -1.601 11.8641
      vertex -20.6304 -2.04742 11.8641
    endloop
  endfacet
  facet normal -0.317501 -0.0971631 0.943267
    outer loop
      vertex -18.6011 2.31981 13.0141
      vertex -20.5498 -2.47668 11.8641
      vertex -17.1115 2.48877 13.5329
    endloop
  endfacet
  facet normal -0.441784 -0.0829516 0.893278
    outer loop
      vertex -20.6304 -2.04742 11.8641
      vertex -21.4977 -2.32594 11.4093
      vertex -20.5498 -2.47668 11.8641
    endloop
  endfacet
  facet normal -0.373351 -0.0701022 0.925038
    outer loop
      vertex -18.6011 2.31981 13.0141
      vertex -20.6304 -2.04742 11.8641
      vertex -20.5498 -2.47668 11.8641
    endloop
  endfacet
  facet normal -0.619404 -0.116312 0.776409
    outer loop
      vertex -21.4977 -2.32594 11.4093
      vertex -22.2783 -2.57661 10.749
      vertex -21.3668 -3.02303 11.4093
    endloop
  endfacet
  facet normal -0.619427 -0.116408 0.776376
    outer loop
      vertex -21.3668 -3.02303 11.4093
      vertex -22.2783 -2.57661 10.749
      vertex -22.102 -3.51473 10.749
    endloop
  endfacet
  facet normal -0.322744 0.055775 0.944841
    outer loop
      vertex -17.1115 3.03038 13.5329
      vertex -18.6771 2.75957 13.0141
      vertex -17.1583 2.75957 13.5329
    endloop
  endfacet
  facet normal -0.322744 -0.055777 0.944841
    outer loop
      vertex -17.1583 2.75957 13.5329
      vertex -18.6771 2.75957 13.0141
      vertex -17.1115 2.48877 13.5329
    endloop
  endfacet
  facet normal 0.29004 -0.0255325 -0.956674
    outer loop
      vertex 21.7456 -11.3368 0.544667
      vertex 20.6612 -10.6893 0.198623
      vertex 21.8026 -10.6893 0.544667
    endloop
  endfacet
  facet normal 0.438986 -0.0386443 -0.897662
    outer loop
      vertex 22.8299 -10.6893 1.04705
      vertex 21.7456 -11.3368 0.544667
      vertex 21.8026 -10.6893 0.544667
    endloop
  endfacet
  facet normal 0.0232462 -0.195747 -0.980379
    outer loop
      vertex 14.7454 -16.5773 0.732137
      vertex 13.7644 -16.6938 0.732137
      vertex 14.3685 -14.2924 0.266987
    endloop
  endfacet
  facet normal 0.0495652 -0.191382 -0.980263
    outer loop
      vertex 14.7454 -16.5773 0.732137
      vertex 14.3685 -14.2924 0.266987
      vertex 19.1886 -12.6939 0.198623
    endloop
  endfacet
  facet normal 0.152014 -0.41564 -0.896736
    outer loop
      vertex 15.3731 -20.3824 2.26691
      vertex 15.0846 -18.6336 1.40743
      vertex 16.3541 -18.1693 1.40743
    endloop
  endfacet
  facet normal 0.107575 -0.294135 -0.949691
    outer loop
      vertex 15.0846 -18.6336 1.40743
      vertex 14.7454 -16.5773 0.732137
      vertex 16.3541 -18.1693 1.40743
    endloop
  endfacet
  facet normal 0.440304 -0.480314 -0.758572
    outer loop
      vertex 22.2766 -14.5378 1.68645
      vertex 18.9911 -20.0625 3.27756
      vertex 21.5383 -15.2146 1.68645
    endloop
  endfacet
  facet normal 0.395197 -0.467224 -0.790899
    outer loop
      vertex 18.9911 -20.0625 3.27756
      vertex 18.3456 -18.8977 2.26691
      vertex 21.5383 -15.2146 1.68645
    endloop
  endfacet
  facet normal 0.658702 -0.448304 0.604264
    outer loop
      vertex 21.5867 -16.9327 9.12327
      vertex 20.9825 -19.3341 8.0003
      vertex 22.252 -17.4688 8.0003
    endloop
  endfacet
  facet normal 0.523177 -0.356064 0.774277
    outer loop
      vertex 20.6207 -16.1544 10.1339
      vertex 19.5952 -17.6612 10.1339
      vertex 20.4167 -18.6518 9.12327
    endloop
  endfacet
  facet normal -0.484466 -0.573785 -0.66035
    outer loop
      vertex -22.8536 -9.73073 1.41016
      vertex -23.4369 -9.23823 1.41016
      vertex -23.3911 -8.93095 1.10956
    endloop
  endfacet
  facet normal -0.484457 -0.573783 -0.66036
    outer loop
      vertex -22.8536 -9.73073 1.41016
      vertex -23.3911 -8.93095 1.10956
      vertex -22.8302 -9.40453 1.10956
    endloop
  endfacet
  facet normal 0.000199441 -0.00119096 -0.999999
    outer loop
      vertex -6.64689 -10.3492 0.0137062
      vertex -10.6793 -6.8413 0.00872421
      vertex -6.4773 -10.3208 0.0137062
    endloop
  endfacet
  facet normal 0.000289985 -0.00108161 -0.999999
    outer loop
      vertex -6.4773 -10.3208 0.0137062
      vertex -10.6793 -6.8413 0.00872421
      vertex 18.9522 -11.3662 0.0222111
    endloop
  endfacet
  facet normal -0.0002204 0.000866908 -1
    outer loop
      vertex -11.4783 12.7541 0.00756359
      vertex -24.2531 12.8252 0.0104408
      vertex -11.3072 12.7976 0.00756359
    endloop
  endfacet
  facet normal -0.000288515 -0.00172286 -0.999998
    outer loop
      vertex -7.16921 -10.3208 0.0137062
      vertex -10.6793 -6.8413 0.00872421
      vertex -6.99962 -10.3492 0.0137062
    endloop
  endfacet
  facet normal 0.0515021 -0.433629 -0.899618
    outer loop
      vertex 15.0846 -18.6336 1.40743
      vertex 13.7644 -20.5735 2.26691
      vertex 13.7644 -18.7904 1.40743
    endloop
  endfacet
  facet normal -0.0343384 -0.433949 -0.900283
    outer loop
      vertex 13.7644 -20.5735 2.26691
      vertex -10.6793 -16.604 1.28588
      vertex 13.7644 -18.7904 1.40743
    endloop
  endfacet
  facet normal -0.0387083 -0.127427 -0.991092
    outer loop
      vertex -12.5812 -11.6852 0.216088
      vertex -12.9871 -11.5619 0.216088
      vertex -12.3016 -10.2774 0.0241642
    endloop
  endfacet
  facet normal -0.0589917 -0.194199 -0.979187
    outer loop
      vertex -10.6793 -14.5134 0.662415
      vertex -12.9871 -11.5619 0.216088
      vertex -12.5812 -11.6852 0.216088
    endloop
  endfacet
  facet normal -0.121863 -0.014409 -0.992442
    outer loop
      vertex -24.4944 11.6695 0.0104408
      vertex -25.1502 11.5041 0.0933685
      vertex -24.5132 11.8285 0.0104408
    endloop
  endfacet
  facet normal -0.142332 -0.168604 -0.975353
    outer loop
      vertex -22.7181 -7.8357 0.571588
      vertex -23.0055 -6.33942 0.354874
      vertex -22.6336 -6.65337 0.354874
    endloop
  endfacet
  facet normal 0.000173996 8.59189e-05 -1
    outer loop
      vertex 12.0928 4.00521 0.0107412
      vertex -10.2861 12.3413 0.00756359
      vertex 12.008 4.17694 0.0107412
    endloop
  endfacet
  facet normal 0.000194982 0.00014293 -1
    outer loop
      vertex 12.008 4.17694 0.0107412
      vertex -10.3704 12.4732 0.00756359
      vertex 11.9047 4.31786 0.0107412
    endloop
  endfacet
  facet normal 0.042096 -0.124225 -0.991361
    outer loop
      vertex 19.1886 -12.6939 0.198623
      vertex 19.0681 -11.3269 0.0222111
      vertex 19.5318 -12.5776 0.198623
    endloop
  endfacet
  facet normal 0.042122 -0.124222 -0.99136
    outer loop
      vertex 19.1886 -12.6939 0.198623
      vertex 18.9522 -11.3662 0.0222111
      vertex 19.0681 -11.3269 0.0222111
    endloop
  endfacet
  facet normal 7.72923e-05 -6.39063e-05 -1
    outer loop
      vertex -10.5529 -6.7565 0.00872421
      vertex -22.1297 -2.02985 0.00752735
      vertex -10.3704 11.6255 0.00756359
    endloop
  endfacet
  facet normal 2.07964e-06 9.10266e-07 -1
    outer loop
      vertex -22.0304 -0.639569 0.00752735
      vertex -22.0768 -0.533561 0.00752735
      vertex -10.2861 12.3413 0.00756359
    endloop
  endfacet
  facet normal -0.669922 -0.0908059 -0.736857
    outer loop
      vertex -24.7927 -4.17739 0.826415
      vertex -26.9408 9.07523 1.14621
      vertex -26.6009 9.43566 0.792769
    endloop
  endfacet
  facet normal -0.676369 -0.0801478 -0.732189
    outer loop
      vertex -26.6009 9.43566 0.792769
      vertex -26.9408 9.07523 1.14621
      vertex -26.7495 10.6897 0.792769
    endloop
  endfacet
  facet normal -0.858941 -0.257287 -0.442746
    outer loop
      vertex -24.4456 -7.36212 1.41016
      vertex -25.6982 -5.01763 2.47782
      vertex -24.3611 -7.12694 1.10956
    endloop
  endfacet
  facet normal -0.549811 -0.105568 -0.828591
    outer loop
      vertex -24.5381 -5.50338 0.826415
      vertex -24.7927 -4.17739 0.826415
      vertex -24.2551 -4.97717 0.571588
    endloop
  endfacet
  facet normal -0.394138 0.0151649 -0.918926
    outer loop
      vertex -25.7808 11.9939 0.256038
      vertex -26.3314 11.9939 0.492197
      vertex -25.7502 12.7892 0.256038
    endloop
  endfacet
  facet normal -0.394102 -0.0151337 -0.918942
    outer loop
      vertex -26.2903 10.9236 0.492197
      vertex -26.3314 11.9939 0.492197
      vertex -25.7502 11.1986 0.256038
    endloop
  endfacet
  facet normal 0.00162772 0.0356894 -0.999362
    outer loop
      vertex 11.3705 12.2825 0.0252934
      vertex -11.1291 12.8122 0.00756359
      vertex 11.1337 12.2933 0.0252934
    endloop
  endfacet
  facet normal 0.000164171 5.9542e-05 -1
    outer loop
      vertex -10.2342 12.1982 0.00756359
      vertex -10.2861 12.3413 0.00756359
      vertex 12.0928 4.00521 0.0107412
    endloop
  endfacet
  facet normal -0.795419 -0.348222 -0.496034
    outer loop
      vertex -23.9744 -8.43845 1.41016
      vertex -24.4456 -7.36212 1.41016
      vertex -24.3611 -7.12694 1.10956
    endloop
  endfacet
  facet normal -0.227904 -0.153191 -0.961557
    outer loop
      vertex -23.0055 -6.33942 0.354874
      vertex -23.5888 -6.83192 0.571588
      vertex -23.3482 -5.82958 0.354874
    endloop
  endfacet
  facet normal -0.0737475 -0.116041 -0.990503
    outer loop
      vertex -13.3612 -11.3616 0.216088
      vertex -22.6336 -6.65337 0.354874
      vertex -22.5343 -5.26309 0.184604
    endloop
  endfacet
  facet normal -0.142355 -0.168608 -0.975349
    outer loop
      vertex -22.7181 -7.8357 0.571588
      vertex -23.1712 -7.45315 0.571588
      vertex -23.0055 -6.33942 0.354874
    endloop
  endfacet
  facet normal -0.121855 -0.0144394 -0.992443
    outer loop
      vertex -25.0944 11.0332 0.0933685
      vertex -25.1502 11.5041 0.0933685
      vertex -24.4944 11.6695 0.0104408
    endloop
  endfacet
  facet normal 6.25906e-06 -2.73981e-06 -1
    outer loop
      vertex -10.2861 11.7574 0.00756359
      vertex -22.0768 -1.95107 0.00752735
      vertex -22.0304 -1.84507 0.00752735
    endloop
  endfacet
  facet normal -0.12443 0.0909478 -0.988052
    outer loop
      vertex -24.7333 14.0812 0.0933685
      vertex -25.0732 15.3834 0.256038
      vertex -24.5638 14.3131 0.0933685
    endloop
  endfacet
  facet normal 2.75417e-06 2.99691e-07 -1
    outer loop
      vertex -21.9466 -1.07602 0.00752735
      vertex -21.964 -0.916113 0.00752735
      vertex -10.2166 12.0493 0.00756359
    endloop
  endfacet
  facet normal -0.0986709 0.031611 -0.994618
    outer loop
      vertex -24.4638 12.4648 0.0104408
      vertex -25.0038 13.3885 0.0933685
      vertex -24.8819 13.769 0.0933685
    endloop
  endfacet
  facet normal -0.0811586 0.0385407 -0.995956
    outer loop
      vertex -24.4226 12.5932 0.0104408
      vertex -24.8819 13.769 0.0933685
      vertex -24.3725 12.6987 0.0104408
    endloop
  endfacet
  facet normal -0.0260188 0.103265 -0.994313
    outer loop
      vertex -24.1885 14.5042 0.0933685
      vertex -24.3798 14.456 0.0933685
      vertex -24.1885 16.0705 0.256038
    endloop
  endfacet
  facet normal -0.01255 0.0498095 -0.99868
    outer loop
      vertex -24.1885 12.8415 0.0104408
      vertex -24.3798 14.456 0.0933685
      vertex -24.1885 14.5042 0.0933685
    endloop
  endfacet
  facet normal 0.0924264 0.302865 0.948541
    outer loop
      vertex 19.2289 17.1989 10.287
      vertex 17.4786 15.754 10.9189
      vertex 18.5049 15.4408 10.9189
    endloop
  endfacet
  facet normal 0.0601979 0.197258 0.978502
    outer loop
      vertex 17.4786 15.754 10.9189
      vertex 6.31075 8.06892 13.1552
      vertex 18.5049 15.4408 10.9189
    endloop
  endfacet
  facet normal 0.201952 0.244618 0.948355
    outer loop
      vertex 20.5018 16.5145 10.287
      vertex 20.2799 14.2479 10.9189
      vertex 21.6175 15.5934 10.287
    endloop
  endfacet
  facet normal 0.201929 0.244622 0.948359
    outer loop
      vertex 20.5018 16.5145 10.287
      vertex 19.4508 14.9323 10.9189
      vertex 20.2799 14.2479 10.9189
    endloop
  endfacet
  facet normal 0.925311 -0.0905911 0.368229
    outer loop
      vertex 27.9614 10.3565 6.37068
      vertex 27.3041 8.17708 7.48621
      vertex 27.7395 8.08998 6.37068
    endloop
  endfacet
  facet normal 0.995242 -0.0974375 0
    outer loop
      vertex 27.7395 8.08998 6.37068
      vertex 27.9614 10.3565 5.23329
      vertex 27.9614 10.3565 6.37068
    endloop
  endfacet
  facet normal 0.995242 -0.0974375 0
    outer loop
      vertex 27.9614 10.3565 5.23329
      vertex 27.7395 8.08998 6.37068
      vertex 27.7395 8.08998 5.23329
    endloop
  endfacet
  facet normal 0.530214 0.281729 0.799689
    outer loop
      vertex 24.9219 16.0766 8.53702
      vertex 24.6999 13.81 9.48273
      vertex 25.8677 14.2966 8.53702
    endloop
  endfacet
  facet normal 0.179642 0.0954781 0.979088
    outer loop
      vertex 21.4658 12.4625 10.9189
      vertex 19.2125 12.2393 11.3541
      vertex 19.5239 11.6534 11.3541
    endloop
  endfacet
  facet normal 0.649616 -0.0851287 0.755481
    outer loop
      vertex 26.4502 8.34794 8.53702
      vertex 21.8519 -12.57 10.1339
      vertex 22.9914 -12.8434 9.12327
    endloop
  endfacet
  facet normal 0.738546 0.222723 0.636352
    outer loop
      vertex 26.6721 14.6317 7.48621
      vertex 26.4502 12.3652 8.53702
      vertex 27.3041 12.536 7.48621
    endloop
  endfacet
  facet normal 0.347138 0.283244 0.894018
    outer loop
      vertex 22.7551 16.7377 9.48273
      vertex 22.5332 14.4711 10.287
      vertex 23.8709 15.3702 9.48273
    endloop
  endfacet
  facet normal 0.575145 0.173471 0.799447
    outer loop
      vertex 26.4502 12.3652 8.53702
      vertex 24.6999 13.81 9.48273
      vertex 25.2105 12.1171 9.48273
    endloop
  endfacet
  facet normal 0.202701 0.0198416 0.97904
    outer loop
      vertex 21.7772 11.4302 10.9189
      vertex 19.7803 10.3565 11.3541
      vertex 21.8823 10.3565 10.9189
    endloop
  endfacet
  facet normal 0.202734 0.00817849 0.9792
    outer loop
      vertex 19.7803 10.3565 11.3541
      vertex 16.861 -10.6302 12.1338
      vertex 21.8823 10.3565 10.9189
    endloop
  endfacet
  facet normal 0.720134 0.587602 -0.36896
    outer loop
      vertex 25.6458 16.5631 4.11776
      vertex 24.5784 18.5717 5.23329
      vertex 26.0149 16.8112 5.23329
    endloop
  endfacet
  facet normal 0.7748 0.632207 0
    outer loop
      vertex 26.0149 16.8112 6.37068
      vertex 24.5784 18.5717 5.23329
      vertex 24.5784 18.5717 6.37068
    endloop
  endfacet
  facet normal 0.7748 0.632207 0
    outer loop
      vertex 24.5784 18.5717 5.23329
      vertex 26.0149 16.8112 6.37068
      vertex 26.0149 16.8112 5.23329
    endloop
  endfacet
  facet normal 0.283048 -0.308784 -0.90804
    outer loop
      vertex 21.053 -14.4031 1.04705
      vertex 20.9325 -13.0362 0.544667
      vertex 21.6589 -13.8477 1.04705
    endloop
  endfacet
  facet normal 0.283061 -0.308781 -0.908037
    outer loop
      vertex 21.053 -14.4031 1.04705
      vertex 20.4823 -13.4489 0.544667
      vertex 20.9325 -13.0362 0.544667
    endloop
  endfacet
  facet normal 0.226037 -0.166043 -0.959863
    outer loop
      vertex 20.9325 -13.0362 0.544667
      vertex 20.1254 -12.1345 0.198623
      vertex 20.3529 -11.8248 0.198623
    endloop
  endfacet
  facet normal 0.098949 0.00920958 -0.99505
    outer loop
      vertex 19.4376 -10.5547 0.0222111
      vertex 17.5489 10.3565 0.0279379
      vertex 19.7803 10.3565 0.249831
    endloop
  endfacet
  facet normal 0.0136057 -0.0195763 0.999716
    outer loop
      vertex -14.0405 2.49918 13.7974
      vertex -14.1427 2.42815 13.7974
      vertex -1.91173 -8.26751 13.4215
    endloop
  endfacet
  facet normal 0.125944 0.0653378 0.989883
    outer loop
      vertex 19.5239 11.6534 11.3541
      vertex 6.39606 5.77614 13.4123
      vertex 6.47808 5.61804 13.4123
    endloop
  endfacet
  facet normal 0.0107073 -0.0228694 0.999681
    outer loop
      vertex -14.1427 2.42815 13.7974
      vertex -14.2672 2.36986 13.7974
      vertex -1.99155 -8.31432 13.4215
    endloop
  endfacet
  facet normal 0.0197734 -0.0102582 0.999752
    outer loop
      vertex 1.11191 3.98764 13.5136
      vertex 6.39606 4.30065 13.4123
      vertex 6.47808 4.45875 13.4123
    endloop
  endfacet
  facet normal 0.0198022 -0.0107451 0.999746
    outer loop
      vertex 6.39606 4.30065 13.4123
      vertex 1.11191 3.98764 13.5136
      vertex 1.11191 3.87599 13.5124
    endloop
  endfacet
  facet normal 0.0197917 -0.0104065 0.99975
    outer loop
      vertex -0.985275 3.80352 13.5532
      vertex -13.9177 2.66813 13.7974
      vertex -0.985275 3.70745 13.5522
    endloop
  endfacet
  facet normal 0.0635361 -0.0329616 0.997435
    outer loop
      vertex 6.47808 4.45875 13.4123
      vertex 6.39606 4.30065 13.4123
      vertex 14.6338 -11.3307 12.371
    endloop
  endfacet
  facet normal 0.0192223 -0.00412393 0.999807
    outer loop
      vertex -0.985275 4.03539 13.5544
      vertex -13.9177 2.66813 13.7974
      vertex -0.985275 3.91417 13.5539
    endloop
  endfacet
  facet normal 0.0191787 -0.00367759 0.999809
    outer loop
      vertex 1.11191 4.25711 13.515
      vertex 6.53903 4.63913 13.4123
      vertex 6.57656 4.83485 13.4123
    endloop
  endfacet
  facet normal 0.0192195 -0.00425812 0.999806
    outer loop
      vertex 6.53903 4.63913 13.4123
      vertex 1.11191 4.25711 13.515
      vertex 1.11191 4.11623 13.5144
    endloop
  endfacet
  facet normal 0.092347 -0.0177079 0.995569
    outer loop
      vertex 6.57656 4.83485 13.4123
      vertex 6.53903 4.63913 13.4123
      vertex 14.7899 -10.8762 12.371
    endloop
  endfacet
  facet normal 0.225165 -0.0566327 0.972673
    outer loop
      vertex 18.6963 -11.8132 11.6687
      vertex 16.6253 -12.0591 12.1338
      vertex 18.4102 -12.9507 11.6687
    endloop
  endfacet
  facet normal 0.207754 -0.0920949 0.973836
    outer loop
      vertex 18.4102 -12.9507 11.6687
      vertex 16.6253 -12.0591 12.1338
      vertex 17.9455 -13.999 11.6687
    endloop
  endfacet
  facet normal 0.174201 -0.270271 0.946894
    outer loop
      vertex 16.5581 -15.6719 11.6687
      vertex 15.6888 -16.2322 11.6687
      vertex 16.3541 -18.1693 10.9934
    endloop
  endfacet
  facet normal 0.0363888 -0.306381 0.951213
    outer loop
      vertex 14.7454 -16.5773 11.6687
      vertex 13.7644 -18.7904 10.9934
      vertex 15.0846 -18.6336 10.9934
    endloop
  endfacet
  facet normal 0.776784 -0.52867 0.34222
    outer loop
      vertex 22.252 -17.4688 8.0003
      vertex 20.9825 -19.3341 8.0003
      vertex 21.271 -19.6819 6.80816
    endloop
  endfacet
  facet normal 0.736597 -0.326538 0.592282
    outer loop
      vertex 23.1954 -15.3407 8.0003
      vertex 21.5867 -16.9327 9.12327
      vertex 22.252 -17.4688 8.0003
    endloop
  endfacet
  facet normal -0.0125675 0.0498074 -0.99868
    outer loop
      vertex -24.2531 12.8252 0.0104408
      vertex -24.3798 14.456 0.0933685
      vertex -24.1885 12.8415 0.0104408
    endloop
  endfacet
  facet normal 0.000327893 0.000369161 -1
    outer loop
      vertex 11.9047 4.31786 0.0107412
      vertex 11.7868 4.42258 0.0107412
      vertex 13.1625 8.32607 0.0126333
    endloop
  endfacet
  facet normal 0.000674195 0.00250342 -0.999997
    outer loop
      vertex 13.1076 8.34607 0.0126333
      vertex -10.7799 12.7541 0.00756359
      vertex 6.64015 11.4299 0.0159931
    endloop
  endfacet
  facet normal 0.00114366 0.00348799 -0.999993
    outer loop
      vertex 13.1076 8.34607 0.0126333
      vertex 6.64015 11.4299 0.0159931
      vertex 6.82985 11.3677 0.0159931
    endloop
  endfacet
  facet normal 0.0224966 0.1948 -0.980585
    outer loop
      vertex 17.0685 13.6803 0.249831
      vertex 7.39163 15.5144 0.39218
      vertex 7.71969 17.2974 0.753911
    endloop
  endfacet
  facet normal 0.0157711 0.159213 -0.987118
    outer loop
      vertex 16.4113 13.7454 0.249831
      vertex 6.44288 15.6154 0.39218
      vertex 17.0685 13.6803 0.249831
    endloop
  endfacet
  facet normal 0.0876793 0.0466087 -0.995058
    outer loop
      vertex 17.4623 10.7944 0.0279379
      vertex 17.3571 10.9923 0.0279379
      vertex 19.5239 11.6534 0.249831
    endloop
  endfacet
  facet normal 0.001176 0.00358662 -0.999993
    outer loop
      vertex 6.82985 11.3677 0.0159931
      vertex 6.64015 11.4299 0.0159931
      vertex 16.8466 11.4137 0.0279379
    endloop
  endfacet
  facet normal 0.194942 0.0587862 -0.979051
    outer loop
      vertex 19.7156 11.0177 0.249831
      vertex 19.5239 11.6534 0.249831
      vertex 21.7772 11.4302 0.685091
    endloop
  endfacet
  facet normal 0.202731 0.0198378 -0.979033
    outer loop
      vertex 19.7803 10.3565 0.249831
      vertex 19.7156 11.0177 0.249831
      vertex 21.7772 11.4302 0.685091
    endloop
  endfacet
  facet normal 0.0288706 0.0945891 -0.995098
    outer loop
      vertex 17.7005 13.4874 0.249831
      vertex 16.6332 11.4788 0.0279379
      vertex 17.0685 13.6803 0.249831
    endloop
  endfacet
  facet normal 0.0154265 0.0972517 -0.99514
    outer loop
      vertex 16.6332 11.4788 0.0279379
      vertex 11.5983 12.2504 0.0252934
      vertex 17.0685 13.6803 0.249831
    endloop
  endfacet
  facet normal 0.201929 0.244622 -0.948359
    outer loop
      vertex 20.2799 14.2479 0.685091
      vertex 19.4508 14.9323 0.685091
      vertex 20.5018 16.5145 1.31699
    endloop
  endfacet
  facet normal 0.129267 0.156562 -0.979172
    outer loop
      vertex 18.7935 12.7528 0.249831
      vertex 18.283 13.1743 0.249831
      vertex 19.4508 14.9323 0.685091
    endloop
  endfacet
  facet normal 0.17967 0.0954529 -0.979085
    outer loop
      vertex 21.4658 12.4625 0.685091
      vertex 19.2125 12.2393 0.249831
      vertex 20.9603 13.414 0.685091
    endloop
  endfacet
  facet normal 0.0630848 0.0764052 -0.995079
    outer loop
      vertex 18.7935 12.7528 0.249831
      vertex 17.0433 11.308 0.0279379
      vertex 18.283 13.1743 0.249831
    endloop
  endfacet
  facet normal -0.0416209 0.165102 -0.985398
    outer loop
      vertex -24.1885 16.0705 0.256038
      vertex -24.6066 17.3746 0.492197
      vertex -24.1885 17.48 0.492197
    endloop
  endfacet
  facet normal -0.061194 0.242744 -0.968158
    outer loop
      vertex -24.1885 17.48 0.492197
      vertex -24.6066 17.3746 0.492197
      vertex -24.1885 18.6788 0.792769
    endloop
  endfacet
  facet normal -0.122595 0.157858 -0.979822
    outer loop
      vertex -24.7979 15.7602 0.256038
      vertex -25.0086 17.0624 0.492197
      vertex -24.6066 17.3746 0.492197
    endloop
  endfacet
  facet normal -0.166588 0.0792919 -0.982833
    outer loop
      vertex -24.8819 13.769 0.0933685
      vertex -25.0732 15.3834 0.256038
      vertex -24.7333 14.0812 0.0933685
    endloop
  endfacet
  facet normal -0.506864 0.241221 -0.827588
    outer loop
      vertex -25.6392 17.5522 0.792769
      vertex -26.295 17.3868 1.14621
      vertex -25.8436 18.3353 1.14621
    endloop
  endfacet
  facet normal -0.396413 0.289717 -0.871161
    outer loop
      vertex -25.6392 17.5522 0.792769
      vertex -25.8436 18.3353 1.14621
      vertex -25.3285 19.0401 1.14621
    endloop
  endfacet
  facet normal -0.363926 0.468575 0.804982
    outer loop
      vertex -24.8191 20.1104 2.79781
      vertex -25.3285 19.0401 3.19053
      vertex -24.7697 19.4741 3.19053
    endloop
  endfacet
  facet normal -0.363046 0.467442 0.806037
    outer loop
      vertex -24.7697 19.4741 3.19053
      vertex -25.3285 19.0401 3.19053
      vertex -20.5791 10.6511 10.1947
    endloop
  endfacet
  facet normal -0.713909 0.52171 0.467068
    outer loop
      vertex -25.475 19.945 2.38091
      vertex -25.9844 18.8747 2.79781
      vertex -25.4255 19.6395 2.79781
    endloop
  endfacet
  facet normal -0.714007 0.521702 0.466928
    outer loop
      vertex -25.475 19.945 2.38091
      vertex -26.0561 19.1497 2.38091
      vertex -25.9844 18.8747 2.79781
    endloop
  endfacet
  facet normal -0.150735 -0.441152 0.884683
    outer loop
      vertex -2.69148 -9.23239 13.1642
      vertex -13.9686 -13.9354 8.89759
      vertex 12.1557 -20.3824 10.1339
    endloop
  endfacet
  facet normal -0.144484 -0.434061 0.889222
    outer loop
      vertex -2.43498 -9.31777 13.1642
      vertex -2.69148 -9.23239 13.1642
      vertex 12.1557 -20.3824 10.1339
    endloop
  endfacet
  facet normal 0.0186139 -0.0139222 0.99973
    outer loop
      vertex -1.78435 -8.12774 13.4215
      vertex -13.9645 2.58021 13.7974
      vertex -1.84177 -8.20451 13.4215
    endloop
  endfacet
  facet normal 0.0102968 0.0605284 0.998113
    outer loop
      vertex -0.985275 5.09082 13.5438
      vertex -14.4094 3.1926 13.7974
      vertex -0.985275 5.07433 13.5448
    endloop
  endfacet
  facet normal 0.0103745 0.0599831 0.998145
    outer loop
      vertex -14.4094 3.1926 13.7974
      vertex -0.985275 5.09082 13.5438
      vertex -14.5636 3.21927 13.7974
    endloop
  endfacet
  facet normal 0.0103158 0.0602838 0.998128
    outer loop
      vertex 1.11191 5.37989 13.5046
      vertex 1.11191 5.3683 13.5053
      vertex 6.05835 6.06168 13.4123
    endloop
  endfacet
  facet normal -0.0375014 -0.0800981 0.996081
    outer loop
      vertex -15.1806 2.36986 13.7974
      vertex -15.3051 2.42815 13.7974
      vertex -2.34491 -8.31432 13.4215
    endloop
  endfacet
  facet normal 0 0 1
    outer loop
      vertex -13.9177 2.85101 13.7974
      vertex -13.9177 2.66813 13.7974
      vertex -13.9019 2.75957 13.7974
    endloop
  endfacet
  facet normal 0 0 1
    outer loop
      vertex -13.9645 2.93894 13.7974
      vertex -13.9177 2.66813 13.7974
      vertex -13.9177 2.85101 13.7974
    endloop
  endfacet
  facet normal 0 0 1
    outer loop
      vertex -13.9645 2.93894 13.7974
      vertex -13.9645 2.58021 13.7974
      vertex -13.9177 2.66813 13.7974
    endloop
  endfacet
  facet normal 0 0 1
    outer loop
      vertex -14.0405 3.01997 13.7974
      vertex -13.9645 2.58021 13.7974
      vertex -13.9645 2.93894 13.7974
    endloop
  endfacet
  facet normal 0 0 1
    outer loop
      vertex -14.0405 3.01997 13.7974
      vertex -14.0405 2.49918 13.7974
      vertex -13.9645 2.58021 13.7974
    endloop
  endfacet
  facet normal 0 0 1
    outer loop
      vertex -14.1427 3.091 13.7974
      vertex -14.0405 2.49918 13.7974
      vertex -14.0405 3.01997 13.7974
    endloop
  endfacet
  facet normal 0 0 1
    outer loop
      vertex -14.1427 3.091 13.7974
      vertex -14.1427 2.42815 13.7974
      vertex -14.0405 2.49918 13.7974
    endloop
  endfacet
  facet normal 0 0 1
    outer loop
      vertex -14.2672 3.14928 13.7974
      vertex -14.1427 2.42815 13.7974
      vertex -14.1427 3.091 13.7974
    endloop
  endfacet
  facet normal 0 0 1
    outer loop
      vertex -14.2672 3.14928 13.7974
      vertex -14.2672 2.36986 13.7974
      vertex -14.1427 2.42815 13.7974
    endloop
  endfacet
  facet normal 0 0 1
    outer loop
      vertex -14.4094 3.1926 13.7974
      vertex -14.2672 2.36986 13.7974
      vertex -14.2672 3.14928 13.7974
    endloop
  endfacet
  facet normal 0 0 1
    outer loop
      vertex -14.4094 3.1926 13.7974
      vertex -14.4094 2.32655 13.7974
      vertex -14.2672 2.36986 13.7974
    endloop
  endfacet
  facet normal 0 0 1
    outer loop
      vertex -14.5636 3.21927 13.7974
      vertex -14.4094 2.32655 13.7974
      vertex -14.4094 3.1926 13.7974
    endloop
  endfacet
  facet normal 0 0 1
    outer loop
      vertex -14.5636 3.21927 13.7974
      vertex -14.5636 2.29988 13.7974
      vertex -14.4094 2.32655 13.7974
    endloop
  endfacet
  facet normal 0 0 1
    outer loop
      vertex -14.7239 3.22828 13.7974
      vertex -14.5636 2.29988 13.7974
      vertex -14.5636 3.21927 13.7974
    endloop
  endfacet
  facet normal 0 0 1
    outer loop
      vertex -14.7239 3.22828 13.7974
      vertex -14.7239 2.29087 13.7974
      vertex -14.5636 2.29988 13.7974
    endloop
  endfacet
  facet normal -0 0 1
    outer loop
      vertex -14.8843 3.21927 13.7974
      vertex -14.7239 2.29087 13.7974
      vertex -14.7239 3.22828 13.7974
    endloop
  endfacet
  facet normal 0 0 1
    outer loop
      vertex -14.8843 3.21927 13.7974
      vertex -14.8843 2.29988 13.7974
      vertex -14.7239 2.29087 13.7974
    endloop
  endfacet
  facet normal -0 0 1
    outer loop
      vertex -15.0385 3.1926 13.7974
      vertex -14.8843 2.29988 13.7974
      vertex -14.8843 3.21927 13.7974
    endloop
  endfacet
  facet normal 0 0 1
    outer loop
      vertex -15.0385 3.1926 13.7974
      vertex -15.0385 2.32655 13.7974
      vertex -14.8843 2.29988 13.7974
    endloop
  endfacet
  facet normal -0 0 1
    outer loop
      vertex -15.1806 3.14928 13.7974
      vertex -15.0385 2.32655 13.7974
      vertex -15.0385 3.1926 13.7974
    endloop
  endfacet
  facet normal 0 0 1
    outer loop
      vertex -15.1806 3.14928 13.7974
      vertex -15.1806 2.36986 13.7974
      vertex -15.0385 2.32655 13.7974
    endloop
  endfacet
  facet normal -0 0 1
    outer loop
      vertex -15.3051 3.091 13.7974
      vertex -15.1806 2.36986 13.7974
      vertex -15.1806 3.14928 13.7974
    endloop
  endfacet
  facet normal 0 0 1
    outer loop
      vertex -15.3051 3.091 13.7974
      vertex -15.3051 2.42815 13.7974
      vertex -15.1806 2.36986 13.7974
    endloop
  endfacet
  facet normal -0 0 1
    outer loop
      vertex -15.4074 3.01997 13.7974
      vertex -15.3051 2.42815 13.7974
      vertex -15.3051 3.091 13.7974
    endloop
  endfacet
  facet normal 0 0 1
    outer loop
      vertex -15.4074 3.01997 13.7974
      vertex -15.4074 2.49918 13.7974
      vertex -15.3051 2.42815 13.7974
    endloop
  endfacet
  facet normal -0 0 1
    outer loop
      vertex -15.4833 2.93894 13.7974
      vertex -15.4074 2.49918 13.7974
      vertex -15.4074 3.01997 13.7974
    endloop
  endfacet
  facet normal 0 0 1
    outer loop
      vertex -15.4833 2.93894 13.7974
      vertex -15.4833 2.58021 13.7974
      vertex -15.4074 2.49918 13.7974
    endloop
  endfacet
  facet normal -0 0 1
    outer loop
      vertex -15.5301 2.85101 13.7974
      vertex -15.4833 2.58021 13.7974
      vertex -15.4833 2.93894 13.7974
    endloop
  endfacet
  facet normal 0 0 1
    outer loop
      vertex -15.5301 2.85101 13.7974
      vertex -15.5301 2.66813 13.7974
      vertex -15.4833 2.58021 13.7974
    endloop
  endfacet
  facet normal 0 -0 1
    outer loop
      vertex -15.5301 2.66813 13.7974
      vertex -15.5301 2.85101 13.7974
      vertex -15.5459 2.75957 13.7974
    endloop
  endfacet
  facet normal -0.410845 -0.136045 0.901498
    outer loop
      vertex -20.5498 -2.47668 11.8641
      vertex -21.1541 -3.66546 11.4093
      vertex -20.4188 -2.87229 11.8641
    endloop
  endfacet
  facet normal -0.364521 -0.185335 0.912565
    outer loop
      vertex -20.4188 -2.87229 11.8641
      vertex -21.1541 -3.66546 11.4093
      vertex -20.2425 -3.21904 11.8641
    endloop
  endfacet
  facet normal -0.457183 -0.0279378 0.888934
    outer loop
      vertex -20.6577 -1.601 11.8641
      vertex -21.542 -1.601 11.4093
      vertex -21.4977 -2.32594 11.4093
    endloop
  endfacet
  facet normal -0.45717 -0.0279574 0.88894
    outer loop
      vertex -20.6577 -1.601 11.8641
      vertex -21.4977 -2.32594 11.4093
      vertex -20.6304 -2.04742 11.8641
    endloop
  endfacet
  facet normal -0.161814 0.02796 0.986425
    outer loop
      vertex -15.5301 2.85101 13.7974
      vertex -17.1583 2.75957 13.5329
      vertex -15.5459 2.75957 13.7974
    endloop
  endfacet
  facet normal 0.390625 -0.186915 -0.901374
    outer loop
      vertex 22.1561 -13.1708 1.04705
      vertex 21.5765 -11.9594 0.544667
      vertex 22.5256 -12.3986 1.04705
    endloop
  endfacet
  facet normal 0.422729 -0.114776 -0.898959
    outer loop
      vertex 22.5256 -12.3986 1.04705
      vertex 21.5765 -11.9594 0.544667
      vertex 22.7531 -11.5607 1.04705
    endloop
  endfacet
  facet normal 0.12508 -0.288019 -0.949421
    outer loop
      vertex 16.3541 -18.1693 1.40743
      vertex 15.6888 -16.2322 0.732137
      vertex 19.9686 -13.7556 0.544667
    endloop
  endfacet
  facet normal 0.107591 -0.294121 -0.949693
    outer loop
      vertex 16.3541 -18.1693 1.40743
      vertex 14.7454 -16.5773 0.732137
      vertex 15.6888 -16.2322 0.732137
    endloop
  endfacet
  facet normal 0.589347 -0.261214 0.764485
    outer loop
      vertex 22.456 -14.9714 9.12327
      vertex 20.6207 -16.1544 10.1339
      vertex 21.5867 -16.9327 9.12327
    endloop
  endfacet
  facet normal 0.523172 -0.356065 0.774279
    outer loop
      vertex 20.6207 -16.1544 10.1339
      vertex 20.4167 -18.6518 9.12327
      vertex 21.5867 -16.9327 9.12327
    endloop
  endfacet
  facet normal -0.00214583 -0.0128138 -0.999916
    outer loop
      vertex -6.99962 -10.3492 0.0137062
      vertex -12.3016 -10.2774 0.0241642
      vertex -7.16921 -10.3208 0.0137062
    endloop
  endfacet
  facet normal -0.0020976 -0.00709596 -0.999973
    outer loop
      vertex -7.16921 -10.3208 0.0137062
      vertex -12.3016 -10.2774 0.0241642
      vertex -7.3255 -10.2746 0.0137062
    endloop
  endfacet
  facet normal -0.000207747 -0.00075844 -1
    outer loop
      vertex -10.6793 -6.8413 0.00872421
      vertex -22.3067 -2.07835 0.00752735
      vertex -22.2469 -2.09473 0.00752735
    endloop
  endfacet
  facet normal -0.000820931 -0.00225437 -0.999997
    outer loop
      vertex -7.3255 -10.2746 0.0137062
      vertex -22.3067 -2.07835 0.00752735
      vertex -10.7438 -6.8199 0.00872421
    endloop
  endfacet
  facet normal 7.38845e-05 -7.22529e-05 -1
    outer loop
      vertex -10.6149 -6.8199 0.00872421
      vertex -22.1297 -2.02985 0.00752735
      vertex -10.5529 -6.7565 0.00872421
    endloop
  endfacet
  facet normal 4.14607e-05 -0.000151111 -1
    outer loop
      vertex -10.6793 -6.8413 0.00872421
      vertex -22.2469 -2.09473 0.00752735
      vertex -22.1872 -2.07835 0.00752735
    endloop
  endfacet
  facet normal -0.000646583 0.000124165 -1
    outer loop
      vertex -22.5299 -0.916113 0.00752735
      vertex -24.4944 12.3182 0.0104408
      vertex -22.5016 -0.768742 0.00752735
    endloop
  endfacet
  facet normal -0.158775 -0.0468168 -0.986204
    outer loop
      vertex -22.8883 -3.0274 0.0673189
      vertex -23.2884 -4.14113 0.184604
      vertex -23.0011 -2.64485 0.0673189
    endloop
  endfacet
  facet normal 0.000355621 -0.00065032 -1
    outer loop
      vertex 19.0681 -11.3269 0.0222111
      vertex -10.6149 -6.8199 0.00872421
      vertex 11.7868 2.3287 0.0107412
    endloop
  endfacet
  facet normal 0.000313834 -0.00092553 -1
    outer loop
      vertex 18.9522 -11.3662 0.0222111
      vertex -10.6149 -6.8199 0.00872421
      vertex 19.0681 -11.3269 0.0222111
    endloop
  endfacet
  facet normal 0.000516386 -0.00056333 -1
    outer loop
      vertex 19.1749 -11.2631 0.0222111
      vertex 11.9047 2.43342 0.0107412
      vertex 19.2685 -11.1773 0.0222111
    endloop
  endfacet
  facet normal 0.0683644 -0.114441 -0.991075
    outer loop
      vertex 19.8481 -12.3887 0.198623
      vertex 19.0681 -11.3269 0.0222111
      vertex 19.1749 -11.2631 0.0222111
    endloop
  endfacet
  facet normal 0.0919326 -0.100287 -0.990702
    outer loop
      vertex 19.8481 -12.3887 0.198623
      vertex 19.2685 -11.1773 0.0222111
      vertex 20.1254 -12.1345 0.198623
    endloop
  endfacet
  facet normal 2.72893e-06 3.2256e-07 -1
    outer loop
      vertex -10.2166 12.0493 0.00756359
      vertex -21.964 -0.916113 0.00752735
      vertex -10.2342 12.1982 0.00756359
    endloop
  endfacet
  facet normal -0.00085537 9.30756e-05 -1
    outer loop
      vertex -22.5473 -1.07602 0.00752735
      vertex -24.5132 12.1592 0.0104408
      vertex -22.5299 -0.916113 0.00752735
    endloop
  endfacet
  facet normal -0.0602056 -0.0712862 -0.995637
    outer loop
      vertex -22.4239 -3.7183 0.0673189
      vertex -22.8106 -5.0298 0.184604
      vertex -22.594 -3.57464 0.0673189
    endloop
  endfacet
  facet normal -0.360226 -0.10621 -0.926799
    outer loop
      vertex -23.6485 -5.14347 0.354874
      vertex -24.2551 -4.97717 0.571588
      vertex -23.895 -4.30743 0.354874
    endloop
  endfacet
  facet normal -0.301276 -0.131864 -0.944375
    outer loop
      vertex -23.5888 -6.83192 0.571588
      vertex -23.6485 -5.14347 0.354874
      vertex -23.3482 -5.82958 0.354874
    endloop
  endfacet
  facet normal -0.380843 0.0451215 -0.923538
    outer loop
      vertex -25.7502 12.7892 0.256038
      vertex -26.2903 13.0642 0.492197
      vertex -25.6596 13.5539 0.256038
    endloop
  endfacet
  facet normal -0.394138 -0.0151649 -0.918926
    outer loop
      vertex -25.7502 11.1986 0.256038
      vertex -26.3314 11.9939 0.492197
      vertex -25.7808 11.9939 0.256038
    endloop
  endfacet
  facet normal -0.58943 -0.25799 -0.765515
    outer loop
      vertex -23.9081 -8.16191 1.10956
      vertex -24.3611 -7.12694 1.10956
      vertex -23.7778 -7.61945 0.826415
    endloop
  endfacet
  facet normal -0.207595 -0.0908614 -0.973986
    outer loop
      vertex -23.3482 -5.82958 0.354874
      vertex -23.6485 -5.14347 0.354874
      vertex -23.0652 -4.65096 0.184604
    endloop
  endfacet
  facet normal 2.97155e-06 1.05425e-07 -1
    outer loop
      vertex -21.9407 -1.24232 0.00752735
      vertex -21.9466 -1.07602 0.00752735
      vertex -10.2166 12.0493 0.00756359
    endloop
  endfacet
  facet normal 4.68089e-06 -1.38057e-06 -1
    outer loop
      vertex -10.2342 11.9005 0.00756359
      vertex -22.0304 -1.84507 0.00752735
      vertex -21.9923 -1.71589 0.00752735
    endloop
  endfacet
  facet normal -0.189306 -0.0267975 -0.981552
    outer loop
      vertex -23.6077 -2.81115 0.184604
      vertex -25.0944 11.0332 0.0933685
      vertex -23.0849 -2.2084 0.0673189
    endloop
  endfacet
  facet normal -0.244329 -0.0326245 -0.969143
    outer loop
      vertex -23.6077 -2.81115 0.184604
      vertex -25.6596 10.4338 0.256038
      vertex -25.0944 11.0332 0.0933685
    endloop
  endfacet
  facet normal -0.256985 0.00991837 -0.966364
    outer loop
      vertex -25.1691 11.9939 0.0933685
      vertex -25.7808 11.9939 0.256038
      vertex -25.1502 12.4836 0.0933685
    endloop
  endfacet
  facet normal -0.126638 0.00490311 -0.991937
    outer loop
      vertex -24.5196 11.9939 0.0104408
      vertex -25.1502 12.4836 0.0933685
      vertex -24.5132 12.1592 0.0104408
    endloop
  endfacet
  facet normal -0.121855 0.0144394 -0.992443
    outer loop
      vertex -24.4944 12.3182 0.0104408
      vertex -25.1502 12.4836 0.0933685
      vertex -25.0944 12.9545 0.0933685
    endloop
  endfacet
  facet normal -0.247603 0.0293401 -0.968417
    outer loop
      vertex -25.1502 12.4836 0.0933685
      vertex -25.6596 13.5539 0.256038
      vertex -25.0944 12.9545 0.0933685
    endloop
  endfacet
  facet normal -0.091812 -0.0134056 -0.995686
    outer loop
      vertex -23.0849 -2.2084 0.0673189
      vertex -24.4944 11.6695 0.0104408
      vertex -22.5299 -1.56852 0.00752735
    endloop
  endfacet
  facet normal -0.00194644 -6.9056e-05 -0.999998
    outer loop
      vertex -22.5473 -1.40862 0.00752735
      vertex -24.5196 11.9939 0.0104408
      vertex -22.5532 -1.24232 0.00752735
    endloop
  endfacet
  facet normal 0.0931448 0.110163 0.989539
    outer loop
      vertex 6.67718 7.89309 13.1552
      vertex 6.29611 5.90589 13.4123
      vertex 7.01489 7.60755 13.1552
    endloop
  endfacet
  facet normal 0.464888 0.379321 0.799997
    outer loop
      vertex 23.6489 17.6368 8.53702
      vertex 22.7551 16.7377 9.48273
      vertex 23.8709 15.3702 9.48273
    endloop
  endfacet
  facet normal 0.395987 0.210426 0.89382
    outer loop
      vertex 24.6999 13.81 9.48273
      vertex 22.5332 14.4711 10.287
      vertex 23.2136 13.1907 10.287
    endloop
  endfacet
  facet normal 0.246033 0.200745 0.948245
    outer loop
      vertex 21.6175 15.5934 10.287
      vertex 20.2799 14.2479 10.9189
      vertex 20.9603 13.414 10.9189
    endloop
  endfacet
  facet normal 0.925318 0.0906001 0.368209
    outer loop
      vertex 27.9614 10.3565 6.37068
      vertex 27.3041 12.536 7.48621
      vertex 27.5175 10.3565 7.48621
    endloop
  endfacet
  facet normal 0.767868 0.0751837 0.636181
    outer loop
      vertex 27.3041 12.536 7.48621
      vertex 26.6469 10.3565 8.53702
      vertex 27.5175 10.3565 7.48621
    endloop
  endfacet
  facet normal 0.464898 0.37932 0.799991
    outer loop
      vertex 24.9219 16.0766 8.53702
      vertex 23.6489 17.6368 8.53702
      vertex 23.8709 15.3702 9.48273
    endloop
  endfacet
  facet normal 0.429592 0.12957 0.893679
    outer loop
      vertex 24.6999 13.81 9.48273
      vertex 23.6326 11.8014 10.287
      vertex 25.2105 12.1171 9.48273
    endloop
  endfacet
  facet normal 0.763045 -0.106908 0.637442
    outer loop
      vertex 26.4502 8.34794 8.53702
      vertex 22.9914 -12.8434 9.12327
      vertex 27.3041 8.17708 7.48621
    endloop
  endfacet
  facet normal 0.767855 -0.0751967 0.636195
    outer loop
      vertex 26.6469 10.3565 8.53702
      vertex 26.4502 8.34794 8.53702
      vertex 27.3041 8.17708 7.48621
    endloop
  endfacet
  facet normal 0.246036 0.200744 0.948245
    outer loop
      vertex 21.6175 15.5934 10.287
      vertex 20.9603 13.414 10.9189
      vertex 22.5332 14.4711 10.287
    endloop
  endfacet
  facet normal 0.347147 0.283242 0.894015
    outer loop
      vertex 22.7551 16.7377 9.48273
      vertex 21.6175 15.5934 10.287
      vertex 22.5332 14.4711 10.287
    endloop
  endfacet
  facet normal 0.820888 0.4362 0.368608
    outer loop
      vertex 27.0822 14.8026 6.37068
      vertex 25.6458 16.5631 7.48621
      vertex 26.6721 14.6317 7.48621
    endloop
  endfacet
  facet normal 0.680978 0.361856 0.636655
    outer loop
      vertex 25.6458 16.5631 7.48621
      vertex 24.9219 16.0766 8.53702
      vertex 26.6721 14.6317 7.48621
    endloop
  endfacet
  facet normal 0.0162311 0.0189582 0.999689
    outer loop
      vertex 1.11191 5.17021 13.5104
      vertex 6.18208 6.00231 13.4123
      vertex 1.11191 5.25458 13.5088
    endloop
  endfacet
  facet normal 0.0161984 0.0191569 0.999685
    outer loop
      vertex 6.18208 6.00231 13.4123
      vertex 1.11191 5.17021 13.5104
      vertex 6.29611 5.90589 13.4123
    endloop
  endfacet
  facet normal 0.0161967 0.0192538 0.999683
    outer loop
      vertex -0.985275 4.94529 13.5488
      vertex -14.0405 3.01997 13.7974
      vertex -0.985275 4.8726 13.5502
    endloop
  endfacet
  facet normal 0.0931494 0.110162 0.989539
    outer loop
      vertex 6.67718 7.89309 13.1552
      vertex 6.18208 6.00231 13.4123
      vertex 6.29611 5.90589 13.4123
    endloop
  endfacet
  facet normal 0.00846839 -0.0254404 0.99964
    outer loop
      vertex -1.99155 -8.31432 13.4215
      vertex -14.2672 2.36986 13.7974
      vertex -2.07816 -8.34315 13.4215
    endloop
  endfacet
  facet normal 0.0176201 0.00927976 0.999802
    outer loop
      vertex -0.985275 4.71325 13.5522
      vertex -13.9177 2.85101 13.7974
      vertex -0.985275 4.60551 13.5532
    endloop
  endfacet
  facet normal 0.0175599 0.00958198 0.9998
    outer loop
      vertex 1.11191 4.89003 13.5136
      vertex 6.39606 5.77614 13.4123
      vertex 1.11191 5.01524 13.5124
    endloop
  endfacet
  facet normal 0.0176328 0.00914763 0.999803
    outer loop
      vertex 6.39606 5.77614 13.4123
      vertex 1.11191 4.89003 13.5136
      vertex 6.47808 5.61804 13.4123
    endloop
  endfacet
  facet normal 0.0146298 0.0301149 0.999439
    outer loop
      vertex -0.985275 5.05242 13.5457
      vertex -14.1427 3.091 13.7974
      vertex -0.985275 5.02587 13.5465
    endloop
  endfacet
  facet normal 0.0145008 0.0309772 0.999415
    outer loop
      vertex -14.1427 3.091 13.7974
      vertex -0.985275 5.05242 13.5457
      vertex -14.2672 3.14928 13.7974
    endloop
  endfacet
  facet normal 0.0143243 0.0321516 0.99938
    outer loop
      vertex 1.11191 5.35292 13.506
      vertex 1.11191 5.33427 13.5066
      vertex 6.05835 6.06168 13.4123
    endloop
  endfacet
  facet normal 0.327978 -0.508832 0.79594
    outer loop
      vertex 18.3456 -18.8977 10.1339
      vertex 16.92 -19.8166 10.1339
      vertex 17.3646 -21.1109 9.12327
    endloop
  endfacet
  facet normal 0.15203 -0.415652 0.896728
    outer loop
      vertex 16.3541 -18.1693 10.9934
      vertex 15.3731 -20.3824 10.1339
      vertex 16.92 -19.8166 10.1339
    endloop
  endfacet
  facet normal -0.000214447 0.00261596 -0.999997
    outer loop
      vertex -11.3072 12.7976 0.00756359
      vertex -24.1885 12.8415 0.0104408
      vertex -11.1291 12.8122 0.00756359
    endloop
  endfacet
  facet normal -0.000226959 0.000186719 -1
    outer loop
      vertex -22.3641 -0.454789 0.00752735
      vertex -24.3152 12.777 0.0104408
      vertex -11.8879 12.4732 0.00756359
    endloop
  endfacet
  facet normal -1.63469e-05 1.60499e-05 -1
    outer loop
      vertex -11.7744 12.5888 0.00756359
      vertex -22.3641 -0.454789 0.00752735
      vertex -11.8879 12.4732 0.00756359
    endloop
  endfacet
  facet normal -0.000226097 0.000221989 -1
    outer loop
      vertex -11.8879 12.4732 0.00756359
      vertex -24.3152 12.777 0.0104408
      vertex -11.7744 12.5888 0.00756359
    endloop
  endfacet
  facet normal -0.0371557 0.0478708 -0.998162
    outer loop
      vertex -24.3152 12.777 0.0104408
      vertex -24.3798 14.456 0.0933685
      vertex -24.2531 12.8252 0.0104408
    endloop
  endfacet
  facet normal 0.0468508 0.087186 -0.99509
    outer loop
      vertex 17.0433 11.308 0.0279379
      vertex 16.8466 11.4137 0.0279379
      vertex 17.7005 13.4874 0.249831
    endloop
  endfacet
  facet normal 0.0288576 0.094596 -0.995097
    outer loop
      vertex 16.8466 11.4137 0.0279379
      vertex 16.6332 11.4788 0.0279379
      vertex 17.7005 13.4874 0.249831
    endloop
  endfacet
  facet normal 0.00117474 0.00420183 -0.99999
    outer loop
      vertex 16.6332 11.4788 0.0279379
      vertex 6.64015 11.4299 0.0159931
      vertex 11.8082 12.1984 0.0252934
    endloop
  endfacet
  facet normal 0.00112455 0.0045393 -0.999989
    outer loop
      vertex 11.8082 12.1984 0.0252934
      vertex 6.64015 11.4299 0.0159931
      vertex 11.5983 12.2504 0.0252934
    endloop
  endfacet
  facet normal 0.0468616 0.0871827 -0.99509
    outer loop
      vertex 18.283 13.1743 0.249831
      vertex 17.0433 11.308 0.0279379
      vertex 17.7005 13.4874 0.249831
    endloop
  endfacet
  facet normal 0.0768577 0.0627135 -0.995068
    outer loop
      vertex 19.2125 12.2393 0.249831
      vertex 17.2157 11.1657 0.0279379
      vertex 18.7935 12.7528 0.249831
    endloop
  endfacet
  facet normal 0.00301795 0.00100402 -0.999995
    outer loop
      vertex 17.2973 6.14977 0.0227766
      vertex 13.264 8.17069 0.0126333
      vertex 17.4623 10.7944 0.0279379
    endloop
  endfacet
  facet normal 0.00277045 0.00140006 -0.999995
    outer loop
      vertex 13.264 8.17069 0.0126333
      vertex 13.2154 8.26686 0.0126333
      vertex 17.4623 10.7944 0.0279379
    endloop
  endfacet
  facet normal 0.157474 0.128494 -0.979128
    outer loop
      vertex 19.2125 12.2393 0.249831
      vertex 18.7935 12.7528 0.249831
      vertex 20.9603 13.414 0.685091
    endloop
  endfacet
  facet normal 0.179666 0.0954908 -0.979082
    outer loop
      vertex 19.5239 11.6534 0.249831
      vertex 19.2125 12.2393 0.249831
      vertex 21.4658 12.4625 0.685091
    endloop
  endfacet
  facet normal -0.179084 0.230595 -0.956428
    outer loop
      vertex -25.0086 17.0624 0.492197
      vertex -25.1878 18.1699 0.792769
      vertex -24.6066 17.3746 0.492197
    endloop
  endfacet
  facet normal -0.179094 0.230587 -0.956428
    outer loop
      vertex -24.6066 17.3746 0.492197
      vertex -25.1878 18.1699 0.792769
      vertex -24.6979 18.5504 0.792769
    endloop
  endfacet
  facet normal -0.0769215 0.0990791 -0.992102
    outer loop
      vertex -24.5638 14.3131 0.0933685
      vertex -24.7979 15.7602 0.256038
      vertex -24.4992 15.9921 0.256038
    endloop
  endfacet
  facet normal -0.124459 0.0909333 -0.988049
    outer loop
      vertex -24.5638 14.3131 0.0933685
      vertex -25.0732 15.3834 0.256038
      vertex -24.7979 15.7602 0.256038
    endloop
  endfacet
  facet normal -0.0603051 0.0440781 -0.997206
    outer loop
      vertex -24.3725 12.6987 0.0104408
      vertex -24.7333 14.0812 0.0933685
      vertex -24.5638 14.3131 0.0933685
    endloop
  endfacet
  facet normal -0.0810657 0.0385854 -0.995962
    outer loop
      vertex -24.3725 12.6987 0.0104408
      vertex -24.8819 13.769 0.0933685
      vertex -24.7333 14.0812 0.0933685
    endloop
  endfacet
  facet normal -0.61336 0.789804 0
    outer loop
      vertex -24.8443 20.4348 1.95583
      vertex -25.475 19.945 2.38091
      vertex -24.8443 20.4348 2.38091
    endloop
  endfacet
  facet normal -0.61336 0.789804 0
    outer loop
      vertex -25.475 19.945 2.38091
      vertex -24.8443 20.4348 1.95583
      vertex -25.475 19.945 1.95583
    endloop
  endfacet
  facet normal -0.80743 0.589963 0
    outer loop
      vertex -26.0561 19.1497 1.95583
      vertex -25.475 19.945 2.38091
      vertex -25.475 19.945 1.95583
    endloop
  endfacet
  facet normal -0.80743 0.589963 0
    outer loop
      vertex -25.475 19.945 2.38091
      vertex -26.0561 19.1497 1.95583
      vertex -26.0561 19.1497 2.38091
    endloop
  endfacet
  facet normal 0.0189142 -0.0011783 0.99982
    outer loop
      vertex 1.11191 4.42926 13.5152
      vertex 6.57656 4.83485 13.4123
      vertex 6.58924 5.03839 13.4123
    endloop
  endfacet
  facet normal 0.0189269 -0.00134938 0.99982
    outer loop
      vertex 6.57656 4.83485 13.4123
      vertex 1.11191 4.42926 13.5152
      vertex 1.11191 4.28107 13.515
    endloop
  endfacet
  facet normal 0.0188813 -0.000784235 0.999821
    outer loop
      vertex -0.985275 4.19603 13.5546
      vertex -13.9019 2.75957 13.7974
      vertex -0.985275 4.06854 13.5545
    endloop
  endfacet
  facet normal -0.0168834 -0.0553945 0.998322
    outer loop
      vertex -15.0385 2.32655 13.7974
      vertex -15.1806 2.36986 13.7974
      vertex -2.2583 -8.34315 13.4215
    endloop
  endfacet
  facet normal 0.0191073 -0.00301603 0.999813
    outer loop
      vertex -13.9019 2.75957 13.7974
      vertex -0.985275 4.03539 13.5544
      vertex -0.985275 4.06854 13.5545
    endloop
  endfacet
  facet normal 0.019136 -0.00330653 0.999811
    outer loop
      vertex -0.985275 4.03539 13.5544
      vertex -13.9019 2.75957 13.7974
      vertex -13.9177 2.66813 13.7974
    endloop
  endfacet
  facet normal 0.0187902 0 0.999823
    outer loop
      vertex 1.11191 4.28107 13.515
      vertex 1.11191 4.25711 13.515
      vertex 6.57656 4.83485 13.4123
    endloop
  endfacet
  facet normal 0.279057 -0.075769 -0.957281
    outer loop
      vertex 21.5765 -11.9594 0.544667
      vertex 20.5219 -11.4715 0.198623
      vertex 20.626 -11.0881 0.198623
    endloop
  endfacet
  facet normal 0.279041 -0.0757882 -0.957284
    outer loop
      vertex 21.5765 -11.9594 0.544667
      vertex 20.626 -11.0881 0.198623
      vertex 21.7456 -11.3368 0.544667
    endloop
  endfacet
  facet normal -0.00208033 -0.00455606 -0.999987
    outer loop
      vertex -12.4387 -10.2357 0.0241642
      vertex -22.3067 -2.07835 0.00752735
      vertex -7.46249 -10.2125 0.0137062
    endloop
  endfacet
  facet normal -0.00199355 -0.00439769 -0.999988
    outer loop
      vertex -7.46249 -10.2125 0.0137062
      vertex -22.3067 -2.07835 0.00752735
      vertex -7.3255 -10.2746 0.0137062
    endloop
  endfacet
  facet normal -0.0628743 -0.11743 -0.991089
    outer loop
      vertex -12.9871 -11.5619 0.216088
      vertex -13.3612 -11.3616 0.216088
      vertex -12.565 -10.1681 0.0241642
    endloop
  endfacet
  facet normal -0.0514305 -0.07195 -0.996081
    outer loop
      vertex -12.565 -10.1681 0.0241642
      vertex -22.5343 -5.26309 0.184604
      vertex -22.4239 -3.7183 0.0673189
    endloop
  endfacet
  facet normal -0.000438696 -0.00132224 -0.999999
    outer loop
      vertex -10.7438 -6.8199 0.00872421
      vertex -22.3067 -2.07835 0.00752735
      vertex -10.6793 -6.8413 0.00872421
    endloop
  endfacet
  facet normal -0.000712298 -0.00214688 -0.999997
    outer loop
      vertex -7.3255 -10.2746 0.0137062
      vertex -10.7438 -6.8199 0.00872421
      vertex -10.6793 -6.8413 0.00872421
    endloop
  endfacet
  facet normal 0.000814821 -0.000402381 -1
    outer loop
      vertex 19.3453 -11.0727 0.0222111
      vertex 12.008 2.57435 0.0107412
      vertex 12.0928 2.74607 0.0107412
    endloop
  endfacet
  facet normal 1.1963e-05 -7.64581e-06 -1
    outer loop
      vertex -10.3704 11.6255 0.00756359
      vertex -22.0768 -1.95107 0.00752735
      vertex -10.2861 11.7574 0.00756359
    endloop
  endfacet
  facet normal 0.00135457 -0.000118663 -0.999999
    outer loop
      vertex 19.4376 -10.824 0.0222111
      vertex 12.1946 3.15456 0.0107412
      vertex 19.4494 -10.6893 0.0222111
    endloop
  endfacet
  facet normal 0.00104021 -0.000282964 -0.999999
    outer loop
      vertex 19.4024 -10.9534 0.0222111
      vertex 12.1558 2.94198 0.0107412
      vertex 19.4376 -10.824 0.0222111
    endloop
  endfacet
  facet normal 0.000743271 0.000245249 -1
    outer loop
      vertex 13.3067 8.04128 0.0126333
      vertex 12.0928 4.00521 0.0107412
      vertex 13.264 8.17069 0.0126333
    endloop
  endfacet
  facet normal 0.00107103 0.000154781 -0.999999
    outer loop
      vertex 13.3677 7.70367 0.0126333
      vertex 12.1946 3.59672 0.0107412
      vertex 13.3417 7.88358 0.0126333
    endloop
  endfacet
  facet normal 0.000361156 0.000807863 -1
    outer loop
      vertex -10.6222 12.6836 0.00756359
      vertex -10.7799 12.7541 0.00756359
      vertex 13.1625 8.32607 0.0126333
    endloop
  endfacet
  facet normal -0.000616674 0.000128719 -1
    outer loop
      vertex -22.5016 -0.768742 0.00752735
      vertex -24.4944 12.3182 0.0104408
      vertex -24.4638 12.4648 0.0104408
    endloop
  endfacet
  facet normal -0.130772 -0.057251 -0.989758
    outer loop
      vertex -23.0652 -4.65096 0.184604
      vertex -23.2884 -4.14113 0.184604
      vertex -22.8883 -3.0274 0.0673189
    endloop
  endfacet
  facet normal -0.207582 -0.0908779 -0.973987
    outer loop
      vertex -23.0652 -4.65096 0.184604
      vertex -23.6485 -5.14347 0.354874
      vertex -23.2884 -4.14113 0.184604
    endloop
  endfacet
  facet normal -0.206893 -0.245048 -0.947178
    outer loop
      vertex -22.7181 -7.8357 0.571588
      vertex -23.3014 -8.3282 0.826415
      vertex -23.1712 -7.45315 0.571588
    endloop
  endfacet
  facet normal -0.670755 -0.197807 -0.714815
    outer loop
      vertex -24.3611 -7.12694 1.10956
      vertex -24.733 -5.86584 1.10956
      vertex -24.1954 -6.66562 0.826415
    endloop
  endfacet
  facet normal -0.256964 -0.00988697 -0.96637
    outer loop
      vertex -25.7502 11.1986 0.256038
      vertex -25.7808 11.9939 0.256038
      vertex -25.1502 11.5041 0.0933685
    endloop
  endfacet
  facet normal -0.247617 -0.0293333 -0.968414
    outer loop
      vertex -25.6596 10.4338 0.256038
      vertex -25.7502 11.1986 0.256038
      vertex -25.1502 11.5041 0.0933685
    endloop
  endfacet
  facet normal -0.247611 0.0293364 -0.968415
    outer loop
      vertex -25.1502 12.4836 0.0933685
      vertex -25.7502 12.7892 0.256038
      vertex -25.6596 13.5539 0.256038
    endloop
  endfacet
  facet normal -0.256963 0.00988691 -0.966371
    outer loop
      vertex -25.1502 12.4836 0.0933685
      vertex -25.7808 11.9939 0.256038
      vertex -25.7502 12.7892 0.256038
    endloop
  endfacet
  facet normal -0.723675 -0.138951 -0.676008
    outer loop
      vertex -24.733 -5.86584 1.10956
      vertex -24.7927 -4.17739 0.826415
      vertex -24.5381 -5.50338 0.826415
    endloop
  endfacet
  facet normal -0.360221 -0.106188 -0.926803
    outer loop
      vertex -23.9548 -5.99588 0.571588
      vertex -24.2551 -4.97717 0.571588
      vertex -23.6485 -5.14347 0.354874
    endloop
  endfacet
  facet normal -0.0975042 -0.0655279 -0.993076
    outer loop
      vertex -22.8106 -5.0298 0.184604
      vertex -23.0652 -4.65096 0.184604
      vertex -22.594 -3.57464 0.0673189
    endloop
  endfacet
  facet normal -0.00117557 4.5515e-05 -0.999999
    outer loop
      vertex -22.5473 -1.07602 0.00752735
      vertex -24.5196 11.9939 0.0104408
      vertex -24.5132 12.1592 0.0104408
    endloop
  endfacet
  facet normal -0.158763 -0.0468191 -0.986206
    outer loop
      vertex -23.2884 -4.14113 0.184604
      vertex -23.4716 -3.5199 0.184604
      vertex -23.0011 -2.64485 0.0673189
    endloop
  endfacet
  facet normal -0.12664 -0.0049002 -0.991937
    outer loop
      vertex -24.5132 11.8285 0.0104408
      vertex -25.1502 11.5041 0.0933685
      vertex -24.5196 11.9939 0.0104408
    endloop
  endfacet
  facet normal -0.000496711 0.000146507 -1
    outer loop
      vertex -22.5016 -0.768742 0.00752735
      vertex -24.4638 12.4648 0.0104408
      vertex -22.4635 -0.639569 0.00752735
    endloop
  endfacet
  facet normal -0.121863 0.014409 -0.992442
    outer loop
      vertex -24.5132 12.1592 0.0104408
      vertex -25.1502 12.4836 0.0933685
      vertex -24.4944 12.3182 0.0104408
    endloop
  endfacet
  facet normal -0.0878528 -0.0168681 -0.995991
    outer loop
      vertex -23.0011 -2.64485 0.0673189
      vertex -23.0849 -2.2084 0.0673189
      vertex -22.5299 -1.56852 0.00752735
    endloop
  endfacet
  facet normal -0.12665 -0.00488705 -0.991935
    outer loop
      vertex -25.1502 11.5041 0.0933685
      vertex -25.1691 11.9939 0.0933685
      vertex -24.5196 11.9939 0.0104408
    endloop
  endfacet
  facet normal -0.256985 -0.00991634 -0.966364
    outer loop
      vertex -25.1502 11.5041 0.0933685
      vertex -25.7808 11.9939 0.256038
      vertex -25.1691 11.9939 0.0933685
    endloop
  endfacet
  facet normal -0.112413 0.0234668 -0.993384
    outer loop
      vertex -24.4638 12.4648 0.0104408
      vertex -25.0944 12.9545 0.0933685
      vertex -25.0038 13.3885 0.0933685
    endloop
  endfacet
  facet normal -0.112414 0.0234644 -0.993384
    outer loop
      vertex -24.4944 12.3182 0.0104408
      vertex -25.0944 12.9545 0.0933685
      vertex -24.4638 12.4648 0.0104408
    endloop
  endfacet
  facet normal 0.000135429 -1.60185e-05 -1
    outer loop
      vertex 12.1946 3.15456 0.0107412
      vertex -10.2342 11.9005 0.00756359
      vertex -10.2166 12.0493 0.00756359
    endloop
  endfacet
  facet normal 1.3993e-05 -9.39616e-06 -1
    outer loop
      vertex -10.3704 11.6255 0.00756359
      vertex -22.1297 -2.02985 0.00752735
      vertex -22.0768 -1.95107 0.00752735
    endloop
  endfacet
  facet normal -0.098594 0.0316361 -0.994625
    outer loop
      vertex -24.4638 12.4648 0.0104408
      vertex -24.8819 13.769 0.0933685
      vertex -24.4226 12.5932 0.0104408
    endloop
  endfacet
  facet normal 0.30451 0.0918574 0.94807
    outer loop
      vertex 23.6326 11.8014 10.287
      vertex 21.4658 12.4625 10.9189
      vertex 21.7772 11.4302 10.9189
    endloop
  endfacet
  facet normal 0.304504 0.0918357 0.948073
    outer loop
      vertex 23.2136 13.1907 10.287
      vertex 21.4658 12.4625 10.9189
      vertex 23.6326 11.8014 10.287
    endloop
  endfacet
  facet normal 0.280689 0.149121 0.948144
    outer loop
      vertex 22.5332 14.4711 10.287
      vertex 20.9603 13.414 10.9189
      vertex 21.4658 12.4625 10.9189
    endloop
  endfacet
  facet normal 0.280657 0.14914 0.94815
    outer loop
      vertex 22.5332 14.4711 10.287
      vertex 21.4658 12.4625 10.9189
      vertex 23.2136 13.1907 10.287
    endloop
  endfacet
  facet normal 0.767868 -0.0751865 0.636181
    outer loop
      vertex 27.5175 10.3565 7.48621
      vertex 26.6469 10.3565 8.53702
      vertex 27.3041 8.17708 7.48621
    endloop
  endfacet
  facet normal 0.925318 -0.0906034 0.368209
    outer loop
      vertex 27.5175 10.3565 7.48621
      vertex 27.3041 8.17708 7.48621
      vertex 27.9614 10.3565 6.37068
    endloop
  endfacet
  facet normal 0.446728 0.0437188 0.893601
    outer loop
      vertex 25.2105 12.1171 9.48273
      vertex 23.774 10.3565 10.287
      vertex 25.3828 10.3565 9.48273
    endloop
  endfacet
  facet normal 0.598014 0.0585243 0.799346
    outer loop
      vertex 26.6469 10.3565 8.53702
      vertex 25.2105 12.1171 9.48273
      vertex 25.3828 10.3565 9.48273
    endloop
  endfacet
  facet normal 0.738524 0.222735 0.636373
    outer loop
      vertex 26.6721 14.6317 7.48621
      vertex 25.8677 14.2966 8.53702
      vertex 26.4502 12.3652 8.53702
    endloop
  endfacet
  facet normal 0.680972 0.361833 0.636674
    outer loop
      vertex 26.6721 14.6317 7.48621
      vertex 24.9219 16.0766 8.53702
      vertex 25.8677 14.2966 8.53702
    endloop
  endfacet
  facet normal 0.395983 0.210402 0.893828
    outer loop
      vertex 23.8709 15.3702 9.48273
      vertex 22.5332 14.4711 10.287
      vertex 24.6999 13.81 9.48273
    endloop
  endfacet
  facet normal 0.530218 0.281727 0.799686
    outer loop
      vertex 24.9219 16.0766 8.53702
      vertex 23.8709 15.3702 9.48273
      vertex 24.6999 13.81 9.48273
    endloop
  endfacet
  facet normal 0.0155939 0.0232683 0.999608
    outer loop
      vertex 1.11191 5.27606 13.5083
      vertex 1.11191 5.25458 13.5088
      vertex 6.18208 6.00231 13.4123
    endloop
  endfacet
  facet normal 0.015637 0.0230401 0.999612
    outer loop
      vertex -0.985275 4.97566 13.5481
      vertex -14.0405 3.01997 13.7974
      vertex -0.985275 4.94529 13.5488
    endloop
  endfacet
  facet normal 0.0157038 0.0225951 0.999621
    outer loop
      vertex -14.0405 3.01997 13.7974
      vertex -0.985275 4.97566 13.5481
      vertex -14.1427 3.091 13.7974
    endloop
  endfacet
  facet normal 0.0147616 0.029189 0.999465
    outer loop
      vertex 1.11191 5.27606 13.5083
      vertex 6.05835 6.06168 13.4123
      vertex 1.11191 5.33427 13.5066
    endloop
  endfacet
  facet normal 0.0145732 0.0303712 0.999432
    outer loop
      vertex 6.05835 6.06168 13.4123
      vertex 1.11191 5.27606 13.5083
      vertex 6.18208 6.00231 13.4123
    endloop
  endfacet
  facet normal 0.0143742 0.0318467 0.999389
    outer loop
      vertex -0.985275 5.02587 13.5465
      vertex -14.1427 3.091 13.7974
      vertex -0.985275 4.97566 13.5481
    endloop
  endfacet
  facet normal 0.0187902 0 0.999823
    outer loop
      vertex 1.11191 4.60441 13.515
      vertex 1.11191 4.57952 13.515
      vertex 6.57656 5.24194 13.4123
    endloop
  endfacet
  facet normal 0.018448 0.00290309 0.999826
    outer loop
      vertex -13.9177 2.85101 13.7974
      vertex -0.985275 4.32531 13.5545
      vertex -0.985275 4.35975 13.5544
    endloop
  endfacet
  facet normal 0.0184162 0.00318215 0.999825
    outer loop
      vertex -0.985275 4.32531 13.5545
      vertex -13.9177 2.85101 13.7974
      vertex -13.9019 2.75957 13.7974
    endloop
  endfacet
  facet normal 0.137086 0.0413392 0.989696
    outer loop
      vertex 19.5239 11.6534 11.3541
      vertex 6.53903 5.43766 13.4123
      vertex 19.7156 11.0177 11.3541
    endloop
  endfacet
  facet normal 0.135045 0.0456316 0.989788
    outer loop
      vertex 19.5239 11.6534 11.3541
      vertex 6.47808 5.61804 13.4123
      vertex 6.53903 5.43766 13.4123
    endloop
  endfacet
  facet normal 0.0170786 0.0130909 0.999768
    outer loop
      vertex 1.11191 5.0398 13.5122
      vertex 6.29611 5.90589 13.4123
      vertex 1.11191 5.14672 13.5108
    endloop
  endfacet
  facet normal 0.017069 0.0131487 0.999768
    outer loop
      vertex 6.29611 5.90589 13.4123
      vertex 1.11191 5.0398 13.5122
      vertex 6.39606 5.77614 13.4123
    endloop
  endfacet
  facet normal 0.0170941 0.0130348 0.999769
    outer loop
      vertex -0.985275 4.83961 13.5507
      vertex -13.9645 2.93894 13.7974
      vertex -0.985275 4.74757 13.5519
    endloop
  endfacet
  facet normal 0.0167836 0.0151522 0.999744
    outer loop
      vertex -0.985275 4.8726 13.5502
      vertex -13.9645 2.93894 13.7974
      vertex -0.985275 4.83961 13.5507
    endloop
  endfacet
  facet normal 0.0167064 0.0156693 0.999738
    outer loop
      vertex -13.9645 2.93894 13.7974
      vertex -0.985275 4.8726 13.5502
      vertex -14.0405 3.01997 13.7974
    endloop
  endfacet
  facet normal 0.0165018 0.0170237 0.999719
    outer loop
      vertex 1.11191 5.17021 13.5104
      vertex 1.11191 5.14672 13.5108
      vertex 6.29611 5.90589 13.4123
    endloop
  endfacet
  facet normal 0.107592 -0.294123 0.949692
    outer loop
      vertex 15.6888 -16.2322 11.6687
      vertex 14.7454 -16.5773 11.6687
      vertex 16.3541 -18.1693 10.9934
    endloop
  endfacet
  facet normal 0.107576 -0.294138 0.94969
    outer loop
      vertex 16.3541 -18.1693 10.9934
      vertex 14.7454 -16.5773 11.6687
      vertex 15.0846 -18.6336 10.9934
    endloop
  endfacet
  facet normal 0.00110514 0.0134736 -0.999909
    outer loop
      vertex -10.9511 12.7976 0.00756359
      vertex -11.1291 12.8122 0.00756359
      vertex 11.3705 12.2825 0.0252934
    endloop
  endfacet
  facet normal 0.000949815 0.00674043 -0.999977
    outer loop
      vertex 11.5983 12.2504 0.0252934
      vertex -10.9511 12.7976 0.00756359
      vertex 11.3705 12.2825 0.0252934
    endloop
  endfacet
  facet normal -0.000225076 0.000289984 -1
    outer loop
      vertex -11.7744 12.5888 0.00756359
      vertex -24.3152 12.777 0.0104408
      vertex -24.2531 12.8252 0.0104408
    endloop
  endfacet
  facet normal -0.000224369 0.000327323 -1
    outer loop
      vertex -11.7744 12.5888 0.00756359
      vertex -24.2531 12.8252 0.0104408
      vertex -11.6361 12.6836 0.00756359
    endloop
  endfacet
  facet normal 2.54348e-06 4.88431e-07 -1
    outer loop
      vertex -21.964 -0.916113 0.00752735
      vertex -21.9923 -0.768742 0.00752735
      vertex -10.2342 12.1982 0.00756359
    endloop
  endfacet
  facet normal 0.00162297 0.00302022 -0.999994
    outer loop
      vertex 17.0433 11.308 0.0279379
      vertex 13.1625 8.32607 0.0126333
      vertex 16.8466 11.4137 0.0279379
    endloop
  endfacet
  facet normal 0.00125863 0.00345494 -0.999993
    outer loop
      vertex 13.1625 8.32607 0.0126333
      vertex 13.1076 8.34607 0.0126333
      vertex 16.8466 11.4137 0.0279379
    endloop
  endfacet
  facet normal 0.0876814 0.0466018 -0.995058
    outer loop
      vertex 19.5239 11.6534 0.249831
      vertex 17.3571 10.9923 0.0279379
      vertex 19.2125 12.2393 0.249831
    endloop
  endfacet
  facet normal 0.0768725 0.0626861 -0.995068
    outer loop
      vertex 17.3571 10.9923 0.0279379
      vertex 17.2157 11.1657 0.0279379
      vertex 19.2125 12.2393 0.249831
    endloop
  endfacet
  facet normal -0.0710507 -0.111988 -0.991166
    outer loop
      vertex -13.3612 -11.3616 0.216088
      vertex -22.5343 -5.26309 0.184604
      vertex -12.565 -10.1681 0.0241642
    endloop
  endfacet
  facet normal -0.028312 -0.0343998 -0.999007
    outer loop
      vertex -16.7986 -7.09574 0.0241957
      vertex -22.4239 -3.7183 0.0673189
      vertex -22.3067 -2.07835 0.00752735
    endloop
  endfacet
  facet normal -0.0878486 -0.0168699 -0.995991
    outer loop
      vertex -22.5016 -1.71589 0.00752735
      vertex -23.0011 -2.64485 0.0673189
      vertex -22.5299 -1.56852 0.00752735
    endloop
  endfacet
  facet normal 0.00022271 0.000218664 -1
    outer loop
      vertex -10.3704 12.4732 0.00756359
      vertex -10.4839 12.5888 0.00756359
      vertex 11.9047 4.31786 0.0107412
    endloop
  endfacet
  facet normal 1.18195e-06 1.72429e-06 -1
    outer loop
      vertex -10.4839 12.5888 0.00756359
      vertex -22.1872 -0.406281 0.00752735
      vertex -10.6222 12.6836 0.00756359
    endloop
  endfacet
  facet normal 3.57513e-06 -4.22865e-07 -1
    outer loop
      vertex -10.2342 11.9005 0.00756359
      vertex -21.964 -1.56852 0.00752735
      vertex -10.2166 12.0493 0.00756359
    endloop
  endfacet
  facet normal -0.000375875 0.000164521 -1
    outer loop
      vertex -22.4635 -0.639569 0.00752735
      vertex -24.4226 12.5932 0.0104408
      vertex -22.4171 -0.533561 0.00752735
    endloop
  endfacet
  facet normal 0.000660817 -0.000485189 -1
    outer loop
      vertex 19.2685 -11.1773 0.0222111
      vertex 11.9047 2.43342 0.0107412
      vertex 19.3453 -11.0727 0.0222111
    endloop
  endfacet
  facet normal 0.112001 -0.0822341 -0.9903
    outer loop
      vertex 20.3529 -11.8248 0.198623
      vertex 19.2685 -11.1773 0.0222111
      vertex 19.3453 -11.0727 0.0222111
    endloop
  endfacet
  facet normal 0.000905247 0.000200911 -1
    outer loop
      vertex 13.3417 7.88358 0.0126333
      vertex 12.1558 3.8093 0.0107412
      vertex 13.3067 8.04128 0.0126333
    endloop
  endfacet
  facet normal 0.000152339 2.78048e-05 -1
    outer loop
      vertex 12.1946 3.59672 0.0107412
      vertex -10.2342 12.1982 0.00756359
      vertex 12.1558 3.8093 0.0107412
    endloop
  endfacet
  facet normal 0.0951463 0.0286858 -0.99505
    outer loop
      vertex 17.527 10.5798 0.0279379
      vertex 17.4623 10.7944 0.0279379
      vertex 19.5239 11.6534 0.249831
    endloop
  endfacet
  facet normal 0.0951434 0.0286912 -0.99505
    outer loop
      vertex 19.7156 11.0177 0.249831
      vertex 17.527 10.5798 0.0279379
      vertex 19.5239 11.6534 0.249831
    endloop
  endfacet
  facet normal 0.000577871 0.00029203 -1
    outer loop
      vertex 13.264 8.17069 0.0126333
      vertex 12.008 4.17694 0.0107412
      vertex 13.2154 8.26686 0.0126333
    endloop
  endfacet
  facet normal 0.000449913 0.000329805 -1
    outer loop
      vertex 12.008 4.17694 0.0107412
      vertex 11.9047 4.31786 0.0107412
      vertex 13.2154 8.26686 0.0126333
    endloop
  endfacet
  facet normal 0.00209389 0.000171621 -0.999998
    outer loop
      vertex 13.3837 7.50846 0.0126333
      vertex 13.3677 7.70367 0.0126333
      vertex 19.4494 -10.6893 0.0222111
    endloop
  endfacet
  facet normal 0.00301301 0.000994171 -0.999995
    outer loop
      vertex 13.3067 8.04128 0.0126333
      vertex 13.264 8.17069 0.0126333
      vertex 17.2973 6.14977 0.0227766
    endloop
  endfacet
  facet normal -0.000825501 9.76064e-05 -1
    outer loop
      vertex -22.5299 -0.916113 0.00752735
      vertex -24.5132 12.1592 0.0104408
      vertex -24.4944 12.3182 0.0104408
    endloop
  endfacet
  facet normal -0.0470731 -0.031639 -0.99839
    outer loop
      vertex -22.594 -3.57464 0.0673189
      vertex -22.7508 -3.34135 0.0673189
      vertex -22.4171 -1.95107 0.00752735
    endloop
  endfacet
  facet normal -0.130731 -0.0572558 -0.989763
    outer loop
      vertex -22.7508 -3.34135 0.0673189
      vertex -23.0652 -4.65096 0.184604
      vertex -22.8883 -3.0274 0.0673189
    endloop
  endfacet
  facet normal -0.155578 -0.104557 -0.982275
    outer loop
      vertex -23.0055 -6.33942 0.354874
      vertex -23.0652 -4.65096 0.184604
      vertex -22.8106 -5.0298 0.184604
    endloop
  endfacet
  facet normal -0.0964265 -0.114204 -0.988767
    outer loop
      vertex -22.5343 -5.26309 0.184604
      vertex -23.0055 -6.33942 0.354874
      vertex -22.8106 -5.0298 0.184604
    endloop
  endfacet
  facet normal -0.250657 -0.0739185 -0.96525
    outer loop
      vertex -23.2884 -4.14113 0.184604
      vertex -23.6485 -5.14347 0.354874
      vertex -23.4716 -3.5199 0.184604
    endloop
  endfacet
  facet normal -0.180554 -0.034667 -0.982954
    outer loop
      vertex -23.0011 -2.64485 0.0673189
      vertex -23.4716 -3.5199 0.184604
      vertex -23.0849 -2.2084 0.0673189
    endloop
  endfacet
  facet normal -0.42347 -0.0574383 -0.904087
    outer loop
      vertex -24.4783 -3.81493 0.571588
      vertex -26.1683 9.8944 0.492197
      vertex -24.0782 -3.3536 0.354874
    endloop
  endfacet
  facet normal -0.404132 -0.0776207 -0.911401
    outer loop
      vertex -23.895 -4.30743 0.354874
      vertex -24.2551 -4.97717 0.571588
      vertex -24.0782 -3.3536 0.354874
    endloop
  endfacet
  facet normal -0.309246 -0.366249 -0.877627
    outer loop
      vertex -22.7845 -8.76465 0.826415
      vertex -23.3911 -8.93095 1.10956
      vertex -23.3014 -8.3282 0.826415
    endloop
  endfacet
  facet normal -0.326179 -0.219248 -0.919531
    outer loop
      vertex -23.3014 -8.3282 0.826415
      vertex -23.7778 -7.61945 0.826415
      vertex -23.1712 -7.45315 0.571588
    endloop
  endfacet
  facet normal -0.0770517 -0.0227254 -0.996768
    outer loop
      vertex -22.4635 -1.84507 0.00752735
      vertex -23.0011 -2.64485 0.0673189
      vertex -22.5016 -1.71589 0.00752735
    endloop
  endfacet
  facet normal -0.0770575 -0.0227214 -0.996768
    outer loop
      vertex -22.8883 -3.0274 0.0673189
      vertex -23.0011 -2.64485 0.0673189
      vertex -22.4635 -1.84507 0.00752735
    endloop
  endfacet
  facet normal -0.001196 4.24317e-05 -0.999999
    outer loop
      vertex -22.5532 -1.24232 0.00752735
      vertex -24.5196 11.9939 0.0104408
      vertex -22.5473 -1.07602 0.00752735
    endloop
  endfacet
  facet normal -0.000268312 0.000180528 -1
    outer loop
      vertex -22.4171 -0.533561 0.00752735
      vertex -24.3725 12.6987 0.0104408
      vertex -22.3641 -0.454789 0.00752735
    endloop
  endfacet
  facet normal 2.32565e-06 6.85958e-07 -1
    outer loop
      vertex -21.9923 -0.768742 0.00752735
      vertex -22.0304 -0.639569 0.00752735
      vertex -10.2342 12.1982 0.00756359
    endloop
  endfacet
  facet normal -2.41713e-07 2.94857e-06 -1
    outer loop
      vertex -11.1291 12.8122 0.00756359
      vertex -22.2469 -0.389903 0.00752735
      vertex -11.3072 12.7976 0.00756359
    endloop
  endfacet
  facet normal 2.10606e-07 2.56766e-06 -1
    outer loop
      vertex -10.9511 12.7976 0.00756359
      vertex -22.2469 -0.389903 0.00752735
      vertex -11.1291 12.8122 0.00756359
    endloop
  endfacet
  facet normal 0.174198 -0.270271 0.946894
    outer loop
      vertex 16.5581 -15.6719 11.6687
      vertex 16.3541 -18.1693 10.9934
      vertex 17.5241 -17.4152 10.9934
    endloop
  endfacet
  facet normal 0.245455 -0.380828 0.891471
    outer loop
      vertex 17.5241 -17.4152 10.9934
      vertex 16.3541 -18.1693 10.9934
      vertex 18.3456 -18.8977 10.1339
    endloop
  endfacet
  facet normal 6.1032e-07 2.2247e-06 -1
    outer loop
      vertex -22.1872 -0.406281 0.00752735
      vertex -22.2469 -0.389903 0.00752735
      vertex -10.7799 12.7541 0.00756359
    endloop
  endfacet
  facet normal -8.85389e-07 3.48253e-06 -1
    outer loop
      vertex -11.3072 12.7976 0.00756359
      vertex -22.2469 -0.389903 0.00752735
      vertex -11.4783 12.7541 0.00756359
    endloop
  endfacet
  facet normal -0.00309647 -0.00578527 -0.999978
    outer loop
      vertex -12.565 -10.1681 0.0241642
      vertex -22.3067 -2.07835 0.00752735
      vertex -12.4387 -10.2357 0.0241642
    endloop
  endfacet
  facet normal -0.0628557 -0.117436 -0.991089
    outer loop
      vertex -12.4387 -10.2357 0.0241642
      vertex -12.9871 -11.5619 0.216088
      vertex -12.565 -10.1681 0.0241642
    endloop
  endfacet
  facet normal 1.81025e-06 1.15697e-06 -1
    outer loop
      vertex -10.2861 12.3413 0.00756359
      vertex -22.0768 -0.533561 0.00752735
      vertex -10.3704 12.4732 0.00756359
    endloop
  endfacet
  facet normal 2.20274e-06 7.98897e-07 -1
    outer loop
      vertex -10.2342 12.1982 0.00756359
      vertex -22.0304 -0.639569 0.00752735
      vertex -10.2861 12.3413 0.00756359
    endloop
  endfacet
  facet normal 1.33691e-06 1.58473e-06 -1
    outer loop
      vertex -22.1297 -0.454789 0.00752735
      vertex -22.1872 -0.406281 0.00752735
      vertex -10.4839 12.5888 0.00756359
    endloop
  endfacet
  facet normal 1.48206e-06 1.45514e-06 -1
    outer loop
      vertex -10.3704 12.4732 0.00756359
      vertex -22.1297 -0.454789 0.00752735
      vertex -10.4839 12.5888 0.00756359
    endloop
  endfacet
  facet normal 0.000123897 -4.49354e-05 -1
    outer loop
      vertex 12.0928 2.74607 0.0107412
      vertex -10.2861 11.7574 0.00756359
      vertex -10.2342 11.9005 0.00756359
    endloop
  endfacet
  facet normal 5.32088e-06 -1.92979e-06 -1
    outer loop
      vertex -10.2861 11.7574 0.00756359
      vertex -22.0304 -1.84507 0.00752735
      vertex -10.2342 11.9005 0.00756359
    endloop
  endfacet
  facet normal -0.00200416 -7.75489e-05 -0.999998
    outer loop
      vertex -24.5132 11.8285 0.0104408
      vertex -24.5196 11.9939 0.0104408
      vertex -22.5473 -1.40862 0.00752735
    endloop
  endfacet
  facet normal -0.000469523 0.000150657 -1
    outer loop
      vertex -22.4635 -0.639569 0.00752735
      vertex -24.4638 12.4648 0.0104408
      vertex -24.4226 12.5932 0.0104408
    endloop
  endfacet
  facet normal 0.144059 -0.0127153 -0.989487
    outer loop
      vertex 20.626 -11.0881 0.198623
      vertex 19.4376 -10.824 0.0222111
      vertex 20.6612 -10.6893 0.198623
    endloop
  endfacet
  facet normal 0.000125742 -4.04357e-05 -1
    outer loop
      vertex 12.0928 2.74607 0.0107412
      vertex -10.2342 11.9005 0.00756359
      vertex 12.1558 2.94198 0.0107412
    endloop
  endfacet
  facet normal 0.0989485 0.00970431 -0.995045
    outer loop
      vertex 17.5489 10.3565 0.0279379
      vertex 17.527 10.5798 0.0279379
      vertex 19.7803 10.3565 0.249831
    endloop
  endfacet
  facet normal 0.0352952 0.00346156 -0.999371
    outer loop
      vertex 19.4376 -10.5547 0.0222111
      vertex 17.527 10.5798 0.0279379
      vertex 17.5489 10.3565 0.0279379
    endloop
  endfacet
  facet normal 0.000827165 -0.000395902 -1
    outer loop
      vertex 19.3453 -11.0727 0.0222111
      vertex 12.0928 2.74607 0.0107412
      vertex 19.4024 -10.9534 0.0222111
    endloop
  endfacet
  facet normal 0.000161363 5.18905e-05 -1
    outer loop
      vertex 12.1558 3.8093 0.0107412
      vertex -10.2342 12.1982 0.00756359
      vertex 12.0928 4.00521 0.0107412
    endloop
  endfacet
  facet normal 0.144048 -0.0126189 -0.98949
    outer loop
      vertex 20.6612 -10.6893 0.198623
      vertex 19.4376 -10.824 0.0222111
      vertex 19.4494 -10.6893 0.0222111
    endloop
  endfacet
  facet normal 0.00117107 -0.000213743 -0.999999
    outer loop
      vertex 19.4376 -10.824 0.0222111
      vertex 12.1558 2.94198 0.0107412
      vertex 12.1946 3.15456 0.0107412
    endloop
  endfacet
  facet normal -9.73584e-07 3.55479e-06 -1
    outer loop
      vertex -22.2469 -0.389903 0.00752735
      vertex -22.3067 -0.406281 0.00752735
      vertex -11.4783 12.7541 0.00756359
    endloop
  endfacet
  facet normal 8.87246e-07 1.98466e-06 -1
    outer loop
      vertex -10.6222 12.6836 0.00756359
      vertex -22.1872 -0.406281 0.00752735
      vertex -10.7799 12.7541 0.00756359
    endloop
  endfacet
  facet normal -0.0470349 -0.0316432 -0.998392
    outer loop
      vertex -22.3641 -2.02985 0.00752735
      vertex -22.594 -3.57464 0.0673189
      vertex -22.4171 -1.95107 0.00752735
    endloop
  endfacet
  facet normal -0.0290215 -0.0343471 -0.998989
    outer loop
      vertex -22.3067 -2.07835 0.00752735
      vertex -22.594 -3.57464 0.0673189
      vertex -22.3641 -2.02985 0.00752735
    endloop
  endfacet
  facet normal -0.326175 -0.21926 -0.91953
    outer loop
      vertex -23.1712 -7.45315 0.571588
      vertex -23.7778 -7.61945 0.826415
      vertex -23.5888 -6.83192 0.571588
    endloop
  endfacet
  facet normal -0.49742 -0.146632 -0.855028
    outer loop
      vertex -24.1954 -6.66562 0.826415
      vertex -24.2551 -4.97717 0.571588
      vertex -23.9548 -5.99588 0.571588
    endloop
  endfacet
  facet normal -0.227899 -0.153197 -0.961557
    outer loop
      vertex -23.1712 -7.45315 0.571588
      vertex -23.5888 -6.83192 0.571588
      vertex -23.0055 -6.33942 0.354874
    endloop
  endfacet
  facet normal -0.670723 -0.19777 -0.714855
    outer loop
      vertex -24.1954 -6.66562 0.826415
      vertex -24.733 -5.86584 1.10956
      vertex -24.5381 -5.50338 0.826415
    endloop
  endfacet
  facet normal -0.549838 -0.105592 -0.82857
    outer loop
      vertex -24.2551 -4.97717 0.571588
      vertex -24.7927 -4.17739 0.826415
      vertex -24.4783 -3.81493 0.571588
    endloop
  endfacet
  facet normal -0.571942 -0.0779884 -0.816578
    outer loop
      vertex -24.7927 -4.17739 0.826415
      vertex -26.6009 9.43566 0.792769
      vertex -24.4783 -3.81493 0.571588
    endloop
  endfacet
  facet normal 3.96356e-06 -7.61137e-07 -1
    outer loop
      vertex -10.2342 11.9005 0.00756359
      vertex -21.9923 -1.71589 0.00752735
      vertex -21.964 -1.56852 0.00752735
    endloop
  endfacet
  facet normal 1.77289e-06 1.1906e-06 -1
    outer loop
      vertex -22.0768 -0.533561 0.00752735
      vertex -22.1297 -0.454789 0.00752735
      vertex -10.3704 12.4732 0.00756359
    endloop
  endfacet
  facet normal -7.48002e-06 8.85118e-06 -1
    outer loop
      vertex -22.3067 -0.406281 0.00752735
      vertex -22.3641 -0.454789 0.00752735
      vertex -11.7744 12.5888 0.00756359
    endloop
  endfacet
  facet normal -4.30112e-06 6.27473e-06 -1
    outer loop
      vertex -11.6361 12.6836 0.00756359
      vertex -22.3067 -0.406281 0.00752735
      vertex -11.7744 12.5888 0.00756359
    endloop
  endfacet
  facet normal 3.22061e-06 -1.14261e-07 -1
    outer loop
      vertex -10.2166 12.0493 0.00756359
      vertex -21.9466 -1.40862 0.00752735
      vertex -21.9407 -1.24232 0.00752735
    endloop
  endfacet
  facet normal 0.00028375 0.000384719 -1
    outer loop
      vertex 11.7868 4.42258 0.0107412
      vertex -10.4839 12.5888 0.00756359
      vertex 13.1625 8.32607 0.0126333
    endloop
  endfacet
  facet normal 0.000242998 0.000273582 -1
    outer loop
      vertex 11.9047 4.31786 0.0107412
      vertex -10.4839 12.5888 0.00756359
      vertex 11.7868 4.42258 0.0107412
    endloop
  endfacet
  facet normal 0.000115845 -6.43585e-05 -1
    outer loop
      vertex -10.4957 -6.65354 0.00872421
      vertex -10.5529 -6.7565 0.00872421
      vertex -10.2861 11.7574 0.00756359
    endloop
  endfacet
  facet normal 0.000100349 -6.41352e-05 -1
    outer loop
      vertex -10.2861 11.7574 0.00756359
      vertex -10.5529 -6.7565 0.00872421
      vertex -10.3704 11.6255 0.00756359
    endloop
  endfacet
  facet normal 0 0 -1
    outer loop
      vertex -22.5532 -1.24232 0.00752735
      vertex -21.9407 -1.24232 0.00752735
      vertex -21.9466 -1.40862 0.00752735
    endloop
  endfacet
  facet normal 0 0 -1
    outer loop
      vertex -22.5473 -1.40862 0.00752735
      vertex -21.9466 -1.40862 0.00752735
      vertex -21.964 -1.56852 0.00752735
    endloop
  endfacet
  facet normal 0 0 -1
    outer loop
      vertex -21.9407 -1.24232 0.00752735
      vertex -22.5532 -1.24232 0.00752735
      vertex -21.9466 -1.07602 0.00752735
    endloop
  endfacet
  facet normal 0 0 -1
    outer loop
      vertex -22.5299 -1.56852 0.00752735
      vertex -21.964 -1.56852 0.00752735
      vertex -21.9923 -1.71589 0.00752735
    endloop
  endfacet
  facet normal 0 -0 -1
    outer loop
      vertex -22.5473 -1.07602 0.00752735
      vertex -21.9466 -1.07602 0.00752735
      vertex -22.5532 -1.24232 0.00752735
    endloop
  endfacet
  facet normal 0 0 -1
    outer loop
      vertex -22.5016 -1.71589 0.00752735
      vertex -21.9923 -1.71589 0.00752735
      vertex -22.0304 -1.84507 0.00752735
    endloop
  endfacet
  facet normal 0 0 -1
    outer loop
      vertex -21.9466 -1.07602 0.00752735
      vertex -22.5473 -1.07602 0.00752735
      vertex -21.964 -0.916113 0.00752735
    endloop
  endfacet
  facet normal 0 0 -1
    outer loop
      vertex -22.4635 -1.84507 0.00752735
      vertex -22.0304 -1.84507 0.00752735
      vertex -22.0768 -1.95107 0.00752735
    endloop
  endfacet
  facet normal 0 -0 -1
    outer loop
      vertex -22.5299 -0.916113 0.00752735
      vertex -21.964 -0.916113 0.00752735
      vertex -22.5473 -1.07602 0.00752735
    endloop
  endfacet
  facet normal 0 0 -1
    outer loop
      vertex -22.4171 -1.95107 0.00752735
      vertex -22.0768 -1.95107 0.00752735
      vertex -22.1297 -2.02985 0.00752735
    endloop
  endfacet
  facet normal 0 0 -1
    outer loop
      vertex -21.964 -0.916113 0.00752735
      vertex -22.5299 -0.916113 0.00752735
      vertex -21.9923 -0.768742 0.00752735
    endloop
  endfacet
  facet normal 0 0 -1
    outer loop
      vertex -22.3641 -2.02985 0.00752735
      vertex -22.1297 -2.02985 0.00752735
      vertex -22.1872 -2.07835 0.00752735
    endloop
  endfacet
  facet normal 0 -0 -1
    outer loop
      vertex -22.5016 -0.768742 0.00752735
      vertex -21.9923 -0.768742 0.00752735
      vertex -22.5299 -0.916113 0.00752735
    endloop
  endfacet
  facet normal 0 0 -1
    outer loop
      vertex -22.3067 -2.07835 0.00752735
      vertex -22.1872 -2.07835 0.00752735
      vertex -22.2469 -2.09473 0.00752735
    endloop
  endfacet
  facet normal 0 0 -1
    outer loop
      vertex -21.9923 -0.768742 0.00752735
      vertex -22.5016 -0.768742 0.00752735
      vertex -22.0304 -0.639569 0.00752735
    endloop
  endfacet
  facet normal 0 0 -1
    outer loop
      vertex -22.1872 -2.07835 0.00752735
      vertex -22.3067 -2.07835 0.00752735
      vertex -22.3641 -2.02985 0.00752735
    endloop
  endfacet
  facet normal 0 -0 -1
    outer loop
      vertex -22.4635 -0.639569 0.00752735
      vertex -22.0304 -0.639569 0.00752735
      vertex -22.5016 -0.768742 0.00752735
    endloop
  endfacet
  facet normal 0 0 -1
    outer loop
      vertex -22.1297 -2.02985 0.00752735
      vertex -22.3641 -2.02985 0.00752735
      vertex -22.4171 -1.95107 0.00752735
    endloop
  endfacet
  facet normal 0 0 -1
    outer loop
      vertex -22.0304 -0.639569 0.00752735
      vertex -22.4635 -0.639569 0.00752735
      vertex -22.0768 -0.533561 0.00752735
    endloop
  endfacet
  facet normal 0 0 -1
    outer loop
      vertex -22.0768 -1.95107 0.00752735
      vertex -22.4171 -1.95107 0.00752735
      vertex -22.4635 -1.84507 0.00752735
    endloop
  endfacet
  facet normal 0 -0 -1
    outer loop
      vertex -22.4171 -0.533561 0.00752735
      vertex -22.0768 -0.533561 0.00752735
      vertex -22.4635 -0.639569 0.00752735
    endloop
  endfacet
  facet normal 0 0 -1
    outer loop
      vertex -22.0304 -1.84507 0.00752735
      vertex -22.4635 -1.84507 0.00752735
      vertex -22.5016 -1.71589 0.00752735
    endloop
  endfacet
  facet normal 0 0 -1
    outer loop
      vertex -21.9466 -1.40862 0.00752735
      vertex -22.5473 -1.40862 0.00752735
      vertex -22.5532 -1.24232 0.00752735
    endloop
  endfacet
  facet normal 0 0 -1
    outer loop
      vertex -21.9923 -1.71589 0.00752735
      vertex -22.5016 -1.71589 0.00752735
      vertex -22.5299 -1.56852 0.00752735
    endloop
  endfacet
  facet normal 0 0 -1
    outer loop
      vertex -21.964 -1.56852 0.00752735
      vertex -22.5299 -1.56852 0.00752735
      vertex -22.5473 -1.40862 0.00752735
    endloop
  endfacet
  facet normal 0 0 -1
    outer loop
      vertex -22.0768 -0.533561 0.00752735
      vertex -22.4171 -0.533561 0.00752735
      vertex -22.1297 -0.454789 0.00752735
    endloop
  endfacet
  facet normal 0 -0 -1
    outer loop
      vertex -22.3641 -0.454789 0.00752735
      vertex -22.1297 -0.454789 0.00752735
      vertex -22.4171 -0.533561 0.00752735
    endloop
  endfacet
  facet normal 0 0 -1
    outer loop
      vertex -22.1872 -0.406281 0.00752735
      vertex -22.3067 -0.406281 0.00752735
      vertex -22.2469 -0.389903 0.00752735
    endloop
  endfacet
  facet normal 0 -0 -1
    outer loop
      vertex -22.3067 -0.406281 0.00752735
      vertex -22.1872 -0.406281 0.00752735
      vertex -22.3641 -0.454789 0.00752735
    endloop
  endfacet
  facet normal 0 0 -1
    outer loop
      vertex -22.1297 -0.454789 0.00752735
      vertex -22.3641 -0.454789 0.00752735
      vertex -22.1872 -0.406281 0.00752735
    endloop
  endfacet
  facet normal 0.000132262 -2.41404e-05 -1
    outer loop
      vertex 12.1558 2.94198 0.0107412
      vertex -10.2342 11.9005 0.00756359
      vertex 12.1946 3.15456 0.0107412
    endloop
  endfacet
  facet normal 0.144055 0.00843731 -0.989534
    outer loop
      vertex 20.6612 -10.6893 0.198623
      vertex 19.4494 -10.6893 0.0222111
      vertex 19.7803 10.3565 0.249831
    endloop
  endfacet
  facet normal 0.000980598 0.000178978 -1
    outer loop
      vertex 12.1946 3.59672 0.0107412
      vertex 12.1558 3.8093 0.0107412
      vertex 13.3417 7.88358 0.0126333
    endloop
  endfacet
  facet normal 0.000753283 0.000242238 -1
    outer loop
      vertex 12.1558 3.8093 0.0107412
      vertex 12.0928 4.00521 0.0107412
      vertex 13.3067 8.04128 0.0126333
    endloop
  endfacet
  facet normal 0.00171594 4.56411e-05 -0.999999
    outer loop
      vertex 13.3891 7.30544 0.0126333
      vertex 13.3837 7.50846 0.0126333
      vertex 19.4494 -10.6893 0.0222111
    endloop
  endfacet
  facet normal 0.000148403 1.75412e-05 -1
    outer loop
      vertex -10.2166 12.0493 0.00756359
      vertex -10.2342 12.1982 0.00756359
      vertex 12.1946 3.59672 0.0107412
    endloop
  endfacet
  facet normal 0.138547 -0.0376181 -0.989641
    outer loop
      vertex 20.5219 -11.4715 0.198623
      vertex 19.4376 -10.824 0.0222111
      vertex 20.626 -11.0881 0.198623
    endloop
  endfacet
  facet normal 0.000979076 -0.000314847 -0.999999
    outer loop
      vertex 19.4024 -10.9534 0.0222111
      vertex 12.0928 2.74607 0.0107412
      vertex 12.1558 2.94198 0.0107412
    endloop
  endfacet
  facet normal -0.471078 -0.316644 -0.823299
    outer loop
      vertex -23.3911 -8.93095 1.10956
      vertex -23.7778 -7.61945 0.826415
      vertex -23.3014 -8.3282 0.826415
    endloop
  endfacet
  facet normal -0.470989 -0.31663 -0.823356
    outer loop
      vertex -23.3911 -8.93095 1.10956
      vertex -23.9081 -8.16191 1.10956
      vertex -23.7778 -7.61945 0.826415
    endloop
  endfacet
  facet normal -0.42337 -0.185342 -0.886795
    outer loop
      vertex -23.7778 -7.61945 0.826415
      vertex -23.9548 -5.99588 0.571588
      vertex -23.5888 -6.83192 0.571588
    endloop
  endfacet
  facet normal -0.301212 -0.131864 -0.944396
    outer loop
      vertex -23.5888 -6.83192 0.571588
      vertex -23.9548 -5.99588 0.571588
      vertex -23.6485 -5.14347 0.354874
    endloop
  endfacet
  facet normal 0.00284061 0.000630447 -0.999996
    outer loop
      vertex 13.3417 7.88358 0.0126333
      vertex 13.3067 8.04128 0.0126333
      vertex 17.2973 6.14977 0.0227766
    endloop
  endfacet
  facet normal 0.0027377 0.000395643 -0.999996
    outer loop
      vertex 13.3677 7.70367 0.0126333
      vertex 13.3417 7.88358 0.0126333
      vertex 17.2973 6.14977 0.0227766
    endloop
  endfacet
  facet normal 0.000145028 8.59356e-06 -1
    outer loop
      vertex 12.2077 3.37564 0.0107412
      vertex -10.2166 12.0493 0.00756359
      vertex 12.1946 3.59672 0.0107412
    endloop
  endfacet
  facet normal 0.00159039 3.36065e-06 -0.999999
    outer loop
      vertex 19.4494 -10.6893 0.0222111
      vertex 12.2077 3.37564 0.0107412
      vertex 13.3891 7.30544 0.0126333
    endloop
  endfacet
  facet normal 0.138512 -0.0376786 -0.989644
    outer loop
      vertex 20.5219 -11.4715 0.198623
      vertex 19.4024 -10.9534 0.0222111
      vertex 19.4376 -10.824 0.0222111
    endloop
  endfacet
  facet normal 0.127719 -0.0610942 -0.989927
    outer loop
      vertex 20.3529 -11.8248 0.198623
      vertex 19.4024 -10.9534 0.0222111
      vertex 20.5219 -11.4715 0.198623
    endloop
  endfacet
  facet normal 0.00214304 0.000187875 -0.999998
    outer loop
      vertex 19.4494 -10.6893 0.0222111
      vertex 13.3677 7.70367 0.0126333
      vertex 19.4376 -10.5547 0.0222111
    endloop
  endfacet
  facet normal 0.104036 0.00912057 -0.994532
    outer loop
      vertex 19.4494 -10.6893 0.0222111
      vertex 19.4376 -10.5547 0.0222111
      vertex 19.7803 10.3565 0.249831
    endloop
  endfacet
  facet normal -0.423333 -0.185341 -0.886814
    outer loop
      vertex -23.7778 -7.61945 0.826415
      vertex -24.1954 -6.66562 0.826415
      vertex -23.9548 -5.99588 0.571588
    endloop
  endfacet
  facet normal -0.589475 -0.25808 -0.76545
    outer loop
      vertex -23.7778 -7.61945 0.826415
      vertex -24.3611 -7.12694 1.10956
      vertex -24.1954 -6.66562 0.826415
    endloop
  endfacet
  facet normal 0.0014204 -8.41652e-05 -0.999999
    outer loop
      vertex 19.4494 -10.6893 0.0222111
      vertex 12.1946 3.15456 0.0107412
      vertex 12.2077 3.37564 0.0107412
    endloop
  endfacet
  facet normal 0.000138529 -8.20847e-06 -1
    outer loop
      vertex 12.1946 3.15456 0.0107412
      vertex -10.2166 12.0493 0.00756359
      vertex 12.2077 3.37564 0.0107412
    endloop
  endfacet
  facet normal 0.00133163 7.89052e-05 -0.999999
    outer loop
      vertex 12.2077 3.37564 0.0107412
      vertex 12.1946 3.59672 0.0107412
      vertex 13.3837 7.50846 0.0126333
    endloop
  endfacet
  facet normal 0.00125328 0.000102723 -0.999999
    outer loop
      vertex 13.3837 7.50846 0.0126333
      vertex 12.1946 3.59672 0.0107412
      vertex 13.3677 7.70367 0.0126333
    endloop
  endfacet
  facet normal 0 0 1
    outer loop
      vertex 2.32021 9.91669 5.6
      vertex 1.11191 8.16669 5.6
      vertex 2.32021 8.7222 5.6
    endloop
  endfacet
  facet normal 0 0 1
    outer loop
      vertex 1.11191 8.16669 5.6
      vertex -0.985275 8.16669 5.6
      vertex 1.11191 1.75 5.6
    endloop
  endfacet
  facet normal 0 0 1
    outer loop
      vertex 2.32021 9.91669 5.6
      vertex -0.985275 8.16669 5.6
      vertex 1.11191 8.16669 5.6
    endloop
  endfacet
  facet normal -0 0 1
    outer loop
      vertex -2.19368 9.91669 5.6
      vertex -0.985275 8.16669 5.6
      vertex 2.32021 9.91669 5.6
    endloop
  endfacet
  facet normal 0 0 1
    outer loop
      vertex -0.985275 8.16669 5.6
      vertex -2.19368 9.91669 5.6
      vertex -2.19368 8.7222 5.6
    endloop
  endfacet
  facet normal 0 0 1
    outer loop
      vertex 1.11191 1.75 5.6
      vertex 2.32021 0 5.6
      vertex 2.32021 1.1944 5.6
    endloop
  endfacet
  facet normal 0 0 1
    outer loop
      vertex -0.985275 1.75 5.6
      vertex 1.11191 1.75 5.6
      vertex -0.985275 8.16669 5.6
    endloop
  endfacet
  facet normal -0 0 1
    outer loop
      vertex -0.985275 1.75 5.6
      vertex 2.32021 0 5.6
      vertex 1.11191 1.75 5.6
    endloop
  endfacet
  facet normal 0 0 1
    outer loop
      vertex -2.19368 0 5.6
      vertex -0.985275 1.75 5.6
      vertex -2.19368 1.1944 5.6
    endloop
  endfacet
  facet normal 0 0 1
    outer loop
      vertex -0.985275 1.75 5.6
      vertex -2.19368 0 5.6
      vertex 2.32021 0 5.6
    endloop
  endfacet
  facet normal -0.41777 -0.908553 0
    outer loop
      vertex 1.11191 1.75 5.6
      vertex 2.32021 1.1944 13.4551
      vertex 1.11191 1.75 13.4861
    endloop
  endfacet
  facet normal -0.41777 -0.908553 -0
    outer loop
      vertex 2.32021 1.1944 13.4551
      vertex 1.11191 1.75 5.6
      vertex 2.32021 1.1944 5.6
    endloop
  endfacet
  facet normal -1 0 0
    outer loop
      vertex 1.11191 8.16669 5.6
      vertex 1.11191 6.99201 13.3038
      vertex 1.11191 8.16669 12.9965
    endloop
  endfacet
  facet normal -1 0 0
    outer loop
      vertex 1.11191 8.16669 5.6
      vertex 1.11191 6.98529 13.305
      vertex 1.11191 6.99201 13.3038
    endloop
  endfacet
  facet normal -1 0 0
    outer loop
      vertex 1.11191 8.16669 5.6
      vertex 1.11191 5.41611 13.5021
      vertex 1.11191 6.98529 13.305
    endloop
  endfacet
  facet normal -1 0 0
    outer loop
      vertex 1.11191 5.33427 13.5066
      vertex 1.11191 5.41611 13.5021
      vertex 1.11191 8.16669 5.6
    endloop
  endfacet
  facet normal -1 -0 -0
    outer loop
      vertex 1.11191 5.37989 13.5046
      vertex 1.11191 5.41611 13.5021
      vertex 1.11191 5.33427 13.5066
    endloop
  endfacet
  facet normal -1 0 0
    outer loop
      vertex 1.11191 5.41611 13.5021
      vertex 1.11191 5.37989 13.5046
      vertex 1.11191 5.40879 13.5028
    endloop
  endfacet
  facet normal -1 0 0
    outer loop
      vertex 1.11191 5.37989 13.5046
      vertex 1.11191 5.35292 13.506
      vertex 1.11191 5.3683 13.5053
    endloop
  endfacet
  facet normal -1 0 0
    outer loop
      vertex 1.11191 5.37989 13.5046
      vertex 1.11191 5.33427 13.5066
      vertex 1.11191 5.35292 13.506
    endloop
  endfacet
  facet normal -1 0 0
    outer loop
      vertex 1.11191 8.16669 5.6
      vertex 1.11191 5.27606 13.5083
      vertex 1.11191 5.33427 13.5066
    endloop
  endfacet
  facet normal -1 0 0
    outer loop
      vertex 1.11191 8.16669 5.6
      vertex 1.11191 5.25458 13.5088
      vertex 1.11191 5.27606 13.5083
    endloop
  endfacet
  facet normal -1 0 0
    outer loop
      vertex 1.11191 8.16669 5.6
      vertex 1.11191 5.17021 13.5104
      vertex 1.11191 5.25458 13.5088
    endloop
  endfacet
  facet normal -1 0 0
    outer loop
      vertex 1.11191 8.16669 5.6
      vertex 1.11191 5.14672 13.5108
      vertex 1.11191 5.17021 13.5104
    endloop
  endfacet
  facet normal -1 0 0
    outer loop
      vertex 1.11191 8.16669 5.6
      vertex 1.11191 5.0398 13.5122
      vertex 1.11191 5.14672 13.5108
    endloop
  endfacet
  facet normal -1 0 0
    outer loop
      vertex 1.11191 8.16669 5.6
      vertex 1.11191 5.01524 13.5124
      vertex 1.11191 5.0398 13.5122
    endloop
  endfacet
  facet normal -1 0 0
    outer loop
      vertex 1.11191 1.75 5.6
      vertex 1.11191 5.01524 13.5124
      vertex 1.11191 8.16669 5.6
    endloop
  endfacet
  facet normal -1 -0 0
    outer loop
      vertex 1.11191 5.01524 13.5124
      vertex 1.11191 1.75 5.6
      vertex 1.11191 4.89003 13.5136
    endloop
  endfacet
  facet normal -1 -0 0
    outer loop
      vertex 1.11191 4.89003 13.5136
      vertex 1.11191 1.75 5.6
      vertex 1.11191 4.75143 13.5144
    endloop
  endfacet
  facet normal -1 -0 0
    outer loop
      vertex 1.11191 4.75143 13.5144
      vertex 1.11191 1.75 5.6
      vertex 1.11191 4.60441 13.515
    endloop
  endfacet
  facet normal -1 -0 0
    outer loop
      vertex 1.11191 4.60441 13.515
      vertex 1.11191 1.75 5.6
      vertex 1.11191 4.57952 13.515
    endloop
  endfacet
  facet normal -1 -0 0
    outer loop
      vertex 1.11191 4.57952 13.515
      vertex 1.11191 1.75 5.6
      vertex 1.11191 4.42926 13.5152
    endloop
  endfacet
  facet normal -1 0 0
    outer loop
      vertex 1.11191 4.42926 13.5152
      vertex 1.11191 1.75 5.6
      vertex 1.11191 4.28107 13.515
    endloop
  endfacet
  facet normal -1 -0 0
    outer loop
      vertex 1.11191 4.28107 13.515
      vertex 1.11191 1.75 5.6
      vertex 1.11191 4.25711 13.515
    endloop
  endfacet
  facet normal -1 0 0
    outer loop
      vertex 1.11191 4.25711 13.515
      vertex 1.11191 1.75 5.6
      vertex 1.11191 4.11623 13.5144
    endloop
  endfacet
  facet normal -1 0 0
    outer loop
      vertex 1.11191 4.11623 13.5144
      vertex 1.11191 1.75 5.6
      vertex 1.11191 3.98764 13.5136
    endloop
  endfacet
  facet normal -1 0 0
    outer loop
      vertex 1.11191 3.98764 13.5136
      vertex 1.11191 1.75 5.6
      vertex 1.11191 3.87599 13.5124
    endloop
  endfacet
  facet normal -1 0 0
    outer loop
      vertex 1.11191 3.87599 13.5124
      vertex 1.11191 1.75 5.6
      vertex 1.11191 3.85414 13.5122
    endloop
  endfacet
  facet normal -1 0 0
    outer loop
      vertex 1.11191 3.85414 13.5122
      vertex 1.11191 1.75 5.6
      vertex 1.11191 1.75 13.4861
    endloop
  endfacet
  facet normal -0.417714 0.908578 0
    outer loop
      vertex 1.11191 8.16669 5.6
      vertex 2.32021 8.7222 12.8885
      vertex 2.32021 8.7222 5.6
    endloop
  endfacet
  facet normal -0.417714 0.908578 0
    outer loop
      vertex 2.32021 8.7222 12.8885
      vertex 1.11191 8.16669 5.6
      vertex 1.11191 8.16669 12.9965
    endloop
  endfacet
  facet normal -1 0 0
    outer loop
      vertex 2.32021 8.7222 5.6
      vertex 2.32021 9.91669 12.5085
      vertex 2.32021 9.91669 5.6
    endloop
  endfacet
  facet normal -1 0 -0
    outer loop
      vertex 2.32021 9.84771 12.5319
      vertex 2.32021 9.91669 12.5085
      vertex 2.32021 8.7222 5.6
    endloop
  endfacet
  facet normal -1 0 0
    outer loop
      vertex 2.32021 9.91669 12.5085
      vertex 2.32021 9.84771 12.5319
      vertex 2.32021 9.90973 12.5111
    endloop
  endfacet
  facet normal -1 -0 0
    outer loop
      vertex 2.32021 9.84771 12.5319
      vertex 2.32021 8.7222 5.6
      vertex 2.32021 9.10832 12.7795
    endloop
  endfacet
  facet normal -1 0 -0
    outer loop
      vertex 2.32021 8.87049 12.8497
      vertex 2.32021 9.10832 12.7795
      vertex 2.32021 8.7222 5.6
    endloop
  endfacet
  facet normal -1 0 0
    outer loop
      vertex 2.32021 9.10832 12.7795
      vertex 2.32021 8.87049 12.8497
      vertex 2.32021 9.04219 12.8016
    endloop
  endfacet
  facet normal -1 -0 0
    outer loop
      vertex 2.32021 8.87049 12.8497
      vertex 2.32021 8.7222 5.6
      vertex 2.32021 8.7222 12.8885
    endloop
  endfacet
  facet normal 0 -1 0
    outer loop
      vertex 2.32021 9.91669 5.6
      vertex -2.19368 9.91669 12.2646
      vertex -2.19368 9.91669 5.6
    endloop
  endfacet
  facet normal 0 -1 0
    outer loop
      vertex -2.19368 9.91669 12.2646
      vertex 2.32021 9.91669 5.6
      vertex 2.32021 9.91669 12.5085
    endloop
  endfacet
  facet normal 1 0 0
    outer loop
      vertex -2.19368 8.7222 5.6
      vertex -2.19368 9.91669 12.2646
      vertex -2.19368 9.72666 12.3363
    endloop
  endfacet
  facet normal 1 0 0
    outer loop
      vertex -2.19368 8.7222 5.6
      vertex -2.19368 9.72666 12.3363
      vertex -2.19368 9.67868 12.3524
    endloop
  endfacet
  facet normal 1 0 0
    outer loop
      vertex -2.19368 8.7222 5.6
      vertex -2.19368 9.67868 12.3524
      vertex -2.19368 8.7222 12.6726
    endloop
  endfacet
  facet normal 1 0 0
    outer loop
      vertex -2.19368 9.91669 12.2646
      vertex -2.19368 8.7222 5.6
      vertex -2.19368 9.91669 5.6
    endloop
  endfacet
  facet normal 0.419058 0.907959 -0
    outer loop
      vertex -0.985275 8.16669 5.6
      vertex -0.98612 8.16708 12.9217
      vertex -0.985275 8.16669 12.9219
    endloop
  endfacet
  facet normal 0.417684 0.908593 -1.92373e-07
    outer loop
      vertex -0.98612 8.16708 12.9217
      vertex -0.985275 8.16669 5.6
      vertex -2.19368 8.7222 12.6726
    endloop
  endfacet
  facet normal 0.417684 0.908592 0
    outer loop
      vertex -2.19368 8.7222 12.6726
      vertex -0.985275 8.16669 5.6
      vertex -2.19368 8.7222 5.6
    endloop
  endfacet
  facet normal 1 0 0
    outer loop
      vertex -0.985275 8.11366 12.9395
      vertex -0.985275 8.16669 5.6
      vertex -0.985275 8.16669 12.9219
    endloop
  endfacet
  facet normal 1 0 0
    outer loop
      vertex -0.985275 7.78473 13.0318
      vertex -0.985275 8.16669 5.6
      vertex -0.985275 8.11366 12.9395
    endloop
  endfacet
  facet normal 1 0 0
    outer loop
      vertex -0.985275 6.49738 13.3685
      vertex -0.985275 8.16669 5.6
      vertex -0.985275 7.78473 13.0318
    endloop
  endfacet
  facet normal 1 0 0
    outer loop
      vertex -0.985275 6.48773 13.3702
      vertex -0.985275 8.16669 5.6
      vertex -0.985275 6.49738 13.3685
    endloop
  endfacet
  facet normal 1 0 0
    outer loop
      vertex -0.985275 5.12637 13.5412
      vertex -0.985275 8.16669 5.6
      vertex -0.985275 6.48773 13.3702
    endloop
  endfacet
  facet normal 1 0 0
    outer loop
      vertex -0.985275 5.09082 13.5438
      vertex -0.985275 5.12637 13.5412
      vertex -0.985275 5.11586 13.5422
    endloop
  endfacet
  facet normal 1 0 0
    outer loop
      vertex -0.985275 5.12637 13.5412
      vertex -0.985275 5.09082 13.5438
      vertex -0.985275 5.02587 13.5465
    endloop
  endfacet
  facet normal 1 0 0
    outer loop
      vertex -0.985275 5.05242 13.5457
      vertex -0.985275 5.09082 13.5438
      vertex -0.985275 5.07433 13.5448
    endloop
  endfacet
  facet normal 1 0 0
    outer loop
      vertex -0.985275 5.02587 13.5465
      vertex -0.985275 5.09082 13.5438
      vertex -0.985275 5.05242 13.5457
    endloop
  endfacet
  facet normal 1 0 0
    outer loop
      vertex -0.985275 5.12637 13.5412
      vertex -0.985275 5.02587 13.5465
      vertex -0.985275 1.75 5.6
    endloop
  endfacet
  facet normal 1 0 0
    outer loop
      vertex -0.985275 1.75 5.6
      vertex -0.985275 5.02587 13.5465
      vertex -0.985275 4.97566 13.5481
    endloop
  endfacet
  facet normal 1 0 0
    outer loop
      vertex -0.985275 1.75 5.6
      vertex -0.985275 4.97566 13.5481
      vertex -0.985275 4.94529 13.5488
    endloop
  endfacet
  facet normal 1 0 0
    outer loop
      vertex -0.985275 1.75 5.6
      vertex -0.985275 4.94529 13.5488
      vertex -0.985275 4.8726 13.5502
    endloop
  endfacet
  facet normal 1 0 0
    outer loop
      vertex -0.985275 1.75 5.6
      vertex -0.985275 4.8726 13.5502
      vertex -0.985275 4.83961 13.5507
    endloop
  endfacet
  facet normal 1 0 0
    outer loop
      vertex -0.985275 1.75 5.6
      vertex -0.985275 4.83961 13.5507
      vertex -0.985275 4.74757 13.5519
    endloop
  endfacet
  facet normal 1 0 0
    outer loop
      vertex -0.985275 1.75 5.6
      vertex -0.985275 4.74757 13.5519
      vertex -0.985275 4.71325 13.5522
    endloop
  endfacet
  facet normal 1 0 0
    outer loop
      vertex -0.985275 1.75 5.6
      vertex -0.985275 4.71325 13.5522
      vertex -0.985275 4.60551 13.5532
    endloop
  endfacet
  facet normal 1 0 0
    outer loop
      vertex -0.985275 1.75 5.6
      vertex -0.985275 4.60551 13.5532
      vertex -0.985275 4.48625 13.5539
    endloop
  endfacet
  facet normal 1 0 0
    outer loop
      vertex -0.985275 1.75 5.6
      vertex -0.985275 4.48625 13.5539
      vertex -0.985275 4.35975 13.5544
    endloop
  endfacet
  facet normal 1 0 0
    outer loop
      vertex -0.985275 1.75 5.6
      vertex -0.985275 4.35975 13.5544
      vertex -0.985275 4.32531 13.5545
    endloop
  endfacet
  facet normal 1 0 0
    outer loop
      vertex -0.985275 1.75 5.6
      vertex -0.985275 4.32531 13.5545
      vertex -0.985275 4.19603 13.5546
    endloop
  endfacet
  facet normal 1 0 0
    outer loop
      vertex -0.985275 1.75 5.6
      vertex -0.985275 4.19603 13.5546
      vertex -0.985275 4.06854 13.5545
    endloop
  endfacet
  facet normal 1 0 0
    outer loop
      vertex -0.985275 1.75 5.6
      vertex -0.985275 4.06854 13.5545
      vertex -0.985275 4.03539 13.5544
    endloop
  endfacet
  facet normal 1 0 0
    outer loop
      vertex -0.985275 1.75 5.6
      vertex -0.985275 4.03539 13.5544
      vertex -0.985275 3.91417 13.5539
    endloop
  endfacet
  facet normal 1 0 0
    outer loop
      vertex -0.985275 1.75 5.6
      vertex -0.985275 3.91417 13.5539
      vertex -0.985275 3.80352 13.5532
    endloop
  endfacet
  facet normal 1 0 0
    outer loop
      vertex -0.985275 1.75 5.6
      vertex -0.985275 3.80352 13.5532
      vertex -0.985275 3.70745 13.5522
    endloop
  endfacet
  facet normal 1 0 0
    outer loop
      vertex -0.985275 1.75 5.6
      vertex -0.985275 3.70745 13.5522
      vertex -0.985275 3.67694 13.5519
    endloop
  endfacet
  facet normal 1 0 0
    outer loop
      vertex -0.985275 1.75 5.6
      vertex -0.985275 3.67694 13.5519
      vertex -0.985275 1.75 13.528
    endloop
  endfacet
  facet normal 1 0 0
    outer loop
      vertex -0.985275 5.12637 13.5412
      vertex -0.985275 1.75 5.6
      vertex -0.985275 8.16669 5.6
    endloop
  endfacet
  facet normal 0.41774 -0.908566 0
    outer loop
      vertex -2.19368 1.1944 5.6
      vertex -0.985275 1.75 13.528
      vertex -2.19368 1.1944 13.5452
    endloop
  endfacet
  facet normal 0.41774 -0.908566 0
    outer loop
      vertex -0.985275 1.75 13.528
      vertex -2.19368 1.1944 5.6
      vertex -0.985275 1.75 5.6
    endloop
  endfacet
  facet normal 1 -0 0
    outer loop
      vertex -2.19368 0 13.5304
      vertex -2.19368 1.1944 5.6
      vertex -2.19368 1.1944 13.5452
    endloop
  endfacet
  facet normal 1 0 0
    outer loop
      vertex -2.19368 1.1944 5.6
      vertex -2.19368 0 13.5304
      vertex -2.19368 0 5.6
    endloop
  endfacet
  facet normal 0 1 0
    outer loop
      vertex -2.19368 0 5.6
      vertex 2.32021 0 13.4403
      vertex 2.32021 0 5.6
    endloop
  endfacet
  facet normal 0 1 0
    outer loop
      vertex 2.32021 0 13.4403
      vertex -2.19368 0 5.6
      vertex -2.19368 0 13.5304
    endloop
  endfacet
  facet normal -1 0 0
    outer loop
      vertex 2.32021 0 13.4403
      vertex 2.32021 1.1944 5.6
      vertex 2.32021 0 5.6
    endloop
  endfacet
  facet normal -1 0 0
    outer loop
      vertex 2.32021 1.1944 5.6
      vertex 2.32021 0 13.4403
      vertex 2.32021 1.1944 13.4551
    endloop
  endfacet
endsolid OpenSCAD_Model
